/*--------------------------------*- C++ -*----------------------------------*\
| =========                 |                                                 |
| \\      /  F ield         | OpenFOAM: The Open Source CFD Toolbox           |
|  \\    /   O peration     | Version:  2512                                  |
|   \\  /    A nd           | Website:  www.openfoam.com                      |
|    \\/     M anipulation  |                                                 |
\*---------------------------------------------------------------------------*/
FoamFile
{
    version     2.0;
    format      ascii;
    arch        "LSB;label=32;scalar=64";
    class       vectorField;
    location    "constant/polyMesh";
    object      points;
}
// * * * * * * * * * * * * * * * * * * * * * * * * * * * * * * * * * * * * * //


22342
(
(0.042 0.04 0.004)
(0.042 0.04 0.002)
(0.042 0 0.004)
(0.042 0 0.002)
(0 0.04 0.004)
(0 0.04 0.002)
(0 0 0.004)
(0 0 0.002)
(0.042 0.04 0.023)
(0.04 0.04 0.023)
(0.037 0.04 0.023)
(0.035 0.04 0.023)
(0.032 0.04 0.023)
(0.03 0.04 0.023)
(0.027 0.04 0.023)
(0.025 0.04 0.023)
(0.022 0.04 0.023)
(0.02 0.04 0.023)
(0.017 0.04 0.023)
(0.015 0.04 0.023)
(0.012 0.04 0.023)
(0.01 0.04 0.023)
(0.007 0.04 0.023)
(0.005 0.04 0.023)
(0.002 0.04 0.023)
(0.042 0 0.023)
(0.04 0 0.023)
(0.037 0 0.023)
(0.035 0 0.023)
(0.032 0 0.023)
(0.03 0 0.023)
(0.027 0 0.023)
(0.025 0 0.023)
(0.022 0 0.023)
(0.02 0 0.023)
(0.017 0 0.023)
(0.015 0 0.023)
(0.012 0 0.023)
(0.01 0 0.023)
(0.007 0 0.023)
(0.005 0 0.023)
(0.002 0 0.023)
(0.042 0.04 0.006)
(0.04 0.04 0.006)
(0.037 0.04 0.006)
(0.035 0.04 0.006)
(0.032 0.04 0.006)
(0.03 0.04 0.006)
(0.027 0.04 0.006)
(0.025 0.04 0.006)
(0.022 0.04 0.006)
(0.02 0.04 0.006)
(0.017 0.04 0.006)
(0.015 0.04 0.006)
(0.012 0.04 0.006)
(0.01 0.04 0.006)
(0.007 0.04 0.006)
(0.005 0.04 0.006)
(0.002 0.04 0.006)
(0 0.04 0.023)
(0 0 0.023)
(0.042 0 0.006)
(0.04 0 0.006)
(0.037 0 0.006)
(0.035 0 0.006)
(0.032 0 0.006)
(0.03 0 0.006)
(0.027 0 0.006)
(0.025 0 0.006)
(0.022 0 0.006)
(0.02 0 0.006)
(0.017 0 0.006)
(0.015 0 0.006)
(0.012 0 0.006)
(0.01 0 0.006)
(0.007 0 0.006)
(0.005 0 0.006)
(0.002 0 0.006)
(0 0.04 0.006)
(0 0 0.006)
(0.072 0.16 0.002)
(0.072 0.16 0)
(0.072 -0.08 0.002)
(0.072 -0.08 0)
(-0.03 0.16 0.002)
(-0.03 0.16 0)
(-0.03 -0.08 0.002)
(-0.03 -0.08 0)
(0.072 0.16 0.104)
(0.072 -0.08 0.104)
(-0.03 0.16 0.104)
(-0.03 -0.08 0.104)
(-0.03 -0.07725414324 0)
(-0.03 -0.07279176625 0)
(-0.03 -0.06588044815 0)
(-0.03 -0.05639990495 0)
(-0.03 -0.04622999539 0)
(-0.03 -0.03606008584 0)
(-0.03 -0.02589017628 0)
(-0.03 -0.01572026673 0)
(-0.03 -0.005550357173 0)
(-0.03 0.004619552381 0)
(-0.03 0.01478946194 0)
(-0.03 0.02495937149 0)
(-0.03 0.03512928104 0)
(-0.03 0.0452991906 0)
(-0.03 0.05546910015 0)
(-0.03 0.06563900971 0)
(-0.03 0.07580891926 0)
(-0.03 0.08597882882 0)
(-0.03 0.09614873837 0)
(-0.03 0.1063186479 0)
(-0.03 0.1164885575 0)
(-0.03 0.126658467 0)
(-0.03 0.1366510034 0)
(-0.03 0.1448719837 0)
(-0.03 0.1508746262 0)
(-0.03 0.1549558616 0)
(-0.03 0.1578272602 0)
(-0.02756780679 -0.08 0)
(-0.02304662654 -0.08 0)
(-0.01583844609 -0.08 0)
(-0.006525146873 -0.08 0)
(0.003571279318 -0.08 0)
(0.01366770551 -0.08 0)
(0.0237641317 -0.08 0)
(0.03386055789 -0.08 0)
(0.04395698408 -0.08 0)
(0.05349646765 -0.08 0)
(0.06092927343 -0.08 0)
(0.06584128532 -0.08 0)
(0.06942232459 -0.08 0)
(0.072 -0.0773550248 0)
(0.072 -0.07321648686 0)
(0.072 -0.06758950957 0)
(0.072 -0.05915562449 0)
(0.072 -0.04928228254 0)
(0.072 -0.03940894059 0)
(0.072 -0.02953559863 0)
(0.072 -0.01966225668 0)
(0.072 -0.009788914723 0)
(0.072 8.442723137e-05 0)
(0.072 0.009957769186 0)
(0.072 0.01983111114 0)
(0.072 0.02970445309 0)
(0.072 0.03957779505 0)
(0.072 0.049451137 0)
(0.072 0.05932447896 0)
(0.072 0.06919782091 0)
(0.072 0.07907116286 0)
(0.072 0.08894450482 0)
(0.072 0.09881784677 0)
(0.072 0.1086911887 0)
(0.072 0.1185645307 0)
(0.072 0.1284378726 0)
(0.072 0.1379867719 0)
(0.072 0.1457189023 0)
(0.072 0.151260407 0)
(0.072 0.1551576247 0)
(0.072 0.1579004297 0)
(-0.02755296768 0.16 0)
(-0.0229786009 0.16 0)
(-0.01573640762 0.16 0)
(-0.006334581205 0.16 0)
(0.003809486403 0.16 0)
(0.01395355401 0.16 0)
(0.02409762162 0.16 0)
(0.03424168923 0.16 0)
(0.04438575683 0.16 0)
(0.05392563053 0.16 0)
(0.06084897146 0.16 0)
(0.06579997009 0.16 0)
(0.06940834458 0.16 0)
(-0.02574357313 -0.07566662533 0)
(-0.02253259355 -0.06078807146 0)
(-0.02126934665 -0.0411620498 0)
(-0.0211581637 -0.02058195765 0)
(-0.02147269537 -0.0001903198147 0)
(-0.02115329995 0.01997750584 0)
(-0.02106427865 0.0402724656 0)
(-0.02109282396 0.06053736484 0)
(-0.0210392836 0.08089582937 0)
(-0.02089568731 0.101284791 0)
(-0.02118672874 0.1216583982 0)
(-0.0232822035 0.1408932011 0)
(-0.02544618036 0.152447046 0)
(-0.01080367669 -0.07249232307 0)
(-0.001245972237 -0.07154038511 0)
(0.008786442678 -0.07108834748 0)
(0.01902545079 -0.07088711622 0)
(0.02912887323 -0.07099897673 0)
(0.03887442808 -0.07172540538 0)
(0.04850733773 -0.07196077896 0)
(0.06382122218 -0.07443966864 0)
(0.06840038123 -0.07621965554 0)
(0.06805417597 -0.07148818331 0)
(0.06273779662 -0.05535905561 0)
(0.06264625298 -0.04493573108 0)
(0.06280658158 -0.03472475481 0)
(0.06299463949 -0.02454188057 0)
(0.06311673386 -0.01439999638 0)
(0.06317439785 -0.004431624238 0)
(0.06327387452 0.005414049871 0)
(0.06323876079 0.01511762042 0)
(0.06317367268 0.02477024672 0)
(0.06313361419 0.03446063193 0)
(0.06310791596 0.04411917483 0)
(0.06320199284 0.05409671301 0)
(0.06322733709 0.06412126884 0)
(0.06325001971 0.07409151798 0)
(0.06325480075 0.08396911319 0)
(0.06327009927 0.09379109887 0)
(0.06326546575 0.10359729 0)
(0.06317544422 0.11340088 0)
(0.06302891757 0.123115349 0)
(0.06315991464 0.1325044485 0)
(0.06405113748 0.1413579335 0)
(0.06840775936 0.153446826 0)
(0.06862021907 0.1570626707 0)
(-0.02043948373 0.1548375494 0)
(-0.001723326939 0.1517707673 0)
(0.01911959633 0.1513395609 0)
(0.03981699306 0.1515801902 0)
(0.05822948739 0.1537593598 0)
(-0.02629156739 0.1564918167 0)
(-0.02412250116 -0.06925367033 0)
(-0.02161894346 -0.05119950436 0)
(-0.02117241087 -0.03089719018 0)
(-0.02134567585 -0.01030705986 0)
(-0.02135715164 0.00976871699 0)
(-0.02100821108 0.03013526213 0)
(-0.02112662744 0.05041287414 0)
(-0.02108423895 0.07070306581 0)
(-0.02095354164 0.0910968823 0)
(-0.02096876334 0.1114625175 0)
(-0.02185296614 0.1316822253 0)
(-0.02550256991 0.1472963365 0)
(-0.01921490288 -0.07407389435 0)
(0.05719657076 -0.07240393998 0)
(0.0651698661 0.149199277 0)
(0.06399295292 -0.06605055337 0)
(0.008681700343 0.1513946621 0)
(-0.01212469547 0.1528653352 0)
(0.02954212534 0.1513226177 0)
(0.04961496417 0.1524803214 0)
(0.06427034706 0.1555790103 0)
(0.002997303205 0.1428451508 0)
(-0.01245575425 -0.03614306982 0)
(-0.01238789559 -0.01495753915 0)
(-0.01372053733 0.004431911972 0)
(-0.01271834549 0.02518916875 0)
(-0.01234323585 0.04542905988 0)
(-0.01219611173 0.06556697345 0)
(-0.01200647032 0.08598671433 0)
(-0.0117301004 0.1064455393 0)
(-0.0125409689 0.1272340273 0)
(-0.01435136078 0.1375436832 0)
(-0.01860413845 0.1476123585 0)
(0.02456849249 0.1427010569 0)
(-0.01358399739 -0.05668592737 0)
(0.00339900248 -0.06237127298 0)
(0.01403766627 -0.06198183435 0)
(0.02472251766 -0.0614875221 0)
(0.03504580658 -0.06223032382 0)
(0.04398291089 -0.06449385254 0)
(0.05352869523 -0.062092198 0)
(-0.01603100092 -0.06600060146 0)
(0.05338400969 -0.04006049401 0)
(0.05393387673 -0.02967728991 0)
(0.05426114869 -0.0191069613 0)
(0.05441059938 -0.008627159845 0)
(0.05471767802 0.0009068518805 0)
(0.05515460445 0.01045816757 0)
(0.05481736937 0.02005677559 0)
(0.0548779858 0.02956547102 0)
(0.05461186078 0.03898233521 0)
(0.05449668604 0.0485708339 0)
(0.05447649956 0.05890138432 0)
(0.05452993699 0.06914219285 0)
(0.05448792782 0.07907375607 0)
(0.05449102678 0.08886331928 0)
(0.05454173775 0.09857127279 0)
(0.05451559086 0.1082912977 0)
(0.0541926323 0.1180860139 0)
(0.05367525542 0.1278689733 0)
(0.05424948721 0.1372634454 0)
(0.04621791771 0.1436270947 0)
(-0.01258034117 -0.04664448767 0)
(0.03551124205 0.1426532786 0)
(0.0138671968 0.1427799033 0)
(-0.00781598748 0.1441891454 0)
(-0.00670624457 -0.06351401195 0)
(0.05318366917 -0.05058226466 0)
(-0.01227618638 -0.02564157614 0)
(-0.01315894648 -0.004446894092 0)
(-0.0127223131 0.01452718901 0)
(-0.01258649571 0.03578431442 0)
(-0.01215405484 0.05541991191 0)
(-0.01215366058 0.07574951982 0)
(-0.01178662065 0.09622278738 0)
(-0.01206261633 0.1167161955 0)
(0.05624419643 0.1460289144 0)
(-0.007053170464 0.0006478324211 0)
(-0.003319804187 -0.0202712501 0)
(0.04351583637 -0.05544792877 0)
(-0.007364553056 0.00769189526 0)
(-0.006393463968 0.01987034035 0)
(-0.003215195946 0.08076387729 0)
(-0.003278762052 0.07053674034 0)
(-0.00295492775 0.05016017326 0)
(-0.007241822029 0.03071436692 0)
(-0.003271030116 0.06044566364 0)
(-0.002504167022 0.1116654914 0)
(0.01937982425 -0.05244839884 0)
(0.03189102059 -0.05112951957 0)
(0.008634030169 0.1343235159 0)
(0.04553590742 -0.02451149322 0)
(0.04592995949 -0.01337884616 0)
(0.04844745811 0.00564757533 0)
(0.04790018825 0.01553747461 0)
(0.04824150471 0.02485261211 0)
(0.0483665054 0.03427910098 0)
(0.04718957372 0.04282633446 0)
(0.04591671953 0.05375398359 0)
(0.04591820038 0.06438852774 0)
(0.04570240252 0.07430335689 0)
(0.04563288559 0.0840782347 0)
(0.04566734698 0.09371535858 0)
(0.04585844521 0.1032097739 0)
(0.045821207 0.1128081113 0)
(0.04486993835 0.1227100634 0)
(0.04279203928 0.1334670712 0)
(-0.003238991695 0.133579945 0)
(-0.003432001637 -0.03111902123 0)
(-0.002286479482 0.1013472271 0)
(-0.006116064875 0.03545185307 0)
(-0.00277188094 0.09106527008 0)
(-0.005441770005 0.04159341463 0)
(0.008542844476 -0.05362514352 0)
(-0.003440938117 0.1219917842 0)
(-0.003120509999 -0.05305714576 0)
(0.04441571767 -0.03480114429 0)
(0.01915557183 0.1341257506 0)
(0.0467972433 -0.00269764432 0)
(0.03014206267 0.1341673004 0)
(0.04337796738 -0.04520853861 0)
(-0.003850263431 -0.008286729006 0)
(-0.004012367533 -0.04156732495 0)
(0.005769080341 0.08573724948 0)
(0.003832795072 -0.04597983992 0)
(-0.006363451325 0.02562064526 0)
(0.005423159394 0.07537532367 0)
(-0.006389679339 0.01402891494 0)
(0.01287012982 -0.04418226932 0)
(0.03771079862 0.06070525545 0)
(0.005095665687 0.05581524093 0)
(0.006062306019 0.06550009529 0)
(0.03594977535 -0.02930058697 0)
(0.04297873139 0.009010085096 0)
(-0.002466464565 0.01618659821 0)
(0.0007335426844 0.04455029218 0)
(0.04414310663 0.02951102041 0)
(0.04415722392 0.03874262354 0)
(-0.002979044568 0.03281910118 0)
(0.03680607819 0.06971336018 0)
(0.03673008586 0.07938342552 0)
(0.03663997003 0.08911528043 0)
(0.03671143906 0.09853784104 0)
(0.03745147398 0.1075877508 0)
(0.03732652809 0.1167413341 0)
(0.03486764644 0.1257805988 0)
(0.006096618652 -0.02657861818 0)
(0.03784112316 -0.02036231766 0)
(0.02325548562 -0.04228347112 0)
(0.007714582807 0.1066797103 0)
(0.01390688212 0.1250236101 0)
(0.04357947802 0.002716845231 0)
(0.04377233374 0.02033566555 0)
(0.04107017481 0.04749292762 0)
(-0.0008315075314 -0.00113706531 0)
(0.007200577815 0.09586984243 0)
(-0.002749124748 0.004550379157 0)
(0.005534748131 -0.01520931638 0)
(-0.001822037682 0.02023553492 0)
(-0.002394214256 0.01044505494 0)
(-0.002084717684 0.03682447528 0)
(0.04153548273 -0.001771742389 0)
(0.004450403743 0.1264085079 0)
(0.03405157942 -0.03935545527 0)
(0.005149729803 -0.03695491261 0)
(0.006673921543 0.117170957 0)
(0.02400093706 0.125743298 0)
(-0.002700101687 0.02862039322 0)
(-0.002319707375 0.02404759952 0)
(0.0411352397 -0.007131467054 0)
(0.00098356818 0.02238276472 0)
(0.04303682403 0.03447950393 0)
(0.003136438626 -0.006296308316 0)
(0.01748583869 0.1006433516 0)
(0.005213153976 0.04833672448 0)
(0.001213281779 0.02691333886 0)
(0.03792677852 0.05317806861 0)
(0.04043875436 0.03140718937 0)
(0.04229964298 0.01528889278 0)
(0.01548633583 0.05957504161 0)
(0.04336304432 0.02497627565 0)
(0.02548308218 -0.03196004188 0)
(0.001361034393 0.002529168655 0)
(0.0008113769272 0.01421109384 0)
(4.320703756e-05 0.03438228027 0)
(0.01671276664 -0.02286360073 0)
(0.02775438919 0.07445163375 0)
(0.02787504371 0.08460302546 0)
(0.02707545316 0.09428344812 0)
(0.02765057764 0.1038664435 0)
(0.03003549792 0.1118071594 0)
(0.009023236423 -0.009079665114 0)
(0.02827781182 -0.02267630529 0)
(0.0150299471 -0.03401318146 0)
(0.01693967508 0.08922308312 0)
(0.001020694818 0.01837245364 0)
(0.04016351103 0.001499736863 0)
(0.03930367591 0.01207063813 0)
(0.01268489275 0.08024295097 0)
(0.0002468912238 0.031125297 0)
(0.03339241295 0.04847022239 0)
(0.01181423472 0.05083382945 0)
(0.04050021616 0.02737017163 0)
(0.04036248421 0.01888451879 0)
(0.005696505765 0.04307972319 0)
(0.01924010144 0.113658026 0)
(0.04043426088 0.0382090373 0)
(0.03699680501 -0.004073456807 0)
(0.03973907954 0.02285526432 0)
(0.004273198726 -0.001205083707 0)
(0.0310684463 0.05552472362 0)
(-0.0004713059228 0.04015143418 0)
(0.008420629038 -0.003919648142 0)
(0.01638624443 0.07082991643 0)
(0.03828673712 -0.01291264085 0)
(0.04151709783 0.04195452118 0)
(0.0003754701288 0.006805346242 0)
(0.001149421193 0.01047635542 0)
(0.02892409499 0.1191213586 0)
(0.02700906301 0.0643111286 0)
(0.03436457629 -0.008891298498 0)
(0.0389183009 0.008494004357 0)
(0.03138149839 -0.01484356728 0)
(0.002670900737 0.04094559197 0)
(0.03721210718 0.04056340221 0)
(0.03763457353 0.04439454253 0)
(0.01386615676 -0.006018444443 0)
(0.03702677986 0.02948342786 0)
(0.003727719925 0.03023433491 0)
(0.02642227352 0.04987628699 0)
(0.04016775895 0.005052651319 0)
(0.02059610695 0.07984640713 0)
(0.00452099671 0.01246637383 0)
(0.01032417783 0.04454313925 0)
(0.03961669202 0.03497899915 0)
(0.004246619852 0.02441767301 0)
(0.02384800505 0.05627630288 0)
(0.002107081363 0.03756061171 0)
(0.003396528263 0.00508824899 0)
(0.005406587971 0.002233634118 0)
(0.03328032328 0.04284886023 0)
(0.03675003819 0.03710934081 0)
(0.03129874834 -0.004171110495 0)
(0.03526845848 0.009877350601 0)
(0.0372647029 0.02584856769 0)
(0.005399052075 0.03961631065 0)
(0.03645323243 0.01958191445 0)
(0.03657143797 0.03338834096 0)
(0.003449552105 0.03382346157 0)
(0.004709671454 0.01651951464 0)
(0.03657292706 0.002346667902 0)
(0.03829678804 0.015905994 0)
(0.003943060205 0.008463294383 0)
(0.004660936546 0.02054101621 0)
(0.01917298881 0.05110480143 0)
(0.0356198348 0.005928949832 0)
(0.02320112372 -0.0147514591 0)
(0.03780693307 -0.0005983290338 0)
(0.01478932351 -0.01274289436 0)
(0.03343718743 0.0390243531 0)
(0.0344598815 0.02295307471 0)
(0.006331996076 0.02771962591 0)
(0.02789592438 0.04385876888 0)
(0.03407951484 -0.0005285925245 0)
(0.008632018527 -0.0001235827184 0)
(0.006615127943 0.03644822234 0)
(0.01243998908 -0.001496413327 0)
(0.008653825046 0.02382520599 0)
(0.03432410751 0.01629565332 0)
(0.009063678043 0.01901347093 0)
(0.01692611227 -0.002225117711 0)
(0.008777193282 0.01434882917 0)
(0.009111446324 0.03999422524 0)
(0.007512599081 0.03222682203 0)
(0.02776112795 -0.008919948282 0)
(0.01629851222 0.04552457612 0)
(0.00694703726 0.005948271526 0)
(0.008203043966 0.009832450059 0)
(0.009001216196 0.003195693037 0)
(0.03320173425 0.0274832908 0)
(0.03133163622 0.007406004898 0)
(0.03294566105 0.03162900947 0)
(0.02039397407 -0.006644127324 0)
(0.03570520616 0.01331972702 0)
(0.01390872492 0.04037457505 0)
(0.02582933784 -0.00314723768 0)
(0.02140331297 -0.001283683083 0)
(0.03047592512 0.01910360764 0)
(0.01499459693 0.0007874320539 0)
(0.0114397768 0.03561705807 0)
(0.02211684191 0.04524164164 0)
(0.03258929826 0.003052288824 0)
(0.03309554339 0.03553755247 0)
(0.02967142832 -2.303486618e-05 0)
(0.03084082686 0.0127280129 0)
(0.0120268769 0.002067060748 0)
(0.0190412105 0.04168392102 0)
(0.01364942979 0.02244844161 0)
(0.01396370659 0.01645641828 0)
(0.01834728224 0.00161073322 0)
(0.02904126071 0.02468969129 0)
(0.03007336594 0.037478613 0)
(0.02486120191 0.01538478274 0)
(0.03049850592 0.04055413173 0)
(0.02888522587 0.02977985855 0)
(0.01737340034 0.03865598837 0)
(0.02942970973 0.03404889383 0)
(0.02751283059 0.0397548162 0)
(0.01824261727 0.02632708955 0)
(0.0154301357 0.004086278543 0)
(0.01525115765 0.03651793709 0)
(0.02405516937 0.02205131514 0)
(0.01190115966 0.02867503095 0)
(0.02637210523 0.03662541392 0)
(0.02548375566 0.008891983724 0)
(0.02174177497 0.002224054556 0)
(0.01160191192 0.006165005801 0)
(0.02820844642 0.00395184592 0)
(0.02051934354 0.03851173846 0)
(0.02516553817 0.0008681881528 0)
(0.01308493174 0.01122697928 0)
(0.01575604434 0.0323275265 0)
(0.0198437124 0.005859266364 0)
(0.01877078812 0.03550809066 0)
(0.01582376822 0.007938261683 0)
(0.02428293411 0.004433560993 0)
(0.02369262177 0.04020021184 0)
(0.01889425034 0.01202511745 0)
(0.025267609 0.0325995023 0)
(0.01883774697 0.01903631498 0)
(0.0208709103 0.03171857749 0)
(0.02416776541 0.02782594668 0)
(0.02262767453 0.03589521081 0)
(0.072 -0.08 0.0122)
(0.072 -0.08 0.0224)
(0.072 -0.08 0.0326)
(0.072 -0.08 0.0428)
(0.072 -0.08 0.053)
(0.072 -0.08 0.0632)
(0.072 -0.08 0.0734)
(0.072 -0.08 0.0836)
(0.072 -0.08 0.0938)
(0.072 -0.07 0.104)
(0.072 -0.06 0.104)
(0.072 -0.05 0.104)
(0.072 -0.04 0.104)
(0.072 -0.03 0.104)
(0.072 -0.02 0.104)
(0.072 -0.01 0.104)
(0.072 -2.273736754e-16 0.104)
(0.072 0.01 0.104)
(0.072 0.02 0.104)
(0.072 0.03 0.104)
(0.072 0.04 0.104)
(0.072 0.05 0.104)
(0.072 0.06 0.104)
(0.072 0.07 0.104)
(0.072 0.08 0.104)
(0.072 0.09 0.104)
(0.072 0.1 0.104)
(0.072 0.11 0.104)
(0.072 0.12 0.104)
(0.072 0.13 0.104)
(0.072 0.14 0.104)
(0.072 0.15 0.104)
(0.072 0.16 0.0122)
(0.072 0.16 0.0224)
(0.072 0.16 0.0326)
(0.072 0.16 0.0428)
(0.072 0.16 0.053)
(0.072 0.16 0.0632)
(0.072 0.16 0.0734)
(0.072 0.16 0.0836)
(0.072 0.16 0.0938)
(0.072 -0.07 0.002)
(0.072 -0.06 0.002)
(0.072 -0.05 0.002)
(0.072 -0.04 0.002)
(0.072 -0.03 0.002)
(0.072 -0.02 0.002)
(0.072 -0.01 0.002)
(0.072 -2.273736754e-16 0.002)
(0.072 0.01 0.002)
(0.072 0.02 0.002)
(0.072 0.03 0.002)
(0.072 0.04 0.002)
(0.072 0.05 0.002)
(0.072 0.06 0.002)
(0.072 0.07 0.002)
(0.072 0.08 0.002)
(0.072 0.09 0.002)
(0.072 0.1 0.002)
(0.072 0.11 0.002)
(0.072 0.12 0.002)
(0.072 0.13 0.002)
(0.072 0.14 0.002)
(0.072 0.15 0.002)
(-0.0198 0.16 0.002)
(-0.0096 0.16 0.002)
(0.0006 0.16 0.002)
(0.0108 0.16 0.002)
(0.021 0.16 0.002)
(0.0312 0.16 0.002)
(0.0414 0.16 0.002)
(0.0516 0.16 0.002)
(0.0618 0.16 0.002)
(-0.0198 0.16 0.104)
(-0.0096 0.16 0.104)
(0.0006 0.16 0.104)
(0.0108 0.16 0.104)
(0.021 0.16 0.104)
(0.0312 0.16 0.104)
(0.0414 0.16 0.104)
(0.0516 0.16 0.104)
(0.0618 0.16 0.104)
(-0.03 0.16 0.0122)
(-0.03 0.16 0.0224)
(-0.03 0.16 0.0326)
(-0.03 0.16 0.0428)
(-0.03 0.16 0.053)
(-0.03 0.16 0.0632)
(-0.03 0.16 0.0734)
(-0.03 0.16 0.0836)
(-0.03 0.16 0.0938)
(-0.03 -0.07 0.104)
(-0.03 -0.06 0.104)
(-0.03 -0.05 0.104)
(-0.03 -0.04 0.104)
(-0.03 -0.03 0.104)
(-0.03 -0.02 0.104)
(-0.03 -0.01 0.104)
(-0.03 -2.273736754e-16 0.104)
(-0.03 0.01 0.104)
(-0.03 0.02 0.104)
(-0.03 0.03 0.104)
(-0.03 0.04 0.104)
(-0.03 0.05 0.104)
(-0.03 0.06 0.104)
(-0.03 0.07 0.104)
(-0.03 0.08 0.104)
(-0.03 0.09 0.104)
(-0.03 0.1 0.104)
(-0.03 0.11 0.104)
(-0.03 0.12 0.104)
(-0.03 0.13 0.104)
(-0.03 0.14 0.104)
(-0.03 0.15 0.104)
(-0.0198 -0.08 0.104)
(-0.0096 -0.08 0.104)
(0.0006 -0.08 0.104)
(0.0108 -0.08 0.104)
(0.021 -0.08 0.104)
(0.0312 -0.08 0.104)
(0.0414 -0.08 0.104)
(0.0516 -0.08 0.104)
(0.0618 -0.08 0.104)
(-0.0198 -0.08 0.002)
(-0.0096 -0.08 0.002)
(0.0006 -0.08 0.002)
(0.0108 -0.08 0.002)
(0.021 -0.08 0.002)
(0.0312 -0.08 0.002)
(0.0414 -0.08 0.002)
(0.0516 -0.08 0.002)
(0.0618 -0.08 0.002)
(-0.03 -0.08 0.0122)
(-0.03 -0.08 0.0224)
(-0.03 -0.08 0.0326)
(-0.03 -0.08 0.0428)
(-0.03 -0.08 0.053)
(-0.03 -0.08 0.0632)
(-0.03 -0.08 0.0734)
(-0.03 -0.08 0.0836)
(-0.03 -0.08 0.0938)
(-0.03 -0.07 0.002)
(-0.03 -0.06 0.002)
(-0.03 -0.05 0.002)
(-0.03 -0.04 0.002)
(-0.03 -0.03 0.002)
(-0.03 -0.02 0.002)
(-0.03 -0.01 0.002)
(-0.03 -2.273736754e-16 0.002)
(-0.03 0.01 0.002)
(-0.03 0.02 0.002)
(-0.03 0.03 0.002)
(-0.03 0.04 0.002)
(-0.03 0.05 0.002)
(-0.03 0.06 0.002)
(-0.03 0.07 0.002)
(-0.03 0.08 0.002)
(-0.03 0.09 0.002)
(-0.03 0.1 0.002)
(-0.03 0.11 0.002)
(-0.03 0.12 0.002)
(-0.03 0.13 0.002)
(-0.03 0.14 0.002)
(-0.03 0.15 0.002)
(0.001956771151 0 0.002)
(0.003913542302 0 0.002)
(0.005870313452 0 0.002)
(0.007827084603 0 0.002)
(0.009783855754 0 0.002)
(0.01192478696 0 0.002)
(0.01399464421 0 0.002)
(0.01595141536 0 0.002)
(0.01790818651 0 0.002)
(0.01986495767 0 0.002)
(0.02182172882 0 0.002)
(0.02408377981 0 0.002)
(0.02604055096 0 0.002)
(0.02799732211 0 0.002)
(0.02995409326 0 0.002)
(0.03191086441 0 0.002)
(0.03407000962 0 0.002)
(0.03612968655 0 0.002)
(0.0380864577 0 0.002)
(0.04004322885 0 0.002)
(0.042 0.001955240926 0.002)
(0.042 0.003910481852 0.002)
(0.042 0.005947492783 0.002)
(0.042 0.008119357531 0.002)
(0.042 0.01007459846 0.002)
(0.042 0.01202983938 0.002)
(0.042 0.01398508031 0.002)
(0.042 0.01594032123 0.002)
(0.042 0.01819395599 0.002)
(0.042 0.02014919691 0.002)
(0.042 0.02210443784 0.002)
(0.042 0.02405967877 0.002)
(0.042 0.02601491969 0.002)
(0.042 0.02797016062 0.002)
(0.042 0.03010643355 0.002)
(0.042 0.0321790363 0.002)
(0.042 0.03413427722 0.002)
(0.042 0.03608951815 0.002)
(0.042 0.03804475907 0.002)
(0.001956771151 0.04 0.002)
(0.003913542302 0.04 0.002)
(0.005870313452 0.04 0.002)
(0.007827084603 0.04 0.002)
(0.009783855754 0.04 0.002)
(0.01192478696 0.04 0.002)
(0.01399464421 0.04 0.002)
(0.01595141536 0.04 0.002)
(0.01790818651 0.04 0.002)
(0.01986495767 0.04 0.002)
(0.02182172882 0.04 0.002)
(0.02408377981 0.04 0.002)
(0.02604055096 0.04 0.002)
(0.02799732211 0.04 0.002)
(0.02995409326 0.04 0.002)
(0.03191086441 0.04 0.002)
(0.03407000962 0.04 0.002)
(0.03612968655 0.04 0.002)
(0.0380864577 0.04 0.002)
(0.04004322885 0.04 0.002)
(0 0.001955240926 0.002)
(0 0.003910481852 0.002)
(0 0.005947492783 0.002)
(0 0.008119357531 0.002)
(0 0.01007459846 0.002)
(0 0.01202983938 0.002)
(0 0.01398508031 0.002)
(0 0.01594032123 0.002)
(0 0.01819395599 0.002)
(0 0.02014919691 0.002)
(0 0.02210443784 0.002)
(0 0.02405967877 0.002)
(0 0.02601491969 0.002)
(0 0.02797016062 0.002)
(0 0.03010643355 0.002)
(0 0.0321790363 0.002)
(0 0.03413427722 0.002)
(0 0.03608951815 0.002)
(0 0.03804475907 0.002)
(0.04 0.002036825148 0.023)
(0.04 0.004073650296 0.023)
(0.04 0.006250134104 0.023)
(0.04 0.008445694419 0.023)
(0.04 0.01048251957 0.023)
(0.04 0.01251934472 0.023)
(0.04 0.01455616986 0.023)
(0.04 0.01660860291 0.023)
(0.04 0.01913078434 0.023)
(0.04 0.02116760949 0.023)
(0.04 0.02320443464 0.023)
(0.04 0.02524125978 0.023)
(0.04 0.02727808493 0.023)
(0.04 0.02938818843 0.023)
(0.04 0.03185269941 0.023)
(0.04 0.03388952456 0.023)
(0.04 0.0359263497 0.023)
(0.04 0.03796317485 0.023)
(0.042 0.001955240926 0.023)
(0.042 0.003910481852 0.023)
(0.042 0.005947492783 0.023)
(0.042 0.008119357531 0.023)
(0.042 0.01007459846 0.023)
(0.042 0.01202983938 0.023)
(0.042 0.01398508031 0.023)
(0.042 0.01594032123 0.023)
(0.042 0.01819395599 0.023)
(0.042 0.02014919691 0.023)
(0.042 0.02210443784 0.023)
(0.042 0.02405967877 0.023)
(0.042 0.02601491969 0.023)
(0.042 0.02797016062 0.023)
(0.042 0.03010643355 0.023)
(0.042 0.0321790363 0.023)
(0.042 0.03413427722 0.023)
(0.042 0.03608951815 0.023)
(0.042 0.03804475907 0.023)
(0.04 0 0.008087198667)
(0.04 0 0.01017439733)
(0.04 0 0.012261596)
(0.04 0 0.01434879467)
(0.04 0 0.016738404)
(0.04 0 0.01882560267)
(0.04 0 0.02091280133)
(0.04 0.002036825148 0.006)
(0.04 0.004073650296 0.006)
(0.04 0.006250134104 0.006)
(0.04 0.008445694419 0.006)
(0.04 0.01048251957 0.006)
(0.04 0.01251934472 0.006)
(0.04 0.01455616986 0.006)
(0.04 0.01660860291 0.006)
(0.04 0.01913078434 0.006)
(0.04 0.02116760949 0.006)
(0.04 0.02320443464 0.006)
(0.04 0.02524125978 0.006)
(0.04 0.02727808493 0.006)
(0.04 0.02938818843 0.006)
(0.04 0.03185269941 0.006)
(0.04 0.03388952456 0.006)
(0.04 0.0359263497 0.006)
(0.04 0.03796317485 0.006)
(0.04 0.04 0.008087198667)
(0.04 0.04 0.01017439733)
(0.04 0.04 0.012261596)
(0.04 0.04 0.01434879467)
(0.04 0.04 0.016738404)
(0.04 0.04 0.01882560267)
(0.04 0.04 0.02091280133)
(0.035 0.002036825148 0.023)
(0.035 0.004073650296 0.023)
(0.035 0.006250134104 0.023)
(0.035 0.008445694419 0.023)
(0.035 0.01048251957 0.023)
(0.035 0.01251934472 0.023)
(0.035 0.01455616986 0.023)
(0.035 0.01660860291 0.023)
(0.035 0.01913078434 0.023)
(0.035 0.02116760949 0.023)
(0.035 0.02320443464 0.023)
(0.035 0.02524125978 0.023)
(0.035 0.02727808493 0.023)
(0.035 0.02938818843 0.023)
(0.035 0.03185269941 0.023)
(0.035 0.03388952456 0.023)
(0.035 0.0359263497 0.023)
(0.035 0.03796317485 0.023)
(0.037 0.001955240926 0.023)
(0.037 0.003910481852 0.023)
(0.037 0.005947492783 0.023)
(0.037 0.008119357531 0.023)
(0.037 0.01007459846 0.023)
(0.037 0.01202983938 0.023)
(0.037 0.01398508031 0.023)
(0.037 0.01594032123 0.023)
(0.037 0.01819395599 0.023)
(0.037 0.02014919691 0.023)
(0.037 0.02210443784 0.023)
(0.037 0.02405967877 0.023)
(0.037 0.02601491969 0.023)
(0.037 0.02797016062 0.023)
(0.037 0.03010643355 0.023)
(0.037 0.0321790363 0.023)
(0.037 0.03413427722 0.023)
(0.037 0.03608951815 0.023)
(0.037 0.03804475907 0.023)
(0.037 0 0.008087198667)
(0.037 0 0.01017439733)
(0.037 0 0.012261596)
(0.037 0 0.01434879467)
(0.037 0 0.016738404)
(0.037 0 0.01882560267)
(0.037 0 0.02091280133)
(0.037 0.001955240926 0.006)
(0.037 0.003910481852 0.006)
(0.037 0.005947492783 0.006)
(0.037 0.008119357531 0.006)
(0.037 0.01007459846 0.006)
(0.037 0.01202983938 0.006)
(0.037 0.01398508031 0.006)
(0.037 0.01594032123 0.006)
(0.037 0.01819395599 0.006)
(0.037 0.02014919691 0.006)
(0.037 0.02210443784 0.006)
(0.037 0.02405967877 0.006)
(0.037 0.02601491969 0.006)
(0.037 0.02797016062 0.006)
(0.037 0.03010643355 0.006)
(0.037 0.0321790363 0.006)
(0.037 0.03413427722 0.006)
(0.037 0.03608951815 0.006)
(0.037 0.03804475907 0.006)
(0.037 0.04 0.008087198667)
(0.037 0.04 0.01017439733)
(0.037 0.04 0.012261596)
(0.037 0.04 0.01434879467)
(0.037 0.04 0.016738404)
(0.037 0.04 0.01882560267)
(0.037 0.04 0.02091280133)
(0.035 0 0.008087198667)
(0.035 0 0.01017439733)
(0.035 0 0.012261596)
(0.035 0 0.01434879467)
(0.035 0 0.016738404)
(0.035 0 0.01882560267)
(0.035 0 0.02091280133)
(0.035 0.002036825148 0.006)
(0.035 0.004073650296 0.006)
(0.035 0.006250134104 0.006)
(0.035 0.008445694419 0.006)
(0.035 0.01048251957 0.006)
(0.035 0.01251934472 0.006)
(0.035 0.01455616986 0.006)
(0.035 0.01660860291 0.006)
(0.035 0.01913078434 0.006)
(0.035 0.02116760949 0.006)
(0.035 0.02320443464 0.006)
(0.035 0.02524125978 0.006)
(0.035 0.02727808493 0.006)
(0.035 0.02938818843 0.006)
(0.035 0.03185269941 0.006)
(0.035 0.03388952456 0.006)
(0.035 0.0359263497 0.006)
(0.035 0.03796317485 0.006)
(0.035 0.04 0.008087198667)
(0.035 0.04 0.01017439733)
(0.035 0.04 0.012261596)
(0.035 0.04 0.01434879467)
(0.035 0.04 0.016738404)
(0.035 0.04 0.01882560267)
(0.035 0.04 0.02091280133)
(0.03 0.001955240926 0.023)
(0.03 0.003910481852 0.023)
(0.03 0.005947492783 0.023)
(0.03 0.008119357531 0.023)
(0.03 0.01007459846 0.023)
(0.03 0.01202983938 0.023)
(0.03 0.01398508031 0.023)
(0.03 0.01594032123 0.023)
(0.03 0.01819395599 0.023)
(0.03 0.02014919691 0.023)
(0.03 0.02210443784 0.023)
(0.03 0.02405967877 0.023)
(0.03 0.02601491969 0.023)
(0.03 0.02797016062 0.023)
(0.03 0.03010643355 0.023)
(0.03 0.0321790363 0.023)
(0.03 0.03413427722 0.023)
(0.03 0.03608951815 0.023)
(0.03 0.03804475907 0.023)
(0.032 0.001955240926 0.023)
(0.032 0.003910481852 0.023)
(0.032 0.005947492783 0.023)
(0.032 0.008119357531 0.023)
(0.032 0.01007459846 0.023)
(0.032 0.01202983938 0.023)
(0.032 0.01398508031 0.023)
(0.032 0.01594032123 0.023)
(0.032 0.01819395599 0.023)
(0.032 0.02014919691 0.023)
(0.032 0.02210443784 0.023)
(0.032 0.02405967877 0.023)
(0.032 0.02601491969 0.023)
(0.032 0.02797016062 0.023)
(0.032 0.03010643355 0.023)
(0.032 0.0321790363 0.023)
(0.032 0.03413427722 0.023)
(0.032 0.03608951815 0.023)
(0.032 0.03804475907 0.023)
(0.032 0 0.008087198667)
(0.032 0 0.01017439733)
(0.032 0 0.012261596)
(0.032 0 0.01434879467)
(0.032 0 0.016738404)
(0.032 0 0.01882560267)
(0.032 0 0.02091280133)
(0.032 0.001955240926 0.006)
(0.032 0.003910481852 0.006)
(0.032 0.005947492783 0.006)
(0.032 0.008119357531 0.006)
(0.032 0.01007459846 0.006)
(0.032 0.01202983938 0.006)
(0.032 0.01398508031 0.006)
(0.032 0.01594032123 0.006)
(0.032 0.01819395599 0.006)
(0.032 0.02014919691 0.006)
(0.032 0.02210443784 0.006)
(0.032 0.02405967877 0.006)
(0.032 0.02601491969 0.006)
(0.032 0.02797016062 0.006)
(0.032 0.03010643355 0.006)
(0.032 0.0321790363 0.006)
(0.032 0.03413427722 0.006)
(0.032 0.03608951815 0.006)
(0.032 0.03804475907 0.006)
(0.032 0.04 0.008087198667)
(0.032 0.04 0.01017439733)
(0.032 0.04 0.012261596)
(0.032 0.04 0.01434879467)
(0.032 0.04 0.016738404)
(0.032 0.04 0.01882560267)
(0.032 0.04 0.02091280133)
(0.03 0 0.008087198667)
(0.03 0 0.01017439733)
(0.03 0 0.012261596)
(0.03 0 0.01434879467)
(0.03 0 0.016738404)
(0.03 0 0.01882560267)
(0.03 0 0.02091280133)
(0.03 0.001955240926 0.006)
(0.03 0.003910481852 0.006)
(0.03 0.005947492783 0.006)
(0.03 0.008119357531 0.006)
(0.03 0.01007459846 0.006)
(0.03 0.01202983938 0.006)
(0.03 0.01398508031 0.006)
(0.03 0.01594032123 0.006)
(0.03 0.01819395599 0.006)
(0.03 0.02014919691 0.006)
(0.03 0.02210443784 0.006)
(0.03 0.02405967877 0.006)
(0.03 0.02601491969 0.006)
(0.03 0.02797016062 0.006)
(0.03 0.03010643355 0.006)
(0.03 0.0321790363 0.006)
(0.03 0.03413427722 0.006)
(0.03 0.03608951815 0.006)
(0.03 0.03804475907 0.006)
(0.03 0.04 0.008087198667)
(0.03 0.04 0.01017439733)
(0.03 0.04 0.012261596)
(0.03 0.04 0.01434879467)
(0.03 0.04 0.016738404)
(0.03 0.04 0.01882560267)
(0.03 0.04 0.02091280133)
(0.025 0.001955240926 0.023)
(0.025 0.003910481852 0.023)
(0.025 0.005947492783 0.023)
(0.025 0.008119357531 0.023)
(0.025 0.01007459846 0.023)
(0.025 0.01202983938 0.023)
(0.025 0.01398508031 0.023)
(0.025 0.01594032123 0.023)
(0.025 0.01819395599 0.023)
(0.025 0.02014919691 0.023)
(0.025 0.02210443784 0.023)
(0.025 0.02405967877 0.023)
(0.025 0.02601491969 0.023)
(0.025 0.02797016062 0.023)
(0.025 0.03010643355 0.023)
(0.025 0.0321790363 0.023)
(0.025 0.03413427722 0.023)
(0.025 0.03608951815 0.023)
(0.025 0.03804475907 0.023)
(0.027 0.001955240926 0.023)
(0.027 0.003910481852 0.023)
(0.027 0.005947492783 0.023)
(0.027 0.008119357531 0.023)
(0.027 0.01007459846 0.023)
(0.027 0.01202983938 0.023)
(0.027 0.01398508031 0.023)
(0.027 0.01594032123 0.023)
(0.027 0.01819395599 0.023)
(0.027 0.02014919691 0.023)
(0.027 0.02210443784 0.023)
(0.027 0.02405967877 0.023)
(0.027 0.02601491969 0.023)
(0.027 0.02797016062 0.023)
(0.027 0.03010643355 0.023)
(0.027 0.0321790363 0.023)
(0.027 0.03413427722 0.023)
(0.027 0.03608951815 0.023)
(0.027 0.03804475907 0.023)
(0.027 0 0.008087198667)
(0.027 0 0.01017439733)
(0.027 0 0.012261596)
(0.027 0 0.01434879467)
(0.027 0 0.016738404)
(0.027 0 0.01882560267)
(0.027 0 0.02091280133)
(0.027 0.001955240926 0.006)
(0.027 0.003910481852 0.006)
(0.027 0.005947492783 0.006)
(0.027 0.008119357531 0.006)
(0.027 0.01007459846 0.006)
(0.027 0.01202983938 0.006)
(0.027 0.01398508031 0.006)
(0.027 0.01594032123 0.006)
(0.027 0.01819395599 0.006)
(0.027 0.02014919691 0.006)
(0.027 0.02210443784 0.006)
(0.027 0.02405967877 0.006)
(0.027 0.02601491969 0.006)
(0.027 0.02797016062 0.006)
(0.027 0.03010643355 0.006)
(0.027 0.0321790363 0.006)
(0.027 0.03413427722 0.006)
(0.027 0.03608951815 0.006)
(0.027 0.03804475907 0.006)
(0.027 0.04 0.008087198667)
(0.027 0.04 0.01017439733)
(0.027 0.04 0.012261596)
(0.027 0.04 0.01434879467)
(0.027 0.04 0.016738404)
(0.027 0.04 0.01882560267)
(0.027 0.04 0.02091280133)
(0.025 0 0.008087198667)
(0.025 0 0.01017439733)
(0.025 0 0.012261596)
(0.025 0 0.01434879467)
(0.025 0 0.016738404)
(0.025 0 0.01882560267)
(0.025 0 0.02091280133)
(0.025 0.001955240926 0.006)
(0.025 0.003910481852 0.006)
(0.025 0.005947492783 0.006)
(0.025 0.008119357531 0.006)
(0.025 0.01007459846 0.006)
(0.025 0.01202983938 0.006)
(0.025 0.01398508031 0.006)
(0.025 0.01594032123 0.006)
(0.025 0.01819395599 0.006)
(0.025 0.02014919691 0.006)
(0.025 0.02210443784 0.006)
(0.025 0.02405967877 0.006)
(0.025 0.02601491969 0.006)
(0.025 0.02797016062 0.006)
(0.025 0.03010643355 0.006)
(0.025 0.0321790363 0.006)
(0.025 0.03413427722 0.006)
(0.025 0.03608951815 0.006)
(0.025 0.03804475907 0.006)
(0.025 0.04 0.008087198667)
(0.025 0.04 0.01017439733)
(0.025 0.04 0.012261596)
(0.025 0.04 0.01434879467)
(0.025 0.04 0.016738404)
(0.025 0.04 0.01882560267)
(0.025 0.04 0.02091280133)
(0.02 0.002036825148 0.023)
(0.02 0.004073650296 0.023)
(0.02 0.006250134104 0.023)
(0.02 0.008445694419 0.023)
(0.02 0.01048251957 0.023)
(0.02 0.01251934472 0.023)
(0.02 0.01455616986 0.023)
(0.02 0.01660860291 0.023)
(0.02 0.01913078434 0.023)
(0.02 0.02116760949 0.023)
(0.02 0.02320443464 0.023)
(0.02 0.02524125978 0.023)
(0.02 0.02727808493 0.023)
(0.02 0.02938818843 0.023)
(0.02 0.03185269941 0.023)
(0.02 0.03388952456 0.023)
(0.02 0.0359263497 0.023)
(0.02 0.03796317485 0.023)
(0.022 0.001955240926 0.023)
(0.022 0.003910481852 0.023)
(0.022 0.005947492783 0.023)
(0.022 0.008119357531 0.023)
(0.022 0.01007459846 0.023)
(0.022 0.01202983938 0.023)
(0.022 0.01398508031 0.023)
(0.022 0.01594032123 0.023)
(0.022 0.01819395599 0.023)
(0.022 0.02014919691 0.023)
(0.022 0.02210443784 0.023)
(0.022 0.02405967877 0.023)
(0.022 0.02601491969 0.023)
(0.022 0.02797016062 0.023)
(0.022 0.03010643355 0.023)
(0.022 0.0321790363 0.023)
(0.022 0.03413427722 0.023)
(0.022 0.03608951815 0.023)
(0.022 0.03804475907 0.023)
(0.022 0 0.008087198667)
(0.022 0 0.01017439733)
(0.022 0 0.012261596)
(0.022 0 0.01434879467)
(0.022 0 0.016738404)
(0.022 0 0.01882560267)
(0.022 0 0.02091280133)
(0.022 0.001955240926 0.006)
(0.022 0.003910481852 0.006)
(0.022 0.005947492783 0.006)
(0.022 0.008119357531 0.006)
(0.022 0.01007459846 0.006)
(0.022 0.01202983938 0.006)
(0.022 0.01398508031 0.006)
(0.022 0.01594032123 0.006)
(0.022 0.01819395599 0.006)
(0.022 0.02014919691 0.006)
(0.022 0.02210443784 0.006)
(0.022 0.02405967877 0.006)
(0.022 0.02601491969 0.006)
(0.022 0.02797016062 0.006)
(0.022 0.03010643355 0.006)
(0.022 0.0321790363 0.006)
(0.022 0.03413427722 0.006)
(0.022 0.03608951815 0.006)
(0.022 0.03804475907 0.006)
(0.022 0.04 0.008087198667)
(0.022 0.04 0.01017439733)
(0.022 0.04 0.012261596)
(0.022 0.04 0.01434879467)
(0.022 0.04 0.016738404)
(0.022 0.04 0.01882560267)
(0.022 0.04 0.02091280133)
(0.02 0 0.008087198667)
(0.02 0 0.01017439733)
(0.02 0 0.012261596)
(0.02 0 0.01434879467)
(0.02 0 0.016738404)
(0.02 0 0.01882560267)
(0.02 0 0.02091280133)
(0.02 0.002036825148 0.006)
(0.02 0.004073650296 0.006)
(0.02 0.006250134104 0.006)
(0.02 0.008445694419 0.006)
(0.02 0.01048251957 0.006)
(0.02 0.01251934472 0.006)
(0.02 0.01455616986 0.006)
(0.02 0.01660860291 0.006)
(0.02 0.01913078434 0.006)
(0.02 0.02116760949 0.006)
(0.02 0.02320443464 0.006)
(0.02 0.02524125978 0.006)
(0.02 0.02727808493 0.006)
(0.02 0.02938818843 0.006)
(0.02 0.03185269941 0.006)
(0.02 0.03388952456 0.006)
(0.02 0.0359263497 0.006)
(0.02 0.03796317485 0.006)
(0.02 0.04 0.008087198667)
(0.02 0.04 0.01017439733)
(0.02 0.04 0.012261596)
(0.02 0.04 0.01434879467)
(0.02 0.04 0.016738404)
(0.02 0.04 0.01882560267)
(0.02 0.04 0.02091280133)
(0.015 0.001955240926 0.023)
(0.015 0.003910481852 0.023)
(0.015 0.005947492783 0.023)
(0.015 0.008119357531 0.023)
(0.015 0.01007459846 0.023)
(0.015 0.01202983938 0.023)
(0.015 0.01398508031 0.023)
(0.015 0.01594032123 0.023)
(0.015 0.01819395599 0.023)
(0.015 0.02014919691 0.023)
(0.015 0.02210443784 0.023)
(0.015 0.02405967877 0.023)
(0.015 0.02601491969 0.023)
(0.015 0.02797016062 0.023)
(0.015 0.03010643355 0.023)
(0.015 0.0321790363 0.023)
(0.015 0.03413427722 0.023)
(0.015 0.03608951815 0.023)
(0.015 0.03804475907 0.023)
(0.017 0.001955240926 0.023)
(0.017 0.003910481852 0.023)
(0.017 0.005947492783 0.023)
(0.017 0.008119357531 0.023)
(0.017 0.01007459846 0.023)
(0.017 0.01202983938 0.023)
(0.017 0.01398508031 0.023)
(0.017 0.01594032123 0.023)
(0.017 0.01819395599 0.023)
(0.017 0.02014919691 0.023)
(0.017 0.02210443784 0.023)
(0.017 0.02405967877 0.023)
(0.017 0.02601491969 0.023)
(0.017 0.02797016062 0.023)
(0.017 0.03010643355 0.023)
(0.017 0.0321790363 0.023)
(0.017 0.03413427722 0.023)
(0.017 0.03608951815 0.023)
(0.017 0.03804475907 0.023)
(0.017 0 0.008087198667)
(0.017 0 0.01017439733)
(0.017 0 0.012261596)
(0.017 0 0.01434879467)
(0.017 0 0.016738404)
(0.017 0 0.01882560267)
(0.017 0 0.02091280133)
(0.017 0.001955240926 0.006)
(0.017 0.003910481852 0.006)
(0.017 0.005947492783 0.006)
(0.017 0.008119357531 0.006)
(0.017 0.01007459846 0.006)
(0.017 0.01202983938 0.006)
(0.017 0.01398508031 0.006)
(0.017 0.01594032123 0.006)
(0.017 0.01819395599 0.006)
(0.017 0.02014919691 0.006)
(0.017 0.02210443784 0.006)
(0.017 0.02405967877 0.006)
(0.017 0.02601491969 0.006)
(0.017 0.02797016062 0.006)
(0.017 0.03010643355 0.006)
(0.017 0.0321790363 0.006)
(0.017 0.03413427722 0.006)
(0.017 0.03608951815 0.006)
(0.017 0.03804475907 0.006)
(0.017 0.04 0.008087198667)
(0.017 0.04 0.01017439733)
(0.017 0.04 0.012261596)
(0.017 0.04 0.01434879467)
(0.017 0.04 0.016738404)
(0.017 0.04 0.01882560267)
(0.017 0.04 0.02091280133)
(0.015 0 0.008087198667)
(0.015 0 0.01017439733)
(0.015 0 0.012261596)
(0.015 0 0.01434879467)
(0.015 0 0.016738404)
(0.015 0 0.01882560267)
(0.015 0 0.02091280133)
(0.015 0.001955240926 0.006)
(0.015 0.003910481852 0.006)
(0.015 0.005947492783 0.006)
(0.015 0.008119357531 0.006)
(0.015 0.01007459846 0.006)
(0.015 0.01202983938 0.006)
(0.015 0.01398508031 0.006)
(0.015 0.01594032123 0.006)
(0.015 0.01819395599 0.006)
(0.015 0.02014919691 0.006)
(0.015 0.02210443784 0.006)
(0.015 0.02405967877 0.006)
(0.015 0.02601491969 0.006)
(0.015 0.02797016062 0.006)
(0.015 0.03010643355 0.006)
(0.015 0.0321790363 0.006)
(0.015 0.03413427722 0.006)
(0.015 0.03608951815 0.006)
(0.015 0.03804475907 0.006)
(0.015 0.04 0.008087198667)
(0.015 0.04 0.01017439733)
(0.015 0.04 0.012261596)
(0.015 0.04 0.01434879467)
(0.015 0.04 0.016738404)
(0.015 0.04 0.01882560267)
(0.015 0.04 0.02091280133)
(0.01 0.002036825148 0.023)
(0.01 0.004073650296 0.023)
(0.01 0.006250134104 0.023)
(0.01 0.008445694419 0.023)
(0.01 0.01048251957 0.023)
(0.01 0.01251934472 0.023)
(0.01 0.01455616986 0.023)
(0.01 0.01660860291 0.023)
(0.01 0.01913078434 0.023)
(0.01 0.02116760949 0.023)
(0.01 0.02320443464 0.023)
(0.01 0.02524125978 0.023)
(0.01 0.02727808493 0.023)
(0.01 0.02938818843 0.023)
(0.01 0.03185269941 0.023)
(0.01 0.03388952456 0.023)
(0.01 0.0359263497 0.023)
(0.01 0.03796317485 0.023)
(0.012 0.001955240926 0.023)
(0.012 0.003910481852 0.023)
(0.012 0.005947492783 0.023)
(0.012 0.008119357531 0.023)
(0.012 0.01007459846 0.023)
(0.012 0.01202983938 0.023)
(0.012 0.01398508031 0.023)
(0.012 0.01594032123 0.023)
(0.012 0.01819395599 0.023)
(0.012 0.02014919691 0.023)
(0.012 0.02210443784 0.023)
(0.012 0.02405967877 0.023)
(0.012 0.02601491969 0.023)
(0.012 0.02797016062 0.023)
(0.012 0.03010643355 0.023)
(0.012 0.0321790363 0.023)
(0.012 0.03413427722 0.023)
(0.012 0.03608951815 0.023)
(0.012 0.03804475907 0.023)
(0.012 0 0.008087198667)
(0.012 0 0.01017439733)
(0.012 0 0.012261596)
(0.012 0 0.01434879467)
(0.012 0 0.016738404)
(0.012 0 0.01882560267)
(0.012 0 0.02091280133)
(0.012 0.001955240926 0.006)
(0.012 0.003910481852 0.006)
(0.012 0.005947492783 0.006)
(0.012 0.008119357531 0.006)
(0.012 0.01007459846 0.006)
(0.012 0.01202983938 0.006)
(0.012 0.01398508031 0.006)
(0.012 0.01594032123 0.006)
(0.012 0.01819395599 0.006)
(0.012 0.02014919691 0.006)
(0.012 0.02210443784 0.006)
(0.012 0.02405967877 0.006)
(0.012 0.02601491969 0.006)
(0.012 0.02797016062 0.006)
(0.012 0.03010643355 0.006)
(0.012 0.0321790363 0.006)
(0.012 0.03413427722 0.006)
(0.012 0.03608951815 0.006)
(0.012 0.03804475907 0.006)
(0.012 0.04 0.008087198667)
(0.012 0.04 0.01017439733)
(0.012 0.04 0.012261596)
(0.012 0.04 0.01434879467)
(0.012 0.04 0.016738404)
(0.012 0.04 0.01882560267)
(0.012 0.04 0.02091280133)
(0.01 0 0.008087198667)
(0.01 0 0.01017439733)
(0.01 0 0.012261596)
(0.01 0 0.01434879467)
(0.01 0 0.016738404)
(0.01 0 0.01882560267)
(0.01 0 0.02091280133)
(0.01 0.002036825148 0.006)
(0.01 0.004073650296 0.006)
(0.01 0.006250134104 0.006)
(0.01 0.008445694419 0.006)
(0.01 0.01048251957 0.006)
(0.01 0.01251934472 0.006)
(0.01 0.01455616986 0.006)
(0.01 0.01660860291 0.006)
(0.01 0.01913078434 0.006)
(0.01 0.02116760949 0.006)
(0.01 0.02320443464 0.006)
(0.01 0.02524125978 0.006)
(0.01 0.02727808493 0.006)
(0.01 0.02938818843 0.006)
(0.01 0.03185269941 0.006)
(0.01 0.03388952456 0.006)
(0.01 0.0359263497 0.006)
(0.01 0.03796317485 0.006)
(0.01 0.04 0.008087198667)
(0.01 0.04 0.01017439733)
(0.01 0.04 0.012261596)
(0.01 0.04 0.01434879467)
(0.01 0.04 0.016738404)
(0.01 0.04 0.01882560267)
(0.01 0.04 0.02091280133)
(0.005 0.001955240926 0.023)
(0.005 0.003910481852 0.023)
(0.005 0.005947492783 0.023)
(0.005 0.008119357531 0.023)
(0.005 0.01007459846 0.023)
(0.005 0.01202983938 0.023)
(0.005 0.01398508031 0.023)
(0.005 0.01594032123 0.023)
(0.005 0.01819395599 0.023)
(0.005 0.02014919691 0.023)
(0.005 0.02210443784 0.023)
(0.005 0.02405967877 0.023)
(0.005 0.02601491969 0.023)
(0.005 0.02797016062 0.023)
(0.005 0.03010643355 0.023)
(0.005 0.0321790363 0.023)
(0.005 0.03413427722 0.023)
(0.005 0.03608951815 0.023)
(0.005 0.03804475907 0.023)
(0.007 0.001955240926 0.023)
(0.007 0.003910481852 0.023)
(0.007 0.005947492783 0.023)
(0.007 0.008119357531 0.023)
(0.007 0.01007459846 0.023)
(0.007 0.01202983938 0.023)
(0.007 0.01398508031 0.023)
(0.007 0.01594032123 0.023)
(0.007 0.01819395599 0.023)
(0.007 0.02014919691 0.023)
(0.007 0.02210443784 0.023)
(0.007 0.02405967877 0.023)
(0.007 0.02601491969 0.023)
(0.007 0.02797016062 0.023)
(0.007 0.03010643355 0.023)
(0.007 0.0321790363 0.023)
(0.007 0.03413427722 0.023)
(0.007 0.03608951815 0.023)
(0.007 0.03804475907 0.023)
(0.007 0 0.008087198667)
(0.007 0 0.01017439733)
(0.007 0 0.012261596)
(0.007 0 0.01434879467)
(0.007 0 0.016738404)
(0.007 0 0.01882560267)
(0.007 0 0.02091280133)
(0.007 0.001955240926 0.006)
(0.007 0.003910481852 0.006)
(0.007 0.005947492783 0.006)
(0.007 0.008119357531 0.006)
(0.007 0.01007459846 0.006)
(0.007 0.01202983938 0.006)
(0.007 0.01398508031 0.006)
(0.007 0.01594032123 0.006)
(0.007 0.01819395599 0.006)
(0.007 0.02014919691 0.006)
(0.007 0.02210443784 0.006)
(0.007 0.02405967877 0.006)
(0.007 0.02601491969 0.006)
(0.007 0.02797016062 0.006)
(0.007 0.03010643355 0.006)
(0.007 0.0321790363 0.006)
(0.007 0.03413427722 0.006)
(0.007 0.03608951815 0.006)
(0.007 0.03804475907 0.006)
(0.007 0.04 0.008087198667)
(0.007 0.04 0.01017439733)
(0.007 0.04 0.012261596)
(0.007 0.04 0.01434879467)
(0.007 0.04 0.016738404)
(0.007 0.04 0.01882560267)
(0.007 0.04 0.02091280133)
(0.005 0 0.008087198667)
(0.005 0 0.01017439733)
(0.005 0 0.012261596)
(0.005 0 0.01434879467)
(0.005 0 0.016738404)
(0.005 0 0.01882560267)
(0.005 0 0.02091280133)
(0.005 0.001955240926 0.006)
(0.005 0.003910481852 0.006)
(0.005 0.005947492783 0.006)
(0.005 0.008119357531 0.006)
(0.005 0.01007459846 0.006)
(0.005 0.01202983938 0.006)
(0.005 0.01398508031 0.006)
(0.005 0.01594032123 0.006)
(0.005 0.01819395599 0.006)
(0.005 0.02014919691 0.006)
(0.005 0.02210443784 0.006)
(0.005 0.02405967877 0.006)
(0.005 0.02601491969 0.006)
(0.005 0.02797016062 0.006)
(0.005 0.03010643355 0.006)
(0.005 0.0321790363 0.006)
(0.005 0.03413427722 0.006)
(0.005 0.03608951815 0.006)
(0.005 0.03804475907 0.006)
(0.005 0.04 0.008087198667)
(0.005 0.04 0.01017439733)
(0.005 0.04 0.012261596)
(0.005 0.04 0.01434879467)
(0.005 0.04 0.016738404)
(0.005 0.04 0.01882560267)
(0.005 0.04 0.02091280133)
(0.002 0 0.008087198667)
(0.002 0 0.01017439733)
(0.002 0 0.012261596)
(0.002 0 0.01434879467)
(0.002 0 0.016738404)
(0.002 0 0.01882560267)
(0.002 0 0.02091280133)
(0.002 0.001955240926 0.006)
(0.002 0.003910481852 0.006)
(0.002 0.005947492783 0.006)
(0.002 0.008119357531 0.006)
(0.002 0.01007459846 0.006)
(0.002 0.01202983938 0.006)
(0.002 0.01398508031 0.006)
(0.002 0.01594032123 0.006)
(0.002 0.01819395599 0.006)
(0.002 0.02014919691 0.006)
(0.002 0.02210443784 0.006)
(0.002 0.02405967877 0.006)
(0.002 0.02601491969 0.006)
(0.002 0.02797016062 0.006)
(0.002 0.03010643355 0.006)
(0.002 0.0321790363 0.006)
(0.002 0.03413427722 0.006)
(0.002 0.03608951815 0.006)
(0.002 0.03804475907 0.006)
(0.002 0.04 0.008087198667)
(0.002 0.04 0.01017439733)
(0.002 0.04 0.012261596)
(0.002 0.04 0.01434879467)
(0.002 0.04 0.016738404)
(0.002 0.04 0.01882560267)
(0.002 0.04 0.02091280133)
(0.002 0.001955240926 0.023)
(0.002 0.003910481852 0.023)
(0.002 0.005947492783 0.023)
(0.002 0.008119357531 0.023)
(0.002 0.01007459846 0.023)
(0.002 0.01202983938 0.023)
(0.002 0.01398508031 0.023)
(0.002 0.01594032123 0.023)
(0.002 0.01819395599 0.023)
(0.002 0.02014919691 0.023)
(0.002 0.02210443784 0.023)
(0.002 0.02405967877 0.023)
(0.002 0.02601491969 0.023)
(0.002 0.02797016062 0.023)
(0.002 0.03010643355 0.023)
(0.002 0.0321790363 0.023)
(0.002 0.03413427722 0.023)
(0.002 0.03608951815 0.023)
(0.002 0.03804475907 0.023)
(0.042 0 0.008087198667)
(0.042 0 0.01017439733)
(0.042 0 0.012261596)
(0.042 0 0.01434879467)
(0.042 0 0.016738404)
(0.042 0 0.01882560267)
(0.042 0 0.02091280133)
(0.042 0.001955240926 0.006)
(0.042 0.003910481852 0.006)
(0.042 0.005947492783 0.006)
(0.042 0.008119357531 0.006)
(0.042 0.01007459846 0.006)
(0.042 0.01202983938 0.006)
(0.042 0.01398508031 0.006)
(0.042 0.01594032123 0.006)
(0.042 0.01819395599 0.006)
(0.042 0.02014919691 0.006)
(0.042 0.02210443784 0.006)
(0.042 0.02405967877 0.006)
(0.042 0.02601491969 0.006)
(0.042 0.02797016062 0.006)
(0.042 0.03010643355 0.006)
(0.042 0.0321790363 0.006)
(0.042 0.03413427722 0.006)
(0.042 0.03608951815 0.006)
(0.042 0.03804475907 0.006)
(0.042 0.04 0.008087198667)
(0.042 0.04 0.01017439733)
(0.042 0.04 0.012261596)
(0.042 0.04 0.01434879467)
(0.042 0.04 0.016738404)
(0.042 0.04 0.01882560267)
(0.042 0.04 0.02091280133)
(0 0.04 0.008087198667)
(0 0.04 0.01017439733)
(0 0.04 0.012261596)
(0 0.04 0.01434879467)
(0 0.04 0.016738404)
(0 0.04 0.01882560267)
(0 0.04 0.02091280133)
(0 0.002036825148 0.023)
(0 0.004073650296 0.023)
(0 0.006250134104 0.023)
(0 0.008445694419 0.023)
(0 0.01048251957 0.023)
(0 0.01251934472 0.023)
(0 0.01455616986 0.023)
(0 0.01660860291 0.023)
(0 0.01913078434 0.023)
(0 0.02116760949 0.023)
(0 0.02320443464 0.023)
(0 0.02524125978 0.023)
(0 0.02727808493 0.023)
(0 0.02938818843 0.023)
(0 0.03185269941 0.023)
(0 0.03388952456 0.023)
(0 0.0359263497 0.023)
(0 0.03796317485 0.023)
(0.0385 0 0.006)
(0.0385 0.04 0.006)
(0.0335 0 0.006)
(0.0335 0.04 0.006)
(0.0285 0 0.006)
(0.0285 0.04 0.006)
(0.0235 0 0.006)
(0.0235 0.04 0.006)
(0.0185 0 0.006)
(0.0185 0.04 0.006)
(0.0135 0 0.006)
(0.0135 0.04 0.006)
(0.0085 0 0.006)
(0.0085 0.04 0.006)
(0.0035 0 0.006)
(0.0035 0.04 0.006)
(0 0 0.008087198667)
(0 0 0.01017439733)
(0 0 0.012261596)
(0 0 0.01434879467)
(0 0 0.016738404)
(0 0 0.01882560267)
(0 0 0.02091280133)
(0.042 0.001955240926 0.004)
(0.042 0.003910481852 0.004)
(0.042 0.005947492783 0.004)
(0.042 0.008119357531 0.004)
(0.042 0.01007459846 0.004)
(0.042 0.01202983938 0.004)
(0.042 0.01398508031 0.004)
(0.042 0.01594032123 0.004)
(0.042 0.01819395599 0.004)
(0.042 0.02014919691 0.004)
(0.042 0.02210443784 0.004)
(0.042 0.02405967877 0.004)
(0.042 0.02601491969 0.004)
(0.042 0.02797016062 0.004)
(0.042 0.03010643355 0.004)
(0.042 0.0321790363 0.004)
(0.042 0.03413427722 0.004)
(0.042 0.03608951815 0.004)
(0.042 0.03804475907 0.004)
(0.001956771151 0.04 0.004)
(0.003913542302 0.04 0.004)
(0.005870313452 0.04 0.004)
(0.007827084603 0.04 0.004)
(0.009783855754 0.04 0.004)
(0.01192478696 0.04 0.004)
(0.01399464421 0.04 0.004)
(0.01595141536 0.04 0.004)
(0.01790818651 0.04 0.004)
(0.01986495767 0.04 0.004)
(0.02182172882 0.04 0.004)
(0.02408377981 0.04 0.004)
(0.02604055096 0.04 0.004)
(0.02799732211 0.04 0.004)
(0.02995409326 0.04 0.004)
(0.03191086441 0.04 0.004)
(0.03407000962 0.04 0.004)
(0.03612968655 0.04 0.004)
(0.0380864577 0.04 0.004)
(0.04004322885 0.04 0.004)
(0 0.002036825148 0.006)
(0 0.004073650296 0.006)
(0 0.006250134104 0.006)
(0 0.008445694419 0.006)
(0 0.01048251957 0.006)
(0 0.01251934472 0.006)
(0 0.01455616986 0.006)
(0 0.01660860291 0.006)
(0 0.01913078434 0.006)
(0 0.02116760949 0.006)
(0 0.02320443464 0.006)
(0 0.02524125978 0.006)
(0 0.02727808493 0.006)
(0 0.02938818843 0.006)
(0 0.03185269941 0.006)
(0 0.03388952456 0.006)
(0 0.0359263497 0.006)
(0 0.03796317485 0.006)
(0.001956771151 0 0.004)
(0.003913542302 0 0.004)
(0.005870313452 0 0.004)
(0.007827084603 0 0.004)
(0.009783855754 0 0.004)
(0.01192478696 0 0.004)
(0.01399464421 0 0.004)
(0.01595141536 0 0.004)
(0.01790818651 0 0.004)
(0.01986495767 0 0.004)
(0.02182172882 0 0.004)
(0.02408377981 0 0.004)
(0.02604055096 0 0.004)
(0.02799732211 0 0.004)
(0.02995409326 0 0.004)
(0.03191086441 0 0.004)
(0.03407000962 0 0.004)
(0.03612968655 0 0.004)
(0.0380864577 0 0.004)
(0.04004322885 0 0.004)
(0 0.001955240926 0.004)
(0 0.003910481852 0.004)
(0 0.005947492783 0.004)
(0 0.008119357531 0.004)
(0 0.01007459846 0.004)
(0 0.01202983938 0.004)
(0 0.01398508031 0.004)
(0 0.01594032123 0.004)
(0 0.01819395599 0.004)
(0 0.02014919691 0.004)
(0 0.02210443784 0.004)
(0 0.02405967877 0.004)
(0 0.02601491969 0.004)
(0 0.02797016062 0.004)
(0 0.03010643355 0.004)
(0 0.0321790363 0.004)
(0 0.03413427722 0.004)
(0 0.03608951815 0.004)
(0 0.03804475907 0.004)
(0.072 -0.07179481068 0.01856443532)
(0.072 -0.07126146337 0.02750144219)
(0.072 -0.0713178037 0.03736017892)
(0.072 -0.07132026447 0.04727074571)
(0.072 -0.07146798848 0.05716584426)
(0.072 -0.07157895975 0.06700735702)
(0.072 -0.07149528827 0.07667437396)
(0.072 -0.07122312544 0.0860696821)
(0.072 -0.07076983385 0.0951588064)
(0.072 -0.06113700763 0.09604137126)
(0.072 -0.05127978181 0.09659150192)
(0.072 -0.0413258648 0.09688763419)
(0.072 -0.03136354574 0.09704575293)
(0.072 -0.02139007945 0.09716772873)
(0.072 -0.01139823375 0.09722926793)
(0.072 -0.001402191949 0.0972234832)
(0.072 0.008587292333 0.09717921137)
(0.072 0.01858144327 0.09713345918)
(0.072 0.02859084109 0.09709386256)
(0.072 0.03861236394 0.09706035064)
(0.072 0.04863197499 0.09704116998)
(0.072 0.05863621122 0.09705223736)
(0.072 0.06861868221 0.09709925688)
(0.072 0.07857887063 0.09716738953)
(0.072 0.08852682632 0.09722288557)
(0.072 0.09848947567 0.09721119147)
(0.072 0.1084586229 0.09706818633)
(0.072 0.1183139939 0.09681755475)
(0.072 0.1278632099 0.09669328081)
(0.072 0.1371077225 0.09702087938)
(0.072 0.1470830788 0.09659579437)
(0.072 0.1517101203 0.01644537762)
(0.072 0.1512647776 0.03764032402)
(0.072 0.1508100229 0.05818146665)
(0.072 0.1511465079 0.07816959207)
(0.072 -0.06636950303 0.01082945793)
(0.072 -0.04540123913 0.01091498535)
(0.072 -0.02520125325 0.01091934852)
(0.072 -0.005043572306 0.01079821343)
(0.072 0.01502496824 0.0107122206)
(0.072 0.03501862676 0.01062335357)
(0.072 0.05497936074 0.01056016795)
(0.072 0.07495711135 0.01062866396)
(0.072 0.0949579578 0.01085267815)
(0.072 0.114796793 0.01097971549)
(0.072 0.1338373167 0.01036077647)
(0.072 0.143224834 0.01171426535)
(0.072 0.1508643335 0.06833554558)
(0.072 0.1517229126 0.02735295583)
(0.072 0.1509571756 0.04789231965)
(0.072 0.1510094385 0.08768583647)
(0.072 -0.05580966435 0.01108476998)
(0.072 -0.03527360583 0.01095529241)
(0.072 -0.01510978597 0.01085196074)
(0.072 0.004999587712 0.01075343259)
(0.072 0.02503098115 0.01067229685)
(0.072 0.04499831135 0.01058157233)
(0.072 0.06496482548 0.01057491909)
(0.072 0.08495384598 0.01072134243)
(0.072 0.104942521 0.01097770947)
(0.072 0.1244372127 0.01072651932)
(0.072 -0.06276722868 0.03201231601)
(0.072 -0.06244111695 0.04182481614)
(0.072 -0.06261641206 0.05153354946)
(0.072 -0.06305821489 0.06116179666)
(0.072 -0.0631326189 0.07054987887)
(0.072 -0.06271356726 0.07950965176)
(0.072 -0.06200442318 0.08788545812)
(0.072 0.1420478368 0.04253022525)
(0.072 -0.05239792129 0.08908050131)
(0.072 -0.04256554796 0.08971033378)
(0.072 -0.03269892617 0.0900189109)
(0.072 -0.02279307844 0.09029959066)
(0.072 -0.0128435644 0.09045888535)
(0.072 -0.00287828046 0.09046195384)
(0.072 0.007077867661 0.09036916527)
(0.072 0.01705072581 0.09027696317)
(0.072 0.02706287756 0.09019953322)
(0.072 0.03711293502 0.09012772308)
(0.072 0.0471751103 0.09007208693)
(0.072 0.05721712155 0.09007233098)
(0.072 0.06721537277 0.09015186431)
(0.072 0.07715407582 0.09028691875)
(0.072 0.08702528082 0.09042353461)
(0.072 0.09688075235 0.09047472529)
(0.072 0.1067960601 0.09025752989)
(0.072 0.1166633006 0.08967259476)
(0.072 0.1261408408 0.08905464199)
(0.072 0.1349199092 0.08927650499)
(0.072 0.1427288236 0.09063710003)
(0.072 -0.05072653814 0.01959081126)
(0.072 0.1429167243 0.03234708499)
(0.072 0.1418299899 0.07379763265)
(0.072 0.1440099023 0.02230660566)
(0.072 -0.06197809496 0.02087670385)
(0.072 0.1414678827 0.06367960255)
(0.072 0.1417044999 0.05301800717)
(0.072 -0.02029227605 0.01973697524)
(0.072 0.01006115662 0.01945690021)
(0.072 -8.512708207e-07 0.01953788817)
(0.072 0.03008524184 0.01929795758)
(0.072 0.04997930414 0.01911733815)
(0.072 0.06988099708 0.01917171967)
(0.072 0.08984223986 0.01954789148)
(0.072 0.1099429843 0.02013058713)
(0.072 0.1289252396 0.01925291025)
(0.072 -0.03048752885 0.019911953)
(0.072 0.1426150291 0.08288499948)
(0.072 -0.01011464769 0.0196170809)
(0.072 -0.04060524935 0.01991672907)
(0.072 0.1197141643 0.02003064078)
(0.072 0.09990910942 0.01984878513)
(0.072 0.04004093267 0.0192036527)
(0.072 0.02009210262 0.01938017216)
(0.072 0.05992688849 0.01910522472)
(0.072 0.07983934951 0.0193142799)
(0.072 0.1370799993 0.01810278639)
(0.072 -0.05335255194 0.04603218889)
(0.072 -0.05412631042 0.05591058488)
(0.072 -0.05497098109 0.06490721697)
(0.072 -0.05463074958 0.07367546577)
(0.072 -0.05348154392 0.08145161115)
(0.072 0.1255787395 0.02903102536)
(0.072 -0.01524207471 0.02842299421)
(0.072 -0.04383703792 0.08243669499)
(0.072 -0.03412994946 0.08281231201)
(0.072 -0.02433194742 0.08333451741)
(0.072 -0.01447019337 0.08366238672)
(0.072 -0.004576191039 0.08369549758)
(0.072 0.005300672337 0.08352962576)
(0.072 0.01521979484 0.08338162253)
(0.072 0.02521536402 0.08326746492)
(0.072 0.03529353162 0.0831541446)
(0.072 0.04542537413 0.08303718678)
(0.072 0.05555651692 0.08299316936)
(0.072 0.06562791781 0.08308999067)
(0.072 0.07559516418 0.08329617201)
(0.072 0.0854026889 0.08352347336)
(0.072 0.09505264553 0.08373606138)
(0.072 0.1047548537 0.08364433149)
(0.072 0.1146613139 0.08275843209)
(0.072 0.1242093556 0.08118823131)
(0.072 0.1331991309 0.03660419687)
(0.072 0.01518712154 0.02810186486)
(0.072 0.0549109169 0.02757765479)
(0.072 0.005112813161 0.02822920016)
(0.072 0.1313913922 0.07068776331)
(0.072 0.1325427249 0.05848350426)
(0.072 0.0946520543 0.0284739287)
(0.072 0.08455352107 0.02806688408)
(0.072 0.04503793248 0.02768591195)
(0.072 0.07463994295 0.02777731786)
(0.072 0.0647878871 0.02761207855)
(0.072 0.0351616587 0.02786580226)
(0.072 0.1324445292 0.0472885696)
(0.072 0.1153509072 0.02963649142)
(0.072 -0.02557181531 0.02866523416)
(0.072 -0.005026802321 0.02833286067)
(0.072 0.1335934599 0.08076234996)
(0.072 0.02520318402 0.02797817971)
(0.072 0.1351961076 0.02668535798)
(0.072 -0.05351829705 0.03634228931)
(0.072 0.1048884947 0.02903529421)
(0.072 -0.04606822875 0.02884208688)
(0.072 -0.05503141656 0.02747444371)
(0.072 -0.03601618072 0.02913484362)
(0.072 0.03037166745 0.03651128333)
(0.072 -0.04604758237 0.06057725247)
(0.072 -0.04762931759 0.06840348395)
(0.072 -0.04532152261 0.07514477945)
(0.072 -0.01010868335 0.03710978886)
(0.072 -0.03578975662 0.07521524053)
(0.072 -0.02605547443 0.07616478633)
(0.072 -0.0163734745 0.07680335665)
(0.072 -0.006632180596 0.07692562065)
(0.072 0.003072711344 0.07662077991)
(0.072 0.01288918765 0.07639535021)
(0.072 0.02283594363 0.07624595787)
(0.072 0.03291921078 0.07610525506)
(0.072 0.04313418453 0.07590237353)
(0.072 0.05343857225 0.07574977235)
(0.072 0.06369053143 0.07582930323)
(0.072 0.07378772645 0.07612856308)
(0.072 0.08361301682 0.07642949029)
(0.072 0.09309494056 0.07678289891)
(0.072 0.1022016653 0.07717819758)
(0.072 0.1116872907 0.07648033921)
(0.072 0.109826157 0.03852868732)
(0.072 0.1219279078 0.04034101084)
(0.072 0.02038356784 0.03664993612)
(0.072 0.1208878079 0.07376052305)
(0.072 0.01031758008 0.03682729487)
(0.072 0.09920173565 0.03747080769)
(0.072 0.04997200553 0.03600709155)
(0.072 0.04024947544 0.03632854246)
(0.072 -0.0428740076 0.03946497306)
(0.072 0.07906118135 0.03643905959)
(0.072 -0.04491999852 0.05083713539)
(0.072 -0.02037568033 0.0371207019)
(0.072 0.08899713272 0.03686559495)
(0.072 0.1236227626 0.0635566716)
(0.072 -0.03101685939 0.0376581546)
(0.072 0.0001403079281 0.0370221184)
(0.072 0.05972239852 0.03590053525)
(0.072 0.06939440096 0.03608552934)
(0.072 0.1233914874 0.05258331522)
(0.072 0.1134397073 0.04840269441)
(0.072 0.02564288094 0.0450957295)
(0.072 -0.03812407996 0.06670121666)
(0.072 -0.02773470149 0.06859255109)
(0.072 -0.01851837083 0.0697724279)
(0.072 -0.009141174791 0.07020716997)
(0.072 0.0001851198078 0.06958963941)
(0.072 0.009856330531 0.06925152457)
(0.072 0.0197273 0.06905804257)
(0.072 0.02978432334 0.0689296202)
(0.072 0.03998423054 0.0686746417)
(0.072 0.05056553764 0.06831421984)
(0.072 0.06123391191 0.06823677162)
(0.072 0.07163824413 0.0687183383)
(0.072 0.08159743136 0.06906923248)
(0.072 0.09113428742 0.06948209069)
(0.072 0.09995849676 0.0700306457)
(0.072 -0.03554326059 0.04687080913)
(0.072 0.01563484929 0.04528955973)
(0.072 0.1030338704 0.0464753555)
(0.072 0.04534136453 0.04461800362)
(0.072 -0.01526134147 0.04581027536)
(0.072 -0.03734259739 0.05674096114)
(0.072 0.005457407673 0.04552199046)
(0.072 -0.005003883762 0.04585880917)
(0.072 0.1152547685 0.06767521426)
(0.072 0.115095696 0.05833006822)
(0.072 0.1076279401 0.07101434463)
(0.072 -0.02535574406 0.04536990804)
(0.072 0.03558261079 0.04493020804)
(0.072 0.05475173787 0.04399169939)
(0.072 0.08298940616 0.04511064147)
(0.072 0.07342095114 0.04471397477)
(0.072 0.09294106921 0.04561307463)
(0.072 -0.01974870683 0.06202812648)
(0.072 -0.01213425566 0.06380078759)
(0.072 -0.003743745898 0.06235453267)
(0.072 0.005943429592 0.06188612319)
(0.072 0.01571010319 0.06157130532)
(0.072 0.02585658674 0.06156398358)
(0.072 0.03578791307 0.06121752296)
(0.072 0.04628530034 0.06097026527)
(0.072 0.0581140667 0.06002285438)
(0.072 0.06922241204 0.06099697847)
(0.072 0.07923795063 0.06137394128)
(0.072 0.08913224598 0.06186291774)
(0.072 0.09839838206 0.06233421552)
(0.072 -0.02960979766 0.05275407252)
(0.072 0.02096566503 0.05358604516)
(0.072 0.1057837985 0.05534762667)
(0.072 0.0408753658 0.05316271504)
(0.072 0.0308947696 0.05340268028)
(0.072 -0.02882490417 0.06065490333)
(0.072 0.06420149666 0.04407380594)
(0.072 0.1071414554 0.06363681918)
(0.072 0.01088849527 0.05379690923)
(0.072 0.08635526537 0.0536458978)
(0.072 0.09612539608 0.05419324648)
(0.072 0.05067018384 0.05270808547)
(0.072 -0.01072145547 0.05515068907)
(0.072 0.07669541426 0.05332948127)
(0.072 0.0005008066396 0.05406433522)
(0.072 0.06733054575 0.05281947852)
(0.072 -0.02110159264 0.05372385513)
(0.072 0.05919097252 0.05112443621)
(-0.01326725406 0.16 0.0105254255)
(-0.005499615543 0.16 0.01198766098)
(0.00381996541 0.16 0.01196048271)
(0.01319981079 0.16 0.01206360814)
(0.02250728061 0.16 0.01221608166)
(0.03180460152 0.16 0.0123221185)
(0.04110722994 0.16 0.01272485048)
(0.05073462642 0.16 0.0126939314)
(0.05939681036 0.16 0.0128534272)
(0.05962243075 0.16 0.02098055512)
(0.06066058174 0.16 0.02954066822)
(0.06172933854 0.16 0.03833633912)
(0.06267664034 0.16 0.04657634064)
(0.06046578721 0.16 0.0552110008)
(0.0614174598 0.16 0.06631583074)
(0.06188036174 0.16 0.07620232234)
(0.06164741198 0.16 0.08649726977)
(-0.01276057161 0.16 0.0922643343)
(0.008346946847 0.16 0.09137083472)
(0.02819234473 0.16 0.09047434065)
(0.04662450151 0.16 0.08960909133)
(-0.01989462773 0.16 0.01962684216)
(-0.01786975784 0.16 0.03967877036)
(-0.01773352247 0.16 0.06041328389)
(-0.01866077782 0.16 0.07806659751)
(-0.01601048467 0.16 0.08495420697)
(-0.002076618257 0.16 0.09186486902)
(0.01811195125 0.16 0.09090785699)
(0.0373858091 0.16 0.09017437075)
(0.0548076509 0.16 0.08879029383)
(-0.01838180955 0.16 0.02873950725)
(-0.01764491031 0.16 0.05004300007)
(-0.01773175107 0.16 0.06981091033)
(-0.01913020427 0.16 0.01239590364)
(-0.001055340862 0.16 0.02169478198)
(0.007716165977 0.16 0.02135023185)
(0.01623829746 0.16 0.02114190133)
(0.02478140048 0.16 0.02117663728)
(0.03330216155 0.16 0.02162931239)
(0.04235937561 0.16 0.02155338903)
(0.05146426556 0.16 0.02106429077)
(-0.009645000863 0.16 0.07624870091)
(0.05300434748 0.16 0.02881883111)
(0.05495544488 0.16 0.0366602282)
(0.05710435148 0.16 0.0452364849)
(0.05566953534 0.16 0.06233312871)
(0.05765123303 0.16 0.0706423961)
(0.05648717737 0.16 0.07873375076)
(0.04989749248 0.16 0.07974844592)
(0.04210293212 0.16 0.0806633922)
(0.004739598751 0.16 0.08456177414)
(0.03332292241 0.16 0.08155472121)
(0.0238426031 0.16 0.08260772115)
(0.01426868949 0.16 0.08380279365)
(-0.01144364841 0.16 0.02165054053)
(-0.005758578706 0.16 0.08467473949)
(-0.009845398682 0.16 0.05609013093)
(-0.01012958533 0.16 0.04602595337)
(-0.009540045371 0.16 0.06576298581)
(-0.01071435013 0.16 0.0351578462)
(0.01214805555 0.16 0.03017063156)
(0.02000135996 0.16 0.02977315763)
(0.02779556053 0.16 0.02989483503)
(0.03606225283 0.16 0.02965571923)
(0.04472906415 0.16 0.02907127481)
(0.04719384525 0.16 0.03628700385)
(0.05002583183 0.16 0.04399826086)
(0.053172098 0.16 0.05301943753)
(0.03735301759 0.16 0.07186787076)
(0.02839164231 0.16 0.0740043458)
(-0.001874252192 0.16 0.05119769741)
(0.05260013052 0.16 0.07039064671)
(-0.000847297264 0.16 0.0699466384)
(-0.003088661496 0.16 0.0415180892)
(0.04541002173 0.16 0.07065651452)
(0.004565815734 0.16 0.03049453041)
(0.01019112165 0.16 0.07759381754)
(-0.001191383541 0.16 0.06072693737)
(0.0190611962 0.16 0.07597353109)
(-0.003196824003 0.16 0.03156668318)
(0.0009492120136 0.16 0.0776700165)
(0.01706881645 0.16 0.03842236393)
(0.02422041157 0.16 0.03752789975)
(0.03138999353 0.16 0.0368051197)
(0.0392570912 0.16 0.03641215061)
(0.03171998717 0.16 0.06489700679)
(0.04239655785 0.16 0.04355512362)
(0.04560943013 0.16 0.05208078551)
(0.04888895741 0.16 0.0615134908)
(0.002633699048 0.16 0.03757937872)
(0.00937596708 0.16 0.03849585735)
(0.006885686411 0.16 0.05529019288)
(0.00636721722 0.16 0.07220884503)
(0.004754611598 0.16 0.0454571515)
(0.04003366264 0.16 0.06115669551)
(0.01392411941 0.16 0.06980686419)
(0.007070651465 0.16 0.06465496804)
(0.02283361901 0.16 0.06725778692)
(0.03307472113 0.16 0.05722728779)
(0.02834331159 0.16 0.04274640233)
(0.0347312846 0.16 0.04344781494)
(0.03754847906 0.16 0.05133210688)
(0.01628670599 0.16 0.05961530532)
(0.01412816638 0.16 0.0479364573)
(0.02254739274 0.16 0.04497984096)
(0.0259064473 0.16 0.05870721821)
(0.02917572413 0.16 0.05016595138)
(0.02160888731 0.16 0.05228095463)
(-0.02109019789 -0.06629773389 0.104)
(-0.02089691823 -0.05576688362 0.104)
(-0.02122894933 -0.04540394562 0.104)
(-0.02114717776 -0.03530441943 0.104)
(-0.02097101415 -0.02534437476 0.104)
(-0.02100716673 -0.01532922798 0.104)
(-0.02115788044 -0.005254204952 0.104)
(-0.0212973544 0.004838363956 0.104)
(-0.02137688423 0.01491058053 0.104)
(-0.02141139951 0.02495273713 0.104)
(-0.02142640242 0.03497273212 0.104)
(-0.02143411455 0.04497806063 0.104)
(-0.02143899183 0.05497237923 0.104)
(-0.02144164386 0.06495521985 0.104)
(-0.02143995414 0.07492162892 0.104)
(-0.02143127272 0.08485908769 0.104)
(-0.02142444649 0.09474176823 0.104)
(-0.02144975118 0.1045368467 0.104)
(-0.02152036178 0.1142320615 0.104)
(-0.02158417828 0.1238266778 0.104)
(-0.02153875359 0.1332854481 0.104)
(-0.02130069615 0.14252563 0.104)
(-0.0207930061 0.1514500191 0.104)
(-0.01333750516 -0.0717126565 0.104)
(0.005509472839 -0.07155325464 0.104)
(0.02555283335 -0.07142035405 0.104)
(0.04584703525 -0.07086802553 0.104)
(0.06286362955 -0.06603342925 0.104)
(0.06286964038 -0.04483731261 0.104)
(0.06334731996 -0.02466958235 0.104)
(0.06350895781 -0.004835016867 0.104)
(0.06350472667 0.01504745429 0.104)
(0.06346973389 0.03500626772 0.104)
(0.06345320725 0.05502073942 0.104)
(0.06339139415 0.07514141206 0.104)
(0.06318938204 0.09553703693 0.104)
(0.06320540023 0.116169615 0.104)
(0.06242080038 0.1348477201 0.104)
(-0.01118356456 0.1524419826 0.104)
(-0.00134968571 0.1531228125 0.104)
(0.008671659177 0.1534090419 0.104)
(0.01868516469 0.1532429047 0.104)
(0.02830386449 0.1529581962 0.104)
(0.03804532802 0.1521515853 0.104)
(0.04807134954 0.1501896581 0.104)
(0.06005967728 0.1475682334 0.104)
(-0.004389692328 -0.07131404013 0.104)
(0.01552715 -0.07154856679 0.104)
(0.03574852294 -0.07119282258 0.104)
(0.05502103653 -0.07138806994 0.104)
(0.06242336812 -0.05531130238 0.104)
(0.06318670771 -0.03467369195 0.104)
(0.063448123 -0.01473807591 0.104)
(0.06352792639 0.00510306048 0.104)
(0.06348346683 0.02502034763 0.104)
(0.06346096232 0.04500527983 0.104)
(0.0634351962 0.06505609035 0.104)
(0.06330707973 0.08530129008 0.104)
(0.06309835478 0.1058657375 0.104)
(0.06460545383 0.1253127453 0.104)
(0.02986309796 -0.06279096678 0.104)
(-0.01250596652 -0.05064010595 0.104)
(-0.0126429375 -0.04052284855 0.104)
(-0.01192922505 -0.03079017724 0.104)
(-0.0118230376 -0.02077079411 0.104)
(-0.01214397663 -0.01059736458 0.104)
(-0.01251520202 -0.000379829813 0.104)
(-0.01273172927 0.009789272244 0.104)
(-0.01281676854 0.01988655963 0.104)
(-0.01285090772 0.02993789308 0.104)
(-0.01286668825 0.03995938658 0.104)
(-0.01287587083 0.04995933935 0.104)
(-0.01288153465 0.05993939131 0.104)
(-0.01288155131 0.06989500879 0.104)
(-0.01286677302 0.07981392804 0.104)
(-0.01282521608 0.08966777475 0.104)
(-0.01278745608 0.09939308166 0.104)
(-0.01285410674 0.1089147449 0.104)
(-0.01302398826 0.1182351765 0.104)
(-0.01311188595 0.127349472 0.104)
(-0.01288034153 0.1361680341 0.104)
(-0.01225513215 0.1444938753 0.104)
(0.0534340661 -0.04943559563 0.104)
(0.01024542435 -0.06321698519 0.104)
(0.05197225576 -0.06099521478 0.104)
(-0.01075635566 -0.06170735284 0.104)
(0.01983134408 -0.06290609495 0.104)
(0.05218790243 0.1385478682 0.104)
(0.05496488608 -0.009533370951 0.104)
(0.05479306111 -0.01930555641 0.104)
(0.05503576249 0.01012581719 0.104)
(0.0549434463 0.03000357637 0.104)
(0.05492303644 0.05000504587 0.104)
(0.05486824957 0.07013194036 0.104)
(0.0545652835 0.09069697048 0.104)
(0.05421428389 0.1124011255 0.104)
(0.05476933998 0.1252225196 0.104)
(0.0002713584748 -0.06304398599 0.104)
(0.04029737403 -0.06214051146 0.104)
(0.05459707767 -0.0291185558 0.104)
(-0.002979461035 0.1460143434 0.104)
(0.006601896341 0.1468786871 0.104)
(0.01643899234 0.1466669113 0.104)
(0.0259425959 0.145695556 0.104)
(0.03393830558 0.1456816764 0.104)
(0.05423349709 -0.03906991766 0.104)
(0.05493060878 0.03999463846 0.104)
(0.05505859142 0.0002646209451 0.104)
(0.0549817454 0.02004909903 0.104)
(0.05491271056 0.06004818872 0.104)
(0.05476596997 0.08033112995 0.104)
(0.05431570167 0.1013226877 0.104)
(0.042160589 0.1421339654 0.104)
(0.04660569235 -0.004429489937 0.104)
(-0.002959079047 -0.03668583306 0.104)
(-0.002269805979 -0.0265883221 0.104)
(-0.002740363041 -0.01615163245 0.104)
(-0.003582344427 -0.005694641529 0.104)
(-0.004078527167 0.004627643182 0.104)
(-0.004227631441 0.01478428481 0.104)
(-0.004287976972 0.02487811765 0.104)
(-0.004314519003 0.0349295958 0.104)
(-0.004328218531 0.04494763746 0.104)
(-0.004336768414 0.0549361668 0.104)
(-0.00434155176 0.06489302119 0.104)
(-0.004336084051 0.07480870958 0.104)
(-0.004294034855 0.08466569367 0.104)
(-0.004163453019 0.09442503899 0.104)
(-0.004035889223 0.1039546411 0.104)
(-0.00424581591 0.1130975289 0.104)
(-0.004632944047 0.1219774149 0.104)
(-0.004716310491 0.1305226245 0.104)
(-0.00415752276 0.1384937145 0.104)
(0.04579570276 -0.03309907692 0.104)
(0.04529934117 0.107150913 0.104)
(0.04641925597 0.03497869884 0.104)
(0.03368962083 -0.0543036877 0.104)
(0.04519046394 0.1187707537 0.104)
(0.04628981803 -0.01400408242 0.104)
(0.04639186496 0.06506602329 0.104)
(0.04651463715 0.01508189311 0.104)
(0.04641192449 0.05500548061 0.104)
(0.04643953537 0.02499582554 0.104)
(0.0457173478 0.09613381292 0.104)
(0.04612286195 0.08553296819 0.104)
(0.00536218083 -0.05571395129 0.104)
(0.04362001015 -0.05261215791 0.104)
(0.04602988044 -0.02350232597 0.104)
(0.004525767729 0.1403371938 0.104)
(0.01377916982 0.1405697907 0.104)
(0.02304839877 0.1385123052 0.104)
(0.04665247176 0.005289695815 0.104)
(0.04412782012 0.1308624127 0.104)
(0.02361254389 -0.05443236316 0.104)
(0.04516271517 -0.04274749478 0.104)
(0.03340838464 0.1363711037 0.104)
(-0.005076039761 -0.04537243218 0.104)
(-0.003186160649 -0.05389706303 0.104)
(0.04641444287 0.04498272236 0.104)
(0.04631882027 0.0752233433 0.104)
(0.01400647349 -0.05384530858 0.104)
(0.03793390357 0.03995508489 0.104)
(0.007619634514 -0.02200905844 0.104)
(0.005787272125 -0.0110358768 0.104)
(0.004506884648 -0.0004929073229 0.104)
(0.004351016807 0.00963660511 0.104)
(0.004252224424 0.01977418302 0.104)
(0.004207516614 0.02987411889 0.104)
(0.004187866878 0.03992645428 0.104)
(0.004178489746 0.04993628178 0.104)
(0.004171352736 0.05990517716 0.104)
(0.004165749334 0.06982662085 0.104)
(0.00417146968 0.07968223561 0.104)
(0.004250850226 0.0894566443 0.104)
(0.004638868924 0.09915684991 0.104)
(0.005034830224 0.1085146752 0.104)
(0.004150258609 0.1171106811 0.104)
(0.003370750229 0.1255487867 0.104)
(0.003370567339 0.1330726031 0.104)
(0.03595184852 0.1126064679 0.104)
(0.03806786863 -0.008862045295 0.104)
(0.03571982416 0.1242456818 0.104)
(0.03719786373 -0.01801451725 0.104)
(0.005140179132 -0.04563889471 0.104)
(0.007560875622 -0.03387108862 0.104)
(0.03733836332 -0.02724503467 0.104)
(0.03779500358 0.08022001987 0.104)
(0.03790853393 0.0700568763 0.104)
(0.03604152649 -0.04535011603 0.104)
(0.01057977641 0.1352056548 0.104)
(0.02761394444 -0.04730386377 0.104)
(0.01755381078 -0.04336193502 0.104)
(0.03793311589 0.05999558764 0.104)
(0.03650085726 0.1014757986 0.104)
(0.03849104467 0.0006157407503 0.104)
(0.03793516983 0.04997218989 0.104)
(0.02674455502 0.1289188959 0.104)
(0.03745680505 0.09059461097 0.104)
(0.03798325485 0.01997337747 0.104)
(0.03793896073 0.02994673763 0.104)
(0.01826997166 0.1325746412 0.104)
(0.03811741089 0.01011991454 0.104)
(0.03698293021 -0.03646923093 0.104)
(0.02685683661 0.1180116638 0.104)
(0.02832046903 -0.01211090064 0.104)
(0.01263596597 -0.005084710481 0.104)
(0.01295675055 0.004381294088 0.104)
(0.01277172238 0.0145983064 0.104)
(0.01268834687 0.02478196145 0.104)
(0.01266087478 0.03489088484 0.104)
(0.01265138245 0.04493211845 0.104)
(0.01264939347 0.05492723636 0.104)
(0.01264046488 0.0648668002 0.104)
(0.01262681754 0.07474298468 0.104)
(0.0126036383 0.08449519484 0.104)
(0.01266293696 0.09409737624 0.104)
(0.0139613323 0.1039369976 0.104)
(0.01542366704 0.1138444711 0.104)
(0.01098327792 0.1215685189 0.104)
(0.01134006241 0.1285783429 0.104)
(0.0294912353 0.04494476883 0.104)
(0.02881450077 0.09518470434 0.104)
(0.02946033706 0.07495340236 0.104)
(0.02764649066 -0.02203358649 0.104)
(0.01910949667 0.1237878098 0.104)
(0.02931377831 0.08497371669 0.104)
(0.02739814165 -0.03891472671 0.104)
(0.02949671931 0.06495566002 0.104)
(0.02570298533 0.106516532 0.104)
(0.01882054297 -0.02961654282 0.104)
(0.02944284637 -0.03083705789 0.104)
(0.01741229703 -0.01511930699 0.104)
(0.02949837203 0.05495707926 0.104)
(0.02948387979 0.03491084492 0.104)
(0.02950623581 0.02486008828 0.104)
(0.02957386445 0.01482199654 0.104)
(0.03100539219 -0.003723097144 0.104)
(0.02126416537 0.009285074589 0.104)
(0.02108193091 0.02984228929 0.104)
(0.02108362823 0.04994216337 0.104)
(0.02107368265 0.06985632703 0.104)
(0.02090432533 0.08927016595 0.104)
(0.02172546507 -0.002500283759 0.104)
(0.02980163076 0.004968389303 0.104)
(0.02108621358 0.05992584997 0.104)
(0.02113057689 0.01968230077 0.104)
(0.0210752272 0.03992223838 0.104)
(0.02102905883 0.07969608342 0.104)
(0.02056314598 0.09804949874 0.104)
(-0.01172290651 -0.08 0.009555057821)
(0.007404787445 -0.08 0.01176717916)
(0.0276270537 -0.08 0.01297182898)
(0.04726075697 -0.08 0.01374337782)
(0.06085182214 -0.08 0.01740614707)
(0.05985983877 -0.08 0.03954968162)
(0.05822472201 -0.08 0.06001801236)
(0.05727537834 -0.08 0.07929369502)
(-0.01439404433 -0.08 0.0904080635)
(-0.005000802557 -0.08 0.09004286456)
(0.004433186224 -0.08 0.09051301806)
(0.01419520199 -0.08 0.09097443913)
(0.02396969211 -0.08 0.09152422289)
(0.03372939008 -0.08 0.09229766264)
(0.04392416681 -0.08 0.09254829517)
(0.0547923472 -0.08 0.09283038253)
(-0.01868463362 -0.08 0.01808164884)
(-0.01702466988 -0.08 0.02585344555)
(-0.01685306463 -0.08 0.03519693095)
(-0.01693066103 -0.08 0.04459783767)
(-0.01674112433 -0.08 0.05419968675)
(-0.01710286311 -0.08 0.06444191667)
(-0.0188388085 -0.08 0.0741231281)
(-0.01704101212 -0.08 0.08168950216)
(-0.002943869715 -0.08 0.01102307075)
(0.01744412527 -0.08 0.01233944173)
(0.03734139022 -0.08 0.01354806792)
(0.05495193479 -0.08 0.0124166042)
(0.06034645347 -0.08 0.02884980421)
(0.05889978906 -0.08 0.04963113259)
(0.05761103044 -0.08 0.06974171054)
(0.05854338641 -0.08 0.08690861519)
(-0.01814130923 -0.08 0.01144129234)
(0.003556721693 -0.08 0.01948194348)
(0.04733175645 -0.08 0.07471719189)
(0.05229010512 -0.08 0.02452072367)
(0.02282465853 -0.08 0.02182290225)
(0.04865040513 -0.08 0.06517076162)
(0.05387309656 -0.08 0.03534947425)
(0.0418688564 -0.08 0.02460576706)
(0.05020814145 -0.08 0.05537592599)
(0.01320091108 -0.08 0.02034652182)
(0.05186764685 -0.08 0.04473339129)
(-0.008269322226 -0.08 0.0804768914)
(0.04767905629 -0.08 0.08453283634)
(-0.009001372279 -0.08 0.01892363385)
(0.0004409364224 -0.08 0.08129596453)
(0.009391910312 -0.08 0.0824060824)
(0.01880228245 -0.08 0.08351120891)
(0.02870632583 -0.08 0.08487089763)
(0.03787190236 -0.08 0.08658346538)
(-0.008421962712 -0.08 0.02969924551)
(-0.008655184429 -0.08 0.03844771434)
(-0.008559399197 -0.08 0.04718181803)
(-0.009023981164 -0.08 0.0572226328)
(-0.01054014648 -0.08 0.06979811762)
(0.03210659523 -0.08 0.02321696535)
(0.02638660238 -0.08 0.03113733235)
(0.04504891953 -0.08 0.03709159731)
(0.009119938998 -0.08 0.02705938504)
(0.03625594708 -0.08 0.07816225869)
(0.04089003123 -0.08 0.05979840996)
(0.01754675723 -0.08 0.02869332327)
(0.04302635301 -0.08 0.04956262629)
(-0.001560173597 -0.08 0.07129937071)
(0.006754577064 -0.08 0.0730827612)
(0.01562976061 -0.08 0.07481537313)
(0.02523186537 -0.08 0.07669364982)
(-0.0005755573829 -0.08 0.03433889201)
(-0.0007228162771 -0.08 0.04196862277)
(-0.001320073018 -0.08 0.05071021334)
(-0.002012214281 -0.08 0.06089547728)
(0.0001554561584 -0.08 0.02692997808)
(0.03512387012 -0.08 0.03371643637)
(0.03906561683 -0.08 0.06873742318)
(0.01251028097 -0.08 0.03423188059)
(0.03546749903 -0.08 0.04423703028)
(0.03343174383 -0.08 0.05422519412)
(0.005684142951 -0.08 0.06339146972)
(0.01428332381 -0.08 0.06570315386)
(0.02320597903 -0.08 0.06842586487)
(0.006391707724 -0.08 0.0382987235)
(0.03101398884 -0.08 0.07113838612)
(0.005881150456 -0.08 0.0460338186)
(0.03173878718 -0.08 0.06351539563)
(0.02026518559 -0.08 0.03700807177)
(0.005520365294 -0.08 0.03217177185)
(0.005413252614 -0.08 0.05447723089)
(0.02772736298 -0.08 0.04003547097)
(0.01301550204 -0.08 0.05701508167)
(0.02302152632 -0.08 0.05834004832)
(0.021540602 -0.08 0.04378400214)
(0.01378226518 -0.08 0.04272971952)
(0.02659890032 -0.08 0.04846735422)
(0.01129936762 -0.08 0.05008764603)
(0.01820969391 -0.08 0.05007064198)
(-0.03 -0.07132633103 0.0188927636)
(-0.03 -0.0712554444 0.03792622155)
(-0.03 -0.07174919294 0.05812299955)
(-0.03 -0.07127251373 0.07823548932)
(-0.03 -0.06625206839 0.09503640379)
(-0.03 -0.04515096483 0.09507991509)
(-0.03 -0.02494578069 0.09482586383)
(-0.03 -0.005015362301 0.09466253141)
(-0.03 0.01501113191 0.09476948959)
(-0.03 0.03503082383 0.09481067963)
(-0.03 0.05503578144 0.09482715819)
(-0.03 0.07503942015 0.09482632187)
(-0.03 0.09506043405 0.09482179616)
(-0.03 0.1150529817 0.09484640324)
(-0.03 0.1347978999 0.09457983949)
(-0.03 0.1510382177 0.01666261032)
(-0.03 0.1511741883 0.02763877248)
(-0.03 0.1512720012 0.03815899539)
(-0.03 0.1512381823 0.04852989765)
(-0.03 0.1512564124 0.05881070047)
(-0.03 0.1515872938 0.06891118184)
(-0.03 0.1513983087 0.07931317821)
(-0.03 0.1513266768 0.08986259645)
(-0.03 -0.06593537385 0.01108281438)
(-0.03 -0.05507805961 0.01156654172)
(-0.03 -0.04444874524 0.01120257512)
(-0.03 -0.03414811283 0.0109686679)
(-0.03 -0.0240339279 0.01088032373)
(-0.03 -0.01400731717 0.01086731721)
(-0.03 -0.004021065108 0.01089773437)
(-0.03 0.005950724824 0.01094150764)
(-0.03 0.01592462409 0.01097631046)
(-0.03 0.02590704782 0.01099621186)
(-0.03 0.03589745524 0.01100499091)
(-0.03 0.04589294147 0.01100849718)
(-0.03 0.0558909536 0.01101090751)
(-0.03 0.06588947155 0.01101419519)
(-0.03 0.07588568427 0.01101723028)
(-0.03 0.08587290638 0.01101094577)
(-0.03 0.09583440674 0.010965772)
(-0.03 0.1057377366 0.01081054469)
(-0.03 0.1155678286 0.01048335007)
(-0.03 0.1253371946 0.01018170555)
(-0.03 0.1340665204 0.009140152609)
(-0.03 0.142162881 0.01221651845)
(-0.03 -0.07083288826 0.02795894112)
(-0.03 -0.0716205086 0.04803683392)
(-0.03 -0.07162302886 0.06824229075)
(-0.03 -0.07167009948 0.08726342104)
(-0.03 -0.05561727397 0.09476175737)
(-0.03 -0.03495624268 0.09504117003)
(-0.03 -0.01498820745 0.09468794795)
(-0.03 0.004994736718 0.09472015883)
(-0.03 0.02502107544 0.09478649647)
(-0.03 0.04503456168 0.09481773366)
(-0.03 0.06503782686 0.09481703298)
(-0.03 0.08504899207 0.09481745345)
(-0.03 0.1050652591 0.09481941215)
(-0.03 0.1250422292 0.09471233829)
(-0.03 0.1436435849 0.09527709497)
(-0.03 -0.06201787536 0.03318206084)
(-0.03 -0.06164888244 0.08461834534)
(-0.03 -0.06349282459 0.05325790665)
(-0.03 -0.03986831936 0.08639276736)
(-0.03 -0.02000628763 0.08536175587)
(-0.03 -0.05023920891 0.08620816821)
(-0.03 -2.081426961e-05 0.08537284373)
(-0.03 0.02004434464 0.08554286753)
(-0.03 0.0400689974 0.08561619817)
(-0.03 0.06007316008 0.08563825691)
(-0.03 0.08008107322 0.08564057621)
(-0.03 0.1001447183 0.08561334796)
(-0.03 0.1200760086 0.08576623227)
(-0.03 -0.01006053458 0.0852289434)
(-0.03 -0.06302664256 0.07326528059)
(-0.03 -0.06303323742 0.04332765772)
(-0.03 -0.06074653486 0.02185249216)
(-0.03 -0.0299009684 0.08583377732)
(-0.03 0.1422205253 0.02284286917)
(-0.03 0.1411935704 0.08461493964)
(-0.03 0.1426258061 0.03349768218)
(-0.03 0.1425771833 0.04393542181)
(-0.03 0.1424059962 0.05445768058)
(-0.03 0.142521486 0.06489216864)
(-0.03 0.1438598621 0.07430785656)
(-0.03 -0.04881778853 0.02053606425)
(-0.03 -0.03816987219 0.01996770774)
(-0.03 -0.02797694979 0.01977072955)
(-0.03 -0.01794770529 0.01971751312)
(-0.03 -0.007989408696 0.0197697783)
(-0.03 0.001941601517 0.01986860031)
(-0.03 0.01188025695 0.01995233851)
(-0.03 0.02183950527 0.02000152339)
(-0.03 0.03181703008 0.02002303717)
(-0.03 0.04180587982 0.02003061154)
(-0.03 0.05180062216 0.02003435825)
(-0.03 0.0617982574 0.02003976551)
(-0.03 0.07179700415 0.02004922458)
(-0.03 0.081794983 0.02005780914)
(-0.03 0.09178397015 0.020040386)
(-0.03 0.101732824 0.01991402528)
(-0.03 0.1115463638 0.01944470733)
(-0.03 0.121261928 0.01848060459)
(-0.03 0.132376211 0.01836485046)
(-0.03 -0.06354974202 0.06309326611)
(-0.03 0.1303351389 0.08510057646)
(-0.03 0.03006322941 0.08560396937)
(-0.03 0.01001995611 0.08548659615)
(-0.03 0.05007052219 0.08561829658)
(-0.03 0.07007057109 0.08561626392)
(-0.03 0.09010678336 0.08562796028)
(-0.03 0.1101624482 0.08565069069)
(-0.03 0.1339682826 0.07321365566)
(-0.03 -0.05536388757 0.05819427069)
(-0.03 0.1154030543 0.07636630548)
(-0.03 0.02509140666 0.07627861645)
(-0.03 -0.04442017521 0.07827007972)
(-0.03 0.05510726218 0.07636580461)
(-0.03 -0.05421692999 0.03946356543)
(-0.03 0.04510437885 0.07634645282)
(-0.03 0.01507508634 0.07622075836)
(-0.03 0.07509487826 0.07635557517)
(-0.03 0.09518269405 0.07636544788)
(-0.03 0.1246526025 0.07723566776)
(-0.03 -0.05204675158 0.03005134673)
(-0.03 -0.01524946846 0.07550277248)
(-0.03 0.1340281945 0.03918184293)
(-0.03 0.1338127715 0.04964916916)
(-0.03 0.1332613212 0.06079936221)
(-0.03 -0.04167177456 0.02897687736)
(-0.03 -0.05413641043 0.07721006838)
(-0.03 -0.0316501963 0.02873560562)
(-0.03 -0.02171213721 0.02858756841)
(-0.03 -0.0118230476 0.02863553443)
(-0.03 -0.00197089972 0.02881563265)
(-0.03 0.0079064512 0.02897637236)
(-0.03 0.01782904622 0.02907299187)
(-0.03 0.02778686507 0.02911508593)
(-0.03 0.03776491085 0.02912915985)
(-0.03 0.04775287986 0.02913444762)
(-0.03 0.05774722321 0.02913941453)
(-0.03 0.06774492319 0.02915144038)
(-0.03 0.07775071357 0.02917126488)
(-0.03 0.08777304073 0.02919210124)
(-0.03 0.09782935287 0.02916997887)
(-0.03 0.1079021279 0.02897120792)
(-0.03 0.1175612019 0.02779354463)
(-0.03 -0.05554933485 0.06750300521)
(-0.03 0.1053111792 0.07635295432)
(-0.03 -0.05529780219 0.04895077786)
(-0.03 0.005030603 0.07608927965)
(-0.03 -0.03493785115 0.077229072)
(-0.03 0.03510078838 0.07632655891)
(-0.03 0.1340908595 0.02907596609)
(-0.03 0.06508789773 0.07633742031)
(-0.03 0.08511620319 0.07636751253)
(-0.03 -0.005081821311 0.0757950565)
(-0.03 0.1261686717 0.02560396415)
(-0.03 -0.02520745873 0.07597310764)
(-0.03 0.0600866848 0.06693007914)
(-0.03 5.674693633e-05 0.06644875611)
(-0.03 0.08006437861 0.0669622825)
(-0.03 -0.04766898261 0.04549669669)
(-0.03 -0.04451061214 0.0377710371)
(-0.03 -0.03500239909 0.03795105647)
(-0.03 0.1252994927 0.03442733318)
(-0.03 0.04010941131 0.06692261737)
(-0.03 0.07007316076 0.06693886581)
(-0.03 0.02013264278 0.06686325432)
(-0.03 0.1254688066 0.04415708762)
(-0.03 0.03010653511 0.0668883223)
(-0.03 0.1249259264 0.0548324265)
(-0.03 -0.02526533248 0.03753624907)
(-0.03 -0.01548831495 0.03747721106)
(-0.03 -0.005800019001 0.03780303182)
(-0.03 0.003963752252 0.0380895992)
(-0.03 0.01383216506 0.03826198525)
(-0.03 0.02376726588 0.03833871759)
(-0.03 0.03372912153 0.03836004402)
(-0.03 0.04370355396 0.03837266802)
(-0.03 0.05369212068 0.03837198657)
(-0.03 0.06368139594 0.03838698285)
(-0.03 0.07368118511 0.03840226423)
(-0.03 0.08369457006 0.0384452711)
(-0.03 0.09377666833 0.03848027327)
(-0.03 0.1040442323 0.03848844263)
(-0.03 0.1152560101 0.0385665503)
(-0.03 -0.01010914199 0.06593807032)
(-0.03 0.01010456149 0.06673335671)
(-0.03 0.05011193262 0.06694708461)
(-0.03 0.1107216893 0.06698118398)
(-0.03 -0.04736690925 0.06290493271)
(-0.03 0.1226294162 0.06659163152)
(-0.03 0.0900986157 0.06698222097)
(-0.03 -0.04828033443 0.07107687026)
(-0.03 -0.02106692602 0.06465740773)
(-0.03 -0.04693502444 0.05395084293)
(-0.03 0.1002611171 0.06702058838)
(-0.03 -0.04029782125 0.06929472082)
(-0.03 0.005124049171 0.0570477067)
(-0.03 0.08490075224 0.0574341651)
(-0.03 -0.00463027877 0.05665286042)
(-0.03 -0.03846023756 0.04815500756)
(-0.03 -0.03130078294 0.06721074316)
(-0.03 -0.02859203676 0.046648062)
(-0.03 0.1179917513 0.04859355086)
(-0.03 -0.01898581904 0.04614964504)
(-0.03 -0.009690826618 0.04683327457)
(-0.03 -0.0001420032686 0.04731664167)
(-0.03 0.009674567325 0.04759397744)
(-0.03 0.01960975707 0.0477302294)
(-0.03 0.0295858417 0.04775860498)
(-0.03 0.03948729285 0.04778819311)
(-0.03 0.04951738324 0.04777330868)
(-0.03 0.05944490357 0.04780211501)
(-0.03 0.06948763131 0.04779373489)
(-0.03 0.07941301 0.04785070886)
(-0.03 0.08945309635 0.04789998358)
(-0.03 0.09948917534 0.04796651537)
(-0.03 0.1150596733 0.05747969377)
(-0.03 0.04500051107 0.05735580857)
(-0.03 0.09495596447 0.05751841712)
(-0.03 0.02507866237 0.05733072074)
(-0.03 0.1049892899 0.05758343129)
(-0.03 -0.03882162077 0.05951884399)
(-0.03 0.07493916968 0.05739200686)
(-0.03 0.0649962264 0.05736099821)
(-0.03 0.03502901474 0.05735037793)
(-0.03 -0.0140772782 0.05586441973)
(-0.03 0.109230516 0.04806118478)
(-0.03 0.0150567305 0.05727536537)
(-0.03 0.05495370116 0.05736489275)
(-0.03 -0.02245021058 0.05408925417)
(-0.03 -0.03020460725 0.0567787961)
(-0.02106867204 -0.06627525489 0.002)
(-0.02138336259 -0.04533902377 0.002)
(-0.02185498224 -0.02536653302 0.002)
(-0.02142774473 -0.004746314137 0.002)
(-0.01901451289 0.01565464139 0.002)
(-0.02130744068 0.03513327417 0.002)
(-0.02198464437 0.05501994938 0.002)
(-0.02154020014 0.07512185843 0.002)
(-0.02141930326 0.0950442978 0.002)
(-0.02171793381 0.1148827271 0.002)
(-0.02128120887 0.134638989 0.002)
(-0.01329311929 -0.07168283035 0.002)
(-0.00428046111 -0.07125465357 0.002)
(0.005636351058 -0.07157685695 0.002)
(0.01559829053 -0.07172136908 0.002)
(0.02542755813 -0.07171067059 0.002)
(0.03514611289 -0.07163922945 0.002)
(0.04471821306 -0.07149948504 0.002)
(0.05409023303 -0.07125839117 0.002)
(0.06319441796 -0.07082896528 0.002)
(-0.01598299383 0.1511255688 0.002)
(0.005359978908 0.1510018567 0.002)
(0.02602377566 0.1509277419 0.002)
(0.04725363749 0.1500271328 0.002)
(0.06414804951 -0.06129813165 0.002)
(0.06485124954 -0.05162316172 0.002)
(0.0653898742 -0.04191404216 0.002)
(0.0658000105 -0.03217617654 0.002)
(0.06596469107 -0.02222690739 0.002)
(0.06558611601 -0.01182487809 0.002)
(0.06462655109 -0.001056039292 0.002)
(0.06423599747 0.009007016463 0.002)
(0.06405453479 0.01916864938 0.002)
(0.06410411076 0.0288367038 0.002)
(0.06445192452 0.03827397299 0.002)
(0.06471496847 0.04779741076 0.002)
(0.06416121718 0.05770591331 0.002)
(0.06410555478 0.06767669763 0.002)
(0.06405203672 0.07759073038 0.002)
(0.06403034909 0.08749236159 0.002)
(0.06408688302 0.09737301054 0.002)
(0.06429992645 0.1071145841 0.002)
(0.06480227225 0.1165576068 0.002)
(0.0645278208 0.1263170362 0.002)
(0.0627764507 0.1361689201 0.002)
(0.05990760392 0.1480524141 0.002)
(0.0005415283711 -0.002254995568 0.002)
(0.004822018897 -0.001842089326 0.002)
(0.008826696475 -0.001988152464 0.002)
(0.01297645216 -0.00188064926 0.002)
(0.01693851185 -0.0018779242 0.002)
(0.02092694277 -0.001859881549 0.002)
(0.02494179621 -0.002019807651 0.002)
(0.0289919649 -0.001921030415 0.002)
(0.0329415059 -0.001894615805 0.002)
(0.03722049702 -0.001969046589 0.002)
(0.04176994798 -0.002196446197 0.002)
(0.04434277849 0.0007501462589 0.002)
(0.04419897062 0.004657275957 0.002)
(0.04420145144 0.009012371634 0.002)
(0.04420189193 0.01272931113 0.002)
(0.04437888642 0.01682685173 0.002)
(0.04416633622 0.02103040931 0.002)
(0.04397107469 0.02496218434 0.002)
(0.04419921279 0.02913681317 0.002)
(0.04431292559 0.03340503981 0.002)
(0.04414149654 0.03719562987 0.002)
(0.0002893522384 0.04234910688 0.002)
(0.00252252675 0.04219191869 0.002)
(0.004688902828 0.04204416335 0.002)
(0.006707755585 0.04186536425 0.002)
(0.008796645976 0.04186208592 0.002)
(0.0107819336 0.0420226045 0.002)
(0.01297397532 0.04206492162 0.002)
(0.01495226157 0.04201254694 0.002)
(0.01693954114 0.04189435815 0.002)
(0.01894751666 0.04188140729 0.002)
(0.02095986856 0.04197914013 0.002)
(0.02301578729 0.04204795297 0.002)
(0.02507266983 0.04198728851 0.002)
(0.02707564545 0.04190364856 0.002)
(0.0290613445 0.04187524216 0.002)
(0.03095856907 0.04187058264 0.002)
(0.03303443068 0.04190886111 0.002)
(0.03521337191 0.04209968248 0.002)
(0.03729752954 0.042112387 0.002)
(0.039477972 0.04213999347 0.002)
(0.04178579351 0.04224303971 0.002)
(-0.002100479273 0.0002322076816 0.002)
(-0.002225493547 0.002511868809 0.002)
(-0.002523245274 0.004629433908 0.002)
(-0.002709759801 0.006893487987 0.002)
(-0.002493099 0.009098382013 0.002)
(-0.002231600113 0.01118122589 0.002)
(-0.00210191195 0.01326080788 0.002)
(-0.00179551553 0.01505808239 0.002)
(-0.00221547296 0.01693414638 0.002)
(-0.002197224871 0.01917440908 0.002)
(-0.002139648806 0.02121079072 0.002)
(-0.002077627392 0.02326409572 0.002)
(-0.001750185398 0.02508396356 0.002)
(-0.002071754889 0.02691316545 0.002)
(-0.002119051009 0.02896667423 0.002)
(-0.002071479672 0.03114484296 0.002)
(-0.002051502356 0.03320310718 0.002)
(-0.002125597322 0.03523793184 0.002)
(-0.002228779084 0.03738914116 0.002)
(-0.002501417947 0.03960739714 0.002)
(-0.02089110085 -0.05571387187 0.002)
(-0.02167602375 -0.03530708822 0.002)
(-0.02187947666 -0.01516163923 0.002)
(-0.01927212371 0.005666778874 0.002)
(-0.01918895774 0.02553429621 0.002)
(-0.02191175509 0.04485608186 0.002)
(-0.02175037535 0.06514338155 0.002)
(-0.0214358284 0.0850964177 0.002)
(-0.02151901649 0.1049813755 0.002)
(-0.02167801198 0.1248422872 0.002)
(-0.021558493 0.1435029524 0.002)
(-0.005227437848 0.1506954057 0.002)
(0.01571265456 0.151090846 0.002)
(0.03640636921 0.1506213898 0.002)
(0.002743368297 -0.002043573146 0.002)
(0.006871654525 -0.001816947747 0.002)
(-0.00198967913 -0.002216536973 0.002)
(0.01083406325 -0.002012361962 0.002)
(0.01496795882 -0.001798800248 0.002)
(0.01884984397 -0.00180161692 0.002)
(0.02292132071 -0.002010282277 0.002)
(0.02698084998 -0.00191702444 0.002)
(0.03093716304 -0.002025619025 0.002)
(0.03519147446 -0.001899496723 0.002)
(0.03941034604 -0.002080400878 0.002)
(0.04470385933 -0.00170382131 0.002)
(0.04375739149 0.00276940922 0.002)
(0.0444230636 0.006882392994 0.002)
(0.04374312409 0.01091055582 0.002)
(0.04431920381 0.0147622968 0.002)
(0.04427162933 0.01897529559 0.002)
(0.04419742485 0.02294871771 0.002)
(0.04399392087 0.02712693034 0.002)
(0.0444653038 0.03132012088 0.002)
(0.0438054005 0.03525573715 0.002)
(0.04460598876 0.04205520717 0.002)
(0.04443773585 0.03946196214 0.002)
(-0.002451462064 0.04223198547 0.002)
(-0.001786556408 0.04507575552 0.002)
(0.03088374593 0.1416285921 0.002)
(-0.01388145811 -0.02096266497 0.002)
(-0.01302834943 0.0001726542342 0.002)
(-0.01251025859 0.0205539772 0.002)
(-0.01396978715 0.03974944791 0.002)
(-0.01375530569 0.06026729792 0.002)
(-0.01290399614 0.08021816233 0.002)
(-0.01285114013 0.1001312488 0.002)
(-0.01371153509 0.1196859431 0.002)
(-0.01141173987 0.1406209468 0.002)
(-0.01250921813 -0.05041448266 0.002)
(-0.01071721036 -0.06167969207 0.002)
(0.0006195075323 -0.0629402949 0.002)
(0.01063794176 -0.06339138547 0.002)
(0.02011432527 -0.06338986187 0.002)
(0.0294859185 -0.06328256868 0.002)
(0.03865597603 -0.06307024706 0.002)
(0.04753670299 -0.06270460104 0.002)
(0.05597950474 -0.06215082911 0.002)
(0.02386565559 -0.00451973497 0.002)
(0.01046976738 0.142295632 0.002)
(9.088478206e-05 0.1418550017 0.002)
(0.05206568902 0.1398862761 0.002)
(0.02793214912 -0.004029956045 0.002)
(0.001512864293 -0.004868030526 0.002)
(-0.004914616957 -0.001737928526 0.002)
(0.00582708015 -0.003748125758 0.002)
(0.05741034422 -0.05282339958 0.002)
(0.0585007131 -0.04344444849 0.002)
(0.05937759563 -0.03412510704 0.002)
(0.06001985411 -0.02472608434 0.002)
(0.05981837889 -0.01464544309 0.002)
(0.05791277359 -0.00265167297 0.002)
(0.05657688412 0.00798288466 0.002)
(0.05638015777 0.01821717773 0.002)
(0.05615696644 0.0283366846 0.002)
(0.05689909805 0.03715107142 0.002)
(0.05811205082 0.04484859824 0.002)
(0.0562759006 0.05507160538 0.002)
(0.05623940902 0.065333636 0.002)
(0.05608286467 0.07511213366 0.002)
(0.05600414877 0.08494065614 0.002)
(0.05604255599 0.09482582724 0.002)
(0.05624742493 0.1046543241 0.002)
(0.05686078471 0.1140236638 0.002)
(0.05828242246 0.1221438703 0.002)
(-0.001206131803 -0.005023993525 0.002)
(0.003916399202 -0.004361801014 0.002)
(0.01792371562 -0.004309062102 0.002)
(0.01208708356 -0.004386531368 0.002)
(0.02172924734 -0.004388690982 0.002)
(0.01588460284 -0.004319777169 0.002)
(0.02600777645 -0.004438615032 0.002)
(0.01986239311 -0.003843925489 0.002)
(0.03208440387 -0.004537762254 0.002)
(0.03604998268 -0.004224021448 0.002)
(0.04098129035 -0.004841133857 0.002)
(0.04647689892 0.002648058561 0.002)
(0.04742500858 0.007930919906 0.002)
(0.04695389844 0.01546806182 0.002)
(0.04740463311 0.01768619228 0.002)
(0.04737225719 0.02192348637 0.002)
(0.04582307431 0.02600611715 0.002)
(0.0472803581 0.0302153722 0.002)
(0.04678185096 0.0382324186 0.002)
(0.02068297369 0.142167798 0.002)
(-0.01402665484 -0.01012237705 0.002)
(0.009865064883 -0.004628114257 0.002)
(0.003445089906 0.0446005859 0.002)
(0.005735958 0.04426310555 0.002)
(0.007721384637 0.04384775796 0.002)
(0.00960856485 0.04440027206 0.002)
(0.01174835349 0.04438617457 0.002)
(0.01398361326 0.04438878027 0.002)
(0.01607237203 0.0444613267 0.002)
(0.01797033188 0.04387908868 0.002)
(0.01988194874 0.0443891504 0.002)
(0.02197400248 0.04425594807 0.002)
(0.02419510063 0.04423874266 0.002)
(0.02633412901 0.04444274259 0.002)
(0.02820646335 0.04392595883 0.002)
(0.03015477775 0.04427462781 0.002)
(0.03197004665 0.04383493862 0.002)
(0.03399597596 0.04442330513 0.002)
(0.03625898577 0.04462574962 0.002)
(0.03861809302 0.04452969591 0.002)
(0.04115097332 0.04468575543 0.002)
(-0.005545700821 0.04156460817 0.002)
(-0.01349273699 -0.03070007977 0.002)
(-0.00514118073 0.003019270937 0.002)
(-0.00563489369 0.005452248971 0.002)
(-0.005607861007 0.007942259869 0.002)
(-0.005163532405 0.01042982779 0.002)
(-0.004467745606 0.01265859886 0.002)
(-0.004973559113 0.01527670819 0.002)
(-0.004440152425 0.01790345745 0.002)
(-0.004885345795 0.02025099387 0.002)
(-0.004426932643 0.02255554583 0.002)
(-0.005030742523 0.02517470865 0.002)
(-0.00439408569 0.02774724267 0.002)
(-0.004728534137 0.03001737558 0.002)
(-0.0041439019 0.03215083302 0.002)
(-0.004850453883 0.03422081812 0.002)
(-0.004523432303 0.03638326907 0.002)
(-0.005284292598 0.03865181014 0.002)
(0.01395860535 -0.003791211562 0.002)
(0.001053093731 0.04486713841 0.002)
(-0.004387278046 0.000837633794 0.002)
(0.007795514477 -0.004312064115 0.002)
(0.04785719122 -0.0002478588657 0.002)
(0.04415850623 0.04513108833 0.002)
(-0.01273452464 0.0110565801 0.002)
(-0.01257889675 0.03164591329 0.002)
(-0.01444090874 0.04975687454 0.002)
(-0.01321599413 0.07030270354 0.002)
(-0.01277466596 0.09015718623 0.002)
(-0.01315707919 0.1100049664 0.002)
(-0.01316519368 0.1296736799 0.002)
(-0.004682572092 -0.004979906216 0.002)
(0.04129039313 0.1409881163 0.002)
(0.04813762382 -0.004232420602 0.002)
(-0.01316703032 -0.04029361457 0.002)
(0.02988843439 -0.004572612321 0.002)
(0.05538769005 0.1303500855 0.002)
(-0.005229202203 0.04504852549 0.002)
(0.04418912128 -0.004952231266 0.002)
(0.03837790341 -0.004488191565 0.002)
(0.03408069445 -0.003927699166 0.002)
(0.04799592263 0.0450070212 0.002)
(0.04683661096 0.005275051168 0.002)
(0.04634830121 0.01067079573 0.002)
(0.04740030497 0.01304768402 0.002)
(0.04670189089 0.01987095097 0.002)
(0.04670477704 0.02405942434 0.002)
(0.04666200821 0.02795314141 0.002)
(0.04749446368 0.03283086484 0.002)
(0.04689296267 0.03551828593 0.002)
(0.04780361226 0.04098286236 0.002)
(-0.004336763433 0.1054171958 0.002)
(0.02224151273 -0.00760814506 0.002)
(0.05043660217 0.03827701441 0.002)
(-0.004473048827 0.07546651199 0.002)
(-0.004842961071 -0.04458678761 0.002)
(-0.003591185753 0.04935044566 0.002)
(0.05194529616 -0.002210185449 0.002)
(-0.003406779498 -0.05411677601 0.002)
(-0.006422322392 0.1240269886 0.002)
(0.01529592024 -0.05503172731 0.002)
(0.02418121615 -0.05495529819 0.002)
(0.03306350666 -0.05476420011 0.002)
(0.04163502922 -0.05432908679 0.002)
(0.04967701777 -0.0537039125 0.002)
(0.04707661926 -0.00875983915 0.002)
(0.04268316772 -0.008361960549 0.002)
(0.05132311342 -0.0446583561 0.002)
(0.05263335606 -0.03573839381 0.002)
(0.05383165159 -0.02710488755 0.002)
(0.05452302569 -0.01837049421 0.002)
(0.05091745366 0.004050443343 0.002)
(0.04820606909 0.05534456385 0.002)
(0.04834354822 0.06339767073 0.002)
(0.048012637 0.07248472336 0.002)
(0.04786845125 0.08206864215 0.002)
(0.04787487471 0.09195783587 0.002)
(0.04805771063 0.1020085858 0.002)
(0.04847052733 0.1122370799 0.002)
(0.05017657982 0.1220951576 0.002)
(0.0002133766881 -0.008219241248 0.002)
(-0.00862677839 0.03991854355 0.002)
(0.04648745819 0.04950362555 0.002)
(-0.008925447675 -0.004115149887 0.002)
(-0.004086725135 0.09533141244 0.002)
(0.05100896392 0.01503061795 0.002)
(0.05030396889 0.02786358803 0.002)
(0.04551929761 0.1313303614 0.002)
(-0.009685263543 0.04391517251 0.002)
(0.011517344 -0.00769989043 0.002)
(0.03539820568 0.1318867071 0.002)
(0.007580389033 0.04704802435 0.002)
(0.01035316617 0.04744369336 0.002)
(0.01281914577 0.04685512531 0.002)
(0.0152589329 0.04757978112 0.002)
(0.0180147406 0.04724156768 0.002)
(0.02081352517 0.0472894658 0.002)
(0.02317413159 0.04660638323 0.002)
(0.02557990711 0.04715412467 0.002)
(0.02880121892 0.04759128126 0.002)
(0.03182328279 0.04664830269 0.002)
(0.03457469264 0.04744004325 0.002)
(0.03751244054 0.04738465436 0.002)
(0.04001405032 0.04709685224 0.002)
(-0.01047813771 0.006292982019 0.002)
(-0.008526684218 0.009656896565 0.002)
(-0.007850822568 0.01278013131 0.002)
(-0.01061801098 0.01567623379 0.002)
(-0.007782041721 0.01844450176 0.002)
(-0.007825196643 0.02230183766 0.002)
(-0.0107602099 0.02563096412 0.002)
(-0.007793837181 0.02840946876 0.002)
(-0.007386991091 0.03211810337 0.002)
(-0.008298654849 0.0359805872 0.002)
(-0.003657899142 0.1324531692 0.002)
(-0.005042396062 0.06560610921 0.002)
(-0.005408815283 -0.02669123802 0.002)
(0.02531001387 0.132839294 0.002)
(-0.00292306086 -0.008152773685 0.002)
(0.01686988173 -0.007322583629 0.002)
(0.01558056556 0.1337312342 0.002)
(0.04269067051 0.04840987147 0.002)
(0.005769502519 0.1334014861 0.002)
(0.006288055981 -0.05528348312 0.002)
(-0.006192592545 0.05576238225 0.002)
(0.03091718904 -0.007874301638 0.002)
(0.05028112735 0.01001654665 0.002)
(-0.004975184969 0.1152926467 0.002)
(0.05318623341 -0.008722768382 0.002)
(0.05178238042 0.03452356452 0.002)
(-0.004153833544 0.08532785807 0.002)
(0.005909105054 -0.006324360823 0.002)
(0.0511888534 0.02363816933 0.002)
(0.05251059916 0.04270475253 0.002)
(0.003349322729 -0.007571162527 0.002)
(0.01967066398 -0.006554798728 0.002)
(-0.008267603793 0.0489611559 0.002)
(0.02782857005 -0.007285958311 0.002)
(0.03404476236 -0.006875354454 0.002)
(0.0393609469 -0.007614326752 0.002)
(0.04836463366 0.02589215919 0.002)
(0.03679407199 -0.006679508728 0.002)
(0.05017846459 0.01957669637 0.002)
(0.05058241735 0.03109259157 0.002)
(-0.007657360389 8.173244355e-05 0.002)
(0.004960178352 0.04693026941 0.002)
(0.0517578596 0.04894449429 0.002)
(0.008532722331 -0.007487244217 0.002)
(-0.004826769307 -0.03557374352 0.002)
(-0.008548948363 0.003185159335 0.002)
(-0.0003680146157 0.04801471359 0.002)
(-0.006152216429 -0.01758463335 0.002)
(0.002431993815 0.04797115428 0.002)
(0.01409484113 -0.006448048433 0.002)
(0.04056813984 0.06061590477 0.002)
(0.01913400548 -0.04650726707 0.002)
(0.04923340921 -0.01413853125 0.002)
(0.002388065544 -0.02335606169 0.002)
(0.02777960175 -0.04658921559 0.002)
(0.03595250228 -0.04618997048 0.002)
(0.04382498055 -0.045573167 0.002)
(0.04427406282 -0.01231472467 0.002)
(0.004407499073 0.08055510822 0.002)
(0.02501394676 -0.007114156826 0.002)
(0.04559852632 -0.03698456947 0.002)
(0.04706477583 -0.02871487352 0.002)
(0.04878181984 -0.02152062176 0.002)
(0.03965147522 0.06941428445 0.002)
(0.03953284751 0.0787215452 0.002)
(0.03952436197 0.08852715303 0.002)
(0.0396615422 0.09862820844 0.002)
(0.04017924527 0.1089449416 0.002)
(0.04021527838 0.1208833093 0.002)
(-0.007242276883 -0.009789954793 0.002)
(0.003822115198 -0.04002557537 0.002)
(0.02433644238 -0.01148769634 0.002)
(0.004017957411 0.111257887 0.002)
(0.003872145902 0.07084256085 0.002)
(0.002576583941 0.1226840343 0.002)
(0.01996640647 0.05122454508 0.002)
(0.003086463103 0.06124297025 0.002)
(0.02928894146 0.1231576744 0.002)
(0.004028405885 -0.0313316611 0.002)
(0.01961491327 0.1241745567 0.002)
(0.00601962777 0.05498937134 0.002)
(0.004599448877 0.1007358589 0.002)
(0.028682106 -0.01204680288 0.002)
(0.01065475706 -0.046636729 0.002)
(0.0006013024677 0.05252480782 0.002)
(0.004657948895 0.0904778603 0.002)
(0.00242476876 -0.0113806227 0.002)
(0.002564786629 -0.04808385785 0.002)
(-0.002157769586 -0.0121551034 0.002)
(0.006070896341 -0.009851191 0.002)
(0.005168019106 0.05029007955 0.002)
(0.009019976415 0.05115028621 0.002)
(0.01273733031 0.0501968593 0.002)
(0.01628897416 0.05173831001 0.002)
(0.0233227392 0.0495057659 0.002)
(0.02637648364 0.05035809377 0.002)
(0.02902071424 0.05335945315 0.002)
(0.03244611551 0.05128958615 0.002)
(0.0362681304 0.05049130721 0.002)
(0.03972811854 0.05046022973 0.002)
(0.04005460321 -0.01141427682 0.002)
(0.0109891939 0.1261151684 0.002)
(0.0191382601 -0.01097533137 0.002)
(0.01336263177 0.08546315297 0.002)
(0.001500326872 -0.01673721734 0.002)
(0.03649111155 -0.0099220048 0.002)
(0.03048730508 -0.03806384419 0.002)
(0.03823649718 -0.03781273044 0.002)
(0.03284904341 -0.01150727236 0.002)
(0.04017646619 -0.02985349077 0.002)
(0.03053592357 0.06586355691 0.002)
(0.03262253978 0.1143769764 0.002)
(0.03090390747 0.0749013742 0.002)
(0.03093490038 0.08460989582 0.002)
(0.03102617085 0.09466309134 0.002)
(0.03129316242 0.1049709977 0.002)
(0.04097133986 -0.0155692969 0.002)
(0.01000381477 -0.01190043426 0.002)
(0.01984528784 -0.01854925473 0.002)
(0.01439607602 -0.01021440516 0.002)
(0.03145983063 -0.01730208395 0.002)
(0.008292526543 -0.01852929721 0.002)
(0.01436867994 -0.01605166674 0.002)
(0.01295960576 0.07577473123 0.002)
(0.03635052498 -0.01573826279 0.002)
(0.0121593436 0.06667162103 0.002)
(0.02270028707 0.1129500636 0.002)
(0.04295909976 0.05319706563 0.002)
(0.01336122111 0.1064073353 0.002)
(0.01370232423 -0.03649874158 0.002)
(0.02573956739 -0.01833921558 0.002)
(0.04509398893 -0.01708433015 0.002)
(0.04163821524 -0.02204491356 0.002)
(0.005855398034 -0.01373264283 0.002)
(0.01225187009 0.1169127303 0.002)
(0.02608039691 0.05927308278 0.002)
(0.02274518364 -0.03889890686 0.002)
(0.01939745346 0.05665430082 0.002)
(0.01347525064 0.09567426375 0.002)
(0.02294501955 -0.02858662481 0.002)
(0.02208372546 0.08035920384 0.002)
(0.02226616849 0.09024770966 0.002)
(0.02233242934 0.1008495833 0.002)
(0.01275935937 -0.02517659255 0.002)
(0.02393873419 0.0537545756 0.002)
(0.03281475623 0.05809265578 0.002)
(0.03745965196 0.05475153483 0.002)
(0.02007570362 0.06342864624 0.002)
(0.03280901438 -0.03046073325 0.002)
(0.0355727534 -0.02318226706 0.002)
(0.02156589144 0.07125711322 0.002)
(0.02945513429 -0.02379488038 0.002)
(0.01227200849 0.05726433429 0.002)
(0.04 0.001450805076 0.009282036064)
(0.04 0.001653502458 0.01111144425)
(0.04 0.001765047892 0.01324597019)
(0.04 0.001836586775 0.01546367303)
(0.04 0.001798635423 0.01771344993)
(0.04 0.001614829866 0.01984404052)
(0.04 0.001315822546 0.02165286153)
(0.04 0.002655129006 0.007591233808)
(0.04 0.007287729846 0.00784032639)
(0.04 0.01140202094 0.00750407478)
(0.04 0.01543447371 0.008008646633)
(0.04 0.02008301983 0.007551988198)
(0.04 0.02412475196 0.007826618006)
(0.04 0.02821318619 0.00751688639)
(0.04 0.03270499115 0.008057165371)
(0.04 0.03722362223 0.007714067362)
(0.04 0.03858573533 0.01140783081)
(0.04 0.03828390605 0.01551622457)
(0.04 0.03848806785 0.0198659575)
(0.04 0.03875758985 0.02164348095)
(0.04 0.003076413868 0.02133575894)
(0.04 0.005103349492 0.02130725712)
(0.04 0.007476414857 0.02131165633)
(0.04 0.009584418251 0.02118229724)
(0.04 0.0117249236 0.02110984198)
(0.04 0.01388355628 0.02105445328)
(0.04 0.0159948338 0.02097378583)
(0.04 0.01821803396 0.021124235)
(0.04 0.02038759124 0.02129272215)
(0.04 0.02242551072 0.02123685896)
(0.04 0.0245591326 0.02113145783)
(0.04 0.02661637872 0.02091338986)
(0.04 0.02872357874 0.02081535458)
(0.04 0.03095866324 0.02094042144)
(0.04 0.03303603575 0.02140509302)
(0.04 0.03511195838 0.02150017798)
(0.04 0.03709372448 0.02134916155)
(0.04 0.009455848515 0.007839306076)
(0.04 0.004900652896 0.0077264701)
(0.04 0.01329414785 0.007911744282)
(0.04 0.01801805985 0.008373812737)
(0.04 0.02203961645 0.007824136133)
(0.04 0.02622883363 0.007727876596)
(0.04 0.03028953983 0.008511291183)
(0.04 0.03497289629 0.007714094246)
(0.04 0.03820291921 0.009617970496)
(0.04 0.03830800814 0.01332530175)
(0.04 0.03832987895 0.01778176457)
(0.04 0.0162060041 0.01026429763)
(0.04 0.003834403309 0.0118275593)
(0.04 0.004064067449 0.01413811195)
(0.04 0.004059164873 0.0165096132)
(0.04 0.003958438156 0.01904659156)
(0.04 0.008382791031 0.0101102007)
(0.04 0.02036075505 0.009924648991)
(0.04 0.03611633204 0.01430671995)
(0.04 0.01381461347 0.01039668232)
(0.04 0.02518035178 0.009966686999)
(0.04 0.0111725937 0.01004583287)
(0.04 0.0341139626 0.01015166458)
(0.04 0.0361922605 0.009331858194)
(0.04 0.03643032583 0.01670835212)
(0.04 0.005834320412 0.009842989315)
(0.04 0.03165836532 0.01101827421)
(0.04 0.03645822829 0.01163420022)
(0.04 0.003408028424 0.009601281446)
(0.04 0.02771029276 0.00963848985)
(0.04 0.006286912022 0.01966199423)
(0.04 0.008484481003 0.01909670808)
(0.04 0.01073366253 0.01894858918)
(0.04 0.01312989205 0.01886053587)
(0.04 0.01542336748 0.01857693639)
(0.04 0.01766866321 0.01869709297)
(0.04 0.01960544527 0.01942415841)
(0.04 0.02164585532 0.01899624123)
(0.04 0.02364928208 0.01921754165)
(0.04 0.02564739966 0.01833299169)
(0.04 0.02810021836 0.01799101778)
(0.04 0.0305212367 0.01818494281)
(0.04 0.03246727827 0.01905846398)
(0.04 0.03434380238 0.01999285195)
(0.04 0.02276278824 0.01027468819)
(0.04 0.01829560408 0.01177211323)
(0.04 0.03660118898 0.01921658818)
(0.04 0.02916958249 0.01191557238)
(0.04 0.03320654982 0.01591426122)
(0.04 0.02100625809 0.01326641273)
(0.04 0.006440540137 0.01231755433)
(0.04 0.033552081 0.01302598013)
(0.04 0.006561921855 0.01739947641)
(0.04 0.01746425961 0.01559118823)
(0.04 0.03049022939 0.01472697399)
(0.04 0.02661641451 0.01195500513)
(0.04 0.006712222244 0.01495940479)
(0.04 0.01226057472 0.01324455904)
(0.04 0.01533494592 0.01293415013)
(0.04 0.03461879749 0.0179351809)
(0.04 0.009326723455 0.01623521457)
(0.04 0.01196455697 0.01668291828)
(0.04 0.01451138893 0.01600187895)
(0.04 0.02016954079 0.01680736472)
(0.04 0.02331701794 0.01631581858)
(0.04 0.0268528323 0.01521593852)
(0.04 0.0240027425 0.01290394551)
(0.04 0.009301408277 0.01278214113)
(0.037 0.001444940172 0.0092794618)
(0.037 0.00171617365 0.01325808376)
(0.037 0.001658004319 0.01774628127)
(0.037 0.002531000786 0.007589594176)
(0.037 0.004625020064 0.007739602088)
(0.037 0.006842638154 0.007860936561)
(0.037 0.008900656491 0.007807010694)
(0.037 0.01096560652 0.00782918065)
(0.037 0.01301854796 0.007895405086)
(0.037 0.01503958645 0.00798606092)
(0.037 0.01704509568 0.008029751282)
(0.037 0.01915570444 0.007811561437)
(0.037 0.0212033334 0.007734507977)
(0.037 0.0231724445 0.007887145019)
(0.037 0.02514945145 0.007930026794)
(0.037 0.02710992114 0.007815397905)
(0.037 0.02916566459 0.007811091013)
(0.037 0.03126028675 0.007826815515)
(0.037 0.03328312871 0.007749147072)
(0.037 0.03523553273 0.007741277787)
(0.037 0.03715911671 0.007612944345)
(0.037 0.03879197313 0.007350931995)
(0.037 0.03851936703 0.009114963658)
(0.037 0.03835246623 0.01119755714)
(0.037 0.03822357366 0.01337448649)
(0.037 0.03822212949 0.0156588124)
(0.037 0.03835150871 0.01795576914)
(0.037 0.0385104743 0.02016014483)
(0.037 0.002603354756 0.02127170688)
(0.037 0.007000908374 0.02088113807)
(0.037 0.01103422211 0.02115270394)
(0.037 0.01507264904 0.02119470314)
(0.037 0.01909972794 0.02103035032)
(0.037 0.02304790097 0.0212006791)
(0.037 0.0269941297 0.02120347511)
(0.037 0.03117220199 0.02097606935)
(0.037 0.03514289674 0.02120732013)
(0.037 0.001595325564 0.01118181586)
(0.037 0.001770406489 0.0155284325)
(0.037 0.001444308517 0.01962383823)
(0.037 0.01309768432 0.02123351851)
(0.037 0.009046579817 0.02099049757)
(0.037 0.004747183838 0.02106346595)
(0.037 0.01718192953 0.02102836469)
(0.037 0.02112233028 0.02112087407)
(0.037 0.02507188094 0.02122291456)
(0.037 0.02904274283 0.02112617785)
(0.037 0.03317907553 0.02105616392)
(0.037 0.03694763769 0.02143041027)
(0.037 0.003208987422 0.009640670693)
(0.037 0.00355625833 0.01195449336)
(0.037 0.003359064322 0.01916745802)
(0.037 0.003873177845 0.01678798958)
(0.037 0.02016319345 0.0189629081)
(0.037 0.005392614468 0.009923842337)
(0.037 0.007560744713 0.01010109485)
(0.037 0.009699190496 0.01003639157)
(0.037 0.01191525456 0.01015469552)
(0.037 0.0140336117 0.01046043372)
(0.037 0.0161938877 0.01064727469)
(0.037 0.01828193401 0.01038303056)
(0.037 0.02020657787 0.009672782212)
(0.037 0.02215493359 0.01022623679)
(0.037 0.02426980944 0.01047995884)
(0.037 0.02642224639 0.01043289977)
(0.037 0.02833870349 0.009835866875)
(0.037 0.03041117299 0.01034763345)
(0.037 0.03242336404 0.009832029551)
(0.037 0.03451880877 0.0101159357)
(0.037 0.03667965879 0.009713089299)
(0.037 0.03612513359 0.01209408166)
(0.037 0.03598110315 0.01457135441)
(0.037 0.03637183594 0.01713824312)
(0.037 0.03671858485 0.01935638762)
(0.037 0.01414808921 0.01890627764)
(0.037 0.01219210072 0.01926619814)
(0.037 0.02601328612 0.01879030706)
(0.037 0.01031137836 0.01852028391)
(0.037 0.008047704101 0.01825958065)
(0.037 0.02408233164 0.01927416715)
(0.037 0.01816339492 0.01804694634)
(0.037 0.02217777189 0.0186827296)
(0.037 0.03222947945 0.01862723967)
(0.037 0.02997044974 0.01862405977)
(0.037 0.005650243574 0.01864923051)
(0.037 0.01614697606 0.01916182096)
(0.037 0.003928411707 0.01437036955)
(0.037 0.02797970819 0.01921480437)
(0.037 0.03452543635 0.01893003985)
(0.037 0.01505318711 0.01347426878)
(0.037 0.02885734909 0.0128452689)
(0.037 0.005956755607 0.01260492058)
(0.037 0.03276972739 0.01292352964)
(0.037 0.008248169767 0.01283599674)
(0.037 0.02077878023 0.01593255733)
(0.037 0.03366225583 0.01618200966)
(0.037 0.02767784946 0.01628110781)
(0.037 0.006604087771 0.01565184836)
(0.037 0.01051609477 0.01237945469)
(0.037 0.01260943189 0.01315353988)
(0.037 0.01786028202 0.01389492268)
(0.037 0.02030252248 0.01240478248)
(0.037 0.02293415552 0.01319693238)
(0.037 0.02578597687 0.01332363554)
(0.037 0.01272111365 0.01642274108)
(0.037 0.009819103641 0.01559571801)
(0.037 0.02419678825 0.01636880159)
(0.037 0.03083360722 0.01580151447)
(0.037 0.01574580857 0.01650316918)
(0.035 0.001451136547 0.009282160678)
(0.035 0.001653991213 0.01111159127)
(0.035 0.001765710069 0.01324601978)
(0.035 0.001837302536 0.01546357056)
(0.035 0.001799226958 0.01771323527)
(0.035 0.001615169834 0.01984385384)
(0.035 0.001315979413 0.02165275064)
(0.035 0.002655436412 0.007591346112)
(0.035 0.007289082603 0.007840969646)
(0.035 0.01140460846 0.007505704659)
(0.035 0.01543879214 0.008020703654)
(0.035 0.02008163529 0.007557348825)
(0.035 0.0241051503 0.007831306125)
(0.035 0.02813146541 0.007542282129)
(0.035 0.03270361495 0.008058067786)
(0.035 0.03722319806 0.007714405833)
(0.035 0.03858533511 0.0114081085)
(0.035 0.03828503621 0.01551581891)
(0.035 0.03848980889 0.01986565938)
(0.035 0.03875802729 0.02164336459)
(0.035 0.003076829264 0.02133551153)
(0.035 0.005104223397 0.02130669765)
(0.035 0.007477924781 0.02131082717)
(0.035 0.009586763215 0.02118045941)
(0.035 0.01172803631 0.02110669433)
(0.035 0.01388726602 0.02104951907)
(0.035 0.01599680552 0.02096844257)
(0.035 0.01821856264 0.02111761123)
(0.035 0.02038746318 0.02128208638)
(0.035 0.02242281756 0.02122867594)
(0.035 0.02455836132 0.02113069699)
(0.035 0.02661705456 0.02091234787)
(0.035 0.02872183211 0.02080966517)
(0.035 0.03095665489 0.02093814729)
(0.035 0.03303578867 0.02140391126)
(0.035 0.03511311626 0.02149828371)
(0.035 0.03709506077 0.02134718548)
(0.035 0.009457913646 0.007840645281)
(0.035 0.004901318329 0.00772676429)
(0.035 0.01329758198 0.007922991499)
(0.035 0.01801866156 0.008390763657)
(0.035 0.02203917653 0.007833502908)
(0.035 0.02625840848 0.007736949172)
(0.035 0.03028675221 0.008512343193)
(0.035 0.03497211007 0.007714602668)
(0.035 0.03820221779 0.009618295636)
(0.035 0.03830802603 0.01332543122)
(0.035 0.03833188558 0.01778140849)
(0.035 0.01621669296 0.01029076251)
(0.035 0.003835965115 0.01182777852)
(0.035 0.004065943422 0.01413801387)
(0.035 0.004061026017 0.01650918379)
(0.035 0.003959732284 0.01904598349)
(0.035 0.008386636121 0.01011160115)
(0.035 0.02034578546 0.009936269277)
(0.035 0.03611661611 0.01430705778)
(0.035 0.01382414122 0.01041761886)
(0.035 0.02517788943 0.009973361411)
(0.035 0.01117998973 0.0100494012)
(0.035 0.03411184922 0.01015314388)
(0.035 0.03619106898 0.009332709531)
(0.035 0.03643442564 0.01670786785)
(0.035 0.005836198864 0.009843618838)
(0.035 0.03165365658 0.01102152343)
(0.035 0.03645671826 0.01163542829)
(0.035 0.003408836694 0.00960155154)
(0.035 0.02768750959 0.00956036626)
(0.035 0.006289048735 0.019660951)
(0.035 0.008488240605 0.01909445249)
(0.035 0.01073984818 0.01894346059)
(0.035 0.01313853662 0.01885220202)
(0.035 0.01543447254 0.01855760315)
(0.035 0.0176654347 0.01868498159)
(0.035 0.01960127379 0.01940543199)
(0.035 0.02164289911 0.01896165761)
(0.035 0.02365136061 0.01921564146)
(0.035 0.02565286779 0.01833818406)
(0.035 0.02809328406 0.01796750599)
(0.035 0.03051598 0.0181778447)
(0.035 0.03246461951 0.01905668738)
(0.035 0.03434425233 0.01999078623)
(0.035 0.02276027479 0.01030240227)
(0.035 0.01827190322 0.01184298982)
(0.035 0.03660521934 0.01921567791)
(0.035 0.02915627972 0.01192439569)
(0.035 0.03320449023 0.01591300844)
(0.035 0.02090394427 0.01325229072)
(0.035 0.006444405298 0.01231795589)
(0.035 0.0335473245 0.01302771355)
(0.035 0.006565450173 0.0173981473)
(0.035 0.01752399667 0.01549665541)
(0.035 0.03047345768 0.0147239209)
(0.035 0.0265892604 0.01199064282)
(0.035 0.006716481749 0.01495857436)
(0.035 0.01228362542 0.01324359249)
(0.035 0.01539744694 0.01294742658)
(0.035 0.03462210768 0.01793300335)
(0.035 0.009335182822 0.01623163093)
(0.035 0.01197933436 0.0166761354)
(0.035 0.01453728104 0.01598569699)
(0.035 0.02010714019 0.01676950321)
(0.035 0.02339246293 0.01632222602)
(0.035 0.0267926672 0.01516315729)
(0.035 0.02408249089 0.01291665917)
(0.035 0.009310916353 0.01278284402)
(0.032 0.001399940144 0.009328241356)
(0.032 0.00171991181 0.01331371538)
(0.032 0.001611868646 0.01775571629)
(0.032 0.002531480837 0.007623007605)
(0.032 0.004648627154 0.007775294361)
(0.032 0.006861398819 0.007870000016)
(0.032 0.008945230109 0.007820423829)
(0.032 0.01101125512 0.007846041185)
(0.032 0.01304322555 0.007910839102)
(0.032 0.01506612321 0.007962683965)
(0.032 0.01706815967 0.007991513434)
(0.032 0.01916044967 0.007804463969)
(0.032 0.02127186774 0.007728265918)
(0.032 0.02325669483 0.007867959467)
(0.032 0.02529990389 0.007982820633)
(0.032 0.02736174174 0.008043733308)
(0.032 0.02935886649 0.007961296671)
(0.032 0.03128461193 0.007455947571)
(0.032 0.03311964253 0.007783339055)
(0.032 0.03511350493 0.007799278336)
(0.032 0.03709932501 0.007645225823)
(0.032 0.03876721325 0.007370312684)
(0.032 0.03846168866 0.009153559523)
(0.032 0.03824213709 0.011260001)
(0.032 0.03806626332 0.01345582171)
(0.032 0.0381974106 0.01576480993)
(0.032 0.03843624252 0.01801724649)
(0.032 0.03849797228 0.02020189782)
(0.032 0.002530248401 0.02131883858)
(0.032 0.006887532724 0.02091361022)
(0.032 0.01097794667 0.02102736348)
(0.032 0.01513831883 0.02114020725)
(0.032 0.01941097633 0.0207739581)
(0.032 0.02321753744 0.02105907738)
(0.032 0.02690607914 0.02099900049)
(0.032 0.03087459314 0.02053853357)
(0.032 0.03507851537 0.02105154399)
(0.032 0.001626416846 0.01122277815)
(0.032 0.001730691825 0.01563758585)
(0.032 0.001396874241 0.01964755465)
(0.032 0.01300509447 0.02118064547)
(0.032 0.008946628865 0.02096298109)
(0.032 0.004661186531 0.02113324967)
(0.032 0.01729164895 0.02083587806)
(0.032 0.0213288492 0.02125908469)
(0.032 0.0250545458 0.02152917963)
(0.032 0.02883431926 0.02117923375)
(0.032 0.03301647635 0.02067033916)
(0.032 0.03695640471 0.02142114129)
(0.032 0.003256308826 0.009699880483)
(0.032 0.003650388521 0.01206877374)
(0.032 0.03673704016 0.0193580713)
(0.032 0.003250976016 0.01925467964)
(0.032 0.005459935696 0.01003894137)
(0.032 0.007620990391 0.01005448913)
(0.032 0.009862970882 0.01006702683)
(0.032 0.01198885713 0.01027850645)
(0.032 0.01413574301 0.01041980265)
(0.032 0.01630428145 0.01053965447)
(0.032 0.0183610793 0.0102839963)
(0.032 0.02026718131 0.009597135728)
(0.032 0.02226659708 0.01012993612)
(0.032 0.02443650803 0.01036553479)
(0.032 0.02681964802 0.01061269233)
(0.032 0.02923594876 0.01073136737)
(0.032 0.03146574559 0.009717263477)
(0.032 0.03397089935 0.01018058643)
(0.032 0.03650628915 0.009777742243)
(0.032 0.03577851312 0.01234851862)
(0.032 0.03515860557 0.01516919905)
(0.032 0.03669860451 0.01732030631)
(0.032 0.01407234992 0.01925279272)
(0.032 0.01207325125 0.01876525126)
(0.032 0.02504427227 0.01918070317)
(0.032 0.009892811439 0.01852024861)
(0.032 0.007708956592 0.01853839635)
(0.032 0.01892052692 0.01783940203)
(0.032 0.02822166756 0.01830038339)
(0.032 0.02194108925 0.01866308016)
(0.032 0.03449242042 0.01840286824)
(0.032 0.003596483799 0.01691333094)
(0.032 0.005475895287 0.01887142274)
(0.032 0.01611925263 0.01863282601)
(0.032 0.03168194972 0.01717444249)
(0.032 0.003850961003 0.01449077382)
(0.032 0.01539828898 0.01326297202)
(0.032 0.0285787465 0.01432034141)
(0.032 0.03219113168 0.01305830149)
(0.032 0.0212194984 0.01557969919)
(0.032 0.006180034111 0.01300584204)
(0.032 0.006069883473 0.01611337485)
(0.032 0.01131011066 0.01599919754)
(0.032 0.01069048379 0.01288795738)
(0.032 0.01300630859 0.01316956263)
(0.032 0.01823904587 0.01362621772)
(0.032 0.02045134696 0.01221564245)
(0.032 0.02306585189 0.01302055341)
(0.032 0.0256874233 0.0130251212)
(0.032 0.0139351126 0.01645919548)
(0.032 0.008526271488 0.01233918019)
(0.032 0.008605136735 0.01552705843)
(0.032 0.02489123987 0.01620839536)
(0.032 0.01654399083 0.0160644476)
(0.03 0.0014350746 0.009318043721)
(0.03 0.00166513479 0.01116621288)
(0.03 0.001826191964 0.01332045549)
(0.03 0.00191503103 0.01551906599)
(0.03 0.001777470686 0.01782408509)
(0.03 0.001537743324 0.01981019021)
(0.03 0.001226675301 0.02165306935)
(0.03 0.002594054304 0.007639105049)
(0.03 0.006969744894 0.007927969355)
(0.03 0.01114247664 0.007735206137)
(0.03 0.01486412922 0.008171250296)
(0.03 0.01927549137 0.008341103499)
(0.03 0.02309232367 0.007928532309)
(0.03 0.02676553465 0.007965421561)
(0.03 0.03102924008 0.007984328803)
(0.03 0.03507563636 0.007763744368)
(0.03 0.03847805803 0.008854872693)
(0.03 0.0381784271 0.0133194052)
(0.03 0.0381616015 0.01792833933)
(0.03 0.003011237342 0.02133373177)
(0.03 0.004966678233 0.02104315206)
(0.03 0.007174780711 0.02085287551)
(0.03 0.009272539887 0.02097699399)
(0.03 0.01136836577 0.02103458325)
(0.03 0.01338182544 0.02096594592)
(0.03 0.01542088874 0.02103856373)
(0.03 0.01728445202 0.02128447648)
(0.03 0.01919793445 0.02096021586)
(0.03 0.021272365 0.02095593776)
(0.03 0.02317764471 0.02121198118)
(0.03 0.02511382269 0.02067410208)
(0.03 0.0272517329 0.02059253169)
(0.03 0.02937075712 0.0208175839)
(0.03 0.03172003097 0.02102101105)
(0.03 0.03387686462 0.02114110129)
(0.03 0.03612444996 0.02152800913)
(0.03 0.0382346959 0.02019631688)
(0.03 0.009089505622 0.007799421844)
(0.03 0.004724245076 0.007779531393)
(0.03 0.01299896105 0.00753407055)
(0.03 0.01705655345 0.008450328482)
(0.03 0.02119207631 0.007705161269)
(0.03 0.024955135 0.007497773214)
(0.03 0.02876290399 0.007995379309)
(0.03 0.03307743891 0.007928925991)
(0.03 0.03691241276 0.007578370182)
(0.03 0.03834144544 0.0110915928)
(0.03 0.03808591936 0.01558352371)
(0.03 0.003907059714 0.01198539741)
(0.03 0.004292042487 0.01436205553)
(0.03 0.004122794462 0.01675987956)
(0.03 0.003554056586 0.01917031559)
(0.03 0.003355516176 0.009690300353)
(0.03 0.01838608986 0.0116009841)
(0.03 0.01027164107 0.009758835449)
(0.03 0.03575160301 0.01691646899)
(0.03 0.02724240544 0.01074584133)
(0.03 0.02167301978 0.01071414397)
(0.03 0.03188826663 0.01053026689)
(0.03 0.012720425 0.0100969664)
(0.03 0.01544206194 0.01109029454)
(0.03 0.03576511392 0.01446778047)
(0.03 0.03604328102 0.01935429946)
(0.03 0.02964017028 0.01019107809)
(0.03 0.005961059731 0.01861117604)
(0.03 0.008495336234 0.01834369515)
(0.03 0.01056979722 0.01895107663)
(0.03 0.01280088136 0.01832102317)
(0.03 0.01500882112 0.01879174441)
(0.03 0.01755303078 0.01856568381)
(0.03 0.02025766117 0.0185864744)
(0.03 0.02312749991 0.01813393517)
(0.03 0.02619063321 0.01730937458)
(0.03 0.02901984568 0.01764139669)
(0.03 0.03119755393 0.01881900667)
(0.03 0.0335227593 0.01882074825)
(0.03 0.008063861262 0.0101746656)
(0.03 0.03615670188 0.01197764077)
(0.03 0.02471240043 0.009981985988)
(0.03 0.03659432345 0.009636800866)
(0.03 0.005694117371 0.009994456798)
(0.03 0.03432777382 0.01013687418)
(0.03 0.03321218577 0.012928983)
(0.03 0.03244547875 0.01599046034)
(0.03 0.006662174962 0.01263258602)
(0.03 0.01562057278 0.01537424587)
(0.03 0.02461371697 0.01373500271)
(0.03 0.007286837975 0.01567094726)
(0.03 0.02018460813 0.01511640138)
(0.03 0.02922763902 0.0136633392)
(0.03 0.01097421467 0.01598514071)
(0.03 0.009933397876 0.01266360179)
(0.03 0.01299250791 0.0131184635)
(0.027 0.001402836081 0.009321652023)
(0.027 0.001733427058 0.01328726152)
(0.027 0.001618536812 0.01774896863)
(0.027 0.00253496776 0.0076189071)
(0.027 0.004657437407 0.007773233755)
(0.027 0.006871455188 0.00786823302)
(0.027 0.008936516859 0.007772739181)
(0.027 0.01095987061 0.007668063782)
(0.027 0.01302546985 0.007747506104)
(0.027 0.01499489584 0.007957145223)
(0.027 0.01698726605 0.008014469473)
(0.027 0.01911289859 0.007770105343)
(0.027 0.02116550039 0.007676374705)
(0.027 0.02313748739 0.007799759935)
(0.027 0.02513264918 0.007849436647)
(0.027 0.02711945574 0.007806755256)
(0.027 0.02916579202 0.007877945551)
(0.027 0.03124318665 0.007917741277)
(0.027 0.03326163353 0.00782715662)
(0.027 0.0352179488 0.007787284904)
(0.027 0.03714717634 0.007634027587)
(0.027 0.03878585924 0.007359531061)
(0.027 0.0385091203 0.009135902815)
(0.027 0.03834051923 0.0112284989)
(0.027 0.03821889272 0.01339451268)
(0.027 0.03830418821 0.0157254319)
(0.027 0.03841142086 0.0179603659)
(0.027 0.03846393427 0.0201420893)
(0.027 0.002534884599 0.02131579369)
(0.027 0.006901979805 0.02088906708)
(0.027 0.01096788154 0.02105685275)
(0.027 0.01509338121 0.02123684161)
(0.027 0.01917098614 0.02099447747)
(0.027 0.02326017422 0.02099097797)
(0.027 0.02719523828 0.02141087288)
(0.027 0.03096303303 0.02088563559)
(0.027 0.03499302527 0.02097595335)
(0.027 0.001633764224 0.01120707918)
(0.027 0.001745481541 0.01562445912)
(0.027 0.001401023308 0.0196437659)
(0.027 0.01297041083 0.02126472988)
(0.027 0.008962200567 0.02099095036)
(0.027 0.00467000236 0.02112246983)
(0.027 0.01717144141 0.02094553375)
(0.027 0.02126064479 0.02101965585)
(0.027 0.02521143382 0.02120118269)
(0.027 0.02900523029 0.02158601234)
(0.027 0.03296736908 0.02065447189)
(0.027 0.0369113584 0.02130404874)
(0.027 0.003266498508 0.009686370121)
(0.027 0.003679117933 0.0120426482)
(0.027 0.03661221245 0.01919872025)
(0.027 0.003258784356 0.01924436529)
(0.027 0.02044364257 0.0187949443)
(0.027 0.005501467661 0.01003193843)
(0.027 0.007700391688 0.01005286645)
(0.027 0.0099150203 0.009925430508)
(0.027 0.0119033705 0.009625164265)
(0.027 0.01383094154 0.01036934226)
(0.027 0.0160261878 0.010647053)
(0.027 0.01818651964 0.01029262572)
(0.027 0.02013961174 0.009569981647)
(0.027 0.02208300279 0.01004033237)
(0.027 0.02417133603 0.0101911242)
(0.027 0.02635016169 0.01023999652)
(0.027 0.02830414733 0.009965265409)
(0.027 0.03034942857 0.01062905613)
(0.027 0.03238072577 0.01004144073)
(0.027 0.0344869817 0.01026884421)
(0.027 0.03665572991 0.009780425045)
(0.027 0.03608316161 0.01225609606)
(0.027 0.03581836138 0.0149211005)
(0.027 0.03666805433 0.01713723619)
(0.027 0.01401999712 0.01947336878)
(0.027 0.01207444156 0.01888215893)
(0.027 0.0266626071 0.01947499061)
(0.027 0.009994645985 0.01842844507)
(0.027 0.007723723346 0.01842899401)
(0.027 0.0247622677 0.01867129643)
(0.027 0.01835353686 0.01789466056)
(0.027 0.02887852799 0.01939328373)
(0.027 0.02254503099 0.01840884676)
(0.027 0.03421661696 0.01774262452)
(0.027 0.003614625718 0.01689513375)
(0.027 0.005488341458 0.01883896768)
(0.027 0.01596747389 0.01878128655)
(0.027 0.0310777887 0.01738232746)
(0.027 0.003902651137 0.01445990116)
(0.027 0.01447641436 0.01341023472)
(0.027 0.02850438797 0.01341524914)
(0.027 0.03269096505 0.01350546142)
(0.027 0.006343384956 0.0129218375)
(0.027 0.00889605678 0.01227045065)
(0.027 0.02097800136 0.01576055476)
(0.027 0.006118761557 0.01608264718)
(0.027 0.01160246145 0.01594618775)
(0.027 0.01155557284 0.01244708367)
(0.027 0.01779611156 0.01354633082)
(0.027 0.02026857826 0.01219089072)
(0.027 0.02280323026 0.01286169165)
(0.027 0.02549196426 0.01262636741)
(0.027 0.01393288191 0.01697780628)
(0.027 0.02452607256 0.01577036595)
(0.027 0.008864086813 0.01539542468)
(0.027 0.02746783244 0.01689564493)
(0.027 0.01613026279 0.01606343183)
(0.025 0.001437805435 0.009317277454)
(0.025 0.00167511708 0.01117167349)
(0.025 0.001837747637 0.01333758371)
(0.025 0.001902988609 0.01556116965)
(0.025 0.001760287213 0.01781693796)
(0.025 0.001536298147 0.01984805849)
(0.025 0.001261307843 0.02165977703)
(0.025 0.002570823073 0.007620714753)
(0.025 0.007011995489 0.007914642062)
(0.025 0.0111551506 0.007741415787)
(0.025 0.01488000497 0.008148092121)
(0.025 0.01915461962 0.007920784482)
(0.025 0.02317545456 0.008212346001)
(0.025 0.02690481224 0.007907752891)
(0.025 0.03114744802 0.007866295615)
(0.025 0.03513766648 0.007736296399)
(0.025 0.03848483806 0.008815663329)
(0.025 0.03820121596 0.01329825948)
(0.025 0.03813979325 0.01789696547)
(0.025 0.002947259842 0.02136282754)
(0.025 0.004942766654 0.02106134673)
(0.025 0.007170098254 0.02085363605)
(0.025 0.009185234152 0.02108528961)
(0.025 0.01126453635 0.02121754108)
(0.025 0.01335867673 0.0210556848)
(0.025 0.01538704822 0.02087112899)
(0.025 0.01729432261 0.0212245619)
(0.025 0.01924235945 0.02095723017)
(0.025 0.02113273742 0.02140938083)
(0.025 0.02302069664 0.02084769821)
(0.025 0.02500598172 0.02105154585)
(0.025 0.02700306603 0.02044240561)
(0.025 0.02921119509 0.02064759654)
(0.025 0.03162791443 0.02090807712)
(0.025 0.03383212652 0.02109637845)
(0.025 0.03613294608 0.02151445752)
(0.025 0.03820581483 0.02020981254)
(0.025 0.009083536662 0.007790255586)
(0.025 0.004733648523 0.0077808369)
(0.025 0.01301386407 0.007528296379)
(0.025 0.01702079127 0.008381595596)
(0.025 0.02110280542 0.008440576728)
(0.025 0.02504301383 0.007562295539)
(0.025 0.02889558137 0.007888373294)
(0.025 0.03315961419 0.007858663743)
(0.025 0.03697085385 0.00755775201)
(0.025 0.03832153585 0.01105234632)
(0.025 0.03808219753 0.01559462666)
(0.025 0.003937078874 0.01199949593)
(0.025 0.004325115747 0.01438924302)
(0.025 0.004155964541 0.01679183953)
(0.025 0.003547598643 0.01919425716)
(0.025 0.003367186558 0.00968861912)
(0.025 0.01899317041 0.01113470942)
(0.025 0.01032855632 0.009785757852)
(0.025 0.03577731803 0.01686421967)
(0.025 0.02771609495 0.01050097056)
(0.025 0.02255880867 0.01195815159)
(0.025 0.03210439822 0.01031096545)
(0.025 0.01281905167 0.01008814618)
(0.025 0.01567837244 0.01099826306)
(0.025 0.03582205032 0.01440150249)
(0.025 0.03600653154 0.01932290405)
(0.025 0.02995310904 0.009921749803)
(0.025 0.00601139981 0.01867489997)
(0.025 0.008462670573 0.01841694097)
(0.025 0.01046259859 0.01917671093)
(0.025 0.01247558217 0.01907520295)
(0.025 0.01469410819 0.01812305943)
(0.025 0.01776860613 0.01843078334)
(0.025 0.02098763622 0.01880027194)
(0.025 0.02436851186 0.01753663881)
(0.025 0.02836444106 0.01704578997)
(0.025 0.03095721032 0.01854800307)
(0.025 0.03342288639 0.01871121318)
(0.025 0.00811897906 0.01021181316)
(0.025 0.03628338328 0.01187298486)
(0.025 0.02520674843 0.010116286)
(0.025 0.03667957599 0.009643673101)
(0.025 0.005729751977 0.01000506749)
(0.025 0.03445074685 0.01004746798)
(0.025 0.03341828513 0.01275299257)
(0.025 0.03244479902 0.01579859385)
(0.025 0.006738268055 0.01266958266)
(0.025 0.01628187987 0.01485476604)
(0.025 0.02624548566 0.01350285859)
(0.025 0.0074180646 0.0157051094)
(0.025 0.02021674875 0.01531945316)
(0.025 0.02994226928 0.01305245245)
(0.025 0.01156807962 0.01618584824)
(0.025 0.01013013934 0.01275591352)
(0.025 0.01336633016 0.01304589723)
(0.022 0.001381861849 0.009310023681)
(0.022 0.00171581344 0.01326017712)
(0.022 0.001659644321 0.01774708057)
(0.022 0.002545335447 0.007624544296)
(0.022 0.004634732457 0.007743635986)
(0.022 0.006844035289 0.007858349639)
(0.022 0.008898932725 0.007798470287)
(0.022 0.01096608306 0.007818690507)
(0.022 0.01302143335 0.007881103454)
(0.022 0.01504423926 0.007963242743)
(0.022 0.01704361303 0.007997612641)
(0.022 0.01911359211 0.007740139114)
(0.022 0.02119887657 0.007709236626)
(0.022 0.02317885341 0.007873381304)
(0.022 0.0251539375 0.0079193627)
(0.022 0.02711512115 0.007806280359)
(0.022 0.02916899309 0.007804960267)
(0.022 0.03125944496 0.007824305302)
(0.022 0.03327475104 0.007749245979)
(0.022 0.03521117641 0.007749074082)
(0.022 0.03709702086 0.007638641867)
(0.022 0.03882549005 0.007358880458)
(0.022 0.03851838153 0.009162991766)
(0.022 0.03834974616 0.01121424016)
(0.022 0.03820785165 0.0133845468)
(0.022 0.03820658597 0.01565549875)
(0.022 0.03835133212 0.0179563034)
(0.022 0.03851091721 0.02016048908)
(0.022 0.002604544717 0.02127170438)
(0.022 0.00699276152 0.02085259532)
(0.022 0.01103087402 0.02116556644)
(0.022 0.01507070527 0.0212059986)
(0.022 0.0191048901 0.02105152386)
(0.022 0.02305266128 0.02121705612)
(0.022 0.02699873003 0.02120938667)
(0.022 0.0311766973 0.02098084915)
(0.022 0.035144351 0.02120854897)
(0.022 0.00159575051 0.01118543971)
(0.022 0.001769902626 0.01552906816)
(0.022 0.001447663547 0.01962323593)
(0.022 0.01309251061 0.02124601355)
(0.022 0.00904422293 0.02095637784)
(0.022 0.00474730476 0.02106828731)
(0.022 0.01717769665 0.02104175211)
(0.022 0.02112727897 0.02114013306)
(0.022 0.02507800182 0.02123396488)
(0.022 0.02904725983 0.02113234267)
(0.022 0.03318179852 0.02105861501)
(0.022 0.03694834554 0.0214309975)
(0.022 0.003214895539 0.0096524661)
(0.022 0.00355636633 0.01195994594)
(0.022 0.003370460367 0.01916827615)
(0.022 0.003872054578 0.01678895436)
(0.022 0.02017959671 0.01900371452)
(0.022 0.005394348225 0.009926579739)
(0.022 0.007557105269 0.01009349216)
(0.022 0.009692550916 0.01000804676)
(0.022 0.01191997485 0.01012671893)
(0.022 0.01405137366 0.01041246831)
(0.022 0.01620948413 0.01058163144)
(0.022 0.01829407489 0.01033147371)
(0.022 0.02020635472 0.009615237987)
(0.022 0.02215983498 0.01018100748)
(0.022 0.02427846973 0.01045544277)
(0.022 0.026434367 0.01039867243)
(0.022 0.02834818852 0.009822271194)
(0.022 0.03041607727 0.01033965188)
(0.022 0.0324217716 0.009830840629)
(0.022 0.03450953949 0.01012462595)
(0.022 0.03666419761 0.009736892519)
(0.022 0.0361202603 0.01210534399)
(0.022 0.0358904914 0.01457029559)
(0.022 0.03636926277 0.01713900273)
(0.022 0.03671990452 0.01935724228)
(0.022 0.0141366711 0.01894489708)
(0.022 0.01217305394 0.01929366191)
(0.022 0.02602164786 0.01880445719)
(0.022 0.01025847133 0.01859564773)
(0.022 0.008027701737 0.01839497306)
(0.022 0.02408905925 0.01930668807)
(0.022 0.01818530183 0.01814594217)
(0.022 0.02218614309 0.01872922921)
(0.022 0.03223655701 0.01863328494)
(0.022 0.0299827452 0.01863830571)
(0.022 0.00570081412 0.01869568213)
(0.022 0.01614014623 0.01917812022)
(0.022 0.003928033769 0.01437358192)
(0.022 0.0279898552 0.01922726227)
(0.022 0.03452912801 0.01893278299)
(0.022 0.01505787961 0.01343213728)
(0.022 0.02887992687 0.0128328484)
(0.022 0.005952907822 0.01260699433)
(0.022 0.03277146732 0.01292533304)
(0.022 0.008237453079 0.01282545608)
(0.022 0.0208444518 0.01597500503)
(0.022 0.03366857664 0.01618627011)
(0.022 0.02772967606 0.01630747989)
(0.022 0.006600000335 0.0156641009)
(0.022 0.01049570203 0.01231555193)
(0.022 0.01266627291 0.01308802522)
(0.022 0.01781720582 0.01378605683)
(0.022 0.02032496922 0.01232344623)
(0.022 0.02291193373 0.01314087898)
(0.022 0.02584227023 0.01324190954)
(0.022 0.01271956484 0.01647007244)
(0.022 0.009747444319 0.01566508323)
(0.022 0.02417486242 0.01644590438)
(0.022 0.03085022864 0.01580749049)
(0.022 0.01563673908 0.01652623595)
(0.02 0.001452823385 0.009283096198)
(0.02 0.001656367777 0.01111282818)
(0.02 0.001768347287 0.01324681466)
(0.02 0.001840187259 0.01546370657)
(0.02 0.001801863011 0.01771236569)
(0.02 0.001617003089 0.01984278586)
(0.02 0.001316830408 0.02165212482)
(0.02 0.002656937098 0.007592231708)
(0.02 0.007292759362 0.007847157271)
(0.02 0.01140486349 0.007512372802)
(0.02 0.01543219461 0.008080940493)
(0.02 0.02007856784 0.007564711418)
(0.02 0.02410413699 0.007841447341)
(0.02 0.0281952109 0.007529060158)
(0.02 0.03270530727 0.008060610724)
(0.02 0.03722300611 0.007714546795)
(0.02 0.03858525297 0.01140815693)
(0.02 0.03828494858 0.01551586789)
(0.02 0.03848971078 0.01986560987)
(0.02 0.03875798388 0.02164333429)
(0.02 0.003079062487 0.02133403344)
(0.02 0.005108580495 0.02130322667)
(0.02 0.007483608774 0.02130522185)
(0.02 0.009591852516 0.02117139948)
(0.02 0.01172909311 0.0210973047)
(0.02 0.01388459911 0.02103945587)
(0.02 0.01599417717 0.02095872978)
(0.02 0.01821708247 0.02110957734)
(0.02 0.02038568453 0.0212765414)
(0.02 0.02242209357 0.02122295796)
(0.02 0.02455530719 0.02112213094)
(0.02 0.02661306009 0.02090623514)
(0.02 0.02871909093 0.02080797064)
(0.02 0.03095524563 0.02093774599)
(0.02 0.03303516991 0.02140373941)
(0.02 0.03511281926 0.0214981314)
(0.02 0.03709495219 0.02134712488)
(0.02 0.009459615353 0.007847744388)
(0.02 0.004904108484 0.007729304435)
(0.02 0.0132962067 0.007933336608)
(0.02 0.01801591676 0.008403051047)
(0.02 0.02203234621 0.007839957076)
(0.02 0.02621373146 0.00774117795)
(0.02 0.03029527528 0.008521931382)
(0.02 0.03497228444 0.00771511019)
(0.02 0.03820205484 0.009618378211)
(0.02 0.03830796469 0.01332549875)
(0.02 0.03833175125 0.01778137771)
(0.02 0.01621087945 0.0103141061)
(0.02 0.003843369543 0.01183090251)
(0.02 0.004072748668 0.0141393373)
(0.02 0.004069355705 0.01650838988)
(0.02 0.003966697626 0.01904204445)
(0.02 0.008398746544 0.01013296296)
(0.02 0.02034547382 0.009958608356)
(0.02 0.03611653605 0.01430732294)
(0.02 0.01380839921 0.01045351411)
(0.02 0.02516219731 0.01000426634)
(0.02 0.0111807957 0.01007406966)
(0.02 0.03411108229 0.0101549391)
(0.02 0.03619067474 0.009333104994)
(0.02 0.03643410549 0.01670787086)
(0.02 0.005844056659 0.009850869562)
(0.02 0.0316517673 0.01103155321)
(0.02 0.03645649027 0.01163560214)
(0.02 0.003412760606 0.009603982604)
(0.02 0.02769332422 0.009664012147)
(0.02 0.006299206868 0.01965356089)
(0.02 0.008502740506 0.01907551768)
(0.02 0.01075047596 0.01891489715)
(0.02 0.0131296661 0.01882736842)
(0.02 0.01542249317 0.01853721842)
(0.02 0.01766435463 0.0186659758)
(0.02 0.01960113797 0.01939068618)
(0.02 0.02164028176 0.01895506421)
(0.02 0.02364484395 0.01919447501)
(0.02 0.02564069475 0.0183179062)
(0.02 0.02808656624 0.01796580733)
(0.02 0.03051283528 0.01817859498)
(0.02 0.03246318873 0.0190562302)
(0.02 0.03434353668 0.01999061499)
(0.02 0.02275085885 0.01032185647)
(0.02 0.018276195 0.01187238365)
(0.02 0.03660489613 0.01921558066)
(0.02 0.0291500732 0.01196324325)
(0.02 0.03320410735 0.0159135142)
(0.02 0.02094421523 0.01332285218)
(0.02 0.006462796693 0.0123278985)
(0.02 0.03354706855 0.01302923379)
(0.02 0.006588145183 0.01738782369)
(0.02 0.01750783078 0.01549589267)
(0.02 0.03047304902 0.01473380474)
(0.02 0.02655661119 0.01204491266)
(0.02 0.006730039877 0.01495887951)
(0.02 0.01222985429 0.01336790328)
(0.02 0.01537385455 0.01297142694)
(0.02 0.03462149826 0.01793302274)
(0.02 0.009399646102 0.01618122609)
(0.02 0.01198037115 0.0165929656)
(0.02 0.01447270414 0.01597585066)
(0.02 0.02013842985 0.01673741275)
(0.02 0.02333414 0.01626691552)
(0.02 0.02677776835 0.01517458487)
(0.02 0.02403338577 0.0129712796)
(0.02 0.009350518046 0.01284182513)
(0.017 0.001393253623 0.009319984086)
(0.017 0.001711243653 0.0132916506)
(0.017 0.001609985183 0.01774968771)
(0.017 0.002526879248 0.007617097786)
(0.017 0.004641779903 0.007768251214)
(0.017 0.006852193398 0.007862849019)
(0.017 0.008934203936 0.007811221629)
(0.017 0.01100078817 0.007835049312)
(0.017 0.01303403125 0.007895848495)
(0.017 0.01506098713 0.007945949023)
(0.017 0.01706368803 0.007977524087)
(0.017 0.01915842295 0.007792601066)
(0.017 0.02127044132 0.007718526585)
(0.017 0.02325842017 0.007859824839)
(0.017 0.02530362789 0.007976443484)
(0.017 0.02736727299 0.008036210725)
(0.017 0.02936331869 0.007957993797)
(0.017 0.03128707874 0.007454514175)
(0.017 0.03312167529 0.007781890838)
(0.017 0.0351147233 0.007798527156)
(0.017 0.03709994044 0.007644873888)
(0.017 0.03876745556 0.007370132409)
(0.017 0.03846219241 0.009153231899)
(0.017 0.03824289597 0.01125964322)
(0.017 0.03806700176 0.0134555789)
(0.017 0.03819793511 0.01576476972)
(0.017 0.03843661717 0.01801729889)
(0.017 0.03849815616 0.02020196257)
(0.017 0.002528677213 0.02131862687)
(0.017 0.006880972383 0.02091718172)
(0.017 0.01097058295 0.02103768117)
(0.017 0.01513143134 0.02115286298)
(0.017 0.01940917738 0.02079692356)
(0.017 0.02321800394 0.02106827931)
(0.017 0.02690827396 0.02100836302)
(0.017 0.03087595864 0.02054260503)
(0.017 0.03507887826 0.02105179794)
(0.017 0.001617728455 0.01120764066)
(0.017 0.001727463727 0.01561290387)
(0.017 0.001395732944 0.01964596068)
(0.017 0.01299817905 0.02119097442)
(0.017 0.008937817784 0.02097231587)
(0.017 0.004657418389 0.0211341773)
(0.017 0.01728570197 0.02085536268)
(0.017 0.02132985906 0.02126782325)
(0.017 0.02505595988 0.02153785671)
(0.017 0.02883611967 0.02118458687)
(0.017 0.03301698492 0.0206713617)
(0.017 0.03695660639 0.02142124759)
(0.017 0.003242130679 0.00968300848)
(0.017 0.003629578647 0.01203762742)
(0.017 0.03673761711 0.01935817249)
(0.017 0.003247051318 0.019253455)
(0.017 0.005440329576 0.01002373838)
(0.017 0.007595352657 0.01004079598)
(0.017 0.009834631455 0.01004065541)
(0.017 0.01196486531 0.01024840623)
(0.017 0.0141197664 0.01036535549)
(0.017 0.01629241382 0.0105037875)
(0.017 0.01835400667 0.01024762487)
(0.017 0.02026128792 0.009577577539)
(0.017 0.02226383607 0.01009931086)
(0.017 0.02444462588 0.0103496979)
(0.017 0.02683786789 0.01059002033)
(0.017 0.0292483275 0.01072260836)
(0.017 0.03147186837 0.009713861962)
(0.017 0.03397451061 0.01017865032)
(0.017 0.03650783855 0.009776983169)
(0.017 0.03578111495 0.01234746613)
(0.017 0.03516062122 0.0151687195)
(0.017 0.03669955109 0.01732028946)
(0.017 0.01405898061 0.01927370223)
(0.017 0.01205640788 0.01878837111)
(0.017 0.02505410474 0.01920964231)
(0.017 0.009867765066 0.01855213125)
(0.017 0.007692678136 0.01854586242)
(0.017 0.0189155934 0.01793278659)
(0.017 0.02823201142 0.01831847944)
(0.017 0.02194603645 0.01868414036)
(0.017 0.03449375406 0.01840342775)
(0.017 0.0035886109 0.01690659258)
(0.017 0.005466875711 0.01887370959)
(0.017 0.01610385643 0.01867082382)
(0.017 0.03168618477 0.01717729356)
(0.017 0.003828802848 0.01447197386)
(0.017 0.01534490308 0.01317556309)
(0.017 0.02860913995 0.01431286299)
(0.017 0.03220042504 0.01305470866)
(0.017 0.0212316975 0.01560564207)
(0.017 0.006134386703 0.01298695916)
(0.017 0.006052754033 0.01611164596)
(0.017 0.01122943437 0.01607903753)
(0.017 0.01061633159 0.01282484668)
(0.017 0.01300493094 0.01307013058)
(0.017 0.01824924572 0.01350877425)
(0.017 0.02044798007 0.01218137944)
(0.017 0.02303995612 0.01294047042)
(0.017 0.02575040811 0.01299372146)
(0.017 0.01392448848 0.01649442531)
(0.017 0.008479199079 0.01231812581)
(0.017 0.008572691679 0.01552493803)
(0.017 0.0249596531 0.01629507787)
(0.017 0.01647616933 0.01611863214)
(0.015 0.001433986576 0.009317381005)
(0.015 0.001663773196 0.01116531507)
(0.015 0.001824822588 0.01331958728)
(0.015 0.001913823329 0.01551830064)
(0.015 0.001776435062 0.01782357601)
(0.015 0.001537141334 0.01981007927)
(0.015 0.001226502971 0.02165308681)
(0.015 0.002593003006 0.007638428635)
(0.015 0.006966764173 0.007923278385)
(0.015 0.01114239653 0.007729506372)
(0.015 0.01486855371 0.008162401156)
(0.015 0.01928159935 0.008327058839)
(0.015 0.02309582992 0.007925821525)
(0.015 0.02676815919 0.00796327333)
(0.015 0.03103085571 0.007983230975)
(0.015 0.0350762028 0.007763437083)
(0.015 0.03847824752 0.008854757925)
(0.015 0.0381787307 0.01331929857)
(0.015 0.03816188399 0.01792835241)
(0.015 0.003010694021 0.02133353121)
(0.015 0.004965233373 0.02104283104)
(0.015 0.00717157672 0.02085533541)
(0.015 0.009269566207 0.02098352721)
(0.015 0.01136788783 0.02104183527)
(0.015 0.01338371606 0.02097093969)
(0.015 0.01542509595 0.02104224236)
(0.015 0.01728976679 0.02128663009)
(0.015 0.01920472317 0.02096331459)
(0.015 0.02127966857 0.02096116247)
(0.015 0.02318348734 0.02121570877)
(0.015 0.02511949554 0.0206784642)
(0.015 0.02725500225 0.02059566693)
(0.015 0.02937272769 0.02081847316)
(0.015 0.03172116174 0.0210213812)
(0.015 0.03387752223 0.02114127226)
(0.015 0.03612470888 0.02152810909)
(0.015 0.03823489195 0.02019637312)
(0.015 0.009087342902 0.007792879332)
(0.015 0.004722231421 0.00777759857)
(0.015 0.01300039295 0.00752865806)
(0.015 0.01706395212 0.008433001707)
(0.015 0.02119645417 0.007700584881)
(0.015 0.02495758638 0.007496185727)
(0.015 0.02876488275 0.007994022609)
(0.015 0.03307849633 0.007928307115)
(0.015 0.03691268175 0.007578185195)
(0.015 0.0383417144 0.01109146177)
(0.015 0.03808623494 0.01558346294)
(0.015 0.003902811655 0.01198269249)
(0.015 0.004288764536 0.0143598017)
(0.015 0.00412004038 0.0167579552)
(0.015 0.0035519471 0.01916907865)
(0.015 0.003352982585 0.009688464317)
(0.015 0.01841234651 0.01154142774)
(0.015 0.01026588367 0.009742807713)
(0.015 0.03575243697 0.01691643553)
(0.015 0.02724806018 0.01074206043)
(0.015 0.02168543624 0.01070454807)
(0.015 0.03189051672 0.0105288234)
(0.015 0.01272512714 0.0100769569)
(0.015 0.01547196249 0.01105989086)
(0.015 0.03576594979 0.0144675583)
(0.015 0.03604395648 0.01935441162)
(0.015 0.02964376112 0.01018869923)
(0.015 0.005956701499 0.01860920751)
(0.015 0.008487681255 0.01835744405)
(0.015 0.01056597772 0.0189721217)
(0.015 0.01279838353 0.01833841507)
(0.015 0.01501584383 0.01880312214)
(0.015 0.01756746441 0.01857261242)
(0.015 0.02027870353 0.01859773365)
(0.015 0.02314626468 0.01814687357)
(0.015 0.0261999232 0.01731515037)
(0.015 0.0290255455 0.0176427525)
(0.015 0.03120024463 0.01881961424)
(0.015 0.03352431969 0.01882099877)
(0.015 0.008055299025 0.01015982906)
(0.015 0.03615746642 0.01197733014)
(0.015 0.02471885705 0.009978045391)
(0.015 0.0365948764 0.009636519497)
(0.015 0.005688985214 0.009988871669)
(0.015 0.03432896899 0.01013628983)
(0.015 0.03321393966 0.0129282725)
(0.015 0.03244765245 0.01599032306)
(0.015 0.00665048774 0.01262386359)
(0.015 0.01565078191 0.01540893769)
(0.015 0.02463322078 0.01373685091)
(0.015 0.007282488038 0.01566865697)
(0.015 0.02025643487 0.01514485449)
(0.015 0.02923290207 0.01366214085)
(0.015 0.01092911707 0.01605394951)
(0.015 0.009893060297 0.01262838337)
(0.015 0.01305166508 0.01303550378)
(0.012 0.001401873579 0.009308641445)
(0.012 0.001750108215 0.01328304406)
(0.012 0.001620134207 0.01774925799)
(0.012 0.002538688968 0.007616950717)
(0.012 0.004660561237 0.007772600557)
(0.012 0.00687733598 0.007868970586)
(0.012 0.008941248931 0.007779803992)
(0.012 0.01096350028 0.007679104341)
(0.012 0.01302608514 0.007760122931)
(0.012 0.01499442369 0.007972350297)
(0.012 0.01698423863 0.008030828633)
(0.012 0.01910917239 0.007784740322)
(0.012 0.02116024786 0.007689793084)
(0.012 0.02313068583 0.007807309911)
(0.012 0.02512718094 0.007854636835)
(0.012 0.02711309707 0.007813691947)
(0.012 0.0291602201 0.007883162354)
(0.012 0.03123944128 0.007920530183)
(0.012 0.03325939724 0.007828884072)
(0.012 0.03521678443 0.007788082714)
(0.012 0.03714665355 0.007634376637)
(0.012 0.03878565044 0.007359698971)
(0.012 0.03850871276 0.00913620947)
(0.012 0.03833999529 0.01122886116)
(0.012 0.03821840599 0.0133948668)
(0.012 0.0383038422 0.01572569628)
(0.012 0.03841122303 0.01796052246)
(0.012 0.0384638258 0.02014215381)
(0.012 0.002535587924 0.0213155074)
(0.012 0.006906071329 0.02088512868)
(0.012 0.01097127977 0.02104551737)
(0.012 0.01509125482 0.02122193256)
(0.012 0.01916460919 0.02097422737)
(0.012 0.02325567182 0.02097653636)
(0.012 0.02719217508 0.02140588438)
(0.012 0.03096075375 0.02088286811)
(0.012 0.03499266797 0.02097582392)
(0.012 0.001619054195 0.01115565996)
(0.012 0.001747412268 0.01562625232)
(0.012 0.001401821391 0.01964363497)
(0.012 0.01297138772 0.0212504386)
(0.012 0.008966983606 0.02098212483)
(0.012 0.004671937651 0.02112135586)
(0.012 0.01716826852 0.02092738491)
(0.012 0.02125564926 0.0210015322)
(0.012 0.02520724027 0.02119227818)
(0.012 0.02900306136 0.02158297482)
(0.012 0.03296622327 0.02065322724)
(0.012 0.03691121581 0.02130407974)
(0.012 0.003274963495 0.009691533657)
(0.012 0.003764332905 0.01204097521)
(0.012 0.03661186685 0.01919894808)
(0.012 0.003260792826 0.01924397799)
(0.012 0.02042945502 0.01875752593)
(0.012 0.005517507246 0.01002168116)
(0.012 0.007708099612 0.01006421663)
(0.012 0.009924966996 0.009946507413)
(0.012 0.01190765756 0.009656889828)
(0.012 0.01382993811 0.01040101638)
(0.012 0.0160219632 0.01070138658)
(0.012 0.01817863975 0.01032886302)
(0.012 0.02013122379 0.009602803765)
(0.012 0.02207182453 0.01007117402)
(0.012 0.02415786834 0.01019578247)
(0.012 0.02633283266 0.01026296319)
(0.012 0.02829175327 0.009976375047)
(0.012 0.03034081165 0.01063691861)
(0.012 0.03237571604 0.01004537538)
(0.012 0.03448420393 0.01027069307)
(0.012 0.03665449957 0.009781170325)
(0.012 0.03608166963 0.01225711484)
(0.012 0.03581715363 0.01492204324)
(0.012 0.03666751123 0.01713770591)
(0.012 0.01401801485 0.01944062392)
(0.012 0.01207859581 0.01884815357)
(0.012 0.0266571683 0.01946285829)
(0.012 0.01001022677 0.01840080367)
(0.012 0.007732958724 0.01841665938)
(0.012 0.0247557122 0.01864274348)
(0.012 0.01833674495 0.01781376774)
(0.012 0.02887314271 0.01938506834)
(0.012 0.02253671417 0.01836665689)
(0.012 0.03421536383 0.01774257593)
(0.012 0.003621068084 0.01689735176)
(0.012 0.005494435806 0.01883692493)
(0.012 0.01596140167 0.01874933696)
(0.012 0.03107287144 0.01737771008)
(0.012 0.003907744773 0.01446746972)
(0.012 0.01442952939 0.01348028704)
(0.012 0.02848186166 0.01342341666)
(0.012 0.03268642065 0.01350881522)
(0.012 0.006353923426 0.01293656318)
(0.012 0.008915800659 0.01228575838)
(0.012 0.02091055714 0.01570975535)
(0.012 0.006137832285 0.01607888503)
(0.012 0.01165330673 0.01584908967)
(0.012 0.01157200162 0.01253775592)
(0.012 0.01783414239 0.01364310506)
(0.012 0.02024586045 0.01226182435)
(0.012 0.02282701481 0.01289167319)
(0.012 0.02542643426 0.01265394365)
(0.012 0.01392411724 0.01690750755)
(0.012 0.02451689765 0.01570131287)
(0.012 0.008924108012 0.01538697515)
(0.012 0.02745567091 0.01687988168)
(0.012 0.01618195744 0.0160490301)
(0.01 0.001450805076 0.009282036064)
(0.01 0.001653502458 0.01111144425)
(0.01 0.001765047892 0.01324597019)
(0.01 0.001836586775 0.01546367303)
(0.01 0.001798635423 0.01771344993)
(0.01 0.001614829866 0.01984404052)
(0.01 0.001315822546 0.02165286153)
(0.01 0.002655129006 0.007591233808)
(0.01 0.007287729846 0.00784032639)
(0.01 0.01140202094 0.00750407478)
(0.01 0.01543447371 0.008008646633)
(0.01 0.02008301983 0.007551988198)
(0.01 0.02412475196 0.007826618006)
(0.01 0.02821318619 0.00751688639)
(0.01 0.03270499115 0.008057165371)
(0.01 0.03722362223 0.007714067362)
(0.01 0.03858573533 0.01140783081)
(0.01 0.03828390605 0.01551622457)
(0.01 0.03848806785 0.0198659575)
(0.01 0.03875758985 0.02164348095)
(0.01 0.003076413868 0.02133575894)
(0.01 0.005103349492 0.02130725712)
(0.01 0.007476414857 0.02131165633)
(0.01 0.009584418251 0.02118229724)
(0.01 0.0117249236 0.02110984198)
(0.01 0.01388355628 0.02105445328)
(0.01 0.0159948338 0.02097378583)
(0.01 0.01821803396 0.021124235)
(0.01 0.02038759124 0.02129272215)
(0.01 0.02242551072 0.02123685896)
(0.01 0.0245591326 0.02113145783)
(0.01 0.02661637872 0.02091338986)
(0.01 0.02872357874 0.02081535458)
(0.01 0.03095866324 0.02094042144)
(0.01 0.03303603575 0.02140509302)
(0.01 0.03511195838 0.02150017798)
(0.01 0.03709372448 0.02134916155)
(0.01 0.009455848515 0.007839306076)
(0.01 0.004900652896 0.0077264701)
(0.01 0.01329414785 0.007911744282)
(0.01 0.01801805985 0.008373812737)
(0.01 0.02203961645 0.007824136133)
(0.01 0.02622883363 0.007727876596)
(0.01 0.03028953983 0.008511291183)
(0.01 0.03497289629 0.007714094246)
(0.01 0.03820291921 0.009617970496)
(0.01 0.03830800814 0.01332530175)
(0.01 0.03832987895 0.01778176457)
(0.01 0.0162060041 0.01026429763)
(0.01 0.003834403309 0.0118275593)
(0.01 0.004064067449 0.01413811195)
(0.01 0.004059164873 0.0165096132)
(0.01 0.003958438156 0.01904659156)
(0.01 0.008382791031 0.0101102007)
(0.01 0.02036075505 0.009924648991)
(0.01 0.03611633204 0.01430671995)
(0.01 0.01381461347 0.01039668232)
(0.01 0.02518035178 0.009966686999)
(0.01 0.0111725937 0.01004583287)
(0.01 0.0341139626 0.01015166458)
(0.01 0.0361922605 0.009331858194)
(0.01 0.03643032583 0.01670835212)
(0.01 0.005834320412 0.009842989315)
(0.01 0.03165836532 0.01101827421)
(0.01 0.03645822829 0.01163420022)
(0.01 0.003408028424 0.009601281446)
(0.01 0.02771029276 0.00963848985)
(0.01 0.006286912022 0.01966199423)
(0.01 0.008484481003 0.01909670808)
(0.01 0.01073366253 0.01894858918)
(0.01 0.01312989205 0.01886053587)
(0.01 0.01542336748 0.01857693639)
(0.01 0.01766866321 0.01869709297)
(0.01 0.01960544527 0.01942415841)
(0.01 0.02164585532 0.01899624123)
(0.01 0.02364928208 0.01921754165)
(0.01 0.02564739966 0.01833299169)
(0.01 0.02810021836 0.01799101778)
(0.01 0.0305212367 0.01818494281)
(0.01 0.03246727827 0.01905846398)
(0.01 0.03434380238 0.01999285195)
(0.01 0.02276278824 0.01027468819)
(0.01 0.01829560408 0.01177211323)
(0.01 0.03660118898 0.01921658818)
(0.01 0.02916958249 0.01191557238)
(0.01 0.03320654982 0.01591426122)
(0.01 0.02100625809 0.01326641273)
(0.01 0.006440540137 0.01231755433)
(0.01 0.033552081 0.01302598013)
(0.01 0.006561921855 0.01739947641)
(0.01 0.01746425961 0.01559118823)
(0.01 0.03049022939 0.01472697399)
(0.01 0.02661641451 0.01195500513)
(0.01 0.006712222244 0.01495940479)
(0.01 0.01226057472 0.01324455904)
(0.01 0.01533494592 0.01293415013)
(0.01 0.03461879749 0.0179351809)
(0.01 0.009326723455 0.01623521457)
(0.01 0.01196455697 0.01668291828)
(0.01 0.01451138893 0.01600187895)
(0.01 0.02016954079 0.01680736472)
(0.01 0.02331701794 0.01631581858)
(0.01 0.0268528323 0.01521593852)
(0.01 0.0240027425 0.01290394551)
(0.01 0.009301408277 0.01278214113)
(0.007 0.001399940144 0.009328241356)
(0.007 0.00171991181 0.01331371538)
(0.007 0.001611868646 0.01775571629)
(0.007 0.002531480837 0.007623007605)
(0.007 0.004648627154 0.007775294361)
(0.007 0.006861398819 0.007870000016)
(0.007 0.008945230109 0.007820423829)
(0.007 0.01101125512 0.007846041185)
(0.007 0.01304322555 0.007910839102)
(0.007 0.01506612321 0.007962683965)
(0.007 0.01706815967 0.007991513434)
(0.007 0.01916044967 0.007804463969)
(0.007 0.02127186774 0.007728265918)
(0.007 0.02325669483 0.007867959467)
(0.007 0.02529990389 0.007982820633)
(0.007 0.02736174174 0.008043733308)
(0.007 0.02935886649 0.007961296671)
(0.007 0.03128461193 0.007455947571)
(0.007 0.03311964253 0.007783339055)
(0.007 0.03511350493 0.007799278336)
(0.007 0.03709932501 0.007645225823)
(0.007 0.03876721325 0.007370312684)
(0.007 0.03846168866 0.009153559523)
(0.007 0.03824213709 0.011260001)
(0.007 0.03806626332 0.01345582171)
(0.007 0.0381974106 0.01576480993)
(0.007 0.03843624252 0.01801724649)
(0.007 0.03849797228 0.02020189782)
(0.007 0.002530248401 0.02131883858)
(0.007 0.006887532724 0.02091361022)
(0.007 0.01097794667 0.02102736348)
(0.007 0.01513831883 0.02114020725)
(0.007 0.01941097633 0.0207739581)
(0.007 0.02321753744 0.02105907738)
(0.007 0.02690607914 0.02099900049)
(0.007 0.03087459314 0.02053853357)
(0.007 0.03507851537 0.02105154399)
(0.007 0.001626416846 0.01122277815)
(0.007 0.001730691825 0.01563758585)
(0.007 0.001396874241 0.01964755465)
(0.007 0.01300509447 0.02118064547)
(0.007 0.008946628865 0.02096298109)
(0.007 0.004661186531 0.02113324967)
(0.007 0.01729164895 0.02083587806)
(0.007 0.0213288492 0.02125908469)
(0.007 0.0250545458 0.02152917963)
(0.007 0.02883431926 0.02117923375)
(0.007 0.03301647635 0.02067033916)
(0.007 0.03695640471 0.02142114129)
(0.007 0.003256308826 0.009699880483)
(0.007 0.003650388521 0.01206877374)
(0.007 0.03673704016 0.0193580713)
(0.007 0.003250976016 0.01925467964)
(0.007 0.005459935696 0.01003894137)
(0.007 0.007620990391 0.01005448913)
(0.007 0.009862970882 0.01006702683)
(0.007 0.01198885713 0.01027850645)
(0.007 0.01413574301 0.01041980265)
(0.007 0.01630428145 0.01053965447)
(0.007 0.0183610793 0.0102839963)
(0.007 0.02026718131 0.009597135728)
(0.007 0.02226659708 0.01012993612)
(0.007 0.02443650803 0.01036553479)
(0.007 0.02681964802 0.01061269233)
(0.007 0.02923594876 0.01073136737)
(0.007 0.03146574559 0.009717263477)
(0.007 0.03397089935 0.01018058643)
(0.007 0.03650628915 0.009777742243)
(0.007 0.03577851312 0.01234851862)
(0.007 0.03515860557 0.01516919905)
(0.007 0.03669860451 0.01732030631)
(0.007 0.01407234992 0.01925279272)
(0.007 0.01207325125 0.01876525126)
(0.007 0.02504427227 0.01918070317)
(0.007 0.009892811439 0.01852024861)
(0.007 0.007708956592 0.01853839635)
(0.007 0.01892052692 0.01783940203)
(0.007 0.02822166756 0.01830038339)
(0.007 0.02194108925 0.01866308016)
(0.007 0.03449242042 0.01840286824)
(0.007 0.003596483799 0.01691333094)
(0.007 0.005475895287 0.01887142274)
(0.007 0.01611925263 0.01863282601)
(0.007 0.03168194972 0.01717444249)
(0.007 0.003850961003 0.01449077382)
(0.007 0.01539828898 0.01326297202)
(0.007 0.0285787465 0.01432034141)
(0.007 0.03219113168 0.01305830149)
(0.007 0.0212194984 0.01557969919)
(0.007 0.006180034111 0.01300584204)
(0.007 0.006069883473 0.01611337485)
(0.007 0.01131011066 0.01599919754)
(0.007 0.01069048379 0.01288795738)
(0.007 0.01300630859 0.01316956263)
(0.007 0.01823904587 0.01362621772)
(0.007 0.02045134696 0.01221564245)
(0.007 0.02306585189 0.01302055341)
(0.007 0.0256874233 0.0130251212)
(0.007 0.0139351126 0.01645919548)
(0.007 0.008526271488 0.01233918019)
(0.007 0.008605136735 0.01552705843)
(0.007 0.02489123987 0.01620839536)
(0.007 0.01654399083 0.0160644476)
(0.005 0.0014350746 0.009318043721)
(0.005 0.00166513479 0.01116621288)
(0.005 0.001826191964 0.01332045549)
(0.005 0.00191503103 0.01551906599)
(0.005 0.001777470686 0.01782408509)
(0.005 0.001537743324 0.01981019021)
(0.005 0.001226675301 0.02165306935)
(0.005 0.002594054304 0.007639105049)
(0.005 0.006969744894 0.007927969355)
(0.005 0.01114247664 0.007735206137)
(0.005 0.01486412922 0.008171250296)
(0.005 0.01927549137 0.008341103499)
(0.005 0.02309232367 0.007928532309)
(0.005 0.02676553465 0.007965421561)
(0.005 0.03102924008 0.007984328803)
(0.005 0.03507563636 0.007763744368)
(0.005 0.03847805803 0.008854872693)
(0.005 0.0381784271 0.0133194052)
(0.005 0.0381616015 0.01792833933)
(0.005 0.003011237342 0.02133373177)
(0.005 0.004966678233 0.02104315206)
(0.005 0.007174780711 0.02085287551)
(0.005 0.009272539887 0.02097699399)
(0.005 0.01136836577 0.02103458325)
(0.005 0.01338182544 0.02096594592)
(0.005 0.01542088874 0.02103856373)
(0.005 0.01728445202 0.02128447648)
(0.005 0.01919793445 0.02096021586)
(0.005 0.021272365 0.02095593776)
(0.005 0.02317764471 0.02121198118)
(0.005 0.02511382269 0.02067410208)
(0.005 0.0272517329 0.02059253169)
(0.005 0.02937075712 0.0208175839)
(0.005 0.03172003097 0.02102101105)
(0.005 0.03387686462 0.02114110129)
(0.005 0.03612444996 0.02152800913)
(0.005 0.0382346959 0.02019631688)
(0.005 0.009089505622 0.007799421844)
(0.005 0.004724245076 0.007779531393)
(0.005 0.01299896105 0.00753407055)
(0.005 0.01705655345 0.008450328482)
(0.005 0.02119207631 0.007705161269)
(0.005 0.024955135 0.007497773214)
(0.005 0.02876290399 0.007995379309)
(0.005 0.03307743891 0.007928925991)
(0.005 0.03691241276 0.007578370182)
(0.005 0.03834144544 0.0110915928)
(0.005 0.03808591936 0.01558352371)
(0.005 0.003907059714 0.01198539741)
(0.005 0.004292042487 0.01436205553)
(0.005 0.004122794462 0.01675987956)
(0.005 0.003554056586 0.01917031559)
(0.005 0.003355516176 0.009690300353)
(0.005 0.01838608986 0.0116009841)
(0.005 0.01027164107 0.009758835449)
(0.005 0.03575160301 0.01691646899)
(0.005 0.02724240544 0.01074584133)
(0.005 0.02167301978 0.01071414397)
(0.005 0.03188826663 0.01053026689)
(0.005 0.012720425 0.0100969664)
(0.005 0.01544206194 0.01109029454)
(0.005 0.03576511392 0.01446778047)
(0.005 0.03604328102 0.01935429946)
(0.005 0.02964017028 0.01019107809)
(0.005 0.005961059731 0.01861117604)
(0.005 0.008495336234 0.01834369515)
(0.005 0.01056979722 0.01895107663)
(0.005 0.01280088136 0.01832102317)
(0.005 0.01500882112 0.01879174441)
(0.005 0.01755303078 0.01856568381)
(0.005 0.02025766117 0.0185864744)
(0.005 0.02312749991 0.01813393517)
(0.005 0.02619063321 0.01730937458)
(0.005 0.02901984568 0.01764139669)
(0.005 0.03119755393 0.01881900667)
(0.005 0.0335227593 0.01882074825)
(0.005 0.008063861262 0.0101746656)
(0.005 0.03615670188 0.01197764077)
(0.005 0.02471240043 0.009981985988)
(0.005 0.03659432345 0.009636800866)
(0.005 0.005694117371 0.009994456798)
(0.005 0.03432777382 0.01013687418)
(0.005 0.03321218577 0.012928983)
(0.005 0.03244547875 0.01599046034)
(0.005 0.006662174962 0.01263258602)
(0.005 0.01562057278 0.01537424587)
(0.005 0.02461371697 0.01373500271)
(0.005 0.007286837975 0.01567094726)
(0.005 0.02018460813 0.01511640138)
(0.005 0.02922763902 0.0136633392)
(0.005 0.01097421467 0.01598514071)
(0.005 0.009933397876 0.01266360179)
(0.005 0.01299250791 0.0131184635)
(0.002 0.001402836081 0.009321652023)
(0.002 0.001733427058 0.01328726152)
(0.002 0.001618536812 0.01774896863)
(0.002 0.00253496776 0.0076189071)
(0.002 0.004657437407 0.007773233755)
(0.002 0.006871455188 0.00786823302)
(0.002 0.008936516859 0.007772739181)
(0.002 0.01095987061 0.007668063782)
(0.002 0.01302546985 0.007747506104)
(0.002 0.01499489584 0.007957145223)
(0.002 0.01698726605 0.008014469473)
(0.002 0.01911289859 0.007770105343)
(0.002 0.02116550039 0.007676374705)
(0.002 0.02313748739 0.007799759935)
(0.002 0.02513264918 0.007849436647)
(0.002 0.02711945574 0.007806755256)
(0.002 0.02916579202 0.007877945551)
(0.002 0.03124318665 0.007917741277)
(0.002 0.03326163353 0.00782715662)
(0.002 0.0352179488 0.007787284904)
(0.002 0.03714717634 0.007634027587)
(0.002 0.03878585924 0.007359531061)
(0.002 0.0385091203 0.009135902815)
(0.002 0.03834051923 0.0112284989)
(0.002 0.03821889272 0.01339451268)
(0.002 0.03830418821 0.0157254319)
(0.002 0.03841142086 0.0179603659)
(0.002 0.03846393427 0.0201420893)
(0.002 0.002534884599 0.02131579369)
(0.002 0.006901979805 0.02088906708)
(0.002 0.01096788154 0.02105685275)
(0.002 0.01509338121 0.02123684161)
(0.002 0.01917098614 0.02099447747)
(0.002 0.02326017422 0.02099097797)
(0.002 0.02719523828 0.02141087288)
(0.002 0.03096303303 0.02088563559)
(0.002 0.03499302527 0.02097595335)
(0.002 0.001633764224 0.01120707918)
(0.002 0.001745481541 0.01562445912)
(0.002 0.001401023308 0.0196437659)
(0.002 0.01297041083 0.02126472988)
(0.002 0.008962200567 0.02099095036)
(0.002 0.00467000236 0.02112246983)
(0.002 0.01717144141 0.02094553375)
(0.002 0.02126064479 0.02101965585)
(0.002 0.02521143382 0.02120118269)
(0.002 0.02900523029 0.02158601234)
(0.002 0.03296736908 0.02065447189)
(0.002 0.0369113584 0.02130404874)
(0.002 0.003266498508 0.009686370121)
(0.002 0.003679117933 0.0120426482)
(0.002 0.03661221245 0.01919872025)
(0.002 0.003258784356 0.01924436529)
(0.002 0.02044364257 0.0187949443)
(0.002 0.005501467661 0.01003193843)
(0.002 0.007700391688 0.01005286645)
(0.002 0.0099150203 0.009925430508)
(0.002 0.0119033705 0.009625164265)
(0.002 0.01383094154 0.01036934226)
(0.002 0.0160261878 0.010647053)
(0.002 0.01818651964 0.01029262572)
(0.002 0.02013961174 0.009569981647)
(0.002 0.02208300279 0.01004033237)
(0.002 0.02417133603 0.0101911242)
(0.002 0.02635016169 0.01023999652)
(0.002 0.02830414733 0.009965265409)
(0.002 0.03034942857 0.01062905613)
(0.002 0.03238072577 0.01004144073)
(0.002 0.0344869817 0.01026884421)
(0.002 0.03665572991 0.009780425045)
(0.002 0.03608316161 0.01225609606)
(0.002 0.03581836138 0.0149211005)
(0.002 0.03666805433 0.01713723619)
(0.002 0.01401999712 0.01947336878)
(0.002 0.01207444156 0.01888215893)
(0.002 0.0266626071 0.01947499061)
(0.002 0.009994645985 0.01842844507)
(0.002 0.007723723346 0.01842899401)
(0.002 0.0247622677 0.01867129643)
(0.002 0.01835353686 0.01789466056)
(0.002 0.02887852799 0.01939328373)
(0.002 0.02254503099 0.01840884676)
(0.002 0.03421661696 0.01774262452)
(0.002 0.003614625718 0.01689513375)
(0.002 0.005488341458 0.01883896768)
(0.002 0.01596747389 0.01878128655)
(0.002 0.0310777887 0.01738232746)
(0.002 0.003902651137 0.01445990116)
(0.002 0.01447641436 0.01341023472)
(0.002 0.02850438797 0.01341524914)
(0.002 0.03269096505 0.01350546142)
(0.002 0.006343384956 0.0129218375)
(0.002 0.00889605678 0.01227045065)
(0.002 0.02097800136 0.01576055476)
(0.002 0.006118761557 0.01608264718)
(0.002 0.01160246145 0.01594618775)
(0.002 0.01155557284 0.01244708367)
(0.002 0.01779611156 0.01354633082)
(0.002 0.02026857826 0.01219089072)
(0.002 0.02280323026 0.01286169165)
(0.002 0.02549196426 0.01262636741)
(0.002 0.01393288191 0.01697780628)
(0.002 0.02452607256 0.01577036595)
(0.002 0.008864086813 0.01539542468)
(0.002 0.02746783244 0.01689564493)
(0.002 0.01613026279 0.01606343183)
(0.042 0.001402836081 0.009321652023)
(0.042 0.001733427058 0.01328726152)
(0.042 0.001618536812 0.01774896863)
(0.042 0.00253496776 0.0076189071)
(0.042 0.004657437407 0.007773233755)
(0.042 0.006871455188 0.00786823302)
(0.042 0.008936516859 0.007772739181)
(0.042 0.01095987061 0.007668063782)
(0.042 0.01302546985 0.007747506104)
(0.042 0.01499489584 0.007957145223)
(0.042 0.01698726605 0.008014469473)
(0.042 0.01911289859 0.007770105343)
(0.042 0.02116550039 0.007676374705)
(0.042 0.02313748739 0.007799759935)
(0.042 0.02513264918 0.007849436647)
(0.042 0.02711945574 0.007806755256)
(0.042 0.02916579202 0.007877945551)
(0.042 0.03124318665 0.007917741277)
(0.042 0.03326163353 0.00782715662)
(0.042 0.0352179488 0.007787284904)
(0.042 0.03714717634 0.007634027587)
(0.042 0.03878585924 0.007359531061)
(0.042 0.0385091203 0.009135902815)
(0.042 0.03834051923 0.0112284989)
(0.042 0.03821889272 0.01339451268)
(0.042 0.03830418821 0.0157254319)
(0.042 0.03841142086 0.0179603659)
(0.042 0.03846393427 0.0201420893)
(0.042 0.002534884599 0.02131579369)
(0.042 0.006901979805 0.02088906708)
(0.042 0.01096788154 0.02105685275)
(0.042 0.01509338121 0.02123684161)
(0.042 0.01917098614 0.02099447747)
(0.042 0.02326017422 0.02099097797)
(0.042 0.02719523828 0.02141087288)
(0.042 0.03096303303 0.02088563559)
(0.042 0.03499302527 0.02097595335)
(0.042 0.001633764224 0.01120707918)
(0.042 0.001745481541 0.01562445912)
(0.042 0.001401023308 0.0196437659)
(0.042 0.01297041083 0.02126472988)
(0.042 0.008962200567 0.02099095036)
(0.042 0.00467000236 0.02112246983)
(0.042 0.01717144141 0.02094553375)
(0.042 0.02126064479 0.02101965585)
(0.042 0.02521143382 0.02120118269)
(0.042 0.02900523029 0.02158601234)
(0.042 0.03296736908 0.02065447189)
(0.042 0.0369113584 0.02130404874)
(0.042 0.003266498508 0.009686370121)
(0.042 0.003679117933 0.0120426482)
(0.042 0.03661221245 0.01919872025)
(0.042 0.003258784356 0.01924436529)
(0.042 0.02044364257 0.0187949443)
(0.042 0.005501467661 0.01003193843)
(0.042 0.007700391688 0.01005286645)
(0.042 0.0099150203 0.009925430508)
(0.042 0.0119033705 0.009625164265)
(0.042 0.01383094154 0.01036934226)
(0.042 0.0160261878 0.010647053)
(0.042 0.01818651964 0.01029262572)
(0.042 0.02013961174 0.009569981647)
(0.042 0.02208300279 0.01004033237)
(0.042 0.02417133603 0.0101911242)
(0.042 0.02635016169 0.01023999652)
(0.042 0.02830414733 0.009965265409)
(0.042 0.03034942857 0.01062905613)
(0.042 0.03238072577 0.01004144073)
(0.042 0.0344869817 0.01026884421)
(0.042 0.03665572991 0.009780425045)
(0.042 0.03608316161 0.01225609606)
(0.042 0.03581836138 0.0149211005)
(0.042 0.03666805433 0.01713723619)
(0.042 0.01401999712 0.01947336878)
(0.042 0.01207444156 0.01888215893)
(0.042 0.0266626071 0.01947499061)
(0.042 0.009994645985 0.01842844507)
(0.042 0.007723723346 0.01842899401)
(0.042 0.0247622677 0.01867129643)
(0.042 0.01835353686 0.01789466056)
(0.042 0.02887852799 0.01939328373)
(0.042 0.02254503099 0.01840884676)
(0.042 0.03421661696 0.01774262452)
(0.042 0.003614625718 0.01689513375)
(0.042 0.005488341458 0.01883896768)
(0.042 0.01596747389 0.01878128655)
(0.042 0.0310777887 0.01738232746)
(0.042 0.003902651137 0.01445990116)
(0.042 0.01447641436 0.01341023472)
(0.042 0.02850438797 0.01341524914)
(0.042 0.03269096505 0.01350546142)
(0.042 0.006343384956 0.0129218375)
(0.042 0.00889605678 0.01227045065)
(0.042 0.02097800136 0.01576055476)
(0.042 0.006118761557 0.01608264718)
(0.042 0.01160246145 0.01594618775)
(0.042 0.01155557284 0.01244708367)
(0.042 0.01779611156 0.01354633082)
(0.042 0.02026857826 0.01219089072)
(0.042 0.02280323026 0.01286169165)
(0.042 0.02549196426 0.01262636741)
(0.042 0.01393288191 0.01697780628)
(0.042 0.02452607256 0.01577036595)
(0.042 0.008864086813 0.01539542468)
(0.042 0.02746783244 0.01689564493)
(0.042 0.01613026279 0.01606343183)
(0.03849438425 0.002523847387 0.006)
(0.03341125024 0.002518158892 0.006)
(0.02843914764 0.002442565816 0.006)
(0.02356085236 0.002442565832 0.006)
(0.01857834723 0.002525309209 0.006)
(0.0135 0.002469339665 0.006)
(0.008495086825 0.002573075542 0.006)
(0.003439147659 0.002442565835 0.006)
(0 0.001452823385 0.009283096198)
(0 0.001656367777 0.01111282818)
(0 0.001768347287 0.01324681466)
(0 0.001840187259 0.01546370657)
(0 0.001801863011 0.01771236569)
(0 0.001617003089 0.01984278586)
(0 0.001316830408 0.02165212482)
(0 0.002656937098 0.007592231708)
(0 0.007292759362 0.007847157271)
(0 0.01140486349 0.007512372802)
(0 0.01543219461 0.008080940493)
(0 0.02007856784 0.007564711418)
(0 0.02410413699 0.007841447341)
(0 0.0281952109 0.007529060158)
(0 0.03270530727 0.008060610724)
(0 0.03722300611 0.007714546795)
(0 0.03858525297 0.01140815693)
(0 0.03828494858 0.01551586789)
(0 0.03848971078 0.01986560987)
(0 0.03875798388 0.02164333429)
(0 0.003079062487 0.02133403344)
(0 0.005108580495 0.02130322667)
(0 0.007483608774 0.02130522185)
(0 0.009591852516 0.02117139948)
(0 0.01172909311 0.0210973047)
(0 0.01388459911 0.02103945587)
(0 0.01599417717 0.02095872978)
(0 0.01821708247 0.02110957734)
(0 0.02038568453 0.0212765414)
(0 0.02242209357 0.02122295796)
(0 0.02455530719 0.02112213094)
(0 0.02661306009 0.02090623514)
(0 0.02871909093 0.02080797064)
(0 0.03095524563 0.02093774599)
(0 0.03303516991 0.02140373941)
(0 0.03511281926 0.0214981314)
(0 0.03709495219 0.02134712488)
(0 0.009459615353 0.007847744388)
(0 0.004904108484 0.007729304435)
(0 0.0132962067 0.007933336608)
(0 0.01801591676 0.008403051047)
(0 0.02203234621 0.007839957076)
(0 0.02621373146 0.00774117795)
(0 0.03029527528 0.008521931382)
(0 0.03497228444 0.00771511019)
(0 0.03820205484 0.009618378211)
(0 0.03830796469 0.01332549875)
(0 0.03833175125 0.01778137771)
(0 0.01621087945 0.0103141061)
(0 0.003843369543 0.01183090251)
(0 0.004072748668 0.0141393373)
(0 0.004069355705 0.01650838988)
(0 0.003966697626 0.01904204445)
(0 0.008398746544 0.01013296296)
(0 0.02034547382 0.009958608356)
(0 0.03611653605 0.01430732294)
(0 0.01380839921 0.01045351411)
(0 0.02516219731 0.01000426634)
(0 0.0111807957 0.01007406966)
(0 0.03411108229 0.0101549391)
(0 0.03619067474 0.009333104994)
(0 0.03643410549 0.01670787086)
(0 0.005844056659 0.009850869562)
(0 0.0316517673 0.01103155321)
(0 0.03645649027 0.01163560214)
(0 0.003412760606 0.009603982604)
(0 0.02769332422 0.009664012147)
(0 0.006299206868 0.01965356089)
(0 0.008502740506 0.01907551768)
(0 0.01075047596 0.01891489715)
(0 0.0131296661 0.01882736842)
(0 0.01542249317 0.01853721842)
(0 0.01766435463 0.0186659758)
(0 0.01960113797 0.01939068618)
(0 0.02164028176 0.01895506421)
(0 0.02364484395 0.01919447501)
(0 0.02564069475 0.0183179062)
(0 0.02808656624 0.01796580733)
(0 0.03051283528 0.01817859498)
(0 0.03246318873 0.0190562302)
(0 0.03434353668 0.01999061499)
(0 0.02275085885 0.01032185647)
(0 0.018276195 0.01187238365)
(0 0.03660489613 0.01921558066)
(0 0.0291500732 0.01196324325)
(0 0.03320410735 0.0159135142)
(0 0.02094421523 0.01332285218)
(0 0.006462796693 0.0123278985)
(0 0.03354706855 0.01302923379)
(0 0.006588145183 0.01738782369)
(0 0.01750783078 0.01549589267)
(0 0.03047304902 0.01473380474)
(0 0.02655661119 0.01204491266)
(0 0.006730039877 0.01495887951)
(0 0.01222985429 0.01336790328)
(0 0.01537385455 0.01297142694)
(0 0.03462149826 0.01793302274)
(0 0.009399646102 0.01618122609)
(0 0.01198037115 0.0165929656)
(0 0.01447270414 0.01597585066)
(0 0.02013842985 0.01673741275)
(0 0.02333414 0.01626691552)
(0 0.02677776835 0.01517458487)
(0 0.02403338577 0.0129712796)
(0 0.009350518046 0.01284182513)
(-0.02507025553 -0.08 0.006929744471)
(-0.02507025553 -0.08 0.0122)
(-0.02507025553 -0.07 0.006929744471)
(-0.02507025553 -0.08 0.0224)
(-0.02507025553 -0.07132633103 0.0188927636)
(-0.02507025553 -0.08 0.0326)
(-0.02507025553 -0.08 0.0428)
(-0.02507025553 -0.0712554444 0.03792622155)
(-0.02507025553 -0.08 0.053)
(-0.02507025553 -0.08 0.0632)
(-0.02507025553 -0.07174919294 0.05812299955)
(-0.02507025553 -0.08 0.0734)
(-0.02507025553 -0.08 0.0836)
(-0.02507025553 -0.07127251373 0.07823548932)
(-0.02507025553 -0.08 0.0938)
(-0.02507025553 -0.08 0.09907025553)
(-0.02507025553 -0.07 0.09907025553)
(-0.02507025553 -0.06 0.09907025553)
(-0.02507025553 -0.06648937598 0.09318067247)
(-0.02507025553 -0.05 0.09907025553)
(-0.02507025553 -0.04 0.09907025553)
(-0.02507025553 -0.04515096483 0.09507991509)
(-0.02507025553 -0.03 0.09907025553)
(-0.02507025553 -0.02 0.09907025553)
(-0.02507025553 -0.02494578069 0.09482586383)
(-0.02507025553 -0.01 0.09907025553)
(-0.02507025553 -2.273736754e-16 0.09907025553)
(-0.02507025553 -0.005015362301 0.09466253141)
(-0.02507025553 0.01 0.09907025553)
(-0.02507025553 0.02 0.09907025553)
(-0.02507025553 0.01501113191 0.09476948959)
(-0.02507025553 0.03 0.09907025553)
(-0.02507025553 0.04 0.09907025553)
(-0.02507025553 0.03503082383 0.09481067963)
(-0.02507025553 0.05 0.09907025553)
(-0.02507025553 0.06 0.09907025553)
(-0.02507025553 0.05503578144 0.09482715819)
(-0.02507025553 0.07 0.09907025553)
(-0.02507025553 0.08 0.09907025553)
(-0.02507025553 0.07503942015 0.09482632187)
(-0.02507025553 0.09 0.09907025553)
(-0.02507025553 0.1 0.09907025553)
(-0.02507025553 0.09506043405 0.09482179616)
(-0.02507025553 0.11 0.09907025553)
(-0.02507025553 0.12 0.09907025553)
(-0.02507025553 0.1150529817 0.09484640324)
(-0.02507025553 0.13 0.09907025553)
(-0.02507025553 0.14 0.09907025553)
(-0.02507025553 0.1347978999 0.09457983949)
(-0.02507025553 0.15 0.09907025553)
(-0.02507025553 0.16 0.09907025553)
(-0.02507025553 0.16 0.0938)
(-0.02507025553 0.16 0.0122)
(-0.02507025553 0.16 0.006929744471)
(-0.02507025553 0.15 0.006929744471)
(-0.02507025553 0.16 0.0224)
(-0.02507025553 0.1510382177 0.01666261032)
(-0.02507025553 0.16 0.0326)
(-0.02507025553 0.1511741883 0.02763877248)
(-0.02507025553 0.16 0.0428)
(-0.02507025553 0.1512720012 0.03815899539)
(-0.02507025553 0.16 0.053)
(-0.02507025553 0.1512381823 0.04852989765)
(-0.02507025553 0.16 0.0632)
(-0.02507025553 0.1512564124 0.05881070047)
(-0.02507025553 0.16 0.0734)
(-0.02507025553 0.1515872938 0.06891118184)
(-0.02507025553 0.16 0.0836)
(-0.02507025553 0.1513983087 0.07931317821)
(-0.02507025553 0.1513266768 0.08986259645)
(-0.02507025553 -0.06 0.006929744471)
(-0.02507025553 -0.06619182092 0.01306188107)
(-0.02507025553 -0.05 0.006929744471)
(-0.02507025553 -0.05507805961 0.01156654172)
(-0.02507025553 -0.04 0.006929744471)
(-0.02507025553 -0.04444874524 0.01120257512)
(-0.02507025553 -0.03 0.006929744471)
(-0.02507025553 -0.03414811283 0.0109686679)
(-0.02507025553 -0.02 0.006929744471)
(-0.02507025553 -0.0240339279 0.01088032373)
(-0.02507025553 -0.01 0.006929744471)
(-0.02507025553 -0.01400731717 0.01086731721)
(-0.02507025553 -2.273736754e-16 0.006929744471)
(-0.02507025553 -0.004021065108 0.01089773437)
(-0.02507025553 0.01 0.006929744471)
(-0.02507025553 0.005950724824 0.01094150764)
(-0.02507025553 0.02 0.006929744471)
(-0.02507025553 0.01592462409 0.01097631046)
(-0.02507025553 0.03 0.006929744471)
(-0.02507025553 0.02590704782 0.01099621186)
(-0.02507025553 0.04 0.006929744471)
(-0.02507025553 0.03589745524 0.01100499091)
(-0.02507025553 0.05 0.006929744471)
(-0.02507025553 0.04589294147 0.01100849718)
(-0.02507025553 0.06 0.006929744471)
(-0.02507025553 0.0558909536 0.01101090751)
(-0.02507025553 0.07 0.006929744471)
(-0.02507025553 0.06588947155 0.01101419519)
(-0.02507025553 0.08 0.006929744471)
(-0.02507025553 0.07588568427 0.01101723028)
(-0.02507025553 0.09 0.006929744471)
(-0.02507025553 0.08587290638 0.01101094577)
(-0.02507025553 0.1 0.006929744471)
(-0.02507025553 0.09583440674 0.010965772)
(-0.02507025553 0.11 0.006929744471)
(-0.02507025553 0.1057377366 0.01081054469)
(-0.02507025553 0.12 0.006929744471)
(-0.02507025553 0.1155678286 0.01048335007)
(-0.02507025553 0.13 0.006929744471)
(-0.02507025553 0.1253371946 0.01018170555)
(-0.02507507422 0.14 0.006924925777)
(-0.02507025553 0.1339752573 0.01052451268)
(-0.02507025553 0.142162881 0.01221651845)
(-0.02507025553 -0.07083288826 0.02795894112)
(-0.02507025553 -0.0716205086 0.04803683392)
(-0.02507025553 -0.07162302886 0.06824229075)
(-0.02507025553 -0.07167009948 0.08726342104)
(-0.02507025553 -0.05561727397 0.09476175737)
(-0.02507025553 -0.03495624268 0.09504117003)
(-0.02507025553 -0.01498820745 0.09468794795)
(-0.02507025553 0.004994736718 0.09472015883)
(-0.02507025553 0.02502107544 0.09478649647)
(-0.02507025553 0.04503456168 0.09481773366)
(-0.02507025553 0.06503782686 0.09481703298)
(-0.02507025553 0.08504899207 0.09481745345)
(-0.02507025553 0.1050652591 0.09481941215)
(-0.02507025553 0.1250422292 0.09471233829)
(-0.02507025553 0.1436435849 0.09527709497)
(-0.02507025553 -0.06201787536 0.03318206084)
(-0.02507025553 -0.06164888244 0.08461834534)
(-0.02507025553 -0.06349282459 0.05325790665)
(-0.02507025553 -0.03986831936 0.08639276736)
(-0.02507025553 -0.02000628763 0.08536175587)
(-0.02507025553 -0.05023920891 0.08620816821)
(-0.02507025553 -2.081426961e-05 0.08537284373)
(-0.02507025553 0.02004434464 0.08554286753)
(-0.02507025553 0.0400689974 0.08561619817)
(-0.02507025553 0.06007316008 0.08563825691)
(-0.02507025553 0.08008107322 0.08564057621)
(-0.02507025553 0.1001447183 0.08561334796)
(-0.02507025553 0.1200760086 0.08576623227)
(-0.02507025553 -0.01006053458 0.0852289434)
(-0.02507025553 -0.06302664256 0.07326528059)
(-0.02507025553 -0.06303323742 0.04332765772)
(-0.02507025553 -0.06074653486 0.02185249216)
(-0.02507025553 -0.0299009684 0.08583377732)
(-0.02507025553 0.1422205253 0.02284286917)
(-0.02507025553 0.1411935704 0.08461493964)
(-0.02507025553 0.1426258061 0.03349768218)
(-0.02507025553 0.1425771833 0.04393542181)
(-0.02507025553 0.1424059962 0.05445768058)
(-0.02507025553 0.142521486 0.06489216864)
(-0.02507025553 0.1438598621 0.07430785656)
(-0.02507025553 -0.04881778853 0.02053606425)
(-0.02507025553 -0.03816987219 0.01996770774)
(-0.02507025553 -0.02797694979 0.01977072955)
(-0.02507025553 -0.01794770529 0.01971751312)
(-0.02507025553 -0.007989408696 0.0197697783)
(-0.02507025553 0.001941601517 0.01986860031)
(-0.02507025553 0.01188025695 0.01995233851)
(-0.02507025553 0.02183950527 0.02000152339)
(-0.02507025553 0.03181703008 0.02002303717)
(-0.02507025553 0.04180587982 0.02003061154)
(-0.02507025553 0.05180062216 0.02003435825)
(-0.02507025553 0.0617982574 0.02003976551)
(-0.02507025553 0.07179700415 0.02004922458)
(-0.02507025553 0.081794983 0.02005780914)
(-0.02507025553 0.09178397015 0.020040386)
(-0.02507025553 0.101732824 0.01991402528)
(-0.02507025553 0.1115463638 0.01944470733)
(-0.02507025553 0.121261928 0.01848060459)
(-0.02507025553 0.132376211 0.01836485046)
(-0.02507025553 -0.06354974202 0.06309326611)
(-0.02507025553 0.1303351389 0.08510057646)
(-0.02507025553 0.03006322941 0.08560396937)
(-0.02507025553 0.01001995611 0.08548659615)
(-0.02507025553 0.05007052219 0.08561829658)
(-0.02507025553 0.07007057109 0.08561626392)
(-0.02507025553 0.09010678336 0.08562796028)
(-0.02507025553 0.1101624482 0.08565069069)
(-0.02507025553 0.1339682826 0.07321365566)
(-0.02507025553 -0.05536388757 0.05819427069)
(-0.02507025553 0.1154030543 0.07636630548)
(-0.02507025553 0.02509140666 0.07627861645)
(-0.02507025553 -0.04442017521 0.07827007972)
(-0.02507025553 0.05510726218 0.07636580461)
(-0.02507025553 -0.05421692999 0.03946356543)
(-0.02507025553 0.04510437885 0.07634645282)
(-0.02507025553 0.01507508634 0.07622075836)
(-0.02507025553 0.07509487826 0.07635557517)
(-0.02507025553 0.09518269405 0.07636544788)
(-0.02507025553 0.1246526025 0.07723566776)
(-0.02507025553 -0.05204675158 0.03005134673)
(-0.02507025553 -0.01524946846 0.07550277248)
(-0.02507025553 0.1340281945 0.03918184293)
(-0.02507025553 0.1338127715 0.04964916916)
(-0.02507025553 0.1332613212 0.06079936221)
(-0.02507025553 -0.04167177456 0.02897687736)
(-0.02507025553 -0.05413641043 0.07721006838)
(-0.02507025553 -0.0316501963 0.02873560562)
(-0.02507025553 -0.02171213721 0.02858756841)
(-0.02507025553 -0.0118230476 0.02863553443)
(-0.02507025553 -0.00197089972 0.02881563265)
(-0.02507025553 0.0079064512 0.02897637236)
(-0.02507025553 0.01782904622 0.02907299187)
(-0.02507025553 0.02778686507 0.02911508593)
(-0.02507025553 0.03776491085 0.02912915985)
(-0.02507025553 0.04775287986 0.02913444762)
(-0.02507025553 0.05774722321 0.02913941453)
(-0.02507025553 0.06774492319 0.02915144038)
(-0.02507025553 0.07775071357 0.02917126488)
(-0.02507025553 0.08777304073 0.02919210124)
(-0.02507025553 0.09782935287 0.02916997887)
(-0.02507025553 0.1079021279 0.02897120792)
(-0.02507025553 0.1175612019 0.02779354463)
(-0.02507025553 -0.05554933485 0.06750300521)
(-0.02507025553 0.1053111792 0.07635295432)
(-0.02507025553 -0.05529780219 0.04895077786)
(-0.02507025553 0.005030603 0.07608927965)
(-0.02507025553 -0.03493785115 0.077229072)
(-0.02507025553 0.03510078838 0.07632655891)
(-0.02507025553 0.1340908595 0.02907596609)
(-0.02507025553 0.06508789773 0.07633742031)
(-0.02507025553 0.08511620319 0.07636751253)
(-0.02507025553 -0.005081821311 0.0757950565)
(-0.02507025553 0.1261686717 0.02560396415)
(-0.02507025553 -0.02520745873 0.07597310764)
(-0.02507025553 0.0600866848 0.06693007914)
(-0.02507025553 5.674693633e-05 0.06644875611)
(-0.02507025553 0.08006437861 0.0669622825)
(-0.02507025553 -0.04766898261 0.04549669669)
(-0.02507025553 -0.04451061214 0.0377710371)
(-0.02507025553 -0.03500239909 0.03795105647)
(-0.02507025553 0.1252994927 0.03442733318)
(-0.02507025553 0.04010941131 0.06692261737)
(-0.02507025553 0.07007316076 0.06693886581)
(-0.02507025553 0.02013264278 0.06686325432)
(-0.02507025553 0.1254688066 0.04415708762)
(-0.02507025553 0.03010653511 0.0668883223)
(-0.02507025553 0.1249259264 0.0548324265)
(-0.02507025553 -0.02526533248 0.03753624907)
(-0.02507025553 -0.01548831495 0.03747721106)
(-0.02507025553 -0.005800019001 0.03780303182)
(-0.02507025553 0.003963752252 0.0380895992)
(-0.02507025553 0.01383216506 0.03826198525)
(-0.02507025553 0.02376726588 0.03833871759)
(-0.02507025553 0.03372912153 0.03836004402)
(-0.02507025553 0.04370355396 0.03837266802)
(-0.02507025553 0.05369212068 0.03837198657)
(-0.02507025553 0.06368139594 0.03838698285)
(-0.02507025553 0.07368118511 0.03840226423)
(-0.02507025553 0.08369457006 0.0384452711)
(-0.02507025553 0.09377666833 0.03848027327)
(-0.02507025553 0.1040442323 0.03848844263)
(-0.02507025553 0.1152560101 0.0385665503)
(-0.02507025553 -0.01010914199 0.06593807032)
(-0.02507025553 0.01010456149 0.06673335671)
(-0.02507025553 0.05011193262 0.06694708461)
(-0.02507025553 0.1107216893 0.06698118398)
(-0.02507025553 -0.04736690925 0.06290493271)
(-0.02507025553 0.1226294162 0.06659163152)
(-0.02507025553 0.0900986157 0.06698222097)
(-0.02507025553 -0.04828033443 0.07107687026)
(-0.02507025553 -0.02106692602 0.06465740773)
(-0.02507025553 -0.04693502444 0.05395084293)
(-0.02507025553 0.1002611171 0.06702058838)
(-0.02507025553 -0.04029782125 0.06929472082)
(-0.02507025553 0.005124049171 0.0570477067)
(-0.02507025553 0.08490075224 0.0574341651)
(-0.02507025553 -0.00463027877 0.05665286042)
(-0.02507025553 -0.03846023756 0.04815500756)
(-0.02507025553 -0.03130078294 0.06721074316)
(-0.02507025553 -0.02859203676 0.046648062)
(-0.02507025553 0.1179917513 0.04859355086)
(-0.02507025553 -0.01898581904 0.04614964504)
(-0.02507025553 -0.009690826618 0.04683327457)
(-0.02507025553 -0.0001420032686 0.04731664167)
(-0.02507025553 0.009674567325 0.04759397744)
(-0.02507025553 0.01960975707 0.0477302294)
(-0.02507025553 0.0295858417 0.04775860498)
(-0.02507025553 0.03948729285 0.04778819311)
(-0.02507025553 0.04951738324 0.04777330868)
(-0.02507025553 0.05944490357 0.04780211501)
(-0.02507025553 0.06948763131 0.04779373489)
(-0.02507025553 0.07941301 0.04785070886)
(-0.02507025553 0.08945309635 0.04789998358)
(-0.02507025553 0.09948917534 0.04796651537)
(-0.02507025553 0.1150596733 0.05747969377)
(-0.02507025553 0.04500051107 0.05735580857)
(-0.02507025553 0.09495596447 0.05751841712)
(-0.02507025553 0.02507866237 0.05733072074)
(-0.02507025553 0.1049892899 0.05758343129)
(-0.02507025553 -0.03882162077 0.05951884399)
(-0.02507025553 0.07493916968 0.05739200686)
(-0.02507025553 0.0649962264 0.05736099821)
(-0.02507025553 0.03502901474 0.05735037793)
(-0.02507025553 -0.0140772782 0.05586441973)
(-0.02507025553 0.109230516 0.04806118478)
(-0.02507025553 0.0150567305 0.05727536537)
(-0.02507025553 0.05495370116 0.05736489275)
(-0.02507025553 -0.02245021058 0.05408925417)
(-0.02507025553 -0.03020460725 0.0567787961)
(-0.0198 -0.08 0.09907025553)
(-0.01923854835 -0.06653114883 0.09907025553)
(-0.02089691823 -0.05576688362 0.09907025553)
(-0.02122894933 -0.04540394562 0.09907025553)
(-0.02114717776 -0.03530441943 0.09907025553)
(-0.02097101415 -0.02534437476 0.09907025553)
(-0.02100716673 -0.01532922798 0.09907025553)
(-0.02115788044 -0.005254204952 0.09907025553)
(-0.0212973544 0.004838363956 0.09907025553)
(-0.02137688423 0.01491058053 0.09907025553)
(-0.02141139951 0.02495273713 0.09907025553)
(-0.02142640242 0.03497273212 0.09907025553)
(-0.02143411455 0.04497806063 0.09907025553)
(-0.02143899183 0.05497237923 0.09907025553)
(-0.02144164386 0.06495521985 0.09907025553)
(-0.02143995414 0.07492162892 0.09907025553)
(-0.02143127272 0.08485908769 0.09907025553)
(-0.02142444649 0.09474176823 0.09907025553)
(-0.02144975118 0.1045368467 0.09907025553)
(-0.02152036178 0.1142320615 0.09907025553)
(-0.01957681546 0.1238558521 0.09907025553)
(-0.0196641457 0.1333184022 0.09907025553)
(-0.0197679574 0.1425662294 0.09907025553)
(-0.01902452753 0.1515836812 0.09907025553)
(-0.0198 0.16 0.09907025553)
(-0.0096 -0.08 0.09907025553)
(-0.01333750516 -0.0717126565 0.09907025553)
(0.0006 -0.08 0.09907025553)
(0.0108 -0.08 0.09907025553)
(0.005509472839 -0.07155325464 0.09907025553)
(0.021 -0.08 0.09907025553)
(0.0312 -0.08 0.09907025553)
(0.02555283335 -0.07142035405 0.09907025553)
(0.0414 -0.08 0.09907025553)
(0.0516 -0.08 0.09907025553)
(0.04584703525 -0.07086802553 0.09907025553)
(0.0618 -0.08 0.09907025553)
(0.06707025553 -0.08 0.09907025553)
(0.06707025553 -0.07 0.09907025553)
(0.06707025553 -0.06 0.09907025553)
(0.06089286191 -0.06628243118 0.09907025553)
(0.06707025553 -0.05 0.09907025553)
(0.06707025553 -0.04 0.09907025553)
(0.06286964038 -0.04483731261 0.09907025553)
(0.06707025553 -0.03 0.09907025553)
(0.06707025553 -0.02 0.09907025553)
(0.06334731996 -0.02466958235 0.09907025553)
(0.06707025553 -0.01 0.09907025553)
(0.06707025553 -2.273736754e-16 0.09907025553)
(0.06350895781 -0.004835016867 0.09907025553)
(0.06707025553 0.01 0.09907025553)
(0.06707025553 0.02 0.09907025553)
(0.06350472667 0.01504745429 0.09907025553)
(0.06707025553 0.03 0.09907025553)
(0.06707025553 0.04 0.09907025553)
(0.06346973389 0.03500626772 0.09907025553)
(0.06707025553 0.05 0.09907025553)
(0.06707025553 0.06 0.09907025553)
(0.06345320725 0.05502073942 0.09907025553)
(0.06707025553 0.07 0.09907025553)
(0.06707025553 0.08 0.09907025553)
(0.06339139415 0.07514141206 0.09907025553)
(0.06707025553 0.09 0.09907025553)
(0.06707025553 0.1 0.09907025553)
(0.06318938204 0.09553703693 0.09907025553)
(0.06707025553 0.11 0.09907025553)
(0.06707025553 0.12 0.09907025553)
(0.06320540023 0.116169615 0.09907025553)
(0.06707025553 0.13 0.09907025553)
(0.06707025553 0.14 0.09907025553)
(0.06242080038 0.1348477201 0.09907025553)
(0.06707025553 0.15 0.09907025553)
(0.06707025553 0.16 0.09907025553)
(0.0618 0.16 0.09907025553)
(-0.0096 0.16 0.09907025553)
(-0.01118356456 0.1524419826 0.09907025553)
(0.0006 0.16 0.09907025553)
(-0.00134968571 0.1531228125 0.09907025553)
(0.0108 0.16 0.09907025553)
(0.008671659177 0.1534090419 0.09907025553)
(0.021 0.16 0.09907025553)
(0.01868516469 0.1532429047 0.09907025553)
(0.0312 0.16 0.09907025553)
(0.02830386449 0.1529581962 0.09907025553)
(0.0414 0.16 0.09907025553)
(0.03804532802 0.1521515853 0.09907025553)
(0.0516 0.16 0.09907025553)
(0.04807134954 0.1501896581 0.09907025553)
(0.06005967728 0.1475682334 0.09907025553)
(-0.004389692328 -0.07131404013 0.09907025553)
(0.01552715 -0.07154856679 0.09907025553)
(0.03574852294 -0.07119282258 0.09907025553)
(0.05502103653 -0.07138806994 0.09907025553)
(0.06242336812 -0.05531130238 0.09907025553)
(0.06318670771 -0.03467369195 0.09907025553)
(0.063448123 -0.01473807591 0.09907025553)
(0.06352792639 0.00510306048 0.09907025553)
(0.06348346683 0.02502034763 0.09907025553)
(0.06346096232 0.04500527983 0.09907025553)
(0.0634351962 0.06505609035 0.09907025553)
(0.06330707973 0.08530129008 0.09907025553)
(0.06309835478 0.1058657375 0.09907025553)
(0.06310721033 0.125247971 0.09907025553)
(0.02986309796 -0.06279096678 0.09907025553)
(-0.01250596652 -0.05064010595 0.09907025553)
(-0.0126429375 -0.04052284855 0.09907025553)
(-0.01192922505 -0.03079017724 0.09907025553)
(-0.0118230376 -0.02077079411 0.09907025553)
(-0.01214397663 -0.01059736458 0.09907025553)
(-0.01251520202 -0.000379829813 0.09907025553)
(-0.01273172927 0.009789272244 0.09907025553)
(-0.01281676854 0.01988655963 0.09907025553)
(-0.01285090772 0.02993789308 0.09907025553)
(-0.01286668825 0.03995938658 0.09907025553)
(-0.01287587083 0.04995933935 0.09907025553)
(-0.01288153465 0.05993939131 0.09907025553)
(-0.01288155131 0.06989500879 0.09907025553)
(-0.01286677302 0.07981392804 0.09907025553)
(-0.01282521608 0.08966777475 0.09907025553)
(-0.01278745608 0.09939308166 0.09907025553)
(-0.01285410674 0.1089147449 0.09907025553)
(-0.01302398826 0.1182351765 0.09907025553)
(-0.01311188595 0.127349472 0.09907025553)
(-0.01288034153 0.1361680341 0.09907025553)
(-0.01225513215 0.1444938753 0.09907025553)
(0.0534340661 -0.04943559563 0.09907025553)
(0.01024542435 -0.06321698519 0.09907025553)
(0.05197225576 -0.06099521478 0.09907025553)
(-0.01075635566 -0.06170735284 0.09907025553)
(0.01983134408 -0.06290609495 0.09907025553)
(0.05218790243 0.1385478682 0.09907025553)
(0.05496488608 -0.009533370951 0.09907025553)
(0.05479306111 -0.01930555641 0.09907025553)
(0.05503576249 0.01012581719 0.09907025553)
(0.0549434463 0.03000357637 0.09907025553)
(0.05492303644 0.05000504587 0.09907025553)
(0.05486824957 0.07013194036 0.09907025553)
(0.0545652835 0.09069697048 0.09907025553)
(0.05421428389 0.1124011255 0.09907025553)
(0.05476933998 0.1252225196 0.09907025553)
(0.0002713584748 -0.06304398599 0.09907025553)
(0.04029737403 -0.06214051146 0.09907025553)
(0.05459707767 -0.0291185558 0.09907025553)
(-0.002979461035 0.1460143434 0.09907025553)
(0.006601896341 0.1468786871 0.09907025553)
(0.01643899234 0.1466669113 0.09907025553)
(0.0259425959 0.145695556 0.09907025553)
(0.03393830558 0.1456816764 0.09907025553)
(0.05423349709 -0.03906991766 0.09907025553)
(0.05493060878 0.03999463846 0.09907025553)
(0.05505859142 0.0002646209451 0.09907025553)
(0.0549817454 0.02004909903 0.09907025553)
(0.05491271056 0.06004818872 0.09907025553)
(0.05476596997 0.08033112995 0.09907025553)
(0.05431570167 0.1013226877 0.09907025553)
(0.042160589 0.1421339654 0.09907025553)
(0.04660569235 -0.004429489937 0.09907025553)
(-0.002959079047 -0.03668583306 0.09907025553)
(-0.002269805979 -0.0265883221 0.09907025553)
(-0.002740363041 -0.01615163245 0.09907025553)
(-0.003582344427 -0.005694641529 0.09907025553)
(-0.004078527167 0.004627643182 0.09907025553)
(-0.004227631441 0.01478428481 0.09907025553)
(-0.004287976972 0.02487811765 0.09907025553)
(-0.004314519003 0.0349295958 0.09907025553)
(-0.004328218531 0.04494763746 0.09907025553)
(-0.004336768414 0.0549361668 0.09907025553)
(-0.00434155176 0.06489302119 0.09907025553)
(-0.004336084051 0.07480870958 0.09907025553)
(-0.004294034855 0.08466569367 0.09907025553)
(-0.004163453019 0.09442503899 0.09907025553)
(-0.004035889223 0.1039546411 0.09907025553)
(-0.00424581591 0.1130975289 0.09907025553)
(-0.004632944047 0.1219774149 0.09907025553)
(-0.004716310491 0.1305226245 0.09907025553)
(-0.00415752276 0.1384937145 0.09907025553)
(0.04579570276 -0.03309907692 0.09907025553)
(0.04529934117 0.107150913 0.09907025553)
(0.04641925597 0.03497869884 0.09907025553)
(0.03368962083 -0.0543036877 0.09907025553)
(0.04519046394 0.1187707537 0.09907025553)
(0.04628981803 -0.01400408242 0.09907025553)
(0.04639186496 0.06506602329 0.09907025553)
(0.04651463715 0.01508189311 0.09907025553)
(0.04641192449 0.05500548061 0.09907025553)
(0.04643953537 0.02499582554 0.09907025553)
(0.0457173478 0.09613381292 0.09907025553)
(0.04612286195 0.08553296819 0.09907025553)
(0.00536218083 -0.05571395129 0.09907025553)
(0.04362001015 -0.05261215791 0.09907025553)
(0.04602988044 -0.02350232597 0.09907025553)
(0.004525767729 0.1403371938 0.09907025553)
(0.01377916982 0.1405697907 0.09907025553)
(0.02304839877 0.1385123052 0.09907025553)
(0.04665247176 0.005289695815 0.09907025553)
(0.04412782012 0.1308624127 0.09907025553)
(0.02361254389 -0.05443236316 0.09907025553)
(0.04516271517 -0.04274749478 0.09907025553)
(0.03340838464 0.1363711037 0.09907025553)
(-0.005076039761 -0.04537243218 0.09907025553)
(-0.003186160649 -0.05389706303 0.09907025553)
(0.04641444287 0.04498272236 0.09907025553)
(0.04631882027 0.0752233433 0.09907025553)
(0.01400647349 -0.05384530858 0.09907025553)
(0.03793390357 0.03995508489 0.09907025553)
(0.007619634514 -0.02200905844 0.09907025553)
(0.005787272125 -0.0110358768 0.09907025553)
(0.004506884648 -0.0004929073229 0.09907025553)
(0.004351016807 0.00963660511 0.09907025553)
(0.004252224424 0.01977418302 0.09907025553)
(0.004207516614 0.02987411889 0.09907025553)
(0.004187866878 0.03992645428 0.09907025553)
(0.004178489746 0.04993628178 0.09907025553)
(0.004171352736 0.05990517716 0.09907025553)
(0.004165749334 0.06982662085 0.09907025553)
(0.00417146968 0.07968223561 0.09907025553)
(0.004250850226 0.0894566443 0.09907025553)
(0.004638868924 0.09915684991 0.09907025553)
(0.005034830224 0.1085146752 0.09907025553)
(0.004150258609 0.1171106811 0.09907025553)
(0.003370750229 0.1255487867 0.09907025553)
(0.003370567339 0.1330726031 0.09907025553)
(0.03595184852 0.1126064679 0.09907025553)
(0.03806786863 -0.008862045295 0.09907025553)
(0.03571982416 0.1242456818 0.09907025553)
(0.03719786373 -0.01801451725 0.09907025553)
(0.005140179132 -0.04563889471 0.09907025553)
(0.007560875622 -0.03387108862 0.09907025553)
(0.03733836332 -0.02724503467 0.09907025553)
(0.03779500358 0.08022001987 0.09907025553)
(0.03790853393 0.0700568763 0.09907025553)
(0.03604152649 -0.04535011603 0.09907025553)
(0.01057977641 0.1352056548 0.09907025553)
(0.02761394444 -0.04730386377 0.09907025553)
(0.01755381078 -0.04336193502 0.09907025553)
(0.03793311589 0.05999558764 0.09907025553)
(0.03650085726 0.1014757986 0.09907025553)
(0.03849104467 0.0006157407503 0.09907025553)
(0.03793516983 0.04997218989 0.09907025553)
(0.02674455502 0.1289188959 0.09907025553)
(0.03745680505 0.09059461097 0.09907025553)
(0.03798325485 0.01997337747 0.09907025553)
(0.03793896073 0.02994673763 0.09907025553)
(0.01826997166 0.1325746412 0.09907025553)
(0.03811741089 0.01011991454 0.09907025553)
(0.03698293021 -0.03646923093 0.09907025553)
(0.02685683661 0.1180116638 0.09907025553)
(0.02832046903 -0.01211090064 0.09907025553)
(0.01263596597 -0.005084710481 0.09907025553)
(0.01295675055 0.004381294088 0.09907025553)
(0.01277172238 0.0145983064 0.09907025553)
(0.01268834687 0.02478196145 0.09907025553)
(0.01266087478 0.03489088484 0.09907025553)
(0.01265138245 0.04493211845 0.09907025553)
(0.01264939347 0.05492723636 0.09907025553)
(0.01264046488 0.0648668002 0.09907025553)
(0.01262681754 0.07474298468 0.09907025553)
(0.0126036383 0.08449519484 0.09907025553)
(0.01266293696 0.09409737624 0.09907025553)
(0.0139613323 0.1039369976 0.09907025553)
(0.01542366704 0.1138444711 0.09907025553)
(0.01098327792 0.1215685189 0.09907025553)
(0.01134006241 0.1285783429 0.09907025553)
(0.0294912353 0.04494476883 0.09907025553)
(0.02881450077 0.09518470434 0.09907025553)
(0.02946033706 0.07495340236 0.09907025553)
(0.02764649066 -0.02203358649 0.09907025553)
(0.01910949667 0.1237878098 0.09907025553)
(0.02931377831 0.08497371669 0.09907025553)
(0.02739814165 -0.03891472671 0.09907025553)
(0.02949671931 0.06495566002 0.09907025553)
(0.02570298533 0.106516532 0.09907025553)
(0.01882054297 -0.02961654282 0.09907025553)
(0.02944284637 -0.03083705789 0.09907025553)
(0.01741229703 -0.01511930699 0.09907025553)
(0.02949837203 0.05495707926 0.09907025553)
(0.02948387979 0.03491084492 0.09907025553)
(0.02950623581 0.02486008828 0.09907025553)
(0.02957386445 0.01482199654 0.09907025553)
(0.03100539219 -0.003723097144 0.09907025553)
(0.02126416537 0.009285074589 0.09907025553)
(0.02108193091 0.02984228929 0.09907025553)
(0.02108362823 0.04994216337 0.09907025553)
(0.02107368265 0.06985632703 0.09907025553)
(0.02090432533 0.08927016595 0.09907025553)
(0.02172546507 -0.002500283759 0.09907025553)
(0.02980163076 0.004968389303 0.09907025553)
(0.02108621358 0.05992584997 0.09907025553)
(0.02113057689 0.01968230077 0.09907025553)
(0.0210752272 0.03992223838 0.09907025553)
(0.02102905883 0.07969608342 0.09907025553)
(0.02056314598 0.09804949874 0.09907025553)
(-0.0198 -0.08 0.003)
(-0.02106867204 -0.06627525489 0.003)
(-0.02138336259 -0.04533902377 0.003)
(-0.02185498224 -0.02536653302 0.003)
(-0.02142774473 -0.004746314137 0.003)
(-0.01901451289 0.01565464139 0.003)
(-0.02130744068 0.03513327417 0.003)
(-0.02198464437 0.05501994938 0.003)
(-0.02154020014 0.07512185843 0.003)
(-0.02141930326 0.0950442978 0.003)
(-0.02171793381 0.1148827271 0.003)
(-0.02128120887 0.134638989 0.003)
(-0.0198 0.16 0.003)
(-0.0096 -0.08 0.003)
(-0.01329311929 -0.07168283035 0.003)
(0.0006 -0.08 0.003)
(-0.00428046111 -0.07125465357 0.003)
(0.0108 -0.08 0.003)
(0.005636351058 -0.07157685695 0.003)
(0.021 -0.08 0.003)
(0.01559829053 -0.07172136908 0.003)
(0.0312 -0.08 0.003)
(0.02542755813 -0.07171067059 0.003)
(0.0414 -0.08 0.003)
(0.03514611289 -0.07163922945 0.003)
(0.0516 -0.08 0.003)
(0.04471821306 -0.07149948504 0.003)
(0.0618 -0.08 0.003)
(0.05409023303 -0.07125839117 0.003)
(0.06707025553 -0.08 0.006929744471)
(0.06319441796 -0.07082896528 0.003)
(0.06728264733 -0.07 0.006717352673)
(-0.0096 0.16 0.003)
(-0.01598299383 0.1511255688 0.003)
(0.0006 0.16 0.003)
(0.0108 0.16 0.003)
(0.005359978908 0.1510018567 0.003)
(0.021 0.16 0.003)
(0.0312 0.16 0.003)
(0.02602377566 0.1509277419 0.003)
(0.0414 0.16 0.003)
(0.0516 0.16 0.003)
(0.04725363749 0.1500271328 0.003)
(0.0618 0.16 0.003)
(0.06707025553 0.16 0.006929744471)
(0.06707025553 0.15 0.006929744471)
(0.06771691623 -0.06 0.006283083771)
(0.06414804951 -0.06129813165 0.003)
(0.06801980018 -0.05 0.005980199818)
(0.06485124954 -0.05162316172 0.003)
(0.06823031642 -0.04 0.005769683576)
(0.0653898742 -0.04191404216 0.003)
(0.06836961684 -0.03 0.005630383159)
(0.0658000105 -0.03217617654 0.003)
(0.06834413339 -0.02 0.00565586661)
(0.0653548953 -0.02198737815 0.003040579202)
(0.06825154607 -0.01 0.005748453932)
(0.06479325343 -0.01130096885 0.003034572143)
(0.06797396622 -2.273736754e-16 0.006026033779)
(0.06462655109 -0.001056039292 0.003)
(0.06778699822 0.01 0.006213001779)
(0.06423599747 0.009007016463 0.003)
(0.06770870691 0.02 0.006291293092)
(0.06405453479 0.01916864938 0.003)
(0.0677080034 0.03 0.0062919966)
(0.06410411076 0.0288367038 0.003)
(0.06781417892 0.04 0.006185821085)
(0.06445192452 0.03827397299 0.003)
(0.06786469833 0.05 0.00613530167)
(0.06471496847 0.04779741076 0.003)
(0.06758960095 0.06 0.006410399046)
(0.06416121718 0.05770591331 0.003)
(0.06755853338 0.07 0.006441466621)
(0.06410555478 0.06767669763 0.003)
(0.0675187489 0.08 0.006481251099)
(0.06405203672 0.07759073038 0.003)
(0.06749132123 0.09 0.006508678774)
(0.06403034909 0.08749236159 0.003)
(0.06749572144 0.1 0.006504278564)
(0.06408688302 0.09737301054 0.003)
(0.06754213461 0.11 0.006457865391)
(0.06429992645 0.1071145841 0.003)
(0.06763457348 0.12 0.006365426521)
(0.06480227225 0.1165576068 0.003)
(0.06745528843 0.13 0.00654471157)
(0.0645278208 0.1263170362 0.003)
(0.06707025553 0.14 0.006929744471)
(0.0627764507 0.1361689201 0.003)
(0.05990760392 0.1480524141 0.003)
(-0.001 -0.001 0.003)
(0.001956771151 -0.001 0.003)
(0.0001102642252 -0.002944359086 0.003)
(0.003913542302 -0.001 0.003)
(0.005870313452 -0.001 0.003)
(0.004822018897 -0.001842089326 0.003)
(0.007827084603 -0.001 0.003)
(0.009783855754 -0.001 0.003)
(0.008826696475 -0.001988152464 0.003)
(0.01192478696 -0.001 0.003)
(0.01399464421 -0.001 0.003)
(0.01297645216 -0.00188064926 0.003)
(0.01595141536 -0.001 0.003)
(0.01790818651 -0.001 0.003)
(0.01693851185 -0.0018779242 0.003)
(0.01986495767 -0.001 0.003)
(0.02182172882 -0.001 0.003)
(0.02092694277 -0.001859881549 0.003)
(0.02408377981 -0.001 0.003)
(0.02604055096 -0.001 0.003)
(0.02494179621 -0.002019807651 0.003)
(0.02799732211 -0.001 0.003)
(0.02995409326 -0.001 0.003)
(0.0289919649 -0.001921030415 0.003)
(0.03191086441 -0.001 0.003)
(0.03407000962 -0.001 0.003)
(0.0329415059 -0.001894615805 0.003)
(0.03612968655 -0.001 0.003)
(0.0380864577 -0.001 0.003)
(0.03722049702 -0.001969046589 0.003)
(0.04004322885 -0.001 0.003)
(0.043 -0.001 0.003)
(0.04241912796 -0.002894768986 0.003)
(0.043 0.001955240926 0.003)
(0.04519271184 0.0003543470903 0.003)
(0.043 0.003910481852 0.003)
(0.043 0.005947492783 0.003)
(0.04419897062 0.004657275957 0.003)
(0.043 0.008119357531 0.003)
(0.043 0.01007459846 0.003)
(0.04420145144 0.009012371634 0.003)
(0.043 0.01202983938 0.003)
(0.043 0.01398508031 0.003)
(0.04420189193 0.01272931113 0.003)
(0.043 0.01594032123 0.003)
(0.043 0.01819395599 0.003)
(0.04437888642 0.01682685173 0.003)
(0.043 0.02014919691 0.003)
(0.043 0.02210443784 0.003)
(0.04416633622 0.02103040931 0.003)
(0.043 0.02405967877 0.003)
(0.043 0.02601491969 0.003)
(0.04397107469 0.02496218434 0.003)
(0.043 0.02797016062 0.003)
(0.043 0.03010643355 0.003)
(0.04419921279 0.02913681317 0.003)
(0.043 0.0321790363 0.003)
(0.043 0.03413427722 0.003)
(0.04431292559 0.03340503981 0.003)
(0.043 0.03608951815 0.003)
(0.043 0.03804475907 0.003)
(0.04496124651 0.03724834949 0.003)
(0.001956771151 0.041 0.003)
(-0.001 0.041 0.003)
(-0.0002148821175 0.04295842225 0.003)
(0.003913542302 0.041 0.003)
(0.002354410855 0.04281253615 0.003)
(0.005870313452 0.041 0.003)
(0.004688902828 0.04204416335 0.003)
(0.007827084603 0.041 0.003)
(0.006707755585 0.04186536425 0.003)
(0.009783855754 0.041 0.003)
(0.008796645976 0.04186208592 0.003)
(0.01192478696 0.041 0.003)
(0.0107819336 0.0420226045 0.003)
(0.01399464421 0.041 0.003)
(0.01297397532 0.04206492162 0.003)
(0.01595141536 0.041 0.003)
(0.01495226157 0.04201254694 0.003)
(0.01790818651 0.041 0.003)
(0.01693954114 0.04189435815 0.003)
(0.01986495767 0.041 0.003)
(0.01894751666 0.04188140729 0.003)
(0.02182172882 0.041 0.003)
(0.02095986856 0.04197914013 0.003)
(0.02408377981 0.041 0.003)
(0.02301578729 0.04204795297 0.003)
(0.02604055096 0.041 0.003)
(0.02507266983 0.04198728851 0.003)
(0.02799732211 0.041 0.003)
(0.02707564545 0.04190364856 0.003)
(0.02995409326 0.041 0.003)
(0.0290613445 0.04187524216 0.003)
(0.03191086441 0.041 0.003)
(0.03095856907 0.04187058264 0.003)
(0.03407000962 0.041 0.003)
(0.03303443068 0.04190886111 0.003)
(0.03612968655 0.041 0.003)
(0.03521337191 0.04209968248 0.003)
(0.0380864577 0.041 0.003)
(0.03729752954 0.042112387 0.003)
(0.04004322885 0.041 0.003)
(0.03967414479 0.04276459911 0.003)
(0.043 0.041 0.003)
(0.04244058594 0.04293259148 0.003)
(-0.001 0.001955240926 0.003)
(-0.002778839764 -0.000193001534 0.003)
(-0.001 0.003910481852 0.003)
(-0.002891258978 0.002356343094 0.003)
(-0.001 0.005947492783 0.003)
(-0.002523245274 0.004629433908 0.003)
(-0.001 0.008119357531 0.003)
(-0.002709759801 0.006893487987 0.003)
(-0.001 0.01007459846 0.003)
(-0.002493099 0.009098382013 0.003)
(-0.001 0.01202983938 0.003)
(-0.002231600113 0.01118122589 0.003)
(-0.001 0.01398508031 0.003)
(-0.00210191195 0.01326080788 0.003)
(-0.001 0.01594032123 0.003)
(-0.00179551553 0.01505808239 0.003)
(-0.001 0.01819395599 0.003)
(-0.00221547296 0.01693414638 0.003)
(-0.001 0.02014919691 0.003)
(-0.002197224871 0.01917440908 0.003)
(-0.001 0.02210443784 0.003)
(-0.002139648806 0.02121079072 0.003)
(-0.001 0.02405967877 0.003)
(-0.002077627392 0.02326409572 0.003)
(-0.001 0.02601491969 0.003)
(-0.001750185398 0.02508396356 0.003)
(-0.001 0.02797016062 0.003)
(-0.002071754889 0.02691316545 0.003)
(-0.001 0.03010643355 0.003)
(-0.002119051009 0.02896667423 0.003)
(-0.001 0.0321790363 0.003)
(-0.002071479672 0.03114484296 0.003)
(-0.001 0.03413427722 0.003)
(-0.002051502356 0.03320310718 0.003)
(-0.001 0.03608951815 0.003)
(-0.002125597322 0.03523793184 0.003)
(-0.001 0.03804475907 0.003)
(-0.002974552062 0.03756910868 0.003)
(-0.003190604804 0.04005309396 0.003)
(-0.02089110085 -0.05571387187 0.003)
(-0.02167602375 -0.03530708822 0.003)
(-0.02187947666 -0.01516163923 0.003)
(-0.01927212371 0.005666778874 0.003)
(-0.01918895774 0.02553429621 0.003)
(-0.02191175509 0.04485608186 0.003)
(-0.02175037535 0.06514338155 0.003)
(-0.0214358284 0.0850964177 0.003)
(-0.02151901649 0.1049813755 0.003)
(-0.02167801198 0.1248422872 0.003)
(-0.021558493 0.1435029524 0.003)
(-0.005227437848 0.1506954057 0.003)
(0.01571265456 0.151090846 0.003)
(0.03640636921 0.1506213898 0.003)
(0.002578129008 -0.002825301866 0.003)
(0.006871654525 -0.001816947747 0.003)
(-0.002622822372 -0.002886990815 0.003)
(0.01083406325 -0.002012361962 0.003)
(0.01496795882 -0.001798800248 0.003)
(0.01884984397 -0.00180161692 0.003)
(0.02292132071 -0.002010282277 0.003)
(0.02698084998 -0.00191702444 0.003)
(0.03093716304 -0.002025619025 0.003)
(0.03519147446 -0.001899496723 0.003)
(0.03962275775 -0.002792510359 0.003)
(0.04551835783 -0.002363552136 0.003)
(0.04443875421 0.002669339084 0.003)
(0.0444230636 0.006882392994 0.003)
(0.04374312409 0.01091055582 0.003)
(0.04431920381 0.0147622968 0.003)
(0.04427162933 0.01897529559 0.003)
(0.04419742485 0.02294871771 0.003)
(0.04399392087 0.02712693034 0.003)
(0.0444653038 0.03132012088 0.003)
(0.04461718197 0.03534118796 0.003)
(0.04547323535 0.04273350456 0.003)
(0.04518315452 0.03992712919 0.003)
(-0.003085936586 0.04280236866 0.003)
(-0.001786556408 0.04507575552 0.003)
(0.03088374593 0.1416285921 0.003)
(-0.01388145811 -0.02096266497 0.003)
(-0.01302834943 0.0001726542342 0.003)
(-0.01251025859 0.0205539772 0.003)
(-0.01396978715 0.03974944791 0.003)
(-0.01375530569 0.06026729792 0.003)
(-0.01290399614 0.08021816233 0.003)
(-0.01285114013 0.1001312488 0.003)
(-0.01371153509 0.1196859431 0.003)
(-0.01141173987 0.1406209468 0.003)
(-0.01250921813 -0.05041448266 0.003)
(-0.01071721036 -0.06167969207 0.003)
(0.0006195075323 -0.0629402949 0.003)
(0.01063794176 -0.06339138547 0.003)
(0.02011432527 -0.06338986187 0.003)
(0.0294859185 -0.06328256868 0.003)
(0.03865597603 -0.06307024706 0.003)
(0.04753670299 -0.06270460104 0.003)
(0.05597950474 -0.06215082911 0.003)
(0.02386565559 -0.00451973497 0.003)
(0.01046976738 0.142295632 0.003)
(9.088478206e-05 0.1418550017 0.003)
(0.05206568902 0.1398862761 0.003)
(0.02793214912 -0.004029956045 0.003)
(0.001512864293 -0.004868030526 0.003)
(-0.004914616957 -0.001737928526 0.003)
(0.00582708015 -0.003748125758 0.003)
(0.05741034422 -0.05282339958 0.003)
(0.0585007131 -0.04344444849 0.003)
(0.05937759563 -0.03412510704 0.003)
(0.06001985411 -0.02472608434 0.003)
(0.05981837889 -0.01464544309 0.003)
(0.0581430537 -0.003451370328 0.003003728488)
(0.05657688412 0.00798288466 0.003)
(0.05638015777 0.01821717773 0.003)
(0.05615696644 0.0283366846 0.003)
(0.05689909805 0.03715107142 0.003)
(0.05811205082 0.04484859824 0.003)
(0.0562759006 0.05507160538 0.003)
(0.05623940902 0.065333636 0.003)
(0.05608286467 0.07511213366 0.003)
(0.05600414877 0.08494065614 0.003)
(0.05604255599 0.09482582724 0.003)
(0.05624742493 0.1046543241 0.003)
(0.05686078471 0.1140236638 0.003)
(0.05828242246 0.1221438703 0.003)
(-0.001206131803 -0.005023993525 0.003)
(0.003916399202 -0.004361801014 0.003)
(0.01792371562 -0.004309062102 0.003)
(0.01208708356 -0.004386531368 0.003)
(0.02172924734 -0.004388690982 0.003)
(0.01588460284 -0.004319777169 0.003)
(0.02600777645 -0.004438615032 0.003)
(0.01986239311 -0.003843925489 0.003)
(0.03208440387 -0.004537762254 0.003)
(0.03604998268 -0.004224021448 0.003)
(0.04098129035 -0.004841133857 0.003)
(0.04647689892 0.002648058561 0.003)
(0.04742500858 0.007930919906 0.003)
(0.04634830121 0.01067079573 0.003)
(0.04695389844 0.01546806182 0.003)
(0.04740463311 0.01768619228 0.003)
(0.04737225719 0.02192348637 0.003)
(0.04582307431 0.02600611715 0.003)
(0.0472803581 0.0302153722 0.003)
(0.04689296267 0.03551828593 0.003)
(0.04678185096 0.0382324186 0.003)
(0.02068297369 0.142167798 0.003)
(-0.01402665484 -0.01012237705 0.003)
(0.009865064883 -0.004628114257 0.003)
(0.003445089906 0.0446005859 0.003)
(0.005735958 0.04426310555 0.003)
(0.007721384637 0.04384775796 0.003)
(0.00960856485 0.04440027206 0.003)
(0.01174835349 0.04438617457 0.003)
(0.01398361326 0.04438878027 0.003)
(0.01607237203 0.0444613267 0.003)
(0.01797033188 0.04387908868 0.003)
(0.01988194874 0.0443891504 0.003)
(0.02197400248 0.04425594807 0.003)
(0.02419510063 0.04423874266 0.003)
(0.02633412901 0.04444274259 0.003)
(0.02820646335 0.04392595883 0.003)
(0.03015477775 0.04427462781 0.003)
(0.03197004665 0.04383493862 0.003)
(0.03399597596 0.04442330513 0.003)
(0.03625898577 0.04462574962 0.003)
(0.03861809302 0.04452969591 0.003)
(0.04115097332 0.04468575543 0.003)
(-0.005545700821 0.04156460817 0.003)
(-0.01349273699 -0.03070007977 0.003)
(-0.00514118073 0.003019270937 0.003)
(-0.00563489369 0.005452248971 0.003)
(-0.005607861007 0.007942259869 0.003)
(-0.005163532405 0.01042982779 0.003)
(-0.004467745606 0.01265859886 0.003)
(-0.004973559113 0.01527670819 0.003)
(-0.004440152425 0.01790345745 0.003)
(-0.004885345795 0.02025099387 0.003)
(-0.004426932643 0.02255554583 0.003)
(-0.005030742523 0.02517470865 0.003)
(-0.00439408569 0.02774724267 0.003)
(-0.004728534137 0.03001737558 0.003)
(-0.0041439019 0.03215083302 0.003)
(-0.004850453883 0.03422081812 0.003)
(-0.004523432303 0.03638326907 0.003)
(-0.005284292598 0.03865181014 0.003)
(0.01395860535 -0.003791211562 0.003)
(0.001053093731 0.04486713841 0.003)
(-0.004387278046 0.000837633794 0.003)
(0.007795514477 -0.004312064115 0.003)
(0.04785719122 -0.0002478588657 0.003)
(0.04415850623 0.04513108833 0.003)
(-0.01273452464 0.0110565801 0.003)
(-0.01257889675 0.03164591329 0.003)
(-0.01444090874 0.04975687454 0.003)
(-0.01321599413 0.07030270354 0.003)
(-0.01277466596 0.09015718623 0.003)
(-0.01315707919 0.1100049664 0.003)
(-0.01316519368 0.1296736799 0.003)
(-0.004682572092 -0.004979906216 0.003)
(0.04129039313 0.1409881163 0.003)
(-0.008298654849 0.0359805872 0.003)
(0.04813762382 -0.004232420602 0.003)
(-0.01316703032 -0.04029361457 0.003)
(0.02988843439 -0.004572612321 0.003)
(-0.0107602099 0.02563096412 0.003)
(0.05538769005 0.1303500855 0.003)
(-0.01047813771 0.006292982019 0.003)
(-0.005229202203 0.04504852549 0.003)
(0.04418912128 -0.004952231266 0.003)
(0.03837790341 -0.004488191565 0.003)
(0.03408069445 -0.003927699166 0.003)
(0.04799592263 0.0450070212 0.003)
(0.04683661096 0.005275051168 0.003)
(0.04740030497 0.01304768402 0.003)
(0.04670189089 0.01987095097 0.003)
(0.04670477704 0.02405942434 0.003)
(0.04666200821 0.02795314141 0.003)
(0.04749446368 0.03283086484 0.003)
(0.04780361226 0.04098286236 0.003)
(-0.01061801098 0.01567623379 0.003)
(0.02782857005 -0.007285958311 0.003)
(-0.004336763433 0.1054171958 0.003)
(0.02224151273 -0.00760814506 0.003)
(0.05043660217 0.03827701441 0.003)
(-0.004473048827 0.07546651199 0.003)
(-0.004842961071 -0.04458678761 0.003)
(-0.003591185753 0.04935044566 0.003)
(0.05194529616 -0.002210185449 0.003)
(-0.003406779498 -0.05411677601 0.003)
(-0.006422322392 0.1240269886 0.003)
(0.01529592024 -0.05503172731 0.003)
(0.02418121615 -0.05495529819 0.003)
(0.03306350666 -0.05476420011 0.003)
(0.04163502922 -0.05432908679 0.003)
(0.04967701777 -0.0537039125 0.003)
(0.04707661926 -0.00875983915 0.003)
(0.04268316772 -0.008361960549 0.003)
(0.05132311342 -0.0446583561 0.003)
(0.05263335606 -0.03573839381 0.003)
(0.05383165159 -0.02710488755 0.003)
(0.05452302569 -0.01837049421 0.003)
(0.05091745366 0.004050443343 0.003)
(0.0517578596 0.04894449429 0.003)
(0.04834354822 0.06339767073 0.003)
(0.04820606909 0.05534456385 0.003)
(0.048012637 0.07248472336 0.003)
(0.04786845125 0.08206864215 0.003)
(0.04787487471 0.09195783587 0.003)
(0.04805771063 0.1020085858 0.003)
(0.04847052733 0.1122370799 0.003)
(0.05017657982 0.1220951576 0.003)
(0.0002133766881 -0.008219241248 0.003)
(-0.00862677839 0.03991854355 0.003)
(0.04648745819 0.04950362555 0.003)
(-0.008925447675 -0.004115149887 0.003)
(-0.004086725135 0.09533141244 0.003)
(0.05100896392 0.01503061795 0.003)
(0.05030396889 0.02786358803 0.003)
(0.04551929761 0.1313303614 0.003)
(-0.009685263543 0.04391517251 0.003)
(0.011517344 -0.00769989043 0.003)
(0.03539820568 0.1318867071 0.003)
(0.007580389033 0.04704802435 0.003)
(0.01035316617 0.04744369336 0.003)
(0.01281914577 0.04685512531 0.003)
(0.0152589329 0.04757978112 0.003)
(0.0180147406 0.04724156768 0.003)
(0.02081352517 0.0472894658 0.003)
(0.02317413159 0.04660638323 0.003)
(0.02557990711 0.04715412467 0.003)
(0.02880121892 0.04759128126 0.003)
(0.03182328279 0.04664830269 0.003)
(0.03457469264 0.04744004325 0.003)
(0.03751244054 0.04738465436 0.003)
(0.04001405032 0.04709685224 0.003)
(-0.008526684218 0.009656896565 0.003)
(-0.007850822568 0.01278013131 0.003)
(-0.007782041721 0.01844450176 0.003)
(-0.007825196643 0.02230183766 0.003)
(-0.007793837181 0.02840946876 0.003)
(-0.007386991091 0.03211810337 0.003)
(-0.003657899142 0.1324531692 0.003)
(-0.005042396062 0.06560610921 0.003)
(-0.005408815283 -0.02669123802 0.003)
(0.02531001387 0.132839294 0.003)
(-0.00292306086 -0.008152773685 0.003)
(0.01686988173 -0.007322583629 0.003)
(0.01558056556 0.1337312342 0.003)
(0.04269067051 0.04840987147 0.003)
(0.005769502519 0.1334014861 0.003)
(0.006288055981 -0.05528348312 0.003)
(-0.006192592545 0.05576238225 0.003)
(0.03091718904 -0.007874301638 0.003)
(-0.004975184969 0.1152926467 0.003)
(0.05318623341 -0.008722768382 0.003)
(0.05178238042 0.03452356452 0.003)
(-0.004153833544 0.08532785807 0.003)
(0.005909105054 -0.006324360823 0.003)
(0.01967066398 -0.006554798728 0.003)
(0.0511888534 0.02363816933 0.003)
(0.05251059916 0.04270475253 0.003)
(0.003349322729 -0.007571162527 0.003)
(-0.008267603793 0.0489611559 0.003)
(0.03404476236 -0.006875354454 0.003)
(0.0393609469 -0.007614326752 0.003)
(0.04836463366 0.02589215919 0.003)
(0.03679407199 -0.006679508728 0.003)
(0.05017846459 0.01957669637 0.003)
(0.05028112735 0.01001654665 0.003)
(0.05058241735 0.03109259157 0.003)
(-0.007657360389 8.173244355e-05 0.003)
(0.004960178352 0.04693026941 0.003)
(0.008532722331 -0.007487244217 0.003)
(-0.004826769307 -0.03557374352 0.003)
(0.01409484113 -0.006448048433 0.003)
(-0.008548948363 0.003185159335 0.003)
(-0.0003680146157 0.04801471359 0.003)
(-0.006152216429 -0.01758463335 0.003)
(0.002431993815 0.04797115428 0.003)
(0.04056813984 0.06061590477 0.003)
(0.01913400548 -0.04650726707 0.003)
(0.04923340921 -0.01413853125 0.003)
(0.002388065544 -0.02335606169 0.003)
(0.02777960175 -0.04658921559 0.003)
(0.03595250228 -0.04618997048 0.003)
(0.04382498055 -0.045573167 0.003)
(0.04427406282 -0.01231472467 0.003)
(0.004407499073 0.08055510822 0.003)
(0.02501394676 -0.007114156826 0.003)
(0.04559852632 -0.03698456947 0.003)
(0.04706477583 -0.02871487352 0.003)
(0.04878181984 -0.02152062176 0.003)
(0.03965147522 0.06941428445 0.003)
(0.03953284751 0.0787215452 0.003)
(0.03952436197 0.08852715303 0.003)
(0.0396615422 0.09862820844 0.003)
(0.04017924527 0.1089449416 0.003)
(0.04021527838 0.1208833093 0.003)
(-0.007242276883 -0.009789954793 0.003)
(0.003822115198 -0.04002557537 0.003)
(0.02433644238 -0.01148769634 0.003)
(0.004017957411 0.111257887 0.003)
(0.003872145902 0.07084256085 0.003)
(0.002576583941 0.1226840343 0.003)
(0.01996640647 0.05122454508 0.003)
(0.03244611551 0.05128958615 0.003)
(0.003086463103 0.06124297025 0.003)
(0.02928894146 0.1231576744 0.003)
(0.004028405885 -0.0313316611 0.003)
(0.01961491327 0.1241745567 0.003)
(0.004599448877 0.1007358589 0.003)
(0.028682106 -0.01204680288 0.003)
(0.01065475706 -0.046636729 0.003)
(0.0006013024677 0.05252480782 0.003)
(0.004657948895 0.0904778603 0.003)
(0.00242476876 -0.0113806227 0.003)
(0.002564786629 -0.04808385785 0.003)
(-0.002157769586 -0.0121551034 0.003)
(0.006070896341 -0.009851191 0.003)
(0.005168019106 0.05029007955 0.003)
(0.00601962777 0.05498937134 0.003)
(0.009019976415 0.05115028621 0.003)
(0.01273733031 0.0501968593 0.003)
(0.01628897416 0.05173831001 0.003)
(0.01939745346 0.05665430082 0.003)
(0.0233227392 0.0495057659 0.003)
(0.02637648364 0.05035809377 0.003)
(0.02902071424 0.05335945315 0.003)
(0.0362681304 0.05049130721 0.003)
(0.03972811854 0.05046022973 0.003)
(0.04005460321 -0.01141427682 0.003)
(0.0109891939 0.1261151684 0.003)
(0.01984528784 -0.01854925473 0.003)
(0.0191382601 -0.01097533137 0.003)
(0.01336263177 0.08546315297 0.003)
(0.001500326872 -0.01673721734 0.003)
(0.03649111155 -0.0099220048 0.003)
(0.03048730508 -0.03806384419 0.003)
(0.03823649718 -0.03781273044 0.003)
(0.03284904341 -0.01150727236 0.003)
(0.04017646619 -0.02985349077 0.003)
(0.03053592357 0.06586355691 0.003)
(0.03262253978 0.1143769764 0.003)
(0.03090390747 0.0749013742 0.003)
(0.03093490038 0.08460989582 0.003)
(0.03102617085 0.09466309134 0.003)
(0.03129316242 0.1049709977 0.003)
(0.04097133986 -0.0155692969 0.003)
(0.01000381477 -0.01190043426 0.003)
(0.01439607602 -0.01021440516 0.003)
(0.03145983063 -0.01730208395 0.003)
(0.01436867994 -0.01605166674 0.003)
(0.008292526543 -0.01852929721 0.003)
(0.01295960576 0.07577473123 0.003)
(0.03635052498 -0.01573826279 0.003)
(0.0121593436 0.06667162103 0.003)
(0.02270028707 0.1129500636 0.003)
(0.04295909976 0.05319706563 0.003)
(0.01336122111 0.1064073353 0.003)
(0.01370232423 -0.03649874158 0.003)
(0.02573956739 -0.01833921558 0.003)
(0.04509398893 -0.01708433015 0.003)
(0.04163821524 -0.02204491356 0.003)
(0.005855398034 -0.01373264283 0.003)
(0.01225187009 0.1169127303 0.003)
(0.02608039691 0.05927308278 0.003)
(0.03281475623 0.05809265578 0.003)
(0.02274518364 -0.03889890686 0.003)
(0.01347525064 0.09567426375 0.003)
(0.01227200849 0.05726433429 0.003)
(0.02294501955 -0.02858662481 0.003)
(0.02208372546 0.08035920384 0.003)
(0.02226616849 0.09024770966 0.003)
(0.02233242934 0.1008495833 0.003)
(0.01275935937 -0.02517659255 0.003)
(0.02393873419 0.0537545756 0.003)
(0.03745965196 0.05475153483 0.003)
(0.02007570362 0.06342864624 0.003)
(0.02156589144 0.07125711322 0.003)
(0.03280901438 -0.03046073325 0.003)
(0.0355727534 -0.02318226706 0.003)
(0.02945513429 -0.02379488038 0.003)
(0.06707025553 -0.08 0.0122)
(0.06707025553 -0.08 0.0224)
(0.06707025553 -0.07179481068 0.01856443532)
(0.06707025553 -0.08 0.0326)
(0.06707025553 -0.07126146337 0.02750144219)
(0.06707025553 -0.08 0.0428)
(0.06707025553 -0.0713178037 0.03736017892)
(0.06707025553 -0.08 0.053)
(0.06707025553 -0.07132026447 0.04727074571)
(0.06707025553 -0.08 0.0632)
(0.06707025553 -0.07146798848 0.05716584426)
(0.06707025553 -0.08 0.0734)
(0.06707025553 -0.07157895975 0.06700735702)
(0.06707025553 -0.08 0.0836)
(0.06707025553 -0.07149528827 0.07667437396)
(0.06707025553 -0.08 0.0938)
(0.06707025553 -0.07122312544 0.0860696821)
(0.06707025553 -0.07071433092 0.09327619601)
(0.06707025553 -0.06105843688 0.09376152477)
(0.06707025553 -0.05123411485 0.09400754762)
(0.06707025553 -0.04134100067 0.09396827001)
(0.06707025553 -0.03141623192 0.09399963269)
(0.06707025553 -0.02146752659 0.09410319664)
(0.06707025553 -0.01150868016 0.09410787425)
(0.06707025553 -0.001533133627 0.09418021646)
(0.06707025553 0.008447666261 0.09410102082)
(0.06707025553 0.01844642224 0.09404399183)
(0.06707025553 0.02846279163 0.09399753141)
(0.06707025553 0.03849594524 0.09403446923)
(0.06707025553 0.04852552173 0.09405951943)
(0.06707025553 0.05852925774 0.09400031901)
(0.06707025553 0.06850748072 0.09402012885)
(0.06707025553 0.07846176512 0.0941674304)
(0.06707025553 0.08838630462 0.09415786892)
(0.06707025553 0.09832235869 0.09417735193)
(0.06707025553 0.1082313073 0.09408024965)
(0.06707025553 0.1181330074 0.09432588783)
(0.06707025553 0.1277031087 0.09423749461)
(0.06707025553 0.1370248948 0.09462742181)
(0.06707025553 0.1467938595 0.09414847823)
(0.06707025553 0.16 0.0938)
(0.06707025553 0.16 0.0122)
(0.06707025553 0.16 0.0224)
(0.06707025553 0.1517101203 0.01644537762)
(0.06707025553 0.16 0.0326)
(0.06707025553 0.16 0.0428)
(0.06707025553 0.1512647776 0.03764032402)
(0.06707025553 0.16 0.053)
(0.06707025553 0.16 0.0632)
(0.06707025553 0.1508100229 0.05818146665)
(0.06707025553 0.16 0.0734)
(0.06707025553 0.16 0.0836)
(0.06707025553 0.1511465079 0.07816959207)
(0.06709469898 -0.066597095 0.0125731229)
(0.06707025553 -0.04540123913 0.01091498535)
(0.06707025553 -0.02520125325 0.01091934852)
(0.06707025553 -0.005043572306 0.01079821343)
(0.06707025553 0.01502496824 0.0107122206)
(0.06707025553 0.03501862676 0.01062335357)
(0.06707025553 0.05497936074 0.01056016795)
(0.06707025553 0.07495711135 0.01062866396)
(0.06707025553 0.0949579578 0.01085267815)
(0.06707025553 0.114796793 0.01097971549)
(0.06707025553 0.1338373167 0.01036077647)
(0.06707025553 0.143224834 0.01171426535)
(0.06707025553 0.1508643335 0.06833554558)
(0.06707025553 0.1517229126 0.02735295583)
(0.06707025553 0.1509571756 0.04789231965)
(0.06707025553 0.1510094385 0.08768583647)
(0.06707025553 -0.05580966435 0.01108476998)
(0.06707025553 -0.03527360583 0.01095529241)
(0.06707025553 -0.01510978597 0.01085196074)
(0.06707025553 0.004999587712 0.01075343259)
(0.06707025553 0.02503098115 0.01067229685)
(0.06707025553 0.04499831135 0.01058157233)
(0.06707025553 0.06496482548 0.01057491909)
(0.06707025553 0.08495384598 0.01072134243)
(0.06707025553 0.104942521 0.01097770947)
(0.06707025553 0.1244372127 0.01072651932)
(0.06707025553 -0.06276722868 0.03201231601)
(0.06707025553 -0.06244111695 0.04182481614)
(0.06707025553 -0.06261641206 0.05153354946)
(0.06707025553 -0.06305821489 0.06116179666)
(0.06707025553 -0.0631326189 0.07054987887)
(0.06707025553 -0.06271356726 0.07950965176)
(0.06707025553 -0.06200442318 0.08788545812)
(0.06707025553 0.1420478368 0.04253022525)
(0.06707025553 -0.05237133561 0.08806307811)
(0.06707025553 -0.04261245691 0.08883563205)
(0.06707025553 -0.03278758934 0.08870338053)
(0.06707025553 -0.02290227936 0.08903786223)
(0.06707025553 -0.01299874442 0.08893268776)
(0.06707025553 -0.003067595981 0.08898930915)
(0.06707025553 0.006889724718 0.08908934122)
(0.06707025553 0.01686390888 0.08893426572)
(0.06707025553 0.02688441102 0.08885460143)
(0.06707025553 0.03693879086 0.08876405408)
(0.06707025553 0.04700195686 0.08861988312)
(0.06707025553 0.05706959228 0.08883089986)
(0.06707025553 0.0670593507 0.0887786232)
(0.06707025553 0.07699451075 0.08903388942)
(0.06707025553 0.08685458446 0.0892381599)
(0.06707025553 0.096665248 0.08909109035)
(0.06707025553 0.1064954891 0.08870862687)
(0.06707025553 0.1163378529 0.08850030574)
(0.06707025553 0.1261408408 0.08905464199)
(0.06707025553 0.1349199092 0.08927650499)
(0.06707025553 0.1427288236 0.09063710003)
(0.06707025553 -0.05072653814 0.01959081126)
(0.06707025553 0.1429167243 0.03234708499)
(0.06707025553 0.1418299899 0.07379763265)
(0.06707025553 0.1440099023 0.02230660566)
(0.06707025553 -0.06197809496 0.02087670385)
(0.06707025553 0.1414678827 0.06367960255)
(0.06707025553 0.1417044999 0.05301800717)
(0.06707025553 -0.02029227605 0.01973697524)
(0.06707025553 0.01006115662 0.01945690021)
(0.06707025553 -8.512708207e-07 0.01953788817)
(0.06707025553 0.03008524184 0.01929795758)
(0.06707025553 0.04997930414 0.01911733815)
(0.06707025553 0.06988099708 0.01917171967)
(0.06707025553 0.08984223986 0.01954789148)
(0.06707025553 0.1099429843 0.02013058713)
(0.06707025553 0.1289252396 0.01925291025)
(0.06707025553 -0.03048752885 0.019911953)
(0.06707025553 0.1426150291 0.08288499948)
(0.06707025553 -0.01011464769 0.0196170809)
(0.06707025553 -0.04060524935 0.01991672907)
(0.06707025553 0.1197141643 0.02003064078)
(0.06707025553 0.09990910942 0.01984878513)
(0.06707025553 0.04004093267 0.0192036527)
(0.06707025553 0.02009210262 0.01938017216)
(0.06707025553 0.05992688849 0.01910522472)
(0.06707025553 0.07983934951 0.0193142799)
(0.06707025553 0.1370799993 0.01810278639)
(0.06707025553 -0.05335255194 0.04603218889)
(0.06707025553 -0.05412631042 0.05591058488)
(0.06707025553 -0.05497098109 0.06490721697)
(0.06707025553 -0.05463074958 0.07367546577)
(0.06707025553 -0.05348154392 0.08145161115)
(0.06707025553 0.1255787395 0.02903102536)
(0.06707025553 -0.01524207471 0.02842299421)
(0.06707025553 -0.04383703792 0.08243669499)
(0.06707025553 -0.03412994946 0.08281231201)
(0.06707025553 -0.02433194742 0.08333451741)
(0.06707025553 -0.01447019337 0.08366238672)
(0.06707025553 -0.004576191039 0.08369549758)
(0.06707025553 0.005300672337 0.08352962576)
(0.06707025553 0.01521979484 0.08338162253)
(0.06707025553 0.02521536402 0.08326746492)
(0.06707025553 0.03529353162 0.0831541446)
(0.06707025553 0.04542537413 0.08303718678)
(0.06707025553 0.05555651692 0.08299316936)
(0.06707025553 0.06562791781 0.08308999067)
(0.06707025553 0.07559516418 0.08329617201)
(0.06707025553 0.0854026889 0.08352347336)
(0.06707025553 0.09505264553 0.08373606138)
(0.06707025553 0.1047548537 0.08364433149)
(0.06707025553 0.1146613139 0.08275843209)
(0.06707025553 0.1242093556 0.08118823131)
(0.06707025553 0.1331991309 0.03660419687)
(0.06707025553 0.01518712154 0.02810186486)
(0.06707025553 0.0549109169 0.02757765479)
(0.06707025553 0.005112813161 0.02822920016)
(0.06707025553 0.1313913922 0.07068776331)
(0.06707025553 0.1325427249 0.05848350426)
(0.06707025553 0.0946520543 0.0284739287)
(0.06707025553 0.08455352107 0.02806688408)
(0.06707025553 0.04503793248 0.02768591195)
(0.06707025553 0.07463994295 0.02777731786)
(0.06707025553 0.0647878871 0.02761207855)
(0.06707025553 0.0351616587 0.02786580226)
(0.06707025553 0.1324445292 0.0472885696)
(0.06707025553 0.1153509072 0.02963649142)
(0.06707025553 -0.02557181531 0.02866523416)
(0.06707025553 -0.005026802321 0.02833286067)
(0.06707025553 0.1335934599 0.08076234996)
(0.06707025553 0.02520318402 0.02797817971)
(0.06707025553 0.1351961076 0.02668535798)
(0.06707025553 -0.05351829705 0.03634228931)
(0.06707025553 0.1048884947 0.02903529421)
(0.06707025553 -0.04606822875 0.02884208688)
(0.06707025553 -0.05503141656 0.02747444371)
(0.06707025553 -0.03601618072 0.02913484362)
(0.06707025553 0.03037166745 0.03651128333)
(0.06707025553 -0.04604758237 0.06057725247)
(0.06707025553 -0.04762931759 0.06840348395)
(0.06707025553 -0.04532152261 0.07514477945)
(0.06707025553 -0.01010868335 0.03710978886)
(0.06707025553 -0.03578975662 0.07521524053)
(0.06707025553 -0.02605547443 0.07616478633)
(0.06707025553 -0.0163734745 0.07680335665)
(0.06707025553 -0.006632180596 0.07692562065)
(0.06707025553 0.003072711344 0.07662077991)
(0.06707025553 0.01288918765 0.07639535021)
(0.06707025553 0.02283594363 0.07624595787)
(0.06707025553 0.03291921078 0.07610525506)
(0.06707025553 0.04313418453 0.07590237353)
(0.06707025553 0.05343857225 0.07574977235)
(0.06707025553 0.06369053143 0.07582930323)
(0.06707025553 0.07378772645 0.07612856308)
(0.06707025553 0.08361301682 0.07642949029)
(0.06707025553 0.09309494056 0.07678289891)
(0.06707025553 0.1022016653 0.07717819758)
(0.06707025553 0.1116872907 0.07648033921)
(0.06707025553 0.109826157 0.03852868732)
(0.06707025553 0.1219279078 0.04034101084)
(0.06707025553 0.02038356784 0.03664993612)
(0.06707025553 0.1208878079 0.07376052305)
(0.06707025553 0.01031758008 0.03682729487)
(0.06707025553 0.09920173565 0.03747080769)
(0.06707025553 0.04997200553 0.03600709155)
(0.06707025553 0.04024947544 0.03632854246)
(0.06707025553 -0.0428740076 0.03946497306)
(0.06707025553 0.07906118135 0.03643905959)
(0.06707025553 -0.04491999852 0.05083713539)
(0.06707025553 -0.02037568033 0.0371207019)
(0.06707025553 0.08899713272 0.03686559495)
(0.06707025553 0.1236227626 0.0635566716)
(0.06707025553 -0.03101685939 0.0376581546)
(0.06707025553 0.0001403079281 0.0370221184)
(0.06707025553 0.05972239852 0.03590053525)
(0.06707025553 0.06939440096 0.03608552934)
(0.06707025553 0.1233914874 0.05258331522)
(0.06707025553 0.1134397073 0.04840269441)
(0.06707025553 0.02564288094 0.0450957295)
(0.06707025553 -0.03812407996 0.06670121666)
(0.06707025553 -0.02773470149 0.06859255109)
(0.06707025553 -0.01851837083 0.0697724279)
(0.06707025553 -0.009141174791 0.07020716997)
(0.06707025553 0.0001851198078 0.06958963941)
(0.06707025553 0.009856330531 0.06925152457)
(0.06707025553 0.0197273 0.06905804257)
(0.06707025553 0.02978432334 0.0689296202)
(0.06707025553 0.03998423054 0.0686746417)
(0.06707025553 0.05056553764 0.06831421984)
(0.06707025553 0.06123391191 0.06823677162)
(0.06707025553 0.07163824413 0.0687183383)
(0.06707025553 0.08159743136 0.06906923248)
(0.06707025553 0.09113428742 0.06948209069)
(0.06707025553 0.09995849676 0.0700306457)
(0.06707025553 -0.03554326059 0.04687080913)
(0.06707025553 0.01563484929 0.04528955973)
(0.06707025553 0.1030338704 0.0464753555)
(0.06707025553 0.04534136453 0.04461800362)
(0.06707025553 -0.01526134147 0.04581027536)
(0.06707025553 -0.03734259739 0.05674096114)
(0.06707025553 0.005457407673 0.04552199046)
(0.06707025553 -0.005003883762 0.04585880917)
(0.06707025553 0.1152547685 0.06767521426)
(0.06707025553 0.115095696 0.05833006822)
(0.06707025553 0.1076279401 0.07101434463)
(0.06707025553 -0.02535574406 0.04536990804)
(0.06707025553 0.03558261079 0.04493020804)
(0.06707025553 0.05475173787 0.04399169939)
(0.06707025553 0.08298940616 0.04511064147)
(0.06707025553 0.07342095114 0.04471397477)
(0.06707025553 0.09294106921 0.04561307463)
(0.06707025553 -0.01974870683 0.06202812648)
(0.06707025553 -0.01213425566 0.06380078759)
(0.06707025553 -0.003743745898 0.06235453267)
(0.06707025553 0.005943429592 0.06188612319)
(0.06707025553 0.01571010319 0.06157130532)
(0.06707025553 0.02585658674 0.06156398358)
(0.06707025553 0.03578791307 0.06121752296)
(0.06707025553 0.04628530034 0.06097026527)
(0.06707025553 0.0581140667 0.06002285438)
(0.06707025553 0.06922241204 0.06099697847)
(0.06707025553 0.07923795063 0.06137394128)
(0.06707025553 0.08913224598 0.06186291774)
(0.06707025553 0.09839838206 0.06233421552)
(0.06707025553 -0.02960979766 0.05275407252)
(0.06707025553 0.02096566503 0.05358604516)
(0.06707025553 0.1057837985 0.05534762667)
(0.06707025553 0.0408753658 0.05316271504)
(0.06707025553 0.0308947696 0.05340268028)
(0.06707025553 -0.02882490417 0.06065490333)
(0.06707025553 0.06420149666 0.04407380594)
(0.06707025553 0.1071414554 0.06363681918)
(0.06707025553 0.01088849527 0.05379690923)
(0.06707025553 0.08635526537 0.0536458978)
(0.06707025553 0.09612539608 0.05419324648)
(0.06707025553 0.05067018384 0.05270808547)
(0.06707025553 -0.01072145547 0.05515068907)
(0.06707025553 0.07669541426 0.05332948127)
(0.06707025553 0.0005008066396 0.05406433522)
(0.06707025553 0.06733054575 0.05281947852)
(0.06707025553 -0.02110159264 0.05372385513)
(0.06707025553 0.05919097252 0.05112443621)
(0.043 -0.001 0.004069989392)
(0.04004322885 -0.001 0.004)
(0.0380864577 -0.001 0.004)
(0.03407000962 -0.001 0.004)
(0.03191086441 -0.001 0.004)
(0.01986495767 -0.001 0.004)
(0.01790818651 -0.001 0.004)
(0.009783855754 -0.001 0.004)
(0.02995409326 -0.001 0.004)
(0.01595141536 -0.001 0.004)
(0.007827084603 -0.001 0.004)
(0.03612968655 -0.001 0.004)
(0.02799732211 -0.001 0.004)
(0.02604055096 -0.001 0.004)
(0.02408377981 -0.001 0.004)
(0.02182172882 -0.001 0.004)
(0.01399464421 -0.001 0.004)
(0.01192478696 -0.001 0.004)
(0.005870313452 -0.001 0.004)
(0.001956771151 -0.001 0.004)
(0.003913542302 -0.001 0.004)
(-0.001 -0.001 0.004069989392)
(0.043 0.03804475907 0.004)
(0.043 0.03608951815 0.004)
(0.043 0.03413427722 0.004)
(0.043 0.02405967877 0.004)
(0.043 0.02210443784 0.004)
(0.043 0.02014919691 0.004)
(0.043 0.005947492783 0.004)
(0.043 0.008119357531 0.004)
(0.043 0.01007459846 0.004)
(0.043 0.0321790363 0.004)
(0.043 0.03010643355 0.004)
(0.043 0.02797016062 0.004)
(0.043 0.02601491969 0.004)
(0.043 0.01819395599 0.004)
(0.043 0.01594032123 0.004)
(0.043 0.01398508031 0.004)
(0.043 0.01202983938 0.004)
(0.043 0.001955240926 0.004)
(0.043 0.003910481852 0.004)
(0.043 0.041 0.004069989392)
(0.04004322885 0.041 0.004)
(0.0380864577 0.041 0.004)
(0.03191086441 0.041 0.004)
(0.02995409326 0.041 0.004)
(0.02182172882 0.041 0.004)
(0.01790818651 0.041 0.004)
(0.01595141536 0.041 0.004)
(0.005870313452 0.041 0.004)
(0.007827084603 0.041 0.004)
(0.01986495767 0.041 0.004)
(0.009783855754 0.041 0.004)
(0.03612968655 0.041 0.004)
(0.03407000962 0.041 0.004)
(0.02799732211 0.041 0.004)
(0.02604055096 0.041 0.004)
(0.02408377981 0.041 0.004)
(0.01399464421 0.041 0.004)
(0.01192478696 0.041 0.004)
(0.003913542302 0.041 0.004)
(0.001956771151 0.041 0.004)
(-0.001 0.041 0.004069989392)
(-0.001 0.03608951815 0.004)
(-0.001 0.03413427722 0.004)
(-0.001 0.02601491969 0.004)
(-0.001 0.02014919691 0.004)
(-0.001 0.02210443784 0.004)
(-0.001 0.008119357531 0.004)
(-0.001 0.005947492783 0.004)
(-0.001 0.03804475907 0.004)
(-0.001 0.02405967877 0.004)
(-0.001 0.0321790363 0.004)
(-0.001 0.03010643355 0.004)
(-0.001 0.02797016062 0.004)
(-0.001 0.01819395599 0.004)
(-0.001 0.01594032123 0.004)
(-0.001 0.01398508031 0.004)
(-0.001 0.01202983938 0.004)
(-0.001 0.01007459846 0.004)
(-0.001 0.003910481852 0.004)
(-0.001 0.001955240926 0.004)
(-0.001 -0.001 0.006)
(0.0035 -0.001 0.007)
(0.00425 -0.001 0.006625)
(0.00775 -0.001 0.006625)
(0.0085 -0.001 0.007)
(0.00925 -0.001 0.006625)
(0.01275 -0.001 0.006625)
(0.0135 -0.001 0.007)
(0.01425 -0.001 0.006625)
(0.01775 -0.001 0.006625)
(0.0185 -0.001 0.007)
(0.01925 -0.001 0.006625)
(0.0235 -0.001 0.007)
(0.02425 -0.001 0.006625)
(0.02775 -0.001 0.006625)
(0.0285 -0.001 0.007)
(0.02925 -0.001 0.006625)
(0.0335 -0.001 0.007)
(0.03775 -0.001 0.006625)
(0.0385 -0.001 0.007)
(0.043 -0.001 0.006)
(0.03425 -0.001 0.006625)
(0.00275 -0.001 0.006625)
(0.02275 -0.001 0.006625)
(0.03275 -0.001 0.006625)
(0.03925 -0.001 0.006625)
(0.043 0.001955240926 0.006)
(0.043 0.003910481852 0.006)
(0.043 0.005947492783 0.006)
(0.043 0.008119357531 0.006)
(0.043 0.01007459846 0.006)
(0.043 0.01202983938 0.006)
(0.043 0.01398508031 0.006)
(0.043 0.01594032123 0.006)
(0.043 0.01819395599 0.006)
(0.043 0.02014919691 0.006)
(0.043 0.02210443784 0.006)
(0.043 0.02405967877 0.006)
(0.043 0.02601491969 0.006)
(0.043 0.02797016062 0.006)
(0.043 0.03010643355 0.006)
(0.043 0.0321790363 0.006)
(0.043 0.03413427722 0.006)
(0.043 0.03608951815 0.006)
(0.043 0.03804475907 0.006)
(0.043 0.041 0.006)
(-0.001 0.041 0.006)
(0.0035 0.041 0.007)
(0.00425 0.041 0.006625)
(0.00775 0.041 0.006625)
(0.0085 0.041 0.007)
(0.01275 0.041 0.006625)
(0.00925 0.041 0.006625)
(0.0135 0.041 0.007)
(0.01425 0.041 0.006625)
(0.01775 0.041 0.006625)
(0.0185 0.041 0.007)
(0.01925 0.041 0.006625)
(0.0235 0.041 0.007)
(0.02425 0.041 0.006625)
(0.02775 0.041 0.006625)
(0.0285 0.041 0.007)
(0.02925 0.041 0.006625)
(0.0335 0.041 0.007)
(0.03775 0.041 0.006625)
(0.0385 0.041 0.007)
(0.03425 0.041 0.006625)
(0.02275 0.041 0.006625)
(0.03275 0.041 0.006625)
(0.03925 0.041 0.006625)
(0.00275 0.041 0.006625)
(-0.001 0.03796317485 0.006)
(-0.001 0.0359263497 0.006)
(-0.001 0.03388952456 0.006)
(-0.001 0.03185269941 0.006)
(-0.001 0.02938818843 0.006)
(-0.001 0.02727808493 0.006)
(-0.001 0.02524125978 0.006)
(-0.001 0.02320443464 0.006)
(-0.001 0.02116760949 0.006)
(-0.001 0.01913078434 0.006)
(-0.001 0.01660860291 0.006)
(-0.001 0.01455616986 0.006)
(-0.001 0.002036825148 0.006)
(-0.001 0.004073650296 0.006)
(-0.001 0.006250134104 0.006)
(-0.001 0.008445694419 0.006)
(-0.001 0.01048251957 0.006)
(-0.001 0.01251934472 0.006)
(-0.001 -0.001 0.008087198667)
(-0.001 -0.001 0.01017439733)
(0.003 -0.001 0.008087198667)
(-0.001 -0.001 0.012261596)
(0.003 -0.001 0.01017439733)
(-0.001 -0.001 0.01434879467)
(0.003 -0.001 0.012261596)
(-0.001 -0.001 0.016738404)
(0.003 -0.001 0.01434879467)
(-0.001 -0.001 0.01882560267)
(0.003 -0.001 0.016738404)
(-0.001 -0.001 0.02091280133)
(0.003 -0.001 0.01882560267)
(0.003 -0.001 0.024)
(0.003 -0.001 0.02091280133)
(-0.001 -0.001 0.024)
(0.003 0.001955240926 0.007)
(0.003 0.003910481852 0.007)
(0.003439147659 0.002442565835 0.007)
(0.003 0.005947492783 0.007)
(0.004 0.003910481852 0.007)
(0.004 0.008119357531 0.007)
(0.004 0.005947492783 0.007)
(0.003 0.008119357531 0.007)
(0.003 0.01007459846 0.007)
(0.004 0.01007459846 0.007)
(0.004 0.01202983938 0.007)
(0.003 0.01398508031 0.007)
(0.004 0.01398508031 0.007)
(0.003 0.01202983938 0.007)
(0.003 0.01594032123 0.007)
(0.004 0.01594032123 0.007)
(0.003 0.01819395599 0.007)
(0.004 0.01819395599 0.007)
(0.003 0.02014919691 0.007)
(0.003 0.02210443784 0.007)
(0.004 0.02014919691 0.007)
(0.004 0.02210443784 0.007)
(0.004 0.02405967877 0.007)
(0.003 0.02601491969 0.007)
(0.004 0.02601491969 0.007)
(0.003 0.02405967877 0.007)
(0.004 0.02797016062 0.007)
(0.003 0.02797016062 0.007)
(0.003 0.03010643355 0.007)
(0.003 0.0321790363 0.007)
(0.003 0.03413427722 0.007)
(0.004 0.0321790363 0.007)
(0.003 0.03608951815 0.007)
(0.004 0.03413427722 0.007)
(0.003 0.03804475907 0.007)
(0.004 0.03804475907 0.007)
(0.004 0.001955240926 0.007)
(0.004 0.03010643355 0.007)
(0.004 0.03608951815 0.007)
(0.004 -0.001 0.008087198667)
(0.004 -0.001 0.01017439733)
(0.008 -0.001 0.008087198667)
(0.004 -0.001 0.012261596)
(0.008 -0.001 0.01017439733)
(0.004 -0.001 0.01434879467)
(0.008 -0.001 0.012261596)
(0.004 -0.001 0.016738404)
(0.008 -0.001 0.01434879467)
(0.004 -0.001 0.01882560267)
(0.008 -0.001 0.016738404)
(0.004 -0.001 0.02091280133)
(0.008 -0.001 0.01882560267)
(0.008 -0.001 0.024)
(0.008 -0.001 0.02091280133)
(0.004 -0.001 0.024)
(0.008 0.001955240926 0.007)
(0.008 0.003910481852 0.007)
(0.008495086825 0.002573075542 0.007)
(0.008 0.005947492783 0.007)
(0.009 0.004073650296 0.007)
(0.008 0.008119357531 0.007)
(0.009 0.006250134104 0.007)
(0.008 0.01007459846 0.007)
(0.009 0.008445694419 0.007)
(0.008 0.01202983938 0.007)
(0.009 0.01048251957 0.007)
(0.008 0.01398508031 0.007)
(0.009 0.01251934472 0.007)
(0.008 0.01594032123 0.007)
(0.009 0.01455616986 0.007)
(0.008 0.01819395599 0.007)
(0.009 0.01660860291 0.007)
(0.008 0.02014919691 0.007)
(0.009 0.01913078434 0.007)
(0.008 0.02210443784 0.007)
(0.009 0.02116760949 0.007)
(0.008 0.02405967877 0.007)
(0.009 0.02320443464 0.007)
(0.008 0.02601491969 0.007)
(0.009 0.02524125978 0.007)
(0.008 0.02797016062 0.007)
(0.009 0.02727808493 0.007)
(0.008 0.03010643355 0.007)
(0.009 0.02938818843 0.007)
(0.008 0.0321790363 0.007)
(0.009 0.03185269941 0.007)
(0.008 0.03413427722 0.007)
(0.009 0.03388952456 0.007)
(0.008 0.03608951815 0.007)
(0.009 0.0359263497 0.007)
(0.008 0.03804475907 0.007)
(0.009 0.03796317485 0.007)
(0.009 0.002036825148 0.007)
(0.009 -0.001 0.008087198667)
(0.009 -0.001 0.01017439733)
(0.013 -0.001 0.008087198667)
(0.009 -0.001 0.012261596)
(0.013 -0.001 0.01017439733)
(0.009 -0.001 0.01434879467)
(0.013 -0.001 0.012261596)
(0.009 -0.001 0.016738404)
(0.013 -0.001 0.01434879467)
(0.009 -0.001 0.01882560267)
(0.013 -0.001 0.016738404)
(0.009 -0.001 0.02091280133)
(0.013 -0.001 0.01882560267)
(0.013 -0.001 0.024)
(0.013 -0.001 0.02091280133)
(0.009 -0.001 0.024)
(0.013 0.001955240926 0.007)
(0.013 0.003910481852 0.007)
(0.0135 0.002469339665 0.007)
(0.013 0.005947492783 0.007)
(0.014 0.003910481852 0.007)
(0.014 0.008119357531 0.007)
(0.014 0.005947492783 0.007)
(0.013 0.008119357531 0.007)
(0.013 0.01007459846 0.007)
(0.014 0.01007459846 0.007)
(0.014 0.01202983938 0.007)
(0.013 0.01398508031 0.007)
(0.014 0.01398508031 0.007)
(0.013 0.01202983938 0.007)
(0.013 0.01594032123 0.007)
(0.014 0.01594032123 0.007)
(0.013 0.01819395599 0.007)
(0.014 0.01819395599 0.007)
(0.013 0.02014919691 0.007)
(0.013 0.02210443784 0.007)
(0.014 0.02014919691 0.007)
(0.014 0.02210443784 0.007)
(0.014 0.02405967877 0.007)
(0.013 0.02601491969 0.007)
(0.014 0.02601491969 0.007)
(0.013 0.02405967877 0.007)
(0.014 0.02797016062 0.007)
(0.013 0.02797016062 0.007)
(0.013 0.03010643355 0.007)
(0.013 0.0321790363 0.007)
(0.013 0.03413427722 0.007)
(0.014 0.0321790363 0.007)
(0.013 0.03608951815 0.007)
(0.014 0.03413427722 0.007)
(0.013 0.03804475907 0.007)
(0.014 0.03804475907 0.007)
(0.014 0.001955240926 0.007)
(0.014 0.03010643355 0.007)
(0.014 0.03608951815 0.007)
(0.014 -0.001 0.008087198667)
(0.014 -0.001 0.01017439733)
(0.018 -0.001 0.008087198667)
(0.014 -0.001 0.012261596)
(0.018 -0.001 0.01017439733)
(0.014 -0.001 0.01434879467)
(0.018 -0.001 0.012261596)
(0.014 -0.001 0.016738404)
(0.018 -0.001 0.01434879467)
(0.014 -0.001 0.01882560267)
(0.018 -0.001 0.016738404)
(0.014 -0.001 0.02091280133)
(0.018 -0.001 0.01882560267)
(0.018 -0.001 0.024)
(0.018 -0.001 0.02091280133)
(0.014 -0.001 0.024)
(0.018 0.001955240926 0.007)
(0.018 0.003910481852 0.007)
(0.01857834723 0.002525309209 0.007)
(0.018 0.005947492783 0.007)
(0.019 0.004073650296 0.007)
(0.018 0.008119357531 0.007)
(0.019 0.006250134104 0.007)
(0.018 0.01007459846 0.007)
(0.019 0.008445694419 0.007)
(0.018 0.01202983938 0.007)
(0.019 0.01048251957 0.007)
(0.018 0.01398508031 0.007)
(0.019 0.01251934472 0.007)
(0.018 0.01594032123 0.007)
(0.019 0.01455616986 0.007)
(0.018 0.01819395599 0.007)
(0.019 0.01660860291 0.007)
(0.018 0.02014919691 0.007)
(0.019 0.01913078434 0.007)
(0.018 0.02210443784 0.007)
(0.019 0.02116760949 0.007)
(0.018 0.02405967877 0.007)
(0.019 0.02320443464 0.007)
(0.018 0.02601491969 0.007)
(0.019 0.02524125978 0.007)
(0.018 0.02797016062 0.007)
(0.019 0.02727808493 0.007)
(0.018 0.03010643355 0.007)
(0.019 0.02938818843 0.007)
(0.018 0.0321790363 0.007)
(0.019 0.03185269941 0.007)
(0.018 0.03413427722 0.007)
(0.019 0.03388952456 0.007)
(0.018 0.03608951815 0.007)
(0.019 0.0359263497 0.007)
(0.018 0.03804475907 0.007)
(0.019 0.03796317485 0.007)
(0.019 0.002036825148 0.007)
(0.019 -0.001 0.008087198667)
(0.019 -0.001 0.01017439733)
(0.023 -0.001 0.008087198667)
(0.019 -0.001 0.012261596)
(0.023 -0.001 0.01017439733)
(0.019 -0.001 0.01434879467)
(0.023 -0.001 0.012261596)
(0.019 -0.001 0.016738404)
(0.023 -0.001 0.01434879467)
(0.019 -0.001 0.01882560267)
(0.023 -0.001 0.016738404)
(0.019 -0.001 0.02091280133)
(0.023 -0.001 0.01882560267)
(0.023 -0.001 0.024)
(0.023 -0.001 0.02091280133)
(0.019 -0.001 0.024)
(0.023 0.001955240926 0.007)
(0.023 0.003910481852 0.007)
(0.02356085236 0.002442565832 0.007)
(0.023 0.005947492783 0.007)
(0.024 0.003910481852 0.007)
(0.024 0.008119357531 0.007)
(0.024 0.005947492783 0.007)
(0.023 0.008119357531 0.007)
(0.023 0.01007459846 0.007)
(0.024 0.01007459846 0.007)
(0.024 0.01202983938 0.007)
(0.023 0.01398508031 0.007)
(0.024 0.01398508031 0.007)
(0.023 0.01202983938 0.007)
(0.023 0.01594032123 0.007)
(0.024 0.01594032123 0.007)
(0.023 0.01819395599 0.007)
(0.024 0.01819395599 0.007)
(0.023 0.02014919691 0.007)
(0.023 0.02210443784 0.007)
(0.024 0.02014919691 0.007)
(0.024 0.02210443784 0.007)
(0.024 0.02405967877 0.007)
(0.023 0.02601491969 0.007)
(0.024 0.02601491969 0.007)
(0.023 0.02405967877 0.007)
(0.024 0.02797016062 0.007)
(0.023 0.02797016062 0.007)
(0.023 0.03010643355 0.007)
(0.023 0.0321790363 0.007)
(0.023 0.03413427722 0.007)
(0.024 0.0321790363 0.007)
(0.023 0.03608951815 0.007)
(0.024 0.03413427722 0.007)
(0.023 0.03804475907 0.007)
(0.024 0.03804475907 0.007)
(0.024 0.001955240926 0.007)
(0.024 0.03010643355 0.007)
(0.024 0.03608951815 0.007)
(0.024 -0.001 0.008087198667)
(0.024 -0.001 0.01017439733)
(0.028 -0.001 0.008087198667)
(0.024 -0.001 0.012261596)
(0.028 -0.001 0.01017439733)
(0.024 -0.001 0.01434879467)
(0.028 -0.001 0.012261596)
(0.024 -0.001 0.016738404)
(0.028 -0.001 0.01434879467)
(0.024 -0.001 0.01882560267)
(0.028 -0.001 0.016738404)
(0.024 -0.001 0.02091280133)
(0.028 -0.001 0.01882560267)
(0.028 -0.001 0.024)
(0.028 -0.001 0.02091280133)
(0.024 -0.001 0.024)
(0.028 0.001955240926 0.007)
(0.028 0.003910481852 0.007)
(0.02843914764 0.002442565816 0.007)
(0.028 0.005947492783 0.007)
(0.029 0.003910481852 0.007)
(0.029 0.008119357531 0.007)
(0.029 0.005947492783 0.007)
(0.028 0.008119357531 0.007)
(0.028 0.01007459846 0.007)
(0.029 0.01007459846 0.007)
(0.029 0.01202983938 0.007)
(0.028 0.01398508031 0.007)
(0.029 0.01398508031 0.007)
(0.028 0.01202983938 0.007)
(0.028 0.01594032123 0.007)
(0.029 0.01594032123 0.007)
(0.028 0.01819395599 0.007)
(0.029 0.01819395599 0.007)
(0.028 0.02014919691 0.007)
(0.028 0.02210443784 0.007)
(0.029 0.02014919691 0.007)
(0.029 0.02210443784 0.007)
(0.029 0.02405967877 0.007)
(0.028 0.02601491969 0.007)
(0.029 0.02601491969 0.007)
(0.028 0.02405967877 0.007)
(0.029 0.02797016062 0.007)
(0.028 0.02797016062 0.007)
(0.028 0.03010643355 0.007)
(0.028 0.0321790363 0.007)
(0.028 0.03413427722 0.007)
(0.029 0.0321790363 0.007)
(0.028 0.03608951815 0.007)
(0.029 0.03413427722 0.007)
(0.028 0.03804475907 0.007)
(0.029 0.03804475907 0.007)
(0.029 0.001955240926 0.007)
(0.029 0.03010643355 0.007)
(0.029 0.03608951815 0.007)
(0.029 -0.001 0.008087198667)
(0.029 -0.001 0.01017439733)
(0.033 -0.001 0.008087198667)
(0.029 -0.001 0.012261596)
(0.033 -0.001 0.01017439733)
(0.029 -0.001 0.01434879467)
(0.033 -0.001 0.012261596)
(0.029 -0.001 0.016738404)
(0.033 -0.001 0.01434879467)
(0.029 -0.001 0.01882560267)
(0.033 -0.001 0.016738404)
(0.029 -0.001 0.02091280133)
(0.033 -0.001 0.01882560267)
(0.033 -0.001 0.024)
(0.033 -0.001 0.02091280133)
(0.029 -0.001 0.024)
(0.033 0.001955240926 0.007)
(0.033 0.003910481852 0.007)
(0.03341125024 0.002518158892 0.007)
(0.033 0.005947492783 0.007)
(0.034 0.004073650296 0.007)
(0.033 0.008119357531 0.007)
(0.034 0.006250134104 0.007)
(0.033 0.01007459846 0.007)
(0.034 0.008445694419 0.007)
(0.033 0.01202983938 0.007)
(0.034 0.01048251957 0.007)
(0.033 0.01398508031 0.007)
(0.034 0.01251934472 0.007)
(0.033 0.01594032123 0.007)
(0.034 0.01455616986 0.007)
(0.033 0.01819395599 0.007)
(0.034 0.01660860291 0.007)
(0.033 0.02014919691 0.007)
(0.034 0.01913078434 0.007)
(0.033 0.02210443784 0.007)
(0.034 0.02116760949 0.007)
(0.033 0.02405967877 0.007)
(0.034 0.02320443464 0.007)
(0.033 0.02601491969 0.007)
(0.034 0.02524125978 0.007)
(0.033 0.02797016062 0.007)
(0.034 0.02727808493 0.007)
(0.033 0.03010643355 0.007)
(0.034 0.02938818843 0.007)
(0.033 0.0321790363 0.007)
(0.034 0.03185269941 0.007)
(0.033 0.03413427722 0.007)
(0.034 0.03388952456 0.007)
(0.033 0.03608951815 0.007)
(0.034 0.0359263497 0.007)
(0.033 0.03804475907 0.007)
(0.034 0.03796317485 0.007)
(0.034 0.002036825148 0.007)
(0.034 -0.001 0.008087198667)
(0.034 -0.001 0.01017439733)
(0.038 -0.001 0.008087198667)
(0.034 -0.001 0.012261596)
(0.038 -0.001 0.01017439733)
(0.034 -0.001 0.01434879467)
(0.038 -0.001 0.012261596)
(0.034 -0.001 0.016738404)
(0.038 -0.001 0.01434879467)
(0.034 -0.001 0.01882560267)
(0.038 -0.001 0.016738404)
(0.034 -0.001 0.02091280133)
(0.038 -0.001 0.01882560267)
(0.038 -0.001 0.024)
(0.038 -0.001 0.02091280133)
(0.034 -0.001 0.024)
(0.038 0.001955240926 0.007)
(0.038 0.003910481852 0.007)
(0.03849438425 0.002523847387 0.007)
(0.038 0.005947492783 0.007)
(0.039 0.004073650296 0.007)
(0.038 0.008119357531 0.007)
(0.039 0.006250134104 0.007)
(0.038 0.01007459846 0.007)
(0.039 0.008445694419 0.007)
(0.038 0.01202983938 0.007)
(0.039 0.01048251957 0.007)
(0.038 0.01398508031 0.007)
(0.039 0.01251934472 0.007)
(0.038 0.01594032123 0.007)
(0.039 0.01455616986 0.007)
(0.038 0.01819395599 0.007)
(0.039 0.01660860291 0.007)
(0.038 0.02014919691 0.007)
(0.039 0.01913078434 0.007)
(0.038 0.02210443784 0.007)
(0.039 0.02116760949 0.007)
(0.038 0.02405967877 0.007)
(0.039 0.02320443464 0.007)
(0.038 0.02601491969 0.007)
(0.039 0.02524125978 0.007)
(0.038 0.02797016062 0.007)
(0.039 0.02727808493 0.007)
(0.038 0.03010643355 0.007)
(0.039 0.02938818843 0.007)
(0.038 0.0321790363 0.007)
(0.039 0.03185269941 0.007)
(0.038 0.03413427722 0.007)
(0.039 0.03388952456 0.007)
(0.038 0.03608951815 0.007)
(0.039 0.0359263497 0.007)
(0.038 0.03804475907 0.007)
(0.039 0.03796317485 0.007)
(0.039 0.002036825148 0.007)
(0.039 -0.001 0.008087198667)
(0.039 -0.001 0.01017439733)
(0.043 -0.001 0.008087198667)
(0.039 -0.001 0.012261596)
(0.043 -0.001 0.01017439733)
(0.039 -0.001 0.01434879467)
(0.043 -0.001 0.012261596)
(0.039 -0.001 0.016738404)
(0.043 -0.001 0.01434879467)
(0.039 -0.001 0.01882560267)
(0.043 -0.001 0.016738404)
(0.039 -0.001 0.02091280133)
(0.043 -0.001 0.01882560267)
(0.043 -0.001 0.024)
(0.043 -0.001 0.02091280133)
(0.039 -0.001 0.024)
(0.043 0.001402836081 0.009321652023)
(0.043 0.001733427058 0.01328726152)
(0.043 0.001618536812 0.01774896863)
(0.043 0.001955240926 0.024)
(0.043 0.00253496776 0.0076189071)
(0.043 0.004657437407 0.007773233755)
(0.043 0.006871455188 0.00786823302)
(0.043 0.008936516859 0.007772739181)
(0.043 0.01095987061 0.007668063782)
(0.043 0.01302546985 0.007747506104)
(0.043 0.01499489584 0.007957145223)
(0.043 0.01698726605 0.008014469473)
(0.043 0.01911289859 0.007770105343)
(0.043 0.02116550039 0.007676374705)
(0.043 0.02313748739 0.007799759935)
(0.043 0.02513264918 0.007849436647)
(0.043 0.02711945574 0.007806755256)
(0.043 0.02916579202 0.007877945551)
(0.043 0.03124318665 0.007917741277)
(0.043 0.03326163353 0.00782715662)
(0.043 0.0352179488 0.007787284904)
(0.043 0.03714717634 0.007634027587)
(0.043 0.03878585924 0.007359531061)
(0.043 0.041 0.008087198667)
(0.043 0.041 0.01017439733)
(0.043 0.0385091203 0.009135902815)
(0.043 0.041 0.012261596)
(0.043 0.03834051923 0.0112284989)
(0.043 0.041 0.01434879467)
(0.043 0.03821889272 0.01339451268)
(0.043 0.041 0.016738404)
(0.043 0.03830418821 0.0157254319)
(0.043 0.041 0.01882560267)
(0.043 0.03841142086 0.0179603659)
(0.043 0.041 0.02091280133)
(0.043 0.03846393427 0.0201420893)
(0.043 0.041 0.024)
(0.043 0.03804475907 0.024)
(0.043 0.003910481852 0.024)
(0.043 0.002534884599 0.02131579369)
(0.043 0.005947492783 0.024)
(0.043 0.008119357531 0.024)
(0.043 0.006901979805 0.02088906708)
(0.043 0.01007459846 0.024)
(0.043 0.01202983938 0.024)
(0.043 0.01096788154 0.02105685275)
(0.043 0.01398508031 0.024)
(0.043 0.01594032123 0.024)
(0.043 0.01509338121 0.02123684161)
(0.043 0.01819395599 0.024)
(0.043 0.02014919691 0.024)
(0.043 0.01917098614 0.02099447747)
(0.043 0.02210443784 0.024)
(0.043 0.02405967877 0.024)
(0.043 0.02326017422 0.02099097797)
(0.043 0.02601491969 0.024)
(0.043 0.02797016062 0.024)
(0.043 0.02719523828 0.02141087288)
(0.043 0.03010643355 0.024)
(0.043 0.0321790363 0.024)
(0.043 0.03096303303 0.02088563559)
(0.043 0.03413427722 0.024)
(0.043 0.03608951815 0.024)
(0.043 0.03499302527 0.02097595335)
(0.043 0.001633764224 0.01120707918)
(0.043 0.001745481541 0.01562445912)
(0.043 0.001401023308 0.0196437659)
(0.043 0.01297041083 0.02126472988)
(0.043 0.008962200567 0.02099095036)
(0.043 0.00467000236 0.02112246983)
(0.043 0.01717144141 0.02094553375)
(0.043 0.02126064479 0.02101965585)
(0.043 0.02521143382 0.02120118269)
(0.043 0.02900523029 0.02158601234)
(0.043 0.03296736908 0.02065447189)
(0.043 0.0369113584 0.02130404874)
(0.043 0.003266498508 0.009686370121)
(0.043 0.003679117933 0.0120426482)
(0.043 0.03661221245 0.01919872025)
(0.043 0.02887852799 0.01939328373)
(0.043 0.003258784356 0.01924436529)
(0.043 0.02044364257 0.0187949443)
(0.043 0.005501467661 0.01003193843)
(0.043 0.007700391688 0.01005286645)
(0.043 0.0099150203 0.009925430508)
(0.043 0.0119033705 0.009625164265)
(0.043 0.01383094154 0.01036934226)
(0.043 0.0160261878 0.010647053)
(0.043 0.01818651964 0.01029262572)
(0.043 0.02013961174 0.009569981647)
(0.043 0.02208300279 0.01004033237)
(0.043 0.02417133603 0.0101911242)
(0.043 0.02635016169 0.01023999652)
(0.043 0.02830414733 0.009965265409)
(0.043 0.03034942857 0.01062905613)
(0.043 0.03238072577 0.01004144073)
(0.043 0.0344869817 0.01026884421)
(0.043 0.03665572991 0.009780425045)
(0.043 0.03608316161 0.01225609606)
(0.043 0.03581836138 0.0149211005)
(0.043 0.03666805433 0.01713723619)
(0.043 0.01401999712 0.01947336878)
(0.043 0.01207444156 0.01888215893)
(0.043 0.0266626071 0.01947499061)
(0.043 0.009994645985 0.01842844507)
(0.043 0.007723723346 0.01842899401)
(0.043 0.0247622677 0.01867129643)
(0.043 0.01835353686 0.01789466056)
(0.043 0.02254503099 0.01840884676)
(0.043 0.03421661696 0.01774262452)
(0.043 0.003614625718 0.01689513375)
(0.043 0.005488341458 0.01883896768)
(0.043 0.01596747389 0.01878128655)
(0.043 0.0310777887 0.01738232746)
(0.043 0.003902651137 0.01445990116)
(0.043 0.01447641436 0.01341023472)
(0.043 0.02850438797 0.01341524914)
(0.043 0.03269096505 0.01350546142)
(0.043 0.006343384956 0.0129218375)
(0.043 0.00889605678 0.01227045065)
(0.043 0.02097800136 0.01576055476)
(0.043 0.006118761557 0.01608264718)
(0.043 0.01160246145 0.01594618775)
(0.043 0.01155557284 0.01244708367)
(0.043 0.01779611156 0.01354633082)
(0.043 0.02026857826 0.01219089072)
(0.043 0.02280323026 0.01286169165)
(0.043 0.02549196426 0.01262636741)
(0.043 0.01393288191 0.01697780628)
(0.043 0.02452607256 0.01577036595)
(0.043 0.008864086813 0.01539542468)
(0.043 0.02746783244 0.01689564493)
(0.043 0.01613026279 0.01606343183)
(0.003 0.041 0.008087198667)
(-0.001 0.041 0.008087198667)
(-0.001 0.041 0.01017439733)
(-0.001 0.041 0.012261596)
(0.003 0.041 0.01017439733)
(-0.001 0.041 0.01434879467)
(0.003 0.041 0.012261596)
(-0.001 0.041 0.016738404)
(0.003 0.041 0.01434879467)
(-0.001 0.041 0.01882560267)
(0.003 0.041 0.016738404)
(-0.001 0.041 0.02091280133)
(0.003 0.041 0.01882560267)
(0.003 0.041 0.02091280133)
(-0.001 0.041 0.024)
(0.003 0.041 0.024)
(0.008 0.041 0.008087198667)
(0.004 0.041 0.008087198667)
(0.004 0.041 0.01017439733)
(0.004 0.041 0.012261596)
(0.008 0.041 0.01017439733)
(0.004 0.041 0.01434879467)
(0.008 0.041 0.012261596)
(0.004 0.041 0.016738404)
(0.008 0.041 0.01434879467)
(0.004 0.041 0.01882560267)
(0.008 0.041 0.016738404)
(0.004 0.041 0.02091280133)
(0.008 0.041 0.01882560267)
(0.008 0.041 0.02091280133)
(0.004 0.041 0.024)
(0.008 0.041 0.024)
(0.013 0.041 0.008087198667)
(0.009 0.041 0.008087198667)
(0.009 0.041 0.01017439733)
(0.009 0.041 0.012261596)
(0.013 0.041 0.01017439733)
(0.009 0.041 0.01434879467)
(0.013 0.041 0.012261596)
(0.009 0.041 0.016738404)
(0.013 0.041 0.01434879467)
(0.009 0.041 0.01882560267)
(0.013 0.041 0.016738404)
(0.009 0.041 0.02091280133)
(0.013 0.041 0.01882560267)
(0.013 0.041 0.02091280133)
(0.009 0.041 0.024)
(0.013 0.041 0.024)
(0.018 0.041 0.008087198667)
(0.014 0.041 0.008087198667)
(0.014 0.041 0.01017439733)
(0.014 0.041 0.012261596)
(0.018 0.041 0.01017439733)
(0.014 0.041 0.01434879467)
(0.018 0.041 0.012261596)
(0.014 0.041 0.016738404)
(0.018 0.041 0.01434879467)
(0.014 0.041 0.01882560267)
(0.018 0.041 0.016738404)
(0.014 0.041 0.02091280133)
(0.018 0.041 0.01882560267)
(0.018 0.041 0.02091280133)
(0.014 0.041 0.024)
(0.018 0.041 0.024)
(0.023 0.041 0.008087198667)
(0.019 0.041 0.008087198667)
(0.019 0.041 0.01017439733)
(0.019 0.041 0.012261596)
(0.023 0.041 0.01017439733)
(0.019 0.041 0.01434879467)
(0.023 0.041 0.012261596)
(0.019 0.041 0.016738404)
(0.023 0.041 0.01434879467)
(0.019 0.041 0.01882560267)
(0.023 0.041 0.016738404)
(0.019 0.041 0.02091280133)
(0.023 0.041 0.01882560267)
(0.023 0.041 0.02091280133)
(0.019 0.041 0.024)
(0.023 0.041 0.024)
(0.028 0.041 0.008087198667)
(0.024 0.041 0.008087198667)
(0.024 0.041 0.01017439733)
(0.024 0.041 0.012261596)
(0.028 0.041 0.01017439733)
(0.024 0.041 0.01434879467)
(0.028 0.041 0.012261596)
(0.024 0.041 0.016738404)
(0.028 0.041 0.01434879467)
(0.024 0.041 0.01882560267)
(0.028 0.041 0.016738404)
(0.024 0.041 0.02091280133)
(0.028 0.041 0.01882560267)
(0.028 0.041 0.02091280133)
(0.024 0.041 0.024)
(0.028 0.041 0.024)
(0.033 0.041 0.008087198667)
(0.029 0.041 0.008087198667)
(0.029 0.041 0.01017439733)
(0.029 0.041 0.012261596)
(0.033 0.041 0.01017439733)
(0.029 0.041 0.01434879467)
(0.033 0.041 0.012261596)
(0.029 0.041 0.016738404)
(0.033 0.041 0.01434879467)
(0.029 0.041 0.01882560267)
(0.033 0.041 0.016738404)
(0.029 0.041 0.02091280133)
(0.033 0.041 0.01882560267)
(0.033 0.041 0.02091280133)
(0.029 0.041 0.024)
(0.033 0.041 0.024)
(0.038 0.041 0.008087198667)
(0.034 0.041 0.008087198667)
(0.034 0.041 0.01017439733)
(0.034 0.041 0.012261596)
(0.038 0.041 0.01017439733)
(0.034 0.041 0.01434879467)
(0.038 0.041 0.012261596)
(0.034 0.041 0.016738404)
(0.038 0.041 0.01434879467)
(0.034 0.041 0.01882560267)
(0.038 0.041 0.016738404)
(0.034 0.041 0.02091280133)
(0.038 0.041 0.01882560267)
(0.038 0.041 0.02091280133)
(0.034 0.041 0.024)
(0.038 0.041 0.024)
(0.039 0.041 0.008087198667)
(0.039 0.041 0.01017439733)
(0.039 0.041 0.012261596)
(0.039 0.041 0.01434879467)
(0.039 0.041 0.016738404)
(0.039 0.041 0.01882560267)
(0.039 0.041 0.02091280133)
(0.039 0.041 0.024)
(-0.001 0.001452823385 0.009283096198)
(-0.001 0.001656367777 0.01111282818)
(-0.001 0.001768347287 0.01324681466)
(-0.001 0.001840187259 0.01546370657)
(-0.001 0.001801863011 0.01771236569)
(-0.001 0.001617003089 0.01984278586)
(-0.001 0.001316830408 0.02165212482)
(-0.001 0.002036825148 0.024)
(-0.001 0.002656937098 0.007592231708)
(-0.001 0.007292759362 0.007847157271)
(-0.001 0.01140486349 0.007512372802)
(-0.001 0.01543219461 0.008080940493)
(-0.001 0.02007856784 0.007564711418)
(-0.001 0.02410413699 0.007841447341)
(-0.001 0.0281952109 0.007529060158)
(-0.001 0.03270530727 0.008060610724)
(-0.001 0.03722300611 0.007714546795)
(-0.001 0.03858525297 0.01140815693)
(-0.001 0.03828494858 0.01551586789)
(-0.001 0.03848971078 0.01986560987)
(-0.001 0.03875798388 0.02164333429)
(-0.001 0.03796317485 0.024)
(-0.001 0.004073650296 0.024)
(-0.001 0.003079062487 0.02133403344)
(-0.001 0.006250134104 0.024)
(-0.001 0.005108580495 0.02130322667)
(-0.001 0.008445694419 0.024)
(-0.001 0.007483608774 0.02130522185)
(-0.001 0.01048251957 0.024)
(-0.001 0.009591852516 0.02117139948)
(-0.001 0.01251934472 0.024)
(-0.001 0.01172909311 0.0210973047)
(-0.001 0.01455616986 0.024)
(-0.001 0.01388459911 0.02103945587)
(-0.001 0.01660860291 0.024)
(-0.001 0.01599417717 0.02095872978)
(-0.001 0.01913078434 0.024)
(-0.001 0.01821708247 0.02110957734)
(-0.001 0.02116760949 0.024)
(-0.001 0.02038568453 0.0212765414)
(-0.001 0.02320443464 0.024)
(-0.001 0.02242209357 0.02122295796)
(-0.001 0.02524125978 0.024)
(-0.001 0.02455530719 0.02112213094)
(-0.001 0.02727808493 0.024)
(-0.001 0.02661306009 0.02090623514)
(-0.001 0.02938818843 0.024)
(-0.001 0.02871909093 0.02080797064)
(-0.001 0.03185269941 0.024)
(-0.001 0.03095524563 0.02093774599)
(-0.001 0.03388952456 0.024)
(-0.001 0.03303516991 0.02140373941)
(-0.001 0.0359263497 0.024)
(-0.001 0.03511281926 0.0214981314)
(-0.001 0.03709495219 0.02134712488)
(-0.001 0.009459615353 0.007847744388)
(-0.001 0.004904108484 0.007729304435)
(-0.001 0.0132962067 0.007933336608)
(-0.001 0.01801591676 0.008403051047)
(-0.001 0.02203234621 0.007839957076)
(-0.001 0.02621373146 0.00774117795)
(-0.001 0.03029527528 0.008521931382)
(-0.001 0.03497228444 0.00771511019)
(-0.001 0.03820205484 0.009618378211)
(-0.001 0.03830796469 0.01332549875)
(-0.001 0.03833175125 0.01778137771)
(-0.001 0.01621087945 0.0103141061)
(-0.001 0.003843369543 0.01183090251)
(-0.001 0.004072748668 0.0141393373)
(-0.001 0.004069355705 0.01650838988)
(-0.001 0.003966697626 0.01904204445)
(-0.001 0.008398746544 0.01013296296)
(-0.001 0.02034547382 0.009958608356)
(-0.001 0.03611653605 0.01430732294)
(-0.001 0.01380839921 0.01045351411)
(-0.001 0.02516219731 0.01000426634)
(-0.001 0.0111807957 0.01007406966)
(-0.001 0.03411108229 0.0101549391)
(-0.001 0.03619067474 0.009333104994)
(-0.001 0.03643410549 0.01670787086)
(-0.001 0.005844056659 0.009850869562)
(-0.001 0.0316517673 0.01103155321)
(-0.001 0.03645649027 0.01163560214)
(-0.001 0.003412760606 0.009603982604)
(-0.001 0.02769332422 0.009664012147)
(-0.001 0.006299206868 0.01965356089)
(-0.001 0.008502740506 0.01907551768)
(-0.001 0.01075047596 0.01891489715)
(-0.001 0.0131296661 0.01882736842)
(-0.001 0.01542249317 0.01853721842)
(-0.001 0.01766435463 0.0186659758)
(-0.001 0.01960113797 0.01939068618)
(-0.001 0.02164028176 0.01895506421)
(-0.001 0.02364484395 0.01919447501)
(-0.001 0.02564069475 0.0183179062)
(-0.001 0.02808656624 0.01796580733)
(-0.001 0.03051283528 0.01817859498)
(-0.001 0.03246318873 0.0190562302)
(-0.001 0.03434353668 0.01999061499)
(-0.001 0.02275085885 0.01032185647)
(-0.001 0.018276195 0.01187238365)
(-0.001 0.03660489613 0.01921558066)
(-0.001 0.0291500732 0.01196324325)
(-0.001 0.03320410735 0.0159135142)
(-0.001 0.02094421523 0.01332285218)
(-0.001 0.006462796693 0.0123278985)
(-0.001 0.03354706855 0.01302923379)
(-0.001 0.006588145183 0.01738782369)
(-0.001 0.01750783078 0.01549589267)
(-0.001 0.03047304902 0.01473380474)
(-0.001 0.02655661119 0.01204491266)
(-0.001 0.006730039877 0.01495887951)
(-0.001 0.01222985429 0.01336790328)
(-0.001 0.01537385455 0.01297142694)
(-0.001 0.03462149826 0.01793302274)
(-0.001 0.009399646102 0.01618122609)
(-0.001 0.01198037115 0.0165929656)
(-0.001 0.01447270414 0.01597585066)
(-0.001 0.02013842985 0.01673741275)
(-0.001 0.02333414 0.01626691552)
(-0.001 0.02677776835 0.01517458487)
(-0.001 0.02403338577 0.0129712796)
(-0.001 0.009350518046 0.01284182513)
(0.003 0.001955240926 0.024)
(0.003 0.003910481852 0.024)
(0.003 0.005947492783 0.024)
(0.003 0.008119357531 0.024)
(0.003 0.01007459846 0.024)
(0.003 0.01202983938 0.024)
(0.003 0.01398508031 0.024)
(0.003 0.01594032123 0.024)
(0.003 0.01819395599 0.024)
(0.003 0.02014919691 0.024)
(0.003 0.02210443784 0.024)
(0.003 0.02405967877 0.024)
(0.003 0.02601491969 0.024)
(0.003 0.02797016062 0.024)
(0.003 0.03010643355 0.024)
(0.003 0.0321790363 0.024)
(0.003 0.03413427722 0.024)
(0.003 0.03608951815 0.024)
(0.003 0.03804475907 0.024)
(0.003 0.001402836081 0.009321652023)
(0.003 0.001733427058 0.01328726152)
(0.003 0.001618536812 0.01774896863)
(0.003 0.00253496776 0.0076189071)
(0.003 0.004657437407 0.007773233755)
(0.003 0.006871455188 0.00786823302)
(0.003 0.008936516859 0.007772739181)
(0.003 0.01095987061 0.007668063782)
(0.003 0.01302546985 0.007747506104)
(0.003 0.01499489584 0.007957145223)
(0.003 0.01698726605 0.008014469473)
(0.003 0.01911289859 0.007770105343)
(0.003 0.02116550039 0.007676374705)
(0.003 0.02313748739 0.007799759935)
(0.003 0.02513264918 0.007849436647)
(0.003 0.02711945574 0.007806755256)
(0.003 0.02916579202 0.007877945551)
(0.003 0.03124318665 0.007917741277)
(0.003 0.03326163353 0.00782715662)
(0.003 0.0352179488 0.007787284904)
(0.003 0.03714717634 0.007634027587)
(0.003 0.03878585924 0.007359531061)
(0.003 0.0385091203 0.009135902815)
(0.003 0.03834051923 0.0112284989)
(0.003 0.03821889272 0.01339451268)
(0.003 0.03830418821 0.0157254319)
(0.003 0.03841142086 0.0179603659)
(0.003 0.03846393427 0.0201420893)
(0.003 0.002534884599 0.02131579369)
(0.003 0.006901979805 0.02088906708)
(0.003 0.01096788154 0.02105685275)
(0.003 0.01509338121 0.02123684161)
(0.003 0.01917098614 0.02099447747)
(0.003 0.02326017422 0.02099097797)
(0.003 0.02719523828 0.02141087288)
(0.003 0.03096303303 0.02088563559)
(0.003 0.03499302527 0.02097595335)
(0.003 0.001633764224 0.01120707918)
(0.003 0.001745481541 0.01562445912)
(0.003 0.001401023308 0.0196437659)
(0.003 0.01297041083 0.02126472988)
(0.003 0.008962200567 0.02099095036)
(0.003 0.00467000236 0.02112246983)
(0.003 0.01717144141 0.02094553375)
(0.003 0.02126064479 0.02101965585)
(0.003 0.02521143382 0.02120118269)
(0.003 0.02900523029 0.02158601234)
(0.003 0.03296736908 0.02065447189)
(0.003 0.0369113584 0.02130404874)
(0.003 0.003266498508 0.009686370121)
(0.003 0.003679117933 0.0120426482)
(0.003 0.03661221245 0.01919872025)
(0.003 0.02887852799 0.01939328373)
(0.003 0.003258784356 0.01924436529)
(0.003 0.02044364257 0.0187949443)
(0.003 0.005501467661 0.01003193843)
(0.003 0.007700391688 0.01005286645)
(0.003 0.0099150203 0.009925430508)
(0.003 0.0119033705 0.009625164265)
(0.003 0.01383094154 0.01036934226)
(0.003 0.0160261878 0.010647053)
(0.003 0.01818651964 0.01029262572)
(0.003 0.02013961174 0.009569981647)
(0.003 0.02208300279 0.01004033237)
(0.003 0.02417133603 0.0101911242)
(0.003 0.02635016169 0.01023999652)
(0.003 0.02830414733 0.009965265409)
(0.003 0.03034942857 0.01062905613)
(0.003 0.03238072577 0.01004144073)
(0.003 0.0344869817 0.01026884421)
(0.003 0.03665572991 0.009780425045)
(0.003 0.03608316161 0.01225609606)
(0.003 0.03581836138 0.0149211005)
(0.003 0.03666805433 0.01713723619)
(0.003 0.01401999712 0.01947336878)
(0.003 0.01207444156 0.01888215893)
(0.003 0.0266626071 0.01947499061)
(0.003 0.009994645985 0.01842844507)
(0.003 0.007723723346 0.01842899401)
(0.003 0.0247622677 0.01867129643)
(0.003 0.01835353686 0.01789466056)
(0.003 0.02254503099 0.01840884676)
(0.003 0.03421661696 0.01774262452)
(0.003 0.003614625718 0.01689513375)
(0.003 0.005488341458 0.01883896768)
(0.003 0.01596747389 0.01878128655)
(0.003 0.0310777887 0.01738232746)
(0.003 0.003902651137 0.01445990116)
(0.003 0.01447641436 0.01341023472)
(0.003 0.02850438797 0.01341524914)
(0.003 0.03269096505 0.01350546142)
(0.003 0.006343384956 0.0129218375)
(0.003 0.00889605678 0.01227045065)
(0.003 0.02097800136 0.01576055476)
(0.003 0.006118761557 0.01608264718)
(0.003 0.01160246145 0.01594618775)
(0.003 0.01155557284 0.01244708367)
(0.003 0.01779611156 0.01354633082)
(0.003 0.02026857826 0.01219089072)
(0.003 0.02280323026 0.01286169165)
(0.003 0.02549196426 0.01262636741)
(0.003 0.01393288191 0.01697780628)
(0.003 0.02452607256 0.01577036595)
(0.003 0.008864086813 0.01539542468)
(0.003 0.02746783244 0.01689564493)
(0.003 0.01613026279 0.01606343183)
(0.004 0.0014350746 0.009318043721)
(0.004 0.00166513479 0.01116621288)
(0.004 0.001826191964 0.01332045549)
(0.004 0.00191503103 0.01551906599)
(0.004 0.001777470686 0.01782408509)
(0.004 0.001537743324 0.01981019021)
(0.004 0.001226675301 0.02165306935)
(0.004 0.001955240926 0.024)
(0.004 0.002594054304 0.007639105049)
(0.004 0.006969744894 0.007927969355)
(0.004 0.01114247664 0.007735206137)
(0.004 0.01486412922 0.008171250296)
(0.004 0.01927549137 0.008341103499)
(0.004 0.02309232367 0.007928532309)
(0.004 0.02676553465 0.007965421561)
(0.004 0.03102924008 0.007984328803)
(0.004 0.03507563636 0.007763744368)
(0.004 0.03847805803 0.008854872693)
(0.004 0.0381784271 0.0133194052)
(0.004 0.0381616015 0.01792833933)
(0.004 0.03804475907 0.024)
(0.004 0.003910481852 0.024)
(0.004 0.003011237342 0.02133373177)
(0.004 0.005947492783 0.024)
(0.004 0.004966678233 0.02104315206)
(0.004 0.008119357531 0.024)
(0.004 0.007174780711 0.02085287551)
(0.004 0.01007459846 0.024)
(0.004 0.009272539887 0.02097699399)
(0.004 0.01202983938 0.024)
(0.004 0.01136836577 0.02103458325)
(0.004 0.01398508031 0.024)
(0.004 0.01338182544 0.02096594592)
(0.004 0.01594032123 0.024)
(0.004 0.01542088874 0.02103856373)
(0.004 0.01819395599 0.024)
(0.004 0.01728445202 0.02128447648)
(0.004 0.02014919691 0.024)
(0.004 0.01919793445 0.02096021586)
(0.004 0.02210443784 0.024)
(0.004 0.021272365 0.02095593776)
(0.004 0.02405967877 0.024)
(0.004 0.02317764471 0.02121198118)
(0.004 0.02601491969 0.024)
(0.004 0.02511382269 0.02067410208)
(0.004 0.02797016062 0.024)
(0.004 0.0272517329 0.02059253169)
(0.004 0.03010643355 0.024)
(0.004 0.02937075712 0.0208175839)
(0.004 0.0321790363 0.024)
(0.004 0.03172003097 0.02102101105)
(0.004 0.03413427722 0.024)
(0.004 0.03387686462 0.02114110129)
(0.004 0.03608951815 0.024)
(0.004 0.03612444996 0.02152800913)
(0.004 0.0382346959 0.02019631688)
(0.004 0.009089505622 0.007799421844)
(0.004 0.004724245076 0.007779531393)
(0.004 0.01299896105 0.00753407055)
(0.004 0.01705655345 0.008450328482)
(0.004 0.02119207631 0.007705161269)
(0.004 0.024955135 0.007497773214)
(0.004 0.02876290399 0.007995379309)
(0.004 0.03307743891 0.007928925991)
(0.004 0.03691241276 0.007578370182)
(0.004 0.03834144544 0.0110915928)
(0.004 0.03808591936 0.01558352371)
(0.004 0.003907059714 0.01198539741)
(0.004 0.004292042487 0.01436205553)
(0.004 0.004122794462 0.01675987956)
(0.004 0.003554056586 0.01917031559)
(0.004 0.003355516176 0.009690300353)
(0.004 0.01838608986 0.0116009841)
(0.004 0.01027164107 0.009758835449)
(0.004 0.03575160301 0.01691646899)
(0.004 0.012720425 0.0100969664)
(0.004 0.02471240043 0.009981985988)
(0.004 0.02724240544 0.01074584133)
(0.004 0.02167301978 0.01071414397)
(0.004 0.03188826663 0.01053026689)
(0.004 0.01544206194 0.01109029454)
(0.004 0.03576511392 0.01446778047)
(0.004 0.03604328102 0.01935429946)
(0.004 0.02964017028 0.01019107809)
(0.004 0.005961059731 0.01861117604)
(0.004 0.008495336234 0.01834369515)
(0.004 0.01056979722 0.01895107663)
(0.004 0.01280088136 0.01832102317)
(0.004 0.01500882112 0.01879174441)
(0.004 0.01755303078 0.01856568381)
(0.004 0.02025766117 0.0185864744)
(0.004 0.02312749991 0.01813393517)
(0.004 0.02619063321 0.01730937458)
(0.004 0.02901984568 0.01764139669)
(0.004 0.03119755393 0.01881900667)
(0.004 0.0335227593 0.01882074825)
(0.004 0.008063861262 0.0101746656)
(0.004 0.03615670188 0.01197764077)
(0.004 0.03659432345 0.009636800866)
(0.004 0.005694117371 0.009994456798)
(0.004 0.03432777382 0.01013687418)
(0.004 0.03321218577 0.012928983)
(0.004 0.03244547875 0.01599046034)
(0.004 0.006662174962 0.01263258602)
(0.004 0.01562057278 0.01537424587)
(0.004 0.02461371697 0.01373500271)
(0.004 0.02922763902 0.0136633392)
(0.004 0.007286837975 0.01567094726)
(0.004 0.02018460813 0.01511640138)
(0.004 0.01097421467 0.01598514071)
(0.004 0.009933397876 0.01266360179)
(0.004 0.01299250791 0.0131184635)
(0.008 0.001955240926 0.024)
(0.008 0.003910481852 0.024)
(0.008 0.008119357531 0.024)
(0.008 0.005947492783 0.024)
(0.008 0.01202983938 0.024)
(0.008 0.01007459846 0.024)
(0.008 0.01398508031 0.024)
(0.008 0.01594032123 0.024)
(0.008 0.01819395599 0.024)
(0.008 0.02210443784 0.024)
(0.008 0.02405967877 0.024)
(0.008 0.02797016062 0.024)
(0.008 0.02601491969 0.024)
(0.008 0.03010643355 0.024)
(0.008 0.03413427722 0.024)
(0.008 0.03804475907 0.024)
(0.008 0.02014919691 0.024)
(0.008 0.0321790363 0.024)
(0.008 0.03608951815 0.024)
(0.008 0.001399940144 0.009328241356)
(0.008 0.00171991181 0.01331371538)
(0.008 0.001611868646 0.01775571629)
(0.008 0.002531480837 0.007623007605)
(0.008 0.004648627154 0.007775294361)
(0.008 0.006861398819 0.007870000016)
(0.008 0.008945230109 0.007820423829)
(0.008 0.01101125512 0.007846041185)
(0.008 0.01304322555 0.007910839102)
(0.008 0.01506612321 0.007962683965)
(0.008 0.01706815967 0.007991513434)
(0.008 0.01916044967 0.007804463969)
(0.008 0.02127186774 0.007728265918)
(0.008 0.02325669483 0.007867959467)
(0.008 0.02529990389 0.007982820633)
(0.008 0.02736174174 0.008043733308)
(0.008 0.02935886649 0.007961296671)
(0.008 0.03128461193 0.007455947571)
(0.008 0.03311964253 0.007783339055)
(0.008 0.03511350493 0.007799278336)
(0.008 0.03709932501 0.007645225823)
(0.008 0.03876721325 0.007370312684)
(0.008 0.03846168866 0.009153559523)
(0.008 0.03824213709 0.011260001)
(0.008 0.03806626332 0.01345582171)
(0.008 0.0381974106 0.01576480993)
(0.008 0.03843624252 0.01801724649)
(0.008 0.03849797228 0.02020189782)
(0.008 0.002530248401 0.02131883858)
(0.008 0.006887532724 0.02091361022)
(0.008 0.01097794667 0.02102736348)
(0.008 0.01513831883 0.02114020725)
(0.008 0.01941097633 0.0207739581)
(0.008 0.02321753744 0.02105907738)
(0.008 0.02690607914 0.02099900049)
(0.008 0.03087459314 0.02053853357)
(0.008 0.03507851537 0.02105154399)
(0.008 0.001626416846 0.01122277815)
(0.008 0.001730691825 0.01563758585)
(0.008 0.001396874241 0.01964755465)
(0.008 0.01300509447 0.02118064547)
(0.008 0.008946628865 0.02096298109)
(0.008 0.004661186531 0.02113324967)
(0.008 0.01729164895 0.02083587806)
(0.008 0.0213288492 0.02125908469)
(0.008 0.0250545458 0.02152917963)
(0.008 0.02883431926 0.02117923375)
(0.008 0.03301647635 0.02067033916)
(0.008 0.03695640471 0.02142114129)
(0.008 0.003256308826 0.009699880483)
(0.008 0.003650388521 0.01206877374)
(0.008 0.03673704016 0.0193580713)
(0.008 0.02822166756 0.01830038339)
(0.008 0.003250976016 0.01925467964)
(0.008 0.02194108925 0.01866308016)
(0.008 0.005459935696 0.01003894137)
(0.008 0.007620990391 0.01005448913)
(0.008 0.009862970882 0.01006702683)
(0.008 0.01198885713 0.01027850645)
(0.008 0.01413574301 0.01041980265)
(0.008 0.01630428145 0.01053965447)
(0.008 0.0183610793 0.0102839963)
(0.008 0.02026718131 0.009597135728)
(0.008 0.02226659708 0.01012993612)
(0.008 0.02443650803 0.01036553479)
(0.008 0.02681964802 0.01061269233)
(0.008 0.02923594876 0.01073136737)
(0.008 0.03146574559 0.009717263477)
(0.008 0.03397089935 0.01018058643)
(0.008 0.03650628915 0.009777742243)
(0.008 0.03577851312 0.01234851862)
(0.008 0.03515860557 0.01516919905)
(0.008 0.03669860451 0.01732030631)
(0.008 0.01407234992 0.01925279272)
(0.008 0.01207325125 0.01876525126)
(0.008 0.02504427227 0.01918070317)
(0.008 0.009892811439 0.01852024861)
(0.008 0.007708956592 0.01853839635)
(0.008 0.01892052692 0.01783940203)
(0.008 0.03449242042 0.01840286824)
(0.008 0.003596483799 0.01691333094)
(0.008 0.005475895287 0.01887142274)
(0.008 0.01611925263 0.01863282601)
(0.008 0.03168194972 0.01717444249)
(0.008 0.003850961003 0.01449077382)
(0.008 0.01539828898 0.01326297202)
(0.008 0.0285787465 0.01432034141)
(0.008 0.03219113168 0.01305830149)
(0.008 0.0212194984 0.01557969919)
(0.008 0.006180034111 0.01300584204)
(0.008 0.006069883473 0.01611337485)
(0.008 0.01131011066 0.01599919754)
(0.008 0.01069048379 0.01288795738)
(0.008 0.01300630859 0.01316956263)
(0.008 0.01823904587 0.01362621772)
(0.008 0.02045134696 0.01221564245)
(0.008 0.02306585189 0.01302055341)
(0.008 0.0256874233 0.0130251212)
(0.008 0.0139351126 0.01645919548)
(0.008 0.008526271488 0.01233918019)
(0.008 0.008605136735 0.01552705843)
(0.008 0.02489123987 0.01620839536)
(0.008 0.01654399083 0.0160644476)
(0.009 0.001450805076 0.009282036064)
(0.009 0.001653502458 0.01111144425)
(0.009 0.001765047892 0.01324597019)
(0.009 0.001836586775 0.01546367303)
(0.009 0.001798635423 0.01771344993)
(0.009 0.001614829866 0.01984404052)
(0.009 0.001315822546 0.02165286153)
(0.009 0.002036825148 0.024)
(0.009 0.002655129006 0.007591233808)
(0.009 0.007287729846 0.00784032639)
(0.009 0.01140202094 0.00750407478)
(0.009 0.01543447371 0.008008646633)
(0.009 0.02008301983 0.007551988198)
(0.009 0.02412475196 0.007826618006)
(0.009 0.02821318619 0.00751688639)
(0.009 0.03270499115 0.008057165371)
(0.009 0.03722362223 0.007714067362)
(0.009 0.03858573533 0.01140783081)
(0.009 0.03828390605 0.01551622457)
(0.009 0.03848806785 0.0198659575)
(0.009 0.03875758985 0.02164348095)
(0.009 0.03796317485 0.024)
(0.009 0.004073650296 0.024)
(0.009 0.003076413868 0.02133575894)
(0.009 0.006250134104 0.024)
(0.009 0.005103349492 0.02130725712)
(0.009 0.008445694419 0.024)
(0.009 0.007476414857 0.02131165633)
(0.009 0.01048251957 0.024)
(0.009 0.009584418251 0.02118229724)
(0.009 0.01251934472 0.024)
(0.009 0.0117249236 0.02110984198)
(0.009 0.01455616986 0.024)
(0.009 0.01388355628 0.02105445328)
(0.009 0.01660860291 0.024)
(0.009 0.0159948338 0.02097378583)
(0.009 0.01913078434 0.024)
(0.009 0.01821803396 0.021124235)
(0.009 0.02116760949 0.024)
(0.009 0.02038759124 0.02129272215)
(0.009 0.02320443464 0.024)
(0.009 0.02242551072 0.02123685896)
(0.009 0.02524125978 0.024)
(0.009 0.0245591326 0.02113145783)
(0.009 0.02727808493 0.024)
(0.009 0.02661637872 0.02091338986)
(0.009 0.02938818843 0.024)
(0.009 0.02872357874 0.02081535458)
(0.009 0.03185269941 0.024)
(0.009 0.03095866324 0.02094042144)
(0.009 0.03388952456 0.024)
(0.009 0.03303603575 0.02140509302)
(0.009 0.0359263497 0.024)
(0.009 0.03511195838 0.02150017798)
(0.009 0.03709372448 0.02134916155)
(0.009 0.009455848515 0.007839306076)
(0.009 0.004900652896 0.0077264701)
(0.009 0.01329414785 0.007911744282)
(0.009 0.01801805985 0.008373812737)
(0.009 0.02203961645 0.007824136133)
(0.009 0.02622883363 0.007727876596)
(0.009 0.03028953983 0.008511291183)
(0.009 0.03497289629 0.007714094246)
(0.009 0.03820291921 0.009617970496)
(0.009 0.03830800814 0.01332530175)
(0.009 0.03832987895 0.01778176457)
(0.009 0.0162060041 0.01026429763)
(0.009 0.003834403309 0.0118275593)
(0.009 0.004064067449 0.01413811195)
(0.009 0.004059164873 0.0165096132)
(0.009 0.003958438156 0.01904659156)
(0.009 0.008382791031 0.0101102007)
(0.009 0.02036075505 0.009924648991)
(0.009 0.03611633204 0.01430671995)
(0.009 0.01381461347 0.01039668232)
(0.009 0.02518035178 0.009966686999)
(0.009 0.0111725937 0.01004583287)
(0.009 0.0341139626 0.01015166458)
(0.009 0.0361922605 0.009331858194)
(0.009 0.03643032583 0.01670835212)
(0.009 0.005834320412 0.009842989315)
(0.009 0.03165836532 0.01101827421)
(0.009 0.03645822829 0.01163420022)
(0.009 0.003408028424 0.009601281446)
(0.009 0.02771029276 0.00963848985)
(0.009 0.006286912022 0.01966199423)
(0.009 0.008484481003 0.01909670808)
(0.009 0.01073366253 0.01894858918)
(0.009 0.01312989205 0.01886053587)
(0.009 0.01542336748 0.01857693639)
(0.009 0.01766866321 0.01869709297)
(0.009 0.01960544527 0.01942415841)
(0.009 0.02164585532 0.01899624123)
(0.009 0.02364928208 0.01921754165)
(0.009 0.02564739966 0.01833299169)
(0.009 0.02810021836 0.01799101778)
(0.009 0.0305212367 0.01818494281)
(0.009 0.03246727827 0.01905846398)
(0.009 0.03434380238 0.01999285195)
(0.009 0.02276278824 0.01027468819)
(0.009 0.01829560408 0.01177211323)
(0.009 0.03660118898 0.01921658818)
(0.009 0.02916958249 0.01191557238)
(0.009 0.03320654982 0.01591426122)
(0.009 0.02100625809 0.01326641273)
(0.009 0.006440540137 0.01231755433)
(0.009 0.033552081 0.01302598013)
(0.009 0.006561921855 0.01739947641)
(0.009 0.01746425961 0.01559118823)
(0.009 0.03049022939 0.01472697399)
(0.009 0.02661641451 0.01195500513)
(0.009 0.006712222244 0.01495940479)
(0.009 0.01226057472 0.01324455904)
(0.009 0.01533494592 0.01293415013)
(0.009 0.03461879749 0.0179351809)
(0.009 0.009326723455 0.01623521457)
(0.009 0.01196455697 0.01668291828)
(0.009 0.01451138893 0.01600187895)
(0.009 0.02016954079 0.01680736472)
(0.009 0.02331701794 0.01631581858)
(0.009 0.0268528323 0.01521593852)
(0.009 0.0240027425 0.01290394551)
(0.009 0.009301408277 0.01278214113)
(0.013 0.001955240926 0.024)
(0.013 0.003910481852 0.024)
(0.013 0.005947492783 0.024)
(0.013 0.008119357531 0.024)
(0.013 0.01007459846 0.024)
(0.013 0.01202983938 0.024)
(0.013 0.01398508031 0.024)
(0.013 0.01594032123 0.024)
(0.013 0.01819395599 0.024)
(0.013 0.02014919691 0.024)
(0.013 0.02210443784 0.024)
(0.013 0.02405967877 0.024)
(0.013 0.02601491969 0.024)
(0.013 0.02797016062 0.024)
(0.013 0.03010643355 0.024)
(0.013 0.0321790363 0.024)
(0.013 0.03413427722 0.024)
(0.013 0.03608951815 0.024)
(0.013 0.03804475907 0.024)
(0.013 0.001401873579 0.009308641445)
(0.013 0.001750108215 0.01328304406)
(0.013 0.001620134207 0.01774925799)
(0.013 0.002538688968 0.007616950717)
(0.013 0.004660561237 0.007772600557)
(0.013 0.00687733598 0.007868970586)
(0.013 0.008941248931 0.007779803992)
(0.013 0.01096350028 0.007679104341)
(0.013 0.01302608514 0.007760122931)
(0.013 0.01499442369 0.007972350297)
(0.013 0.01698423863 0.008030828633)
(0.013 0.01910917239 0.007784740322)
(0.013 0.02116024786 0.007689793084)
(0.013 0.02313068583 0.007807309911)
(0.013 0.02512718094 0.007854636835)
(0.013 0.02711309707 0.007813691947)
(0.013 0.0291602201 0.007883162354)
(0.013 0.03123944128 0.007920530183)
(0.013 0.03325939724 0.007828884072)
(0.013 0.03521678443 0.007788082714)
(0.013 0.03714665355 0.007634376637)
(0.013 0.03878565044 0.007359698971)
(0.013 0.03850871276 0.00913620947)
(0.013 0.03833999529 0.01122886116)
(0.013 0.03821840599 0.0133948668)
(0.013 0.0383038422 0.01572569628)
(0.013 0.03841122303 0.01796052246)
(0.013 0.0384638258 0.02014215381)
(0.013 0.002535587924 0.0213155074)
(0.013 0.006906071329 0.02088512868)
(0.013 0.01097127977 0.02104551737)
(0.013 0.01509125482 0.02122193256)
(0.013 0.01916460919 0.02097422737)
(0.013 0.02325567182 0.02097653636)
(0.013 0.02719217508 0.02140588438)
(0.013 0.03096075375 0.02088286811)
(0.013 0.03499266797 0.02097582392)
(0.013 0.001619054195 0.01115565996)
(0.013 0.001747412268 0.01562625232)
(0.013 0.001401821391 0.01964363497)
(0.013 0.01297138772 0.0212504386)
(0.013 0.008966983606 0.02098212483)
(0.013 0.004671937651 0.02112135586)
(0.013 0.01716826852 0.02092738491)
(0.013 0.02125564926 0.0210015322)
(0.013 0.02520724027 0.02119227818)
(0.013 0.02900306136 0.02158297482)
(0.013 0.03296622327 0.02065322724)
(0.013 0.03691121581 0.02130407974)
(0.013 0.003274963495 0.009691533657)
(0.013 0.003764332905 0.01204097521)
(0.013 0.03661186685 0.01919894808)
(0.013 0.02887314271 0.01938506834)
(0.013 0.003260792826 0.01924397799)
(0.013 0.02042945502 0.01875752593)
(0.013 0.005517507246 0.01002168116)
(0.013 0.007708099612 0.01006421663)
(0.013 0.009924966996 0.009946507413)
(0.013 0.01190765756 0.009656889828)
(0.013 0.01382993811 0.01040101638)
(0.013 0.0160219632 0.01070138658)
(0.013 0.01817863975 0.01032886302)
(0.013 0.02013122379 0.009602803765)
(0.013 0.02207182453 0.01007117402)
(0.013 0.02415786834 0.01019578247)
(0.013 0.02633283266 0.01026296319)
(0.013 0.02829175327 0.009976375047)
(0.013 0.03034081165 0.01063691861)
(0.013 0.03237571604 0.01004537538)
(0.013 0.03448420393 0.01027069307)
(0.013 0.03665449957 0.009781170325)
(0.013 0.03608166963 0.01225711484)
(0.013 0.03581715363 0.01492204324)
(0.013 0.03666751123 0.01713770591)
(0.013 0.01401801485 0.01944062392)
(0.013 0.01207859581 0.01884815357)
(0.013 0.0266571683 0.01946285829)
(0.013 0.01001022677 0.01840080367)
(0.013 0.007732958724 0.01841665938)
(0.013 0.0247557122 0.01864274348)
(0.013 0.01833674495 0.01781376774)
(0.013 0.02253671417 0.01836665689)
(0.013 0.03421536383 0.01774257593)
(0.013 0.003621068084 0.01689735176)
(0.013 0.005494435806 0.01883692493)
(0.013 0.01596140167 0.01874933696)
(0.013 0.03107287144 0.01737771008)
(0.013 0.003907744773 0.01446746972)
(0.013 0.01442952939 0.01348028704)
(0.013 0.02848186166 0.01342341666)
(0.013 0.03268642065 0.01350881522)
(0.013 0.006353923426 0.01293656318)
(0.013 0.008915800659 0.01228575838)
(0.013 0.02091055714 0.01570975535)
(0.013 0.006137832285 0.01607888503)
(0.013 0.01165330673 0.01584908967)
(0.013 0.01157200162 0.01253775592)
(0.013 0.01783414239 0.01364310506)
(0.013 0.02024586045 0.01226182435)
(0.013 0.02282701481 0.01289167319)
(0.013 0.02542643426 0.01265394365)
(0.013 0.01392411724 0.01690750755)
(0.013 0.02451689765 0.01570131287)
(0.013 0.008924108012 0.01538697515)
(0.013 0.02745567091 0.01687988168)
(0.013 0.01618195744 0.0160490301)
(0.014 0.001433986576 0.009317381005)
(0.014 0.001663773196 0.01116531507)
(0.014 0.001824822588 0.01331958728)
(0.014 0.001913823329 0.01551830064)
(0.014 0.001776435062 0.01782357601)
(0.014 0.001537141334 0.01981007927)
(0.014 0.001226502971 0.02165308681)
(0.014 0.001955240926 0.024)
(0.014 0.002593003006 0.007638428635)
(0.014 0.006966764173 0.007923278385)
(0.014 0.01114239653 0.007729506372)
(0.014 0.01486855371 0.008162401156)
(0.014 0.01928159935 0.008327058839)
(0.014 0.02309582992 0.007925821525)
(0.014 0.02676815919 0.00796327333)
(0.014 0.03103085571 0.007983230975)
(0.014 0.0350762028 0.007763437083)
(0.014 0.03847824752 0.008854757925)
(0.014 0.0381787307 0.01331929857)
(0.014 0.03816188399 0.01792835241)
(0.014 0.03804475907 0.024)
(0.014 0.003910481852 0.024)
(0.014 0.003010694021 0.02133353121)
(0.014 0.005947492783 0.024)
(0.014 0.004965233373 0.02104283104)
(0.014 0.008119357531 0.024)
(0.014 0.00717157672 0.02085533541)
(0.014 0.01007459846 0.024)
(0.014 0.009269566207 0.02098352721)
(0.014 0.01202983938 0.024)
(0.014 0.01136788783 0.02104183527)
(0.014 0.01398508031 0.024)
(0.014 0.01338371606 0.02097093969)
(0.014 0.01594032123 0.024)
(0.014 0.01542509595 0.02104224236)
(0.014 0.01819395599 0.024)
(0.014 0.01728976679 0.02128663009)
(0.014 0.02014919691 0.024)
(0.014 0.01920472317 0.02096331459)
(0.014 0.02210443784 0.024)
(0.014 0.02127966857 0.02096116247)
(0.014 0.02405967877 0.024)
(0.014 0.02318348734 0.02121570877)
(0.014 0.02601491969 0.024)
(0.014 0.02511949554 0.0206784642)
(0.014 0.02797016062 0.024)
(0.014 0.02725500225 0.02059566693)
(0.014 0.03010643355 0.024)
(0.014 0.02937272769 0.02081847316)
(0.014 0.0321790363 0.024)
(0.014 0.03172116174 0.0210213812)
(0.014 0.03413427722 0.024)
(0.014 0.03387752223 0.02114127226)
(0.014 0.03608951815 0.024)
(0.014 0.03612470888 0.02152810909)
(0.014 0.03823489195 0.02019637312)
(0.014 0.009087342902 0.007792879332)
(0.014 0.004722231421 0.00777759857)
(0.014 0.01300039295 0.00752865806)
(0.014 0.01706395212 0.008433001707)
(0.014 0.02119645417 0.007700584881)
(0.014 0.02495758638 0.007496185727)
(0.014 0.02876488275 0.007994022609)
(0.014 0.03307849633 0.007928307115)
(0.014 0.03691268175 0.007578185195)
(0.014 0.0383417144 0.01109146177)
(0.014 0.03808623494 0.01558346294)
(0.014 0.003902811655 0.01198269249)
(0.014 0.004288764536 0.0143598017)
(0.014 0.00412004038 0.0167579552)
(0.014 0.0035519471 0.01916907865)
(0.014 0.003352982585 0.009688464317)
(0.014 0.01841234651 0.01154142774)
(0.014 0.01026588367 0.009742807713)
(0.014 0.03575243697 0.01691643553)
(0.014 0.01272512714 0.0100769569)
(0.014 0.02471885705 0.009978045391)
(0.014 0.02724806018 0.01074206043)
(0.014 0.02168543624 0.01070454807)
(0.014 0.03189051672 0.0105288234)
(0.014 0.01547196249 0.01105989086)
(0.014 0.03576594979 0.0144675583)
(0.014 0.03604395648 0.01935441162)
(0.014 0.02964376112 0.01018869923)
(0.014 0.005956701499 0.01860920751)
(0.014 0.008487681255 0.01835744405)
(0.014 0.01056597772 0.0189721217)
(0.014 0.01279838353 0.01833841507)
(0.014 0.01501584383 0.01880312214)
(0.014 0.01756746441 0.01857261242)
(0.014 0.02027870353 0.01859773365)
(0.014 0.02314626468 0.01814687357)
(0.014 0.0261999232 0.01731515037)
(0.014 0.0290255455 0.0176427525)
(0.014 0.03120024463 0.01881961424)
(0.014 0.03352431969 0.01882099877)
(0.014 0.008055299025 0.01015982906)
(0.014 0.03615746642 0.01197733014)
(0.014 0.0365948764 0.009636519497)
(0.014 0.005688985214 0.009988871669)
(0.014 0.03432896899 0.01013628983)
(0.014 0.03321393966 0.0129282725)
(0.014 0.03244765245 0.01599032306)
(0.014 0.00665048774 0.01262386359)
(0.014 0.01565078191 0.01540893769)
(0.014 0.02463322078 0.01373685091)
(0.014 0.02923290207 0.01366214085)
(0.014 0.007282488038 0.01566865697)
(0.014 0.02025643487 0.01514485449)
(0.014 0.01092911707 0.01605394951)
(0.014 0.009893060297 0.01262838337)
(0.014 0.01305166508 0.01303550378)
(0.018 0.001955240926 0.024)
(0.018 0.003910481852 0.024)
(0.018 0.008119357531 0.024)
(0.018 0.005947492783 0.024)
(0.018 0.01202983938 0.024)
(0.018 0.01007459846 0.024)
(0.018 0.01398508031 0.024)
(0.018 0.01594032123 0.024)
(0.018 0.01819395599 0.024)
(0.018 0.02210443784 0.024)
(0.018 0.02405967877 0.024)
(0.018 0.02797016062 0.024)
(0.018 0.02601491969 0.024)
(0.018 0.03010643355 0.024)
(0.018 0.03413427722 0.024)
(0.018 0.03804475907 0.024)
(0.018 0.02014919691 0.024)
(0.018 0.0321790363 0.024)
(0.018 0.03608951815 0.024)
(0.018 0.001393253623 0.009319984086)
(0.018 0.001711243653 0.0132916506)
(0.018 0.001609985183 0.01774968771)
(0.018 0.002526879248 0.007617097786)
(0.018 0.004641779903 0.007768251214)
(0.018 0.006852193398 0.007862849019)
(0.018 0.008934203936 0.007811221629)
(0.018 0.01100078817 0.007835049312)
(0.018 0.01303403125 0.007895848495)
(0.018 0.01506098713 0.007945949023)
(0.018 0.01706368803 0.007977524087)
(0.018 0.01915842295 0.007792601066)
(0.018 0.02127044132 0.007718526585)
(0.018 0.02325842017 0.007859824839)
(0.018 0.02530362789 0.007976443484)
(0.018 0.02736727299 0.008036210725)
(0.018 0.02936331869 0.007957993797)
(0.018 0.03128707874 0.007454514175)
(0.018 0.03312167529 0.007781890838)
(0.018 0.0351147233 0.007798527156)
(0.018 0.03709994044 0.007644873888)
(0.018 0.03876745556 0.007370132409)
(0.018 0.03846219241 0.009153231899)
(0.018 0.03824289597 0.01125964322)
(0.018 0.03806700176 0.0134555789)
(0.018 0.03819793511 0.01576476972)
(0.018 0.03843661717 0.01801729889)
(0.018 0.03849815616 0.02020196257)
(0.018 0.002528677213 0.02131862687)
(0.018 0.006880972383 0.02091718172)
(0.018 0.01097058295 0.02103768117)
(0.018 0.01513143134 0.02115286298)
(0.018 0.01940917738 0.02079692356)
(0.018 0.02321800394 0.02106827931)
(0.018 0.02690827396 0.02100836302)
(0.018 0.03087595864 0.02054260503)
(0.018 0.03507887826 0.02105179794)
(0.018 0.001617728455 0.01120764066)
(0.018 0.001727463727 0.01561290387)
(0.018 0.001395732944 0.01964596068)
(0.018 0.01299817905 0.02119097442)
(0.018 0.008937817784 0.02097231587)
(0.018 0.004657418389 0.0211341773)
(0.018 0.01728570197 0.02085536268)
(0.018 0.02132985906 0.02126782325)
(0.018 0.02505595988 0.02153785671)
(0.018 0.02883611967 0.02118458687)
(0.018 0.03301698492 0.0206713617)
(0.018 0.03695660639 0.02142124759)
(0.018 0.003242130679 0.00968300848)
(0.018 0.003629578647 0.01203762742)
(0.018 0.03673761711 0.01935817249)
(0.018 0.02823201142 0.01831847944)
(0.018 0.003247051318 0.019253455)
(0.018 0.02194603645 0.01868414036)
(0.018 0.005440329576 0.01002373838)
(0.018 0.007595352657 0.01004079598)
(0.018 0.009834631455 0.01004065541)
(0.018 0.01196486531 0.01024840623)
(0.018 0.0141197664 0.01036535549)
(0.018 0.01629241382 0.0105037875)
(0.018 0.01835400667 0.01024762487)
(0.018 0.02026128792 0.009577577539)
(0.018 0.02226383607 0.01009931086)
(0.018 0.02444462588 0.0103496979)
(0.018 0.02683786789 0.01059002033)
(0.018 0.0292483275 0.01072260836)
(0.018 0.03147186837 0.009713861962)
(0.018 0.03397451061 0.01017865032)
(0.018 0.03650783855 0.009776983169)
(0.018 0.03578111495 0.01234746613)
(0.018 0.03516062122 0.0151687195)
(0.018 0.03669955109 0.01732028946)
(0.018 0.01405898061 0.01927370223)
(0.018 0.01205640788 0.01878837111)
(0.018 0.02505410474 0.01920964231)
(0.018 0.009867765066 0.01855213125)
(0.018 0.007692678136 0.01854586242)
(0.018 0.0189155934 0.01793278659)
(0.018 0.03449375406 0.01840342775)
(0.018 0.0035886109 0.01690659258)
(0.018 0.005466875711 0.01887370959)
(0.018 0.01610385643 0.01867082382)
(0.018 0.03168618477 0.01717729356)
(0.018 0.003828802848 0.01447197386)
(0.018 0.01534490308 0.01317556309)
(0.018 0.02860913995 0.01431286299)
(0.018 0.03220042504 0.01305470866)
(0.018 0.0212316975 0.01560564207)
(0.018 0.006134386703 0.01298695916)
(0.018 0.006052754033 0.01611164596)
(0.018 0.01122943437 0.01607903753)
(0.018 0.01061633159 0.01282484668)
(0.018 0.01300493094 0.01307013058)
(0.018 0.01824924572 0.01350877425)
(0.018 0.02044798007 0.01218137944)
(0.018 0.02303995612 0.01294047042)
(0.018 0.02575040811 0.01299372146)
(0.018 0.01392448848 0.01649442531)
(0.018 0.008479199079 0.01231812581)
(0.018 0.008572691679 0.01552493803)
(0.018 0.0249596531 0.01629507787)
(0.018 0.01647616933 0.01611863214)
(0.019 0.001452823385 0.009283096198)
(0.019 0.001656367777 0.01111282818)
(0.019 0.001768347287 0.01324681466)
(0.019 0.001840187259 0.01546370657)
(0.019 0.001801863011 0.01771236569)
(0.019 0.001617003089 0.01984278586)
(0.019 0.001316830408 0.02165212482)
(0.019 0.002036825148 0.024)
(0.019 0.002656937098 0.007592231708)
(0.019 0.007292759362 0.007847157271)
(0.019 0.01140486349 0.007512372802)
(0.019 0.01543219461 0.008080940493)
(0.019 0.02007856784 0.007564711418)
(0.019 0.02410413699 0.007841447341)
(0.019 0.0281952109 0.007529060158)
(0.019 0.03270530727 0.008060610724)
(0.019 0.03722300611 0.007714546795)
(0.019 0.03858525297 0.01140815693)
(0.019 0.03828494858 0.01551586789)
(0.019 0.03848971078 0.01986560987)
(0.019 0.03875798388 0.02164333429)
(0.019 0.03796317485 0.024)
(0.019 0.004073650296 0.024)
(0.019 0.003079062487 0.02133403344)
(0.019 0.006250134104 0.024)
(0.019 0.005108580495 0.02130322667)
(0.019 0.008445694419 0.024)
(0.019 0.007483608774 0.02130522185)
(0.019 0.01048251957 0.024)
(0.019 0.009591852516 0.02117139948)
(0.019 0.01251934472 0.024)
(0.019 0.01172909311 0.0210973047)
(0.019 0.01455616986 0.024)
(0.019 0.01388459911 0.02103945587)
(0.019 0.01660860291 0.024)
(0.019 0.01599417717 0.02095872978)
(0.019 0.01913078434 0.024)
(0.019 0.01821708247 0.02110957734)
(0.019 0.02116760949 0.024)
(0.019 0.02038568453 0.0212765414)
(0.019 0.02320443464 0.024)
(0.019 0.02242209357 0.02122295796)
(0.019 0.02524125978 0.024)
(0.019 0.02455530719 0.02112213094)
(0.019 0.02727808493 0.024)
(0.019 0.02661306009 0.02090623514)
(0.019 0.02938818843 0.024)
(0.019 0.02871909093 0.02080797064)
(0.019 0.03185269941 0.024)
(0.019 0.03095524563 0.02093774599)
(0.019 0.03388952456 0.024)
(0.019 0.03303516991 0.02140373941)
(0.019 0.0359263497 0.024)
(0.019 0.03511281926 0.0214981314)
(0.019 0.03709495219 0.02134712488)
(0.019 0.009459615353 0.007847744388)
(0.019 0.004904108484 0.007729304435)
(0.019 0.0132962067 0.007933336608)
(0.019 0.01801591676 0.008403051047)
(0.019 0.02203234621 0.007839957076)
(0.019 0.02621373146 0.00774117795)
(0.019 0.03029527528 0.008521931382)
(0.019 0.03497228444 0.00771511019)
(0.019 0.03820205484 0.009618378211)
(0.019 0.03830796469 0.01332549875)
(0.019 0.03833175125 0.01778137771)
(0.019 0.01621087945 0.0103141061)
(0.019 0.003843369543 0.01183090251)
(0.019 0.004072748668 0.0141393373)
(0.019 0.004069355705 0.01650838988)
(0.019 0.003966697626 0.01904204445)
(0.019 0.008398746544 0.01013296296)
(0.019 0.02034547382 0.009958608356)
(0.019 0.03611653605 0.01430732294)
(0.019 0.01380839921 0.01045351411)
(0.019 0.02516219731 0.01000426634)
(0.019 0.0111807957 0.01007406966)
(0.019 0.03411108229 0.0101549391)
(0.019 0.03619067474 0.009333104994)
(0.019 0.03643410549 0.01670787086)
(0.019 0.005844056659 0.009850869562)
(0.019 0.0316517673 0.01103155321)
(0.019 0.03645649027 0.01163560214)
(0.019 0.003412760606 0.009603982604)
(0.019 0.02769332422 0.009664012147)
(0.019 0.006299206868 0.01965356089)
(0.019 0.008502740506 0.01907551768)
(0.019 0.01075047596 0.01891489715)
(0.019 0.0131296661 0.01882736842)
(0.019 0.01542249317 0.01853721842)
(0.019 0.01766435463 0.0186659758)
(0.019 0.01960113797 0.01939068618)
(0.019 0.02164028176 0.01895506421)
(0.019 0.02364484395 0.01919447501)
(0.019 0.02564069475 0.0183179062)
(0.019 0.02808656624 0.01796580733)
(0.019 0.03051283528 0.01817859498)
(0.019 0.03246318873 0.0190562302)
(0.019 0.03434353668 0.01999061499)
(0.019 0.02275085885 0.01032185647)
(0.019 0.018276195 0.01187238365)
(0.019 0.03660489613 0.01921558066)
(0.019 0.0291500732 0.01196324325)
(0.019 0.03320410735 0.0159135142)
(0.019 0.02094421523 0.01332285218)
(0.019 0.006462796693 0.0123278985)
(0.019 0.03354706855 0.01302923379)
(0.019 0.006588145183 0.01738782369)
(0.019 0.01750783078 0.01549589267)
(0.019 0.03047304902 0.01473380474)
(0.019 0.02655661119 0.01204491266)
(0.019 0.006730039877 0.01495887951)
(0.019 0.01222985429 0.01336790328)
(0.019 0.01537385455 0.01297142694)
(0.019 0.03462149826 0.01793302274)
(0.019 0.009399646102 0.01618122609)
(0.019 0.01198037115 0.0165929656)
(0.019 0.01447270414 0.01597585066)
(0.019 0.02013842985 0.01673741275)
(0.019 0.02333414 0.01626691552)
(0.019 0.02677776835 0.01517458487)
(0.019 0.02403338577 0.0129712796)
(0.019 0.009350518046 0.01284182513)
(0.023 0.001955240926 0.024)
(0.023 0.003910481852 0.024)
(0.023 0.005947492783 0.024)
(0.023 0.008119357531 0.024)
(0.023 0.01007459846 0.024)
(0.023 0.01202983938 0.024)
(0.023 0.01398508031 0.024)
(0.023 0.01594032123 0.024)
(0.023 0.01819395599 0.024)
(0.023 0.02014919691 0.024)
(0.023 0.02210443784 0.024)
(0.023 0.02405967877 0.024)
(0.023 0.02601491969 0.024)
(0.023 0.02797016062 0.024)
(0.023 0.03010643355 0.024)
(0.023 0.0321790363 0.024)
(0.023 0.03413427722 0.024)
(0.023 0.03608951815 0.024)
(0.023 0.03804475907 0.024)
(0.023 0.001381861849 0.009310023681)
(0.023 0.00171581344 0.01326017712)
(0.023 0.001659644321 0.01774708057)
(0.023 0.002545335447 0.007624544296)
(0.023 0.004634732457 0.007743635986)
(0.023 0.006844035289 0.007858349639)
(0.023 0.008898932725 0.007798470287)
(0.023 0.01096608306 0.007818690507)
(0.023 0.01302143335 0.007881103454)
(0.023 0.01504423926 0.007963242743)
(0.023 0.01704361303 0.007997612641)
(0.023 0.01911359211 0.007740139114)
(0.023 0.02119887657 0.007709236626)
(0.023 0.02317885341 0.007873381304)
(0.023 0.0251539375 0.0079193627)
(0.023 0.02711512115 0.007806280359)
(0.023 0.02916899309 0.007804960267)
(0.023 0.03125944496 0.007824305302)
(0.023 0.03327475104 0.007749245979)
(0.023 0.03521117641 0.007749074082)
(0.023 0.03709702086 0.007638641867)
(0.023 0.03882549005 0.007358880458)
(0.023 0.03851838153 0.009162991766)
(0.023 0.03834974616 0.01121424016)
(0.023 0.03820785165 0.0133845468)
(0.023 0.03820658597 0.01565549875)
(0.023 0.03835133212 0.0179563034)
(0.023 0.03851091721 0.02016048908)
(0.023 0.002604544717 0.02127170438)
(0.023 0.00699276152 0.02085259532)
(0.023 0.01103087402 0.02116556644)
(0.023 0.01507070527 0.0212059986)
(0.023 0.0191048901 0.02105152386)
(0.023 0.02305266128 0.02121705612)
(0.023 0.02699873003 0.02120938667)
(0.023 0.0311766973 0.02098084915)
(0.023 0.035144351 0.02120854897)
(0.023 0.00159575051 0.01118543971)
(0.023 0.001769902626 0.01552906816)
(0.023 0.001447663547 0.01962323593)
(0.023 0.01309251061 0.02124601355)
(0.023 0.00904422293 0.02095637784)
(0.023 0.00474730476 0.02106828731)
(0.023 0.01717769665 0.02104175211)
(0.023 0.02112727897 0.02114013306)
(0.023 0.02507800182 0.02123396488)
(0.023 0.02904725983 0.02113234267)
(0.023 0.03318179852 0.02105861501)
(0.023 0.03694834554 0.0214309975)
(0.023 0.003214895539 0.0096524661)
(0.023 0.00355636633 0.01195994594)
(0.023 0.003370460367 0.01916827615)
(0.023 0.003872054578 0.01678895436)
(0.023 0.02017959671 0.01900371452)
(0.023 0.005394348225 0.009926579739)
(0.023 0.007557105269 0.01009349216)
(0.023 0.009692550916 0.01000804676)
(0.023 0.01191997485 0.01012671893)
(0.023 0.01405137366 0.01041246831)
(0.023 0.01620948413 0.01058163144)
(0.023 0.01829407489 0.01033147371)
(0.023 0.02020635472 0.009615237987)
(0.023 0.02215983498 0.01018100748)
(0.023 0.02427846973 0.01045544277)
(0.023 0.026434367 0.01039867243)
(0.023 0.02834818852 0.009822271194)
(0.023 0.03041607727 0.01033965188)
(0.023 0.0324217716 0.009830840629)
(0.023 0.03450953949 0.01012462595)
(0.023 0.03666419761 0.009736892519)
(0.023 0.0361202603 0.01210534399)
(0.023 0.0358904914 0.01457029559)
(0.023 0.03636926277 0.01713900273)
(0.023 0.03671990452 0.01935724228)
(0.023 0.0141366711 0.01894489708)
(0.023 0.01217305394 0.01929366191)
(0.023 0.02602164786 0.01880445719)
(0.023 0.01025847133 0.01859564773)
(0.023 0.008027701737 0.01839497306)
(0.023 0.02408905925 0.01930668807)
(0.023 0.01818530183 0.01814594217)
(0.023 0.02218614309 0.01872922921)
(0.023 0.03223655701 0.01863328494)
(0.023 0.0299827452 0.01863830571)
(0.023 0.00570081412 0.01869568213)
(0.023 0.01614014623 0.01917812022)
(0.023 0.003928033769 0.01437358192)
(0.023 0.0279898552 0.01922726227)
(0.023 0.03452912801 0.01893278299)
(0.023 0.01505787961 0.01343213728)
(0.023 0.02887992687 0.0128328484)
(0.023 0.005952907822 0.01260699433)
(0.023 0.03277146732 0.01292533304)
(0.023 0.008237453079 0.01282545608)
(0.023 0.0208444518 0.01597500503)
(0.023 0.03366857664 0.01618627011)
(0.023 0.02772967606 0.01630747989)
(0.023 0.006600000335 0.0156641009)
(0.023 0.01049570203 0.01231555193)
(0.023 0.01266627291 0.01308802522)
(0.023 0.01781720582 0.01378605683)
(0.023 0.02032496922 0.01232344623)
(0.023 0.02291193373 0.01314087898)
(0.023 0.02584227023 0.01324190954)
(0.023 0.01271956484 0.01647007244)
(0.023 0.009747444319 0.01566508323)
(0.023 0.02417486242 0.01644590438)
(0.023 0.03085022864 0.01580749049)
(0.023 0.01563673908 0.01652623595)
(0.024 0.001437805435 0.009317277454)
(0.024 0.00167511708 0.01117167349)
(0.024 0.001837747637 0.01333758371)
(0.024 0.001902988609 0.01556116965)
(0.024 0.001760287213 0.01781693796)
(0.024 0.001536298147 0.01984805849)
(0.024 0.001261307843 0.02165977703)
(0.024 0.001955240926 0.024)
(0.024 0.002570823073 0.007620714753)
(0.024 0.007011995489 0.007914642062)
(0.024 0.0111551506 0.007741415787)
(0.024 0.01488000497 0.008148092121)
(0.024 0.01915461962 0.007920784482)
(0.024 0.02317545456 0.008212346001)
(0.024 0.02690481224 0.007907752891)
(0.024 0.03114744802 0.007866295615)
(0.024 0.03513766648 0.007736296399)
(0.024 0.03848483806 0.008815663329)
(0.024 0.03820121596 0.01329825948)
(0.024 0.03813979325 0.01789696547)
(0.024 0.03804475907 0.024)
(0.024 0.003910481852 0.024)
(0.024 0.002947259842 0.02136282754)
(0.024 0.005947492783 0.024)
(0.024 0.004942766654 0.02106134673)
(0.024 0.008119357531 0.024)
(0.024 0.007170098254 0.02085363605)
(0.024 0.01007459846 0.024)
(0.024 0.009185234152 0.02108528961)
(0.024 0.01202983938 0.024)
(0.024 0.01126453635 0.02121754108)
(0.024 0.01398508031 0.024)
(0.024 0.01335867673 0.0210556848)
(0.024 0.01594032123 0.024)
(0.024 0.01538704822 0.02087112899)
(0.024 0.01819395599 0.024)
(0.024 0.01729432261 0.0212245619)
(0.024 0.02014919691 0.024)
(0.024 0.01924235945 0.02095723017)
(0.024 0.02210443784 0.024)
(0.024 0.02113273742 0.02140938083)
(0.024 0.02405967877 0.024)
(0.024 0.02302069664 0.02084769821)
(0.024 0.02601491969 0.024)
(0.024 0.02500598172 0.02105154585)
(0.024 0.02797016062 0.024)
(0.024 0.02700306603 0.02044240561)
(0.024 0.03010643355 0.024)
(0.024 0.02921119509 0.02064759654)
(0.024 0.0321790363 0.024)
(0.024 0.03162791443 0.02090807712)
(0.024 0.03413427722 0.024)
(0.024 0.03383212652 0.02109637845)
(0.024 0.03608951815 0.024)
(0.024 0.03613294608 0.02151445752)
(0.024 0.03820581483 0.02020981254)
(0.024 0.009083536662 0.007790255586)
(0.024 0.004733648523 0.0077808369)
(0.024 0.01301386407 0.007528296379)
(0.024 0.01702079127 0.008381595596)
(0.024 0.02110280542 0.008440576728)
(0.024 0.02504301383 0.007562295539)
(0.024 0.02889558137 0.007888373294)
(0.024 0.03315961419 0.007858663743)
(0.024 0.03697085385 0.00755775201)
(0.024 0.03832153585 0.01105234632)
(0.024 0.03808219753 0.01559462666)
(0.024 0.003937078874 0.01199949593)
(0.024 0.004325115747 0.01438924302)
(0.024 0.004155964541 0.01679183953)
(0.024 0.003547598643 0.01919425716)
(0.024 0.003367186558 0.00968861912)
(0.024 0.01899317041 0.01113470942)
(0.024 0.01032855632 0.009785757852)
(0.024 0.03577731803 0.01686421967)
(0.024 0.01281905167 0.01008814618)
(0.024 0.02520674843 0.010116286)
(0.024 0.02771609495 0.01050097056)
(0.024 0.02255880867 0.01195815159)
(0.024 0.03210439822 0.01031096545)
(0.024 0.01567837244 0.01099826306)
(0.024 0.03582205032 0.01440150249)
(0.024 0.03600653154 0.01932290405)
(0.024 0.02995310904 0.009921749803)
(0.024 0.00601139981 0.01867489997)
(0.024 0.008462670573 0.01841694097)
(0.024 0.01046259859 0.01917671093)
(0.024 0.01247558217 0.01907520295)
(0.024 0.01469410819 0.01812305943)
(0.024 0.01776860613 0.01843078334)
(0.024 0.02098763622 0.01880027194)
(0.024 0.02436851186 0.01753663881)
(0.024 0.02836444106 0.01704578997)
(0.024 0.03095721032 0.01854800307)
(0.024 0.03342288639 0.01871121318)
(0.024 0.00811897906 0.01021181316)
(0.024 0.03628338328 0.01187298486)
(0.024 0.03667957599 0.009643673101)
(0.024 0.005729751977 0.01000506749)
(0.024 0.03445074685 0.01004746798)
(0.024 0.03341828513 0.01275299257)
(0.024 0.03244479902 0.01579859385)
(0.024 0.006738268055 0.01266958266)
(0.024 0.01628187987 0.01485476604)
(0.024 0.02624548566 0.01350285859)
(0.024 0.0074180646 0.0157051094)
(0.024 0.02021674875 0.01531945316)
(0.024 0.02994226928 0.01305245245)
(0.024 0.01156807962 0.01618584824)
(0.024 0.01013013934 0.01275591352)
(0.024 0.01336633016 0.01304589723)
(0.028 0.001955240926 0.024)
(0.028 0.003910481852 0.024)
(0.028 0.008119357531 0.024)
(0.028 0.005947492783 0.024)
(0.028 0.01202983938 0.024)
(0.028 0.01007459846 0.024)
(0.028 0.01398508031 0.024)
(0.028 0.01594032123 0.024)
(0.028 0.01819395599 0.024)
(0.028 0.02210443784 0.024)
(0.028 0.02405967877 0.024)
(0.028 0.02797016062 0.024)
(0.028 0.02601491969 0.024)
(0.028 0.03010643355 0.024)
(0.028 0.03413427722 0.024)
(0.028 0.03804475907 0.024)
(0.028 0.02014919691 0.024)
(0.028 0.0321790363 0.024)
(0.028 0.03608951815 0.024)
(0.028 0.001402836081 0.009321652023)
(0.028 0.001733427058 0.01328726152)
(0.028 0.001618536812 0.01774896863)
(0.028 0.00253496776 0.0076189071)
(0.028 0.004657437407 0.007773233755)
(0.028 0.006871455188 0.00786823302)
(0.028 0.008936516859 0.007772739181)
(0.028 0.01095987061 0.007668063782)
(0.028 0.01302546985 0.007747506104)
(0.028 0.01499489584 0.007957145223)
(0.028 0.01698726605 0.008014469473)
(0.028 0.01911289859 0.007770105343)
(0.028 0.02116550039 0.007676374705)
(0.028 0.02313748739 0.007799759935)
(0.028 0.02513264918 0.007849436647)
(0.028 0.02711945574 0.007806755256)
(0.028 0.02916579202 0.007877945551)
(0.028 0.03124318665 0.007917741277)
(0.028 0.03326163353 0.00782715662)
(0.028 0.0352179488 0.007787284904)
(0.028 0.03714717634 0.007634027587)
(0.028 0.03878585924 0.007359531061)
(0.028 0.0385091203 0.009135902815)
(0.028 0.03834051923 0.0112284989)
(0.028 0.03821889272 0.01339451268)
(0.028 0.03830418821 0.0157254319)
(0.028 0.03841142086 0.0179603659)
(0.028 0.03846393427 0.0201420893)
(0.028 0.002534884599 0.02131579369)
(0.028 0.006901979805 0.02088906708)
(0.028 0.01096788154 0.02105685275)
(0.028 0.01509338121 0.02123684161)
(0.028 0.01917098614 0.02099447747)
(0.028 0.02326017422 0.02099097797)
(0.028 0.02719523828 0.02141087288)
(0.028 0.03096303303 0.02088563559)
(0.028 0.03499302527 0.02097595335)
(0.028 0.001633764224 0.01120707918)
(0.028 0.001745481541 0.01562445912)
(0.028 0.001401023308 0.0196437659)
(0.028 0.01297041083 0.02126472988)
(0.028 0.008962200567 0.02099095036)
(0.028 0.00467000236 0.02112246983)
(0.028 0.01717144141 0.02094553375)
(0.028 0.02126064479 0.02101965585)
(0.028 0.02521143382 0.02120118269)
(0.028 0.02900523029 0.02158601234)
(0.028 0.03296736908 0.02065447189)
(0.028 0.0369113584 0.02130404874)
(0.028 0.003266498508 0.009686370121)
(0.028 0.003679117933 0.0120426482)
(0.028 0.03661221245 0.01919872025)
(0.028 0.02887852799 0.01939328373)
(0.028 0.003258784356 0.01924436529)
(0.028 0.02044364257 0.0187949443)
(0.028 0.005501467661 0.01003193843)
(0.028 0.007700391688 0.01005286645)
(0.028 0.0099150203 0.009925430508)
(0.028 0.0119033705 0.009625164265)
(0.028 0.01383094154 0.01036934226)
(0.028 0.0160261878 0.010647053)
(0.028 0.01818651964 0.01029262572)
(0.028 0.02013961174 0.009569981647)
(0.028 0.02208300279 0.01004033237)
(0.028 0.02417133603 0.0101911242)
(0.028 0.02635016169 0.01023999652)
(0.028 0.02830414733 0.009965265409)
(0.028 0.03034942857 0.01062905613)
(0.028 0.03238072577 0.01004144073)
(0.028 0.0344869817 0.01026884421)
(0.028 0.03665572991 0.009780425045)
(0.028 0.03608316161 0.01225609606)
(0.028 0.03581836138 0.0149211005)
(0.028 0.03666805433 0.01713723619)
(0.028 0.01401999712 0.01947336878)
(0.028 0.01207444156 0.01888215893)
(0.028 0.0266626071 0.01947499061)
(0.028 0.009994645985 0.01842844507)
(0.028 0.007723723346 0.01842899401)
(0.028 0.0247622677 0.01867129643)
(0.028 0.01835353686 0.01789466056)
(0.028 0.02254503099 0.01840884676)
(0.028 0.03421661696 0.01774262452)
(0.028 0.003614625718 0.01689513375)
(0.028 0.005488341458 0.01883896768)
(0.028 0.01596747389 0.01878128655)
(0.028 0.0310777887 0.01738232746)
(0.028 0.003902651137 0.01445990116)
(0.028 0.01447641436 0.01341023472)
(0.028 0.02850438797 0.01341524914)
(0.028 0.03269096505 0.01350546142)
(0.028 0.006343384956 0.0129218375)
(0.028 0.00889605678 0.01227045065)
(0.028 0.02097800136 0.01576055476)
(0.028 0.006118761557 0.01608264718)
(0.028 0.01160246145 0.01594618775)
(0.028 0.01155557284 0.01244708367)
(0.028 0.01779611156 0.01354633082)
(0.028 0.02026857826 0.01219089072)
(0.028 0.02280323026 0.01286169165)
(0.028 0.02549196426 0.01262636741)
(0.028 0.01393288191 0.01697780628)
(0.028 0.02452607256 0.01577036595)
(0.028 0.008864086813 0.01539542468)
(0.028 0.02746783244 0.01689564493)
(0.028 0.01613026279 0.01606343183)
(0.029 0.0014350746 0.009318043721)
(0.029 0.00166513479 0.01116621288)
(0.029 0.001826191964 0.01332045549)
(0.029 0.00191503103 0.01551906599)
(0.029 0.001777470686 0.01782408509)
(0.029 0.001537743324 0.01981019021)
(0.029 0.001226675301 0.02165306935)
(0.029 0.001955240926 0.024)
(0.029 0.002594054304 0.007639105049)
(0.029 0.006969744894 0.007927969355)
(0.029 0.01114247664 0.007735206137)
(0.029 0.01486412922 0.008171250296)
(0.029 0.01927549137 0.008341103499)
(0.029 0.02309232367 0.007928532309)
(0.029 0.02676553465 0.007965421561)
(0.029 0.03102924008 0.007984328803)
(0.029 0.03507563636 0.007763744368)
(0.029 0.03847805803 0.008854872693)
(0.029 0.0381784271 0.0133194052)
(0.029 0.0381616015 0.01792833933)
(0.029 0.03804475907 0.024)
(0.029 0.003910481852 0.024)
(0.029 0.003011237342 0.02133373177)
(0.029 0.005947492783 0.024)
(0.029 0.004966678233 0.02104315206)
(0.029 0.008119357531 0.024)
(0.029 0.007174780711 0.02085287551)
(0.029 0.01007459846 0.024)
(0.029 0.009272539887 0.02097699399)
(0.029 0.01202983938 0.024)
(0.029 0.01136836577 0.02103458325)
(0.029 0.01398508031 0.024)
(0.029 0.01338182544 0.02096594592)
(0.029 0.01594032123 0.024)
(0.029 0.01542088874 0.02103856373)
(0.029 0.01819395599 0.024)
(0.029 0.01728445202 0.02128447648)
(0.029 0.02014919691 0.024)
(0.029 0.01919793445 0.02096021586)
(0.029 0.02210443784 0.024)
(0.029 0.021272365 0.02095593776)
(0.029 0.02405967877 0.024)
(0.029 0.02317764471 0.02121198118)
(0.029 0.02601491969 0.024)
(0.029 0.02511382269 0.02067410208)
(0.029 0.02797016062 0.024)
(0.029 0.0272517329 0.02059253169)
(0.029 0.03010643355 0.024)
(0.029 0.02937075712 0.0208175839)
(0.029 0.0321790363 0.024)
(0.029 0.03172003097 0.02102101105)
(0.029 0.03413427722 0.024)
(0.029 0.03387686462 0.02114110129)
(0.029 0.03608951815 0.024)
(0.029 0.03612444996 0.02152800913)
(0.029 0.0382346959 0.02019631688)
(0.029 0.009089505622 0.007799421844)
(0.029 0.004724245076 0.007779531393)
(0.029 0.01299896105 0.00753407055)
(0.029 0.01705655345 0.008450328482)
(0.029 0.02119207631 0.007705161269)
(0.029 0.024955135 0.007497773214)
(0.029 0.02876290399 0.007995379309)
(0.029 0.03307743891 0.007928925991)
(0.029 0.03691241276 0.007578370182)
(0.029 0.03834144544 0.0110915928)
(0.029 0.03808591936 0.01558352371)
(0.029 0.003907059714 0.01198539741)
(0.029 0.004292042487 0.01436205553)
(0.029 0.004122794462 0.01675987956)
(0.029 0.003554056586 0.01917031559)
(0.029 0.003355516176 0.009690300353)
(0.029 0.01838608986 0.0116009841)
(0.029 0.01027164107 0.009758835449)
(0.029 0.03575160301 0.01691646899)
(0.029 0.012720425 0.0100969664)
(0.029 0.02471240043 0.009981985988)
(0.029 0.02724240544 0.01074584133)
(0.029 0.02167301978 0.01071414397)
(0.029 0.03188826663 0.01053026689)
(0.029 0.01544206194 0.01109029454)
(0.029 0.03576511392 0.01446778047)
(0.029 0.03604328102 0.01935429946)
(0.029 0.02964017028 0.01019107809)
(0.029 0.005961059731 0.01861117604)
(0.029 0.008495336234 0.01834369515)
(0.029 0.01056979722 0.01895107663)
(0.029 0.01280088136 0.01832102317)
(0.029 0.01500882112 0.01879174441)
(0.029 0.01755303078 0.01856568381)
(0.029 0.02025766117 0.0185864744)
(0.029 0.02312749991 0.01813393517)
(0.029 0.02619063321 0.01730937458)
(0.029 0.02901984568 0.01764139669)
(0.029 0.03119755393 0.01881900667)
(0.029 0.0335227593 0.01882074825)
(0.029 0.008063861262 0.0101746656)
(0.029 0.03615670188 0.01197764077)
(0.029 0.03659432345 0.009636800866)
(0.029 0.005694117371 0.009994456798)
(0.029 0.03432777382 0.01013687418)
(0.029 0.03321218577 0.012928983)
(0.029 0.03244547875 0.01599046034)
(0.029 0.006662174962 0.01263258602)
(0.029 0.01562057278 0.01537424587)
(0.029 0.02461371697 0.01373500271)
(0.029 0.02922763902 0.0136633392)
(0.029 0.007286837975 0.01567094726)
(0.029 0.02018460813 0.01511640138)
(0.029 0.01097421467 0.01598514071)
(0.029 0.009933397876 0.01266360179)
(0.029 0.01299250791 0.0131184635)
(0.033 0.001955240926 0.024)
(0.033 0.003910481852 0.024)
(0.033 0.008119357531 0.024)
(0.033 0.005947492783 0.024)
(0.033 0.01202983938 0.024)
(0.033 0.01007459846 0.024)
(0.033 0.01398508031 0.024)
(0.033 0.01594032123 0.024)
(0.033 0.01819395599 0.024)
(0.033 0.02210443784 0.024)
(0.033 0.02405967877 0.024)
(0.033 0.02797016062 0.024)
(0.033 0.02601491969 0.024)
(0.033 0.03010643355 0.024)
(0.033 0.03413427722 0.024)
(0.033 0.03804475907 0.024)
(0.033 0.02014919691 0.024)
(0.033 0.0321790363 0.024)
(0.033 0.03608951815 0.024)
(0.033 0.001399940144 0.009328241356)
(0.033 0.00171991181 0.01331371538)
(0.033 0.001611868646 0.01775571629)
(0.033 0.002531480837 0.007623007605)
(0.033 0.004648627154 0.007775294361)
(0.033 0.006861398819 0.007870000016)
(0.033 0.008945230109 0.007820423829)
(0.033 0.01101125512 0.007846041185)
(0.033 0.01304322555 0.007910839102)
(0.033 0.01506612321 0.007962683965)
(0.033 0.01706815967 0.007991513434)
(0.033 0.01916044967 0.007804463969)
(0.033 0.02127186774 0.007728265918)
(0.033 0.02325669483 0.007867959467)
(0.033 0.02529990389 0.007982820633)
(0.033 0.02736174174 0.008043733308)
(0.033 0.02935886649 0.007961296671)
(0.033 0.03128461193 0.007455947571)
(0.033 0.03311964253 0.007783339055)
(0.033 0.03511350493 0.007799278336)
(0.033 0.03709932501 0.007645225823)
(0.033 0.03876721325 0.007370312684)
(0.033 0.03846168866 0.009153559523)
(0.033 0.03824213709 0.011260001)
(0.033 0.03806626332 0.01345582171)
(0.033 0.0381974106 0.01576480993)
(0.033 0.03843624252 0.01801724649)
(0.033 0.03849797228 0.02020189782)
(0.033 0.002530248401 0.02131883858)
(0.033 0.006887532724 0.02091361022)
(0.033 0.01097794667 0.02102736348)
(0.033 0.01513831883 0.02114020725)
(0.033 0.01941097633 0.0207739581)
(0.033 0.02321753744 0.02105907738)
(0.033 0.02690607914 0.02099900049)
(0.033 0.03087459314 0.02053853357)
(0.033 0.03507851537 0.02105154399)
(0.033 0.001626416846 0.01122277815)
(0.033 0.001730691825 0.01563758585)
(0.033 0.001396874241 0.01964755465)
(0.033 0.01300509447 0.02118064547)
(0.033 0.008946628865 0.02096298109)
(0.033 0.004661186531 0.02113324967)
(0.033 0.01729164895 0.02083587806)
(0.033 0.0213288492 0.02125908469)
(0.033 0.0250545458 0.02152917963)
(0.033 0.02883431926 0.02117923375)
(0.033 0.03301647635 0.02067033916)
(0.033 0.03695640471 0.02142114129)
(0.033 0.003256308826 0.009699880483)
(0.033 0.003650388521 0.01206877374)
(0.033 0.03673704016 0.0193580713)
(0.033 0.02822166756 0.01830038339)
(0.033 0.003250976016 0.01925467964)
(0.033 0.02194108925 0.01866308016)
(0.033 0.005459935696 0.01003894137)
(0.033 0.007620990391 0.01005448913)
(0.033 0.009862970882 0.01006702683)
(0.033 0.01198885713 0.01027850645)
(0.033 0.01413574301 0.01041980265)
(0.033 0.01630428145 0.01053965447)
(0.033 0.0183610793 0.0102839963)
(0.033 0.02026718131 0.009597135728)
(0.033 0.02226659708 0.01012993612)
(0.033 0.02443650803 0.01036553479)
(0.033 0.02681964802 0.01061269233)
(0.033 0.02923594876 0.01073136737)
(0.033 0.03146574559 0.009717263477)
(0.033 0.03397089935 0.01018058643)
(0.033 0.03650628915 0.009777742243)
(0.033 0.03577851312 0.01234851862)
(0.033 0.03515860557 0.01516919905)
(0.033 0.03669860451 0.01732030631)
(0.033 0.01407234992 0.01925279272)
(0.033 0.01207325125 0.01876525126)
(0.033 0.02504427227 0.01918070317)
(0.033 0.009892811439 0.01852024861)
(0.033 0.007708956592 0.01853839635)
(0.033 0.01892052692 0.01783940203)
(0.033 0.03449242042 0.01840286824)
(0.033 0.003596483799 0.01691333094)
(0.033 0.005475895287 0.01887142274)
(0.033 0.01611925263 0.01863282601)
(0.033 0.03168194972 0.01717444249)
(0.033 0.003850961003 0.01449077382)
(0.033 0.01539828898 0.01326297202)
(0.033 0.0285787465 0.01432034141)
(0.033 0.03219113168 0.01305830149)
(0.033 0.0212194984 0.01557969919)
(0.033 0.006180034111 0.01300584204)
(0.033 0.006069883473 0.01611337485)
(0.033 0.01131011066 0.01599919754)
(0.033 0.01069048379 0.01288795738)
(0.033 0.01300630859 0.01316956263)
(0.033 0.01823904587 0.01362621772)
(0.033 0.02045134696 0.01221564245)
(0.033 0.02306585189 0.01302055341)
(0.033 0.0256874233 0.0130251212)
(0.033 0.0139351126 0.01645919548)
(0.033 0.008526271488 0.01233918019)
(0.033 0.008605136735 0.01552705843)
(0.033 0.02489123987 0.01620839536)
(0.033 0.01654399083 0.0160644476)
(0.034 0.001451136547 0.009282160678)
(0.034 0.001653991213 0.01111159127)
(0.034 0.001765710069 0.01324601978)
(0.034 0.001837302536 0.01546357056)
(0.034 0.001799226958 0.01771323527)
(0.034 0.001615169834 0.01984385384)
(0.034 0.001315979413 0.02165275064)
(0.034 0.002036825148 0.024)
(0.034 0.002655436412 0.007591346112)
(0.034 0.007289082603 0.007840969646)
(0.034 0.01140460846 0.007505704659)
(0.034 0.01543879214 0.008020703654)
(0.034 0.02008163529 0.007557348825)
(0.034 0.0241051503 0.007831306125)
(0.034 0.02813146541 0.007542282129)
(0.034 0.03270361495 0.008058067786)
(0.034 0.03722319806 0.007714405833)
(0.034 0.03858533511 0.0114081085)
(0.034 0.03828503621 0.01551581891)
(0.034 0.03848980889 0.01986565938)
(0.034 0.03875802729 0.02164336459)
(0.034 0.03796317485 0.024)
(0.034 0.004073650296 0.024)
(0.034 0.003076829264 0.02133551153)
(0.034 0.006250134104 0.024)
(0.034 0.005104223397 0.02130669765)
(0.034 0.008445694419 0.024)
(0.034 0.007477924781 0.02131082717)
(0.034 0.01048251957 0.024)
(0.034 0.009586763215 0.02118045941)
(0.034 0.01251934472 0.024)
(0.034 0.01172803631 0.02110669433)
(0.034 0.01455616986 0.024)
(0.034 0.01388726602 0.02104951907)
(0.034 0.01660860291 0.024)
(0.034 0.01599680552 0.02096844257)
(0.034 0.01913078434 0.024)
(0.034 0.01821856264 0.02111761123)
(0.034 0.02116760949 0.024)
(0.034 0.02038746318 0.02128208638)
(0.034 0.02320443464 0.024)
(0.034 0.02242281756 0.02122867594)
(0.034 0.02524125978 0.024)
(0.034 0.02455836132 0.02113069699)
(0.034 0.02727808493 0.024)
(0.034 0.02661705456 0.02091234787)
(0.034 0.02938818843 0.024)
(0.034 0.02872183211 0.02080966517)
(0.034 0.03185269941 0.024)
(0.034 0.03095665489 0.02093814729)
(0.034 0.03388952456 0.024)
(0.034 0.03303578867 0.02140391126)
(0.034 0.0359263497 0.024)
(0.034 0.03511311626 0.02149828371)
(0.034 0.03709506077 0.02134718548)
(0.034 0.009457913646 0.007840645281)
(0.034 0.004901318329 0.00772676429)
(0.034 0.01329758198 0.007922991499)
(0.034 0.01801866156 0.008390763657)
(0.034 0.02203917653 0.007833502908)
(0.034 0.02625840848 0.007736949172)
(0.034 0.03028675221 0.008512343193)
(0.034 0.03497211007 0.007714602668)
(0.034 0.03820221779 0.009618295636)
(0.034 0.03830802603 0.01332543122)
(0.034 0.03833188558 0.01778140849)
(0.034 0.01621669296 0.01029076251)
(0.034 0.003835965115 0.01182777852)
(0.034 0.004065943422 0.01413801387)
(0.034 0.004061026017 0.01650918379)
(0.034 0.003959732284 0.01904598349)
(0.034 0.008386636121 0.01011160115)
(0.034 0.02034578546 0.009936269277)
(0.034 0.03611661611 0.01430705778)
(0.034 0.01382414122 0.01041761886)
(0.034 0.02517788943 0.009973361411)
(0.034 0.01117998973 0.0100494012)
(0.034 0.03411184922 0.01015314388)
(0.034 0.03619106898 0.009332709531)
(0.034 0.03643442564 0.01670786785)
(0.034 0.005836198864 0.009843618838)
(0.034 0.03165365658 0.01102152343)
(0.034 0.03645671826 0.01163542829)
(0.034 0.003408836694 0.00960155154)
(0.034 0.02768750959 0.00956036626)
(0.034 0.006289048735 0.019660951)
(0.034 0.008488240605 0.01909445249)
(0.034 0.01073984818 0.01894346059)
(0.034 0.01313853662 0.01885220202)
(0.034 0.01543447254 0.01855760315)
(0.034 0.0176654347 0.01868498159)
(0.034 0.01960127379 0.01940543199)
(0.034 0.02164289911 0.01896165761)
(0.034 0.02365136061 0.01921564146)
(0.034 0.02565286779 0.01833818406)
(0.034 0.02809328406 0.01796750599)
(0.034 0.03051598 0.0181778447)
(0.034 0.03246461951 0.01905668738)
(0.034 0.03434425233 0.01999078623)
(0.034 0.02276027479 0.01030240227)
(0.034 0.01827190322 0.01184298982)
(0.034 0.03660521934 0.01921567791)
(0.034 0.02915627972 0.01192439569)
(0.034 0.03320449023 0.01591300844)
(0.034 0.02090394427 0.01325229072)
(0.034 0.006444405298 0.01231795589)
(0.034 0.0335473245 0.01302771355)
(0.034 0.006565450173 0.0173981473)
(0.034 0.01752399667 0.01549665541)
(0.034 0.03047345768 0.0147239209)
(0.034 0.0265892604 0.01199064282)
(0.034 0.006716481749 0.01495857436)
(0.034 0.01228362542 0.01324359249)
(0.034 0.01539744694 0.01294742658)
(0.034 0.03462210768 0.01793300335)
(0.034 0.009335182822 0.01623163093)
(0.034 0.01197933436 0.0166761354)
(0.034 0.01453728104 0.01598569699)
(0.034 0.02010714019 0.01676950321)
(0.034 0.02339246293 0.01632222602)
(0.034 0.0267926672 0.01516315729)
(0.034 0.02408249089 0.01291665917)
(0.034 0.009310916353 0.01278284402)
(0.038 0.001955240926 0.024)
(0.038 0.003910481852 0.024)
(0.038 0.005947492783 0.024)
(0.038 0.008119357531 0.024)
(0.038 0.01007459846 0.024)
(0.038 0.01202983938 0.024)
(0.038 0.01398508031 0.024)
(0.038 0.01594032123 0.024)
(0.038 0.01819395599 0.024)
(0.038 0.02014919691 0.024)
(0.038 0.02210443784 0.024)
(0.038 0.02405967877 0.024)
(0.038 0.02601491969 0.024)
(0.038 0.02797016062 0.024)
(0.038 0.03010643355 0.024)
(0.038 0.0321790363 0.024)
(0.038 0.03413427722 0.024)
(0.038 0.03608951815 0.024)
(0.038 0.03804475907 0.024)
(0.038 0.001444940172 0.0092794618)
(0.038 0.00171617365 0.01325808376)
(0.038 0.001658004319 0.01774628127)
(0.038 0.002531000786 0.007589594176)
(0.038 0.004625020064 0.007739602088)
(0.038 0.006842638154 0.007860936561)
(0.038 0.008900656491 0.007807010694)
(0.038 0.01096560652 0.00782918065)
(0.038 0.01301854796 0.007895405086)
(0.038 0.01503958645 0.00798606092)
(0.038 0.01704509568 0.008029751282)
(0.038 0.01915570444 0.007811561437)
(0.038 0.0212033334 0.007734507977)
(0.038 0.0231724445 0.007887145019)
(0.038 0.02514945145 0.007930026794)
(0.038 0.02710992114 0.007815397905)
(0.038 0.02916566459 0.007811091013)
(0.038 0.03126028675 0.007826815515)
(0.038 0.03328312871 0.007749147072)
(0.038 0.03523553273 0.007741277787)
(0.038 0.03715911671 0.007612944345)
(0.038 0.03879197313 0.007350931995)
(0.038 0.03851936703 0.009114963658)
(0.038 0.03835246623 0.01119755714)
(0.038 0.03822357366 0.01337448649)
(0.038 0.03822212949 0.0156588124)
(0.038 0.03835150871 0.01795576914)
(0.038 0.0385104743 0.02016014483)
(0.038 0.002603354756 0.02127170688)
(0.038 0.007000908374 0.02088113807)
(0.038 0.01103422211 0.02115270394)
(0.038 0.01507264904 0.02119470314)
(0.038 0.01909972794 0.02103035032)
(0.038 0.02304790097 0.0212006791)
(0.038 0.0269941297 0.02120347511)
(0.038 0.03117220199 0.02097606935)
(0.038 0.03514289674 0.02120732013)
(0.038 0.001595325564 0.01118181586)
(0.038 0.001770406489 0.0155284325)
(0.038 0.001444308517 0.01962383823)
(0.038 0.01309768432 0.02123351851)
(0.038 0.009046579817 0.02099049757)
(0.038 0.004747183838 0.02106346595)
(0.038 0.01718192953 0.02102836469)
(0.038 0.02112233028 0.02112087407)
(0.038 0.02507188094 0.02122291456)
(0.038 0.02904274283 0.02112617785)
(0.038 0.03317907553 0.02105616392)
(0.038 0.03694763769 0.02143041027)
(0.038 0.003208987422 0.009640670693)
(0.038 0.00355625833 0.01195449336)
(0.038 0.003359064322 0.01916745802)
(0.038 0.003873177845 0.01678798958)
(0.038 0.02016319345 0.0189629081)
(0.038 0.005392614468 0.009923842337)
(0.038 0.007560744713 0.01010109485)
(0.038 0.009699190496 0.01003639157)
(0.038 0.01191525456 0.01015469552)
(0.038 0.0140336117 0.01046043372)
(0.038 0.0161938877 0.01064727469)
(0.038 0.01828193401 0.01038303056)
(0.038 0.02020657787 0.009672782212)
(0.038 0.02215493359 0.01022623679)
(0.038 0.02426980944 0.01047995884)
(0.038 0.02642224639 0.01043289977)
(0.038 0.02833870349 0.009835866875)
(0.038 0.03041117299 0.01034763345)
(0.038 0.03242336404 0.009832029551)
(0.038 0.03451880877 0.0101159357)
(0.038 0.03667965879 0.009713089299)
(0.038 0.03612513359 0.01209408166)
(0.038 0.03598110315 0.01457135441)
(0.038 0.03637183594 0.01713824312)
(0.038 0.03671858485 0.01935638762)
(0.038 0.01414808921 0.01890627764)
(0.038 0.01219210072 0.01926619814)
(0.038 0.02601328612 0.01879030706)
(0.038 0.01031137836 0.01852028391)
(0.038 0.008047704101 0.01825958065)
(0.038 0.02408233164 0.01927416715)
(0.038 0.01816339492 0.01804694634)
(0.038 0.02217777189 0.0186827296)
(0.038 0.03222947945 0.01862723967)
(0.038 0.02997044974 0.01862405977)
(0.038 0.005650243574 0.01864923051)
(0.038 0.01614697606 0.01916182096)
(0.038 0.003928411707 0.01437036955)
(0.038 0.02797970819 0.01921480437)
(0.038 0.03452543635 0.01893003985)
(0.038 0.01505318711 0.01347426878)
(0.038 0.02885734909 0.0128452689)
(0.038 0.005956755607 0.01260492058)
(0.038 0.03276972739 0.01292352964)
(0.038 0.008248169767 0.01283599674)
(0.038 0.02077878023 0.01593255733)
(0.038 0.03366225583 0.01618200966)
(0.038 0.02767784946 0.01628110781)
(0.038 0.006604087771 0.01565184836)
(0.038 0.01051609477 0.01237945469)
(0.038 0.01260943189 0.01315353988)
(0.038 0.01786028202 0.01389492268)
(0.038 0.02030252248 0.01240478248)
(0.038 0.02293415552 0.01319693238)
(0.038 0.02578597687 0.01332363554)
(0.038 0.01272111365 0.01642274108)
(0.038 0.009819103641 0.01559571801)
(0.038 0.02419678825 0.01636880159)
(0.038 0.03083360722 0.01580151447)
(0.038 0.01574580857 0.01650316918)
(0.039 0.001450805076 0.009282036064)
(0.039 0.001653502458 0.01111144425)
(0.039 0.001765047892 0.01324597019)
(0.039 0.001836586775 0.01546367303)
(0.039 0.001798635423 0.01771344993)
(0.039 0.001614829866 0.01984404052)
(0.039 0.001315822546 0.02165286153)
(0.039 0.002036825148 0.024)
(0.039 0.002655129006 0.007591233808)
(0.039 0.007287729846 0.00784032639)
(0.039 0.01140202094 0.00750407478)
(0.039 0.01543447371 0.008008646633)
(0.039 0.02008301983 0.007551988198)
(0.039 0.02412475196 0.007826618006)
(0.039 0.02821318619 0.00751688639)
(0.039 0.03270499115 0.008057165371)
(0.039 0.03722362223 0.007714067362)
(0.039 0.03858573533 0.01140783081)
(0.039 0.03828390605 0.01551622457)
(0.039 0.03848806785 0.0198659575)
(0.039 0.03875758985 0.02164348095)
(0.039 0.03796317485 0.024)
(0.039 0.004073650296 0.024)
(0.039 0.003076413868 0.02133575894)
(0.039 0.006250134104 0.024)
(0.039 0.005103349492 0.02130725712)
(0.039 0.008445694419 0.024)
(0.039 0.007476414857 0.02131165633)
(0.039 0.01048251957 0.024)
(0.039 0.009584418251 0.02118229724)
(0.039 0.01251934472 0.024)
(0.039 0.0117249236 0.02110984198)
(0.039 0.01455616986 0.024)
(0.039 0.01388355628 0.02105445328)
(0.039 0.01660860291 0.024)
(0.039 0.0159948338 0.02097378583)
(0.039 0.01913078434 0.024)
(0.039 0.01821803396 0.021124235)
(0.039 0.02116760949 0.024)
(0.039 0.02038759124 0.02129272215)
(0.039 0.02320443464 0.024)
(0.039 0.02242551072 0.02123685896)
(0.039 0.02524125978 0.024)
(0.039 0.0245591326 0.02113145783)
(0.039 0.02727808493 0.024)
(0.039 0.02661637872 0.02091338986)
(0.039 0.02938818843 0.024)
(0.039 0.02872357874 0.02081535458)
(0.039 0.03185269941 0.024)
(0.039 0.03095866324 0.02094042144)
(0.039 0.03388952456 0.024)
(0.039 0.03303603575 0.02140509302)
(0.039 0.0359263497 0.024)
(0.039 0.03511195838 0.02150017798)
(0.039 0.03709372448 0.02134916155)
(0.039 0.009455848515 0.007839306076)
(0.039 0.004900652896 0.0077264701)
(0.039 0.01329414785 0.007911744282)
(0.039 0.01801805985 0.008373812737)
(0.039 0.02203961645 0.007824136133)
(0.039 0.02622883363 0.007727876596)
(0.039 0.03028953983 0.008511291183)
(0.039 0.03497289629 0.007714094246)
(0.039 0.03820291921 0.009617970496)
(0.039 0.03830800814 0.01332530175)
(0.039 0.03832987895 0.01778176457)
(0.039 0.0162060041 0.01026429763)
(0.039 0.003834403309 0.0118275593)
(0.039 0.004064067449 0.01413811195)
(0.039 0.004059164873 0.0165096132)
(0.039 0.003958438156 0.01904659156)
(0.039 0.008382791031 0.0101102007)
(0.039 0.02036075505 0.009924648991)
(0.039 0.03611633204 0.01430671995)
(0.039 0.01381461347 0.01039668232)
(0.039 0.02518035178 0.009966686999)
(0.039 0.0111725937 0.01004583287)
(0.039 0.0341139626 0.01015166458)
(0.039 0.0361922605 0.009331858194)
(0.039 0.03643032583 0.01670835212)
(0.039 0.005834320412 0.009842989315)
(0.039 0.03165836532 0.01101827421)
(0.039 0.03645822829 0.01163420022)
(0.039 0.003408028424 0.009601281446)
(0.039 0.02771029276 0.00963848985)
(0.039 0.006286912022 0.01966199423)
(0.039 0.008484481003 0.01909670808)
(0.039 0.01073366253 0.01894858918)
(0.039 0.01312989205 0.01886053587)
(0.039 0.01542336748 0.01857693639)
(0.039 0.01766866321 0.01869709297)
(0.039 0.01960544527 0.01942415841)
(0.039 0.02164585532 0.01899624123)
(0.039 0.02364928208 0.01921754165)
(0.039 0.02564739966 0.01833299169)
(0.039 0.02810021836 0.01799101778)
(0.039 0.0305212367 0.01818494281)
(0.039 0.03246727827 0.01905846398)
(0.039 0.03434380238 0.01999285195)
(0.039 0.02276278824 0.01027468819)
(0.039 0.01829560408 0.01177211323)
(0.039 0.03660118898 0.01921658818)
(0.039 0.02916958249 0.01191557238)
(0.039 0.03320654982 0.01591426122)
(0.039 0.02100625809 0.01326641273)
(0.039 0.006440540137 0.01231755433)
(0.039 0.033552081 0.01302598013)
(0.039 0.006561921855 0.01739947641)
(0.039 0.01746425961 0.01559118823)
(0.039 0.03049022939 0.01472697399)
(0.039 0.02661641451 0.01195500513)
(0.039 0.006712222244 0.01495940479)
(0.039 0.01226057472 0.01324455904)
(0.039 0.01533494592 0.01293415013)
(0.039 0.03461879749 0.0179351809)
(0.039 0.009326723455 0.01623521457)
(0.039 0.01196455697 0.01668291828)
(0.039 0.01451138893 0.01600187895)
(0.039 0.02016954079 0.01680736472)
(0.039 0.02331701794 0.01631581858)
(0.039 0.0268528323 0.01521593852)
(0.039 0.0240027425 0.01290394551)
(0.039 0.009301408277 0.01278214113)
(-0.0002105263158 -0.0002105263158 0.002210526316)
(-0.0005263157895 -0.0005263157895 0.002526315789)
(-0.0002105263158 -0.0002105263158 0.004)
(-0.0005263157895 -0.0005263157895 0.004)
(-0.0002105263158 0.001955240926 0.002210526316)
(-0.0005263157895 0.001955240926 0.002526315789)
(-0.0002105263158 0.003910481852 0.002210526316)
(-0.0005263157895 0.003910481852 0.002526315789)
(-0.0002105263158 0.005947492783 0.002210526316)
(-0.0005263157895 0.005947492783 0.002526315789)
(-0.0002105263158 0.008119357531 0.002210526316)
(-0.0005263157895 0.008119357531 0.002526315789)
(-0.0002105263158 0.01007459846 0.002210526316)
(-0.0005263157895 0.01007459846 0.002526315789)
(-0.0002105263158 0.01202983938 0.002210526316)
(-0.0005263157895 0.01202983938 0.002526315789)
(-0.0002105263158 0.01398508031 0.002210526316)
(-0.0005263157895 0.01398508031 0.002526315789)
(-0.0002105263158 0.01594032123 0.002210526316)
(-0.0005263157895 0.01594032123 0.002526315789)
(-0.0002105263158 0.01819395599 0.002210526316)
(-0.0005263157895 0.01819395599 0.002526315789)
(-0.0002105263158 0.02014919691 0.002210526316)
(-0.0005263157895 0.02014919691 0.002526315789)
(-0.0002105263158 0.02210443784 0.002210526316)
(-0.0005263157895 0.02210443784 0.002526315789)
(-0.0002105263158 0.02405967877 0.002210526316)
(-0.0005263157895 0.02405967877 0.002526315789)
(-0.0002105263158 0.02601491969 0.002210526316)
(-0.0005263157895 0.02601491969 0.002526315789)
(-0.0002105263158 0.02797016062 0.002210526316)
(-0.0005263157895 0.02797016062 0.002526315789)
(-0.0002105263158 0.03010643355 0.002210526316)
(-0.0005263157895 0.03010643355 0.002526315789)
(-0.0002105263158 0.0321790363 0.002210526316)
(-0.0005263157895 0.0321790363 0.002526315789)
(-0.0002105263158 0.03413427722 0.002210526316)
(-0.0005263157895 0.03413427722 0.002526315789)
(-0.0002105263158 0.03608951815 0.002210526316)
(-0.0005263157895 0.03608951815 0.002526315789)
(-0.0002105263158 0.03804475907 0.002210526316)
(-0.0005263157895 0.03804475907 0.002526315789)
(-0.0002105263158 0.04021052632 0.002210526316)
(-0.0005263157895 0.04052631579 0.002526315789)
(-0.0002105263158 0.04021052632 0.004)
(-0.0005263157895 0.04052631579 0.004)
(-0.0002105263158 0.03608951815 0.004)
(-0.0005263157895 0.03608951815 0.004)
(-0.0002105263158 0.03413427722 0.004)
(-0.0005263157895 0.03413427722 0.004)
(-0.0002105263158 0.02601491969 0.004)
(-0.0005263157895 0.02601491969 0.004)
(-0.0002105263158 0.02014919691 0.004)
(-0.0005263157895 0.02014919691 0.004)
(-0.0002105263158 0.02210443784 0.004)
(-0.0005263157895 0.02210443784 0.004)
(-0.0002105263158 0.008119357531 0.004)
(-0.0005263157895 0.008119357531 0.004)
(-0.0002105263158 0.005947492783 0.004)
(-0.0005263157895 0.005947492783 0.004)
(-0.0002105263158 0.03804475907 0.004)
(-0.0005263157895 0.03804475907 0.004)
(-0.0002105263158 0.02405967877 0.004)
(-0.0005263157895 0.02405967877 0.004)
(-0.0002105263158 0.0321790363 0.004)
(-0.0005263157895 0.0321790363 0.004)
(-0.0002105263158 0.03010643355 0.004)
(-0.0005263157895 0.03010643355 0.004)
(-0.0002105263158 0.02797016062 0.004)
(-0.0005263157895 0.02797016062 0.004)
(-0.0002105263158 0.01819395599 0.004)
(-0.0005263157895 0.01819395599 0.004)
(-0.0002105263158 0.01594032123 0.004)
(-0.0005263157895 0.01594032123 0.004)
(-0.0002105263158 0.01398508031 0.004)
(-0.0005263157895 0.01398508031 0.004)
(-0.0002105263158 0.01202983938 0.004)
(-0.0005263157895 0.01202983938 0.004)
(-0.0002105263158 0.01007459846 0.004)
(-0.0005263157895 0.01007459846 0.004)
(-0.0002105263158 0.003910481852 0.004)
(-0.0005263157895 0.003910481852 0.004)
(-0.0002105263158 0.001955240926 0.004)
(-0.0005263157895 0.001955240926 0.004)
(0.04221052632 -0.0002105263158 0.002210526316)
(0.04252631579 -0.0005263157895 0.002526315789)
(0.04221052632 -0.0002105263158 0.004)
(0.04252631579 -0.0005263157895 0.004)
(0.04221052632 0.001955240926 0.002210526316)
(0.04252631579 0.001955240926 0.002526315789)
(0.04221052632 0.003910481852 0.002210526316)
(0.04252631579 0.003910481852 0.002526315789)
(0.04221052632 0.005947492783 0.002210526316)
(0.04252631579 0.005947492783 0.002526315789)
(0.04221052632 0.008119357531 0.002210526316)
(0.04252631579 0.008119357531 0.002526315789)
(0.04221052632 0.01007459846 0.002210526316)
(0.04252631579 0.01007459846 0.002526315789)
(0.04221052632 0.01202983938 0.002210526316)
(0.04252631579 0.01202983938 0.002526315789)
(0.04221052632 0.01398508031 0.002210526316)
(0.04252631579 0.01398508031 0.002526315789)
(0.04221052632 0.01594032123 0.002210526316)
(0.04252631579 0.01594032123 0.002526315789)
(0.04221052632 0.01819395599 0.002210526316)
(0.04252631579 0.01819395599 0.002526315789)
(0.04221052632 0.02014919691 0.002210526316)
(0.04252631579 0.02014919691 0.002526315789)
(0.04221052632 0.02210443784 0.002210526316)
(0.04252631579 0.02210443784 0.002526315789)
(0.04221052632 0.02405967877 0.002210526316)
(0.04252631579 0.02405967877 0.002526315789)
(0.04221052632 0.02601491969 0.002210526316)
(0.04252631579 0.02601491969 0.002526315789)
(0.04221052632 0.02797016062 0.002210526316)
(0.04252631579 0.02797016062 0.002526315789)
(0.04221052632 0.03010643355 0.002210526316)
(0.04252631579 0.03010643355 0.002526315789)
(0.04221052632 0.0321790363 0.002210526316)
(0.04252631579 0.0321790363 0.002526315789)
(0.04221052632 0.03413427722 0.002210526316)
(0.04252631579 0.03413427722 0.002526315789)
(0.04221052632 0.03608951815 0.002210526316)
(0.04252631579 0.03608951815 0.002526315789)
(0.04221052632 0.03804475907 0.002210526316)
(0.04252631579 0.03804475907 0.002526315789)
(0.04221052632 0.04021052632 0.002210526316)
(0.04252631579 0.04052631579 0.002526315789)
(0.04221052632 0.04021052632 0.004)
(0.04252631579 0.04052631579 0.004)
(0.04221052632 0.03804475907 0.004)
(0.04252631579 0.03804475907 0.004)
(0.04221052632 0.03608951815 0.004)
(0.04252631579 0.03608951815 0.004)
(0.04221052632 0.03413427722 0.004)
(0.04252631579 0.03413427722 0.004)
(0.04221052632 0.02405967877 0.004)
(0.04252631579 0.02405967877 0.004)
(0.04221052632 0.02210443784 0.004)
(0.04252631579 0.02210443784 0.004)
(0.04221052632 0.02014919691 0.004)
(0.04252631579 0.02014919691 0.004)
(0.04221052632 0.005947492783 0.004)
(0.04252631579 0.005947492783 0.004)
(0.04221052632 0.008119357531 0.004)
(0.04252631579 0.008119357531 0.004)
(0.04221052632 0.01007459846 0.004)
(0.04252631579 0.01007459846 0.004)
(0.04221052632 0.0321790363 0.004)
(0.04252631579 0.0321790363 0.004)
(0.04221052632 0.03010643355 0.004)
(0.04252631579 0.03010643355 0.004)
(0.04221052632 0.02797016062 0.004)
(0.04252631579 0.02797016062 0.004)
(0.04221052632 0.02601491969 0.004)
(0.04252631579 0.02601491969 0.004)
(0.04221052632 0.01819395599 0.004)
(0.04252631579 0.01819395599 0.004)
(0.04221052632 0.01594032123 0.004)
(0.04252631579 0.01594032123 0.004)
(0.04221052632 0.01398508031 0.004)
(0.04252631579 0.01398508031 0.004)
(0.04221052632 0.01202983938 0.004)
(0.04252631579 0.01202983938 0.004)
(0.04221052632 0.001955240926 0.004)
(0.04252631579 0.001955240926 0.004)
(0.04221052632 0.003910481852 0.004)
(0.04252631579 0.003910481852 0.004)
(0.001956771151 -0.0002105263158 0.002210526316)
(0.001956771151 -0.0005263157895 0.002526315789)
(0.003913542302 -0.0002105263158 0.002210526316)
(0.003913542302 -0.0005263157895 0.002526315789)
(0.005870313452 -0.0002105263158 0.002210526316)
(0.005870313452 -0.0005263157895 0.002526315789)
(0.007827084603 -0.0002105263158 0.002210526316)
(0.007827084603 -0.0005263157895 0.002526315789)
(0.009783855754 -0.0002105263158 0.002210526316)
(0.009783855754 -0.0005263157895 0.002526315789)
(0.01192478696 -0.0002105263158 0.002210526316)
(0.01192478696 -0.0005263157895 0.002526315789)
(0.01399464421 -0.0002105263158 0.002210526316)
(0.01399464421 -0.0005263157895 0.002526315789)
(0.01595141536 -0.0002105263158 0.002210526316)
(0.01595141536 -0.0005263157895 0.002526315789)
(0.01790818651 -0.0002105263158 0.002210526316)
(0.01790818651 -0.0005263157895 0.002526315789)
(0.01986495767 -0.0002105263158 0.002210526316)
(0.01986495767 -0.0005263157895 0.002526315789)
(0.02182172882 -0.0002105263158 0.002210526316)
(0.02182172882 -0.0005263157895 0.002526315789)
(0.02408377981 -0.0002105263158 0.002210526316)
(0.02408377981 -0.0005263157895 0.002526315789)
(0.02604055096 -0.0002105263158 0.002210526316)
(0.02604055096 -0.0005263157895 0.002526315789)
(0.02799732211 -0.0002105263158 0.002210526316)
(0.02799732211 -0.0005263157895 0.002526315789)
(0.02995409326 -0.0002105263158 0.002210526316)
(0.02995409326 -0.0005263157895 0.002526315789)
(0.03191086441 -0.0002105263158 0.002210526316)
(0.03191086441 -0.0005263157895 0.002526315789)
(0.03407000962 -0.0002105263158 0.002210526316)
(0.03407000962 -0.0005263157895 0.002526315789)
(0.03612968655 -0.0002105263158 0.002210526316)
(0.03612968655 -0.0005263157895 0.002526315789)
(0.0380864577 -0.0002105263158 0.002210526316)
(0.0380864577 -0.0005263157895 0.002526315789)
(0.04004322885 -0.0002105263158 0.002210526316)
(0.04004322885 -0.0005263157895 0.002526315789)
(0.04004322885 -0.0002105263158 0.004)
(0.04004322885 -0.0005263157895 0.004)
(0.0380864577 -0.0002105263158 0.004)
(0.0380864577 -0.0005263157895 0.004)
(0.03407000962 -0.0002105263158 0.004)
(0.03407000962 -0.0005263157895 0.004)
(0.03191086441 -0.0002105263158 0.004)
(0.03191086441 -0.0005263157895 0.004)
(0.01986495767 -0.0002105263158 0.004)
(0.01986495767 -0.0005263157895 0.004)
(0.01790818651 -0.0002105263158 0.004)
(0.01790818651 -0.0005263157895 0.004)
(0.009783855754 -0.0002105263158 0.004)
(0.009783855754 -0.0005263157895 0.004)
(0.02995409326 -0.0002105263158 0.004)
(0.02995409326 -0.0005263157895 0.004)
(0.01595141536 -0.0002105263158 0.004)
(0.01595141536 -0.0005263157895 0.004)
(0.007827084603 -0.0002105263158 0.004)
(0.007827084603 -0.0005263157895 0.004)
(0.03612968655 -0.0002105263158 0.004)
(0.03612968655 -0.0005263157895 0.004)
(0.02799732211 -0.0002105263158 0.004)
(0.02799732211 -0.0005263157895 0.004)
(0.02604055096 -0.0002105263158 0.004)
(0.02604055096 -0.0005263157895 0.004)
(0.02408377981 -0.0002105263158 0.004)
(0.02408377981 -0.0005263157895 0.004)
(0.02182172882 -0.0002105263158 0.004)
(0.02182172882 -0.0005263157895 0.004)
(0.01399464421 -0.0002105263158 0.004)
(0.01399464421 -0.0005263157895 0.004)
(0.01192478696 -0.0002105263158 0.004)
(0.01192478696 -0.0005263157895 0.004)
(0.005870313452 -0.0002105263158 0.004)
(0.005870313452 -0.0005263157895 0.004)
(0.001956771151 -0.0002105263158 0.004)
(0.001956771151 -0.0005263157895 0.004)
(0.003913542302 -0.0002105263158 0.004)
(0.003913542302 -0.0005263157895 0.004)
(0.001956771151 0.04021052632 0.002210526316)
(0.001956771151 0.04052631579 0.002526315789)
(0.003913542302 0.04021052632 0.002210526316)
(0.003913542302 0.04052631579 0.002526315789)
(0.005870313452 0.04021052632 0.002210526316)
(0.005870313452 0.04052631579 0.002526315789)
(0.007827084603 0.04021052632 0.002210526316)
(0.007827084603 0.04052631579 0.002526315789)
(0.009783855754 0.04021052632 0.002210526316)
(0.009783855754 0.04052631579 0.002526315789)
(0.01192478696 0.04021052632 0.002210526316)
(0.01192478696 0.04052631579 0.002526315789)
(0.01399464421 0.04021052632 0.002210526316)
(0.01399464421 0.04052631579 0.002526315789)
(0.01595141536 0.04021052632 0.002210526316)
(0.01595141536 0.04052631579 0.002526315789)
(0.01790818651 0.04021052632 0.002210526316)
(0.01790818651 0.04052631579 0.002526315789)
(0.01986495767 0.04021052632 0.002210526316)
(0.01986495767 0.04052631579 0.002526315789)
(0.02182172882 0.04021052632 0.002210526316)
(0.02182172882 0.04052631579 0.002526315789)
(0.02408377981 0.04021052632 0.002210526316)
(0.02408377981 0.04052631579 0.002526315789)
(0.02604055096 0.04021052632 0.002210526316)
(0.02604055096 0.04052631579 0.002526315789)
(0.02799732211 0.04021052632 0.002210526316)
(0.02799732211 0.04052631579 0.002526315789)
(0.02995409326 0.04021052632 0.002210526316)
(0.02995409326 0.04052631579 0.002526315789)
(0.03191086441 0.04021052632 0.002210526316)
(0.03191086441 0.04052631579 0.002526315789)
(0.03407000962 0.04021052632 0.002210526316)
(0.03407000962 0.04052631579 0.002526315789)
(0.03612968655 0.04021052632 0.002210526316)
(0.03612968655 0.04052631579 0.002526315789)
(0.0380864577 0.04021052632 0.002210526316)
(0.0380864577 0.04052631579 0.002526315789)
(0.04004322885 0.04021052632 0.002210526316)
(0.04004322885 0.04052631579 0.002526315789)
(0.04004322885 0.04021052632 0.004)
(0.04004322885 0.04052631579 0.004)
(0.0380864577 0.04021052632 0.004)
(0.0380864577 0.04052631579 0.004)
(0.03191086441 0.04021052632 0.004)
(0.03191086441 0.04052631579 0.004)
(0.02995409326 0.04021052632 0.004)
(0.02995409326 0.04052631579 0.004)
(0.02182172882 0.04021052632 0.004)
(0.02182172882 0.04052631579 0.004)
(0.01790818651 0.04021052632 0.004)
(0.01790818651 0.04052631579 0.004)
(0.01595141536 0.04021052632 0.004)
(0.01595141536 0.04052631579 0.004)
(0.005870313452 0.04021052632 0.004)
(0.005870313452 0.04052631579 0.004)
(0.007827084603 0.04021052632 0.004)
(0.007827084603 0.04052631579 0.004)
(0.01986495767 0.04021052632 0.004)
(0.01986495767 0.04052631579 0.004)
(0.009783855754 0.04021052632 0.004)
(0.009783855754 0.04052631579 0.004)
(0.03612968655 0.04021052632 0.004)
(0.03612968655 0.04052631579 0.004)
(0.03407000962 0.04021052632 0.004)
(0.03407000962 0.04052631579 0.004)
(0.02799732211 0.04021052632 0.004)
(0.02799732211 0.04052631579 0.004)
(0.02604055096 0.04021052632 0.004)
(0.02604055096 0.04052631579 0.004)
(0.02408377981 0.04021052632 0.004)
(0.02408377981 0.04052631579 0.004)
(0.01399464421 0.04021052632 0.004)
(0.01399464421 0.04052631579 0.004)
(0.01192478696 0.04021052632 0.004)
(0.01192478696 0.04052631579 0.004)
(0.003913542302 0.04021052632 0.004)
(0.003913542302 0.04052631579 0.004)
(0.001956771151 0.04021052632 0.004)
(0.001956771151 0.04052631579 0.004)
(-0.0002105263158 -0.0002105263158 0.006)
(-0.0005263157895 -0.0005263157895 0.006)
(-0.0002105263158 0.04021052632 0.006)
(-0.0005263157895 0.04052631579 0.006)
(-0.0002105263158 0.03796317485 0.006)
(-0.0005263157895 0.03796317485 0.006)
(-0.0002105263158 0.0359263497 0.006)
(-0.0005263157895 0.0359263497 0.006)
(-0.0002105263158 0.03388952456 0.006)
(-0.0005263157895 0.03388952456 0.006)
(-0.0002105263158 0.03185269941 0.006)
(-0.0005263157895 0.03185269941 0.006)
(-0.0002105263158 0.02938818843 0.006)
(-0.0005263157895 0.02938818843 0.006)
(-0.0002105263158 0.02727808493 0.006)
(-0.0005263157895 0.02727808493 0.006)
(-0.0002105263158 0.02524125978 0.006)
(-0.0005263157895 0.02524125978 0.006)
(-0.0002105263158 0.02320443464 0.006)
(-0.0005263157895 0.02320443464 0.006)
(-0.0002105263158 0.02116760949 0.006)
(-0.0005263157895 0.02116760949 0.006)
(-0.0002105263158 0.01913078434 0.006)
(-0.0005263157895 0.01913078434 0.006)
(-0.0002105263158 0.01660860291 0.006)
(-0.0005263157895 0.01660860291 0.006)
(-0.0002105263158 0.01455616986 0.006)
(-0.0005263157895 0.01455616986 0.006)
(-0.0002105263158 0.002036825148 0.006)
(-0.0005263157895 0.002036825148 0.006)
(-0.0002105263158 0.004073650296 0.006)
(-0.0005263157895 0.004073650296 0.006)
(-0.0002105263158 0.006250134104 0.006)
(-0.0005263157895 0.006250134104 0.006)
(-0.0002105263158 0.008445694419 0.006)
(-0.0005263157895 0.008445694419 0.006)
(-0.0002105263158 0.01048251957 0.006)
(-0.0005263157895 0.01048251957 0.006)
(-0.0002105263158 0.01251934472 0.006)
(-0.0005263157895 0.01251934472 0.006)
(0.002157894737 -0.0002105263158 0.006131578947)
(0.002394736842 -0.0005263157895 0.006328947368)
(0.0035 -0.0002105263158 0.006210526316)
(0.0035 -0.0005263157895 0.006526315789)
(0.004842105263 -0.0002105263158 0.006131578947)
(0.004605263158 -0.0005263157895 0.006328947368)
(0.007157894737 -0.0002105263158 0.006131578947)
(0.007394736842 -0.0005263157895 0.006328947368)
(0.0085 -0.0002105263158 0.006210526316)
(0.0085 -0.0005263157895 0.006526315789)
(0.009842105263 -0.0002105263158 0.006131578947)
(0.009605263158 -0.0005263157895 0.006328947368)
(0.01215789474 -0.0002105263158 0.006131578947)
(0.01239473684 -0.0005263157895 0.006328947368)
(0.0135 -0.0002105263158 0.006210526316)
(0.0135 -0.0005263157895 0.006526315789)
(0.01484210526 -0.0002105263158 0.006131578947)
(0.01460526316 -0.0005263157895 0.006328947368)
(0.01715789474 -0.0002105263158 0.006131578947)
(0.01739473684 -0.0005263157895 0.006328947368)
(0.0185 -0.0002105263158 0.006210526316)
(0.0185 -0.0005263157895 0.006526315789)
(0.01984210526 -0.0002105263158 0.006131578947)
(0.01960526316 -0.0005263157895 0.006328947368)
(0.02215789474 -0.0002105263158 0.006131578947)
(0.02239473684 -0.0005263157895 0.006328947368)
(0.0235 -0.0002105263158 0.006210526316)
(0.0235 -0.0005263157895 0.006526315789)
(0.02484210526 -0.0002105263158 0.006131578947)
(0.02460526316 -0.0005263157895 0.006328947368)
(0.02715789474 -0.0002105263158 0.006131578947)
(0.02739473684 -0.0005263157895 0.006328947368)
(0.0285 -0.0002105263158 0.006210526316)
(0.0285 -0.0005263157895 0.006526315789)
(0.02984210526 -0.0002105263158 0.006131578947)
(0.02960526316 -0.0005263157895 0.006328947368)
(0.03215789474 -0.0002105263158 0.006131578947)
(0.03239473684 -0.0005263157895 0.006328947368)
(0.0335 -0.0002105263158 0.006210526316)
(0.0335 -0.0005263157895 0.006526315789)
(0.03484210526 -0.0002105263158 0.006131578947)
(0.03460526316 -0.0005263157895 0.006328947368)
(0.03715789474 -0.0002105263158 0.006131578947)
(0.03739473684 -0.0005263157895 0.006328947368)
(0.0385 -0.0002105263158 0.006210526316)
(0.0385 -0.0005263157895 0.006526315789)
(0.03984210526 -0.0002105263158 0.006131578947)
(0.03960526316 -0.0005263157895 0.006328947368)
(0.04221052632 -0.0002105263158 0.006)
(0.04252631579 -0.0005263157895 0.006)
(-0.0002105263158 0.001452823385 0.009283096198)
(-0.0005263157895 0.001452823385 0.009283096198)
(-0.0002105263158 0.001656367777 0.01111282818)
(-0.0005263157895 0.001656367777 0.01111282818)
(-0.0002105263158 0.001768347287 0.01324681466)
(-0.0005263157895 0.001768347287 0.01324681466)
(-0.0002105263158 0.001840187259 0.01546370657)
(-0.0005263157895 0.001840187259 0.01546370657)
(-0.0002105263158 0.001801863011 0.01771236569)
(-0.0005263157895 0.001801863011 0.01771236569)
(-0.0002105263158 0.001617003089 0.01984278586)
(-0.0005263157895 0.001617003089 0.01984278586)
(-0.0002105263158 0.001316830408 0.02165212482)
(-0.0005263157895 0.001316830408 0.02165212482)
(-0.0002105263158 0.002656937098 0.007592231708)
(-0.0005263157895 0.002656937098 0.007592231708)
(-0.0002105263158 0.007292759362 0.007847157271)
(-0.0005263157895 0.007292759362 0.007847157271)
(-0.0002105263158 0.01140486349 0.007512372802)
(-0.0005263157895 0.01140486349 0.007512372802)
(-0.0002105263158 0.01543219461 0.008080940493)
(-0.0005263157895 0.01543219461 0.008080940493)
(-0.0002105263158 0.02007856784 0.007564711418)
(-0.0005263157895 0.02007856784 0.007564711418)
(-0.0002105263158 0.02410413699 0.007841447341)
(-0.0005263157895 0.02410413699 0.007841447341)
(-0.0002105263158 0.0281952109 0.007529060158)
(-0.0005263157895 0.0281952109 0.007529060158)
(-0.0002105263158 0.03270530727 0.008060610724)
(-0.0005263157895 0.03270530727 0.008060610724)
(-0.0002105263158 0.03722300611 0.007714546795)
(-0.0005263157895 0.03722300611 0.007714546795)
(-0.0002105263158 0.03858525297 0.01140815693)
(-0.0005263157895 0.03858525297 0.01140815693)
(-0.0002105263158 0.03828494858 0.01551586789)
(-0.0005263157895 0.03828494858 0.01551586789)
(-0.0002105263158 0.03848971078 0.01986560987)
(-0.0005263157895 0.03848971078 0.01986560987)
(-0.0002105263158 0.03875798388 0.02164333429)
(-0.0005263157895 0.03875798388 0.02164333429)
(-0.0002105263158 0.003079062487 0.02133403344)
(-0.0005263157895 0.003079062487 0.02133403344)
(-0.0002105263158 0.005108580495 0.02130322667)
(-0.0005263157895 0.005108580495 0.02130322667)
(-0.0002105263158 0.007483608774 0.02130522185)
(-0.0005263157895 0.007483608774 0.02130522185)
(-0.0002105263158 0.009591852516 0.02117139948)
(-0.0005263157895 0.009591852516 0.02117139948)
(-0.0002105263158 0.01172909311 0.0210973047)
(-0.0005263157895 0.01172909311 0.0210973047)
(-0.0002105263158 0.01388459911 0.02103945587)
(-0.0005263157895 0.01388459911 0.02103945587)
(-0.0002105263158 0.01599417717 0.02095872978)
(-0.0005263157895 0.01599417717 0.02095872978)
(-0.0002105263158 0.01821708247 0.02110957734)
(-0.0005263157895 0.01821708247 0.02110957734)
(-0.0002105263158 0.02038568453 0.0212765414)
(-0.0005263157895 0.02038568453 0.0212765414)
(-0.0002105263158 0.02242209357 0.02122295796)
(-0.0005263157895 0.02242209357 0.02122295796)
(-0.0002105263158 0.02455530719 0.02112213094)
(-0.0005263157895 0.02455530719 0.02112213094)
(-0.0002105263158 0.02661306009 0.02090623514)
(-0.0005263157895 0.02661306009 0.02090623514)
(-0.0002105263158 0.02871909093 0.02080797064)
(-0.0005263157895 0.02871909093 0.02080797064)
(-0.0002105263158 0.03095524563 0.02093774599)
(-0.0005263157895 0.03095524563 0.02093774599)
(-0.0002105263158 0.03303516991 0.02140373941)
(-0.0005263157895 0.03303516991 0.02140373941)
(-0.0002105263158 0.03511281926 0.0214981314)
(-0.0005263157895 0.03511281926 0.0214981314)
(-0.0002105263158 0.03709495219 0.02134712488)
(-0.0005263157895 0.03709495219 0.02134712488)
(-0.0002105263158 0.009459615353 0.007847744388)
(-0.0005263157895 0.009459615353 0.007847744388)
(-0.0002105263158 0.004904108484 0.007729304435)
(-0.0005263157895 0.004904108484 0.007729304435)
(-0.0002105263158 0.0132962067 0.007933336608)
(-0.0005263157895 0.0132962067 0.007933336608)
(-0.0002105263158 0.01801591676 0.008403051047)
(-0.0005263157895 0.01801591676 0.008403051047)
(-0.0002105263158 0.02203234621 0.007839957076)
(-0.0005263157895 0.02203234621 0.007839957076)
(-0.0002105263158 0.02621373146 0.00774117795)
(-0.0005263157895 0.02621373146 0.00774117795)
(-0.0002105263158 0.03029527528 0.008521931382)
(-0.0005263157895 0.03029527528 0.008521931382)
(-0.0002105263158 0.03497228444 0.00771511019)
(-0.0005263157895 0.03497228444 0.00771511019)
(-0.0002105263158 0.03820205484 0.009618378211)
(-0.0005263157895 0.03820205484 0.009618378211)
(-0.0002105263158 0.03830796469 0.01332549875)
(-0.0005263157895 0.03830796469 0.01332549875)
(-0.0002105263158 0.03833175125 0.01778137771)
(-0.0005263157895 0.03833175125 0.01778137771)
(-0.0002105263158 0.01621087945 0.0103141061)
(-0.0005263157895 0.01621087945 0.0103141061)
(-0.0002105263158 0.003843369543 0.01183090251)
(-0.0005263157895 0.003843369543 0.01183090251)
(-0.0002105263158 0.004072748668 0.0141393373)
(-0.0005263157895 0.004072748668 0.0141393373)
(-0.0002105263158 0.004069355705 0.01650838988)
(-0.0005263157895 0.004069355705 0.01650838988)
(-0.0002105263158 0.003966697626 0.01904204445)
(-0.0005263157895 0.003966697626 0.01904204445)
(-0.0002105263158 0.008398746544 0.01013296296)
(-0.0005263157895 0.008398746544 0.01013296296)
(-0.0002105263158 0.02034547382 0.009958608356)
(-0.0005263157895 0.02034547382 0.009958608356)
(-0.0002105263158 0.03611653605 0.01430732294)
(-0.0005263157895 0.03611653605 0.01430732294)
(-0.0002105263158 0.01380839921 0.01045351411)
(-0.0005263157895 0.01380839921 0.01045351411)
(-0.0002105263158 0.02516219731 0.01000426634)
(-0.0005263157895 0.02516219731 0.01000426634)
(-0.0002105263158 0.0111807957 0.01007406966)
(-0.0005263157895 0.0111807957 0.01007406966)
(-0.0002105263158 0.03411108229 0.0101549391)
(-0.0005263157895 0.03411108229 0.0101549391)
(-0.0002105263158 0.03619067474 0.009333104994)
(-0.0005263157895 0.03619067474 0.009333104994)
(-0.0002105263158 0.03643410549 0.01670787086)
(-0.0005263157895 0.03643410549 0.01670787086)
(-0.0002105263158 0.005844056659 0.009850869562)
(-0.0005263157895 0.005844056659 0.009850869562)
(-0.0002105263158 0.0316517673 0.01103155321)
(-0.0005263157895 0.0316517673 0.01103155321)
(-0.0002105263158 0.03645649027 0.01163560214)
(-0.0005263157895 0.03645649027 0.01163560214)
(-0.0002105263158 0.003412760606 0.009603982604)
(-0.0005263157895 0.003412760606 0.009603982604)
(-0.0002105263158 0.02769332422 0.009664012147)
(-0.0005263157895 0.02769332422 0.009664012147)
(-0.0002105263158 0.006299206868 0.01965356089)
(-0.0005263157895 0.006299206868 0.01965356089)
(-0.0002105263158 0.008502740506 0.01907551768)
(-0.0005263157895 0.008502740506 0.01907551768)
(-0.0002105263158 0.01075047596 0.01891489715)
(-0.0005263157895 0.01075047596 0.01891489715)
(-0.0002105263158 0.0131296661 0.01882736842)
(-0.0005263157895 0.0131296661 0.01882736842)
(-0.0002105263158 0.01542249317 0.01853721842)
(-0.0005263157895 0.01542249317 0.01853721842)
(-0.0002105263158 0.01766435463 0.0186659758)
(-0.0005263157895 0.01766435463 0.0186659758)
(-0.0002105263158 0.01960113797 0.01939068618)
(-0.0005263157895 0.01960113797 0.01939068618)
(-0.0002105263158 0.02164028176 0.01895506421)
(-0.0005263157895 0.02164028176 0.01895506421)
(-0.0002105263158 0.02364484395 0.01919447501)
(-0.0005263157895 0.02364484395 0.01919447501)
(-0.0002105263158 0.02564069475 0.0183179062)
(-0.0005263157895 0.02564069475 0.0183179062)
(-0.0002105263158 0.02808656624 0.01796580733)
(-0.0005263157895 0.02808656624 0.01796580733)
(-0.0002105263158 0.03051283528 0.01817859498)
(-0.0005263157895 0.03051283528 0.01817859498)
(-0.0002105263158 0.03246318873 0.0190562302)
(-0.0005263157895 0.03246318873 0.0190562302)
(-0.0002105263158 0.03434353668 0.01999061499)
(-0.0005263157895 0.03434353668 0.01999061499)
(-0.0002105263158 0.02275085885 0.01032185647)
(-0.0005263157895 0.02275085885 0.01032185647)
(-0.0002105263158 0.018276195 0.01187238365)
(-0.0005263157895 0.018276195 0.01187238365)
(-0.0002105263158 0.03660489613 0.01921558066)
(-0.0005263157895 0.03660489613 0.01921558066)
(-0.0002105263158 0.0291500732 0.01196324325)
(-0.0005263157895 0.0291500732 0.01196324325)
(-0.0002105263158 0.03320410735 0.0159135142)
(-0.0005263157895 0.03320410735 0.0159135142)
(-0.0002105263158 0.02094421523 0.01332285218)
(-0.0005263157895 0.02094421523 0.01332285218)
(-0.0002105263158 0.006462796693 0.0123278985)
(-0.0005263157895 0.006462796693 0.0123278985)
(-0.0002105263158 0.03354706855 0.01302923379)
(-0.0005263157895 0.03354706855 0.01302923379)
(-0.0002105263158 0.006588145183 0.01738782369)
(-0.0005263157895 0.006588145183 0.01738782369)
(-0.0002105263158 0.01750783078 0.01549589267)
(-0.0005263157895 0.01750783078 0.01549589267)
(-0.0002105263158 0.03047304902 0.01473380474)
(-0.0005263157895 0.03047304902 0.01473380474)
(-0.0002105263158 0.02655661119 0.01204491266)
(-0.0005263157895 0.02655661119 0.01204491266)
(-0.0002105263158 0.006730039877 0.01495887951)
(-0.0005263157895 0.006730039877 0.01495887951)
(-0.0002105263158 0.01222985429 0.01336790328)
(-0.0005263157895 0.01222985429 0.01336790328)
(-0.0002105263158 0.01537385455 0.01297142694)
(-0.0005263157895 0.01537385455 0.01297142694)
(-0.0002105263158 0.03462149826 0.01793302274)
(-0.0005263157895 0.03462149826 0.01793302274)
(-0.0002105263158 0.009399646102 0.01618122609)
(-0.0005263157895 0.009399646102 0.01618122609)
(-0.0002105263158 0.01198037115 0.0165929656)
(-0.0005263157895 0.01198037115 0.0165929656)
(-0.0002105263158 0.01447270414 0.01597585066)
(-0.0005263157895 0.01447270414 0.01597585066)
(-0.0002105263158 0.02013842985 0.01673741275)
(-0.0005263157895 0.02013842985 0.01673741275)
(-0.0002105263158 0.02333414 0.01626691552)
(-0.0005263157895 0.02333414 0.01626691552)
(-0.0002105263158 0.02677776835 0.01517458487)
(-0.0005263157895 0.02677776835 0.01517458487)
(-0.0002105263158 0.02403338577 0.0129712796)
(-0.0005263157895 0.02403338577 0.0129712796)
(-0.0002105263158 0.009350518046 0.01284182513)
(-0.0005263157895 0.009350518046 0.01284182513)
(-0.0002105263158 -0.0002105263158 0.008087198667)
(-0.0005263157895 -0.0005263157895 0.008087198667)
(-0.0002105263158 -0.0002105263158 0.01017439733)
(-0.0005263157895 -0.0005263157895 0.01017439733)
(-0.0002105263158 -0.0002105263158 0.012261596)
(-0.0005263157895 -0.0005263157895 0.012261596)
(-0.0002105263158 -0.0002105263158 0.01434879467)
(-0.0005263157895 -0.0005263157895 0.01434879467)
(-0.0002105263158 -0.0002105263158 0.016738404)
(-0.0005263157895 -0.0005263157895 0.016738404)
(-0.0002105263158 -0.0002105263158 0.01882560267)
(-0.0005263157895 -0.0005263157895 0.01882560267)
(-0.0002105263158 -0.0002105263158 0.02091280133)
(-0.0005263157895 -0.0005263157895 0.02091280133)
(-0.0002105263158 -0.0002105263158 0.02321052632)
(-0.0005263157895 -0.0005263157895 0.02352631579)
(-0.0002105263158 0.04021052632 0.008087198667)
(-0.0005263157895 0.04052631579 0.008087198667)
(-0.0002105263158 0.04021052632 0.01017439733)
(-0.0005263157895 0.04052631579 0.01017439733)
(-0.0002105263158 0.04021052632 0.012261596)
(-0.0005263157895 0.04052631579 0.012261596)
(-0.0002105263158 0.04021052632 0.01434879467)
(-0.0005263157895 0.04052631579 0.01434879467)
(-0.0002105263158 0.04021052632 0.016738404)
(-0.0005263157895 0.04052631579 0.016738404)
(-0.0002105263158 0.04021052632 0.01882560267)
(-0.0005263157895 0.04052631579 0.01882560267)
(-0.0002105263158 0.04021052632 0.02091280133)
(-0.0005263157895 0.04052631579 0.02091280133)
(-0.0002105263158 0.04021052632 0.02321052632)
(-0.0005263157895 0.04052631579 0.02352631579)
(-0.0002105263158 0.002036825148 0.02321052632)
(-0.0005263157895 0.002036825148 0.02352631579)
(-0.0002105263158 0.03796317485 0.02321052632)
(-0.0005263157895 0.03796317485 0.02352631579)
(-0.0002105263158 0.004073650296 0.02321052632)
(-0.0005263157895 0.004073650296 0.02352631579)
(-0.0002105263158 0.006250134104 0.02321052632)
(-0.0005263157895 0.006250134104 0.02352631579)
(-0.0002105263158 0.008445694419 0.02321052632)
(-0.0005263157895 0.008445694419 0.02352631579)
(-0.0002105263158 0.01048251957 0.02321052632)
(-0.0005263157895 0.01048251957 0.02352631579)
(-0.0002105263158 0.01251934472 0.02321052632)
(-0.0005263157895 0.01251934472 0.02352631579)
(-0.0002105263158 0.01455616986 0.02321052632)
(-0.0005263157895 0.01455616986 0.02352631579)
(-0.0002105263158 0.01660860291 0.02321052632)
(-0.0005263157895 0.01660860291 0.02352631579)
(-0.0002105263158 0.01913078434 0.02321052632)
(-0.0005263157895 0.01913078434 0.02352631579)
(-0.0002105263158 0.02116760949 0.02321052632)
(-0.0005263157895 0.02116760949 0.02352631579)
(-0.0002105263158 0.02320443464 0.02321052632)
(-0.0005263157895 0.02320443464 0.02352631579)
(-0.0002105263158 0.02524125978 0.02321052632)
(-0.0005263157895 0.02524125978 0.02352631579)
(-0.0002105263158 0.02727808493 0.02321052632)
(-0.0005263157895 0.02727808493 0.02352631579)
(-0.0002105263158 0.02938818843 0.02321052632)
(-0.0005263157895 0.02938818843 0.02352631579)
(-0.0002105263158 0.03185269941 0.02321052632)
(-0.0005263157895 0.03185269941 0.02352631579)
(-0.0002105263158 0.03388952456 0.02321052632)
(-0.0005263157895 0.03388952456 0.02352631579)
(-0.0002105263158 0.0359263497 0.02321052632)
(-0.0005263157895 0.0359263497 0.02352631579)
(0.002157894737 0.04021052632 0.006131578947)
(0.002394736842 0.04052631579 0.006328947368)
(0.0035 0.04021052632 0.006210526316)
(0.0035 0.04052631579 0.006526315789)
(0.004842105263 0.04021052632 0.006131578947)
(0.004605263158 0.04052631579 0.006328947368)
(0.007157894737 0.04021052632 0.006131578947)
(0.007394736842 0.04052631579 0.006328947368)
(0.0085 0.04021052632 0.006210526316)
(0.0085 0.04052631579 0.006526315789)
(0.009842105263 0.04021052632 0.006131578947)
(0.009605263158 0.04052631579 0.006328947368)
(0.01215789474 0.04021052632 0.006131578947)
(0.01239473684 0.04052631579 0.006328947368)
(0.0135 0.04021052632 0.006210526316)
(0.0135 0.04052631579 0.006526315789)
(0.01484210526 0.04021052632 0.006131578947)
(0.01460526316 0.04052631579 0.006328947368)
(0.01715789474 0.04021052632 0.006131578947)
(0.01739473684 0.04052631579 0.006328947368)
(0.0185 0.04021052632 0.006210526316)
(0.0185 0.04052631579 0.006526315789)
(0.01984210526 0.04021052632 0.006131578947)
(0.01960526316 0.04052631579 0.006328947368)
(0.02215789474 0.04021052632 0.006131578947)
(0.02239473684 0.04052631579 0.006328947368)
(0.0235 0.04021052632 0.006210526316)
(0.0235 0.04052631579 0.006526315789)
(0.02484210526 0.04021052632 0.006131578947)
(0.02460526316 0.04052631579 0.006328947368)
(0.02715789474 0.04021052632 0.006131578947)
(0.02739473684 0.04052631579 0.006328947368)
(0.0285 0.04021052632 0.006210526316)
(0.0285 0.04052631579 0.006526315789)
(0.02984210526 0.04021052632 0.006131578947)
(0.02960526316 0.04052631579 0.006328947368)
(0.03215789474 0.04021052632 0.006131578947)
(0.03239473684 0.04052631579 0.006328947368)
(0.0335 0.04021052632 0.006210526316)
(0.0335 0.04052631579 0.006526315789)
(0.03484210526 0.04021052632 0.006131578947)
(0.03460526316 0.04052631579 0.006328947368)
(0.03715789474 0.04021052632 0.006131578947)
(0.03739473684 0.04052631579 0.006328947368)
(0.0385 0.04021052632 0.006210526316)
(0.0385 0.04052631579 0.006526315789)
(0.03984210526 0.04021052632 0.006131578947)
(0.03960526316 0.04052631579 0.006328947368)
(0.04221052632 0.04021052632 0.006)
(0.04252631579 0.04052631579 0.006)
(0.04221052632 0.001955240926 0.006)
(0.04252631579 0.001955240926 0.006)
(0.04221052632 0.003910481852 0.006)
(0.04252631579 0.003910481852 0.006)
(0.04221052632 0.005947492783 0.006)
(0.04252631579 0.005947492783 0.006)
(0.04221052632 0.008119357531 0.006)
(0.04252631579 0.008119357531 0.006)
(0.04221052632 0.01007459846 0.006)
(0.04252631579 0.01007459846 0.006)
(0.04221052632 0.01202983938 0.006)
(0.04252631579 0.01202983938 0.006)
(0.04221052632 0.01398508031 0.006)
(0.04252631579 0.01398508031 0.006)
(0.04221052632 0.01594032123 0.006)
(0.04252631579 0.01594032123 0.006)
(0.04221052632 0.01819395599 0.006)
(0.04252631579 0.01819395599 0.006)
(0.04221052632 0.02014919691 0.006)
(0.04252631579 0.02014919691 0.006)
(0.04221052632 0.02210443784 0.006)
(0.04252631579 0.02210443784 0.006)
(0.04221052632 0.02405967877 0.006)
(0.04252631579 0.02405967877 0.006)
(0.04221052632 0.02601491969 0.006)
(0.04252631579 0.02601491969 0.006)
(0.04221052632 0.02797016062 0.006)
(0.04252631579 0.02797016062 0.006)
(0.04221052632 0.03010643355 0.006)
(0.04252631579 0.03010643355 0.006)
(0.04221052632 0.0321790363 0.006)
(0.04252631579 0.0321790363 0.006)
(0.04221052632 0.03413427722 0.006)
(0.04252631579 0.03413427722 0.006)
(0.04221052632 0.03608951815 0.006)
(0.04252631579 0.03608951815 0.006)
(0.04221052632 0.03804475907 0.006)
(0.04252631579 0.03804475907 0.006)
(0.002210526316 -0.0002105263158 0.02321052632)
(0.002526315789 -0.0005263157895 0.02352631579)
(0.002210526316 -0.0002105263158 0.008087198667)
(0.002526315789 -0.0005263157895 0.008087198667)
(0.002210526316 -0.0002105263158 0.01017439733)
(0.002526315789 -0.0005263157895 0.01017439733)
(0.002210526316 -0.0002105263158 0.012261596)
(0.002526315789 -0.0005263157895 0.012261596)
(0.002210526316 -0.0002105263158 0.01434879467)
(0.002526315789 -0.0005263157895 0.01434879467)
(0.002210526316 -0.0002105263158 0.016738404)
(0.002526315789 -0.0005263157895 0.016738404)
(0.002210526316 -0.0002105263158 0.01882560267)
(0.002526315789 -0.0005263157895 0.01882560267)
(0.002210526316 -0.0002105263158 0.02091280133)
(0.002526315789 -0.0005263157895 0.02091280133)
(0.003439147659 0.002442565835 0.006210526316)
(0.003439147659 0.002442565835 0.006526315789)
(0.002210526316 0.001955240926 0.006210526316)
(0.002526315789 0.001955240926 0.006526315789)
(0.002210526316 0.003910481852 0.006210526316)
(0.002526315789 0.003910481852 0.006526315789)
(0.002210526316 0.005947492783 0.006210526316)
(0.002526315789 0.005947492783 0.006526315789)
(0.002210526316 0.008119357531 0.006210526316)
(0.002526315789 0.008119357531 0.006526315789)
(0.002210526316 0.01007459846 0.006210526316)
(0.002526315789 0.01007459846 0.006526315789)
(0.002210526316 0.01398508031 0.006210526316)
(0.002526315789 0.01398508031 0.006526315789)
(0.002210526316 0.01202983938 0.006210526316)
(0.002526315789 0.01202983938 0.006526315789)
(0.002210526316 0.01594032123 0.006210526316)
(0.002526315789 0.01594032123 0.006526315789)
(0.002210526316 0.01819395599 0.006210526316)
(0.002526315789 0.01819395599 0.006526315789)
(0.002210526316 0.02014919691 0.006210526316)
(0.002526315789 0.02014919691 0.006526315789)
(0.002210526316 0.02210443784 0.006210526316)
(0.002526315789 0.02210443784 0.006526315789)
(0.002210526316 0.02601491969 0.006210526316)
(0.002526315789 0.02601491969 0.006526315789)
(0.002210526316 0.02405967877 0.006210526316)
(0.002526315789 0.02405967877 0.006526315789)
(0.002210526316 0.02797016062 0.006210526316)
(0.002526315789 0.02797016062 0.006526315789)
(0.002210526316 0.03010643355 0.006210526316)
(0.002526315789 0.03010643355 0.006526315789)
(0.002210526316 0.0321790363 0.006210526316)
(0.002526315789 0.0321790363 0.006526315789)
(0.002210526316 0.03413427722 0.006210526316)
(0.002526315789 0.03413427722 0.006526315789)
(0.002210526316 0.03608951815 0.006210526316)
(0.002526315789 0.03608951815 0.006526315789)
(0.002210526316 0.03804475907 0.006210526316)
(0.002526315789 0.03804475907 0.006526315789)
(0.004789473684 0.003910481852 0.006210526316)
(0.004473684211 0.003910481852 0.006526315789)
(0.004789473684 0.008119357531 0.006210526316)
(0.004473684211 0.008119357531 0.006526315789)
(0.004789473684 0.005947492783 0.006210526316)
(0.004473684211 0.005947492783 0.006526315789)
(0.004789473684 0.01007459846 0.006210526316)
(0.004473684211 0.01007459846 0.006526315789)
(0.004789473684 0.01202983938 0.006210526316)
(0.004473684211 0.01202983938 0.006526315789)
(0.004789473684 0.01398508031 0.006210526316)
(0.004473684211 0.01398508031 0.006526315789)
(0.004789473684 0.01594032123 0.006210526316)
(0.004473684211 0.01594032123 0.006526315789)
(0.004789473684 0.01819395599 0.006210526316)
(0.004473684211 0.01819395599 0.006526315789)
(0.004789473684 0.02014919691 0.006210526316)
(0.004473684211 0.02014919691 0.006526315789)
(0.004789473684 0.02210443784 0.006210526316)
(0.004473684211 0.02210443784 0.006526315789)
(0.004789473684 0.02405967877 0.006210526316)
(0.004473684211 0.02405967877 0.006526315789)
(0.004789473684 0.02601491969 0.006210526316)
(0.004473684211 0.02601491969 0.006526315789)
(0.004789473684 0.02797016062 0.006210526316)
(0.004473684211 0.02797016062 0.006526315789)
(0.004789473684 0.0321790363 0.006210526316)
(0.004473684211 0.0321790363 0.006526315789)
(0.004789473684 0.03413427722 0.006210526316)
(0.004473684211 0.03413427722 0.006526315789)
(0.004789473684 0.03804475907 0.006210526316)
(0.004473684211 0.03804475907 0.006526315789)
(0.004789473684 0.001955240926 0.006210526316)
(0.004473684211 0.001955240926 0.006526315789)
(0.004789473684 0.03010643355 0.006210526316)
(0.004473684211 0.03010643355 0.006526315789)
(0.004789473684 0.03608951815 0.006210526316)
(0.004473684211 0.03608951815 0.006526315789)
(0.004789473684 -0.0002105263158 0.008087198667)
(0.004473684211 -0.0005263157895 0.008087198667)
(0.004789473684 -0.0002105263158 0.01017439733)
(0.004473684211 -0.0005263157895 0.01017439733)
(0.004789473684 -0.0002105263158 0.012261596)
(0.004473684211 -0.0005263157895 0.012261596)
(0.004789473684 -0.0002105263158 0.01434879467)
(0.004473684211 -0.0005263157895 0.01434879467)
(0.004789473684 -0.0002105263158 0.016738404)
(0.004473684211 -0.0005263157895 0.016738404)
(0.004789473684 -0.0002105263158 0.01882560267)
(0.004473684211 -0.0005263157895 0.01882560267)
(0.004789473684 -0.0002105263158 0.02091280133)
(0.004473684211 -0.0005263157895 0.02091280133)
(0.004789473684 -0.0002105263158 0.02321052632)
(0.004473684211 -0.0005263157895 0.02352631579)
(0.007210526316 -0.0002105263158 0.02321052632)
(0.007526315789 -0.0005263157895 0.02352631579)
(0.007210526316 -0.0002105263158 0.008087198667)
(0.007526315789 -0.0005263157895 0.008087198667)
(0.007210526316 -0.0002105263158 0.01017439733)
(0.007526315789 -0.0005263157895 0.01017439733)
(0.007210526316 -0.0002105263158 0.012261596)
(0.007526315789 -0.0005263157895 0.012261596)
(0.007210526316 -0.0002105263158 0.01434879467)
(0.007526315789 -0.0005263157895 0.01434879467)
(0.007210526316 -0.0002105263158 0.016738404)
(0.007526315789 -0.0005263157895 0.016738404)
(0.007210526316 -0.0002105263158 0.01882560267)
(0.007526315789 -0.0005263157895 0.01882560267)
(0.007210526316 -0.0002105263158 0.02091280133)
(0.007526315789 -0.0005263157895 0.02091280133)
(0.008495086825 0.002573075542 0.006210526316)
(0.008495086825 0.002573075542 0.006526315789)
(0.007210526316 0.001955240926 0.006210526316)
(0.007526315789 0.001955240926 0.006526315789)
(0.007210526316 0.003910481852 0.006210526316)
(0.007526315789 0.003910481852 0.006526315789)
(0.007210526316 0.005947492783 0.006210526316)
(0.007526315789 0.005947492783 0.006526315789)
(0.007210526316 0.008119357531 0.006210526316)
(0.007526315789 0.008119357531 0.006526315789)
(0.007210526316 0.01007459846 0.006210526316)
(0.007526315789 0.01007459846 0.006526315789)
(0.007210526316 0.01202983938 0.006210526316)
(0.007526315789 0.01202983938 0.006526315789)
(0.007210526316 0.01398508031 0.006210526316)
(0.007526315789 0.01398508031 0.006526315789)
(0.007210526316 0.01594032123 0.006210526316)
(0.007526315789 0.01594032123 0.006526315789)
(0.007210526316 0.01819395599 0.006210526316)
(0.007526315789 0.01819395599 0.006526315789)
(0.007210526316 0.02014919691 0.006210526316)
(0.007526315789 0.02014919691 0.006526315789)
(0.007210526316 0.02210443784 0.006210526316)
(0.007526315789 0.02210443784 0.006526315789)
(0.007210526316 0.02405967877 0.006210526316)
(0.007526315789 0.02405967877 0.006526315789)
(0.007210526316 0.02601491969 0.006210526316)
(0.007526315789 0.02601491969 0.006526315789)
(0.007210526316 0.02797016062 0.006210526316)
(0.007526315789 0.02797016062 0.006526315789)
(0.007210526316 0.03010643355 0.006210526316)
(0.007526315789 0.03010643355 0.006526315789)
(0.007210526316 0.0321790363 0.006210526316)
(0.007526315789 0.0321790363 0.006526315789)
(0.007210526316 0.03413427722 0.006210526316)
(0.007526315789 0.03413427722 0.006526315789)
(0.007210526316 0.03608951815 0.006210526316)
(0.007526315789 0.03608951815 0.006526315789)
(0.007210526316 0.03804475907 0.006210526316)
(0.007526315789 0.03804475907 0.006526315789)
(0.009789473684 0.004073650296 0.006210526316)
(0.009473684211 0.004073650296 0.006526315789)
(0.009789473684 0.006250134104 0.006210526316)
(0.009473684211 0.006250134104 0.006526315789)
(0.009789473684 0.008445694419 0.006210526316)
(0.009473684211 0.008445694419 0.006526315789)
(0.009789473684 0.01048251957 0.006210526316)
(0.009473684211 0.01048251957 0.006526315789)
(0.009789473684 0.01251934472 0.006210526316)
(0.009473684211 0.01251934472 0.006526315789)
(0.009789473684 0.01455616986 0.006210526316)
(0.009473684211 0.01455616986 0.006526315789)
(0.009789473684 0.01660860291 0.006210526316)
(0.009473684211 0.01660860291 0.006526315789)
(0.009789473684 0.01913078434 0.006210526316)
(0.009473684211 0.01913078434 0.006526315789)
(0.009789473684 0.02116760949 0.006210526316)
(0.009473684211 0.02116760949 0.006526315789)
(0.009789473684 0.02320443464 0.006210526316)
(0.009473684211 0.02320443464 0.006526315789)
(0.009789473684 0.02524125978 0.006210526316)
(0.009473684211 0.02524125978 0.006526315789)
(0.009789473684 0.02727808493 0.006210526316)
(0.009473684211 0.02727808493 0.006526315789)
(0.009789473684 0.02938818843 0.006210526316)
(0.009473684211 0.02938818843 0.006526315789)
(0.009789473684 0.03185269941 0.006210526316)
(0.009473684211 0.03185269941 0.006526315789)
(0.009789473684 0.03388952456 0.006210526316)
(0.009473684211 0.03388952456 0.006526315789)
(0.009789473684 0.0359263497 0.006210526316)
(0.009473684211 0.0359263497 0.006526315789)
(0.009789473684 0.03796317485 0.006210526316)
(0.009473684211 0.03796317485 0.006526315789)
(0.009789473684 0.002036825148 0.006210526316)
(0.009473684211 0.002036825148 0.006526315789)
(0.009789473684 -0.0002105263158 0.008087198667)
(0.009473684211 -0.0005263157895 0.008087198667)
(0.009789473684 -0.0002105263158 0.01017439733)
(0.009473684211 -0.0005263157895 0.01017439733)
(0.009789473684 -0.0002105263158 0.012261596)
(0.009473684211 -0.0005263157895 0.012261596)
(0.009789473684 -0.0002105263158 0.01434879467)
(0.009473684211 -0.0005263157895 0.01434879467)
(0.009789473684 -0.0002105263158 0.016738404)
(0.009473684211 -0.0005263157895 0.016738404)
(0.009789473684 -0.0002105263158 0.01882560267)
(0.009473684211 -0.0005263157895 0.01882560267)
(0.009789473684 -0.0002105263158 0.02091280133)
(0.009473684211 -0.0005263157895 0.02091280133)
(0.009789473684 -0.0002105263158 0.02321052632)
(0.009473684211 -0.0005263157895 0.02352631579)
(0.01221052632 -0.0002105263158 0.02321052632)
(0.01252631579 -0.0005263157895 0.02352631579)
(0.01221052632 -0.0002105263158 0.008087198667)
(0.01252631579 -0.0005263157895 0.008087198667)
(0.01221052632 -0.0002105263158 0.01017439733)
(0.01252631579 -0.0005263157895 0.01017439733)
(0.01221052632 -0.0002105263158 0.012261596)
(0.01252631579 -0.0005263157895 0.012261596)
(0.01221052632 -0.0002105263158 0.01434879467)
(0.01252631579 -0.0005263157895 0.01434879467)
(0.01221052632 -0.0002105263158 0.016738404)
(0.01252631579 -0.0005263157895 0.016738404)
(0.01221052632 -0.0002105263158 0.01882560267)
(0.01252631579 -0.0005263157895 0.01882560267)
(0.01221052632 -0.0002105263158 0.02091280133)
(0.01252631579 -0.0005263157895 0.02091280133)
(0.0135 0.002469339665 0.006210526316)
(0.0135 0.002469339665 0.006526315789)
(0.01221052632 0.001955240926 0.006210526316)
(0.01252631579 0.001955240926 0.006526315789)
(0.01221052632 0.003910481852 0.006210526316)
(0.01252631579 0.003910481852 0.006526315789)
(0.01221052632 0.005947492783 0.006210526316)
(0.01252631579 0.005947492783 0.006526315789)
(0.01221052632 0.008119357531 0.006210526316)
(0.01252631579 0.008119357531 0.006526315789)
(0.01221052632 0.01007459846 0.006210526316)
(0.01252631579 0.01007459846 0.006526315789)
(0.01221052632 0.01398508031 0.006210526316)
(0.01252631579 0.01398508031 0.006526315789)
(0.01221052632 0.01202983938 0.006210526316)
(0.01252631579 0.01202983938 0.006526315789)
(0.01221052632 0.01594032123 0.006210526316)
(0.01252631579 0.01594032123 0.006526315789)
(0.01221052632 0.01819395599 0.006210526316)
(0.01252631579 0.01819395599 0.006526315789)
(0.01221052632 0.02014919691 0.006210526316)
(0.01252631579 0.02014919691 0.006526315789)
(0.01221052632 0.02210443784 0.006210526316)
(0.01252631579 0.02210443784 0.006526315789)
(0.01221052632 0.02601491969 0.006210526316)
(0.01252631579 0.02601491969 0.006526315789)
(0.01221052632 0.02405967877 0.006210526316)
(0.01252631579 0.02405967877 0.006526315789)
(0.01221052632 0.02797016062 0.006210526316)
(0.01252631579 0.02797016062 0.006526315789)
(0.01221052632 0.03010643355 0.006210526316)
(0.01252631579 0.03010643355 0.006526315789)
(0.01221052632 0.0321790363 0.006210526316)
(0.01252631579 0.0321790363 0.006526315789)
(0.01221052632 0.03413427722 0.006210526316)
(0.01252631579 0.03413427722 0.006526315789)
(0.01221052632 0.03608951815 0.006210526316)
(0.01252631579 0.03608951815 0.006526315789)
(0.01221052632 0.03804475907 0.006210526316)
(0.01252631579 0.03804475907 0.006526315789)
(0.01478947368 0.003910481852 0.006210526316)
(0.01447368421 0.003910481852 0.006526315789)
(0.01478947368 0.008119357531 0.006210526316)
(0.01447368421 0.008119357531 0.006526315789)
(0.01478947368 0.005947492783 0.006210526316)
(0.01447368421 0.005947492783 0.006526315789)
(0.01478947368 0.01007459846 0.006210526316)
(0.01447368421 0.01007459846 0.006526315789)
(0.01478947368 0.01202983938 0.006210526316)
(0.01447368421 0.01202983938 0.006526315789)
(0.01478947368 0.01398508031 0.006210526316)
(0.01447368421 0.01398508031 0.006526315789)
(0.01478947368 0.01594032123 0.006210526316)
(0.01447368421 0.01594032123 0.006526315789)
(0.01478947368 0.01819395599 0.006210526316)
(0.01447368421 0.01819395599 0.006526315789)
(0.01478947368 0.02014919691 0.006210526316)
(0.01447368421 0.02014919691 0.006526315789)
(0.01478947368 0.02210443784 0.006210526316)
(0.01447368421 0.02210443784 0.006526315789)
(0.01478947368 0.02405967877 0.006210526316)
(0.01447368421 0.02405967877 0.006526315789)
(0.01478947368 0.02601491969 0.006210526316)
(0.01447368421 0.02601491969 0.006526315789)
(0.01478947368 0.02797016062 0.006210526316)
(0.01447368421 0.02797016062 0.006526315789)
(0.01478947368 0.0321790363 0.006210526316)
(0.01447368421 0.0321790363 0.006526315789)
(0.01478947368 0.03413427722 0.006210526316)
(0.01447368421 0.03413427722 0.006526315789)
(0.01478947368 0.03804475907 0.006210526316)
(0.01447368421 0.03804475907 0.006526315789)
(0.01478947368 0.001955240926 0.006210526316)
(0.01447368421 0.001955240926 0.006526315789)
(0.01478947368 0.03010643355 0.006210526316)
(0.01447368421 0.03010643355 0.006526315789)
(0.01478947368 0.03608951815 0.006210526316)
(0.01447368421 0.03608951815 0.006526315789)
(0.01478947368 -0.0002105263158 0.008087198667)
(0.01447368421 -0.0005263157895 0.008087198667)
(0.01478947368 -0.0002105263158 0.01017439733)
(0.01447368421 -0.0005263157895 0.01017439733)
(0.01478947368 -0.0002105263158 0.012261596)
(0.01447368421 -0.0005263157895 0.012261596)
(0.01478947368 -0.0002105263158 0.01434879467)
(0.01447368421 -0.0005263157895 0.01434879467)
(0.01478947368 -0.0002105263158 0.016738404)
(0.01447368421 -0.0005263157895 0.016738404)
(0.01478947368 -0.0002105263158 0.01882560267)
(0.01447368421 -0.0005263157895 0.01882560267)
(0.01478947368 -0.0002105263158 0.02091280133)
(0.01447368421 -0.0005263157895 0.02091280133)
(0.01478947368 -0.0002105263158 0.02321052632)
(0.01447368421 -0.0005263157895 0.02352631579)
(0.01721052632 -0.0002105263158 0.02321052632)
(0.01752631579 -0.0005263157895 0.02352631579)
(0.01721052632 -0.0002105263158 0.008087198667)
(0.01752631579 -0.0005263157895 0.008087198667)
(0.01721052632 -0.0002105263158 0.01017439733)
(0.01752631579 -0.0005263157895 0.01017439733)
(0.01721052632 -0.0002105263158 0.012261596)
(0.01752631579 -0.0005263157895 0.012261596)
(0.01721052632 -0.0002105263158 0.01434879467)
(0.01752631579 -0.0005263157895 0.01434879467)
(0.01721052632 -0.0002105263158 0.016738404)
(0.01752631579 -0.0005263157895 0.016738404)
(0.01721052632 -0.0002105263158 0.01882560267)
(0.01752631579 -0.0005263157895 0.01882560267)
(0.01721052632 -0.0002105263158 0.02091280133)
(0.01752631579 -0.0005263157895 0.02091280133)
(0.01857834723 0.002525309209 0.006210526316)
(0.01857834723 0.002525309209 0.006526315789)
(0.01721052632 0.001955240926 0.006210526316)
(0.01752631579 0.001955240926 0.006526315789)
(0.01721052632 0.003910481852 0.006210526316)
(0.01752631579 0.003910481852 0.006526315789)
(0.01721052632 0.005947492783 0.006210526316)
(0.01752631579 0.005947492783 0.006526315789)
(0.01721052632 0.008119357531 0.006210526316)
(0.01752631579 0.008119357531 0.006526315789)
(0.01721052632 0.01007459846 0.006210526316)
(0.01752631579 0.01007459846 0.006526315789)
(0.01721052632 0.01202983938 0.006210526316)
(0.01752631579 0.01202983938 0.006526315789)
(0.01721052632 0.01398508031 0.006210526316)
(0.01752631579 0.01398508031 0.006526315789)
(0.01721052632 0.01594032123 0.006210526316)
(0.01752631579 0.01594032123 0.006526315789)
(0.01721052632 0.01819395599 0.006210526316)
(0.01752631579 0.01819395599 0.006526315789)
(0.01721052632 0.02014919691 0.006210526316)
(0.01752631579 0.02014919691 0.006526315789)
(0.01721052632 0.02210443784 0.006210526316)
(0.01752631579 0.02210443784 0.006526315789)
(0.01721052632 0.02405967877 0.006210526316)
(0.01752631579 0.02405967877 0.006526315789)
(0.01721052632 0.02601491969 0.006210526316)
(0.01752631579 0.02601491969 0.006526315789)
(0.01721052632 0.02797016062 0.006210526316)
(0.01752631579 0.02797016062 0.006526315789)
(0.01721052632 0.03010643355 0.006210526316)
(0.01752631579 0.03010643355 0.006526315789)
(0.01721052632 0.0321790363 0.006210526316)
(0.01752631579 0.0321790363 0.006526315789)
(0.01721052632 0.03413427722 0.006210526316)
(0.01752631579 0.03413427722 0.006526315789)
(0.01721052632 0.03608951815 0.006210526316)
(0.01752631579 0.03608951815 0.006526315789)
(0.01721052632 0.03804475907 0.006210526316)
(0.01752631579 0.03804475907 0.006526315789)
(0.01978947368 0.004073650296 0.006210526316)
(0.01947368421 0.004073650296 0.006526315789)
(0.01978947368 0.006250134104 0.006210526316)
(0.01947368421 0.006250134104 0.006526315789)
(0.01978947368 0.008445694419 0.006210526316)
(0.01947368421 0.008445694419 0.006526315789)
(0.01978947368 0.01048251957 0.006210526316)
(0.01947368421 0.01048251957 0.006526315789)
(0.01978947368 0.01251934472 0.006210526316)
(0.01947368421 0.01251934472 0.006526315789)
(0.01978947368 0.01455616986 0.006210526316)
(0.01947368421 0.01455616986 0.006526315789)
(0.01978947368 0.01660860291 0.006210526316)
(0.01947368421 0.01660860291 0.006526315789)
(0.01978947368 0.01913078434 0.006210526316)
(0.01947368421 0.01913078434 0.006526315789)
(0.01978947368 0.02116760949 0.006210526316)
(0.01947368421 0.02116760949 0.006526315789)
(0.01978947368 0.02320443464 0.006210526316)
(0.01947368421 0.02320443464 0.006526315789)
(0.01978947368 0.02524125978 0.006210526316)
(0.01947368421 0.02524125978 0.006526315789)
(0.01978947368 0.02727808493 0.006210526316)
(0.01947368421 0.02727808493 0.006526315789)
(0.01978947368 0.02938818843 0.006210526316)
(0.01947368421 0.02938818843 0.006526315789)
(0.01978947368 0.03185269941 0.006210526316)
(0.01947368421 0.03185269941 0.006526315789)
(0.01978947368 0.03388952456 0.006210526316)
(0.01947368421 0.03388952456 0.006526315789)
(0.01978947368 0.0359263497 0.006210526316)
(0.01947368421 0.0359263497 0.006526315789)
(0.01978947368 0.03796317485 0.006210526316)
(0.01947368421 0.03796317485 0.006526315789)
(0.01978947368 0.002036825148 0.006210526316)
(0.01947368421 0.002036825148 0.006526315789)
(0.01978947368 -0.0002105263158 0.008087198667)
(0.01947368421 -0.0005263157895 0.008087198667)
(0.01978947368 -0.0002105263158 0.01017439733)
(0.01947368421 -0.0005263157895 0.01017439733)
(0.01978947368 -0.0002105263158 0.012261596)
(0.01947368421 -0.0005263157895 0.012261596)
(0.01978947368 -0.0002105263158 0.01434879467)
(0.01947368421 -0.0005263157895 0.01434879467)
(0.01978947368 -0.0002105263158 0.016738404)
(0.01947368421 -0.0005263157895 0.016738404)
(0.01978947368 -0.0002105263158 0.01882560267)
(0.01947368421 -0.0005263157895 0.01882560267)
(0.01978947368 -0.0002105263158 0.02091280133)
(0.01947368421 -0.0005263157895 0.02091280133)
(0.01978947368 -0.0002105263158 0.02321052632)
(0.01947368421 -0.0005263157895 0.02352631579)
(0.02221052632 -0.0002105263158 0.02321052632)
(0.02252631579 -0.0005263157895 0.02352631579)
(0.02221052632 -0.0002105263158 0.008087198667)
(0.02252631579 -0.0005263157895 0.008087198667)
(0.02221052632 -0.0002105263158 0.01017439733)
(0.02252631579 -0.0005263157895 0.01017439733)
(0.02221052632 -0.0002105263158 0.012261596)
(0.02252631579 -0.0005263157895 0.012261596)
(0.02221052632 -0.0002105263158 0.01434879467)
(0.02252631579 -0.0005263157895 0.01434879467)
(0.02221052632 -0.0002105263158 0.016738404)
(0.02252631579 -0.0005263157895 0.016738404)
(0.02221052632 -0.0002105263158 0.01882560267)
(0.02252631579 -0.0005263157895 0.01882560267)
(0.02221052632 -0.0002105263158 0.02091280133)
(0.02252631579 -0.0005263157895 0.02091280133)
(0.02356085236 0.002442565832 0.006210526316)
(0.02356085236 0.002442565832 0.006526315789)
(0.02221052632 0.001955240926 0.006210526316)
(0.02252631579 0.001955240926 0.006526315789)
(0.02221052632 0.003910481852 0.006210526316)
(0.02252631579 0.003910481852 0.006526315789)
(0.02221052632 0.005947492783 0.006210526316)
(0.02252631579 0.005947492783 0.006526315789)
(0.02221052632 0.008119357531 0.006210526316)
(0.02252631579 0.008119357531 0.006526315789)
(0.02221052632 0.01007459846 0.006210526316)
(0.02252631579 0.01007459846 0.006526315789)
(0.02221052632 0.01398508031 0.006210526316)
(0.02252631579 0.01398508031 0.006526315789)
(0.02221052632 0.01202983938 0.006210526316)
(0.02252631579 0.01202983938 0.006526315789)
(0.02221052632 0.01594032123 0.006210526316)
(0.02252631579 0.01594032123 0.006526315789)
(0.02221052632 0.01819395599 0.006210526316)
(0.02252631579 0.01819395599 0.006526315789)
(0.02221052632 0.02014919691 0.006210526316)
(0.02252631579 0.02014919691 0.006526315789)
(0.02221052632 0.02210443784 0.006210526316)
(0.02252631579 0.02210443784 0.006526315789)
(0.02221052632 0.02601491969 0.006210526316)
(0.02252631579 0.02601491969 0.006526315789)
(0.02221052632 0.02405967877 0.006210526316)
(0.02252631579 0.02405967877 0.006526315789)
(0.02221052632 0.02797016062 0.006210526316)
(0.02252631579 0.02797016062 0.006526315789)
(0.02221052632 0.03010643355 0.006210526316)
(0.02252631579 0.03010643355 0.006526315789)
(0.02221052632 0.0321790363 0.006210526316)
(0.02252631579 0.0321790363 0.006526315789)
(0.02221052632 0.03413427722 0.006210526316)
(0.02252631579 0.03413427722 0.006526315789)
(0.02221052632 0.03608951815 0.006210526316)
(0.02252631579 0.03608951815 0.006526315789)
(0.02221052632 0.03804475907 0.006210526316)
(0.02252631579 0.03804475907 0.006526315789)
(0.02478947368 0.003910481852 0.006210526316)
(0.02447368421 0.003910481852 0.006526315789)
(0.02478947368 0.008119357531 0.006210526316)
(0.02447368421 0.008119357531 0.006526315789)
(0.02478947368 0.005947492783 0.006210526316)
(0.02447368421 0.005947492783 0.006526315789)
(0.02478947368 0.01007459846 0.006210526316)
(0.02447368421 0.01007459846 0.006526315789)
(0.02478947368 0.01202983938 0.006210526316)
(0.02447368421 0.01202983938 0.006526315789)
(0.02478947368 0.01398508031 0.006210526316)
(0.02447368421 0.01398508031 0.006526315789)
(0.02478947368 0.01594032123 0.006210526316)
(0.02447368421 0.01594032123 0.006526315789)
(0.02478947368 0.01819395599 0.006210526316)
(0.02447368421 0.01819395599 0.006526315789)
(0.02478947368 0.02014919691 0.006210526316)
(0.02447368421 0.02014919691 0.006526315789)
(0.02478947368 0.02210443784 0.006210526316)
(0.02447368421 0.02210443784 0.006526315789)
(0.02478947368 0.02405967877 0.006210526316)
(0.02447368421 0.02405967877 0.006526315789)
(0.02478947368 0.02601491969 0.006210526316)
(0.02447368421 0.02601491969 0.006526315789)
(0.02478947368 0.02797016062 0.006210526316)
(0.02447368421 0.02797016062 0.006526315789)
(0.02478947368 0.0321790363 0.006210526316)
(0.02447368421 0.0321790363 0.006526315789)
(0.02478947368 0.03413427722 0.006210526316)
(0.02447368421 0.03413427722 0.006526315789)
(0.02478947368 0.03804475907 0.006210526316)
(0.02447368421 0.03804475907 0.006526315789)
(0.02478947368 0.001955240926 0.006210526316)
(0.02447368421 0.001955240926 0.006526315789)
(0.02478947368 0.03010643355 0.006210526316)
(0.02447368421 0.03010643355 0.006526315789)
(0.02478947368 0.03608951815 0.006210526316)
(0.02447368421 0.03608951815 0.006526315789)
(0.02478947368 -0.0002105263158 0.008087198667)
(0.02447368421 -0.0005263157895 0.008087198667)
(0.02478947368 -0.0002105263158 0.01017439733)
(0.02447368421 -0.0005263157895 0.01017439733)
(0.02478947368 -0.0002105263158 0.012261596)
(0.02447368421 -0.0005263157895 0.012261596)
(0.02478947368 -0.0002105263158 0.01434879467)
(0.02447368421 -0.0005263157895 0.01434879467)
(0.02478947368 -0.0002105263158 0.016738404)
(0.02447368421 -0.0005263157895 0.016738404)
(0.02478947368 -0.0002105263158 0.01882560267)
(0.02447368421 -0.0005263157895 0.01882560267)
(0.02478947368 -0.0002105263158 0.02091280133)
(0.02447368421 -0.0005263157895 0.02091280133)
(0.02478947368 -0.0002105263158 0.02321052632)
(0.02447368421 -0.0005263157895 0.02352631579)
(0.02721052632 -0.0002105263158 0.02321052632)
(0.02752631579 -0.0005263157895 0.02352631579)
(0.02721052632 -0.0002105263158 0.008087198667)
(0.02752631579 -0.0005263157895 0.008087198667)
(0.02721052632 -0.0002105263158 0.01017439733)
(0.02752631579 -0.0005263157895 0.01017439733)
(0.02721052632 -0.0002105263158 0.012261596)
(0.02752631579 -0.0005263157895 0.012261596)
(0.02721052632 -0.0002105263158 0.01434879467)
(0.02752631579 -0.0005263157895 0.01434879467)
(0.02721052632 -0.0002105263158 0.016738404)
(0.02752631579 -0.0005263157895 0.016738404)
(0.02721052632 -0.0002105263158 0.01882560267)
(0.02752631579 -0.0005263157895 0.01882560267)
(0.02721052632 -0.0002105263158 0.02091280133)
(0.02752631579 -0.0005263157895 0.02091280133)
(0.02843914764 0.002442565816 0.006210526316)
(0.02843914764 0.002442565816 0.006526315789)
(0.02721052632 0.001955240926 0.006210526316)
(0.02752631579 0.001955240926 0.006526315789)
(0.02721052632 0.003910481852 0.006210526316)
(0.02752631579 0.003910481852 0.006526315789)
(0.02721052632 0.005947492783 0.006210526316)
(0.02752631579 0.005947492783 0.006526315789)
(0.02721052632 0.008119357531 0.006210526316)
(0.02752631579 0.008119357531 0.006526315789)
(0.02721052632 0.01007459846 0.006210526316)
(0.02752631579 0.01007459846 0.006526315789)
(0.02721052632 0.01398508031 0.006210526316)
(0.02752631579 0.01398508031 0.006526315789)
(0.02721052632 0.01202983938 0.006210526316)
(0.02752631579 0.01202983938 0.006526315789)
(0.02721052632 0.01594032123 0.006210526316)
(0.02752631579 0.01594032123 0.006526315789)
(0.02721052632 0.01819395599 0.006210526316)
(0.02752631579 0.01819395599 0.006526315789)
(0.02721052632 0.02014919691 0.006210526316)
(0.02752631579 0.02014919691 0.006526315789)
(0.02721052632 0.02210443784 0.006210526316)
(0.02752631579 0.02210443784 0.006526315789)
(0.02721052632 0.02601491969 0.006210526316)
(0.02752631579 0.02601491969 0.006526315789)
(0.02721052632 0.02405967877 0.006210526316)
(0.02752631579 0.02405967877 0.006526315789)
(0.02721052632 0.02797016062 0.006210526316)
(0.02752631579 0.02797016062 0.006526315789)
(0.02721052632 0.03010643355 0.006210526316)
(0.02752631579 0.03010643355 0.006526315789)
(0.02721052632 0.0321790363 0.006210526316)
(0.02752631579 0.0321790363 0.006526315789)
(0.02721052632 0.03413427722 0.006210526316)
(0.02752631579 0.03413427722 0.006526315789)
(0.02721052632 0.03608951815 0.006210526316)
(0.02752631579 0.03608951815 0.006526315789)
(0.02721052632 0.03804475907 0.006210526316)
(0.02752631579 0.03804475907 0.006526315789)
(0.02978947368 0.003910481852 0.006210526316)
(0.02947368421 0.003910481852 0.006526315789)
(0.02978947368 0.008119357531 0.006210526316)
(0.02947368421 0.008119357531 0.006526315789)
(0.02978947368 0.005947492783 0.006210526316)
(0.02947368421 0.005947492783 0.006526315789)
(0.02978947368 0.01007459846 0.006210526316)
(0.02947368421 0.01007459846 0.006526315789)
(0.02978947368 0.01202983938 0.006210526316)
(0.02947368421 0.01202983938 0.006526315789)
(0.02978947368 0.01398508031 0.006210526316)
(0.02947368421 0.01398508031 0.006526315789)
(0.02978947368 0.01594032123 0.006210526316)
(0.02947368421 0.01594032123 0.006526315789)
(0.02978947368 0.01819395599 0.006210526316)
(0.02947368421 0.01819395599 0.006526315789)
(0.02978947368 0.02014919691 0.006210526316)
(0.02947368421 0.02014919691 0.006526315789)
(0.02978947368 0.02210443784 0.006210526316)
(0.02947368421 0.02210443784 0.006526315789)
(0.02978947368 0.02405967877 0.006210526316)
(0.02947368421 0.02405967877 0.006526315789)
(0.02978947368 0.02601491969 0.006210526316)
(0.02947368421 0.02601491969 0.006526315789)
(0.02978947368 0.02797016062 0.006210526316)
(0.02947368421 0.02797016062 0.006526315789)
(0.02978947368 0.0321790363 0.006210526316)
(0.02947368421 0.0321790363 0.006526315789)
(0.02978947368 0.03413427722 0.006210526316)
(0.02947368421 0.03413427722 0.006526315789)
(0.02978947368 0.03804475907 0.006210526316)
(0.02947368421 0.03804475907 0.006526315789)
(0.02978947368 0.001955240926 0.006210526316)
(0.02947368421 0.001955240926 0.006526315789)
(0.02978947368 0.03010643355 0.006210526316)
(0.02947368421 0.03010643355 0.006526315789)
(0.02978947368 0.03608951815 0.006210526316)
(0.02947368421 0.03608951815 0.006526315789)
(0.02978947368 -0.0002105263158 0.008087198667)
(0.02947368421 -0.0005263157895 0.008087198667)
(0.02978947368 -0.0002105263158 0.01017439733)
(0.02947368421 -0.0005263157895 0.01017439733)
(0.02978947368 -0.0002105263158 0.012261596)
(0.02947368421 -0.0005263157895 0.012261596)
(0.02978947368 -0.0002105263158 0.01434879467)
(0.02947368421 -0.0005263157895 0.01434879467)
(0.02978947368 -0.0002105263158 0.016738404)
(0.02947368421 -0.0005263157895 0.016738404)
(0.02978947368 -0.0002105263158 0.01882560267)
(0.02947368421 -0.0005263157895 0.01882560267)
(0.02978947368 -0.0002105263158 0.02091280133)
(0.02947368421 -0.0005263157895 0.02091280133)
(0.02978947368 -0.0002105263158 0.02321052632)
(0.02947368421 -0.0005263157895 0.02352631579)
(0.03221052632 -0.0002105263158 0.02321052632)
(0.03252631579 -0.0005263157895 0.02352631579)
(0.03221052632 -0.0002105263158 0.008087198667)
(0.03252631579 -0.0005263157895 0.008087198667)
(0.03221052632 -0.0002105263158 0.01017439733)
(0.03252631579 -0.0005263157895 0.01017439733)
(0.03221052632 -0.0002105263158 0.012261596)
(0.03252631579 -0.0005263157895 0.012261596)
(0.03221052632 -0.0002105263158 0.01434879467)
(0.03252631579 -0.0005263157895 0.01434879467)
(0.03221052632 -0.0002105263158 0.016738404)
(0.03252631579 -0.0005263157895 0.016738404)
(0.03221052632 -0.0002105263158 0.01882560267)
(0.03252631579 -0.0005263157895 0.01882560267)
(0.03221052632 -0.0002105263158 0.02091280133)
(0.03252631579 -0.0005263157895 0.02091280133)
(0.03341125024 0.002518158892 0.006210526316)
(0.03341125024 0.002518158892 0.006526315789)
(0.03221052632 0.001955240926 0.006210526316)
(0.03252631579 0.001955240926 0.006526315789)
(0.03221052632 0.003910481852 0.006210526316)
(0.03252631579 0.003910481852 0.006526315789)
(0.03221052632 0.005947492783 0.006210526316)
(0.03252631579 0.005947492783 0.006526315789)
(0.03221052632 0.008119357531 0.006210526316)
(0.03252631579 0.008119357531 0.006526315789)
(0.03221052632 0.01007459846 0.006210526316)
(0.03252631579 0.01007459846 0.006526315789)
(0.03221052632 0.01202983938 0.006210526316)
(0.03252631579 0.01202983938 0.006526315789)
(0.03221052632 0.01398508031 0.006210526316)
(0.03252631579 0.01398508031 0.006526315789)
(0.03221052632 0.01594032123 0.006210526316)
(0.03252631579 0.01594032123 0.006526315789)
(0.03221052632 0.01819395599 0.006210526316)
(0.03252631579 0.01819395599 0.006526315789)
(0.03221052632 0.02014919691 0.006210526316)
(0.03252631579 0.02014919691 0.006526315789)
(0.03221052632 0.02210443784 0.006210526316)
(0.03252631579 0.02210443784 0.006526315789)
(0.03221052632 0.02405967877 0.006210526316)
(0.03252631579 0.02405967877 0.006526315789)
(0.03221052632 0.02601491969 0.006210526316)
(0.03252631579 0.02601491969 0.006526315789)
(0.03221052632 0.02797016062 0.006210526316)
(0.03252631579 0.02797016062 0.006526315789)
(0.03221052632 0.03010643355 0.006210526316)
(0.03252631579 0.03010643355 0.006526315789)
(0.03221052632 0.0321790363 0.006210526316)
(0.03252631579 0.0321790363 0.006526315789)
(0.03221052632 0.03413427722 0.006210526316)
(0.03252631579 0.03413427722 0.006526315789)
(0.03221052632 0.03608951815 0.006210526316)
(0.03252631579 0.03608951815 0.006526315789)
(0.03221052632 0.03804475907 0.006210526316)
(0.03252631579 0.03804475907 0.006526315789)
(0.03478947368 0.004073650296 0.006210526316)
(0.03447368421 0.004073650296 0.006526315789)
(0.03478947368 0.006250134104 0.006210526316)
(0.03447368421 0.006250134104 0.006526315789)
(0.03478947368 0.008445694419 0.006210526316)
(0.03447368421 0.008445694419 0.006526315789)
(0.03478947368 0.01048251957 0.006210526316)
(0.03447368421 0.01048251957 0.006526315789)
(0.03478947368 0.01251934472 0.006210526316)
(0.03447368421 0.01251934472 0.006526315789)
(0.03478947368 0.01455616986 0.006210526316)
(0.03447368421 0.01455616986 0.006526315789)
(0.03478947368 0.01660860291 0.006210526316)
(0.03447368421 0.01660860291 0.006526315789)
(0.03478947368 0.01913078434 0.006210526316)
(0.03447368421 0.01913078434 0.006526315789)
(0.03478947368 0.02116760949 0.006210526316)
(0.03447368421 0.02116760949 0.006526315789)
(0.03478947368 0.02320443464 0.006210526316)
(0.03447368421 0.02320443464 0.006526315789)
(0.03478947368 0.02524125978 0.006210526316)
(0.03447368421 0.02524125978 0.006526315789)
(0.03478947368 0.02727808493 0.006210526316)
(0.03447368421 0.02727808493 0.006526315789)
(0.03478947368 0.02938818843 0.006210526316)
(0.03447368421 0.02938818843 0.006526315789)
(0.03478947368 0.03185269941 0.006210526316)
(0.03447368421 0.03185269941 0.006526315789)
(0.03478947368 0.03388952456 0.006210526316)
(0.03447368421 0.03388952456 0.006526315789)
(0.03478947368 0.0359263497 0.006210526316)
(0.03447368421 0.0359263497 0.006526315789)
(0.03478947368 0.03796317485 0.006210526316)
(0.03447368421 0.03796317485 0.006526315789)
(0.03478947368 0.002036825148 0.006210526316)
(0.03447368421 0.002036825148 0.006526315789)
(0.03478947368 -0.0002105263158 0.008087198667)
(0.03447368421 -0.0005263157895 0.008087198667)
(0.03478947368 -0.0002105263158 0.01017439733)
(0.03447368421 -0.0005263157895 0.01017439733)
(0.03478947368 -0.0002105263158 0.012261596)
(0.03447368421 -0.0005263157895 0.012261596)
(0.03478947368 -0.0002105263158 0.01434879467)
(0.03447368421 -0.0005263157895 0.01434879467)
(0.03478947368 -0.0002105263158 0.016738404)
(0.03447368421 -0.0005263157895 0.016738404)
(0.03478947368 -0.0002105263158 0.01882560267)
(0.03447368421 -0.0005263157895 0.01882560267)
(0.03478947368 -0.0002105263158 0.02091280133)
(0.03447368421 -0.0005263157895 0.02091280133)
(0.03478947368 -0.0002105263158 0.02321052632)
(0.03447368421 -0.0005263157895 0.02352631579)
(0.03721052632 -0.0002105263158 0.02321052632)
(0.03752631579 -0.0005263157895 0.02352631579)
(0.03721052632 -0.0002105263158 0.008087198667)
(0.03752631579 -0.0005263157895 0.008087198667)
(0.03721052632 -0.0002105263158 0.01017439733)
(0.03752631579 -0.0005263157895 0.01017439733)
(0.03721052632 -0.0002105263158 0.012261596)
(0.03752631579 -0.0005263157895 0.012261596)
(0.03721052632 -0.0002105263158 0.01434879467)
(0.03752631579 -0.0005263157895 0.01434879467)
(0.03721052632 -0.0002105263158 0.016738404)
(0.03752631579 -0.0005263157895 0.016738404)
(0.03721052632 -0.0002105263158 0.01882560267)
(0.03752631579 -0.0005263157895 0.01882560267)
(0.03721052632 -0.0002105263158 0.02091280133)
(0.03752631579 -0.0005263157895 0.02091280133)
(0.03849438425 0.002523847387 0.006210526316)
(0.03849438425 0.002523847387 0.006526315789)
(0.03721052632 0.001955240926 0.006210526316)
(0.03752631579 0.001955240926 0.006526315789)
(0.03721052632 0.003910481852 0.006210526316)
(0.03752631579 0.003910481852 0.006526315789)
(0.03721052632 0.005947492783 0.006210526316)
(0.03752631579 0.005947492783 0.006526315789)
(0.03721052632 0.008119357531 0.006210526316)
(0.03752631579 0.008119357531 0.006526315789)
(0.03721052632 0.01007459846 0.006210526316)
(0.03752631579 0.01007459846 0.006526315789)
(0.03721052632 0.01202983938 0.006210526316)
(0.03752631579 0.01202983938 0.006526315789)
(0.03721052632 0.01398508031 0.006210526316)
(0.03752631579 0.01398508031 0.006526315789)
(0.03721052632 0.01594032123 0.006210526316)
(0.03752631579 0.01594032123 0.006526315789)
(0.03721052632 0.01819395599 0.006210526316)
(0.03752631579 0.01819395599 0.006526315789)
(0.03721052632 0.02014919691 0.006210526316)
(0.03752631579 0.02014919691 0.006526315789)
(0.03721052632 0.02210443784 0.006210526316)
(0.03752631579 0.02210443784 0.006526315789)
(0.03721052632 0.02405967877 0.006210526316)
(0.03752631579 0.02405967877 0.006526315789)
(0.03721052632 0.02601491969 0.006210526316)
(0.03752631579 0.02601491969 0.006526315789)
(0.03721052632 0.02797016062 0.006210526316)
(0.03752631579 0.02797016062 0.006526315789)
(0.03721052632 0.03010643355 0.006210526316)
(0.03752631579 0.03010643355 0.006526315789)
(0.03721052632 0.0321790363 0.006210526316)
(0.03752631579 0.0321790363 0.006526315789)
(0.03721052632 0.03413427722 0.006210526316)
(0.03752631579 0.03413427722 0.006526315789)
(0.03721052632 0.03608951815 0.006210526316)
(0.03752631579 0.03608951815 0.006526315789)
(0.03721052632 0.03804475907 0.006210526316)
(0.03752631579 0.03804475907 0.006526315789)
(0.03978947368 0.004073650296 0.006210526316)
(0.03947368421 0.004073650296 0.006526315789)
(0.03978947368 0.006250134104 0.006210526316)
(0.03947368421 0.006250134104 0.006526315789)
(0.03978947368 0.008445694419 0.006210526316)
(0.03947368421 0.008445694419 0.006526315789)
(0.03978947368 0.01048251957 0.006210526316)
(0.03947368421 0.01048251957 0.006526315789)
(0.03978947368 0.01251934472 0.006210526316)
(0.03947368421 0.01251934472 0.006526315789)
(0.03978947368 0.01455616986 0.006210526316)
(0.03947368421 0.01455616986 0.006526315789)
(0.03978947368 0.01660860291 0.006210526316)
(0.03947368421 0.01660860291 0.006526315789)
(0.03978947368 0.01913078434 0.006210526316)
(0.03947368421 0.01913078434 0.006526315789)
(0.03978947368 0.02116760949 0.006210526316)
(0.03947368421 0.02116760949 0.006526315789)
(0.03978947368 0.02320443464 0.006210526316)
(0.03947368421 0.02320443464 0.006526315789)
(0.03978947368 0.02524125978 0.006210526316)
(0.03947368421 0.02524125978 0.006526315789)
(0.03978947368 0.02727808493 0.006210526316)
(0.03947368421 0.02727808493 0.006526315789)
(0.03978947368 0.02938818843 0.006210526316)
(0.03947368421 0.02938818843 0.006526315789)
(0.03978947368 0.03185269941 0.006210526316)
(0.03947368421 0.03185269941 0.006526315789)
(0.03978947368 0.03388952456 0.006210526316)
(0.03947368421 0.03388952456 0.006526315789)
(0.03978947368 0.0359263497 0.006210526316)
(0.03947368421 0.0359263497 0.006526315789)
(0.03978947368 0.03796317485 0.006210526316)
(0.03947368421 0.03796317485 0.006526315789)
(0.03978947368 0.002036825148 0.006210526316)
(0.03947368421 0.002036825148 0.006526315789)
(0.03978947368 -0.0002105263158 0.008087198667)
(0.03947368421 -0.0005263157895 0.008087198667)
(0.03978947368 -0.0002105263158 0.01017439733)
(0.03947368421 -0.0005263157895 0.01017439733)
(0.03978947368 -0.0002105263158 0.012261596)
(0.03947368421 -0.0005263157895 0.012261596)
(0.03978947368 -0.0002105263158 0.01434879467)
(0.03947368421 -0.0005263157895 0.01434879467)
(0.03978947368 -0.0002105263158 0.016738404)
(0.03947368421 -0.0005263157895 0.016738404)
(0.03978947368 -0.0002105263158 0.01882560267)
(0.03947368421 -0.0005263157895 0.01882560267)
(0.03978947368 -0.0002105263158 0.02091280133)
(0.03947368421 -0.0005263157895 0.02091280133)
(0.03978947368 -0.0002105263158 0.02321052632)
(0.03947368421 -0.0005263157895 0.02352631579)
(0.04221052632 -0.0002105263158 0.02321052632)
(0.04252631579 -0.0005263157895 0.02352631579)
(0.04221052632 -0.0002105263158 0.008087198667)
(0.04252631579 -0.0005263157895 0.008087198667)
(0.04221052632 -0.0002105263158 0.01017439733)
(0.04252631579 -0.0005263157895 0.01017439733)
(0.04221052632 -0.0002105263158 0.012261596)
(0.04252631579 -0.0005263157895 0.012261596)
(0.04221052632 -0.0002105263158 0.01434879467)
(0.04252631579 -0.0005263157895 0.01434879467)
(0.04221052632 -0.0002105263158 0.016738404)
(0.04252631579 -0.0005263157895 0.016738404)
(0.04221052632 -0.0002105263158 0.01882560267)
(0.04252631579 -0.0005263157895 0.01882560267)
(0.04221052632 -0.0002105263158 0.02091280133)
(0.04252631579 -0.0005263157895 0.02091280133)
(0.002210526316 0.001955240926 0.02321052632)
(0.002526315789 0.001955240926 0.02352631579)
(0.002210526316 0.003910481852 0.02321052632)
(0.002526315789 0.003910481852 0.02352631579)
(0.002210526316 0.005947492783 0.02321052632)
(0.002526315789 0.005947492783 0.02352631579)
(0.002210526316 0.008119357531 0.02321052632)
(0.002526315789 0.008119357531 0.02352631579)
(0.002210526316 0.01007459846 0.02321052632)
(0.002526315789 0.01007459846 0.02352631579)
(0.002210526316 0.01202983938 0.02321052632)
(0.002526315789 0.01202983938 0.02352631579)
(0.002210526316 0.01398508031 0.02321052632)
(0.002526315789 0.01398508031 0.02352631579)
(0.002210526316 0.01594032123 0.02321052632)
(0.002526315789 0.01594032123 0.02352631579)
(0.002210526316 0.01819395599 0.02321052632)
(0.002526315789 0.01819395599 0.02352631579)
(0.002210526316 0.02014919691 0.02321052632)
(0.002526315789 0.02014919691 0.02352631579)
(0.002210526316 0.02210443784 0.02321052632)
(0.002526315789 0.02210443784 0.02352631579)
(0.002210526316 0.02405967877 0.02321052632)
(0.002526315789 0.02405967877 0.02352631579)
(0.002210526316 0.02601491969 0.02321052632)
(0.002526315789 0.02601491969 0.02352631579)
(0.002210526316 0.02797016062 0.02321052632)
(0.002526315789 0.02797016062 0.02352631579)
(0.002210526316 0.03010643355 0.02321052632)
(0.002526315789 0.03010643355 0.02352631579)
(0.002210526316 0.0321790363 0.02321052632)
(0.002526315789 0.0321790363 0.02352631579)
(0.002210526316 0.03413427722 0.02321052632)
(0.002526315789 0.03413427722 0.02352631579)
(0.002210526316 0.03608951815 0.02321052632)
(0.002526315789 0.03608951815 0.02352631579)
(0.002210526316 0.03804475907 0.02321052632)
(0.002526315789 0.03804475907 0.02352631579)
(0.002210526316 0.04021052632 0.02321052632)
(0.002526315789 0.04052631579 0.02352631579)
(0.002210526316 0.04021052632 0.008087198667)
(0.002526315789 0.04052631579 0.008087198667)
(0.002210526316 0.04021052632 0.01017439733)
(0.002526315789 0.04052631579 0.01017439733)
(0.002210526316 0.04021052632 0.012261596)
(0.002526315789 0.04052631579 0.012261596)
(0.002210526316 0.04021052632 0.01434879467)
(0.002526315789 0.04052631579 0.01434879467)
(0.002210526316 0.04021052632 0.016738404)
(0.002526315789 0.04052631579 0.016738404)
(0.002210526316 0.04021052632 0.01882560267)
(0.002526315789 0.04052631579 0.01882560267)
(0.002210526316 0.04021052632 0.02091280133)
(0.002526315789 0.04052631579 0.02091280133)
(0.004789473684 0.04021052632 0.008087198667)
(0.004473684211 0.04052631579 0.008087198667)
(0.004789473684 0.04021052632 0.01017439733)
(0.004473684211 0.04052631579 0.01017439733)
(0.004789473684 0.04021052632 0.012261596)
(0.004473684211 0.04052631579 0.012261596)
(0.004789473684 0.04021052632 0.01434879467)
(0.004473684211 0.04052631579 0.01434879467)
(0.004789473684 0.04021052632 0.016738404)
(0.004473684211 0.04052631579 0.016738404)
(0.004789473684 0.04021052632 0.01882560267)
(0.004473684211 0.04052631579 0.01882560267)
(0.004789473684 0.04021052632 0.02091280133)
(0.004473684211 0.04052631579 0.02091280133)
(0.004789473684 0.04021052632 0.02321052632)
(0.004473684211 0.04052631579 0.02352631579)
(0.007210526316 0.04021052632 0.02321052632)
(0.007526315789 0.04052631579 0.02352631579)
(0.007210526316 0.04021052632 0.008087198667)
(0.007526315789 0.04052631579 0.008087198667)
(0.007210526316 0.04021052632 0.01017439733)
(0.007526315789 0.04052631579 0.01017439733)
(0.007210526316 0.04021052632 0.012261596)
(0.007526315789 0.04052631579 0.012261596)
(0.007210526316 0.04021052632 0.01434879467)
(0.007526315789 0.04052631579 0.01434879467)
(0.007210526316 0.04021052632 0.016738404)
(0.007526315789 0.04052631579 0.016738404)
(0.007210526316 0.04021052632 0.01882560267)
(0.007526315789 0.04052631579 0.01882560267)
(0.007210526316 0.04021052632 0.02091280133)
(0.007526315789 0.04052631579 0.02091280133)
(0.009789473684 0.04021052632 0.008087198667)
(0.009473684211 0.04052631579 0.008087198667)
(0.009789473684 0.04021052632 0.01017439733)
(0.009473684211 0.04052631579 0.01017439733)
(0.009789473684 0.04021052632 0.012261596)
(0.009473684211 0.04052631579 0.012261596)
(0.009789473684 0.04021052632 0.01434879467)
(0.009473684211 0.04052631579 0.01434879467)
(0.009789473684 0.04021052632 0.016738404)
(0.009473684211 0.04052631579 0.016738404)
(0.009789473684 0.04021052632 0.01882560267)
(0.009473684211 0.04052631579 0.01882560267)
(0.009789473684 0.04021052632 0.02091280133)
(0.009473684211 0.04052631579 0.02091280133)
(0.009789473684 0.04021052632 0.02321052632)
(0.009473684211 0.04052631579 0.02352631579)
(0.01221052632 0.04021052632 0.02321052632)
(0.01252631579 0.04052631579 0.02352631579)
(0.01221052632 0.04021052632 0.008087198667)
(0.01252631579 0.04052631579 0.008087198667)
(0.01221052632 0.04021052632 0.01017439733)
(0.01252631579 0.04052631579 0.01017439733)
(0.01221052632 0.04021052632 0.012261596)
(0.01252631579 0.04052631579 0.012261596)
(0.01221052632 0.04021052632 0.01434879467)
(0.01252631579 0.04052631579 0.01434879467)
(0.01221052632 0.04021052632 0.016738404)
(0.01252631579 0.04052631579 0.016738404)
(0.01221052632 0.04021052632 0.01882560267)
(0.01252631579 0.04052631579 0.01882560267)
(0.01221052632 0.04021052632 0.02091280133)
(0.01252631579 0.04052631579 0.02091280133)
(0.01478947368 0.04021052632 0.008087198667)
(0.01447368421 0.04052631579 0.008087198667)
(0.01478947368 0.04021052632 0.01017439733)
(0.01447368421 0.04052631579 0.01017439733)
(0.01478947368 0.04021052632 0.012261596)
(0.01447368421 0.04052631579 0.012261596)
(0.01478947368 0.04021052632 0.01434879467)
(0.01447368421 0.04052631579 0.01434879467)
(0.01478947368 0.04021052632 0.016738404)
(0.01447368421 0.04052631579 0.016738404)
(0.01478947368 0.04021052632 0.01882560267)
(0.01447368421 0.04052631579 0.01882560267)
(0.01478947368 0.04021052632 0.02091280133)
(0.01447368421 0.04052631579 0.02091280133)
(0.01478947368 0.04021052632 0.02321052632)
(0.01447368421 0.04052631579 0.02352631579)
(0.01721052632 0.04021052632 0.02321052632)
(0.01752631579 0.04052631579 0.02352631579)
(0.01721052632 0.04021052632 0.008087198667)
(0.01752631579 0.04052631579 0.008087198667)
(0.01721052632 0.04021052632 0.01017439733)
(0.01752631579 0.04052631579 0.01017439733)
(0.01721052632 0.04021052632 0.012261596)
(0.01752631579 0.04052631579 0.012261596)
(0.01721052632 0.04021052632 0.01434879467)
(0.01752631579 0.04052631579 0.01434879467)
(0.01721052632 0.04021052632 0.016738404)
(0.01752631579 0.04052631579 0.016738404)
(0.01721052632 0.04021052632 0.01882560267)
(0.01752631579 0.04052631579 0.01882560267)
(0.01721052632 0.04021052632 0.02091280133)
(0.01752631579 0.04052631579 0.02091280133)
(0.01978947368 0.04021052632 0.008087198667)
(0.01947368421 0.04052631579 0.008087198667)
(0.01978947368 0.04021052632 0.01017439733)
(0.01947368421 0.04052631579 0.01017439733)
(0.01978947368 0.04021052632 0.012261596)
(0.01947368421 0.04052631579 0.012261596)
(0.01978947368 0.04021052632 0.01434879467)
(0.01947368421 0.04052631579 0.01434879467)
(0.01978947368 0.04021052632 0.016738404)
(0.01947368421 0.04052631579 0.016738404)
(0.01978947368 0.04021052632 0.01882560267)
(0.01947368421 0.04052631579 0.01882560267)
(0.01978947368 0.04021052632 0.02091280133)
(0.01947368421 0.04052631579 0.02091280133)
(0.01978947368 0.04021052632 0.02321052632)
(0.01947368421 0.04052631579 0.02352631579)
(0.02221052632 0.04021052632 0.02321052632)
(0.02252631579 0.04052631579 0.02352631579)
(0.02221052632 0.04021052632 0.008087198667)
(0.02252631579 0.04052631579 0.008087198667)
(0.02221052632 0.04021052632 0.01017439733)
(0.02252631579 0.04052631579 0.01017439733)
(0.02221052632 0.04021052632 0.012261596)
(0.02252631579 0.04052631579 0.012261596)
(0.02221052632 0.04021052632 0.01434879467)
(0.02252631579 0.04052631579 0.01434879467)
(0.02221052632 0.04021052632 0.016738404)
(0.02252631579 0.04052631579 0.016738404)
(0.02221052632 0.04021052632 0.01882560267)
(0.02252631579 0.04052631579 0.01882560267)
(0.02221052632 0.04021052632 0.02091280133)
(0.02252631579 0.04052631579 0.02091280133)
(0.02478947368 0.04021052632 0.008087198667)
(0.02447368421 0.04052631579 0.008087198667)
(0.02478947368 0.04021052632 0.01017439733)
(0.02447368421 0.04052631579 0.01017439733)
(0.02478947368 0.04021052632 0.012261596)
(0.02447368421 0.04052631579 0.012261596)
(0.02478947368 0.04021052632 0.01434879467)
(0.02447368421 0.04052631579 0.01434879467)
(0.02478947368 0.04021052632 0.016738404)
(0.02447368421 0.04052631579 0.016738404)
(0.02478947368 0.04021052632 0.01882560267)
(0.02447368421 0.04052631579 0.01882560267)
(0.02478947368 0.04021052632 0.02091280133)
(0.02447368421 0.04052631579 0.02091280133)
(0.02478947368 0.04021052632 0.02321052632)
(0.02447368421 0.04052631579 0.02352631579)
(0.02721052632 0.04021052632 0.02321052632)
(0.02752631579 0.04052631579 0.02352631579)
(0.02721052632 0.04021052632 0.008087198667)
(0.02752631579 0.04052631579 0.008087198667)
(0.02721052632 0.04021052632 0.01017439733)
(0.02752631579 0.04052631579 0.01017439733)
(0.02721052632 0.04021052632 0.012261596)
(0.02752631579 0.04052631579 0.012261596)
(0.02721052632 0.04021052632 0.01434879467)
(0.02752631579 0.04052631579 0.01434879467)
(0.02721052632 0.04021052632 0.016738404)
(0.02752631579 0.04052631579 0.016738404)
(0.02721052632 0.04021052632 0.01882560267)
(0.02752631579 0.04052631579 0.01882560267)
(0.02721052632 0.04021052632 0.02091280133)
(0.02752631579 0.04052631579 0.02091280133)
(0.02978947368 0.04021052632 0.008087198667)
(0.02947368421 0.04052631579 0.008087198667)
(0.02978947368 0.04021052632 0.01017439733)
(0.02947368421 0.04052631579 0.01017439733)
(0.02978947368 0.04021052632 0.012261596)
(0.02947368421 0.04052631579 0.012261596)
(0.02978947368 0.04021052632 0.01434879467)
(0.02947368421 0.04052631579 0.01434879467)
(0.02978947368 0.04021052632 0.016738404)
(0.02947368421 0.04052631579 0.016738404)
(0.02978947368 0.04021052632 0.01882560267)
(0.02947368421 0.04052631579 0.01882560267)
(0.02978947368 0.04021052632 0.02091280133)
(0.02947368421 0.04052631579 0.02091280133)
(0.02978947368 0.04021052632 0.02321052632)
(0.02947368421 0.04052631579 0.02352631579)
(0.03221052632 0.04021052632 0.02321052632)
(0.03252631579 0.04052631579 0.02352631579)
(0.03221052632 0.04021052632 0.008087198667)
(0.03252631579 0.04052631579 0.008087198667)
(0.03221052632 0.04021052632 0.01017439733)
(0.03252631579 0.04052631579 0.01017439733)
(0.03221052632 0.04021052632 0.012261596)
(0.03252631579 0.04052631579 0.012261596)
(0.03221052632 0.04021052632 0.01434879467)
(0.03252631579 0.04052631579 0.01434879467)
(0.03221052632 0.04021052632 0.016738404)
(0.03252631579 0.04052631579 0.016738404)
(0.03221052632 0.04021052632 0.01882560267)
(0.03252631579 0.04052631579 0.01882560267)
(0.03221052632 0.04021052632 0.02091280133)
(0.03252631579 0.04052631579 0.02091280133)
(0.03478947368 0.04021052632 0.008087198667)
(0.03447368421 0.04052631579 0.008087198667)
(0.03478947368 0.04021052632 0.01017439733)
(0.03447368421 0.04052631579 0.01017439733)
(0.03478947368 0.04021052632 0.012261596)
(0.03447368421 0.04052631579 0.012261596)
(0.03478947368 0.04021052632 0.01434879467)
(0.03447368421 0.04052631579 0.01434879467)
(0.03478947368 0.04021052632 0.016738404)
(0.03447368421 0.04052631579 0.016738404)
(0.03478947368 0.04021052632 0.01882560267)
(0.03447368421 0.04052631579 0.01882560267)
(0.03478947368 0.04021052632 0.02091280133)
(0.03447368421 0.04052631579 0.02091280133)
(0.03478947368 0.04021052632 0.02321052632)
(0.03447368421 0.04052631579 0.02352631579)
(0.03721052632 0.04021052632 0.02321052632)
(0.03752631579 0.04052631579 0.02352631579)
(0.03721052632 0.04021052632 0.008087198667)
(0.03752631579 0.04052631579 0.008087198667)
(0.03721052632 0.04021052632 0.01017439733)
(0.03752631579 0.04052631579 0.01017439733)
(0.03721052632 0.04021052632 0.012261596)
(0.03752631579 0.04052631579 0.012261596)
(0.03721052632 0.04021052632 0.01434879467)
(0.03752631579 0.04052631579 0.01434879467)
(0.03721052632 0.04021052632 0.016738404)
(0.03752631579 0.04052631579 0.016738404)
(0.03721052632 0.04021052632 0.01882560267)
(0.03752631579 0.04052631579 0.01882560267)
(0.03721052632 0.04021052632 0.02091280133)
(0.03752631579 0.04052631579 0.02091280133)
(0.03978947368 0.04021052632 0.008087198667)
(0.03947368421 0.04052631579 0.008087198667)
(0.03978947368 0.04021052632 0.01017439733)
(0.03947368421 0.04052631579 0.01017439733)
(0.03978947368 0.04021052632 0.012261596)
(0.03947368421 0.04052631579 0.012261596)
(0.03978947368 0.04021052632 0.01434879467)
(0.03947368421 0.04052631579 0.01434879467)
(0.03978947368 0.04021052632 0.016738404)
(0.03947368421 0.04052631579 0.016738404)
(0.03978947368 0.04021052632 0.01882560267)
(0.03947368421 0.04052631579 0.01882560267)
(0.03978947368 0.04021052632 0.02091280133)
(0.03947368421 0.04052631579 0.02091280133)
(0.03978947368 0.04021052632 0.02321052632)
(0.03947368421 0.04052631579 0.02352631579)
(0.04221052632 0.04021052632 0.02321052632)
(0.04252631579 0.04052631579 0.02352631579)
(0.04221052632 0.04021052632 0.008087198667)
(0.04252631579 0.04052631579 0.008087198667)
(0.04221052632 0.04021052632 0.01017439733)
(0.04252631579 0.04052631579 0.01017439733)
(0.04221052632 0.04021052632 0.012261596)
(0.04252631579 0.04052631579 0.012261596)
(0.04221052632 0.04021052632 0.01434879467)
(0.04252631579 0.04052631579 0.01434879467)
(0.04221052632 0.04021052632 0.016738404)
(0.04252631579 0.04052631579 0.016738404)
(0.04221052632 0.04021052632 0.01882560267)
(0.04252631579 0.04052631579 0.01882560267)
(0.04221052632 0.04021052632 0.02091280133)
(0.04252631579 0.04052631579 0.02091280133)
(0.04221052632 0.001402836081 0.009321652023)
(0.04252631579 0.001402836081 0.009321652023)
(0.04221052632 0.001733427058 0.01328726152)
(0.04252631579 0.001733427058 0.01328726152)
(0.04221052632 0.001618536812 0.01774896863)
(0.04252631579 0.001618536812 0.01774896863)
(0.04221052632 0.00253496776 0.0076189071)
(0.04252631579 0.00253496776 0.0076189071)
(0.04221052632 0.004657437407 0.007773233755)
(0.04252631579 0.004657437407 0.007773233755)
(0.04221052632 0.006871455188 0.00786823302)
(0.04252631579 0.006871455188 0.00786823302)
(0.04221052632 0.008936516859 0.007772739181)
(0.04252631579 0.008936516859 0.007772739181)
(0.04221052632 0.01095987061 0.007668063782)
(0.04252631579 0.01095987061 0.007668063782)
(0.04221052632 0.01302546985 0.007747506104)
(0.04252631579 0.01302546985 0.007747506104)
(0.04221052632 0.01499489584 0.007957145223)
(0.04252631579 0.01499489584 0.007957145223)
(0.04221052632 0.01698726605 0.008014469473)
(0.04252631579 0.01698726605 0.008014469473)
(0.04221052632 0.01911289859 0.007770105343)
(0.04252631579 0.01911289859 0.007770105343)
(0.04221052632 0.02116550039 0.007676374705)
(0.04252631579 0.02116550039 0.007676374705)
(0.04221052632 0.02313748739 0.007799759935)
(0.04252631579 0.02313748739 0.007799759935)
(0.04221052632 0.02513264918 0.007849436647)
(0.04252631579 0.02513264918 0.007849436647)
(0.04221052632 0.02711945574 0.007806755256)
(0.04252631579 0.02711945574 0.007806755256)
(0.04221052632 0.02916579202 0.007877945551)
(0.04252631579 0.02916579202 0.007877945551)
(0.04221052632 0.03124318665 0.007917741277)
(0.04252631579 0.03124318665 0.007917741277)
(0.04221052632 0.03326163353 0.00782715662)
(0.04252631579 0.03326163353 0.00782715662)
(0.04221052632 0.0352179488 0.007787284904)
(0.04252631579 0.0352179488 0.007787284904)
(0.04221052632 0.03714717634 0.007634027587)
(0.04252631579 0.03714717634 0.007634027587)
(0.04221052632 0.03878585924 0.007359531061)
(0.04252631579 0.03878585924 0.007359531061)
(0.04221052632 0.0385091203 0.009135902815)
(0.04252631579 0.0385091203 0.009135902815)
(0.04221052632 0.03834051923 0.0112284989)
(0.04252631579 0.03834051923 0.0112284989)
(0.04221052632 0.03821889272 0.01339451268)
(0.04252631579 0.03821889272 0.01339451268)
(0.04221052632 0.03830418821 0.0157254319)
(0.04252631579 0.03830418821 0.0157254319)
(0.04221052632 0.03841142086 0.0179603659)
(0.04252631579 0.03841142086 0.0179603659)
(0.04221052632 0.03846393427 0.0201420893)
(0.04252631579 0.03846393427 0.0201420893)
(0.04221052632 0.002534884599 0.02131579369)
(0.04252631579 0.002534884599 0.02131579369)
(0.04221052632 0.006901979805 0.02088906708)
(0.04252631579 0.006901979805 0.02088906708)
(0.04221052632 0.01096788154 0.02105685275)
(0.04252631579 0.01096788154 0.02105685275)
(0.04221052632 0.01509338121 0.02123684161)
(0.04252631579 0.01509338121 0.02123684161)
(0.04221052632 0.01917098614 0.02099447747)
(0.04252631579 0.01917098614 0.02099447747)
(0.04221052632 0.02326017422 0.02099097797)
(0.04252631579 0.02326017422 0.02099097797)
(0.04221052632 0.02719523828 0.02141087288)
(0.04252631579 0.02719523828 0.02141087288)
(0.04221052632 0.03096303303 0.02088563559)
(0.04252631579 0.03096303303 0.02088563559)
(0.04221052632 0.03499302527 0.02097595335)
(0.04252631579 0.03499302527 0.02097595335)
(0.04221052632 0.001633764224 0.01120707918)
(0.04252631579 0.001633764224 0.01120707918)
(0.04221052632 0.001745481541 0.01562445912)
(0.04252631579 0.001745481541 0.01562445912)
(0.04221052632 0.001401023308 0.0196437659)
(0.04252631579 0.001401023308 0.0196437659)
(0.04221052632 0.01297041083 0.02126472988)
(0.04252631579 0.01297041083 0.02126472988)
(0.04221052632 0.008962200567 0.02099095036)
(0.04252631579 0.008962200567 0.02099095036)
(0.04221052632 0.00467000236 0.02112246983)
(0.04252631579 0.00467000236 0.02112246983)
(0.04221052632 0.01717144141 0.02094553375)
(0.04252631579 0.01717144141 0.02094553375)
(0.04221052632 0.02126064479 0.02101965585)
(0.04252631579 0.02126064479 0.02101965585)
(0.04221052632 0.02521143382 0.02120118269)
(0.04252631579 0.02521143382 0.02120118269)
(0.04221052632 0.02900523029 0.02158601234)
(0.04252631579 0.02900523029 0.02158601234)
(0.04221052632 0.03296736908 0.02065447189)
(0.04252631579 0.03296736908 0.02065447189)
(0.04221052632 0.0369113584 0.02130404874)
(0.04252631579 0.0369113584 0.02130404874)
(0.04221052632 0.003266498508 0.009686370121)
(0.04252631579 0.003266498508 0.009686370121)
(0.04221052632 0.003679117933 0.0120426482)
(0.04252631579 0.003679117933 0.0120426482)
(0.04221052632 0.03661221245 0.01919872025)
(0.04252631579 0.03661221245 0.01919872025)
(0.04221052632 0.02887852799 0.01939328373)
(0.04252631579 0.02887852799 0.01939328373)
(0.04221052632 0.003258784356 0.01924436529)
(0.04252631579 0.003258784356 0.01924436529)
(0.04221052632 0.02044364257 0.0187949443)
(0.04252631579 0.02044364257 0.0187949443)
(0.04221052632 0.005501467661 0.01003193843)
(0.04252631579 0.005501467661 0.01003193843)
(0.04221052632 0.007700391688 0.01005286645)
(0.04252631579 0.007700391688 0.01005286645)
(0.04221052632 0.0099150203 0.009925430508)
(0.04252631579 0.0099150203 0.009925430508)
(0.04221052632 0.0119033705 0.009625164265)
(0.04252631579 0.0119033705 0.009625164265)
(0.04221052632 0.01383094154 0.01036934226)
(0.04252631579 0.01383094154 0.01036934226)
(0.04221052632 0.0160261878 0.010647053)
(0.04252631579 0.0160261878 0.010647053)
(0.04221052632 0.01818651964 0.01029262572)
(0.04252631579 0.01818651964 0.01029262572)
(0.04221052632 0.02013961174 0.009569981647)
(0.04252631579 0.02013961174 0.009569981647)
(0.04221052632 0.02208300279 0.01004033237)
(0.04252631579 0.02208300279 0.01004033237)
(0.04221052632 0.02417133603 0.0101911242)
(0.04252631579 0.02417133603 0.0101911242)
(0.04221052632 0.02635016169 0.01023999652)
(0.04252631579 0.02635016169 0.01023999652)
(0.04221052632 0.02830414733 0.009965265409)
(0.04252631579 0.02830414733 0.009965265409)
(0.04221052632 0.03034942857 0.01062905613)
(0.04252631579 0.03034942857 0.01062905613)
(0.04221052632 0.03238072577 0.01004144073)
(0.04252631579 0.03238072577 0.01004144073)
(0.04221052632 0.0344869817 0.01026884421)
(0.04252631579 0.0344869817 0.01026884421)
(0.04221052632 0.03665572991 0.009780425045)
(0.04252631579 0.03665572991 0.009780425045)
(0.04221052632 0.03608316161 0.01225609606)
(0.04252631579 0.03608316161 0.01225609606)
(0.04221052632 0.03581836138 0.0149211005)
(0.04252631579 0.03581836138 0.0149211005)
(0.04221052632 0.03666805433 0.01713723619)
(0.04252631579 0.03666805433 0.01713723619)
(0.04221052632 0.01401999712 0.01947336878)
(0.04252631579 0.01401999712 0.01947336878)
(0.04221052632 0.01207444156 0.01888215893)
(0.04252631579 0.01207444156 0.01888215893)
(0.04221052632 0.0266626071 0.01947499061)
(0.04252631579 0.0266626071 0.01947499061)
(0.04221052632 0.009994645985 0.01842844507)
(0.04252631579 0.009994645985 0.01842844507)
(0.04221052632 0.007723723346 0.01842899401)
(0.04252631579 0.007723723346 0.01842899401)
(0.04221052632 0.0247622677 0.01867129643)
(0.04252631579 0.0247622677 0.01867129643)
(0.04221052632 0.01835353686 0.01789466056)
(0.04252631579 0.01835353686 0.01789466056)
(0.04221052632 0.02254503099 0.01840884676)
(0.04252631579 0.02254503099 0.01840884676)
(0.04221052632 0.03421661696 0.01774262452)
(0.04252631579 0.03421661696 0.01774262452)
(0.04221052632 0.003614625718 0.01689513375)
(0.04252631579 0.003614625718 0.01689513375)
(0.04221052632 0.005488341458 0.01883896768)
(0.04252631579 0.005488341458 0.01883896768)
(0.04221052632 0.01596747389 0.01878128655)
(0.04252631579 0.01596747389 0.01878128655)
(0.04221052632 0.0310777887 0.01738232746)
(0.04252631579 0.0310777887 0.01738232746)
(0.04221052632 0.003902651137 0.01445990116)
(0.04252631579 0.003902651137 0.01445990116)
(0.04221052632 0.01447641436 0.01341023472)
(0.04252631579 0.01447641436 0.01341023472)
(0.04221052632 0.02850438797 0.01341524914)
(0.04252631579 0.02850438797 0.01341524914)
(0.04221052632 0.03269096505 0.01350546142)
(0.04252631579 0.03269096505 0.01350546142)
(0.04221052632 0.006343384956 0.0129218375)
(0.04252631579 0.006343384956 0.0129218375)
(0.04221052632 0.00889605678 0.01227045065)
(0.04252631579 0.00889605678 0.01227045065)
(0.04221052632 0.02097800136 0.01576055476)
(0.04252631579 0.02097800136 0.01576055476)
(0.04221052632 0.006118761557 0.01608264718)
(0.04252631579 0.006118761557 0.01608264718)
(0.04221052632 0.01160246145 0.01594618775)
(0.04252631579 0.01160246145 0.01594618775)
(0.04221052632 0.01155557284 0.01244708367)
(0.04252631579 0.01155557284 0.01244708367)
(0.04221052632 0.01779611156 0.01354633082)
(0.04252631579 0.01779611156 0.01354633082)
(0.04221052632 0.02026857826 0.01219089072)
(0.04252631579 0.02026857826 0.01219089072)
(0.04221052632 0.02280323026 0.01286169165)
(0.04252631579 0.02280323026 0.01286169165)
(0.04221052632 0.02549196426 0.01262636741)
(0.04252631579 0.02549196426 0.01262636741)
(0.04221052632 0.01393288191 0.01697780628)
(0.04252631579 0.01393288191 0.01697780628)
(0.04221052632 0.02452607256 0.01577036595)
(0.04252631579 0.02452607256 0.01577036595)
(0.04221052632 0.008864086813 0.01539542468)
(0.04252631579 0.008864086813 0.01539542468)
(0.04221052632 0.02746783244 0.01689564493)
(0.04252631579 0.02746783244 0.01689564493)
(0.04221052632 0.01613026279 0.01606343183)
(0.04252631579 0.01613026279 0.01606343183)
(0.04221052632 0.001955240926 0.02321052632)
(0.04252631579 0.001955240926 0.02352631579)
(0.04221052632 0.03804475907 0.02321052632)
(0.04252631579 0.03804475907 0.02352631579)
(0.04221052632 0.003910481852 0.02321052632)
(0.04252631579 0.003910481852 0.02352631579)
(0.04221052632 0.005947492783 0.02321052632)
(0.04252631579 0.005947492783 0.02352631579)
(0.04221052632 0.008119357531 0.02321052632)
(0.04252631579 0.008119357531 0.02352631579)
(0.04221052632 0.01007459846 0.02321052632)
(0.04252631579 0.01007459846 0.02352631579)
(0.04221052632 0.01202983938 0.02321052632)
(0.04252631579 0.01202983938 0.02352631579)
(0.04221052632 0.01398508031 0.02321052632)
(0.04252631579 0.01398508031 0.02352631579)
(0.04221052632 0.01594032123 0.02321052632)
(0.04252631579 0.01594032123 0.02352631579)
(0.04221052632 0.01819395599 0.02321052632)
(0.04252631579 0.01819395599 0.02352631579)
(0.04221052632 0.02014919691 0.02321052632)
(0.04252631579 0.02014919691 0.02352631579)
(0.04221052632 0.02210443784 0.02321052632)
(0.04252631579 0.02210443784 0.02352631579)
(0.04221052632 0.02405967877 0.02321052632)
(0.04252631579 0.02405967877 0.02352631579)
(0.04221052632 0.02601491969 0.02321052632)
(0.04252631579 0.02601491969 0.02352631579)
(0.04221052632 0.02797016062 0.02321052632)
(0.04252631579 0.02797016062 0.02352631579)
(0.04221052632 0.03010643355 0.02321052632)
(0.04252631579 0.03010643355 0.02352631579)
(0.04221052632 0.0321790363 0.02321052632)
(0.04252631579 0.0321790363 0.02352631579)
(0.04221052632 0.03413427722 0.02321052632)
(0.04252631579 0.03413427722 0.02352631579)
(0.04221052632 0.03608951815 0.02321052632)
(0.04252631579 0.03608951815 0.02352631579)
(0.002210526316 0.001402836081 0.009321652023)
(0.002526315789 0.001402836081 0.009321652023)
(0.002210526316 0.001733427058 0.01328726152)
(0.002526315789 0.001733427058 0.01328726152)
(0.002210526316 0.001618536812 0.01774896863)
(0.002526315789 0.001618536812 0.01774896863)
(0.002210526316 0.00253496776 0.0076189071)
(0.002526315789 0.00253496776 0.0076189071)
(0.002210526316 0.004657437407 0.007773233755)
(0.002526315789 0.004657437407 0.007773233755)
(0.002210526316 0.006871455188 0.00786823302)
(0.002526315789 0.006871455188 0.00786823302)
(0.002210526316 0.008936516859 0.007772739181)
(0.002526315789 0.008936516859 0.007772739181)
(0.002210526316 0.01095987061 0.007668063782)
(0.002526315789 0.01095987061 0.007668063782)
(0.002210526316 0.01302546985 0.007747506104)
(0.002526315789 0.01302546985 0.007747506104)
(0.002210526316 0.01499489584 0.007957145223)
(0.002526315789 0.01499489584 0.007957145223)
(0.002210526316 0.01698726605 0.008014469473)
(0.002526315789 0.01698726605 0.008014469473)
(0.002210526316 0.01911289859 0.007770105343)
(0.002526315789 0.01911289859 0.007770105343)
(0.002210526316 0.02116550039 0.007676374705)
(0.002526315789 0.02116550039 0.007676374705)
(0.002210526316 0.02313748739 0.007799759935)
(0.002526315789 0.02313748739 0.007799759935)
(0.002210526316 0.02513264918 0.007849436647)
(0.002526315789 0.02513264918 0.007849436647)
(0.002210526316 0.02711945574 0.007806755256)
(0.002526315789 0.02711945574 0.007806755256)
(0.002210526316 0.02916579202 0.007877945551)
(0.002526315789 0.02916579202 0.007877945551)
(0.002210526316 0.03124318665 0.007917741277)
(0.002526315789 0.03124318665 0.007917741277)
(0.002210526316 0.03326163353 0.00782715662)
(0.002526315789 0.03326163353 0.00782715662)
(0.002210526316 0.0352179488 0.007787284904)
(0.002526315789 0.0352179488 0.007787284904)
(0.002210526316 0.03714717634 0.007634027587)
(0.002526315789 0.03714717634 0.007634027587)
(0.002210526316 0.03878585924 0.007359531061)
(0.002526315789 0.03878585924 0.007359531061)
(0.002210526316 0.0385091203 0.009135902815)
(0.002526315789 0.0385091203 0.009135902815)
(0.002210526316 0.03834051923 0.0112284989)
(0.002526315789 0.03834051923 0.0112284989)
(0.002210526316 0.03821889272 0.01339451268)
(0.002526315789 0.03821889272 0.01339451268)
(0.002210526316 0.03830418821 0.0157254319)
(0.002526315789 0.03830418821 0.0157254319)
(0.002210526316 0.03841142086 0.0179603659)
(0.002526315789 0.03841142086 0.0179603659)
(0.002210526316 0.03846393427 0.0201420893)
(0.002526315789 0.03846393427 0.0201420893)
(0.002210526316 0.002534884599 0.02131579369)
(0.002526315789 0.002534884599 0.02131579369)
(0.002210526316 0.006901979805 0.02088906708)
(0.002526315789 0.006901979805 0.02088906708)
(0.002210526316 0.01096788154 0.02105685275)
(0.002526315789 0.01096788154 0.02105685275)
(0.002210526316 0.01509338121 0.02123684161)
(0.002526315789 0.01509338121 0.02123684161)
(0.002210526316 0.01917098614 0.02099447747)
(0.002526315789 0.01917098614 0.02099447747)
(0.002210526316 0.02326017422 0.02099097797)
(0.002526315789 0.02326017422 0.02099097797)
(0.002210526316 0.02719523828 0.02141087288)
(0.002526315789 0.02719523828 0.02141087288)
(0.002210526316 0.03096303303 0.02088563559)
(0.002526315789 0.03096303303 0.02088563559)
(0.002210526316 0.03499302527 0.02097595335)
(0.002526315789 0.03499302527 0.02097595335)
(0.002210526316 0.001633764224 0.01120707918)
(0.002526315789 0.001633764224 0.01120707918)
(0.002210526316 0.001745481541 0.01562445912)
(0.002526315789 0.001745481541 0.01562445912)
(0.002210526316 0.001401023308 0.0196437659)
(0.002526315789 0.001401023308 0.0196437659)
(0.002210526316 0.01297041083 0.02126472988)
(0.002526315789 0.01297041083 0.02126472988)
(0.002210526316 0.008962200567 0.02099095036)
(0.002526315789 0.008962200567 0.02099095036)
(0.002210526316 0.00467000236 0.02112246983)
(0.002526315789 0.00467000236 0.02112246983)
(0.002210526316 0.01717144141 0.02094553375)
(0.002526315789 0.01717144141 0.02094553375)
(0.002210526316 0.02126064479 0.02101965585)
(0.002526315789 0.02126064479 0.02101965585)
(0.002210526316 0.02521143382 0.02120118269)
(0.002526315789 0.02521143382 0.02120118269)
(0.002210526316 0.02900523029 0.02158601234)
(0.002526315789 0.02900523029 0.02158601234)
(0.002210526316 0.03296736908 0.02065447189)
(0.002526315789 0.03296736908 0.02065447189)
(0.002210526316 0.0369113584 0.02130404874)
(0.002526315789 0.0369113584 0.02130404874)
(0.002210526316 0.003266498508 0.009686370121)
(0.002526315789 0.003266498508 0.009686370121)
(0.002210526316 0.003679117933 0.0120426482)
(0.002526315789 0.003679117933 0.0120426482)
(0.002210526316 0.03661221245 0.01919872025)
(0.002526315789 0.03661221245 0.01919872025)
(0.002210526316 0.02887852799 0.01939328373)
(0.002526315789 0.02887852799 0.01939328373)
(0.002210526316 0.003258784356 0.01924436529)
(0.002526315789 0.003258784356 0.01924436529)
(0.002210526316 0.02044364257 0.0187949443)
(0.002526315789 0.02044364257 0.0187949443)
(0.002210526316 0.005501467661 0.01003193843)
(0.002526315789 0.005501467661 0.01003193843)
(0.002210526316 0.007700391688 0.01005286645)
(0.002526315789 0.007700391688 0.01005286645)
(0.002210526316 0.0099150203 0.009925430508)
(0.002526315789 0.0099150203 0.009925430508)
(0.002210526316 0.0119033705 0.009625164265)
(0.002526315789 0.0119033705 0.009625164265)
(0.002210526316 0.01383094154 0.01036934226)
(0.002526315789 0.01383094154 0.01036934226)
(0.002210526316 0.0160261878 0.010647053)
(0.002526315789 0.0160261878 0.010647053)
(0.002210526316 0.01818651964 0.01029262572)
(0.002526315789 0.01818651964 0.01029262572)
(0.002210526316 0.02013961174 0.009569981647)
(0.002526315789 0.02013961174 0.009569981647)
(0.002210526316 0.02208300279 0.01004033237)
(0.002526315789 0.02208300279 0.01004033237)
(0.002210526316 0.02417133603 0.0101911242)
(0.002526315789 0.02417133603 0.0101911242)
(0.002210526316 0.02635016169 0.01023999652)
(0.002526315789 0.02635016169 0.01023999652)
(0.002210526316 0.02830414733 0.009965265409)
(0.002526315789 0.02830414733 0.009965265409)
(0.002210526316 0.03034942857 0.01062905613)
(0.002526315789 0.03034942857 0.01062905613)
(0.002210526316 0.03238072577 0.01004144073)
(0.002526315789 0.03238072577 0.01004144073)
(0.002210526316 0.0344869817 0.01026884421)
(0.002526315789 0.0344869817 0.01026884421)
(0.002210526316 0.03665572991 0.009780425045)
(0.002526315789 0.03665572991 0.009780425045)
(0.002210526316 0.03608316161 0.01225609606)
(0.002526315789 0.03608316161 0.01225609606)
(0.002210526316 0.03581836138 0.0149211005)
(0.002526315789 0.03581836138 0.0149211005)
(0.002210526316 0.03666805433 0.01713723619)
(0.002526315789 0.03666805433 0.01713723619)
(0.002210526316 0.01401999712 0.01947336878)
(0.002526315789 0.01401999712 0.01947336878)
(0.002210526316 0.01207444156 0.01888215893)
(0.002526315789 0.01207444156 0.01888215893)
(0.002210526316 0.0266626071 0.01947499061)
(0.002526315789 0.0266626071 0.01947499061)
(0.002210526316 0.009994645985 0.01842844507)
(0.002526315789 0.009994645985 0.01842844507)
(0.002210526316 0.007723723346 0.01842899401)
(0.002526315789 0.007723723346 0.01842899401)
(0.002210526316 0.0247622677 0.01867129643)
(0.002526315789 0.0247622677 0.01867129643)
(0.002210526316 0.01835353686 0.01789466056)
(0.002526315789 0.01835353686 0.01789466056)
(0.002210526316 0.02254503099 0.01840884676)
(0.002526315789 0.02254503099 0.01840884676)
(0.002210526316 0.03421661696 0.01774262452)
(0.002526315789 0.03421661696 0.01774262452)
(0.002210526316 0.003614625718 0.01689513375)
(0.002526315789 0.003614625718 0.01689513375)
(0.002210526316 0.005488341458 0.01883896768)
(0.002526315789 0.005488341458 0.01883896768)
(0.002210526316 0.01596747389 0.01878128655)
(0.002526315789 0.01596747389 0.01878128655)
(0.002210526316 0.0310777887 0.01738232746)
(0.002526315789 0.0310777887 0.01738232746)
(0.002210526316 0.003902651137 0.01445990116)
(0.002526315789 0.003902651137 0.01445990116)
(0.002210526316 0.01447641436 0.01341023472)
(0.002526315789 0.01447641436 0.01341023472)
(0.002210526316 0.02850438797 0.01341524914)
(0.002526315789 0.02850438797 0.01341524914)
(0.002210526316 0.03269096505 0.01350546142)
(0.002526315789 0.03269096505 0.01350546142)
(0.002210526316 0.006343384956 0.0129218375)
(0.002526315789 0.006343384956 0.0129218375)
(0.002210526316 0.00889605678 0.01227045065)
(0.002526315789 0.00889605678 0.01227045065)
(0.002210526316 0.02097800136 0.01576055476)
(0.002526315789 0.02097800136 0.01576055476)
(0.002210526316 0.006118761557 0.01608264718)
(0.002526315789 0.006118761557 0.01608264718)
(0.002210526316 0.01160246145 0.01594618775)
(0.002526315789 0.01160246145 0.01594618775)
(0.002210526316 0.01155557284 0.01244708367)
(0.002526315789 0.01155557284 0.01244708367)
(0.002210526316 0.01779611156 0.01354633082)
(0.002526315789 0.01779611156 0.01354633082)
(0.002210526316 0.02026857826 0.01219089072)
(0.002526315789 0.02026857826 0.01219089072)
(0.002210526316 0.02280323026 0.01286169165)
(0.002526315789 0.02280323026 0.01286169165)
(0.002210526316 0.02549196426 0.01262636741)
(0.002526315789 0.02549196426 0.01262636741)
(0.002210526316 0.01393288191 0.01697780628)
(0.002526315789 0.01393288191 0.01697780628)
(0.002210526316 0.02452607256 0.01577036595)
(0.002526315789 0.02452607256 0.01577036595)
(0.002210526316 0.008864086813 0.01539542468)
(0.002526315789 0.008864086813 0.01539542468)
(0.002210526316 0.02746783244 0.01689564493)
(0.002526315789 0.02746783244 0.01689564493)
(0.002210526316 0.01613026279 0.01606343183)
(0.002526315789 0.01613026279 0.01606343183)
(0.004789473684 0.0014350746 0.009318043721)
(0.004473684211 0.0014350746 0.009318043721)
(0.004789473684 0.00166513479 0.01116621288)
(0.004473684211 0.00166513479 0.01116621288)
(0.004789473684 0.001826191964 0.01332045549)
(0.004473684211 0.001826191964 0.01332045549)
(0.004789473684 0.00191503103 0.01551906599)
(0.004473684211 0.00191503103 0.01551906599)
(0.004789473684 0.001777470686 0.01782408509)
(0.004473684211 0.001777470686 0.01782408509)
(0.004789473684 0.001537743324 0.01981019021)
(0.004473684211 0.001537743324 0.01981019021)
(0.004789473684 0.001226675301 0.02165306935)
(0.004473684211 0.001226675301 0.02165306935)
(0.004789473684 0.002594054304 0.007639105049)
(0.004473684211 0.002594054304 0.007639105049)
(0.004789473684 0.006969744894 0.007927969355)
(0.004473684211 0.006969744894 0.007927969355)
(0.004789473684 0.01114247664 0.007735206137)
(0.004473684211 0.01114247664 0.007735206137)
(0.004789473684 0.01486412922 0.008171250296)
(0.004473684211 0.01486412922 0.008171250296)
(0.004789473684 0.01927549137 0.008341103499)
(0.004473684211 0.01927549137 0.008341103499)
(0.004789473684 0.02309232367 0.007928532309)
(0.004473684211 0.02309232367 0.007928532309)
(0.004789473684 0.02676553465 0.007965421561)
(0.004473684211 0.02676553465 0.007965421561)
(0.004789473684 0.03102924008 0.007984328803)
(0.004473684211 0.03102924008 0.007984328803)
(0.004789473684 0.03507563636 0.007763744368)
(0.004473684211 0.03507563636 0.007763744368)
(0.004789473684 0.03847805803 0.008854872693)
(0.004473684211 0.03847805803 0.008854872693)
(0.004789473684 0.0381784271 0.0133194052)
(0.004473684211 0.0381784271 0.0133194052)
(0.004789473684 0.0381616015 0.01792833933)
(0.004473684211 0.0381616015 0.01792833933)
(0.004789473684 0.003011237342 0.02133373177)
(0.004473684211 0.003011237342 0.02133373177)
(0.004789473684 0.004966678233 0.02104315206)
(0.004473684211 0.004966678233 0.02104315206)
(0.004789473684 0.007174780711 0.02085287551)
(0.004473684211 0.007174780711 0.02085287551)
(0.004789473684 0.009272539887 0.02097699399)
(0.004473684211 0.009272539887 0.02097699399)
(0.004789473684 0.01136836577 0.02103458325)
(0.004473684211 0.01136836577 0.02103458325)
(0.004789473684 0.01338182544 0.02096594592)
(0.004473684211 0.01338182544 0.02096594592)
(0.004789473684 0.01542088874 0.02103856373)
(0.004473684211 0.01542088874 0.02103856373)
(0.004789473684 0.01728445202 0.02128447648)
(0.004473684211 0.01728445202 0.02128447648)
(0.004789473684 0.01919793445 0.02096021586)
(0.004473684211 0.01919793445 0.02096021586)
(0.004789473684 0.021272365 0.02095593776)
(0.004473684211 0.021272365 0.02095593776)
(0.004789473684 0.02317764471 0.02121198118)
(0.004473684211 0.02317764471 0.02121198118)
(0.004789473684 0.02511382269 0.02067410208)
(0.004473684211 0.02511382269 0.02067410208)
(0.004789473684 0.0272517329 0.02059253169)
(0.004473684211 0.0272517329 0.02059253169)
(0.004789473684 0.02937075712 0.0208175839)
(0.004473684211 0.02937075712 0.0208175839)
(0.004789473684 0.03172003097 0.02102101105)
(0.004473684211 0.03172003097 0.02102101105)
(0.004789473684 0.03387686462 0.02114110129)
(0.004473684211 0.03387686462 0.02114110129)
(0.004789473684 0.03612444996 0.02152800913)
(0.004473684211 0.03612444996 0.02152800913)
(0.004789473684 0.0382346959 0.02019631688)
(0.004473684211 0.0382346959 0.02019631688)
(0.004789473684 0.009089505622 0.007799421844)
(0.004473684211 0.009089505622 0.007799421844)
(0.004789473684 0.004724245076 0.007779531393)
(0.004473684211 0.004724245076 0.007779531393)
(0.004789473684 0.01299896105 0.00753407055)
(0.004473684211 0.01299896105 0.00753407055)
(0.004789473684 0.01705655345 0.008450328482)
(0.004473684211 0.01705655345 0.008450328482)
(0.004789473684 0.02119207631 0.007705161269)
(0.004473684211 0.02119207631 0.007705161269)
(0.004789473684 0.024955135 0.007497773214)
(0.004473684211 0.024955135 0.007497773214)
(0.004789473684 0.02876290399 0.007995379309)
(0.004473684211 0.02876290399 0.007995379309)
(0.004789473684 0.03307743891 0.007928925991)
(0.004473684211 0.03307743891 0.007928925991)
(0.004789473684 0.03691241276 0.007578370182)
(0.004473684211 0.03691241276 0.007578370182)
(0.004789473684 0.03834144544 0.0110915928)
(0.004473684211 0.03834144544 0.0110915928)
(0.004789473684 0.03808591936 0.01558352371)
(0.004473684211 0.03808591936 0.01558352371)
(0.004789473684 0.003907059714 0.01198539741)
(0.004473684211 0.003907059714 0.01198539741)
(0.004789473684 0.004292042487 0.01436205553)
(0.004473684211 0.004292042487 0.01436205553)
(0.004789473684 0.004122794462 0.01675987956)
(0.004473684211 0.004122794462 0.01675987956)
(0.004789473684 0.003554056586 0.01917031559)
(0.004473684211 0.003554056586 0.01917031559)
(0.004789473684 0.003355516176 0.009690300353)
(0.004473684211 0.003355516176 0.009690300353)
(0.004789473684 0.01838608986 0.0116009841)
(0.004473684211 0.01838608986 0.0116009841)
(0.004789473684 0.01027164107 0.009758835449)
(0.004473684211 0.01027164107 0.009758835449)
(0.004789473684 0.03575160301 0.01691646899)
(0.004473684211 0.03575160301 0.01691646899)
(0.004789473684 0.012720425 0.0100969664)
(0.004473684211 0.012720425 0.0100969664)
(0.004789473684 0.02471240043 0.009981985988)
(0.004473684211 0.02471240043 0.009981985988)
(0.004789473684 0.02724240544 0.01074584133)
(0.004473684211 0.02724240544 0.01074584133)
(0.004789473684 0.02167301978 0.01071414397)
(0.004473684211 0.02167301978 0.01071414397)
(0.004789473684 0.03188826663 0.01053026689)
(0.004473684211 0.03188826663 0.01053026689)
(0.004789473684 0.01544206194 0.01109029454)
(0.004473684211 0.01544206194 0.01109029454)
(0.004789473684 0.03576511392 0.01446778047)
(0.004473684211 0.03576511392 0.01446778047)
(0.004789473684 0.03604328102 0.01935429946)
(0.004473684211 0.03604328102 0.01935429946)
(0.004789473684 0.02964017028 0.01019107809)
(0.004473684211 0.02964017028 0.01019107809)
(0.004789473684 0.005961059731 0.01861117604)
(0.004473684211 0.005961059731 0.01861117604)
(0.004789473684 0.008495336234 0.01834369515)
(0.004473684211 0.008495336234 0.01834369515)
(0.004789473684 0.01056979722 0.01895107663)
(0.004473684211 0.01056979722 0.01895107663)
(0.004789473684 0.01280088136 0.01832102317)
(0.004473684211 0.01280088136 0.01832102317)
(0.004789473684 0.01500882112 0.01879174441)
(0.004473684211 0.01500882112 0.01879174441)
(0.004789473684 0.01755303078 0.01856568381)
(0.004473684211 0.01755303078 0.01856568381)
(0.004789473684 0.02025766117 0.0185864744)
(0.004473684211 0.02025766117 0.0185864744)
(0.004789473684 0.02312749991 0.01813393517)
(0.004473684211 0.02312749991 0.01813393517)
(0.004789473684 0.02619063321 0.01730937458)
(0.004473684211 0.02619063321 0.01730937458)
(0.004789473684 0.02901984568 0.01764139669)
(0.004473684211 0.02901984568 0.01764139669)
(0.004789473684 0.03119755393 0.01881900667)
(0.004473684211 0.03119755393 0.01881900667)
(0.004789473684 0.0335227593 0.01882074825)
(0.004473684211 0.0335227593 0.01882074825)
(0.004789473684 0.008063861262 0.0101746656)
(0.004473684211 0.008063861262 0.0101746656)
(0.004789473684 0.03615670188 0.01197764077)
(0.004473684211 0.03615670188 0.01197764077)
(0.004789473684 0.03659432345 0.009636800866)
(0.004473684211 0.03659432345 0.009636800866)
(0.004789473684 0.005694117371 0.009994456798)
(0.004473684211 0.005694117371 0.009994456798)
(0.004789473684 0.03432777382 0.01013687418)
(0.004473684211 0.03432777382 0.01013687418)
(0.004789473684 0.03321218577 0.012928983)
(0.004473684211 0.03321218577 0.012928983)
(0.004789473684 0.03244547875 0.01599046034)
(0.004473684211 0.03244547875 0.01599046034)
(0.004789473684 0.006662174962 0.01263258602)
(0.004473684211 0.006662174962 0.01263258602)
(0.004789473684 0.01562057278 0.01537424587)
(0.004473684211 0.01562057278 0.01537424587)
(0.004789473684 0.02461371697 0.01373500271)
(0.004473684211 0.02461371697 0.01373500271)
(0.004789473684 0.02922763902 0.0136633392)
(0.004473684211 0.02922763902 0.0136633392)
(0.004789473684 0.007286837975 0.01567094726)
(0.004473684211 0.007286837975 0.01567094726)
(0.004789473684 0.02018460813 0.01511640138)
(0.004473684211 0.02018460813 0.01511640138)
(0.004789473684 0.01097421467 0.01598514071)
(0.004473684211 0.01097421467 0.01598514071)
(0.004789473684 0.009933397876 0.01266360179)
(0.004473684211 0.009933397876 0.01266360179)
(0.004789473684 0.01299250791 0.0131184635)
(0.004473684211 0.01299250791 0.0131184635)
(0.004789473684 0.001955240926 0.02321052632)
(0.004473684211 0.001955240926 0.02352631579)
(0.004789473684 0.03804475907 0.02321052632)
(0.004473684211 0.03804475907 0.02352631579)
(0.004789473684 0.003910481852 0.02321052632)
(0.004473684211 0.003910481852 0.02352631579)
(0.004789473684 0.005947492783 0.02321052632)
(0.004473684211 0.005947492783 0.02352631579)
(0.004789473684 0.008119357531 0.02321052632)
(0.004473684211 0.008119357531 0.02352631579)
(0.004789473684 0.01007459846 0.02321052632)
(0.004473684211 0.01007459846 0.02352631579)
(0.004789473684 0.01202983938 0.02321052632)
(0.004473684211 0.01202983938 0.02352631579)
(0.004789473684 0.01398508031 0.02321052632)
(0.004473684211 0.01398508031 0.02352631579)
(0.004789473684 0.01594032123 0.02321052632)
(0.004473684211 0.01594032123 0.02352631579)
(0.004789473684 0.01819395599 0.02321052632)
(0.004473684211 0.01819395599 0.02352631579)
(0.004789473684 0.02014919691 0.02321052632)
(0.004473684211 0.02014919691 0.02352631579)
(0.004789473684 0.02210443784 0.02321052632)
(0.004473684211 0.02210443784 0.02352631579)
(0.004789473684 0.02405967877 0.02321052632)
(0.004473684211 0.02405967877 0.02352631579)
(0.004789473684 0.02601491969 0.02321052632)
(0.004473684211 0.02601491969 0.02352631579)
(0.004789473684 0.02797016062 0.02321052632)
(0.004473684211 0.02797016062 0.02352631579)
(0.004789473684 0.03010643355 0.02321052632)
(0.004473684211 0.03010643355 0.02352631579)
(0.004789473684 0.0321790363 0.02321052632)
(0.004473684211 0.0321790363 0.02352631579)
(0.004789473684 0.03413427722 0.02321052632)
(0.004473684211 0.03413427722 0.02352631579)
(0.004789473684 0.03608951815 0.02321052632)
(0.004473684211 0.03608951815 0.02352631579)
(0.007210526316 0.001399940144 0.009328241356)
(0.007526315789 0.001399940144 0.009328241356)
(0.007210526316 0.00171991181 0.01331371538)
(0.007526315789 0.00171991181 0.01331371538)
(0.007210526316 0.001611868646 0.01775571629)
(0.007526315789 0.001611868646 0.01775571629)
(0.007210526316 0.002531480837 0.007623007605)
(0.007526315789 0.002531480837 0.007623007605)
(0.007210526316 0.004648627154 0.007775294361)
(0.007526315789 0.004648627154 0.007775294361)
(0.007210526316 0.006861398819 0.007870000016)
(0.007526315789 0.006861398819 0.007870000016)
(0.007210526316 0.008945230109 0.007820423829)
(0.007526315789 0.008945230109 0.007820423829)
(0.007210526316 0.01101125512 0.007846041185)
(0.007526315789 0.01101125512 0.007846041185)
(0.007210526316 0.01304322555 0.007910839102)
(0.007526315789 0.01304322555 0.007910839102)
(0.007210526316 0.01506612321 0.007962683965)
(0.007526315789 0.01506612321 0.007962683965)
(0.007210526316 0.01706815967 0.007991513434)
(0.007526315789 0.01706815967 0.007991513434)
(0.007210526316 0.01916044967 0.007804463969)
(0.007526315789 0.01916044967 0.007804463969)
(0.007210526316 0.02127186774 0.007728265918)
(0.007526315789 0.02127186774 0.007728265918)
(0.007210526316 0.02325669483 0.007867959467)
(0.007526315789 0.02325669483 0.007867959467)
(0.007210526316 0.02529990389 0.007982820633)
(0.007526315789 0.02529990389 0.007982820633)
(0.007210526316 0.02736174174 0.008043733308)
(0.007526315789 0.02736174174 0.008043733308)
(0.007210526316 0.02935886649 0.007961296671)
(0.007526315789 0.02935886649 0.007961296671)
(0.007210526316 0.03128461193 0.007455947571)
(0.007526315789 0.03128461193 0.007455947571)
(0.007210526316 0.03311964253 0.007783339055)
(0.007526315789 0.03311964253 0.007783339055)
(0.007210526316 0.03511350493 0.007799278336)
(0.007526315789 0.03511350493 0.007799278336)
(0.007210526316 0.03709932501 0.007645225823)
(0.007526315789 0.03709932501 0.007645225823)
(0.007210526316 0.03876721325 0.007370312684)
(0.007526315789 0.03876721325 0.007370312684)
(0.007210526316 0.03846168866 0.009153559523)
(0.007526315789 0.03846168866 0.009153559523)
(0.007210526316 0.03824213709 0.011260001)
(0.007526315789 0.03824213709 0.011260001)
(0.007210526316 0.03806626332 0.01345582171)
(0.007526315789 0.03806626332 0.01345582171)
(0.007210526316 0.0381974106 0.01576480993)
(0.007526315789 0.0381974106 0.01576480993)
(0.007210526316 0.03843624252 0.01801724649)
(0.007526315789 0.03843624252 0.01801724649)
(0.007210526316 0.03849797228 0.02020189782)
(0.007526315789 0.03849797228 0.02020189782)
(0.007210526316 0.002530248401 0.02131883858)
(0.007526315789 0.002530248401 0.02131883858)
(0.007210526316 0.006887532724 0.02091361022)
(0.007526315789 0.006887532724 0.02091361022)
(0.007210526316 0.01097794667 0.02102736348)
(0.007526315789 0.01097794667 0.02102736348)
(0.007210526316 0.01513831883 0.02114020725)
(0.007526315789 0.01513831883 0.02114020725)
(0.007210526316 0.01941097633 0.0207739581)
(0.007526315789 0.01941097633 0.0207739581)
(0.007210526316 0.02321753744 0.02105907738)
(0.007526315789 0.02321753744 0.02105907738)
(0.007210526316 0.02690607914 0.02099900049)
(0.007526315789 0.02690607914 0.02099900049)
(0.007210526316 0.03087459314 0.02053853357)
(0.007526315789 0.03087459314 0.02053853357)
(0.007210526316 0.03507851537 0.02105154399)
(0.007526315789 0.03507851537 0.02105154399)
(0.007210526316 0.001626416846 0.01122277815)
(0.007526315789 0.001626416846 0.01122277815)
(0.007210526316 0.001730691825 0.01563758585)
(0.007526315789 0.001730691825 0.01563758585)
(0.007210526316 0.001396874241 0.01964755465)
(0.007526315789 0.001396874241 0.01964755465)
(0.007210526316 0.01300509447 0.02118064547)
(0.007526315789 0.01300509447 0.02118064547)
(0.007210526316 0.008946628865 0.02096298109)
(0.007526315789 0.008946628865 0.02096298109)
(0.007210526316 0.004661186531 0.02113324967)
(0.007526315789 0.004661186531 0.02113324967)
(0.007210526316 0.01729164895 0.02083587806)
(0.007526315789 0.01729164895 0.02083587806)
(0.007210526316 0.0213288492 0.02125908469)
(0.007526315789 0.0213288492 0.02125908469)
(0.007210526316 0.0250545458 0.02152917963)
(0.007526315789 0.0250545458 0.02152917963)
(0.007210526316 0.02883431926 0.02117923375)
(0.007526315789 0.02883431926 0.02117923375)
(0.007210526316 0.03301647635 0.02067033916)
(0.007526315789 0.03301647635 0.02067033916)
(0.007210526316 0.03695640471 0.02142114129)
(0.007526315789 0.03695640471 0.02142114129)
(0.007210526316 0.003256308826 0.009699880483)
(0.007526315789 0.003256308826 0.009699880483)
(0.007210526316 0.003650388521 0.01206877374)
(0.007526315789 0.003650388521 0.01206877374)
(0.007210526316 0.03673704016 0.0193580713)
(0.007526315789 0.03673704016 0.0193580713)
(0.007210526316 0.02822166756 0.01830038339)
(0.007526315789 0.02822166756 0.01830038339)
(0.007210526316 0.003250976016 0.01925467964)
(0.007526315789 0.003250976016 0.01925467964)
(0.007210526316 0.02194108925 0.01866308016)
(0.007526315789 0.02194108925 0.01866308016)
(0.007210526316 0.005459935696 0.01003894137)
(0.007526315789 0.005459935696 0.01003894137)
(0.007210526316 0.007620990391 0.01005448913)
(0.007526315789 0.007620990391 0.01005448913)
(0.007210526316 0.009862970882 0.01006702683)
(0.007526315789 0.009862970882 0.01006702683)
(0.007210526316 0.01198885713 0.01027850645)
(0.007526315789 0.01198885713 0.01027850645)
(0.007210526316 0.01413574301 0.01041980265)
(0.007526315789 0.01413574301 0.01041980265)
(0.007210526316 0.01630428145 0.01053965447)
(0.007526315789 0.01630428145 0.01053965447)
(0.007210526316 0.0183610793 0.0102839963)
(0.007526315789 0.0183610793 0.0102839963)
(0.007210526316 0.02026718131 0.009597135728)
(0.007526315789 0.02026718131 0.009597135728)
(0.007210526316 0.02226659708 0.01012993612)
(0.007526315789 0.02226659708 0.01012993612)
(0.007210526316 0.02443650803 0.01036553479)
(0.007526315789 0.02443650803 0.01036553479)
(0.007210526316 0.02681964802 0.01061269233)
(0.007526315789 0.02681964802 0.01061269233)
(0.007210526316 0.02923594876 0.01073136737)
(0.007526315789 0.02923594876 0.01073136737)
(0.007210526316 0.03146574559 0.009717263477)
(0.007526315789 0.03146574559 0.009717263477)
(0.007210526316 0.03397089935 0.01018058643)
(0.007526315789 0.03397089935 0.01018058643)
(0.007210526316 0.03650628915 0.009777742243)
(0.007526315789 0.03650628915 0.009777742243)
(0.007210526316 0.03577851312 0.01234851862)
(0.007526315789 0.03577851312 0.01234851862)
(0.007210526316 0.03515860557 0.01516919905)
(0.007526315789 0.03515860557 0.01516919905)
(0.007210526316 0.03669860451 0.01732030631)
(0.007526315789 0.03669860451 0.01732030631)
(0.007210526316 0.01407234992 0.01925279272)
(0.007526315789 0.01407234992 0.01925279272)
(0.007210526316 0.01207325125 0.01876525126)
(0.007526315789 0.01207325125 0.01876525126)
(0.007210526316 0.02504427227 0.01918070317)
(0.007526315789 0.02504427227 0.01918070317)
(0.007210526316 0.009892811439 0.01852024861)
(0.007526315789 0.009892811439 0.01852024861)
(0.007210526316 0.007708956592 0.01853839635)
(0.007526315789 0.007708956592 0.01853839635)
(0.007210526316 0.01892052692 0.01783940203)
(0.007526315789 0.01892052692 0.01783940203)
(0.007210526316 0.03449242042 0.01840286824)
(0.007526315789 0.03449242042 0.01840286824)
(0.007210526316 0.003596483799 0.01691333094)
(0.007526315789 0.003596483799 0.01691333094)
(0.007210526316 0.005475895287 0.01887142274)
(0.007526315789 0.005475895287 0.01887142274)
(0.007210526316 0.01611925263 0.01863282601)
(0.007526315789 0.01611925263 0.01863282601)
(0.007210526316 0.03168194972 0.01717444249)
(0.007526315789 0.03168194972 0.01717444249)
(0.007210526316 0.003850961003 0.01449077382)
(0.007526315789 0.003850961003 0.01449077382)
(0.007210526316 0.01539828898 0.01326297202)
(0.007526315789 0.01539828898 0.01326297202)
(0.007210526316 0.0285787465 0.01432034141)
(0.007526315789 0.0285787465 0.01432034141)
(0.007210526316 0.03219113168 0.01305830149)
(0.007526315789 0.03219113168 0.01305830149)
(0.007210526316 0.0212194984 0.01557969919)
(0.007526315789 0.0212194984 0.01557969919)
(0.007210526316 0.006180034111 0.01300584204)
(0.007526315789 0.006180034111 0.01300584204)
(0.007210526316 0.006069883473 0.01611337485)
(0.007526315789 0.006069883473 0.01611337485)
(0.007210526316 0.01131011066 0.01599919754)
(0.007526315789 0.01131011066 0.01599919754)
(0.007210526316 0.01069048379 0.01288795738)
(0.007526315789 0.01069048379 0.01288795738)
(0.007210526316 0.01300630859 0.01316956263)
(0.007526315789 0.01300630859 0.01316956263)
(0.007210526316 0.01823904587 0.01362621772)
(0.007526315789 0.01823904587 0.01362621772)
(0.007210526316 0.02045134696 0.01221564245)
(0.007526315789 0.02045134696 0.01221564245)
(0.007210526316 0.02306585189 0.01302055341)
(0.007526315789 0.02306585189 0.01302055341)
(0.007210526316 0.0256874233 0.0130251212)
(0.007526315789 0.0256874233 0.0130251212)
(0.007210526316 0.0139351126 0.01645919548)
(0.007526315789 0.0139351126 0.01645919548)
(0.007210526316 0.008526271488 0.01233918019)
(0.007526315789 0.008526271488 0.01233918019)
(0.007210526316 0.008605136735 0.01552705843)
(0.007526315789 0.008605136735 0.01552705843)
(0.007210526316 0.02489123987 0.01620839536)
(0.007526315789 0.02489123987 0.01620839536)
(0.007210526316 0.01654399083 0.0160644476)
(0.007526315789 0.01654399083 0.0160644476)
(0.007210526316 0.001955240926 0.02321052632)
(0.007526315789 0.001955240926 0.02352631579)
(0.007210526316 0.003910481852 0.02321052632)
(0.007526315789 0.003910481852 0.02352631579)
(0.007210526316 0.008119357531 0.02321052632)
(0.007526315789 0.008119357531 0.02352631579)
(0.007210526316 0.005947492783 0.02321052632)
(0.007526315789 0.005947492783 0.02352631579)
(0.007210526316 0.01202983938 0.02321052632)
(0.007526315789 0.01202983938 0.02352631579)
(0.007210526316 0.01007459846 0.02321052632)
(0.007526315789 0.01007459846 0.02352631579)
(0.007210526316 0.01398508031 0.02321052632)
(0.007526315789 0.01398508031 0.02352631579)
(0.007210526316 0.01594032123 0.02321052632)
(0.007526315789 0.01594032123 0.02352631579)
(0.007210526316 0.01819395599 0.02321052632)
(0.007526315789 0.01819395599 0.02352631579)
(0.007210526316 0.02210443784 0.02321052632)
(0.007526315789 0.02210443784 0.02352631579)
(0.007210526316 0.02405967877 0.02321052632)
(0.007526315789 0.02405967877 0.02352631579)
(0.007210526316 0.02797016062 0.02321052632)
(0.007526315789 0.02797016062 0.02352631579)
(0.007210526316 0.02601491969 0.02321052632)
(0.007526315789 0.02601491969 0.02352631579)
(0.007210526316 0.03010643355 0.02321052632)
(0.007526315789 0.03010643355 0.02352631579)
(0.007210526316 0.03413427722 0.02321052632)
(0.007526315789 0.03413427722 0.02352631579)
(0.007210526316 0.03804475907 0.02321052632)
(0.007526315789 0.03804475907 0.02352631579)
(0.007210526316 0.02014919691 0.02321052632)
(0.007526315789 0.02014919691 0.02352631579)
(0.007210526316 0.0321790363 0.02321052632)
(0.007526315789 0.0321790363 0.02352631579)
(0.007210526316 0.03608951815 0.02321052632)
(0.007526315789 0.03608951815 0.02352631579)
(0.009789473684 0.001450805076 0.009282036064)
(0.009473684211 0.001450805076 0.009282036064)
(0.009789473684 0.001653502458 0.01111144425)
(0.009473684211 0.001653502458 0.01111144425)
(0.009789473684 0.001765047892 0.01324597019)
(0.009473684211 0.001765047892 0.01324597019)
(0.009789473684 0.001836586775 0.01546367303)
(0.009473684211 0.001836586775 0.01546367303)
(0.009789473684 0.001798635423 0.01771344993)
(0.009473684211 0.001798635423 0.01771344993)
(0.009789473684 0.001614829866 0.01984404052)
(0.009473684211 0.001614829866 0.01984404052)
(0.009789473684 0.001315822546 0.02165286153)
(0.009473684211 0.001315822546 0.02165286153)
(0.009789473684 0.002655129006 0.007591233808)
(0.009473684211 0.002655129006 0.007591233808)
(0.009789473684 0.007287729846 0.00784032639)
(0.009473684211 0.007287729846 0.00784032639)
(0.009789473684 0.01140202094 0.00750407478)
(0.009473684211 0.01140202094 0.00750407478)
(0.009789473684 0.01543447371 0.008008646633)
(0.009473684211 0.01543447371 0.008008646633)
(0.009789473684 0.02008301983 0.007551988198)
(0.009473684211 0.02008301983 0.007551988198)
(0.009789473684 0.02412475196 0.007826618006)
(0.009473684211 0.02412475196 0.007826618006)
(0.009789473684 0.02821318619 0.00751688639)
(0.009473684211 0.02821318619 0.00751688639)
(0.009789473684 0.03270499115 0.008057165371)
(0.009473684211 0.03270499115 0.008057165371)
(0.009789473684 0.03722362223 0.007714067362)
(0.009473684211 0.03722362223 0.007714067362)
(0.009789473684 0.03858573533 0.01140783081)
(0.009473684211 0.03858573533 0.01140783081)
(0.009789473684 0.03828390605 0.01551622457)
(0.009473684211 0.03828390605 0.01551622457)
(0.009789473684 0.03848806785 0.0198659575)
(0.009473684211 0.03848806785 0.0198659575)
(0.009789473684 0.03875758985 0.02164348095)
(0.009473684211 0.03875758985 0.02164348095)
(0.009789473684 0.003076413868 0.02133575894)
(0.009473684211 0.003076413868 0.02133575894)
(0.009789473684 0.005103349492 0.02130725712)
(0.009473684211 0.005103349492 0.02130725712)
(0.009789473684 0.007476414857 0.02131165633)
(0.009473684211 0.007476414857 0.02131165633)
(0.009789473684 0.009584418251 0.02118229724)
(0.009473684211 0.009584418251 0.02118229724)
(0.009789473684 0.0117249236 0.02110984198)
(0.009473684211 0.0117249236 0.02110984198)
(0.009789473684 0.01388355628 0.02105445328)
(0.009473684211 0.01388355628 0.02105445328)
(0.009789473684 0.0159948338 0.02097378583)
(0.009473684211 0.0159948338 0.02097378583)
(0.009789473684 0.01821803396 0.021124235)
(0.009473684211 0.01821803396 0.021124235)
(0.009789473684 0.02038759124 0.02129272215)
(0.009473684211 0.02038759124 0.02129272215)
(0.009789473684 0.02242551072 0.02123685896)
(0.009473684211 0.02242551072 0.02123685896)
(0.009789473684 0.0245591326 0.02113145783)
(0.009473684211 0.0245591326 0.02113145783)
(0.009789473684 0.02661637872 0.02091338986)
(0.009473684211 0.02661637872 0.02091338986)
(0.009789473684 0.02872357874 0.02081535458)
(0.009473684211 0.02872357874 0.02081535458)
(0.009789473684 0.03095866324 0.02094042144)
(0.009473684211 0.03095866324 0.02094042144)
(0.009789473684 0.03303603575 0.02140509302)
(0.009473684211 0.03303603575 0.02140509302)
(0.009789473684 0.03511195838 0.02150017798)
(0.009473684211 0.03511195838 0.02150017798)
(0.009789473684 0.03709372448 0.02134916155)
(0.009473684211 0.03709372448 0.02134916155)
(0.009789473684 0.009455848515 0.007839306076)
(0.009473684211 0.009455848515 0.007839306076)
(0.009789473684 0.004900652896 0.0077264701)
(0.009473684211 0.004900652896 0.0077264701)
(0.009789473684 0.01329414785 0.007911744282)
(0.009473684211 0.01329414785 0.007911744282)
(0.009789473684 0.01801805985 0.008373812737)
(0.009473684211 0.01801805985 0.008373812737)
(0.009789473684 0.02203961645 0.007824136133)
(0.009473684211 0.02203961645 0.007824136133)
(0.009789473684 0.02622883363 0.007727876596)
(0.009473684211 0.02622883363 0.007727876596)
(0.009789473684 0.03028953983 0.008511291183)
(0.009473684211 0.03028953983 0.008511291183)
(0.009789473684 0.03497289629 0.007714094246)
(0.009473684211 0.03497289629 0.007714094246)
(0.009789473684 0.03820291921 0.009617970496)
(0.009473684211 0.03820291921 0.009617970496)
(0.009789473684 0.03830800814 0.01332530175)
(0.009473684211 0.03830800814 0.01332530175)
(0.009789473684 0.03832987895 0.01778176457)
(0.009473684211 0.03832987895 0.01778176457)
(0.009789473684 0.0162060041 0.01026429763)
(0.009473684211 0.0162060041 0.01026429763)
(0.009789473684 0.003834403309 0.0118275593)
(0.009473684211 0.003834403309 0.0118275593)
(0.009789473684 0.004064067449 0.01413811195)
(0.009473684211 0.004064067449 0.01413811195)
(0.009789473684 0.004059164873 0.0165096132)
(0.009473684211 0.004059164873 0.0165096132)
(0.009789473684 0.003958438156 0.01904659156)
(0.009473684211 0.003958438156 0.01904659156)
(0.009789473684 0.008382791031 0.0101102007)
(0.009473684211 0.008382791031 0.0101102007)
(0.009789473684 0.02036075505 0.009924648991)
(0.009473684211 0.02036075505 0.009924648991)
(0.009789473684 0.03611633204 0.01430671995)
(0.009473684211 0.03611633204 0.01430671995)
(0.009789473684 0.01381461347 0.01039668232)
(0.009473684211 0.01381461347 0.01039668232)
(0.009789473684 0.02518035178 0.009966686999)
(0.009473684211 0.02518035178 0.009966686999)
(0.009789473684 0.0111725937 0.01004583287)
(0.009473684211 0.0111725937 0.01004583287)
(0.009789473684 0.0341139626 0.01015166458)
(0.009473684211 0.0341139626 0.01015166458)
(0.009789473684 0.0361922605 0.009331858194)
(0.009473684211 0.0361922605 0.009331858194)
(0.009789473684 0.03643032583 0.01670835212)
(0.009473684211 0.03643032583 0.01670835212)
(0.009789473684 0.005834320412 0.009842989315)
(0.009473684211 0.005834320412 0.009842989315)
(0.009789473684 0.03165836532 0.01101827421)
(0.009473684211 0.03165836532 0.01101827421)
(0.009789473684 0.03645822829 0.01163420022)
(0.009473684211 0.03645822829 0.01163420022)
(0.009789473684 0.003408028424 0.009601281446)
(0.009473684211 0.003408028424 0.009601281446)
(0.009789473684 0.02771029276 0.00963848985)
(0.009473684211 0.02771029276 0.00963848985)
(0.009789473684 0.006286912022 0.01966199423)
(0.009473684211 0.006286912022 0.01966199423)
(0.009789473684 0.008484481003 0.01909670808)
(0.009473684211 0.008484481003 0.01909670808)
(0.009789473684 0.01073366253 0.01894858918)
(0.009473684211 0.01073366253 0.01894858918)
(0.009789473684 0.01312989205 0.01886053587)
(0.009473684211 0.01312989205 0.01886053587)
(0.009789473684 0.01542336748 0.01857693639)
(0.009473684211 0.01542336748 0.01857693639)
(0.009789473684 0.01766866321 0.01869709297)
(0.009473684211 0.01766866321 0.01869709297)
(0.009789473684 0.01960544527 0.01942415841)
(0.009473684211 0.01960544527 0.01942415841)
(0.009789473684 0.02164585532 0.01899624123)
(0.009473684211 0.02164585532 0.01899624123)
(0.009789473684 0.02364928208 0.01921754165)
(0.009473684211 0.02364928208 0.01921754165)
(0.009789473684 0.02564739966 0.01833299169)
(0.009473684211 0.02564739966 0.01833299169)
(0.009789473684 0.02810021836 0.01799101778)
(0.009473684211 0.02810021836 0.01799101778)
(0.009789473684 0.0305212367 0.01818494281)
(0.009473684211 0.0305212367 0.01818494281)
(0.009789473684 0.03246727827 0.01905846398)
(0.009473684211 0.03246727827 0.01905846398)
(0.009789473684 0.03434380238 0.01999285195)
(0.009473684211 0.03434380238 0.01999285195)
(0.009789473684 0.02276278824 0.01027468819)
(0.009473684211 0.02276278824 0.01027468819)
(0.009789473684 0.01829560408 0.01177211323)
(0.009473684211 0.01829560408 0.01177211323)
(0.009789473684 0.03660118898 0.01921658818)
(0.009473684211 0.03660118898 0.01921658818)
(0.009789473684 0.02916958249 0.01191557238)
(0.009473684211 0.02916958249 0.01191557238)
(0.009789473684 0.03320654982 0.01591426122)
(0.009473684211 0.03320654982 0.01591426122)
(0.009789473684 0.02100625809 0.01326641273)
(0.009473684211 0.02100625809 0.01326641273)
(0.009789473684 0.006440540137 0.01231755433)
(0.009473684211 0.006440540137 0.01231755433)
(0.009789473684 0.033552081 0.01302598013)
(0.009473684211 0.033552081 0.01302598013)
(0.009789473684 0.006561921855 0.01739947641)
(0.009473684211 0.006561921855 0.01739947641)
(0.009789473684 0.01746425961 0.01559118823)
(0.009473684211 0.01746425961 0.01559118823)
(0.009789473684 0.03049022939 0.01472697399)
(0.009473684211 0.03049022939 0.01472697399)
(0.009789473684 0.02661641451 0.01195500513)
(0.009473684211 0.02661641451 0.01195500513)
(0.009789473684 0.006712222244 0.01495940479)
(0.009473684211 0.006712222244 0.01495940479)
(0.009789473684 0.01226057472 0.01324455904)
(0.009473684211 0.01226057472 0.01324455904)
(0.009789473684 0.01533494592 0.01293415013)
(0.009473684211 0.01533494592 0.01293415013)
(0.009789473684 0.03461879749 0.0179351809)
(0.009473684211 0.03461879749 0.0179351809)
(0.009789473684 0.009326723455 0.01623521457)
(0.009473684211 0.009326723455 0.01623521457)
(0.009789473684 0.01196455697 0.01668291828)
(0.009473684211 0.01196455697 0.01668291828)
(0.009789473684 0.01451138893 0.01600187895)
(0.009473684211 0.01451138893 0.01600187895)
(0.009789473684 0.02016954079 0.01680736472)
(0.009473684211 0.02016954079 0.01680736472)
(0.009789473684 0.02331701794 0.01631581858)
(0.009473684211 0.02331701794 0.01631581858)
(0.009789473684 0.0268528323 0.01521593852)
(0.009473684211 0.0268528323 0.01521593852)
(0.009789473684 0.0240027425 0.01290394551)
(0.009473684211 0.0240027425 0.01290394551)
(0.009789473684 0.009301408277 0.01278214113)
(0.009473684211 0.009301408277 0.01278214113)
(0.009789473684 0.002036825148 0.02321052632)
(0.009473684211 0.002036825148 0.02352631579)
(0.009789473684 0.03796317485 0.02321052632)
(0.009473684211 0.03796317485 0.02352631579)
(0.009789473684 0.004073650296 0.02321052632)
(0.009473684211 0.004073650296 0.02352631579)
(0.009789473684 0.006250134104 0.02321052632)
(0.009473684211 0.006250134104 0.02352631579)
(0.009789473684 0.008445694419 0.02321052632)
(0.009473684211 0.008445694419 0.02352631579)
(0.009789473684 0.01048251957 0.02321052632)
(0.009473684211 0.01048251957 0.02352631579)
(0.009789473684 0.01251934472 0.02321052632)
(0.009473684211 0.01251934472 0.02352631579)
(0.009789473684 0.01455616986 0.02321052632)
(0.009473684211 0.01455616986 0.02352631579)
(0.009789473684 0.01660860291 0.02321052632)
(0.009473684211 0.01660860291 0.02352631579)
(0.009789473684 0.01913078434 0.02321052632)
(0.009473684211 0.01913078434 0.02352631579)
(0.009789473684 0.02116760949 0.02321052632)
(0.009473684211 0.02116760949 0.02352631579)
(0.009789473684 0.02320443464 0.02321052632)
(0.009473684211 0.02320443464 0.02352631579)
(0.009789473684 0.02524125978 0.02321052632)
(0.009473684211 0.02524125978 0.02352631579)
(0.009789473684 0.02727808493 0.02321052632)
(0.009473684211 0.02727808493 0.02352631579)
(0.009789473684 0.02938818843 0.02321052632)
(0.009473684211 0.02938818843 0.02352631579)
(0.009789473684 0.03185269941 0.02321052632)
(0.009473684211 0.03185269941 0.02352631579)
(0.009789473684 0.03388952456 0.02321052632)
(0.009473684211 0.03388952456 0.02352631579)
(0.009789473684 0.0359263497 0.02321052632)
(0.009473684211 0.0359263497 0.02352631579)
(0.01221052632 0.001401873579 0.009308641445)
(0.01252631579 0.001401873579 0.009308641445)
(0.01221052632 0.001750108215 0.01328304406)
(0.01252631579 0.001750108215 0.01328304406)
(0.01221052632 0.001620134207 0.01774925799)
(0.01252631579 0.001620134207 0.01774925799)
(0.01221052632 0.002538688968 0.007616950717)
(0.01252631579 0.002538688968 0.007616950717)
(0.01221052632 0.004660561237 0.007772600557)
(0.01252631579 0.004660561237 0.007772600557)
(0.01221052632 0.00687733598 0.007868970586)
(0.01252631579 0.00687733598 0.007868970586)
(0.01221052632 0.008941248931 0.007779803992)
(0.01252631579 0.008941248931 0.007779803992)
(0.01221052632 0.01096350028 0.007679104341)
(0.01252631579 0.01096350028 0.007679104341)
(0.01221052632 0.01302608514 0.007760122931)
(0.01252631579 0.01302608514 0.007760122931)
(0.01221052632 0.01499442369 0.007972350297)
(0.01252631579 0.01499442369 0.007972350297)
(0.01221052632 0.01698423863 0.008030828633)
(0.01252631579 0.01698423863 0.008030828633)
(0.01221052632 0.01910917239 0.007784740322)
(0.01252631579 0.01910917239 0.007784740322)
(0.01221052632 0.02116024786 0.007689793084)
(0.01252631579 0.02116024786 0.007689793084)
(0.01221052632 0.02313068583 0.007807309911)
(0.01252631579 0.02313068583 0.007807309911)
(0.01221052632 0.02512718094 0.007854636835)
(0.01252631579 0.02512718094 0.007854636835)
(0.01221052632 0.02711309707 0.007813691947)
(0.01252631579 0.02711309707 0.007813691947)
(0.01221052632 0.0291602201 0.007883162354)
(0.01252631579 0.0291602201 0.007883162354)
(0.01221052632 0.03123944128 0.007920530183)
(0.01252631579 0.03123944128 0.007920530183)
(0.01221052632 0.03325939724 0.007828884072)
(0.01252631579 0.03325939724 0.007828884072)
(0.01221052632 0.03521678443 0.007788082714)
(0.01252631579 0.03521678443 0.007788082714)
(0.01221052632 0.03714665355 0.007634376637)
(0.01252631579 0.03714665355 0.007634376637)
(0.01221052632 0.03878565044 0.007359698971)
(0.01252631579 0.03878565044 0.007359698971)
(0.01221052632 0.03850871276 0.00913620947)
(0.01252631579 0.03850871276 0.00913620947)
(0.01221052632 0.03833999529 0.01122886116)
(0.01252631579 0.03833999529 0.01122886116)
(0.01221052632 0.03821840599 0.0133948668)
(0.01252631579 0.03821840599 0.0133948668)
(0.01221052632 0.0383038422 0.01572569628)
(0.01252631579 0.0383038422 0.01572569628)
(0.01221052632 0.03841122303 0.01796052246)
(0.01252631579 0.03841122303 0.01796052246)
(0.01221052632 0.0384638258 0.02014215381)
(0.01252631579 0.0384638258 0.02014215381)
(0.01221052632 0.002535587924 0.0213155074)
(0.01252631579 0.002535587924 0.0213155074)
(0.01221052632 0.006906071329 0.02088512868)
(0.01252631579 0.006906071329 0.02088512868)
(0.01221052632 0.01097127977 0.02104551737)
(0.01252631579 0.01097127977 0.02104551737)
(0.01221052632 0.01509125482 0.02122193256)
(0.01252631579 0.01509125482 0.02122193256)
(0.01221052632 0.01916460919 0.02097422737)
(0.01252631579 0.01916460919 0.02097422737)
(0.01221052632 0.02325567182 0.02097653636)
(0.01252631579 0.02325567182 0.02097653636)
(0.01221052632 0.02719217508 0.02140588438)
(0.01252631579 0.02719217508 0.02140588438)
(0.01221052632 0.03096075375 0.02088286811)
(0.01252631579 0.03096075375 0.02088286811)
(0.01221052632 0.03499266797 0.02097582392)
(0.01252631579 0.03499266797 0.02097582392)
(0.01221052632 0.001619054195 0.01115565996)
(0.01252631579 0.001619054195 0.01115565996)
(0.01221052632 0.001747412268 0.01562625232)
(0.01252631579 0.001747412268 0.01562625232)
(0.01221052632 0.001401821391 0.01964363497)
(0.01252631579 0.001401821391 0.01964363497)
(0.01221052632 0.01297138772 0.0212504386)
(0.01252631579 0.01297138772 0.0212504386)
(0.01221052632 0.008966983606 0.02098212483)
(0.01252631579 0.008966983606 0.02098212483)
(0.01221052632 0.004671937651 0.02112135586)
(0.01252631579 0.004671937651 0.02112135586)
(0.01221052632 0.01716826852 0.02092738491)
(0.01252631579 0.01716826852 0.02092738491)
(0.01221052632 0.02125564926 0.0210015322)
(0.01252631579 0.02125564926 0.0210015322)
(0.01221052632 0.02520724027 0.02119227818)
(0.01252631579 0.02520724027 0.02119227818)
(0.01221052632 0.02900306136 0.02158297482)
(0.01252631579 0.02900306136 0.02158297482)
(0.01221052632 0.03296622327 0.02065322724)
(0.01252631579 0.03296622327 0.02065322724)
(0.01221052632 0.03691121581 0.02130407974)
(0.01252631579 0.03691121581 0.02130407974)
(0.01221052632 0.003274963495 0.009691533657)
(0.01252631579 0.003274963495 0.009691533657)
(0.01221052632 0.003764332905 0.01204097521)
(0.01252631579 0.003764332905 0.01204097521)
(0.01221052632 0.03661186685 0.01919894808)
(0.01252631579 0.03661186685 0.01919894808)
(0.01221052632 0.02887314271 0.01938506834)
(0.01252631579 0.02887314271 0.01938506834)
(0.01221052632 0.003260792826 0.01924397799)
(0.01252631579 0.003260792826 0.01924397799)
(0.01221052632 0.02042945502 0.01875752593)
(0.01252631579 0.02042945502 0.01875752593)
(0.01221052632 0.005517507246 0.01002168116)
(0.01252631579 0.005517507246 0.01002168116)
(0.01221052632 0.007708099612 0.01006421663)
(0.01252631579 0.007708099612 0.01006421663)
(0.01221052632 0.009924966996 0.009946507413)
(0.01252631579 0.009924966996 0.009946507413)
(0.01221052632 0.01190765756 0.009656889828)
(0.01252631579 0.01190765756 0.009656889828)
(0.01221052632 0.01382993811 0.01040101638)
(0.01252631579 0.01382993811 0.01040101638)
(0.01221052632 0.0160219632 0.01070138658)
(0.01252631579 0.0160219632 0.01070138658)
(0.01221052632 0.01817863975 0.01032886302)
(0.01252631579 0.01817863975 0.01032886302)
(0.01221052632 0.02013122379 0.009602803765)
(0.01252631579 0.02013122379 0.009602803765)
(0.01221052632 0.02207182453 0.01007117402)
(0.01252631579 0.02207182453 0.01007117402)
(0.01221052632 0.02415786834 0.01019578247)
(0.01252631579 0.02415786834 0.01019578247)
(0.01221052632 0.02633283266 0.01026296319)
(0.01252631579 0.02633283266 0.01026296319)
(0.01221052632 0.02829175327 0.009976375047)
(0.01252631579 0.02829175327 0.009976375047)
(0.01221052632 0.03034081165 0.01063691861)
(0.01252631579 0.03034081165 0.01063691861)
(0.01221052632 0.03237571604 0.01004537538)
(0.01252631579 0.03237571604 0.01004537538)
(0.01221052632 0.03448420393 0.01027069307)
(0.01252631579 0.03448420393 0.01027069307)
(0.01221052632 0.03665449957 0.009781170325)
(0.01252631579 0.03665449957 0.009781170325)
(0.01221052632 0.03608166963 0.01225711484)
(0.01252631579 0.03608166963 0.01225711484)
(0.01221052632 0.03581715363 0.01492204324)
(0.01252631579 0.03581715363 0.01492204324)
(0.01221052632 0.03666751123 0.01713770591)
(0.01252631579 0.03666751123 0.01713770591)
(0.01221052632 0.01401801485 0.01944062392)
(0.01252631579 0.01401801485 0.01944062392)
(0.01221052632 0.01207859581 0.01884815357)
(0.01252631579 0.01207859581 0.01884815357)
(0.01221052632 0.0266571683 0.01946285829)
(0.01252631579 0.0266571683 0.01946285829)
(0.01221052632 0.01001022677 0.01840080367)
(0.01252631579 0.01001022677 0.01840080367)
(0.01221052632 0.007732958724 0.01841665938)
(0.01252631579 0.007732958724 0.01841665938)
(0.01221052632 0.0247557122 0.01864274348)
(0.01252631579 0.0247557122 0.01864274348)
(0.01221052632 0.01833674495 0.01781376774)
(0.01252631579 0.01833674495 0.01781376774)
(0.01221052632 0.02253671417 0.01836665689)
(0.01252631579 0.02253671417 0.01836665689)
(0.01221052632 0.03421536383 0.01774257593)
(0.01252631579 0.03421536383 0.01774257593)
(0.01221052632 0.003621068084 0.01689735176)
(0.01252631579 0.003621068084 0.01689735176)
(0.01221052632 0.005494435806 0.01883692493)
(0.01252631579 0.005494435806 0.01883692493)
(0.01221052632 0.01596140167 0.01874933696)
(0.01252631579 0.01596140167 0.01874933696)
(0.01221052632 0.03107287144 0.01737771008)
(0.01252631579 0.03107287144 0.01737771008)
(0.01221052632 0.003907744773 0.01446746972)
(0.01252631579 0.003907744773 0.01446746972)
(0.01221052632 0.01442952939 0.01348028704)
(0.01252631579 0.01442952939 0.01348028704)
(0.01221052632 0.02848186166 0.01342341666)
(0.01252631579 0.02848186166 0.01342341666)
(0.01221052632 0.03268642065 0.01350881522)
(0.01252631579 0.03268642065 0.01350881522)
(0.01221052632 0.006353923426 0.01293656318)
(0.01252631579 0.006353923426 0.01293656318)
(0.01221052632 0.008915800659 0.01228575838)
(0.01252631579 0.008915800659 0.01228575838)
(0.01221052632 0.02091055714 0.01570975535)
(0.01252631579 0.02091055714 0.01570975535)
(0.01221052632 0.006137832285 0.01607888503)
(0.01252631579 0.006137832285 0.01607888503)
(0.01221052632 0.01165330673 0.01584908967)
(0.01252631579 0.01165330673 0.01584908967)
(0.01221052632 0.01157200162 0.01253775592)
(0.01252631579 0.01157200162 0.01253775592)
(0.01221052632 0.01783414239 0.01364310506)
(0.01252631579 0.01783414239 0.01364310506)
(0.01221052632 0.02024586045 0.01226182435)
(0.01252631579 0.02024586045 0.01226182435)
(0.01221052632 0.02282701481 0.01289167319)
(0.01252631579 0.02282701481 0.01289167319)
(0.01221052632 0.02542643426 0.01265394365)
(0.01252631579 0.02542643426 0.01265394365)
(0.01221052632 0.01392411724 0.01690750755)
(0.01252631579 0.01392411724 0.01690750755)
(0.01221052632 0.02451689765 0.01570131287)
(0.01252631579 0.02451689765 0.01570131287)
(0.01221052632 0.008924108012 0.01538697515)
(0.01252631579 0.008924108012 0.01538697515)
(0.01221052632 0.02745567091 0.01687988168)
(0.01252631579 0.02745567091 0.01687988168)
(0.01221052632 0.01618195744 0.0160490301)
(0.01252631579 0.01618195744 0.0160490301)
(0.01221052632 0.001955240926 0.02321052632)
(0.01252631579 0.001955240926 0.02352631579)
(0.01221052632 0.003910481852 0.02321052632)
(0.01252631579 0.003910481852 0.02352631579)
(0.01221052632 0.005947492783 0.02321052632)
(0.01252631579 0.005947492783 0.02352631579)
(0.01221052632 0.008119357531 0.02321052632)
(0.01252631579 0.008119357531 0.02352631579)
(0.01221052632 0.01007459846 0.02321052632)
(0.01252631579 0.01007459846 0.02352631579)
(0.01221052632 0.01202983938 0.02321052632)
(0.01252631579 0.01202983938 0.02352631579)
(0.01221052632 0.01398508031 0.02321052632)
(0.01252631579 0.01398508031 0.02352631579)
(0.01221052632 0.01594032123 0.02321052632)
(0.01252631579 0.01594032123 0.02352631579)
(0.01221052632 0.01819395599 0.02321052632)
(0.01252631579 0.01819395599 0.02352631579)
(0.01221052632 0.02014919691 0.02321052632)
(0.01252631579 0.02014919691 0.02352631579)
(0.01221052632 0.02210443784 0.02321052632)
(0.01252631579 0.02210443784 0.02352631579)
(0.01221052632 0.02405967877 0.02321052632)
(0.01252631579 0.02405967877 0.02352631579)
(0.01221052632 0.02601491969 0.02321052632)
(0.01252631579 0.02601491969 0.02352631579)
(0.01221052632 0.02797016062 0.02321052632)
(0.01252631579 0.02797016062 0.02352631579)
(0.01221052632 0.03010643355 0.02321052632)
(0.01252631579 0.03010643355 0.02352631579)
(0.01221052632 0.0321790363 0.02321052632)
(0.01252631579 0.0321790363 0.02352631579)
(0.01221052632 0.03413427722 0.02321052632)
(0.01252631579 0.03413427722 0.02352631579)
(0.01221052632 0.03608951815 0.02321052632)
(0.01252631579 0.03608951815 0.02352631579)
(0.01221052632 0.03804475907 0.02321052632)
(0.01252631579 0.03804475907 0.02352631579)
(0.01478947368 0.001433986576 0.009317381005)
(0.01447368421 0.001433986576 0.009317381005)
(0.01478947368 0.001663773196 0.01116531507)
(0.01447368421 0.001663773196 0.01116531507)
(0.01478947368 0.001824822588 0.01331958728)
(0.01447368421 0.001824822588 0.01331958728)
(0.01478947368 0.001913823329 0.01551830064)
(0.01447368421 0.001913823329 0.01551830064)
(0.01478947368 0.001776435062 0.01782357601)
(0.01447368421 0.001776435062 0.01782357601)
(0.01478947368 0.001537141334 0.01981007927)
(0.01447368421 0.001537141334 0.01981007927)
(0.01478947368 0.001226502971 0.02165308681)
(0.01447368421 0.001226502971 0.02165308681)
(0.01478947368 0.002593003006 0.007638428635)
(0.01447368421 0.002593003006 0.007638428635)
(0.01478947368 0.006966764173 0.007923278385)
(0.01447368421 0.006966764173 0.007923278385)
(0.01478947368 0.01114239653 0.007729506372)
(0.01447368421 0.01114239653 0.007729506372)
(0.01478947368 0.01486855371 0.008162401156)
(0.01447368421 0.01486855371 0.008162401156)
(0.01478947368 0.01928159935 0.008327058839)
(0.01447368421 0.01928159935 0.008327058839)
(0.01478947368 0.02309582992 0.007925821525)
(0.01447368421 0.02309582992 0.007925821525)
(0.01478947368 0.02676815919 0.00796327333)
(0.01447368421 0.02676815919 0.00796327333)
(0.01478947368 0.03103085571 0.007983230975)
(0.01447368421 0.03103085571 0.007983230975)
(0.01478947368 0.0350762028 0.007763437083)
(0.01447368421 0.0350762028 0.007763437083)
(0.01478947368 0.03847824752 0.008854757925)
(0.01447368421 0.03847824752 0.008854757925)
(0.01478947368 0.0381787307 0.01331929857)
(0.01447368421 0.0381787307 0.01331929857)
(0.01478947368 0.03816188399 0.01792835241)
(0.01447368421 0.03816188399 0.01792835241)
(0.01478947368 0.003010694021 0.02133353121)
(0.01447368421 0.003010694021 0.02133353121)
(0.01478947368 0.004965233373 0.02104283104)
(0.01447368421 0.004965233373 0.02104283104)
(0.01478947368 0.00717157672 0.02085533541)
(0.01447368421 0.00717157672 0.02085533541)
(0.01478947368 0.009269566207 0.02098352721)
(0.01447368421 0.009269566207 0.02098352721)
(0.01478947368 0.01136788783 0.02104183527)
(0.01447368421 0.01136788783 0.02104183527)
(0.01478947368 0.01338371606 0.02097093969)
(0.01447368421 0.01338371606 0.02097093969)
(0.01478947368 0.01542509595 0.02104224236)
(0.01447368421 0.01542509595 0.02104224236)
(0.01478947368 0.01728976679 0.02128663009)
(0.01447368421 0.01728976679 0.02128663009)
(0.01478947368 0.01920472317 0.02096331459)
(0.01447368421 0.01920472317 0.02096331459)
(0.01478947368 0.02127966857 0.02096116247)
(0.01447368421 0.02127966857 0.02096116247)
(0.01478947368 0.02318348734 0.02121570877)
(0.01447368421 0.02318348734 0.02121570877)
(0.01478947368 0.02511949554 0.0206784642)
(0.01447368421 0.02511949554 0.0206784642)
(0.01478947368 0.02725500225 0.02059566693)
(0.01447368421 0.02725500225 0.02059566693)
(0.01478947368 0.02937272769 0.02081847316)
(0.01447368421 0.02937272769 0.02081847316)
(0.01478947368 0.03172116174 0.0210213812)
(0.01447368421 0.03172116174 0.0210213812)
(0.01478947368 0.03387752223 0.02114127226)
(0.01447368421 0.03387752223 0.02114127226)
(0.01478947368 0.03612470888 0.02152810909)
(0.01447368421 0.03612470888 0.02152810909)
(0.01478947368 0.03823489195 0.02019637312)
(0.01447368421 0.03823489195 0.02019637312)
(0.01478947368 0.009087342902 0.007792879332)
(0.01447368421 0.009087342902 0.007792879332)
(0.01478947368 0.004722231421 0.00777759857)
(0.01447368421 0.004722231421 0.00777759857)
(0.01478947368 0.01300039295 0.00752865806)
(0.01447368421 0.01300039295 0.00752865806)
(0.01478947368 0.01706395212 0.008433001707)
(0.01447368421 0.01706395212 0.008433001707)
(0.01478947368 0.02119645417 0.007700584881)
(0.01447368421 0.02119645417 0.007700584881)
(0.01478947368 0.02495758638 0.007496185727)
(0.01447368421 0.02495758638 0.007496185727)
(0.01478947368 0.02876488275 0.007994022609)
(0.01447368421 0.02876488275 0.007994022609)
(0.01478947368 0.03307849633 0.007928307115)
(0.01447368421 0.03307849633 0.007928307115)
(0.01478947368 0.03691268175 0.007578185195)
(0.01447368421 0.03691268175 0.007578185195)
(0.01478947368 0.0383417144 0.01109146177)
(0.01447368421 0.0383417144 0.01109146177)
(0.01478947368 0.03808623494 0.01558346294)
(0.01447368421 0.03808623494 0.01558346294)
(0.01478947368 0.003902811655 0.01198269249)
(0.01447368421 0.003902811655 0.01198269249)
(0.01478947368 0.004288764536 0.0143598017)
(0.01447368421 0.004288764536 0.0143598017)
(0.01478947368 0.00412004038 0.0167579552)
(0.01447368421 0.00412004038 0.0167579552)
(0.01478947368 0.0035519471 0.01916907865)
(0.01447368421 0.0035519471 0.01916907865)
(0.01478947368 0.003352982585 0.009688464317)
(0.01447368421 0.003352982585 0.009688464317)
(0.01478947368 0.01841234651 0.01154142774)
(0.01447368421 0.01841234651 0.01154142774)
(0.01478947368 0.01026588367 0.009742807713)
(0.01447368421 0.01026588367 0.009742807713)
(0.01478947368 0.03575243697 0.01691643553)
(0.01447368421 0.03575243697 0.01691643553)
(0.01478947368 0.01272512714 0.0100769569)
(0.01447368421 0.01272512714 0.0100769569)
(0.01478947368 0.02471885705 0.009978045391)
(0.01447368421 0.02471885705 0.009978045391)
(0.01478947368 0.02724806018 0.01074206043)
(0.01447368421 0.02724806018 0.01074206043)
(0.01478947368 0.02168543624 0.01070454807)
(0.01447368421 0.02168543624 0.01070454807)
(0.01478947368 0.03189051672 0.0105288234)
(0.01447368421 0.03189051672 0.0105288234)
(0.01478947368 0.01547196249 0.01105989086)
(0.01447368421 0.01547196249 0.01105989086)
(0.01478947368 0.03576594979 0.0144675583)
(0.01447368421 0.03576594979 0.0144675583)
(0.01478947368 0.03604395648 0.01935441162)
(0.01447368421 0.03604395648 0.01935441162)
(0.01478947368 0.02964376112 0.01018869923)
(0.01447368421 0.02964376112 0.01018869923)
(0.01478947368 0.005956701499 0.01860920751)
(0.01447368421 0.005956701499 0.01860920751)
(0.01478947368 0.008487681255 0.01835744405)
(0.01447368421 0.008487681255 0.01835744405)
(0.01478947368 0.01056597772 0.0189721217)
(0.01447368421 0.01056597772 0.0189721217)
(0.01478947368 0.01279838353 0.01833841507)
(0.01447368421 0.01279838353 0.01833841507)
(0.01478947368 0.01501584383 0.01880312214)
(0.01447368421 0.01501584383 0.01880312214)
(0.01478947368 0.01756746441 0.01857261242)
(0.01447368421 0.01756746441 0.01857261242)
(0.01478947368 0.02027870353 0.01859773365)
(0.01447368421 0.02027870353 0.01859773365)
(0.01478947368 0.02314626468 0.01814687357)
(0.01447368421 0.02314626468 0.01814687357)
(0.01478947368 0.0261999232 0.01731515037)
(0.01447368421 0.0261999232 0.01731515037)
(0.01478947368 0.0290255455 0.0176427525)
(0.01447368421 0.0290255455 0.0176427525)
(0.01478947368 0.03120024463 0.01881961424)
(0.01447368421 0.03120024463 0.01881961424)
(0.01478947368 0.03352431969 0.01882099877)
(0.01447368421 0.03352431969 0.01882099877)
(0.01478947368 0.008055299025 0.01015982906)
(0.01447368421 0.008055299025 0.01015982906)
(0.01478947368 0.03615746642 0.01197733014)
(0.01447368421 0.03615746642 0.01197733014)
(0.01478947368 0.0365948764 0.009636519497)
(0.01447368421 0.0365948764 0.009636519497)
(0.01478947368 0.005688985214 0.009988871669)
(0.01447368421 0.005688985214 0.009988871669)
(0.01478947368 0.03432896899 0.01013628983)
(0.01447368421 0.03432896899 0.01013628983)
(0.01478947368 0.03321393966 0.0129282725)
(0.01447368421 0.03321393966 0.0129282725)
(0.01478947368 0.03244765245 0.01599032306)
(0.01447368421 0.03244765245 0.01599032306)
(0.01478947368 0.00665048774 0.01262386359)
(0.01447368421 0.00665048774 0.01262386359)
(0.01478947368 0.01565078191 0.01540893769)
(0.01447368421 0.01565078191 0.01540893769)
(0.01478947368 0.02463322078 0.01373685091)
(0.01447368421 0.02463322078 0.01373685091)
(0.01478947368 0.02923290207 0.01366214085)
(0.01447368421 0.02923290207 0.01366214085)
(0.01478947368 0.007282488038 0.01566865697)
(0.01447368421 0.007282488038 0.01566865697)
(0.01478947368 0.02025643487 0.01514485449)
(0.01447368421 0.02025643487 0.01514485449)
(0.01478947368 0.01092911707 0.01605394951)
(0.01447368421 0.01092911707 0.01605394951)
(0.01478947368 0.009893060297 0.01262838337)
(0.01447368421 0.009893060297 0.01262838337)
(0.01478947368 0.01305166508 0.01303550378)
(0.01447368421 0.01305166508 0.01303550378)
(0.01478947368 0.001955240926 0.02321052632)
(0.01447368421 0.001955240926 0.02352631579)
(0.01478947368 0.03804475907 0.02321052632)
(0.01447368421 0.03804475907 0.02352631579)
(0.01478947368 0.003910481852 0.02321052632)
(0.01447368421 0.003910481852 0.02352631579)
(0.01478947368 0.005947492783 0.02321052632)
(0.01447368421 0.005947492783 0.02352631579)
(0.01478947368 0.008119357531 0.02321052632)
(0.01447368421 0.008119357531 0.02352631579)
(0.01478947368 0.01007459846 0.02321052632)
(0.01447368421 0.01007459846 0.02352631579)
(0.01478947368 0.01202983938 0.02321052632)
(0.01447368421 0.01202983938 0.02352631579)
(0.01478947368 0.01398508031 0.02321052632)
(0.01447368421 0.01398508031 0.02352631579)
(0.01478947368 0.01594032123 0.02321052632)
(0.01447368421 0.01594032123 0.02352631579)
(0.01478947368 0.01819395599 0.02321052632)
(0.01447368421 0.01819395599 0.02352631579)
(0.01478947368 0.02014919691 0.02321052632)
(0.01447368421 0.02014919691 0.02352631579)
(0.01478947368 0.02210443784 0.02321052632)
(0.01447368421 0.02210443784 0.02352631579)
(0.01478947368 0.02405967877 0.02321052632)
(0.01447368421 0.02405967877 0.02352631579)
(0.01478947368 0.02601491969 0.02321052632)
(0.01447368421 0.02601491969 0.02352631579)
(0.01478947368 0.02797016062 0.02321052632)
(0.01447368421 0.02797016062 0.02352631579)
(0.01478947368 0.03010643355 0.02321052632)
(0.01447368421 0.03010643355 0.02352631579)
(0.01478947368 0.0321790363 0.02321052632)
(0.01447368421 0.0321790363 0.02352631579)
(0.01478947368 0.03413427722 0.02321052632)
(0.01447368421 0.03413427722 0.02352631579)
(0.01478947368 0.03608951815 0.02321052632)
(0.01447368421 0.03608951815 0.02352631579)
(0.01721052632 0.001393253623 0.009319984086)
(0.01752631579 0.001393253623 0.009319984086)
(0.01721052632 0.001711243653 0.0132916506)
(0.01752631579 0.001711243653 0.0132916506)
(0.01721052632 0.001609985183 0.01774968771)
(0.01752631579 0.001609985183 0.01774968771)
(0.01721052632 0.002526879248 0.007617097786)
(0.01752631579 0.002526879248 0.007617097786)
(0.01721052632 0.004641779903 0.007768251214)
(0.01752631579 0.004641779903 0.007768251214)
(0.01721052632 0.006852193398 0.007862849019)
(0.01752631579 0.006852193398 0.007862849019)
(0.01721052632 0.008934203936 0.007811221629)
(0.01752631579 0.008934203936 0.007811221629)
(0.01721052632 0.01100078817 0.007835049312)
(0.01752631579 0.01100078817 0.007835049312)
(0.01721052632 0.01303403125 0.007895848495)
(0.01752631579 0.01303403125 0.007895848495)
(0.01721052632 0.01506098713 0.007945949023)
(0.01752631579 0.01506098713 0.007945949023)
(0.01721052632 0.01706368803 0.007977524087)
(0.01752631579 0.01706368803 0.007977524087)
(0.01721052632 0.01915842295 0.007792601066)
(0.01752631579 0.01915842295 0.007792601066)
(0.01721052632 0.02127044132 0.007718526585)
(0.01752631579 0.02127044132 0.007718526585)
(0.01721052632 0.02325842017 0.007859824839)
(0.01752631579 0.02325842017 0.007859824839)
(0.01721052632 0.02530362789 0.007976443484)
(0.01752631579 0.02530362789 0.007976443484)
(0.01721052632 0.02736727299 0.008036210725)
(0.01752631579 0.02736727299 0.008036210725)
(0.01721052632 0.02936331869 0.007957993797)
(0.01752631579 0.02936331869 0.007957993797)
(0.01721052632 0.03128707874 0.007454514175)
(0.01752631579 0.03128707874 0.007454514175)
(0.01721052632 0.03312167529 0.007781890838)
(0.01752631579 0.03312167529 0.007781890838)
(0.01721052632 0.0351147233 0.007798527156)
(0.01752631579 0.0351147233 0.007798527156)
(0.01721052632 0.03709994044 0.007644873888)
(0.01752631579 0.03709994044 0.007644873888)
(0.01721052632 0.03876745556 0.007370132409)
(0.01752631579 0.03876745556 0.007370132409)
(0.01721052632 0.03846219241 0.009153231899)
(0.01752631579 0.03846219241 0.009153231899)
(0.01721052632 0.03824289597 0.01125964322)
(0.01752631579 0.03824289597 0.01125964322)
(0.01721052632 0.03806700176 0.0134555789)
(0.01752631579 0.03806700176 0.0134555789)
(0.01721052632 0.03819793511 0.01576476972)
(0.01752631579 0.03819793511 0.01576476972)
(0.01721052632 0.03843661717 0.01801729889)
(0.01752631579 0.03843661717 0.01801729889)
(0.01721052632 0.03849815616 0.02020196257)
(0.01752631579 0.03849815616 0.02020196257)
(0.01721052632 0.002528677213 0.02131862687)
(0.01752631579 0.002528677213 0.02131862687)
(0.01721052632 0.006880972383 0.02091718172)
(0.01752631579 0.006880972383 0.02091718172)
(0.01721052632 0.01097058295 0.02103768117)
(0.01752631579 0.01097058295 0.02103768117)
(0.01721052632 0.01513143134 0.02115286298)
(0.01752631579 0.01513143134 0.02115286298)
(0.01721052632 0.01940917738 0.02079692356)
(0.01752631579 0.01940917738 0.02079692356)
(0.01721052632 0.02321800394 0.02106827931)
(0.01752631579 0.02321800394 0.02106827931)
(0.01721052632 0.02690827396 0.02100836302)
(0.01752631579 0.02690827396 0.02100836302)
(0.01721052632 0.03087595864 0.02054260503)
(0.01752631579 0.03087595864 0.02054260503)
(0.01721052632 0.03507887826 0.02105179794)
(0.01752631579 0.03507887826 0.02105179794)
(0.01721052632 0.001617728455 0.01120764066)
(0.01752631579 0.001617728455 0.01120764066)
(0.01721052632 0.001727463727 0.01561290387)
(0.01752631579 0.001727463727 0.01561290387)
(0.01721052632 0.001395732944 0.01964596068)
(0.01752631579 0.001395732944 0.01964596068)
(0.01721052632 0.01299817905 0.02119097442)
(0.01752631579 0.01299817905 0.02119097442)
(0.01721052632 0.008937817784 0.02097231587)
(0.01752631579 0.008937817784 0.02097231587)
(0.01721052632 0.004657418389 0.0211341773)
(0.01752631579 0.004657418389 0.0211341773)
(0.01721052632 0.01728570197 0.02085536268)
(0.01752631579 0.01728570197 0.02085536268)
(0.01721052632 0.02132985906 0.02126782325)
(0.01752631579 0.02132985906 0.02126782325)
(0.01721052632 0.02505595988 0.02153785671)
(0.01752631579 0.02505595988 0.02153785671)
(0.01721052632 0.02883611967 0.02118458687)
(0.01752631579 0.02883611967 0.02118458687)
(0.01721052632 0.03301698492 0.0206713617)
(0.01752631579 0.03301698492 0.0206713617)
(0.01721052632 0.03695660639 0.02142124759)
(0.01752631579 0.03695660639 0.02142124759)
(0.01721052632 0.003242130679 0.00968300848)
(0.01752631579 0.003242130679 0.00968300848)
(0.01721052632 0.003629578647 0.01203762742)
(0.01752631579 0.003629578647 0.01203762742)
(0.01721052632 0.03673761711 0.01935817249)
(0.01752631579 0.03673761711 0.01935817249)
(0.01721052632 0.02823201142 0.01831847944)
(0.01752631579 0.02823201142 0.01831847944)
(0.01721052632 0.003247051318 0.019253455)
(0.01752631579 0.003247051318 0.019253455)
(0.01721052632 0.02194603645 0.01868414036)
(0.01752631579 0.02194603645 0.01868414036)
(0.01721052632 0.005440329576 0.01002373838)
(0.01752631579 0.005440329576 0.01002373838)
(0.01721052632 0.007595352657 0.01004079598)
(0.01752631579 0.007595352657 0.01004079598)
(0.01721052632 0.009834631455 0.01004065541)
(0.01752631579 0.009834631455 0.01004065541)
(0.01721052632 0.01196486531 0.01024840623)
(0.01752631579 0.01196486531 0.01024840623)
(0.01721052632 0.0141197664 0.01036535549)
(0.01752631579 0.0141197664 0.01036535549)
(0.01721052632 0.01629241382 0.0105037875)
(0.01752631579 0.01629241382 0.0105037875)
(0.01721052632 0.01835400667 0.01024762487)
(0.01752631579 0.01835400667 0.01024762487)
(0.01721052632 0.02026128792 0.009577577539)
(0.01752631579 0.02026128792 0.009577577539)
(0.01721052632 0.02226383607 0.01009931086)
(0.01752631579 0.02226383607 0.01009931086)
(0.01721052632 0.02444462588 0.0103496979)
(0.01752631579 0.02444462588 0.0103496979)
(0.01721052632 0.02683786789 0.01059002033)
(0.01752631579 0.02683786789 0.01059002033)
(0.01721052632 0.0292483275 0.01072260836)
(0.01752631579 0.0292483275 0.01072260836)
(0.01721052632 0.03147186837 0.009713861962)
(0.01752631579 0.03147186837 0.009713861962)
(0.01721052632 0.03397451061 0.01017865032)
(0.01752631579 0.03397451061 0.01017865032)
(0.01721052632 0.03650783855 0.009776983169)
(0.01752631579 0.03650783855 0.009776983169)
(0.01721052632 0.03578111495 0.01234746613)
(0.01752631579 0.03578111495 0.01234746613)
(0.01721052632 0.03516062122 0.0151687195)
(0.01752631579 0.03516062122 0.0151687195)
(0.01721052632 0.03669955109 0.01732028946)
(0.01752631579 0.03669955109 0.01732028946)
(0.01721052632 0.01405898061 0.01927370223)
(0.01752631579 0.01405898061 0.01927370223)
(0.01721052632 0.01205640788 0.01878837111)
(0.01752631579 0.01205640788 0.01878837111)
(0.01721052632 0.02505410474 0.01920964231)
(0.01752631579 0.02505410474 0.01920964231)
(0.01721052632 0.009867765066 0.01855213125)
(0.01752631579 0.009867765066 0.01855213125)
(0.01721052632 0.007692678136 0.01854586242)
(0.01752631579 0.007692678136 0.01854586242)
(0.01721052632 0.0189155934 0.01793278659)
(0.01752631579 0.0189155934 0.01793278659)
(0.01721052632 0.03449375406 0.01840342775)
(0.01752631579 0.03449375406 0.01840342775)
(0.01721052632 0.0035886109 0.01690659258)
(0.01752631579 0.0035886109 0.01690659258)
(0.01721052632 0.005466875711 0.01887370959)
(0.01752631579 0.005466875711 0.01887370959)
(0.01721052632 0.01610385643 0.01867082382)
(0.01752631579 0.01610385643 0.01867082382)
(0.01721052632 0.03168618477 0.01717729356)
(0.01752631579 0.03168618477 0.01717729356)
(0.01721052632 0.003828802848 0.01447197386)
(0.01752631579 0.003828802848 0.01447197386)
(0.01721052632 0.01534490308 0.01317556309)
(0.01752631579 0.01534490308 0.01317556309)
(0.01721052632 0.02860913995 0.01431286299)
(0.01752631579 0.02860913995 0.01431286299)
(0.01721052632 0.03220042504 0.01305470866)
(0.01752631579 0.03220042504 0.01305470866)
(0.01721052632 0.0212316975 0.01560564207)
(0.01752631579 0.0212316975 0.01560564207)
(0.01721052632 0.006134386703 0.01298695916)
(0.01752631579 0.006134386703 0.01298695916)
(0.01721052632 0.006052754033 0.01611164596)
(0.01752631579 0.006052754033 0.01611164596)
(0.01721052632 0.01122943437 0.01607903753)
(0.01752631579 0.01122943437 0.01607903753)
(0.01721052632 0.01061633159 0.01282484668)
(0.01752631579 0.01061633159 0.01282484668)
(0.01721052632 0.01300493094 0.01307013058)
(0.01752631579 0.01300493094 0.01307013058)
(0.01721052632 0.01824924572 0.01350877425)
(0.01752631579 0.01824924572 0.01350877425)
(0.01721052632 0.02044798007 0.01218137944)
(0.01752631579 0.02044798007 0.01218137944)
(0.01721052632 0.02303995612 0.01294047042)
(0.01752631579 0.02303995612 0.01294047042)
(0.01721052632 0.02575040811 0.01299372146)
(0.01752631579 0.02575040811 0.01299372146)
(0.01721052632 0.01392448848 0.01649442531)
(0.01752631579 0.01392448848 0.01649442531)
(0.01721052632 0.008479199079 0.01231812581)
(0.01752631579 0.008479199079 0.01231812581)
(0.01721052632 0.008572691679 0.01552493803)
(0.01752631579 0.008572691679 0.01552493803)
(0.01721052632 0.0249596531 0.01629507787)
(0.01752631579 0.0249596531 0.01629507787)
(0.01721052632 0.01647616933 0.01611863214)
(0.01752631579 0.01647616933 0.01611863214)
(0.01721052632 0.001955240926 0.02321052632)
(0.01752631579 0.001955240926 0.02352631579)
(0.01721052632 0.003910481852 0.02321052632)
(0.01752631579 0.003910481852 0.02352631579)
(0.01721052632 0.008119357531 0.02321052632)
(0.01752631579 0.008119357531 0.02352631579)
(0.01721052632 0.005947492783 0.02321052632)
(0.01752631579 0.005947492783 0.02352631579)
(0.01721052632 0.01202983938 0.02321052632)
(0.01752631579 0.01202983938 0.02352631579)
(0.01721052632 0.01007459846 0.02321052632)
(0.01752631579 0.01007459846 0.02352631579)
(0.01721052632 0.01398508031 0.02321052632)
(0.01752631579 0.01398508031 0.02352631579)
(0.01721052632 0.01594032123 0.02321052632)
(0.01752631579 0.01594032123 0.02352631579)
(0.01721052632 0.01819395599 0.02321052632)
(0.01752631579 0.01819395599 0.02352631579)
(0.01721052632 0.02210443784 0.02321052632)
(0.01752631579 0.02210443784 0.02352631579)
(0.01721052632 0.02405967877 0.02321052632)
(0.01752631579 0.02405967877 0.02352631579)
(0.01721052632 0.02797016062 0.02321052632)
(0.01752631579 0.02797016062 0.02352631579)
(0.01721052632 0.02601491969 0.02321052632)
(0.01752631579 0.02601491969 0.02352631579)
(0.01721052632 0.03010643355 0.02321052632)
(0.01752631579 0.03010643355 0.02352631579)
(0.01721052632 0.03413427722 0.02321052632)
(0.01752631579 0.03413427722 0.02352631579)
(0.01721052632 0.03804475907 0.02321052632)
(0.01752631579 0.03804475907 0.02352631579)
(0.01721052632 0.02014919691 0.02321052632)
(0.01752631579 0.02014919691 0.02352631579)
(0.01721052632 0.0321790363 0.02321052632)
(0.01752631579 0.0321790363 0.02352631579)
(0.01721052632 0.03608951815 0.02321052632)
(0.01752631579 0.03608951815 0.02352631579)
(0.01978947368 0.001452823385 0.009283096198)
(0.01947368421 0.001452823385 0.009283096198)
(0.01978947368 0.001656367777 0.01111282818)
(0.01947368421 0.001656367777 0.01111282818)
(0.01978947368 0.001768347287 0.01324681466)
(0.01947368421 0.001768347287 0.01324681466)
(0.01978947368 0.001840187259 0.01546370657)
(0.01947368421 0.001840187259 0.01546370657)
(0.01978947368 0.001801863011 0.01771236569)
(0.01947368421 0.001801863011 0.01771236569)
(0.01978947368 0.001617003089 0.01984278586)
(0.01947368421 0.001617003089 0.01984278586)
(0.01978947368 0.001316830408 0.02165212482)
(0.01947368421 0.001316830408 0.02165212482)
(0.01978947368 0.002656937098 0.007592231708)
(0.01947368421 0.002656937098 0.007592231708)
(0.01978947368 0.007292759362 0.007847157271)
(0.01947368421 0.007292759362 0.007847157271)
(0.01978947368 0.01140486349 0.007512372802)
(0.01947368421 0.01140486349 0.007512372802)
(0.01978947368 0.01543219461 0.008080940493)
(0.01947368421 0.01543219461 0.008080940493)
(0.01978947368 0.02007856784 0.007564711418)
(0.01947368421 0.02007856784 0.007564711418)
(0.01978947368 0.02410413699 0.007841447341)
(0.01947368421 0.02410413699 0.007841447341)
(0.01978947368 0.0281952109 0.007529060158)
(0.01947368421 0.0281952109 0.007529060158)
(0.01978947368 0.03270530727 0.008060610724)
(0.01947368421 0.03270530727 0.008060610724)
(0.01978947368 0.03722300611 0.007714546795)
(0.01947368421 0.03722300611 0.007714546795)
(0.01978947368 0.03858525297 0.01140815693)
(0.01947368421 0.03858525297 0.01140815693)
(0.01978947368 0.03828494858 0.01551586789)
(0.01947368421 0.03828494858 0.01551586789)
(0.01978947368 0.03848971078 0.01986560987)
(0.01947368421 0.03848971078 0.01986560987)
(0.01978947368 0.03875798388 0.02164333429)
(0.01947368421 0.03875798388 0.02164333429)
(0.01978947368 0.003079062487 0.02133403344)
(0.01947368421 0.003079062487 0.02133403344)
(0.01978947368 0.005108580495 0.02130322667)
(0.01947368421 0.005108580495 0.02130322667)
(0.01978947368 0.007483608774 0.02130522185)
(0.01947368421 0.007483608774 0.02130522185)
(0.01978947368 0.009591852516 0.02117139948)
(0.01947368421 0.009591852516 0.02117139948)
(0.01978947368 0.01172909311 0.0210973047)
(0.01947368421 0.01172909311 0.0210973047)
(0.01978947368 0.01388459911 0.02103945587)
(0.01947368421 0.01388459911 0.02103945587)
(0.01978947368 0.01599417717 0.02095872978)
(0.01947368421 0.01599417717 0.02095872978)
(0.01978947368 0.01821708247 0.02110957734)
(0.01947368421 0.01821708247 0.02110957734)
(0.01978947368 0.02038568453 0.0212765414)
(0.01947368421 0.02038568453 0.0212765414)
(0.01978947368 0.02242209357 0.02122295796)
(0.01947368421 0.02242209357 0.02122295796)
(0.01978947368 0.02455530719 0.02112213094)
(0.01947368421 0.02455530719 0.02112213094)
(0.01978947368 0.02661306009 0.02090623514)
(0.01947368421 0.02661306009 0.02090623514)
(0.01978947368 0.02871909093 0.02080797064)
(0.01947368421 0.02871909093 0.02080797064)
(0.01978947368 0.03095524563 0.02093774599)
(0.01947368421 0.03095524563 0.02093774599)
(0.01978947368 0.03303516991 0.02140373941)
(0.01947368421 0.03303516991 0.02140373941)
(0.01978947368 0.03511281926 0.0214981314)
(0.01947368421 0.03511281926 0.0214981314)
(0.01978947368 0.03709495219 0.02134712488)
(0.01947368421 0.03709495219 0.02134712488)
(0.01978947368 0.009459615353 0.007847744388)
(0.01947368421 0.009459615353 0.007847744388)
(0.01978947368 0.004904108484 0.007729304435)
(0.01947368421 0.004904108484 0.007729304435)
(0.01978947368 0.0132962067 0.007933336608)
(0.01947368421 0.0132962067 0.007933336608)
(0.01978947368 0.01801591676 0.008403051047)
(0.01947368421 0.01801591676 0.008403051047)
(0.01978947368 0.02203234621 0.007839957076)
(0.01947368421 0.02203234621 0.007839957076)
(0.01978947368 0.02621373146 0.00774117795)
(0.01947368421 0.02621373146 0.00774117795)
(0.01978947368 0.03029527528 0.008521931382)
(0.01947368421 0.03029527528 0.008521931382)
(0.01978947368 0.03497228444 0.00771511019)
(0.01947368421 0.03497228444 0.00771511019)
(0.01978947368 0.03820205484 0.009618378211)
(0.01947368421 0.03820205484 0.009618378211)
(0.01978947368 0.03830796469 0.01332549875)
(0.01947368421 0.03830796469 0.01332549875)
(0.01978947368 0.03833175125 0.01778137771)
(0.01947368421 0.03833175125 0.01778137771)
(0.01978947368 0.01621087945 0.0103141061)
(0.01947368421 0.01621087945 0.0103141061)
(0.01978947368 0.003843369543 0.01183090251)
(0.01947368421 0.003843369543 0.01183090251)
(0.01978947368 0.004072748668 0.0141393373)
(0.01947368421 0.004072748668 0.0141393373)
(0.01978947368 0.004069355705 0.01650838988)
(0.01947368421 0.004069355705 0.01650838988)
(0.01978947368 0.003966697626 0.01904204445)
(0.01947368421 0.003966697626 0.01904204445)
(0.01978947368 0.008398746544 0.01013296296)
(0.01947368421 0.008398746544 0.01013296296)
(0.01978947368 0.02034547382 0.009958608356)
(0.01947368421 0.02034547382 0.009958608356)
(0.01978947368 0.03611653605 0.01430732294)
(0.01947368421 0.03611653605 0.01430732294)
(0.01978947368 0.01380839921 0.01045351411)
(0.01947368421 0.01380839921 0.01045351411)
(0.01978947368 0.02516219731 0.01000426634)
(0.01947368421 0.02516219731 0.01000426634)
(0.01978947368 0.0111807957 0.01007406966)
(0.01947368421 0.0111807957 0.01007406966)
(0.01978947368 0.03411108229 0.0101549391)
(0.01947368421 0.03411108229 0.0101549391)
(0.01978947368 0.03619067474 0.009333104994)
(0.01947368421 0.03619067474 0.009333104994)
(0.01978947368 0.03643410549 0.01670787086)
(0.01947368421 0.03643410549 0.01670787086)
(0.01978947368 0.005844056659 0.009850869562)
(0.01947368421 0.005844056659 0.009850869562)
(0.01978947368 0.0316517673 0.01103155321)
(0.01947368421 0.0316517673 0.01103155321)
(0.01978947368 0.03645649027 0.01163560214)
(0.01947368421 0.03645649027 0.01163560214)
(0.01978947368 0.003412760606 0.009603982604)
(0.01947368421 0.003412760606 0.009603982604)
(0.01978947368 0.02769332422 0.009664012147)
(0.01947368421 0.02769332422 0.009664012147)
(0.01978947368 0.006299206868 0.01965356089)
(0.01947368421 0.006299206868 0.01965356089)
(0.01978947368 0.008502740506 0.01907551768)
(0.01947368421 0.008502740506 0.01907551768)
(0.01978947368 0.01075047596 0.01891489715)
(0.01947368421 0.01075047596 0.01891489715)
(0.01978947368 0.0131296661 0.01882736842)
(0.01947368421 0.0131296661 0.01882736842)
(0.01978947368 0.01542249317 0.01853721842)
(0.01947368421 0.01542249317 0.01853721842)
(0.01978947368 0.01766435463 0.0186659758)
(0.01947368421 0.01766435463 0.0186659758)
(0.01978947368 0.01960113797 0.01939068618)
(0.01947368421 0.01960113797 0.01939068618)
(0.01978947368 0.02164028176 0.01895506421)
(0.01947368421 0.02164028176 0.01895506421)
(0.01978947368 0.02364484395 0.01919447501)
(0.01947368421 0.02364484395 0.01919447501)
(0.01978947368 0.02564069475 0.0183179062)
(0.01947368421 0.02564069475 0.0183179062)
(0.01978947368 0.02808656624 0.01796580733)
(0.01947368421 0.02808656624 0.01796580733)
(0.01978947368 0.03051283528 0.01817859498)
(0.01947368421 0.03051283528 0.01817859498)
(0.01978947368 0.03246318873 0.0190562302)
(0.01947368421 0.03246318873 0.0190562302)
(0.01978947368 0.03434353668 0.01999061499)
(0.01947368421 0.03434353668 0.01999061499)
(0.01978947368 0.02275085885 0.01032185647)
(0.01947368421 0.02275085885 0.01032185647)
(0.01978947368 0.018276195 0.01187238365)
(0.01947368421 0.018276195 0.01187238365)
(0.01978947368 0.03660489613 0.01921558066)
(0.01947368421 0.03660489613 0.01921558066)
(0.01978947368 0.0291500732 0.01196324325)
(0.01947368421 0.0291500732 0.01196324325)
(0.01978947368 0.03320410735 0.0159135142)
(0.01947368421 0.03320410735 0.0159135142)
(0.01978947368 0.02094421523 0.01332285218)
(0.01947368421 0.02094421523 0.01332285218)
(0.01978947368 0.006462796693 0.0123278985)
(0.01947368421 0.006462796693 0.0123278985)
(0.01978947368 0.03354706855 0.01302923379)
(0.01947368421 0.03354706855 0.01302923379)
(0.01978947368 0.006588145183 0.01738782369)
(0.01947368421 0.006588145183 0.01738782369)
(0.01978947368 0.01750783078 0.01549589267)
(0.01947368421 0.01750783078 0.01549589267)
(0.01978947368 0.03047304902 0.01473380474)
(0.01947368421 0.03047304902 0.01473380474)
(0.01978947368 0.02655661119 0.01204491266)
(0.01947368421 0.02655661119 0.01204491266)
(0.01978947368 0.006730039877 0.01495887951)
(0.01947368421 0.006730039877 0.01495887951)
(0.01978947368 0.01222985429 0.01336790328)
(0.01947368421 0.01222985429 0.01336790328)
(0.01978947368 0.01537385455 0.01297142694)
(0.01947368421 0.01537385455 0.01297142694)
(0.01978947368 0.03462149826 0.01793302274)
(0.01947368421 0.03462149826 0.01793302274)
(0.01978947368 0.009399646102 0.01618122609)
(0.01947368421 0.009399646102 0.01618122609)
(0.01978947368 0.01198037115 0.0165929656)
(0.01947368421 0.01198037115 0.0165929656)
(0.01978947368 0.01447270414 0.01597585066)
(0.01947368421 0.01447270414 0.01597585066)
(0.01978947368 0.02013842985 0.01673741275)
(0.01947368421 0.02013842985 0.01673741275)
(0.01978947368 0.02333414 0.01626691552)
(0.01947368421 0.02333414 0.01626691552)
(0.01978947368 0.02677776835 0.01517458487)
(0.01947368421 0.02677776835 0.01517458487)
(0.01978947368 0.02403338577 0.0129712796)
(0.01947368421 0.02403338577 0.0129712796)
(0.01978947368 0.009350518046 0.01284182513)
(0.01947368421 0.009350518046 0.01284182513)
(0.01978947368 0.002036825148 0.02321052632)
(0.01947368421 0.002036825148 0.02352631579)
(0.01978947368 0.03796317485 0.02321052632)
(0.01947368421 0.03796317485 0.02352631579)
(0.01978947368 0.004073650296 0.02321052632)
(0.01947368421 0.004073650296 0.02352631579)
(0.01978947368 0.006250134104 0.02321052632)
(0.01947368421 0.006250134104 0.02352631579)
(0.01978947368 0.008445694419 0.02321052632)
(0.01947368421 0.008445694419 0.02352631579)
(0.01978947368 0.01048251957 0.02321052632)
(0.01947368421 0.01048251957 0.02352631579)
(0.01978947368 0.01251934472 0.02321052632)
(0.01947368421 0.01251934472 0.02352631579)
(0.01978947368 0.01455616986 0.02321052632)
(0.01947368421 0.01455616986 0.02352631579)
(0.01978947368 0.01660860291 0.02321052632)
(0.01947368421 0.01660860291 0.02352631579)
(0.01978947368 0.01913078434 0.02321052632)
(0.01947368421 0.01913078434 0.02352631579)
(0.01978947368 0.02116760949 0.02321052632)
(0.01947368421 0.02116760949 0.02352631579)
(0.01978947368 0.02320443464 0.02321052632)
(0.01947368421 0.02320443464 0.02352631579)
(0.01978947368 0.02524125978 0.02321052632)
(0.01947368421 0.02524125978 0.02352631579)
(0.01978947368 0.02727808493 0.02321052632)
(0.01947368421 0.02727808493 0.02352631579)
(0.01978947368 0.02938818843 0.02321052632)
(0.01947368421 0.02938818843 0.02352631579)
(0.01978947368 0.03185269941 0.02321052632)
(0.01947368421 0.03185269941 0.02352631579)
(0.01978947368 0.03388952456 0.02321052632)
(0.01947368421 0.03388952456 0.02352631579)
(0.01978947368 0.0359263497 0.02321052632)
(0.01947368421 0.0359263497 0.02352631579)
(0.02221052632 0.001381861849 0.009310023681)
(0.02252631579 0.001381861849 0.009310023681)
(0.02221052632 0.00171581344 0.01326017712)
(0.02252631579 0.00171581344 0.01326017712)
(0.02221052632 0.001659644321 0.01774708057)
(0.02252631579 0.001659644321 0.01774708057)
(0.02221052632 0.002545335447 0.007624544296)
(0.02252631579 0.002545335447 0.007624544296)
(0.02221052632 0.004634732457 0.007743635986)
(0.02252631579 0.004634732457 0.007743635986)
(0.02221052632 0.006844035289 0.007858349639)
(0.02252631579 0.006844035289 0.007858349639)
(0.02221052632 0.008898932725 0.007798470287)
(0.02252631579 0.008898932725 0.007798470287)
(0.02221052632 0.01096608306 0.007818690507)
(0.02252631579 0.01096608306 0.007818690507)
(0.02221052632 0.01302143335 0.007881103454)
(0.02252631579 0.01302143335 0.007881103454)
(0.02221052632 0.01504423926 0.007963242743)
(0.02252631579 0.01504423926 0.007963242743)
(0.02221052632 0.01704361303 0.007997612641)
(0.02252631579 0.01704361303 0.007997612641)
(0.02221052632 0.01911359211 0.007740139114)
(0.02252631579 0.01911359211 0.007740139114)
(0.02221052632 0.02119887657 0.007709236626)
(0.02252631579 0.02119887657 0.007709236626)
(0.02221052632 0.02317885341 0.007873381304)
(0.02252631579 0.02317885341 0.007873381304)
(0.02221052632 0.0251539375 0.0079193627)
(0.02252631579 0.0251539375 0.0079193627)
(0.02221052632 0.02711512115 0.007806280359)
(0.02252631579 0.02711512115 0.007806280359)
(0.02221052632 0.02916899309 0.007804960267)
(0.02252631579 0.02916899309 0.007804960267)
(0.02221052632 0.03125944496 0.007824305302)
(0.02252631579 0.03125944496 0.007824305302)
(0.02221052632 0.03327475104 0.007749245979)
(0.02252631579 0.03327475104 0.007749245979)
(0.02221052632 0.03521117641 0.007749074082)
(0.02252631579 0.03521117641 0.007749074082)
(0.02221052632 0.03709702086 0.007638641867)
(0.02252631579 0.03709702086 0.007638641867)
(0.02221052632 0.03882549005 0.007358880458)
(0.02252631579 0.03882549005 0.007358880458)
(0.02221052632 0.03851838153 0.009162991766)
(0.02252631579 0.03851838153 0.009162991766)
(0.02221052632 0.03834974616 0.01121424016)
(0.02252631579 0.03834974616 0.01121424016)
(0.02221052632 0.03820785165 0.0133845468)
(0.02252631579 0.03820785165 0.0133845468)
(0.02221052632 0.03820658597 0.01565549875)
(0.02252631579 0.03820658597 0.01565549875)
(0.02221052632 0.03835133212 0.0179563034)
(0.02252631579 0.03835133212 0.0179563034)
(0.02221052632 0.03851091721 0.02016048908)
(0.02252631579 0.03851091721 0.02016048908)
(0.02221052632 0.002604544717 0.02127170438)
(0.02252631579 0.002604544717 0.02127170438)
(0.02221052632 0.00699276152 0.02085259532)
(0.02252631579 0.00699276152 0.02085259532)
(0.02221052632 0.01103087402 0.02116556644)
(0.02252631579 0.01103087402 0.02116556644)
(0.02221052632 0.01507070527 0.0212059986)
(0.02252631579 0.01507070527 0.0212059986)
(0.02221052632 0.0191048901 0.02105152386)
(0.02252631579 0.0191048901 0.02105152386)
(0.02221052632 0.02305266128 0.02121705612)
(0.02252631579 0.02305266128 0.02121705612)
(0.02221052632 0.02699873003 0.02120938667)
(0.02252631579 0.02699873003 0.02120938667)
(0.02221052632 0.0311766973 0.02098084915)
(0.02252631579 0.0311766973 0.02098084915)
(0.02221052632 0.035144351 0.02120854897)
(0.02252631579 0.035144351 0.02120854897)
(0.02221052632 0.00159575051 0.01118543971)
(0.02252631579 0.00159575051 0.01118543971)
(0.02221052632 0.001769902626 0.01552906816)
(0.02252631579 0.001769902626 0.01552906816)
(0.02221052632 0.001447663547 0.01962323593)
(0.02252631579 0.001447663547 0.01962323593)
(0.02221052632 0.01309251061 0.02124601355)
(0.02252631579 0.01309251061 0.02124601355)
(0.02221052632 0.00904422293 0.02095637784)
(0.02252631579 0.00904422293 0.02095637784)
(0.02221052632 0.00474730476 0.02106828731)
(0.02252631579 0.00474730476 0.02106828731)
(0.02221052632 0.01717769665 0.02104175211)
(0.02252631579 0.01717769665 0.02104175211)
(0.02221052632 0.02112727897 0.02114013306)
(0.02252631579 0.02112727897 0.02114013306)
(0.02221052632 0.02507800182 0.02123396488)
(0.02252631579 0.02507800182 0.02123396488)
(0.02221052632 0.02904725983 0.02113234267)
(0.02252631579 0.02904725983 0.02113234267)
(0.02221052632 0.03318179852 0.02105861501)
(0.02252631579 0.03318179852 0.02105861501)
(0.02221052632 0.03694834554 0.0214309975)
(0.02252631579 0.03694834554 0.0214309975)
(0.02221052632 0.003214895539 0.0096524661)
(0.02252631579 0.003214895539 0.0096524661)
(0.02221052632 0.00355636633 0.01195994594)
(0.02252631579 0.00355636633 0.01195994594)
(0.02221052632 0.003370460367 0.01916827615)
(0.02252631579 0.003370460367 0.01916827615)
(0.02221052632 0.003872054578 0.01678895436)
(0.02252631579 0.003872054578 0.01678895436)
(0.02221052632 0.02017959671 0.01900371452)
(0.02252631579 0.02017959671 0.01900371452)
(0.02221052632 0.005394348225 0.009926579739)
(0.02252631579 0.005394348225 0.009926579739)
(0.02221052632 0.007557105269 0.01009349216)
(0.02252631579 0.007557105269 0.01009349216)
(0.02221052632 0.009692550916 0.01000804676)
(0.02252631579 0.009692550916 0.01000804676)
(0.02221052632 0.01191997485 0.01012671893)
(0.02252631579 0.01191997485 0.01012671893)
(0.02221052632 0.01405137366 0.01041246831)
(0.02252631579 0.01405137366 0.01041246831)
(0.02221052632 0.01620948413 0.01058163144)
(0.02252631579 0.01620948413 0.01058163144)
(0.02221052632 0.01829407489 0.01033147371)
(0.02252631579 0.01829407489 0.01033147371)
(0.02221052632 0.02020635472 0.009615237987)
(0.02252631579 0.02020635472 0.009615237987)
(0.02221052632 0.02215983498 0.01018100748)
(0.02252631579 0.02215983498 0.01018100748)
(0.02221052632 0.02427846973 0.01045544277)
(0.02252631579 0.02427846973 0.01045544277)
(0.02221052632 0.026434367 0.01039867243)
(0.02252631579 0.026434367 0.01039867243)
(0.02221052632 0.02834818852 0.009822271194)
(0.02252631579 0.02834818852 0.009822271194)
(0.02221052632 0.03041607727 0.01033965188)
(0.02252631579 0.03041607727 0.01033965188)
(0.02221052632 0.0324217716 0.009830840629)
(0.02252631579 0.0324217716 0.009830840629)
(0.02221052632 0.03450953949 0.01012462595)
(0.02252631579 0.03450953949 0.01012462595)
(0.02221052632 0.03666419761 0.009736892519)
(0.02252631579 0.03666419761 0.009736892519)
(0.02221052632 0.0361202603 0.01210534399)
(0.02252631579 0.0361202603 0.01210534399)
(0.02221052632 0.0358904914 0.01457029559)
(0.02252631579 0.0358904914 0.01457029559)
(0.02221052632 0.03636926277 0.01713900273)
(0.02252631579 0.03636926277 0.01713900273)
(0.02221052632 0.03671990452 0.01935724228)
(0.02252631579 0.03671990452 0.01935724228)
(0.02221052632 0.0141366711 0.01894489708)
(0.02252631579 0.0141366711 0.01894489708)
(0.02221052632 0.01217305394 0.01929366191)
(0.02252631579 0.01217305394 0.01929366191)
(0.02221052632 0.02602164786 0.01880445719)
(0.02252631579 0.02602164786 0.01880445719)
(0.02221052632 0.01025847133 0.01859564773)
(0.02252631579 0.01025847133 0.01859564773)
(0.02221052632 0.008027701737 0.01839497306)
(0.02252631579 0.008027701737 0.01839497306)
(0.02221052632 0.02408905925 0.01930668807)
(0.02252631579 0.02408905925 0.01930668807)
(0.02221052632 0.01818530183 0.01814594217)
(0.02252631579 0.01818530183 0.01814594217)
(0.02221052632 0.02218614309 0.01872922921)
(0.02252631579 0.02218614309 0.01872922921)
(0.02221052632 0.03223655701 0.01863328494)
(0.02252631579 0.03223655701 0.01863328494)
(0.02221052632 0.0299827452 0.01863830571)
(0.02252631579 0.0299827452 0.01863830571)
(0.02221052632 0.00570081412 0.01869568213)
(0.02252631579 0.00570081412 0.01869568213)
(0.02221052632 0.01614014623 0.01917812022)
(0.02252631579 0.01614014623 0.01917812022)
(0.02221052632 0.003928033769 0.01437358192)
(0.02252631579 0.003928033769 0.01437358192)
(0.02221052632 0.0279898552 0.01922726227)
(0.02252631579 0.0279898552 0.01922726227)
(0.02221052632 0.03452912801 0.01893278299)
(0.02252631579 0.03452912801 0.01893278299)
(0.02221052632 0.01505787961 0.01343213728)
(0.02252631579 0.01505787961 0.01343213728)
(0.02221052632 0.02887992687 0.0128328484)
(0.02252631579 0.02887992687 0.0128328484)
(0.02221052632 0.005952907822 0.01260699433)
(0.02252631579 0.005952907822 0.01260699433)
(0.02221052632 0.03277146732 0.01292533304)
(0.02252631579 0.03277146732 0.01292533304)
(0.02221052632 0.008237453079 0.01282545608)
(0.02252631579 0.008237453079 0.01282545608)
(0.02221052632 0.0208444518 0.01597500503)
(0.02252631579 0.0208444518 0.01597500503)
(0.02221052632 0.03366857664 0.01618627011)
(0.02252631579 0.03366857664 0.01618627011)
(0.02221052632 0.02772967606 0.01630747989)
(0.02252631579 0.02772967606 0.01630747989)
(0.02221052632 0.006600000335 0.0156641009)
(0.02252631579 0.006600000335 0.0156641009)
(0.02221052632 0.01049570203 0.01231555193)
(0.02252631579 0.01049570203 0.01231555193)
(0.02221052632 0.01266627291 0.01308802522)
(0.02252631579 0.01266627291 0.01308802522)
(0.02221052632 0.01781720582 0.01378605683)
(0.02252631579 0.01781720582 0.01378605683)
(0.02221052632 0.02032496922 0.01232344623)
(0.02252631579 0.02032496922 0.01232344623)
(0.02221052632 0.02291193373 0.01314087898)
(0.02252631579 0.02291193373 0.01314087898)
(0.02221052632 0.02584227023 0.01324190954)
(0.02252631579 0.02584227023 0.01324190954)
(0.02221052632 0.01271956484 0.01647007244)
(0.02252631579 0.01271956484 0.01647007244)
(0.02221052632 0.009747444319 0.01566508323)
(0.02252631579 0.009747444319 0.01566508323)
(0.02221052632 0.02417486242 0.01644590438)
(0.02252631579 0.02417486242 0.01644590438)
(0.02221052632 0.03085022864 0.01580749049)
(0.02252631579 0.03085022864 0.01580749049)
(0.02221052632 0.01563673908 0.01652623595)
(0.02252631579 0.01563673908 0.01652623595)
(0.02221052632 0.001955240926 0.02321052632)
(0.02252631579 0.001955240926 0.02352631579)
(0.02221052632 0.003910481852 0.02321052632)
(0.02252631579 0.003910481852 0.02352631579)
(0.02221052632 0.005947492783 0.02321052632)
(0.02252631579 0.005947492783 0.02352631579)
(0.02221052632 0.008119357531 0.02321052632)
(0.02252631579 0.008119357531 0.02352631579)
(0.02221052632 0.01007459846 0.02321052632)
(0.02252631579 0.01007459846 0.02352631579)
(0.02221052632 0.01202983938 0.02321052632)
(0.02252631579 0.01202983938 0.02352631579)
(0.02221052632 0.01398508031 0.02321052632)
(0.02252631579 0.01398508031 0.02352631579)
(0.02221052632 0.01594032123 0.02321052632)
(0.02252631579 0.01594032123 0.02352631579)
(0.02221052632 0.01819395599 0.02321052632)
(0.02252631579 0.01819395599 0.02352631579)
(0.02221052632 0.02014919691 0.02321052632)
(0.02252631579 0.02014919691 0.02352631579)
(0.02221052632 0.02210443784 0.02321052632)
(0.02252631579 0.02210443784 0.02352631579)
(0.02221052632 0.02405967877 0.02321052632)
(0.02252631579 0.02405967877 0.02352631579)
(0.02221052632 0.02601491969 0.02321052632)
(0.02252631579 0.02601491969 0.02352631579)
(0.02221052632 0.02797016062 0.02321052632)
(0.02252631579 0.02797016062 0.02352631579)
(0.02221052632 0.03010643355 0.02321052632)
(0.02252631579 0.03010643355 0.02352631579)
(0.02221052632 0.0321790363 0.02321052632)
(0.02252631579 0.0321790363 0.02352631579)
(0.02221052632 0.03413427722 0.02321052632)
(0.02252631579 0.03413427722 0.02352631579)
(0.02221052632 0.03608951815 0.02321052632)
(0.02252631579 0.03608951815 0.02352631579)
(0.02221052632 0.03804475907 0.02321052632)
(0.02252631579 0.03804475907 0.02352631579)
(0.02478947368 0.001437805435 0.009317277454)
(0.02447368421 0.001437805435 0.009317277454)
(0.02478947368 0.00167511708 0.01117167349)
(0.02447368421 0.00167511708 0.01117167349)
(0.02478947368 0.001837747637 0.01333758371)
(0.02447368421 0.001837747637 0.01333758371)
(0.02478947368 0.001902988609 0.01556116965)
(0.02447368421 0.001902988609 0.01556116965)
(0.02478947368 0.001760287213 0.01781693796)
(0.02447368421 0.001760287213 0.01781693796)
(0.02478947368 0.001536298147 0.01984805849)
(0.02447368421 0.001536298147 0.01984805849)
(0.02478947368 0.001261307843 0.02165977703)
(0.02447368421 0.001261307843 0.02165977703)
(0.02478947368 0.002570823073 0.007620714753)
(0.02447368421 0.002570823073 0.007620714753)
(0.02478947368 0.007011995489 0.007914642062)
(0.02447368421 0.007011995489 0.007914642062)
(0.02478947368 0.0111551506 0.007741415787)
(0.02447368421 0.0111551506 0.007741415787)
(0.02478947368 0.01488000497 0.008148092121)
(0.02447368421 0.01488000497 0.008148092121)
(0.02478947368 0.01915461962 0.007920784482)
(0.02447368421 0.01915461962 0.007920784482)
(0.02478947368 0.02317545456 0.008212346001)
(0.02447368421 0.02317545456 0.008212346001)
(0.02478947368 0.02690481224 0.007907752891)
(0.02447368421 0.02690481224 0.007907752891)
(0.02478947368 0.03114744802 0.007866295615)
(0.02447368421 0.03114744802 0.007866295615)
(0.02478947368 0.03513766648 0.007736296399)
(0.02447368421 0.03513766648 0.007736296399)
(0.02478947368 0.03848483806 0.008815663329)
(0.02447368421 0.03848483806 0.008815663329)
(0.02478947368 0.03820121596 0.01329825948)
(0.02447368421 0.03820121596 0.01329825948)
(0.02478947368 0.03813979325 0.01789696547)
(0.02447368421 0.03813979325 0.01789696547)
(0.02478947368 0.002947259842 0.02136282754)
(0.02447368421 0.002947259842 0.02136282754)
(0.02478947368 0.004942766654 0.02106134673)
(0.02447368421 0.004942766654 0.02106134673)
(0.02478947368 0.007170098254 0.02085363605)
(0.02447368421 0.007170098254 0.02085363605)
(0.02478947368 0.009185234152 0.02108528961)
(0.02447368421 0.009185234152 0.02108528961)
(0.02478947368 0.01126453635 0.02121754108)
(0.02447368421 0.01126453635 0.02121754108)
(0.02478947368 0.01335867673 0.0210556848)
(0.02447368421 0.01335867673 0.0210556848)
(0.02478947368 0.01538704822 0.02087112899)
(0.02447368421 0.01538704822 0.02087112899)
(0.02478947368 0.01729432261 0.0212245619)
(0.02447368421 0.01729432261 0.0212245619)
(0.02478947368 0.01924235945 0.02095723017)
(0.02447368421 0.01924235945 0.02095723017)
(0.02478947368 0.02113273742 0.02140938083)
(0.02447368421 0.02113273742 0.02140938083)
(0.02478947368 0.02302069664 0.02084769821)
(0.02447368421 0.02302069664 0.02084769821)
(0.02478947368 0.02500598172 0.02105154585)
(0.02447368421 0.02500598172 0.02105154585)
(0.02478947368 0.02700306603 0.02044240561)
(0.02447368421 0.02700306603 0.02044240561)
(0.02478947368 0.02921119509 0.02064759654)
(0.02447368421 0.02921119509 0.02064759654)
(0.02478947368 0.03162791443 0.02090807712)
(0.02447368421 0.03162791443 0.02090807712)
(0.02478947368 0.03383212652 0.02109637845)
(0.02447368421 0.03383212652 0.02109637845)
(0.02478947368 0.03613294608 0.02151445752)
(0.02447368421 0.03613294608 0.02151445752)
(0.02478947368 0.03820581483 0.02020981254)
(0.02447368421 0.03820581483 0.02020981254)
(0.02478947368 0.009083536662 0.007790255586)
(0.02447368421 0.009083536662 0.007790255586)
(0.02478947368 0.004733648523 0.0077808369)
(0.02447368421 0.004733648523 0.0077808369)
(0.02478947368 0.01301386407 0.007528296379)
(0.02447368421 0.01301386407 0.007528296379)
(0.02478947368 0.01702079127 0.008381595596)
(0.02447368421 0.01702079127 0.008381595596)
(0.02478947368 0.02110280542 0.008440576728)
(0.02447368421 0.02110280542 0.008440576728)
(0.02478947368 0.02504301383 0.007562295539)
(0.02447368421 0.02504301383 0.007562295539)
(0.02478947368 0.02889558137 0.007888373294)
(0.02447368421 0.02889558137 0.007888373294)
(0.02478947368 0.03315961419 0.007858663743)
(0.02447368421 0.03315961419 0.007858663743)
(0.02478947368 0.03697085385 0.00755775201)
(0.02447368421 0.03697085385 0.00755775201)
(0.02478947368 0.03832153585 0.01105234632)
(0.02447368421 0.03832153585 0.01105234632)
(0.02478947368 0.03808219753 0.01559462666)
(0.02447368421 0.03808219753 0.01559462666)
(0.02478947368 0.003937078874 0.01199949593)
(0.02447368421 0.003937078874 0.01199949593)
(0.02478947368 0.004325115747 0.01438924302)
(0.02447368421 0.004325115747 0.01438924302)
(0.02478947368 0.004155964541 0.01679183953)
(0.02447368421 0.004155964541 0.01679183953)
(0.02478947368 0.003547598643 0.01919425716)
(0.02447368421 0.003547598643 0.01919425716)
(0.02478947368 0.003367186558 0.00968861912)
(0.02447368421 0.003367186558 0.00968861912)
(0.02478947368 0.01899317041 0.01113470942)
(0.02447368421 0.01899317041 0.01113470942)
(0.02478947368 0.01032855632 0.009785757852)
(0.02447368421 0.01032855632 0.009785757852)
(0.02478947368 0.03577731803 0.01686421967)
(0.02447368421 0.03577731803 0.01686421967)
(0.02478947368 0.01281905167 0.01008814618)
(0.02447368421 0.01281905167 0.01008814618)
(0.02478947368 0.02520674843 0.010116286)
(0.02447368421 0.02520674843 0.010116286)
(0.02478947368 0.02771609495 0.01050097056)
(0.02447368421 0.02771609495 0.01050097056)
(0.02478947368 0.02255880867 0.01195815159)
(0.02447368421 0.02255880867 0.01195815159)
(0.02478947368 0.03210439822 0.01031096545)
(0.02447368421 0.03210439822 0.01031096545)
(0.02478947368 0.01567837244 0.01099826306)
(0.02447368421 0.01567837244 0.01099826306)
(0.02478947368 0.03582205032 0.01440150249)
(0.02447368421 0.03582205032 0.01440150249)
(0.02478947368 0.03600653154 0.01932290405)
(0.02447368421 0.03600653154 0.01932290405)
(0.02478947368 0.02995310904 0.009921749803)
(0.02447368421 0.02995310904 0.009921749803)
(0.02478947368 0.00601139981 0.01867489997)
(0.02447368421 0.00601139981 0.01867489997)
(0.02478947368 0.008462670573 0.01841694097)
(0.02447368421 0.008462670573 0.01841694097)
(0.02478947368 0.01046259859 0.01917671093)
(0.02447368421 0.01046259859 0.01917671093)
(0.02478947368 0.01247558217 0.01907520295)
(0.02447368421 0.01247558217 0.01907520295)
(0.02478947368 0.01469410819 0.01812305943)
(0.02447368421 0.01469410819 0.01812305943)
(0.02478947368 0.01776860613 0.01843078334)
(0.02447368421 0.01776860613 0.01843078334)
(0.02478947368 0.02098763622 0.01880027194)
(0.02447368421 0.02098763622 0.01880027194)
(0.02478947368 0.02436851186 0.01753663881)
(0.02447368421 0.02436851186 0.01753663881)
(0.02478947368 0.02836444106 0.01704578997)
(0.02447368421 0.02836444106 0.01704578997)
(0.02478947368 0.03095721032 0.01854800307)
(0.02447368421 0.03095721032 0.01854800307)
(0.02478947368 0.03342288639 0.01871121318)
(0.02447368421 0.03342288639 0.01871121318)
(0.02478947368 0.00811897906 0.01021181316)
(0.02447368421 0.00811897906 0.01021181316)
(0.02478947368 0.03628338328 0.01187298486)
(0.02447368421 0.03628338328 0.01187298486)
(0.02478947368 0.03667957599 0.009643673101)
(0.02447368421 0.03667957599 0.009643673101)
(0.02478947368 0.005729751977 0.01000506749)
(0.02447368421 0.005729751977 0.01000506749)
(0.02478947368 0.03445074685 0.01004746798)
(0.02447368421 0.03445074685 0.01004746798)
(0.02478947368 0.03341828513 0.01275299257)
(0.02447368421 0.03341828513 0.01275299257)
(0.02478947368 0.03244479902 0.01579859385)
(0.02447368421 0.03244479902 0.01579859385)
(0.02478947368 0.006738268055 0.01266958266)
(0.02447368421 0.006738268055 0.01266958266)
(0.02478947368 0.01628187987 0.01485476604)
(0.02447368421 0.01628187987 0.01485476604)
(0.02478947368 0.02624548566 0.01350285859)
(0.02447368421 0.02624548566 0.01350285859)
(0.02478947368 0.0074180646 0.0157051094)
(0.02447368421 0.0074180646 0.0157051094)
(0.02478947368 0.02021674875 0.01531945316)
(0.02447368421 0.02021674875 0.01531945316)
(0.02478947368 0.02994226928 0.01305245245)
(0.02447368421 0.02994226928 0.01305245245)
(0.02478947368 0.01156807962 0.01618584824)
(0.02447368421 0.01156807962 0.01618584824)
(0.02478947368 0.01013013934 0.01275591352)
(0.02447368421 0.01013013934 0.01275591352)
(0.02478947368 0.01336633016 0.01304589723)
(0.02447368421 0.01336633016 0.01304589723)
(0.02478947368 0.001955240926 0.02321052632)
(0.02447368421 0.001955240926 0.02352631579)
(0.02478947368 0.03804475907 0.02321052632)
(0.02447368421 0.03804475907 0.02352631579)
(0.02478947368 0.003910481852 0.02321052632)
(0.02447368421 0.003910481852 0.02352631579)
(0.02478947368 0.005947492783 0.02321052632)
(0.02447368421 0.005947492783 0.02352631579)
(0.02478947368 0.008119357531 0.02321052632)
(0.02447368421 0.008119357531 0.02352631579)
(0.02478947368 0.01007459846 0.02321052632)
(0.02447368421 0.01007459846 0.02352631579)
(0.02478947368 0.01202983938 0.02321052632)
(0.02447368421 0.01202983938 0.02352631579)
(0.02478947368 0.01398508031 0.02321052632)
(0.02447368421 0.01398508031 0.02352631579)
(0.02478947368 0.01594032123 0.02321052632)
(0.02447368421 0.01594032123 0.02352631579)
(0.02478947368 0.01819395599 0.02321052632)
(0.02447368421 0.01819395599 0.02352631579)
(0.02478947368 0.02014919691 0.02321052632)
(0.02447368421 0.02014919691 0.02352631579)
(0.02478947368 0.02210443784 0.02321052632)
(0.02447368421 0.02210443784 0.02352631579)
(0.02478947368 0.02405967877 0.02321052632)
(0.02447368421 0.02405967877 0.02352631579)
(0.02478947368 0.02601491969 0.02321052632)
(0.02447368421 0.02601491969 0.02352631579)
(0.02478947368 0.02797016062 0.02321052632)
(0.02447368421 0.02797016062 0.02352631579)
(0.02478947368 0.03010643355 0.02321052632)
(0.02447368421 0.03010643355 0.02352631579)
(0.02478947368 0.0321790363 0.02321052632)
(0.02447368421 0.0321790363 0.02352631579)
(0.02478947368 0.03413427722 0.02321052632)
(0.02447368421 0.03413427722 0.02352631579)
(0.02478947368 0.03608951815 0.02321052632)
(0.02447368421 0.03608951815 0.02352631579)
(0.02721052632 0.001402836081 0.009321652023)
(0.02752631579 0.001402836081 0.009321652023)
(0.02721052632 0.001733427058 0.01328726152)
(0.02752631579 0.001733427058 0.01328726152)
(0.02721052632 0.001618536812 0.01774896863)
(0.02752631579 0.001618536812 0.01774896863)
(0.02721052632 0.00253496776 0.0076189071)
(0.02752631579 0.00253496776 0.0076189071)
(0.02721052632 0.004657437407 0.007773233755)
(0.02752631579 0.004657437407 0.007773233755)
(0.02721052632 0.006871455188 0.00786823302)
(0.02752631579 0.006871455188 0.00786823302)
(0.02721052632 0.008936516859 0.007772739181)
(0.02752631579 0.008936516859 0.007772739181)
(0.02721052632 0.01095987061 0.007668063782)
(0.02752631579 0.01095987061 0.007668063782)
(0.02721052632 0.01302546985 0.007747506104)
(0.02752631579 0.01302546985 0.007747506104)
(0.02721052632 0.01499489584 0.007957145223)
(0.02752631579 0.01499489584 0.007957145223)
(0.02721052632 0.01698726605 0.008014469473)
(0.02752631579 0.01698726605 0.008014469473)
(0.02721052632 0.01911289859 0.007770105343)
(0.02752631579 0.01911289859 0.007770105343)
(0.02721052632 0.02116550039 0.007676374705)
(0.02752631579 0.02116550039 0.007676374705)
(0.02721052632 0.02313748739 0.007799759935)
(0.02752631579 0.02313748739 0.007799759935)
(0.02721052632 0.02513264918 0.007849436647)
(0.02752631579 0.02513264918 0.007849436647)
(0.02721052632 0.02711945574 0.007806755256)
(0.02752631579 0.02711945574 0.007806755256)
(0.02721052632 0.02916579202 0.007877945551)
(0.02752631579 0.02916579202 0.007877945551)
(0.02721052632 0.03124318665 0.007917741277)
(0.02752631579 0.03124318665 0.007917741277)
(0.02721052632 0.03326163353 0.00782715662)
(0.02752631579 0.03326163353 0.00782715662)
(0.02721052632 0.0352179488 0.007787284904)
(0.02752631579 0.0352179488 0.007787284904)
(0.02721052632 0.03714717634 0.007634027587)
(0.02752631579 0.03714717634 0.007634027587)
(0.02721052632 0.03878585924 0.007359531061)
(0.02752631579 0.03878585924 0.007359531061)
(0.02721052632 0.0385091203 0.009135902815)
(0.02752631579 0.0385091203 0.009135902815)
(0.02721052632 0.03834051923 0.0112284989)
(0.02752631579 0.03834051923 0.0112284989)
(0.02721052632 0.03821889272 0.01339451268)
(0.02752631579 0.03821889272 0.01339451268)
(0.02721052632 0.03830418821 0.0157254319)
(0.02752631579 0.03830418821 0.0157254319)
(0.02721052632 0.03841142086 0.0179603659)
(0.02752631579 0.03841142086 0.0179603659)
(0.02721052632 0.03846393427 0.0201420893)
(0.02752631579 0.03846393427 0.0201420893)
(0.02721052632 0.002534884599 0.02131579369)
(0.02752631579 0.002534884599 0.02131579369)
(0.02721052632 0.006901979805 0.02088906708)
(0.02752631579 0.006901979805 0.02088906708)
(0.02721052632 0.01096788154 0.02105685275)
(0.02752631579 0.01096788154 0.02105685275)
(0.02721052632 0.01509338121 0.02123684161)
(0.02752631579 0.01509338121 0.02123684161)
(0.02721052632 0.01917098614 0.02099447747)
(0.02752631579 0.01917098614 0.02099447747)
(0.02721052632 0.02326017422 0.02099097797)
(0.02752631579 0.02326017422 0.02099097797)
(0.02721052632 0.02719523828 0.02141087288)
(0.02752631579 0.02719523828 0.02141087288)
(0.02721052632 0.03096303303 0.02088563559)
(0.02752631579 0.03096303303 0.02088563559)
(0.02721052632 0.03499302527 0.02097595335)
(0.02752631579 0.03499302527 0.02097595335)
(0.02721052632 0.001633764224 0.01120707918)
(0.02752631579 0.001633764224 0.01120707918)
(0.02721052632 0.001745481541 0.01562445912)
(0.02752631579 0.001745481541 0.01562445912)
(0.02721052632 0.001401023308 0.0196437659)
(0.02752631579 0.001401023308 0.0196437659)
(0.02721052632 0.01297041083 0.02126472988)
(0.02752631579 0.01297041083 0.02126472988)
(0.02721052632 0.008962200567 0.02099095036)
(0.02752631579 0.008962200567 0.02099095036)
(0.02721052632 0.00467000236 0.02112246983)
(0.02752631579 0.00467000236 0.02112246983)
(0.02721052632 0.01717144141 0.02094553375)
(0.02752631579 0.01717144141 0.02094553375)
(0.02721052632 0.02126064479 0.02101965585)
(0.02752631579 0.02126064479 0.02101965585)
(0.02721052632 0.02521143382 0.02120118269)
(0.02752631579 0.02521143382 0.02120118269)
(0.02721052632 0.02900523029 0.02158601234)
(0.02752631579 0.02900523029 0.02158601234)
(0.02721052632 0.03296736908 0.02065447189)
(0.02752631579 0.03296736908 0.02065447189)
(0.02721052632 0.0369113584 0.02130404874)
(0.02752631579 0.0369113584 0.02130404874)
(0.02721052632 0.003266498508 0.009686370121)
(0.02752631579 0.003266498508 0.009686370121)
(0.02721052632 0.003679117933 0.0120426482)
(0.02752631579 0.003679117933 0.0120426482)
(0.02721052632 0.03661221245 0.01919872025)
(0.02752631579 0.03661221245 0.01919872025)
(0.02721052632 0.02887852799 0.01939328373)
(0.02752631579 0.02887852799 0.01939328373)
(0.02721052632 0.003258784356 0.01924436529)
(0.02752631579 0.003258784356 0.01924436529)
(0.02721052632 0.02044364257 0.0187949443)
(0.02752631579 0.02044364257 0.0187949443)
(0.02721052632 0.005501467661 0.01003193843)
(0.02752631579 0.005501467661 0.01003193843)
(0.02721052632 0.007700391688 0.01005286645)
(0.02752631579 0.007700391688 0.01005286645)
(0.02721052632 0.0099150203 0.009925430508)
(0.02752631579 0.0099150203 0.009925430508)
(0.02721052632 0.0119033705 0.009625164265)
(0.02752631579 0.0119033705 0.009625164265)
(0.02721052632 0.01383094154 0.01036934226)
(0.02752631579 0.01383094154 0.01036934226)
(0.02721052632 0.0160261878 0.010647053)
(0.02752631579 0.0160261878 0.010647053)
(0.02721052632 0.01818651964 0.01029262572)
(0.02752631579 0.01818651964 0.01029262572)
(0.02721052632 0.02013961174 0.009569981647)
(0.02752631579 0.02013961174 0.009569981647)
(0.02721052632 0.02208300279 0.01004033237)
(0.02752631579 0.02208300279 0.01004033237)
(0.02721052632 0.02417133603 0.0101911242)
(0.02752631579 0.02417133603 0.0101911242)
(0.02721052632 0.02635016169 0.01023999652)
(0.02752631579 0.02635016169 0.01023999652)
(0.02721052632 0.02830414733 0.009965265409)
(0.02752631579 0.02830414733 0.009965265409)
(0.02721052632 0.03034942857 0.01062905613)
(0.02752631579 0.03034942857 0.01062905613)
(0.02721052632 0.03238072577 0.01004144073)
(0.02752631579 0.03238072577 0.01004144073)
(0.02721052632 0.0344869817 0.01026884421)
(0.02752631579 0.0344869817 0.01026884421)
(0.02721052632 0.03665572991 0.009780425045)
(0.02752631579 0.03665572991 0.009780425045)
(0.02721052632 0.03608316161 0.01225609606)
(0.02752631579 0.03608316161 0.01225609606)
(0.02721052632 0.03581836138 0.0149211005)
(0.02752631579 0.03581836138 0.0149211005)
(0.02721052632 0.03666805433 0.01713723619)
(0.02752631579 0.03666805433 0.01713723619)
(0.02721052632 0.01401999712 0.01947336878)
(0.02752631579 0.01401999712 0.01947336878)
(0.02721052632 0.01207444156 0.01888215893)
(0.02752631579 0.01207444156 0.01888215893)
(0.02721052632 0.0266626071 0.01947499061)
(0.02752631579 0.0266626071 0.01947499061)
(0.02721052632 0.009994645985 0.01842844507)
(0.02752631579 0.009994645985 0.01842844507)
(0.02721052632 0.007723723346 0.01842899401)
(0.02752631579 0.007723723346 0.01842899401)
(0.02721052632 0.0247622677 0.01867129643)
(0.02752631579 0.0247622677 0.01867129643)
(0.02721052632 0.01835353686 0.01789466056)
(0.02752631579 0.01835353686 0.01789466056)
(0.02721052632 0.02254503099 0.01840884676)
(0.02752631579 0.02254503099 0.01840884676)
(0.02721052632 0.03421661696 0.01774262452)
(0.02752631579 0.03421661696 0.01774262452)
(0.02721052632 0.003614625718 0.01689513375)
(0.02752631579 0.003614625718 0.01689513375)
(0.02721052632 0.005488341458 0.01883896768)
(0.02752631579 0.005488341458 0.01883896768)
(0.02721052632 0.01596747389 0.01878128655)
(0.02752631579 0.01596747389 0.01878128655)
(0.02721052632 0.0310777887 0.01738232746)
(0.02752631579 0.0310777887 0.01738232746)
(0.02721052632 0.003902651137 0.01445990116)
(0.02752631579 0.003902651137 0.01445990116)
(0.02721052632 0.01447641436 0.01341023472)
(0.02752631579 0.01447641436 0.01341023472)
(0.02721052632 0.02850438797 0.01341524914)
(0.02752631579 0.02850438797 0.01341524914)
(0.02721052632 0.03269096505 0.01350546142)
(0.02752631579 0.03269096505 0.01350546142)
(0.02721052632 0.006343384956 0.0129218375)
(0.02752631579 0.006343384956 0.0129218375)
(0.02721052632 0.00889605678 0.01227045065)
(0.02752631579 0.00889605678 0.01227045065)
(0.02721052632 0.02097800136 0.01576055476)
(0.02752631579 0.02097800136 0.01576055476)
(0.02721052632 0.006118761557 0.01608264718)
(0.02752631579 0.006118761557 0.01608264718)
(0.02721052632 0.01160246145 0.01594618775)
(0.02752631579 0.01160246145 0.01594618775)
(0.02721052632 0.01155557284 0.01244708367)
(0.02752631579 0.01155557284 0.01244708367)
(0.02721052632 0.01779611156 0.01354633082)
(0.02752631579 0.01779611156 0.01354633082)
(0.02721052632 0.02026857826 0.01219089072)
(0.02752631579 0.02026857826 0.01219089072)
(0.02721052632 0.02280323026 0.01286169165)
(0.02752631579 0.02280323026 0.01286169165)
(0.02721052632 0.02549196426 0.01262636741)
(0.02752631579 0.02549196426 0.01262636741)
(0.02721052632 0.01393288191 0.01697780628)
(0.02752631579 0.01393288191 0.01697780628)
(0.02721052632 0.02452607256 0.01577036595)
(0.02752631579 0.02452607256 0.01577036595)
(0.02721052632 0.008864086813 0.01539542468)
(0.02752631579 0.008864086813 0.01539542468)
(0.02721052632 0.02746783244 0.01689564493)
(0.02752631579 0.02746783244 0.01689564493)
(0.02721052632 0.01613026279 0.01606343183)
(0.02752631579 0.01613026279 0.01606343183)
(0.02721052632 0.001955240926 0.02321052632)
(0.02752631579 0.001955240926 0.02352631579)
(0.02721052632 0.003910481852 0.02321052632)
(0.02752631579 0.003910481852 0.02352631579)
(0.02721052632 0.008119357531 0.02321052632)
(0.02752631579 0.008119357531 0.02352631579)
(0.02721052632 0.005947492783 0.02321052632)
(0.02752631579 0.005947492783 0.02352631579)
(0.02721052632 0.01202983938 0.02321052632)
(0.02752631579 0.01202983938 0.02352631579)
(0.02721052632 0.01007459846 0.02321052632)
(0.02752631579 0.01007459846 0.02352631579)
(0.02721052632 0.01398508031 0.02321052632)
(0.02752631579 0.01398508031 0.02352631579)
(0.02721052632 0.01594032123 0.02321052632)
(0.02752631579 0.01594032123 0.02352631579)
(0.02721052632 0.01819395599 0.02321052632)
(0.02752631579 0.01819395599 0.02352631579)
(0.02721052632 0.02210443784 0.02321052632)
(0.02752631579 0.02210443784 0.02352631579)
(0.02721052632 0.02405967877 0.02321052632)
(0.02752631579 0.02405967877 0.02352631579)
(0.02721052632 0.02797016062 0.02321052632)
(0.02752631579 0.02797016062 0.02352631579)
(0.02721052632 0.02601491969 0.02321052632)
(0.02752631579 0.02601491969 0.02352631579)
(0.02721052632 0.03010643355 0.02321052632)
(0.02752631579 0.03010643355 0.02352631579)
(0.02721052632 0.03413427722 0.02321052632)
(0.02752631579 0.03413427722 0.02352631579)
(0.02721052632 0.03804475907 0.02321052632)
(0.02752631579 0.03804475907 0.02352631579)
(0.02721052632 0.02014919691 0.02321052632)
(0.02752631579 0.02014919691 0.02352631579)
(0.02721052632 0.0321790363 0.02321052632)
(0.02752631579 0.0321790363 0.02352631579)
(0.02721052632 0.03608951815 0.02321052632)
(0.02752631579 0.03608951815 0.02352631579)
(0.02978947368 0.0014350746 0.009318043721)
(0.02947368421 0.0014350746 0.009318043721)
(0.02978947368 0.00166513479 0.01116621288)
(0.02947368421 0.00166513479 0.01116621288)
(0.02978947368 0.001826191964 0.01332045549)
(0.02947368421 0.001826191964 0.01332045549)
(0.02978947368 0.00191503103 0.01551906599)
(0.02947368421 0.00191503103 0.01551906599)
(0.02978947368 0.001777470686 0.01782408509)
(0.02947368421 0.001777470686 0.01782408509)
(0.02978947368 0.001537743324 0.01981019021)
(0.02947368421 0.001537743324 0.01981019021)
(0.02978947368 0.001226675301 0.02165306935)
(0.02947368421 0.001226675301 0.02165306935)
(0.02978947368 0.002594054304 0.007639105049)
(0.02947368421 0.002594054304 0.007639105049)
(0.02978947368 0.006969744894 0.007927969355)
(0.02947368421 0.006969744894 0.007927969355)
(0.02978947368 0.01114247664 0.007735206137)
(0.02947368421 0.01114247664 0.007735206137)
(0.02978947368 0.01486412922 0.008171250296)
(0.02947368421 0.01486412922 0.008171250296)
(0.02978947368 0.01927549137 0.008341103499)
(0.02947368421 0.01927549137 0.008341103499)
(0.02978947368 0.02309232367 0.007928532309)
(0.02947368421 0.02309232367 0.007928532309)
(0.02978947368 0.02676553465 0.007965421561)
(0.02947368421 0.02676553465 0.007965421561)
(0.02978947368 0.03102924008 0.007984328803)
(0.02947368421 0.03102924008 0.007984328803)
(0.02978947368 0.03507563636 0.007763744368)
(0.02947368421 0.03507563636 0.007763744368)
(0.02978947368 0.03847805803 0.008854872693)
(0.02947368421 0.03847805803 0.008854872693)
(0.02978947368 0.0381784271 0.0133194052)
(0.02947368421 0.0381784271 0.0133194052)
(0.02978947368 0.0381616015 0.01792833933)
(0.02947368421 0.0381616015 0.01792833933)
(0.02978947368 0.003011237342 0.02133373177)
(0.02947368421 0.003011237342 0.02133373177)
(0.02978947368 0.004966678233 0.02104315206)
(0.02947368421 0.004966678233 0.02104315206)
(0.02978947368 0.007174780711 0.02085287551)
(0.02947368421 0.007174780711 0.02085287551)
(0.02978947368 0.009272539887 0.02097699399)
(0.02947368421 0.009272539887 0.02097699399)
(0.02978947368 0.01136836577 0.02103458325)
(0.02947368421 0.01136836577 0.02103458325)
(0.02978947368 0.01338182544 0.02096594592)
(0.02947368421 0.01338182544 0.02096594592)
(0.02978947368 0.01542088874 0.02103856373)
(0.02947368421 0.01542088874 0.02103856373)
(0.02978947368 0.01728445202 0.02128447648)
(0.02947368421 0.01728445202 0.02128447648)
(0.02978947368 0.01919793445 0.02096021586)
(0.02947368421 0.01919793445 0.02096021586)
(0.02978947368 0.021272365 0.02095593776)
(0.02947368421 0.021272365 0.02095593776)
(0.02978947368 0.02317764471 0.02121198118)
(0.02947368421 0.02317764471 0.02121198118)
(0.02978947368 0.02511382269 0.02067410208)
(0.02947368421 0.02511382269 0.02067410208)
(0.02978947368 0.0272517329 0.02059253169)
(0.02947368421 0.0272517329 0.02059253169)
(0.02978947368 0.02937075712 0.0208175839)
(0.02947368421 0.02937075712 0.0208175839)
(0.02978947368 0.03172003097 0.02102101105)
(0.02947368421 0.03172003097 0.02102101105)
(0.02978947368 0.03387686462 0.02114110129)
(0.02947368421 0.03387686462 0.02114110129)
(0.02978947368 0.03612444996 0.02152800913)
(0.02947368421 0.03612444996 0.02152800913)
(0.02978947368 0.0382346959 0.02019631688)
(0.02947368421 0.0382346959 0.02019631688)
(0.02978947368 0.009089505622 0.007799421844)
(0.02947368421 0.009089505622 0.007799421844)
(0.02978947368 0.004724245076 0.007779531393)
(0.02947368421 0.004724245076 0.007779531393)
(0.02978947368 0.01299896105 0.00753407055)
(0.02947368421 0.01299896105 0.00753407055)
(0.02978947368 0.01705655345 0.008450328482)
(0.02947368421 0.01705655345 0.008450328482)
(0.02978947368 0.02119207631 0.007705161269)
(0.02947368421 0.02119207631 0.007705161269)
(0.02978947368 0.024955135 0.007497773214)
(0.02947368421 0.024955135 0.007497773214)
(0.02978947368 0.02876290399 0.007995379309)
(0.02947368421 0.02876290399 0.007995379309)
(0.02978947368 0.03307743891 0.007928925991)
(0.02947368421 0.03307743891 0.007928925991)
(0.02978947368 0.03691241276 0.007578370182)
(0.02947368421 0.03691241276 0.007578370182)
(0.02978947368 0.03834144544 0.0110915928)
(0.02947368421 0.03834144544 0.0110915928)
(0.02978947368 0.03808591936 0.01558352371)
(0.02947368421 0.03808591936 0.01558352371)
(0.02978947368 0.003907059714 0.01198539741)
(0.02947368421 0.003907059714 0.01198539741)
(0.02978947368 0.004292042487 0.01436205553)
(0.02947368421 0.004292042487 0.01436205553)
(0.02978947368 0.004122794462 0.01675987956)
(0.02947368421 0.004122794462 0.01675987956)
(0.02978947368 0.003554056586 0.01917031559)
(0.02947368421 0.003554056586 0.01917031559)
(0.02978947368 0.003355516176 0.009690300353)
(0.02947368421 0.003355516176 0.009690300353)
(0.02978947368 0.01838608986 0.0116009841)
(0.02947368421 0.01838608986 0.0116009841)
(0.02978947368 0.01027164107 0.009758835449)
(0.02947368421 0.01027164107 0.009758835449)
(0.02978947368 0.03575160301 0.01691646899)
(0.02947368421 0.03575160301 0.01691646899)
(0.02978947368 0.012720425 0.0100969664)
(0.02947368421 0.012720425 0.0100969664)
(0.02978947368 0.02471240043 0.009981985988)
(0.02947368421 0.02471240043 0.009981985988)
(0.02978947368 0.02724240544 0.01074584133)
(0.02947368421 0.02724240544 0.01074584133)
(0.02978947368 0.02167301978 0.01071414397)
(0.02947368421 0.02167301978 0.01071414397)
(0.02978947368 0.03188826663 0.01053026689)
(0.02947368421 0.03188826663 0.01053026689)
(0.02978947368 0.01544206194 0.01109029454)
(0.02947368421 0.01544206194 0.01109029454)
(0.02978947368 0.03576511392 0.01446778047)
(0.02947368421 0.03576511392 0.01446778047)
(0.02978947368 0.03604328102 0.01935429946)
(0.02947368421 0.03604328102 0.01935429946)
(0.02978947368 0.02964017028 0.01019107809)
(0.02947368421 0.02964017028 0.01019107809)
(0.02978947368 0.005961059731 0.01861117604)
(0.02947368421 0.005961059731 0.01861117604)
(0.02978947368 0.008495336234 0.01834369515)
(0.02947368421 0.008495336234 0.01834369515)
(0.02978947368 0.01056979722 0.01895107663)
(0.02947368421 0.01056979722 0.01895107663)
(0.02978947368 0.01280088136 0.01832102317)
(0.02947368421 0.01280088136 0.01832102317)
(0.02978947368 0.01500882112 0.01879174441)
(0.02947368421 0.01500882112 0.01879174441)
(0.02978947368 0.01755303078 0.01856568381)
(0.02947368421 0.01755303078 0.01856568381)
(0.02978947368 0.02025766117 0.0185864744)
(0.02947368421 0.02025766117 0.0185864744)
(0.02978947368 0.02312749991 0.01813393517)
(0.02947368421 0.02312749991 0.01813393517)
(0.02978947368 0.02619063321 0.01730937458)
(0.02947368421 0.02619063321 0.01730937458)
(0.02978947368 0.02901984568 0.01764139669)
(0.02947368421 0.02901984568 0.01764139669)
(0.02978947368 0.03119755393 0.01881900667)
(0.02947368421 0.03119755393 0.01881900667)
(0.02978947368 0.0335227593 0.01882074825)
(0.02947368421 0.0335227593 0.01882074825)
(0.02978947368 0.008063861262 0.0101746656)
(0.02947368421 0.008063861262 0.0101746656)
(0.02978947368 0.03615670188 0.01197764077)
(0.02947368421 0.03615670188 0.01197764077)
(0.02978947368 0.03659432345 0.009636800866)
(0.02947368421 0.03659432345 0.009636800866)
(0.02978947368 0.005694117371 0.009994456798)
(0.02947368421 0.005694117371 0.009994456798)
(0.02978947368 0.03432777382 0.01013687418)
(0.02947368421 0.03432777382 0.01013687418)
(0.02978947368 0.03321218577 0.012928983)
(0.02947368421 0.03321218577 0.012928983)
(0.02978947368 0.03244547875 0.01599046034)
(0.02947368421 0.03244547875 0.01599046034)
(0.02978947368 0.006662174962 0.01263258602)
(0.02947368421 0.006662174962 0.01263258602)
(0.02978947368 0.01562057278 0.01537424587)
(0.02947368421 0.01562057278 0.01537424587)
(0.02978947368 0.02461371697 0.01373500271)
(0.02947368421 0.02461371697 0.01373500271)
(0.02978947368 0.02922763902 0.0136633392)
(0.02947368421 0.02922763902 0.0136633392)
(0.02978947368 0.007286837975 0.01567094726)
(0.02947368421 0.007286837975 0.01567094726)
(0.02978947368 0.02018460813 0.01511640138)
(0.02947368421 0.02018460813 0.01511640138)
(0.02978947368 0.01097421467 0.01598514071)
(0.02947368421 0.01097421467 0.01598514071)
(0.02978947368 0.009933397876 0.01266360179)
(0.02947368421 0.009933397876 0.01266360179)
(0.02978947368 0.01299250791 0.0131184635)
(0.02947368421 0.01299250791 0.0131184635)
(0.02978947368 0.001955240926 0.02321052632)
(0.02947368421 0.001955240926 0.02352631579)
(0.02978947368 0.03804475907 0.02321052632)
(0.02947368421 0.03804475907 0.02352631579)
(0.02978947368 0.003910481852 0.02321052632)
(0.02947368421 0.003910481852 0.02352631579)
(0.02978947368 0.005947492783 0.02321052632)
(0.02947368421 0.005947492783 0.02352631579)
(0.02978947368 0.008119357531 0.02321052632)
(0.02947368421 0.008119357531 0.02352631579)
(0.02978947368 0.01007459846 0.02321052632)
(0.02947368421 0.01007459846 0.02352631579)
(0.02978947368 0.01202983938 0.02321052632)
(0.02947368421 0.01202983938 0.02352631579)
(0.02978947368 0.01398508031 0.02321052632)
(0.02947368421 0.01398508031 0.02352631579)
(0.02978947368 0.01594032123 0.02321052632)
(0.02947368421 0.01594032123 0.02352631579)
(0.02978947368 0.01819395599 0.02321052632)
(0.02947368421 0.01819395599 0.02352631579)
(0.02978947368 0.02014919691 0.02321052632)
(0.02947368421 0.02014919691 0.02352631579)
(0.02978947368 0.02210443784 0.02321052632)
(0.02947368421 0.02210443784 0.02352631579)
(0.02978947368 0.02405967877 0.02321052632)
(0.02947368421 0.02405967877 0.02352631579)
(0.02978947368 0.02601491969 0.02321052632)
(0.02947368421 0.02601491969 0.02352631579)
(0.02978947368 0.02797016062 0.02321052632)
(0.02947368421 0.02797016062 0.02352631579)
(0.02978947368 0.03010643355 0.02321052632)
(0.02947368421 0.03010643355 0.02352631579)
(0.02978947368 0.0321790363 0.02321052632)
(0.02947368421 0.0321790363 0.02352631579)
(0.02978947368 0.03413427722 0.02321052632)
(0.02947368421 0.03413427722 0.02352631579)
(0.02978947368 0.03608951815 0.02321052632)
(0.02947368421 0.03608951815 0.02352631579)
(0.03221052632 0.001399940144 0.009328241356)
(0.03252631579 0.001399940144 0.009328241356)
(0.03221052632 0.00171991181 0.01331371538)
(0.03252631579 0.00171991181 0.01331371538)
(0.03221052632 0.001611868646 0.01775571629)
(0.03252631579 0.001611868646 0.01775571629)
(0.03221052632 0.002531480837 0.007623007605)
(0.03252631579 0.002531480837 0.007623007605)
(0.03221052632 0.004648627154 0.007775294361)
(0.03252631579 0.004648627154 0.007775294361)
(0.03221052632 0.006861398819 0.007870000016)
(0.03252631579 0.006861398819 0.007870000016)
(0.03221052632 0.008945230109 0.007820423829)
(0.03252631579 0.008945230109 0.007820423829)
(0.03221052632 0.01101125512 0.007846041185)
(0.03252631579 0.01101125512 0.007846041185)
(0.03221052632 0.01304322555 0.007910839102)
(0.03252631579 0.01304322555 0.007910839102)
(0.03221052632 0.01506612321 0.007962683965)
(0.03252631579 0.01506612321 0.007962683965)
(0.03221052632 0.01706815967 0.007991513434)
(0.03252631579 0.01706815967 0.007991513434)
(0.03221052632 0.01916044967 0.007804463969)
(0.03252631579 0.01916044967 0.007804463969)
(0.03221052632 0.02127186774 0.007728265918)
(0.03252631579 0.02127186774 0.007728265918)
(0.03221052632 0.02325669483 0.007867959467)
(0.03252631579 0.02325669483 0.007867959467)
(0.03221052632 0.02529990389 0.007982820633)
(0.03252631579 0.02529990389 0.007982820633)
(0.03221052632 0.02736174174 0.008043733308)
(0.03252631579 0.02736174174 0.008043733308)
(0.03221052632 0.02935886649 0.007961296671)
(0.03252631579 0.02935886649 0.007961296671)
(0.03221052632 0.03128461193 0.007455947571)
(0.03252631579 0.03128461193 0.007455947571)
(0.03221052632 0.03311964253 0.007783339055)
(0.03252631579 0.03311964253 0.007783339055)
(0.03221052632 0.03511350493 0.007799278336)
(0.03252631579 0.03511350493 0.007799278336)
(0.03221052632 0.03709932501 0.007645225823)
(0.03252631579 0.03709932501 0.007645225823)
(0.03221052632 0.03876721325 0.007370312684)
(0.03252631579 0.03876721325 0.007370312684)
(0.03221052632 0.03846168866 0.009153559523)
(0.03252631579 0.03846168866 0.009153559523)
(0.03221052632 0.03824213709 0.011260001)
(0.03252631579 0.03824213709 0.011260001)
(0.03221052632 0.03806626332 0.01345582171)
(0.03252631579 0.03806626332 0.01345582171)
(0.03221052632 0.0381974106 0.01576480993)
(0.03252631579 0.0381974106 0.01576480993)
(0.03221052632 0.03843624252 0.01801724649)
(0.03252631579 0.03843624252 0.01801724649)
(0.03221052632 0.03849797228 0.02020189782)
(0.03252631579 0.03849797228 0.02020189782)
(0.03221052632 0.002530248401 0.02131883858)
(0.03252631579 0.002530248401 0.02131883858)
(0.03221052632 0.006887532724 0.02091361022)
(0.03252631579 0.006887532724 0.02091361022)
(0.03221052632 0.01097794667 0.02102736348)
(0.03252631579 0.01097794667 0.02102736348)
(0.03221052632 0.01513831883 0.02114020725)
(0.03252631579 0.01513831883 0.02114020725)
(0.03221052632 0.01941097633 0.0207739581)
(0.03252631579 0.01941097633 0.0207739581)
(0.03221052632 0.02321753744 0.02105907738)
(0.03252631579 0.02321753744 0.02105907738)
(0.03221052632 0.02690607914 0.02099900049)
(0.03252631579 0.02690607914 0.02099900049)
(0.03221052632 0.03087459314 0.02053853357)
(0.03252631579 0.03087459314 0.02053853357)
(0.03221052632 0.03507851537 0.02105154399)
(0.03252631579 0.03507851537 0.02105154399)
(0.03221052632 0.001626416846 0.01122277815)
(0.03252631579 0.001626416846 0.01122277815)
(0.03221052632 0.001730691825 0.01563758585)
(0.03252631579 0.001730691825 0.01563758585)
(0.03221052632 0.001396874241 0.01964755465)
(0.03252631579 0.001396874241 0.01964755465)
(0.03221052632 0.01300509447 0.02118064547)
(0.03252631579 0.01300509447 0.02118064547)
(0.03221052632 0.008946628865 0.02096298109)
(0.03252631579 0.008946628865 0.02096298109)
(0.03221052632 0.004661186531 0.02113324967)
(0.03252631579 0.004661186531 0.02113324967)
(0.03221052632 0.01729164895 0.02083587806)
(0.03252631579 0.01729164895 0.02083587806)
(0.03221052632 0.0213288492 0.02125908469)
(0.03252631579 0.0213288492 0.02125908469)
(0.03221052632 0.0250545458 0.02152917963)
(0.03252631579 0.0250545458 0.02152917963)
(0.03221052632 0.02883431926 0.02117923375)
(0.03252631579 0.02883431926 0.02117923375)
(0.03221052632 0.03301647635 0.02067033916)
(0.03252631579 0.03301647635 0.02067033916)
(0.03221052632 0.03695640471 0.02142114129)
(0.03252631579 0.03695640471 0.02142114129)
(0.03221052632 0.003256308826 0.009699880483)
(0.03252631579 0.003256308826 0.009699880483)
(0.03221052632 0.003650388521 0.01206877374)
(0.03252631579 0.003650388521 0.01206877374)
(0.03221052632 0.03673704016 0.0193580713)
(0.03252631579 0.03673704016 0.0193580713)
(0.03221052632 0.02822166756 0.01830038339)
(0.03252631579 0.02822166756 0.01830038339)
(0.03221052632 0.003250976016 0.01925467964)
(0.03252631579 0.003250976016 0.01925467964)
(0.03221052632 0.02194108925 0.01866308016)
(0.03252631579 0.02194108925 0.01866308016)
(0.03221052632 0.005459935696 0.01003894137)
(0.03252631579 0.005459935696 0.01003894137)
(0.03221052632 0.007620990391 0.01005448913)
(0.03252631579 0.007620990391 0.01005448913)
(0.03221052632 0.009862970882 0.01006702683)
(0.03252631579 0.009862970882 0.01006702683)
(0.03221052632 0.01198885713 0.01027850645)
(0.03252631579 0.01198885713 0.01027850645)
(0.03221052632 0.01413574301 0.01041980265)
(0.03252631579 0.01413574301 0.01041980265)
(0.03221052632 0.01630428145 0.01053965447)
(0.03252631579 0.01630428145 0.01053965447)
(0.03221052632 0.0183610793 0.0102839963)
(0.03252631579 0.0183610793 0.0102839963)
(0.03221052632 0.02026718131 0.009597135728)
(0.03252631579 0.02026718131 0.009597135728)
(0.03221052632 0.02226659708 0.01012993612)
(0.03252631579 0.02226659708 0.01012993612)
(0.03221052632 0.02443650803 0.01036553479)
(0.03252631579 0.02443650803 0.01036553479)
(0.03221052632 0.02681964802 0.01061269233)
(0.03252631579 0.02681964802 0.01061269233)
(0.03221052632 0.02923594876 0.01073136737)
(0.03252631579 0.02923594876 0.01073136737)
(0.03221052632 0.03146574559 0.009717263477)
(0.03252631579 0.03146574559 0.009717263477)
(0.03221052632 0.03397089935 0.01018058643)
(0.03252631579 0.03397089935 0.01018058643)
(0.03221052632 0.03650628915 0.009777742243)
(0.03252631579 0.03650628915 0.009777742243)
(0.03221052632 0.03577851312 0.01234851862)
(0.03252631579 0.03577851312 0.01234851862)
(0.03221052632 0.03515860557 0.01516919905)
(0.03252631579 0.03515860557 0.01516919905)
(0.03221052632 0.03669860451 0.01732030631)
(0.03252631579 0.03669860451 0.01732030631)
(0.03221052632 0.01407234992 0.01925279272)
(0.03252631579 0.01407234992 0.01925279272)
(0.03221052632 0.01207325125 0.01876525126)
(0.03252631579 0.01207325125 0.01876525126)
(0.03221052632 0.02504427227 0.01918070317)
(0.03252631579 0.02504427227 0.01918070317)
(0.03221052632 0.009892811439 0.01852024861)
(0.03252631579 0.009892811439 0.01852024861)
(0.03221052632 0.007708956592 0.01853839635)
(0.03252631579 0.007708956592 0.01853839635)
(0.03221052632 0.01892052692 0.01783940203)
(0.03252631579 0.01892052692 0.01783940203)
(0.03221052632 0.03449242042 0.01840286824)
(0.03252631579 0.03449242042 0.01840286824)
(0.03221052632 0.003596483799 0.01691333094)
(0.03252631579 0.003596483799 0.01691333094)
(0.03221052632 0.005475895287 0.01887142274)
(0.03252631579 0.005475895287 0.01887142274)
(0.03221052632 0.01611925263 0.01863282601)
(0.03252631579 0.01611925263 0.01863282601)
(0.03221052632 0.03168194972 0.01717444249)
(0.03252631579 0.03168194972 0.01717444249)
(0.03221052632 0.003850961003 0.01449077382)
(0.03252631579 0.003850961003 0.01449077382)
(0.03221052632 0.01539828898 0.01326297202)
(0.03252631579 0.01539828898 0.01326297202)
(0.03221052632 0.0285787465 0.01432034141)
(0.03252631579 0.0285787465 0.01432034141)
(0.03221052632 0.03219113168 0.01305830149)
(0.03252631579 0.03219113168 0.01305830149)
(0.03221052632 0.0212194984 0.01557969919)
(0.03252631579 0.0212194984 0.01557969919)
(0.03221052632 0.006180034111 0.01300584204)
(0.03252631579 0.006180034111 0.01300584204)
(0.03221052632 0.006069883473 0.01611337485)
(0.03252631579 0.006069883473 0.01611337485)
(0.03221052632 0.01131011066 0.01599919754)
(0.03252631579 0.01131011066 0.01599919754)
(0.03221052632 0.01069048379 0.01288795738)
(0.03252631579 0.01069048379 0.01288795738)
(0.03221052632 0.01300630859 0.01316956263)
(0.03252631579 0.01300630859 0.01316956263)
(0.03221052632 0.01823904587 0.01362621772)
(0.03252631579 0.01823904587 0.01362621772)
(0.03221052632 0.02045134696 0.01221564245)
(0.03252631579 0.02045134696 0.01221564245)
(0.03221052632 0.02306585189 0.01302055341)
(0.03252631579 0.02306585189 0.01302055341)
(0.03221052632 0.0256874233 0.0130251212)
(0.03252631579 0.0256874233 0.0130251212)
(0.03221052632 0.0139351126 0.01645919548)
(0.03252631579 0.0139351126 0.01645919548)
(0.03221052632 0.008526271488 0.01233918019)
(0.03252631579 0.008526271488 0.01233918019)
(0.03221052632 0.008605136735 0.01552705843)
(0.03252631579 0.008605136735 0.01552705843)
(0.03221052632 0.02489123987 0.01620839536)
(0.03252631579 0.02489123987 0.01620839536)
(0.03221052632 0.01654399083 0.0160644476)
(0.03252631579 0.01654399083 0.0160644476)
(0.03221052632 0.001955240926 0.02321052632)
(0.03252631579 0.001955240926 0.02352631579)
(0.03221052632 0.003910481852 0.02321052632)
(0.03252631579 0.003910481852 0.02352631579)
(0.03221052632 0.008119357531 0.02321052632)
(0.03252631579 0.008119357531 0.02352631579)
(0.03221052632 0.005947492783 0.02321052632)
(0.03252631579 0.005947492783 0.02352631579)
(0.03221052632 0.01202983938 0.02321052632)
(0.03252631579 0.01202983938 0.02352631579)
(0.03221052632 0.01007459846 0.02321052632)
(0.03252631579 0.01007459846 0.02352631579)
(0.03221052632 0.01398508031 0.02321052632)
(0.03252631579 0.01398508031 0.02352631579)
(0.03221052632 0.01594032123 0.02321052632)
(0.03252631579 0.01594032123 0.02352631579)
(0.03221052632 0.01819395599 0.02321052632)
(0.03252631579 0.01819395599 0.02352631579)
(0.03221052632 0.02210443784 0.02321052632)
(0.03252631579 0.02210443784 0.02352631579)
(0.03221052632 0.02405967877 0.02321052632)
(0.03252631579 0.02405967877 0.02352631579)
(0.03221052632 0.02797016062 0.02321052632)
(0.03252631579 0.02797016062 0.02352631579)
(0.03221052632 0.02601491969 0.02321052632)
(0.03252631579 0.02601491969 0.02352631579)
(0.03221052632 0.03010643355 0.02321052632)
(0.03252631579 0.03010643355 0.02352631579)
(0.03221052632 0.03413427722 0.02321052632)
(0.03252631579 0.03413427722 0.02352631579)
(0.03221052632 0.03804475907 0.02321052632)
(0.03252631579 0.03804475907 0.02352631579)
(0.03221052632 0.02014919691 0.02321052632)
(0.03252631579 0.02014919691 0.02352631579)
(0.03221052632 0.0321790363 0.02321052632)
(0.03252631579 0.0321790363 0.02352631579)
(0.03221052632 0.03608951815 0.02321052632)
(0.03252631579 0.03608951815 0.02352631579)
(0.03478947368 0.001451136547 0.009282160678)
(0.03447368421 0.001451136547 0.009282160678)
(0.03478947368 0.001653991213 0.01111159127)
(0.03447368421 0.001653991213 0.01111159127)
(0.03478947368 0.001765710069 0.01324601978)
(0.03447368421 0.001765710069 0.01324601978)
(0.03478947368 0.001837302536 0.01546357056)
(0.03447368421 0.001837302536 0.01546357056)
(0.03478947368 0.001799226958 0.01771323527)
(0.03447368421 0.001799226958 0.01771323527)
(0.03478947368 0.001615169834 0.01984385384)
(0.03447368421 0.001615169834 0.01984385384)
(0.03478947368 0.001315979413 0.02165275064)
(0.03447368421 0.001315979413 0.02165275064)
(0.03478947368 0.002655436412 0.007591346112)
(0.03447368421 0.002655436412 0.007591346112)
(0.03478947368 0.007289082603 0.007840969646)
(0.03447368421 0.007289082603 0.007840969646)
(0.03478947368 0.01140460846 0.007505704659)
(0.03447368421 0.01140460846 0.007505704659)
(0.03478947368 0.01543879214 0.008020703654)
(0.03447368421 0.01543879214 0.008020703654)
(0.03478947368 0.02008163529 0.007557348825)
(0.03447368421 0.02008163529 0.007557348825)
(0.03478947368 0.0241051503 0.007831306125)
(0.03447368421 0.0241051503 0.007831306125)
(0.03478947368 0.02813146541 0.007542282129)
(0.03447368421 0.02813146541 0.007542282129)
(0.03478947368 0.03270361495 0.008058067786)
(0.03447368421 0.03270361495 0.008058067786)
(0.03478947368 0.03722319806 0.007714405833)
(0.03447368421 0.03722319806 0.007714405833)
(0.03478947368 0.03858533511 0.0114081085)
(0.03447368421 0.03858533511 0.0114081085)
(0.03478947368 0.03828503621 0.01551581891)
(0.03447368421 0.03828503621 0.01551581891)
(0.03478947368 0.03848980889 0.01986565938)
(0.03447368421 0.03848980889 0.01986565938)
(0.03478947368 0.03875802729 0.02164336459)
(0.03447368421 0.03875802729 0.02164336459)
(0.03478947368 0.003076829264 0.02133551153)
(0.03447368421 0.003076829264 0.02133551153)
(0.03478947368 0.005104223397 0.02130669765)
(0.03447368421 0.005104223397 0.02130669765)
(0.03478947368 0.007477924781 0.02131082717)
(0.03447368421 0.007477924781 0.02131082717)
(0.03478947368 0.009586763215 0.02118045941)
(0.03447368421 0.009586763215 0.02118045941)
(0.03478947368 0.01172803631 0.02110669433)
(0.03447368421 0.01172803631 0.02110669433)
(0.03478947368 0.01388726602 0.02104951907)
(0.03447368421 0.01388726602 0.02104951907)
(0.03478947368 0.01599680552 0.02096844257)
(0.03447368421 0.01599680552 0.02096844257)
(0.03478947368 0.01821856264 0.02111761123)
(0.03447368421 0.01821856264 0.02111761123)
(0.03478947368 0.02038746318 0.02128208638)
(0.03447368421 0.02038746318 0.02128208638)
(0.03478947368 0.02242281756 0.02122867594)
(0.03447368421 0.02242281756 0.02122867594)
(0.03478947368 0.02455836132 0.02113069699)
(0.03447368421 0.02455836132 0.02113069699)
(0.03478947368 0.02661705456 0.02091234787)
(0.03447368421 0.02661705456 0.02091234787)
(0.03478947368 0.02872183211 0.02080966517)
(0.03447368421 0.02872183211 0.02080966517)
(0.03478947368 0.03095665489 0.02093814729)
(0.03447368421 0.03095665489 0.02093814729)
(0.03478947368 0.03303578867 0.02140391126)
(0.03447368421 0.03303578867 0.02140391126)
(0.03478947368 0.03511311626 0.02149828371)
(0.03447368421 0.03511311626 0.02149828371)
(0.03478947368 0.03709506077 0.02134718548)
(0.03447368421 0.03709506077 0.02134718548)
(0.03478947368 0.009457913646 0.007840645281)
(0.03447368421 0.009457913646 0.007840645281)
(0.03478947368 0.004901318329 0.00772676429)
(0.03447368421 0.004901318329 0.00772676429)
(0.03478947368 0.01329758198 0.007922991499)
(0.03447368421 0.01329758198 0.007922991499)
(0.03478947368 0.01801866156 0.008390763657)
(0.03447368421 0.01801866156 0.008390763657)
(0.03478947368 0.02203917653 0.007833502908)
(0.03447368421 0.02203917653 0.007833502908)
(0.03478947368 0.02625840848 0.007736949172)
(0.03447368421 0.02625840848 0.007736949172)
(0.03478947368 0.03028675221 0.008512343193)
(0.03447368421 0.03028675221 0.008512343193)
(0.03478947368 0.03497211007 0.007714602668)
(0.03447368421 0.03497211007 0.007714602668)
(0.03478947368 0.03820221779 0.009618295636)
(0.03447368421 0.03820221779 0.009618295636)
(0.03478947368 0.03830802603 0.01332543122)
(0.03447368421 0.03830802603 0.01332543122)
(0.03478947368 0.03833188558 0.01778140849)
(0.03447368421 0.03833188558 0.01778140849)
(0.03478947368 0.01621669296 0.01029076251)
(0.03447368421 0.01621669296 0.01029076251)
(0.03478947368 0.003835965115 0.01182777852)
(0.03447368421 0.003835965115 0.01182777852)
(0.03478947368 0.004065943422 0.01413801387)
(0.03447368421 0.004065943422 0.01413801387)
(0.03478947368 0.004061026017 0.01650918379)
(0.03447368421 0.004061026017 0.01650918379)
(0.03478947368 0.003959732284 0.01904598349)
(0.03447368421 0.003959732284 0.01904598349)
(0.03478947368 0.008386636121 0.01011160115)
(0.03447368421 0.008386636121 0.01011160115)
(0.03478947368 0.02034578546 0.009936269277)
(0.03447368421 0.02034578546 0.009936269277)
(0.03478947368 0.03611661611 0.01430705778)
(0.03447368421 0.03611661611 0.01430705778)
(0.03478947368 0.01382414122 0.01041761886)
(0.03447368421 0.01382414122 0.01041761886)
(0.03478947368 0.02517788943 0.009973361411)
(0.03447368421 0.02517788943 0.009973361411)
(0.03478947368 0.01117998973 0.0100494012)
(0.03447368421 0.01117998973 0.0100494012)
(0.03478947368 0.03411184922 0.01015314388)
(0.03447368421 0.03411184922 0.01015314388)
(0.03478947368 0.03619106898 0.009332709531)
(0.03447368421 0.03619106898 0.009332709531)
(0.03478947368 0.03643442564 0.01670786785)
(0.03447368421 0.03643442564 0.01670786785)
(0.03478947368 0.005836198864 0.009843618838)
(0.03447368421 0.005836198864 0.009843618838)
(0.03478947368 0.03165365658 0.01102152343)
(0.03447368421 0.03165365658 0.01102152343)
(0.03478947368 0.03645671826 0.01163542829)
(0.03447368421 0.03645671826 0.01163542829)
(0.03478947368 0.003408836694 0.00960155154)
(0.03447368421 0.003408836694 0.00960155154)
(0.03478947368 0.02768750959 0.00956036626)
(0.03447368421 0.02768750959 0.00956036626)
(0.03478947368 0.006289048735 0.019660951)
(0.03447368421 0.006289048735 0.019660951)
(0.03478947368 0.008488240605 0.01909445249)
(0.03447368421 0.008488240605 0.01909445249)
(0.03478947368 0.01073984818 0.01894346059)
(0.03447368421 0.01073984818 0.01894346059)
(0.03478947368 0.01313853662 0.01885220202)
(0.03447368421 0.01313853662 0.01885220202)
(0.03478947368 0.01543447254 0.01855760315)
(0.03447368421 0.01543447254 0.01855760315)
(0.03478947368 0.0176654347 0.01868498159)
(0.03447368421 0.0176654347 0.01868498159)
(0.03478947368 0.01960127379 0.01940543199)
(0.03447368421 0.01960127379 0.01940543199)
(0.03478947368 0.02164289911 0.01896165761)
(0.03447368421 0.02164289911 0.01896165761)
(0.03478947368 0.02365136061 0.01921564146)
(0.03447368421 0.02365136061 0.01921564146)
(0.03478947368 0.02565286779 0.01833818406)
(0.03447368421 0.02565286779 0.01833818406)
(0.03478947368 0.02809328406 0.01796750599)
(0.03447368421 0.02809328406 0.01796750599)
(0.03478947368 0.03051598 0.0181778447)
(0.03447368421 0.03051598 0.0181778447)
(0.03478947368 0.03246461951 0.01905668738)
(0.03447368421 0.03246461951 0.01905668738)
(0.03478947368 0.03434425233 0.01999078623)
(0.03447368421 0.03434425233 0.01999078623)
(0.03478947368 0.02276027479 0.01030240227)
(0.03447368421 0.02276027479 0.01030240227)
(0.03478947368 0.01827190322 0.01184298982)
(0.03447368421 0.01827190322 0.01184298982)
(0.03478947368 0.03660521934 0.01921567791)
(0.03447368421 0.03660521934 0.01921567791)
(0.03478947368 0.02915627972 0.01192439569)
(0.03447368421 0.02915627972 0.01192439569)
(0.03478947368 0.03320449023 0.01591300844)
(0.03447368421 0.03320449023 0.01591300844)
(0.03478947368 0.02090394427 0.01325229072)
(0.03447368421 0.02090394427 0.01325229072)
(0.03478947368 0.006444405298 0.01231795589)
(0.03447368421 0.006444405298 0.01231795589)
(0.03478947368 0.0335473245 0.01302771355)
(0.03447368421 0.0335473245 0.01302771355)
(0.03478947368 0.006565450173 0.0173981473)
(0.03447368421 0.006565450173 0.0173981473)
(0.03478947368 0.01752399667 0.01549665541)
(0.03447368421 0.01752399667 0.01549665541)
(0.03478947368 0.03047345768 0.0147239209)
(0.03447368421 0.03047345768 0.0147239209)
(0.03478947368 0.0265892604 0.01199064282)
(0.03447368421 0.0265892604 0.01199064282)
(0.03478947368 0.006716481749 0.01495857436)
(0.03447368421 0.006716481749 0.01495857436)
(0.03478947368 0.01228362542 0.01324359249)
(0.03447368421 0.01228362542 0.01324359249)
(0.03478947368 0.01539744694 0.01294742658)
(0.03447368421 0.01539744694 0.01294742658)
(0.03478947368 0.03462210768 0.01793300335)
(0.03447368421 0.03462210768 0.01793300335)
(0.03478947368 0.009335182822 0.01623163093)
(0.03447368421 0.009335182822 0.01623163093)
(0.03478947368 0.01197933436 0.0166761354)
(0.03447368421 0.01197933436 0.0166761354)
(0.03478947368 0.01453728104 0.01598569699)
(0.03447368421 0.01453728104 0.01598569699)
(0.03478947368 0.02010714019 0.01676950321)
(0.03447368421 0.02010714019 0.01676950321)
(0.03478947368 0.02339246293 0.01632222602)
(0.03447368421 0.02339246293 0.01632222602)
(0.03478947368 0.0267926672 0.01516315729)
(0.03447368421 0.0267926672 0.01516315729)
(0.03478947368 0.02408249089 0.01291665917)
(0.03447368421 0.02408249089 0.01291665917)
(0.03478947368 0.009310916353 0.01278284402)
(0.03447368421 0.009310916353 0.01278284402)
(0.03478947368 0.002036825148 0.02321052632)
(0.03447368421 0.002036825148 0.02352631579)
(0.03478947368 0.03796317485 0.02321052632)
(0.03447368421 0.03796317485 0.02352631579)
(0.03478947368 0.004073650296 0.02321052632)
(0.03447368421 0.004073650296 0.02352631579)
(0.03478947368 0.006250134104 0.02321052632)
(0.03447368421 0.006250134104 0.02352631579)
(0.03478947368 0.008445694419 0.02321052632)
(0.03447368421 0.008445694419 0.02352631579)
(0.03478947368 0.01048251957 0.02321052632)
(0.03447368421 0.01048251957 0.02352631579)
(0.03478947368 0.01251934472 0.02321052632)
(0.03447368421 0.01251934472 0.02352631579)
(0.03478947368 0.01455616986 0.02321052632)
(0.03447368421 0.01455616986 0.02352631579)
(0.03478947368 0.01660860291 0.02321052632)
(0.03447368421 0.01660860291 0.02352631579)
(0.03478947368 0.01913078434 0.02321052632)
(0.03447368421 0.01913078434 0.02352631579)
(0.03478947368 0.02116760949 0.02321052632)
(0.03447368421 0.02116760949 0.02352631579)
(0.03478947368 0.02320443464 0.02321052632)
(0.03447368421 0.02320443464 0.02352631579)
(0.03478947368 0.02524125978 0.02321052632)
(0.03447368421 0.02524125978 0.02352631579)
(0.03478947368 0.02727808493 0.02321052632)
(0.03447368421 0.02727808493 0.02352631579)
(0.03478947368 0.02938818843 0.02321052632)
(0.03447368421 0.02938818843 0.02352631579)
(0.03478947368 0.03185269941 0.02321052632)
(0.03447368421 0.03185269941 0.02352631579)
(0.03478947368 0.03388952456 0.02321052632)
(0.03447368421 0.03388952456 0.02352631579)
(0.03478947368 0.0359263497 0.02321052632)
(0.03447368421 0.0359263497 0.02352631579)
(0.03721052632 0.001444940172 0.0092794618)
(0.03752631579 0.001444940172 0.0092794618)
(0.03721052632 0.00171617365 0.01325808376)
(0.03752631579 0.00171617365 0.01325808376)
(0.03721052632 0.001658004319 0.01774628127)
(0.03752631579 0.001658004319 0.01774628127)
(0.03721052632 0.002531000786 0.007589594176)
(0.03752631579 0.002531000786 0.007589594176)
(0.03721052632 0.004625020064 0.007739602088)
(0.03752631579 0.004625020064 0.007739602088)
(0.03721052632 0.006842638154 0.007860936561)
(0.03752631579 0.006842638154 0.007860936561)
(0.03721052632 0.008900656491 0.007807010694)
(0.03752631579 0.008900656491 0.007807010694)
(0.03721052632 0.01096560652 0.00782918065)
(0.03752631579 0.01096560652 0.00782918065)
(0.03721052632 0.01301854796 0.007895405086)
(0.03752631579 0.01301854796 0.007895405086)
(0.03721052632 0.01503958645 0.00798606092)
(0.03752631579 0.01503958645 0.00798606092)
(0.03721052632 0.01704509568 0.008029751282)
(0.03752631579 0.01704509568 0.008029751282)
(0.03721052632 0.01915570444 0.007811561437)
(0.03752631579 0.01915570444 0.007811561437)
(0.03721052632 0.0212033334 0.007734507977)
(0.03752631579 0.0212033334 0.007734507977)
(0.03721052632 0.0231724445 0.007887145019)
(0.03752631579 0.0231724445 0.007887145019)
(0.03721052632 0.02514945145 0.007930026794)
(0.03752631579 0.02514945145 0.007930026794)
(0.03721052632 0.02710992114 0.007815397905)
(0.03752631579 0.02710992114 0.007815397905)
(0.03721052632 0.02916566459 0.007811091013)
(0.03752631579 0.02916566459 0.007811091013)
(0.03721052632 0.03126028675 0.007826815515)
(0.03752631579 0.03126028675 0.007826815515)
(0.03721052632 0.03328312871 0.007749147072)
(0.03752631579 0.03328312871 0.007749147072)
(0.03721052632 0.03523553273 0.007741277787)
(0.03752631579 0.03523553273 0.007741277787)
(0.03721052632 0.03715911671 0.007612944345)
(0.03752631579 0.03715911671 0.007612944345)
(0.03721052632 0.03879197313 0.007350931995)
(0.03752631579 0.03879197313 0.007350931995)
(0.03721052632 0.03851936703 0.009114963658)
(0.03752631579 0.03851936703 0.009114963658)
(0.03721052632 0.03835246623 0.01119755714)
(0.03752631579 0.03835246623 0.01119755714)
(0.03721052632 0.03822357366 0.01337448649)
(0.03752631579 0.03822357366 0.01337448649)
(0.03721052632 0.03822212949 0.0156588124)
(0.03752631579 0.03822212949 0.0156588124)
(0.03721052632 0.03835150871 0.01795576914)
(0.03752631579 0.03835150871 0.01795576914)
(0.03721052632 0.0385104743 0.02016014483)
(0.03752631579 0.0385104743 0.02016014483)
(0.03721052632 0.002603354756 0.02127170688)
(0.03752631579 0.002603354756 0.02127170688)
(0.03721052632 0.007000908374 0.02088113807)
(0.03752631579 0.007000908374 0.02088113807)
(0.03721052632 0.01103422211 0.02115270394)
(0.03752631579 0.01103422211 0.02115270394)
(0.03721052632 0.01507264904 0.02119470314)
(0.03752631579 0.01507264904 0.02119470314)
(0.03721052632 0.01909972794 0.02103035032)
(0.03752631579 0.01909972794 0.02103035032)
(0.03721052632 0.02304790097 0.0212006791)
(0.03752631579 0.02304790097 0.0212006791)
(0.03721052632 0.0269941297 0.02120347511)
(0.03752631579 0.0269941297 0.02120347511)
(0.03721052632 0.03117220199 0.02097606935)
(0.03752631579 0.03117220199 0.02097606935)
(0.03721052632 0.03514289674 0.02120732013)
(0.03752631579 0.03514289674 0.02120732013)
(0.03721052632 0.001595325564 0.01118181586)
(0.03752631579 0.001595325564 0.01118181586)
(0.03721052632 0.001770406489 0.0155284325)
(0.03752631579 0.001770406489 0.0155284325)
(0.03721052632 0.001444308517 0.01962383823)
(0.03752631579 0.001444308517 0.01962383823)
(0.03721052632 0.01309768432 0.02123351851)
(0.03752631579 0.01309768432 0.02123351851)
(0.03721052632 0.009046579817 0.02099049757)
(0.03752631579 0.009046579817 0.02099049757)
(0.03721052632 0.004747183838 0.02106346595)
(0.03752631579 0.004747183838 0.02106346595)
(0.03721052632 0.01718192953 0.02102836469)
(0.03752631579 0.01718192953 0.02102836469)
(0.03721052632 0.02112233028 0.02112087407)
(0.03752631579 0.02112233028 0.02112087407)
(0.03721052632 0.02507188094 0.02122291456)
(0.03752631579 0.02507188094 0.02122291456)
(0.03721052632 0.02904274283 0.02112617785)
(0.03752631579 0.02904274283 0.02112617785)
(0.03721052632 0.03317907553 0.02105616392)
(0.03752631579 0.03317907553 0.02105616392)
(0.03721052632 0.03694763769 0.02143041027)
(0.03752631579 0.03694763769 0.02143041027)
(0.03721052632 0.003208987422 0.009640670693)
(0.03752631579 0.003208987422 0.009640670693)
(0.03721052632 0.00355625833 0.01195449336)
(0.03752631579 0.00355625833 0.01195449336)
(0.03721052632 0.003359064322 0.01916745802)
(0.03752631579 0.003359064322 0.01916745802)
(0.03721052632 0.003873177845 0.01678798958)
(0.03752631579 0.003873177845 0.01678798958)
(0.03721052632 0.02016319345 0.0189629081)
(0.03752631579 0.02016319345 0.0189629081)
(0.03721052632 0.005392614468 0.009923842337)
(0.03752631579 0.005392614468 0.009923842337)
(0.03721052632 0.007560744713 0.01010109485)
(0.03752631579 0.007560744713 0.01010109485)
(0.03721052632 0.009699190496 0.01003639157)
(0.03752631579 0.009699190496 0.01003639157)
(0.03721052632 0.01191525456 0.01015469552)
(0.03752631579 0.01191525456 0.01015469552)
(0.03721052632 0.0140336117 0.01046043372)
(0.03752631579 0.0140336117 0.01046043372)
(0.03721052632 0.0161938877 0.01064727469)
(0.03752631579 0.0161938877 0.01064727469)
(0.03721052632 0.01828193401 0.01038303056)
(0.03752631579 0.01828193401 0.01038303056)
(0.03721052632 0.02020657787 0.009672782212)
(0.03752631579 0.02020657787 0.009672782212)
(0.03721052632 0.02215493359 0.01022623679)
(0.03752631579 0.02215493359 0.01022623679)
(0.03721052632 0.02426980944 0.01047995884)
(0.03752631579 0.02426980944 0.01047995884)
(0.03721052632 0.02642224639 0.01043289977)
(0.03752631579 0.02642224639 0.01043289977)
(0.03721052632 0.02833870349 0.009835866875)
(0.03752631579 0.02833870349 0.009835866875)
(0.03721052632 0.03041117299 0.01034763345)
(0.03752631579 0.03041117299 0.01034763345)
(0.03721052632 0.03242336404 0.009832029551)
(0.03752631579 0.03242336404 0.009832029551)
(0.03721052632 0.03451880877 0.0101159357)
(0.03752631579 0.03451880877 0.0101159357)
(0.03721052632 0.03667965879 0.009713089299)
(0.03752631579 0.03667965879 0.009713089299)
(0.03721052632 0.03612513359 0.01209408166)
(0.03752631579 0.03612513359 0.01209408166)
(0.03721052632 0.03598110315 0.01457135441)
(0.03752631579 0.03598110315 0.01457135441)
(0.03721052632 0.03637183594 0.01713824312)
(0.03752631579 0.03637183594 0.01713824312)
(0.03721052632 0.03671858485 0.01935638762)
(0.03752631579 0.03671858485 0.01935638762)
(0.03721052632 0.01414808921 0.01890627764)
(0.03752631579 0.01414808921 0.01890627764)
(0.03721052632 0.01219210072 0.01926619814)
(0.03752631579 0.01219210072 0.01926619814)
(0.03721052632 0.02601328612 0.01879030706)
(0.03752631579 0.02601328612 0.01879030706)
(0.03721052632 0.01031137836 0.01852028391)
(0.03752631579 0.01031137836 0.01852028391)
(0.03721052632 0.008047704101 0.01825958065)
(0.03752631579 0.008047704101 0.01825958065)
(0.03721052632 0.02408233164 0.01927416715)
(0.03752631579 0.02408233164 0.01927416715)
(0.03721052632 0.01816339492 0.01804694634)
(0.03752631579 0.01816339492 0.01804694634)
(0.03721052632 0.02217777189 0.0186827296)
(0.03752631579 0.02217777189 0.0186827296)
(0.03721052632 0.03222947945 0.01862723967)
(0.03752631579 0.03222947945 0.01862723967)
(0.03721052632 0.02997044974 0.01862405977)
(0.03752631579 0.02997044974 0.01862405977)
(0.03721052632 0.005650243574 0.01864923051)
(0.03752631579 0.005650243574 0.01864923051)
(0.03721052632 0.01614697606 0.01916182096)
(0.03752631579 0.01614697606 0.01916182096)
(0.03721052632 0.003928411707 0.01437036955)
(0.03752631579 0.003928411707 0.01437036955)
(0.03721052632 0.02797970819 0.01921480437)
(0.03752631579 0.02797970819 0.01921480437)
(0.03721052632 0.03452543635 0.01893003985)
(0.03752631579 0.03452543635 0.01893003985)
(0.03721052632 0.01505318711 0.01347426878)
(0.03752631579 0.01505318711 0.01347426878)
(0.03721052632 0.02885734909 0.0128452689)
(0.03752631579 0.02885734909 0.0128452689)
(0.03721052632 0.005956755607 0.01260492058)
(0.03752631579 0.005956755607 0.01260492058)
(0.03721052632 0.03276972739 0.01292352964)
(0.03752631579 0.03276972739 0.01292352964)
(0.03721052632 0.008248169767 0.01283599674)
(0.03752631579 0.008248169767 0.01283599674)
(0.03721052632 0.02077878023 0.01593255733)
(0.03752631579 0.02077878023 0.01593255733)
(0.03721052632 0.03366225583 0.01618200966)
(0.03752631579 0.03366225583 0.01618200966)
(0.03721052632 0.02767784946 0.01628110781)
(0.03752631579 0.02767784946 0.01628110781)
(0.03721052632 0.006604087771 0.01565184836)
(0.03752631579 0.006604087771 0.01565184836)
(0.03721052632 0.01051609477 0.01237945469)
(0.03752631579 0.01051609477 0.01237945469)
(0.03721052632 0.01260943189 0.01315353988)
(0.03752631579 0.01260943189 0.01315353988)
(0.03721052632 0.01786028202 0.01389492268)
(0.03752631579 0.01786028202 0.01389492268)
(0.03721052632 0.02030252248 0.01240478248)
(0.03752631579 0.02030252248 0.01240478248)
(0.03721052632 0.02293415552 0.01319693238)
(0.03752631579 0.02293415552 0.01319693238)
(0.03721052632 0.02578597687 0.01332363554)
(0.03752631579 0.02578597687 0.01332363554)
(0.03721052632 0.01272111365 0.01642274108)
(0.03752631579 0.01272111365 0.01642274108)
(0.03721052632 0.009819103641 0.01559571801)
(0.03752631579 0.009819103641 0.01559571801)
(0.03721052632 0.02419678825 0.01636880159)
(0.03752631579 0.02419678825 0.01636880159)
(0.03721052632 0.03083360722 0.01580151447)
(0.03752631579 0.03083360722 0.01580151447)
(0.03721052632 0.01574580857 0.01650316918)
(0.03752631579 0.01574580857 0.01650316918)
(0.03721052632 0.001955240926 0.02321052632)
(0.03752631579 0.001955240926 0.02352631579)
(0.03721052632 0.003910481852 0.02321052632)
(0.03752631579 0.003910481852 0.02352631579)
(0.03721052632 0.005947492783 0.02321052632)
(0.03752631579 0.005947492783 0.02352631579)
(0.03721052632 0.008119357531 0.02321052632)
(0.03752631579 0.008119357531 0.02352631579)
(0.03721052632 0.01007459846 0.02321052632)
(0.03752631579 0.01007459846 0.02352631579)
(0.03721052632 0.01202983938 0.02321052632)
(0.03752631579 0.01202983938 0.02352631579)
(0.03721052632 0.01398508031 0.02321052632)
(0.03752631579 0.01398508031 0.02352631579)
(0.03721052632 0.01594032123 0.02321052632)
(0.03752631579 0.01594032123 0.02352631579)
(0.03721052632 0.01819395599 0.02321052632)
(0.03752631579 0.01819395599 0.02352631579)
(0.03721052632 0.02014919691 0.02321052632)
(0.03752631579 0.02014919691 0.02352631579)
(0.03721052632 0.02210443784 0.02321052632)
(0.03752631579 0.02210443784 0.02352631579)
(0.03721052632 0.02405967877 0.02321052632)
(0.03752631579 0.02405967877 0.02352631579)
(0.03721052632 0.02601491969 0.02321052632)
(0.03752631579 0.02601491969 0.02352631579)
(0.03721052632 0.02797016062 0.02321052632)
(0.03752631579 0.02797016062 0.02352631579)
(0.03721052632 0.03010643355 0.02321052632)
(0.03752631579 0.03010643355 0.02352631579)
(0.03721052632 0.0321790363 0.02321052632)
(0.03752631579 0.0321790363 0.02352631579)
(0.03721052632 0.03413427722 0.02321052632)
(0.03752631579 0.03413427722 0.02352631579)
(0.03721052632 0.03608951815 0.02321052632)
(0.03752631579 0.03608951815 0.02352631579)
(0.03721052632 0.03804475907 0.02321052632)
(0.03752631579 0.03804475907 0.02352631579)
(0.03978947368 0.001450805076 0.009282036064)
(0.03947368421 0.001450805076 0.009282036064)
(0.03978947368 0.001653502458 0.01111144425)
(0.03947368421 0.001653502458 0.01111144425)
(0.03978947368 0.001765047892 0.01324597019)
(0.03947368421 0.001765047892 0.01324597019)
(0.03978947368 0.001836586775 0.01546367303)
(0.03947368421 0.001836586775 0.01546367303)
(0.03978947368 0.001798635423 0.01771344993)
(0.03947368421 0.001798635423 0.01771344993)
(0.03978947368 0.001614829866 0.01984404052)
(0.03947368421 0.001614829866 0.01984404052)
(0.03978947368 0.001315822546 0.02165286153)
(0.03947368421 0.001315822546 0.02165286153)
(0.03978947368 0.002655129006 0.007591233808)
(0.03947368421 0.002655129006 0.007591233808)
(0.03978947368 0.007287729846 0.00784032639)
(0.03947368421 0.007287729846 0.00784032639)
(0.03978947368 0.01140202094 0.00750407478)
(0.03947368421 0.01140202094 0.00750407478)
(0.03978947368 0.01543447371 0.008008646633)
(0.03947368421 0.01543447371 0.008008646633)
(0.03978947368 0.02008301983 0.007551988198)
(0.03947368421 0.02008301983 0.007551988198)
(0.03978947368 0.02412475196 0.007826618006)
(0.03947368421 0.02412475196 0.007826618006)
(0.03978947368 0.02821318619 0.00751688639)
(0.03947368421 0.02821318619 0.00751688639)
(0.03978947368 0.03270499115 0.008057165371)
(0.03947368421 0.03270499115 0.008057165371)
(0.03978947368 0.03722362223 0.007714067362)
(0.03947368421 0.03722362223 0.007714067362)
(0.03978947368 0.03858573533 0.01140783081)
(0.03947368421 0.03858573533 0.01140783081)
(0.03978947368 0.03828390605 0.01551622457)
(0.03947368421 0.03828390605 0.01551622457)
(0.03978947368 0.03848806785 0.0198659575)
(0.03947368421 0.03848806785 0.0198659575)
(0.03978947368 0.03875758985 0.02164348095)
(0.03947368421 0.03875758985 0.02164348095)
(0.03978947368 0.003076413868 0.02133575894)
(0.03947368421 0.003076413868 0.02133575894)
(0.03978947368 0.005103349492 0.02130725712)
(0.03947368421 0.005103349492 0.02130725712)
(0.03978947368 0.007476414857 0.02131165633)
(0.03947368421 0.007476414857 0.02131165633)
(0.03978947368 0.009584418251 0.02118229724)
(0.03947368421 0.009584418251 0.02118229724)
(0.03978947368 0.0117249236 0.02110984198)
(0.03947368421 0.0117249236 0.02110984198)
(0.03978947368 0.01388355628 0.02105445328)
(0.03947368421 0.01388355628 0.02105445328)
(0.03978947368 0.0159948338 0.02097378583)
(0.03947368421 0.0159948338 0.02097378583)
(0.03978947368 0.01821803396 0.021124235)
(0.03947368421 0.01821803396 0.021124235)
(0.03978947368 0.02038759124 0.02129272215)
(0.03947368421 0.02038759124 0.02129272215)
(0.03978947368 0.02242551072 0.02123685896)
(0.03947368421 0.02242551072 0.02123685896)
(0.03978947368 0.0245591326 0.02113145783)
(0.03947368421 0.0245591326 0.02113145783)
(0.03978947368 0.02661637872 0.02091338986)
(0.03947368421 0.02661637872 0.02091338986)
(0.03978947368 0.02872357874 0.02081535458)
(0.03947368421 0.02872357874 0.02081535458)
(0.03978947368 0.03095866324 0.02094042144)
(0.03947368421 0.03095866324 0.02094042144)
(0.03978947368 0.03303603575 0.02140509302)
(0.03947368421 0.03303603575 0.02140509302)
(0.03978947368 0.03511195838 0.02150017798)
(0.03947368421 0.03511195838 0.02150017798)
(0.03978947368 0.03709372448 0.02134916155)
(0.03947368421 0.03709372448 0.02134916155)
(0.03978947368 0.009455848515 0.007839306076)
(0.03947368421 0.009455848515 0.007839306076)
(0.03978947368 0.004900652896 0.0077264701)
(0.03947368421 0.004900652896 0.0077264701)
(0.03978947368 0.01329414785 0.007911744282)
(0.03947368421 0.01329414785 0.007911744282)
(0.03978947368 0.01801805985 0.008373812737)
(0.03947368421 0.01801805985 0.008373812737)
(0.03978947368 0.02203961645 0.007824136133)
(0.03947368421 0.02203961645 0.007824136133)
(0.03978947368 0.02622883363 0.007727876596)
(0.03947368421 0.02622883363 0.007727876596)
(0.03978947368 0.03028953983 0.008511291183)
(0.03947368421 0.03028953983 0.008511291183)
(0.03978947368 0.03497289629 0.007714094246)
(0.03947368421 0.03497289629 0.007714094246)
(0.03978947368 0.03820291921 0.009617970496)
(0.03947368421 0.03820291921 0.009617970496)
(0.03978947368 0.03830800814 0.01332530175)
(0.03947368421 0.03830800814 0.01332530175)
(0.03978947368 0.03832987895 0.01778176457)
(0.03947368421 0.03832987895 0.01778176457)
(0.03978947368 0.0162060041 0.01026429763)
(0.03947368421 0.0162060041 0.01026429763)
(0.03978947368 0.003834403309 0.0118275593)
(0.03947368421 0.003834403309 0.0118275593)
(0.03978947368 0.004064067449 0.01413811195)
(0.03947368421 0.004064067449 0.01413811195)
(0.03978947368 0.004059164873 0.0165096132)
(0.03947368421 0.004059164873 0.0165096132)
(0.03978947368 0.003958438156 0.01904659156)
(0.03947368421 0.003958438156 0.01904659156)
(0.03978947368 0.008382791031 0.0101102007)
(0.03947368421 0.008382791031 0.0101102007)
(0.03978947368 0.02036075505 0.009924648991)
(0.03947368421 0.02036075505 0.009924648991)
(0.03978947368 0.03611633204 0.01430671995)
(0.03947368421 0.03611633204 0.01430671995)
(0.03978947368 0.01381461347 0.01039668232)
(0.03947368421 0.01381461347 0.01039668232)
(0.03978947368 0.02518035178 0.009966686999)
(0.03947368421 0.02518035178 0.009966686999)
(0.03978947368 0.0111725937 0.01004583287)
(0.03947368421 0.0111725937 0.01004583287)
(0.03978947368 0.0341139626 0.01015166458)
(0.03947368421 0.0341139626 0.01015166458)
(0.03978947368 0.0361922605 0.009331858194)
(0.03947368421 0.0361922605 0.009331858194)
(0.03978947368 0.03643032583 0.01670835212)
(0.03947368421 0.03643032583 0.01670835212)
(0.03978947368 0.005834320412 0.009842989315)
(0.03947368421 0.005834320412 0.009842989315)
(0.03978947368 0.03165836532 0.01101827421)
(0.03947368421 0.03165836532 0.01101827421)
(0.03978947368 0.03645822829 0.01163420022)
(0.03947368421 0.03645822829 0.01163420022)
(0.03978947368 0.003408028424 0.009601281446)
(0.03947368421 0.003408028424 0.009601281446)
(0.03978947368 0.02771029276 0.00963848985)
(0.03947368421 0.02771029276 0.00963848985)
(0.03978947368 0.006286912022 0.01966199423)
(0.03947368421 0.006286912022 0.01966199423)
(0.03978947368 0.008484481003 0.01909670808)
(0.03947368421 0.008484481003 0.01909670808)
(0.03978947368 0.01073366253 0.01894858918)
(0.03947368421 0.01073366253 0.01894858918)
(0.03978947368 0.01312989205 0.01886053587)
(0.03947368421 0.01312989205 0.01886053587)
(0.03978947368 0.01542336748 0.01857693639)
(0.03947368421 0.01542336748 0.01857693639)
(0.03978947368 0.01766866321 0.01869709297)
(0.03947368421 0.01766866321 0.01869709297)
(0.03978947368 0.01960544527 0.01942415841)
(0.03947368421 0.01960544527 0.01942415841)
(0.03978947368 0.02164585532 0.01899624123)
(0.03947368421 0.02164585532 0.01899624123)
(0.03978947368 0.02364928208 0.01921754165)
(0.03947368421 0.02364928208 0.01921754165)
(0.03978947368 0.02564739966 0.01833299169)
(0.03947368421 0.02564739966 0.01833299169)
(0.03978947368 0.02810021836 0.01799101778)
(0.03947368421 0.02810021836 0.01799101778)
(0.03978947368 0.0305212367 0.01818494281)
(0.03947368421 0.0305212367 0.01818494281)
(0.03978947368 0.03246727827 0.01905846398)
(0.03947368421 0.03246727827 0.01905846398)
(0.03978947368 0.03434380238 0.01999285195)
(0.03947368421 0.03434380238 0.01999285195)
(0.03978947368 0.02276278824 0.01027468819)
(0.03947368421 0.02276278824 0.01027468819)
(0.03978947368 0.01829560408 0.01177211323)
(0.03947368421 0.01829560408 0.01177211323)
(0.03978947368 0.03660118898 0.01921658818)
(0.03947368421 0.03660118898 0.01921658818)
(0.03978947368 0.02916958249 0.01191557238)
(0.03947368421 0.02916958249 0.01191557238)
(0.03978947368 0.03320654982 0.01591426122)
(0.03947368421 0.03320654982 0.01591426122)
(0.03978947368 0.02100625809 0.01326641273)
(0.03947368421 0.02100625809 0.01326641273)
(0.03978947368 0.006440540137 0.01231755433)
(0.03947368421 0.006440540137 0.01231755433)
(0.03978947368 0.033552081 0.01302598013)
(0.03947368421 0.033552081 0.01302598013)
(0.03978947368 0.006561921855 0.01739947641)
(0.03947368421 0.006561921855 0.01739947641)
(0.03978947368 0.01746425961 0.01559118823)
(0.03947368421 0.01746425961 0.01559118823)
(0.03978947368 0.03049022939 0.01472697399)
(0.03947368421 0.03049022939 0.01472697399)
(0.03978947368 0.02661641451 0.01195500513)
(0.03947368421 0.02661641451 0.01195500513)
(0.03978947368 0.006712222244 0.01495940479)
(0.03947368421 0.006712222244 0.01495940479)
(0.03978947368 0.01226057472 0.01324455904)
(0.03947368421 0.01226057472 0.01324455904)
(0.03978947368 0.01533494592 0.01293415013)
(0.03947368421 0.01533494592 0.01293415013)
(0.03978947368 0.03461879749 0.0179351809)
(0.03947368421 0.03461879749 0.0179351809)
(0.03978947368 0.009326723455 0.01623521457)
(0.03947368421 0.009326723455 0.01623521457)
(0.03978947368 0.01196455697 0.01668291828)
(0.03947368421 0.01196455697 0.01668291828)
(0.03978947368 0.01451138893 0.01600187895)
(0.03947368421 0.01451138893 0.01600187895)
(0.03978947368 0.02016954079 0.01680736472)
(0.03947368421 0.02016954079 0.01680736472)
(0.03978947368 0.02331701794 0.01631581858)
(0.03947368421 0.02331701794 0.01631581858)
(0.03978947368 0.0268528323 0.01521593852)
(0.03947368421 0.0268528323 0.01521593852)
(0.03978947368 0.0240027425 0.01290394551)
(0.03947368421 0.0240027425 0.01290394551)
(0.03978947368 0.009301408277 0.01278214113)
(0.03947368421 0.009301408277 0.01278214113)
(0.03978947368 0.002036825148 0.02321052632)
(0.03947368421 0.002036825148 0.02352631579)
(0.03978947368 0.03796317485 0.02321052632)
(0.03947368421 0.03796317485 0.02352631579)
(0.03978947368 0.004073650296 0.02321052632)
(0.03947368421 0.004073650296 0.02352631579)
(0.03978947368 0.006250134104 0.02321052632)
(0.03947368421 0.006250134104 0.02352631579)
(0.03978947368 0.008445694419 0.02321052632)
(0.03947368421 0.008445694419 0.02352631579)
(0.03978947368 0.01048251957 0.02321052632)
(0.03947368421 0.01048251957 0.02352631579)
(0.03978947368 0.01251934472 0.02321052632)
(0.03947368421 0.01251934472 0.02352631579)
(0.03978947368 0.01455616986 0.02321052632)
(0.03947368421 0.01455616986 0.02352631579)
(0.03978947368 0.01660860291 0.02321052632)
(0.03947368421 0.01660860291 0.02352631579)
(0.03978947368 0.01913078434 0.02321052632)
(0.03947368421 0.01913078434 0.02352631579)
(0.03978947368 0.02116760949 0.02321052632)
(0.03947368421 0.02116760949 0.02352631579)
(0.03978947368 0.02320443464 0.02321052632)
(0.03947368421 0.02320443464 0.02352631579)
(0.03978947368 0.02524125978 0.02321052632)
(0.03947368421 0.02524125978 0.02352631579)
(0.03978947368 0.02727808493 0.02321052632)
(0.03947368421 0.02727808493 0.02352631579)
(0.03978947368 0.02938818843 0.02321052632)
(0.03947368421 0.02938818843 0.02352631579)
(0.03978947368 0.03185269941 0.02321052632)
(0.03947368421 0.03185269941 0.02352631579)
(0.03978947368 0.03388952456 0.02321052632)
(0.03947368421 0.03388952456 0.02352631579)
(0.03978947368 0.0359263497 0.02321052632)
(0.03947368421 0.0359263497 0.02352631579)
(-0.02896215906 -0.08 0.003037840941)
(-0.02740539765 -0.08 0.004594602353)
(-0.02896215906 0.16 0.003037840941)
(-0.02740539765 0.16 0.004594602353)
(-0.02896215906 -0.07 0.003037840941)
(-0.02740539765 -0.07 0.004594602353)
(-0.02896215906 0.15 0.003037840941)
(-0.02740539765 0.15 0.004594602353)
(-0.02896215906 -0.06 0.003037840941)
(-0.02740539765 -0.06 0.004594602353)
(-0.02896215906 -0.05 0.003037840941)
(-0.02740539765 -0.05 0.004594602353)
(-0.02896215906 -0.04 0.003037840941)
(-0.02740539765 -0.04 0.004594602353)
(-0.02896215906 -0.03 0.003037840941)
(-0.02740539765 -0.03 0.004594602353)
(-0.02896215906 -0.02 0.003037840941)
(-0.02740539765 -0.02 0.004594602353)
(-0.02896215906 -0.01 0.003037840941)
(-0.02740539765 -0.01 0.004594602353)
(-0.02896215906 -2.273736754e-16 0.003037840941)
(-0.02740539765 -2.273736754e-16 0.004594602353)
(-0.02896215906 0.01 0.003037840941)
(-0.02740539765 0.01 0.004594602353)
(-0.02896215906 0.02 0.003037840941)
(-0.02740539765 0.02 0.004594602353)
(-0.02896215906 0.03 0.003037840941)
(-0.02740539765 0.03 0.004594602353)
(-0.02896215906 0.04 0.003037840941)
(-0.02740539765 0.04 0.004594602353)
(-0.02896215906 0.05 0.003037840941)
(-0.02740539765 0.05 0.004594602353)
(-0.02896215906 0.06 0.003037840941)
(-0.02740539765 0.06 0.004594602353)
(-0.02896215906 0.07 0.003037840941)
(-0.02740539765 0.07 0.004594602353)
(-0.02896215906 0.08 0.003037840941)
(-0.02740539765 0.08 0.004594602353)
(-0.02896215906 0.09 0.003037840941)
(-0.02740539765 0.09 0.004594602353)
(-0.02896215906 0.1 0.003037840941)
(-0.02740539765 0.1 0.004594602353)
(-0.02896215906 0.11 0.003037840941)
(-0.02740539765 0.11 0.004594602353)
(-0.02896215906 0.12 0.003037840941)
(-0.02740539765 0.12 0.004594602353)
(-0.02896215906 0.13 0.003037840941)
(-0.02740539765 0.13 0.004594602353)
(-0.02896317352 0.14 0.003036826479)
(-0.0274079338 0.14 0.004592066198)
(0.07096215906 -0.08 0.003037840941)
(0.06940539765 -0.08 0.004594602353)
(0.07096215906 0.16 0.003037840941)
(0.06940539765 0.16 0.004594602353)
(0.07100687312 -0.07 0.002993126879)
(0.0695171828 -0.07 0.004482817196)
(0.07096215906 0.15 0.003037840941)
(0.06940539765 0.15 0.004594602353)
(0.07109829815 -0.06 0.002901701846)
(0.06974574538 -0.06 0.004254254616)
(0.0711620632 -0.05 0.002837936804)
(0.06990515799 -0.05 0.00409484201)
(0.07120638241 -0.04 0.002793617595)
(0.07001595601 -0.04 0.003984043987)
(0.07123570881 -0.03 0.002764291191)
(0.07008927202 -0.03 0.003910727979)
(0.07123034387 -0.02 0.002769656128)
(0.07007585968 -0.02 0.003924140321)
(0.0712108518 -0.01 0.002789148196)
(0.07002712951 -0.01 0.003972870491)
(0.07115241394 -2.273736754e-16 0.002847586059)
(0.06988103485 -2.273736754e-16 0.004118965147)
(0.07111305226 0.01 0.002886947743)
(0.06978263064 0.01 0.004217369357)
(0.07109656988 0.02 0.002903430125)
(0.06974142469 0.02 0.004258575312)
(0.07109642177 0.03 0.002903578232)
(0.06974105442 0.03 0.004258945579)
(0.07111877451 0.04 0.002881225492)
(0.06979693627 0.04 0.004203063729)
(0.07112941017 0.05 0.002870589825)
(0.06982352544 0.05 0.004176474563)
(0.07107149494 0.06 0.002928505062)
(0.06967873734 0.06 0.004321262656)
(0.0710649544 0.07 0.002935045605)
(0.06966238599 0.07 0.004337614011)
(0.07105657872 0.08 0.002943421284)
(0.06964144679 0.08 0.00435855321)
(0.07105080447 0.09 0.002949195531)
(0.06962701117 0.09 0.004372988828)
(0.07105173083 0.1 0.002948269171)
(0.06962932707 0.1 0.004370672929)
(0.07106150202 0.11 0.002938497977)
(0.06965375506 0.11 0.004346244942)
(0.07108096284 0.12 0.002919037162)
(0.06970240709 0.12 0.004297592906)
(0.07104321862 0.13 0.002956781383)
(0.06960804654 0.13 0.004391953458)
(0.07096215906 0.14 0.003037840941)
(0.06940539765 0.14 0.004594602353)
(-0.0198 -0.08 0.002210526316)
(-0.0198 -0.08 0.002526315789)
(-0.0096 -0.08 0.002210526316)
(-0.0096 -0.08 0.002526315789)
(0.0006 -0.08 0.002210526316)
(0.0006 -0.08 0.002526315789)
(0.0108 -0.08 0.002210526316)
(0.0108 -0.08 0.002526315789)
(0.021 -0.08 0.002210526316)
(0.021 -0.08 0.002526315789)
(0.0312 -0.08 0.002210526316)
(0.0312 -0.08 0.002526315789)
(0.0414 -0.08 0.002210526316)
(0.0414 -0.08 0.002526315789)
(0.0516 -0.08 0.002210526316)
(0.0516 -0.08 0.002526315789)
(0.0618 -0.08 0.002210526316)
(0.0618 -0.08 0.002526315789)
(-0.0198 0.16 0.002210526316)
(-0.0198 0.16 0.002526315789)
(-0.0096 0.16 0.002210526316)
(-0.0096 0.16 0.002526315789)
(0.0006 0.16 0.002210526316)
(0.0006 0.16 0.002526315789)
(0.0108 0.16 0.002210526316)
(0.0108 0.16 0.002526315789)
(0.021 0.16 0.002210526316)
(0.021 0.16 0.002526315789)
(0.0312 0.16 0.002210526316)
(0.0312 0.16 0.002526315789)
(0.0414 0.16 0.002210526316)
(0.0414 0.16 0.002526315789)
(0.0516 0.16 0.002210526316)
(0.0516 0.16 0.002526315789)
(0.0618 0.16 0.002210526316)
(0.0618 0.16 0.002526315789)
(-0.02106867204 -0.06627525489 0.002210526316)
(-0.02106867204 -0.06627525489 0.002526315789)
(-0.02138336259 -0.04533902377 0.002210526316)
(-0.02138336259 -0.04533902377 0.002526315789)
(-0.02185498224 -0.02536653302 0.002210526316)
(-0.02185498224 -0.02536653302 0.002526315789)
(-0.02142774473 -0.004746314137 0.002210526316)
(-0.02142774473 -0.004746314137 0.002526315789)
(-0.01901451289 0.01565464139 0.002210526316)
(-0.01901451289 0.01565464139 0.002526315789)
(-0.02130744068 0.03513327417 0.002210526316)
(-0.02130744068 0.03513327417 0.002526315789)
(-0.02198464437 0.05501994938 0.002210526316)
(-0.02198464437 0.05501994938 0.002526315789)
(-0.02154020014 0.07512185843 0.002210526316)
(-0.02154020014 0.07512185843 0.002526315789)
(-0.02141930326 0.0950442978 0.002210526316)
(-0.02141930326 0.0950442978 0.002526315789)
(-0.02171793381 0.1148827271 0.002210526316)
(-0.02171793381 0.1148827271 0.002526315789)
(-0.02128120887 0.134638989 0.002210526316)
(-0.02128120887 0.134638989 0.002526315789)
(-0.01329311929 -0.07168283035 0.002210526316)
(-0.01329311929 -0.07168283035 0.002526315789)
(-0.00428046111 -0.07125465357 0.002210526316)
(-0.00428046111 -0.07125465357 0.002526315789)
(0.005636351058 -0.07157685695 0.002210526316)
(0.005636351058 -0.07157685695 0.002526315789)
(0.01559829053 -0.07172136908 0.002210526316)
(0.01559829053 -0.07172136908 0.002526315789)
(0.02542755813 -0.07171067059 0.002210526316)
(0.02542755813 -0.07171067059 0.002526315789)
(0.03514611289 -0.07163922945 0.002210526316)
(0.03514611289 -0.07163922945 0.002526315789)
(0.04471821306 -0.07149948504 0.002210526316)
(0.04471821306 -0.07149948504 0.002526315789)
(0.05409023303 -0.07125839117 0.002210526316)
(0.05409023303 -0.07125839117 0.002526315789)
(0.06319441796 -0.07082896528 0.002210526316)
(0.06319441796 -0.07082896528 0.002526315789)
(-0.01598299383 0.1511255688 0.002210526316)
(-0.01598299383 0.1511255688 0.002526315789)
(0.005359978908 0.1510018567 0.002210526316)
(0.005359978908 0.1510018567 0.002526315789)
(0.02602377566 0.1509277419 0.002210526316)
(0.02602377566 0.1509277419 0.002526315789)
(0.04725363749 0.1500271328 0.002210526316)
(0.04725363749 0.1500271328 0.002526315789)
(0.06414804951 -0.06129813165 0.002210526316)
(0.06414804951 -0.06129813165 0.002526315789)
(0.06485124954 -0.05162316172 0.002210526316)
(0.06485124954 -0.05162316172 0.002526315789)
(0.0653898742 -0.04191404216 0.002210526316)
(0.0653898742 -0.04191404216 0.002526315789)
(0.0658000105 -0.03217617654 0.002210526316)
(0.0658000105 -0.03217617654 0.002526315789)
(0.0658738352 -0.02219121899 0.002219069306)
(0.06573755139 -0.02213768638 0.002547673264)
(0.06546818443 -0.01174695103 0.002217804662)
(0.06529128707 -0.01163006046 0.002544511654)
(0.06462655109 -0.001056039292 0.002210526316)
(0.06462655109 -0.001056039292 0.002526315789)
(0.06423599747 0.009007016463 0.002210526316)
(0.06423599747 0.009007016463 0.002526315789)
(0.06405453479 0.01916864938 0.002210526316)
(0.06405453479 0.01916864938 0.002526315789)
(0.06410411076 0.0288367038 0.002210526316)
(0.06410411076 0.0288367038 0.002526315789)
(0.06445192452 0.03827397299 0.002210526316)
(0.06445192452 0.03827397299 0.002526315789)
(0.06471496847 0.04779741076 0.002210526316)
(0.06471496847 0.04779741076 0.002526315789)
(0.06416121718 0.05770591331 0.002210526316)
(0.06416121718 0.05770591331 0.002526315789)
(0.06410555478 0.06767669763 0.002210526316)
(0.06410555478 0.06767669763 0.002526315789)
(0.06405203672 0.07759073038 0.002210526316)
(0.06405203672 0.07759073038 0.002526315789)
(0.06403034909 0.08749236159 0.002210526316)
(0.06403034909 0.08749236159 0.002526315789)
(0.06408688302 0.09737301054 0.002210526316)
(0.06408688302 0.09737301054 0.002526315789)
(0.06429992645 0.1071145841 0.002210526316)
(0.06429992645 0.1071145841 0.002526315789)
(0.06480227225 0.1165576068 0.002210526316)
(0.06480227225 0.1165576068 0.002526315789)
(0.0645278208 0.1263170362 0.002210526316)
(0.0645278208 0.1263170362 0.002526315789)
(0.0627764507 0.1361689201 0.002210526316)
(0.0627764507 0.1361689201 0.002526315789)
(0.05990760392 0.1480524141 0.002210526316)
(0.05990760392 0.1480524141 0.002526315789)
(0.0004503104111 -0.002401006501 0.002210526316)
(0.0003134834711 -0.0026200229 0.002526315789)
(0.004822018897 -0.001842089326 0.002210526316)
(0.004822018897 -0.001842089326 0.002526315789)
(0.008826696475 -0.001988152464 0.002210526316)
(0.008826696475 -0.001988152464 0.002526315789)
(0.01297645216 -0.00188064926 0.002210526316)
(0.01297645216 -0.00188064926 0.002526315789)
(0.01693851185 -0.0018779242 0.002210526316)
(0.01693851185 -0.0018779242 0.002526315789)
(0.02092694277 -0.001859881549 0.002210526316)
(0.02092694277 -0.001859881549 0.002526315789)
(0.02494179621 -0.002019807651 0.002210526316)
(0.02494179621 -0.002019807651 0.002526315789)
(0.0289919649 -0.001921030415 0.002210526316)
(0.0289919649 -0.001921030415 0.002526315789)
(0.0329415059 -0.001894615805 0.002210526316)
(0.0329415059 -0.001894615805 0.002526315789)
(0.03722049702 -0.001969046589 0.002210526316)
(0.03722049702 -0.001969046589 0.002526315789)
(0.04191111977 -0.002346758217 0.002210526316)
(0.04212287746 -0.002572226248 0.002526315789)
(0.04452655746 0.000664821246 0.002210526316)
(0.04480222591 0.0005368337266 0.002526315789)
(0.04419897062 0.004657275957 0.002210526316)
(0.04419897062 0.004657275957 0.002526315789)
(0.04420145144 0.009012371634 0.002210526316)
(0.04420145144 0.009012371634 0.002526315789)
(0.04420189193 0.01272931113 0.002210526316)
(0.04420189193 0.01272931113 0.002526315789)
(0.04437888642 0.01682685173 0.002210526316)
(0.04437888642 0.01682685173 0.002526315789)
(0.04416633622 0.02103040931 0.002210526316)
(0.04416633622 0.02103040931 0.002526315789)
(0.04397107469 0.02496218434 0.002210526316)
(0.04397107469 0.02496218434 0.002526315789)
(0.04419921279 0.02913681317 0.002210526316)
(0.04419921279 0.02913681317 0.002526315789)
(0.04431292559 0.03340503981 0.002210526316)
(0.04431292559 0.03340503981 0.002526315789)
(0.04426220269 0.0372033927 0.002210526316)
(0.0444432619 0.03721503695 0.002526315789)
(0.0001802454558 0.04247957459 0.002210526316)
(1.658528197e-05 0.04267527616 0.002526315789)
(0.002485394779 0.04232899526 0.002210526316)
(0.002429696823 0.04253461011 0.002526315789)
(0.004688902828 0.04204416335 0.002210526316)
(0.004688902828 0.04204416335 0.002526315789)
(0.006707755585 0.04186536425 0.002210526316)
(0.006707755585 0.04186536425 0.002526315789)
(0.008796645976 0.04186208592 0.002210526316)
(0.008796645976 0.04186208592 0.002526315789)
(0.0107819336 0.0420226045 0.002210526316)
(0.0107819336 0.0420226045 0.002526315789)
(0.01297397532 0.04206492162 0.002210526316)
(0.01297397532 0.04206492162 0.002526315789)
(0.01495226157 0.04201254694 0.002210526316)
(0.01495226157 0.04201254694 0.002526315789)
(0.01693954114 0.04189435815 0.002210526316)
(0.01693954114 0.04189435815 0.002526315789)
(0.01894751666 0.04188140729 0.002210526316)
(0.01894751666 0.04188140729 0.002526315789)
(0.02095986856 0.04197914013 0.002210526316)
(0.02095986856 0.04197914013 0.002526315789)
(0.02301578729 0.04204795297 0.002210526316)
(0.02301578729 0.04204795297 0.002526315789)
(0.02507266983 0.04198728851 0.002210526316)
(0.02507266983 0.04198728851 0.002526315789)
(0.02707564545 0.04190364856 0.002210526316)
(0.02707564545 0.04190364856 0.002526315789)
(0.0290613445 0.04187524216 0.002210526316)
(0.0290613445 0.04187524216 0.002526315789)
(0.03095856907 0.04187058264 0.002210526316)
(0.03095856907 0.04187058264 0.002526315789)
(0.03303443068 0.04190886111 0.002210526316)
(0.03303443068 0.04190886111 0.002526315789)
(0.03521337191 0.04209968248 0.002210526316)
(0.03521337191 0.04209968248 0.002526315789)
(0.03729752954 0.042112387 0.002210526316)
(0.03729752954 0.042112387 0.002526315789)
(0.03952130093 0.04227795091 0.002210526316)
(0.03958629433 0.04248488707 0.002526315789)
(0.04192825327 0.04239044485 0.002210526316)
(0.04214194292 0.04261155256 0.002526315789)
(-0.002244670827 0.0001398341161 0.002210526316)
(-0.002460958159 1.273767945e-06 0.002526315789)
(-0.00232352585 0.002488968034 0.002210526316)
(-0.002470574304 0.002454616873 0.002526315789)
(-0.002523245274 0.004629433908 0.002210526316)
(-0.002523245274 0.004629433908 0.002526315789)
(-0.002709759801 0.006893487987 0.002210526316)
(-0.002709759801 0.006893487987 0.002526315789)
(-0.002493099 0.009098382013 0.002210526316)
(-0.002493099 0.009098382013 0.002526315789)
(-0.002231600113 0.01118122589 0.002210526316)
(-0.002231600113 0.01118122589 0.002526315789)
(-0.00210191195 0.01326080788 0.002210526316)
(-0.00210191195 0.01326080788 0.002526315789)
(-0.00179551553 0.01505808239 0.002210526316)
(-0.00179551553 0.01505808239 0.002526315789)
(-0.00221547296 0.01693414638 0.002210526316)
(-0.00221547296 0.01693414638 0.002526315789)
(-0.002197224871 0.01917440908 0.002210526316)
(-0.002197224871 0.01917440908 0.002526315789)
(-0.002139648806 0.02121079072 0.002210526316)
(-0.002139648806 0.02121079072 0.002526315789)
(-0.002077627392 0.02326409572 0.002210526316)
(-0.002077627392 0.02326409572 0.002526315789)
(-0.001750185398 0.02508396356 0.002210526316)
(-0.001750185398 0.02508396356 0.002526315789)
(-0.002071754889 0.02691316545 0.002210526316)
(-0.002071754889 0.02691316545 0.002526315789)
(-0.002119051009 0.02896667423 0.002210526316)
(-0.002119051009 0.02896667423 0.002526315789)
(-0.002071479672 0.03114484296 0.002210526316)
(-0.002071479672 0.03114484296 0.002526315789)
(-0.002051502356 0.03320310718 0.002210526316)
(-0.002051502356 0.03320310718 0.002526315789)
(-0.002125597322 0.03523793184 0.002210526316)
(-0.002125597322 0.03523793184 0.002526315789)
(-0.002338592299 0.03741564093 0.002210526316)
(-0.002503312122 0.03745539058 0.002526315789)
(-0.002647734561 0.03970185454 0.002210526316)
(-0.002867209482 0.03984354065 0.002526315789)
(-0.02089110085 -0.05571387187 0.002210526316)
(-0.02089110085 -0.05571387187 0.002526315789)
(-0.02167602375 -0.03530708822 0.002210526316)
(-0.02167602375 -0.03530708822 0.002526315789)
(-0.02187947666 -0.01516163923 0.002210526316)
(-0.02187947666 -0.01516163923 0.002526315789)
(-0.01927212371 0.005666778874 0.002210526316)
(-0.01927212371 0.005666778874 0.002526315789)
(-0.01918895774 0.02553429621 0.002210526316)
(-0.01918895774 0.02553429621 0.002526315789)
(-0.02191175509 0.04485608186 0.002210526316)
(-0.02191175509 0.04485608186 0.002526315789)
(-0.02175037535 0.06514338155 0.002210526316)
(-0.02175037535 0.06514338155 0.002526315789)
(-0.0214358284 0.0850964177 0.002210526316)
(-0.0214358284 0.0850964177 0.002526315789)
(-0.02151901649 0.1049813755 0.002210526316)
(-0.02151901649 0.1049813755 0.002526315789)
(-0.02167801198 0.1248422872 0.002210526316)
(-0.02167801198 0.1248422872 0.002526315789)
(-0.021558493 0.1435029524 0.002210526316)
(-0.021558493 0.1435029524 0.002526315789)
(-0.005227437848 0.1506954057 0.002210526316)
(-0.005227437848 0.1506954057 0.002526315789)
(0.01571265456 0.151090846 0.002210526316)
(0.01571265456 0.151090846 0.002526315789)
(0.03640636921 0.1506213898 0.002210526316)
(0.03640636921 0.1506213898 0.002526315789)
(0.002719037223 -0.002158680755 0.002210526316)
(0.002682540611 -0.002331342169 0.002526315789)
(0.006871654525 -0.001816947747 0.002210526316)
(0.006871654525 -0.001816947747 0.002526315789)
(-0.002126102707 -0.002361806764 0.002210526316)
(-0.002330738073 -0.002579711451 0.002526315789)
(0.01083406325 -0.002012361962 0.002210526316)
(0.01083406325 -0.002012361962 0.002526315789)
(0.01496795882 -0.001798800248 0.002210526316)
(0.01496795882 -0.001798800248 0.002526315789)
(0.01884984397 -0.00180161692 0.002210526316)
(0.01884984397 -0.00180161692 0.002526315789)
(0.02292132071 -0.002010282277 0.002210526316)
(0.02292132071 -0.002010282277 0.002526315789)
(0.02698084998 -0.00191702444 0.002210526316)
(0.02698084998 -0.00191702444 0.002526315789)
(0.03093716304 -0.002025619025 0.002210526316)
(0.03093716304 -0.002025619025 0.002526315789)
(0.03519147446 -0.001899496723 0.002210526316)
(0.03519147446 -0.001899496723 0.002526315789)
(0.03945726168 -0.002237685402 0.002210526316)
(0.03952763515 -0.002473612187 0.002526315789)
(0.0448805311 -0.001846948956 0.002210526316)
(0.04514553876 -0.002061640424 0.002526315789)
(0.04390788494 0.002747306602 0.002210526316)
(0.04413362511 0.002714152675 0.002526315789)
(0.0444230636 0.006882392994 0.002210526316)
(0.0444230636 0.006882392994 0.002526315789)
(0.04374312409 0.01091055582 0.002210526316)
(0.04374312409 0.01091055582 0.002526315789)
(0.04431920381 0.0147622968 0.002210526316)
(0.04431920381 0.0147622968 0.002526315789)
(0.04427162933 0.01897529559 0.002210526316)
(0.04427162933 0.01897529559 0.002526315789)
(0.04419742485 0.02294871771 0.002210526316)
(0.04419742485 0.02294871771 0.002526315789)
(0.04399392087 0.02712693034 0.002210526316)
(0.04399392087 0.02712693034 0.002526315789)
(0.0444653038 0.03132012088 0.002210526316)
(0.0444653038 0.03132012088 0.002526315789)
(0.04392493331 0.03526831957 0.002210526316)
(0.04410423251 0.0352871932 0.002526315789)
(0.04479428003 0.04220200592 0.002210526316)
(0.04507671693 0.04242220406 0.002526315789)
(0.04459677171 0.03956164419 0.002210526316)
(0.0448353255 0.03971116726 0.002526315789)
(-0.002588402411 0.04235450872 0.002210526316)
(-0.002793812931 0.04253829361 0.002526315789)
(-0.001786556408 0.04507575552 0.002210526316)
(-0.001786556408 0.04507575552 0.002526315789)
(0.03088374593 0.1416285921 0.002210526316)
(0.03088374593 0.1416285921 0.002526315789)
(-0.01388145811 -0.02096266497 0.002210526316)
(-0.01388145811 -0.02096266497 0.002526315789)
(-0.01302834943 0.0001726542342 0.002210526316)
(-0.01302834943 0.0001726542342 0.002526315789)
(-0.01251025859 0.0205539772 0.002210526316)
(-0.01251025859 0.0205539772 0.002526315789)
(-0.01396978715 0.03974944791 0.002210526316)
(-0.01396978715 0.03974944791 0.002526315789)
(-0.01375530569 0.06026729792 0.002210526316)
(-0.01375530569 0.06026729792 0.002526315789)
(-0.01290399614 0.08021816233 0.002210526316)
(-0.01290399614 0.08021816233 0.002526315789)
(-0.01285114013 0.1001312488 0.002210526316)
(-0.01285114013 0.1001312488 0.002526315789)
(-0.01371153509 0.1196859431 0.002210526316)
(-0.01371153509 0.1196859431 0.002526315789)
(-0.01141173987 0.1406209468 0.002210526316)
(-0.01141173987 0.1406209468 0.002526315789)
(-0.01250921813 -0.05041448266 0.002210526316)
(-0.01250921813 -0.05041448266 0.002526315789)
(-0.01071721036 -0.06167969207 0.002210526316)
(-0.01071721036 -0.06167969207 0.002526315789)
(0.0006195075323 -0.0629402949 0.002210526316)
(0.0006195075323 -0.0629402949 0.002526315789)
(0.01063794176 -0.06339138547 0.002210526316)
(0.01063794176 -0.06339138547 0.002526315789)
(0.02011432527 -0.06338986187 0.002210526316)
(0.02011432527 -0.06338986187 0.002526315789)
(0.0294859185 -0.06328256868 0.002210526316)
(0.0294859185 -0.06328256868 0.002526315789)
(0.03865597603 -0.06307024706 0.002210526316)
(0.03865597603 -0.06307024706 0.002526315789)
(0.04753670299 -0.06270460104 0.002210526316)
(0.04753670299 -0.06270460104 0.002526315789)
(0.05597950474 -0.06215082911 0.002210526316)
(0.05597950474 -0.06215082911 0.002526315789)
(0.02386565559 -0.00451973497 0.002210526316)
(0.02386565559 -0.00451973497 0.002526315789)
(0.01046976738 0.142295632 0.002210526316)
(0.01046976738 0.142295632 0.002526315789)
(9.088478206e-05 0.1418550017 0.002210526316)
(9.088478206e-05 0.1418550017 0.002526315789)
(0.05206568902 0.1398862761 0.002210526316)
(0.05206568902 0.1398862761 0.002526315789)
(0.02793214912 -0.004029956045 0.002210526316)
(0.02793214912 -0.004029956045 0.002526315789)
(0.001512864293 -0.004868030526 0.002210526316)
(0.001512864293 -0.004868030526 0.002526315789)
(-0.004914616957 -0.001737928526 0.002210526316)
(-0.004914616957 -0.001737928526 0.002526315789)
(0.00582708015 -0.003748125758 0.002210526316)
(0.00582708015 -0.003748125758 0.002526315789)
(0.05741034422 -0.05282339958 0.002210526316)
(0.05741034422 -0.05282339958 0.002526315789)
(0.0585007131 -0.04344444849 0.002210526316)
(0.0585007131 -0.04344444849 0.002526315789)
(0.05937759563 -0.03412510704 0.002210526316)
(0.05937759563 -0.03412510704 0.002526315789)
(0.06001985411 -0.02472608434 0.002210526316)
(0.06001985411 -0.02472608434 0.002526315789)
(0.05981837889 -0.01464544309 0.002210526316)
(0.05981837889 -0.01464544309 0.002526315789)
(0.05794671966 -0.002769558038 0.002211311261)
(0.05799763878 -0.002946385639 0.002528278152)
(0.05657688412 0.00798288466 0.002210526316)
(0.05657688412 0.00798288466 0.002526315789)
(0.05638015777 0.01821717773 0.002210526316)
(0.05638015777 0.01821717773 0.002526315789)
(0.05615696644 0.0283366846 0.002210526316)
(0.05615696644 0.0283366846 0.002526315789)
(0.05689909805 0.03715107142 0.002210526316)
(0.05689909805 0.03715107142 0.002526315789)
(0.05811205082 0.04484859824 0.002210526316)
(0.05811205082 0.04484859824 0.002526315789)
(0.0562759006 0.05507160538 0.002210526316)
(0.0562759006 0.05507160538 0.002526315789)
(0.05623940902 0.065333636 0.002210526316)
(0.05623940902 0.065333636 0.002526315789)
(0.05608286467 0.07511213366 0.002210526316)
(0.05608286467 0.07511213366 0.002526315789)
(0.05600414877 0.08494065614 0.002210526316)
(0.05600414877 0.08494065614 0.002526315789)
(0.05604255599 0.09482582724 0.002210526316)
(0.05604255599 0.09482582724 0.002526315789)
(0.05624742493 0.1046543241 0.002210526316)
(0.05624742493 0.1046543241 0.002526315789)
(0.05686078471 0.1140236638 0.002210526316)
(0.05686078471 0.1140236638 0.002526315789)
(0.05828242246 0.1221438703 0.002210526316)
(0.05828242246 0.1221438703 0.002526315789)
(-0.001206131803 -0.005023993525 0.002210526316)
(-0.001206131803 -0.005023993525 0.002526315789)
(0.003916399202 -0.004361801014 0.002210526316)
(0.003916399202 -0.004361801014 0.002526315789)
(0.01792371562 -0.004309062102 0.002210526316)
(0.01792371562 -0.004309062102 0.002526315789)
(0.01208708356 -0.004386531368 0.002210526316)
(0.01208708356 -0.004386531368 0.002526315789)
(0.02172924734 -0.004388690982 0.002210526316)
(0.02172924734 -0.004388690982 0.002526315789)
(0.01588460284 -0.004319777169 0.002210526316)
(0.01588460284 -0.004319777169 0.002526315789)
(0.02600777645 -0.004438615032 0.002210526316)
(0.02600777645 -0.004438615032 0.002526315789)
(0.01986239311 -0.003843925489 0.002210526316)
(0.01986239311 -0.003843925489 0.002526315789)
(0.03208440387 -0.004537762254 0.002210526316)
(0.03208440387 -0.004537762254 0.002526315789)
(0.03604998268 -0.004224021448 0.002210526316)
(0.03604998268 -0.004224021448 0.002526315789)
(0.04098129035 -0.004841133857 0.002210526316)
(0.04098129035 -0.004841133857 0.002526315789)
(0.04647689892 0.002648058561 0.002210526316)
(0.04647689892 0.002648058561 0.002526315789)
(0.04742500858 0.007930919906 0.002210526316)
(0.04742500858 0.007930919906 0.002526315789)
(0.04634830121 0.01067079573 0.002210526316)
(0.04634830121 0.01067079573 0.002526315789)
(0.04695389844 0.01546806182 0.002210526316)
(0.04695389844 0.01546806182 0.002526315789)
(0.04740463311 0.01768619228 0.002210526316)
(0.04740463311 0.01768619228 0.002526315789)
(0.04737225719 0.02192348637 0.002210526316)
(0.04737225719 0.02192348637 0.002526315789)
(0.04582307431 0.02600611715 0.002210526316)
(0.04582307431 0.02600611715 0.002526315789)
(0.0472803581 0.0302153722 0.002210526316)
(0.0472803581 0.0302153722 0.002526315789)
(0.04689296267 0.03551828593 0.002210526316)
(0.04689296267 0.03551828593 0.002526315789)
(0.04678185096 0.0382324186 0.002210526316)
(0.04678185096 0.0382324186 0.002526315789)
(0.02068297369 0.142167798 0.002210526316)
(0.02068297369 0.142167798 0.002526315789)
(-0.01402665484 -0.01012237705 0.002210526316)
(-0.01402665484 -0.01012237705 0.002526315789)
(0.009865064883 -0.004628114257 0.002210526316)
(0.009865064883 -0.004628114257 0.002526315789)
(0.003445089906 0.0446005859 0.002210526316)
(0.003445089906 0.0446005859 0.002526315789)
(0.005735958 0.04426310555 0.002210526316)
(0.005735958 0.04426310555 0.002526315789)
(0.007721384637 0.04384775796 0.002210526316)
(0.007721384637 0.04384775796 0.002526315789)
(0.00960856485 0.04440027206 0.002210526316)
(0.00960856485 0.04440027206 0.002526315789)
(0.01174835349 0.04438617457 0.002210526316)
(0.01174835349 0.04438617457 0.002526315789)
(0.01398361326 0.04438878027 0.002210526316)
(0.01398361326 0.04438878027 0.002526315789)
(0.01607237203 0.0444613267 0.002210526316)
(0.01607237203 0.0444613267 0.002526315789)
(0.01797033188 0.04387908868 0.002210526316)
(0.01797033188 0.04387908868 0.002526315789)
(0.01988194874 0.0443891504 0.002210526316)
(0.01988194874 0.0443891504 0.002526315789)
(0.02197400248 0.04425594807 0.002210526316)
(0.02197400248 0.04425594807 0.002526315789)
(0.02419510063 0.04423874266 0.002210526316)
(0.02419510063 0.04423874266 0.002526315789)
(0.02633412901 0.04444274259 0.002210526316)
(0.02633412901 0.04444274259 0.002526315789)
(0.02820646335 0.04392595883 0.002210526316)
(0.02820646335 0.04392595883 0.002526315789)
(0.03015477775 0.04427462781 0.002210526316)
(0.03015477775 0.04427462781 0.002526315789)
(0.03197004665 0.04383493862 0.002210526316)
(0.03197004665 0.04383493862 0.002526315789)
(0.03399597596 0.04442330513 0.002210526316)
(0.03399597596 0.04442330513 0.002526315789)
(0.03625898577 0.04462574962 0.002210526316)
(0.03625898577 0.04462574962 0.002526315789)
(0.03861809302 0.04452969591 0.002210526316)
(0.03861809302 0.04452969591 0.002526315789)
(0.04115097332 0.04468575543 0.002210526316)
(0.04115097332 0.04468575543 0.002526315789)
(-0.005545700821 0.04156460817 0.002210526316)
(-0.005545700821 0.04156460817 0.002526315789)
(-0.01349273699 -0.03070007977 0.002210526316)
(-0.01349273699 -0.03070007977 0.002526315789)
(-0.00514118073 0.003019270937 0.002210526316)
(-0.00514118073 0.003019270937 0.002526315789)
(-0.00563489369 0.005452248971 0.002210526316)
(-0.00563489369 0.005452248971 0.002526315789)
(-0.005607861007 0.007942259869 0.002210526316)
(-0.005607861007 0.007942259869 0.002526315789)
(-0.005163532405 0.01042982779 0.002210526316)
(-0.005163532405 0.01042982779 0.002526315789)
(-0.004467745606 0.01265859886 0.002210526316)
(-0.004467745606 0.01265859886 0.002526315789)
(-0.004973559113 0.01527670819 0.002210526316)
(-0.004973559113 0.01527670819 0.002526315789)
(-0.004440152425 0.01790345745 0.002210526316)
(-0.004440152425 0.01790345745 0.002526315789)
(-0.004885345795 0.02025099387 0.002210526316)
(-0.004885345795 0.02025099387 0.002526315789)
(-0.004426932643 0.02255554583 0.002210526316)
(-0.004426932643 0.02255554583 0.002526315789)
(-0.005030742523 0.02517470865 0.002210526316)
(-0.005030742523 0.02517470865 0.002526315789)
(-0.00439408569 0.02774724267 0.002210526316)
(-0.00439408569 0.02774724267 0.002526315789)
(-0.004728534137 0.03001737558 0.002210526316)
(-0.004728534137 0.03001737558 0.002526315789)
(-0.0041439019 0.03215083302 0.002210526316)
(-0.0041439019 0.03215083302 0.002526315789)
(-0.004850453883 0.03422081812 0.002210526316)
(-0.004850453883 0.03422081812 0.002526315789)
(-0.004523432303 0.03638326907 0.002210526316)
(-0.004523432303 0.03638326907 0.002526315789)
(-0.005284292598 0.03865181014 0.002210526316)
(-0.005284292598 0.03865181014 0.002526315789)
(0.01395860535 -0.003791211562 0.002210526316)
(0.01395860535 -0.003791211562 0.002526315789)
(0.001053093731 0.04486713841 0.002210526316)
(0.001053093731 0.04486713841 0.002526315789)
(-0.004387278046 0.000837633794 0.002210526316)
(-0.004387278046 0.000837633794 0.002526315789)
(0.007795514477 -0.004312064115 0.002210526316)
(0.007795514477 -0.004312064115 0.002526315789)
(0.04785719122 -0.0002478588657 0.002210526316)
(0.04785719122 -0.0002478588657 0.002526315789)
(0.04415850623 0.04513108833 0.002210526316)
(0.04415850623 0.04513108833 0.002526315789)
(-0.01273452464 0.0110565801 0.002210526316)
(-0.01273452464 0.0110565801 0.002526315789)
(-0.01257889675 0.03164591329 0.002210526316)
(-0.01257889675 0.03164591329 0.002526315789)
(-0.01444090874 0.04975687454 0.002210526316)
(-0.01444090874 0.04975687454 0.002526315789)
(-0.01321599413 0.07030270354 0.002210526316)
(-0.01321599413 0.07030270354 0.002526315789)
(-0.01277466596 0.09015718623 0.002210526316)
(-0.01277466596 0.09015718623 0.002526315789)
(-0.01315707919 0.1100049664 0.002210526316)
(-0.01315707919 0.1100049664 0.002526315789)
(-0.01316519368 0.1296736799 0.002210526316)
(-0.01316519368 0.1296736799 0.002526315789)
(-0.004682572092 -0.004979906216 0.002210526316)
(-0.004682572092 -0.004979906216 0.002526315789)
(0.04129039313 0.1409881163 0.002210526316)
(0.04129039313 0.1409881163 0.002526315789)
(-0.008298654849 0.0359805872 0.002210526316)
(-0.008298654849 0.0359805872 0.002526315789)
(0.04813762382 -0.004232420602 0.002210526316)
(0.04813762382 -0.004232420602 0.002526315789)
(-0.01316703032 -0.04029361457 0.002210526316)
(-0.01316703032 -0.04029361457 0.002526315789)
(0.02988843439 -0.004572612321 0.002210526316)
(0.02988843439 -0.004572612321 0.002526315789)
(-0.0107602099 0.02563096412 0.002210526316)
(-0.0107602099 0.02563096412 0.002526315789)
(0.05538769005 0.1303500855 0.002210526316)
(0.05538769005 0.1303500855 0.002526315789)
(-0.01047813771 0.006292982019 0.002210526316)
(-0.01047813771 0.006292982019 0.002526315789)
(-0.005229202203 0.04504852549 0.002210526316)
(-0.005229202203 0.04504852549 0.002526315789)
(0.04418912128 -0.004952231266 0.002210526316)
(0.04418912128 -0.004952231266 0.002526315789)
(0.03837790341 -0.004488191565 0.002210526316)
(0.03837790341 -0.004488191565 0.002526315789)
(0.03408069445 -0.003927699166 0.002210526316)
(0.03408069445 -0.003927699166 0.002526315789)
(0.04799592263 0.0450070212 0.002210526316)
(0.04799592263 0.0450070212 0.002526315789)
(0.04683661096 0.005275051168 0.002210526316)
(0.04683661096 0.005275051168 0.002526315789)
(0.04740030497 0.01304768402 0.002210526316)
(0.04740030497 0.01304768402 0.002526315789)
(0.04670189089 0.01987095097 0.002210526316)
(0.04670189089 0.01987095097 0.002526315789)
(0.04670477704 0.02405942434 0.002210526316)
(0.04670477704 0.02405942434 0.002526315789)
(0.04666200821 0.02795314141 0.002210526316)
(0.04666200821 0.02795314141 0.002526315789)
(0.04749446368 0.03283086484 0.002210526316)
(0.04749446368 0.03283086484 0.002526315789)
(0.04780361226 0.04098286236 0.002210526316)
(0.04780361226 0.04098286236 0.002526315789)
(-0.01061801098 0.01567623379 0.002210526316)
(-0.01061801098 0.01567623379 0.002526315789)
(0.02782857005 -0.007285958311 0.002210526316)
(0.02782857005 -0.007285958311 0.002526315789)
(-0.004336763433 0.1054171958 0.002210526316)
(-0.004336763433 0.1054171958 0.002526315789)
(0.02224151273 -0.00760814506 0.002210526316)
(0.02224151273 -0.00760814506 0.002526315789)
(0.05043660217 0.03827701441 0.002210526316)
(0.05043660217 0.03827701441 0.002526315789)
(-0.004473048827 0.07546651199 0.002210526316)
(-0.004473048827 0.07546651199 0.002526315789)
(-0.004842961071 -0.04458678761 0.002210526316)
(-0.004842961071 -0.04458678761 0.002526315789)
(-0.003591185753 0.04935044566 0.002210526316)
(-0.003591185753 0.04935044566 0.002526315789)
(0.05194529616 -0.002210185449 0.002210526316)
(0.05194529616 -0.002210185449 0.002526315789)
(-0.003406779498 -0.05411677601 0.002210526316)
(-0.003406779498 -0.05411677601 0.002526315789)
(-0.006422322392 0.1240269886 0.002210526316)
(-0.006422322392 0.1240269886 0.002526315789)
(0.01529592024 -0.05503172731 0.002210526316)
(0.01529592024 -0.05503172731 0.002526315789)
(0.02418121615 -0.05495529819 0.002210526316)
(0.02418121615 -0.05495529819 0.002526315789)
(0.03306350666 -0.05476420011 0.002210526316)
(0.03306350666 -0.05476420011 0.002526315789)
(0.04163502922 -0.05432908679 0.002210526316)
(0.04163502922 -0.05432908679 0.002526315789)
(0.04967701777 -0.0537039125 0.002210526316)
(0.04967701777 -0.0537039125 0.002526315789)
(0.04707661926 -0.00875983915 0.002210526316)
(0.04707661926 -0.00875983915 0.002526315789)
(0.04268316772 -0.008361960549 0.002210526316)
(0.04268316772 -0.008361960549 0.002526315789)
(0.05132311342 -0.0446583561 0.002210526316)
(0.05132311342 -0.0446583561 0.002526315789)
(0.05263335606 -0.03573839381 0.002210526316)
(0.05263335606 -0.03573839381 0.002526315789)
(0.05383165159 -0.02710488755 0.002210526316)
(0.05383165159 -0.02710488755 0.002526315789)
(0.05452302569 -0.01837049421 0.002210526316)
(0.05452302569 -0.01837049421 0.002526315789)
(0.05091745366 0.004050443343 0.002210526316)
(0.05091745366 0.004050443343 0.002526315789)
(0.0517578596 0.04894449429 0.002210526316)
(0.0517578596 0.04894449429 0.002526315789)
(0.04834354822 0.06339767073 0.002210526316)
(0.04834354822 0.06339767073 0.002526315789)
(0.04820606909 0.05534456385 0.002210526316)
(0.04820606909 0.05534456385 0.002526315789)
(0.048012637 0.07248472336 0.002210526316)
(0.048012637 0.07248472336 0.002526315789)
(0.04786845125 0.08206864215 0.002210526316)
(0.04786845125 0.08206864215 0.002526315789)
(0.04787487471 0.09195783587 0.002210526316)
(0.04787487471 0.09195783587 0.002526315789)
(0.04805771063 0.1020085858 0.002210526316)
(0.04805771063 0.1020085858 0.002526315789)
(0.04847052733 0.1122370799 0.002210526316)
(0.04847052733 0.1122370799 0.002526315789)
(0.05017657982 0.1220951576 0.002210526316)
(0.05017657982 0.1220951576 0.002526315789)
(0.0002133766881 -0.008219241248 0.002210526316)
(0.0002133766881 -0.008219241248 0.002526315789)
(-0.00862677839 0.03991854355 0.002210526316)
(-0.00862677839 0.03991854355 0.002526315789)
(0.04648745819 0.04950362555 0.002210526316)
(0.04648745819 0.04950362555 0.002526315789)
(-0.008925447675 -0.004115149887 0.002210526316)
(-0.008925447675 -0.004115149887 0.002526315789)
(-0.004086725135 0.09533141244 0.002210526316)
(-0.004086725135 0.09533141244 0.002526315789)
(0.05100896392 0.01503061795 0.002210526316)
(0.05100896392 0.01503061795 0.002526315789)
(0.05030396889 0.02786358803 0.002210526316)
(0.05030396889 0.02786358803 0.002526315789)
(0.04551929761 0.1313303614 0.002210526316)
(0.04551929761 0.1313303614 0.002526315789)
(-0.009685263543 0.04391517251 0.002210526316)
(-0.009685263543 0.04391517251 0.002526315789)
(0.011517344 -0.00769989043 0.002210526316)
(0.011517344 -0.00769989043 0.002526315789)
(0.03539820568 0.1318867071 0.002210526316)
(0.03539820568 0.1318867071 0.002526315789)
(0.007580389033 0.04704802435 0.002210526316)
(0.007580389033 0.04704802435 0.002526315789)
(0.01035316617 0.04744369336 0.002210526316)
(0.01035316617 0.04744369336 0.002526315789)
(0.01281914577 0.04685512531 0.002210526316)
(0.01281914577 0.04685512531 0.002526315789)
(0.0152589329 0.04757978112 0.002210526316)
(0.0152589329 0.04757978112 0.002526315789)
(0.0180147406 0.04724156768 0.002210526316)
(0.0180147406 0.04724156768 0.002526315789)
(0.02081352517 0.0472894658 0.002210526316)
(0.02081352517 0.0472894658 0.002526315789)
(0.02317413159 0.04660638323 0.002210526316)
(0.02317413159 0.04660638323 0.002526315789)
(0.02557990711 0.04715412467 0.002210526316)
(0.02557990711 0.04715412467 0.002526315789)
(0.02880121892 0.04759128126 0.002210526316)
(0.02880121892 0.04759128126 0.002526315789)
(0.03182328279 0.04664830269 0.002210526316)
(0.03182328279 0.04664830269 0.002526315789)
(0.03457469264 0.04744004325 0.002210526316)
(0.03457469264 0.04744004325 0.002526315789)
(0.03751244054 0.04738465436 0.002210526316)
(0.03751244054 0.04738465436 0.002526315789)
(0.04001405032 0.04709685224 0.002210526316)
(0.04001405032 0.04709685224 0.002526315789)
(-0.008526684218 0.009656896565 0.002210526316)
(-0.008526684218 0.009656896565 0.002526315789)
(-0.007850822568 0.01278013131 0.002210526316)
(-0.007850822568 0.01278013131 0.002526315789)
(-0.007782041721 0.01844450176 0.002210526316)
(-0.007782041721 0.01844450176 0.002526315789)
(-0.007825196643 0.02230183766 0.002210526316)
(-0.007825196643 0.02230183766 0.002526315789)
(-0.007793837181 0.02840946876 0.002210526316)
(-0.007793837181 0.02840946876 0.002526315789)
(-0.007386991091 0.03211810337 0.002210526316)
(-0.007386991091 0.03211810337 0.002526315789)
(-0.003657899142 0.1324531692 0.002210526316)
(-0.003657899142 0.1324531692 0.002526315789)
(-0.005042396062 0.06560610921 0.002210526316)
(-0.005042396062 0.06560610921 0.002526315789)
(-0.005408815283 -0.02669123802 0.002210526316)
(-0.005408815283 -0.02669123802 0.002526315789)
(0.02531001387 0.132839294 0.002210526316)
(0.02531001387 0.132839294 0.002526315789)
(-0.00292306086 -0.008152773685 0.002210526316)
(-0.00292306086 -0.008152773685 0.002526315789)
(0.01686988173 -0.007322583629 0.002210526316)
(0.01686988173 -0.007322583629 0.002526315789)
(0.01558056556 0.1337312342 0.002210526316)
(0.01558056556 0.1337312342 0.002526315789)
(0.04269067051 0.04840987147 0.002210526316)
(0.04269067051 0.04840987147 0.002526315789)
(0.005769502519 0.1334014861 0.002210526316)
(0.005769502519 0.1334014861 0.002526315789)
(0.006288055981 -0.05528348312 0.002210526316)
(0.006288055981 -0.05528348312 0.002526315789)
(-0.006192592545 0.05576238225 0.002210526316)
(-0.006192592545 0.05576238225 0.002526315789)
(0.03091718904 -0.007874301638 0.002210526316)
(0.03091718904 -0.007874301638 0.002526315789)
(-0.004975184969 0.1152926467 0.002210526316)
(-0.004975184969 0.1152926467 0.002526315789)
(0.05318623341 -0.008722768382 0.002210526316)
(0.05318623341 -0.008722768382 0.002526315789)
(0.05178238042 0.03452356452 0.002210526316)
(0.05178238042 0.03452356452 0.002526315789)
(-0.004153833544 0.08532785807 0.002210526316)
(-0.004153833544 0.08532785807 0.002526315789)
(0.005909105054 -0.006324360823 0.002210526316)
(0.005909105054 -0.006324360823 0.002526315789)
(0.01967066398 -0.006554798728 0.002210526316)
(0.01967066398 -0.006554798728 0.002526315789)
(0.0511888534 0.02363816933 0.002210526316)
(0.0511888534 0.02363816933 0.002526315789)
(0.05251059916 0.04270475253 0.002210526316)
(0.05251059916 0.04270475253 0.002526315789)
(0.003349322729 -0.007571162527 0.002210526316)
(0.003349322729 -0.007571162527 0.002526315789)
(-0.008267603793 0.0489611559 0.002210526316)
(-0.008267603793 0.0489611559 0.002526315789)
(0.03404476236 -0.006875354454 0.002210526316)
(0.03404476236 -0.006875354454 0.002526315789)
(0.0393609469 -0.007614326752 0.002210526316)
(0.0393609469 -0.007614326752 0.002526315789)
(0.04836463366 0.02589215919 0.002210526316)
(0.04836463366 0.02589215919 0.002526315789)
(0.03679407199 -0.006679508728 0.002210526316)
(0.03679407199 -0.006679508728 0.002526315789)
(0.05017846459 0.01957669637 0.002210526316)
(0.05017846459 0.01957669637 0.002526315789)
(0.05028112735 0.01001654665 0.002210526316)
(0.05028112735 0.01001654665 0.002526315789)
(0.05058241735 0.03109259157 0.002210526316)
(0.05058241735 0.03109259157 0.002526315789)
(-0.007657360389 8.173244355e-05 0.002210526316)
(-0.007657360389 8.173244355e-05 0.002526315789)
(0.004960178352 0.04693026941 0.002210526316)
(0.004960178352 0.04693026941 0.002526315789)
(0.008532722331 -0.007487244217 0.002210526316)
(0.008532722331 -0.007487244217 0.002526315789)
(-0.004826769307 -0.03557374352 0.002210526316)
(-0.004826769307 -0.03557374352 0.002526315789)
(0.01409484113 -0.006448048433 0.002210526316)
(0.01409484113 -0.006448048433 0.002526315789)
(-0.008548948363 0.003185159335 0.002210526316)
(-0.008548948363 0.003185159335 0.002526315789)
(-0.0003680146157 0.04801471359 0.002210526316)
(-0.0003680146157 0.04801471359 0.002526315789)
(-0.006152216429 -0.01758463335 0.002210526316)
(-0.006152216429 -0.01758463335 0.002526315789)
(0.002431993815 0.04797115428 0.002210526316)
(0.002431993815 0.04797115428 0.002526315789)
(0.04056813984 0.06061590477 0.002210526316)
(0.04056813984 0.06061590477 0.002526315789)
(0.01913400548 -0.04650726707 0.002210526316)
(0.01913400548 -0.04650726707 0.002526315789)
(0.04923340921 -0.01413853125 0.002210526316)
(0.04923340921 -0.01413853125 0.002526315789)
(0.002388065544 -0.02335606169 0.002210526316)
(0.002388065544 -0.02335606169 0.002526315789)
(0.02777960175 -0.04658921559 0.002210526316)
(0.02777960175 -0.04658921559 0.002526315789)
(0.03595250228 -0.04618997048 0.002210526316)
(0.03595250228 -0.04618997048 0.002526315789)
(0.04382498055 -0.045573167 0.002210526316)
(0.04382498055 -0.045573167 0.002526315789)
(0.04427406282 -0.01231472467 0.002210526316)
(0.04427406282 -0.01231472467 0.002526315789)
(0.004407499073 0.08055510822 0.002210526316)
(0.004407499073 0.08055510822 0.002526315789)
(0.02501394676 -0.007114156826 0.002210526316)
(0.02501394676 -0.007114156826 0.002526315789)
(0.04559852632 -0.03698456947 0.002210526316)
(0.04559852632 -0.03698456947 0.002526315789)
(0.04706477583 -0.02871487352 0.002210526316)
(0.04706477583 -0.02871487352 0.002526315789)
(0.04878181984 -0.02152062176 0.002210526316)
(0.04878181984 -0.02152062176 0.002526315789)
(0.03965147522 0.06941428445 0.002210526316)
(0.03965147522 0.06941428445 0.002526315789)
(0.03953284751 0.0787215452 0.002210526316)
(0.03953284751 0.0787215452 0.002526315789)
(0.03952436197 0.08852715303 0.002210526316)
(0.03952436197 0.08852715303 0.002526315789)
(0.0396615422 0.09862820844 0.002210526316)
(0.0396615422 0.09862820844 0.002526315789)
(0.04017924527 0.1089449416 0.002210526316)
(0.04017924527 0.1089449416 0.002526315789)
(0.04021527838 0.1208833093 0.002210526316)
(0.04021527838 0.1208833093 0.002526315789)
(-0.007242276883 -0.009789954793 0.002210526316)
(-0.007242276883 -0.009789954793 0.002526315789)
(0.003822115198 -0.04002557537 0.002210526316)
(0.003822115198 -0.04002557537 0.002526315789)
(0.02433644238 -0.01148769634 0.002210526316)
(0.02433644238 -0.01148769634 0.002526315789)
(0.004017957411 0.111257887 0.002210526316)
(0.004017957411 0.111257887 0.002526315789)
(0.003872145902 0.07084256085 0.002210526316)
(0.003872145902 0.07084256085 0.002526315789)
(0.002576583941 0.1226840343 0.002210526316)
(0.002576583941 0.1226840343 0.002526315789)
(0.01996640647 0.05122454508 0.002210526316)
(0.01996640647 0.05122454508 0.002526315789)
(0.03244611551 0.05128958615 0.002210526316)
(0.03244611551 0.05128958615 0.002526315789)
(0.003086463103 0.06124297025 0.002210526316)
(0.003086463103 0.06124297025 0.002526315789)
(0.02928894146 0.1231576744 0.002210526316)
(0.02928894146 0.1231576744 0.002526315789)
(0.004028405885 -0.0313316611 0.002210526316)
(0.004028405885 -0.0313316611 0.002526315789)
(0.01961491327 0.1241745567 0.002210526316)
(0.01961491327 0.1241745567 0.002526315789)
(0.004599448877 0.1007358589 0.002210526316)
(0.004599448877 0.1007358589 0.002526315789)
(0.028682106 -0.01204680288 0.002210526316)
(0.028682106 -0.01204680288 0.002526315789)
(0.01065475706 -0.046636729 0.002210526316)
(0.01065475706 -0.046636729 0.002526315789)
(0.0006013024677 0.05252480782 0.002210526316)
(0.0006013024677 0.05252480782 0.002526315789)
(0.004657948895 0.0904778603 0.002210526316)
(0.004657948895 0.0904778603 0.002526315789)
(0.00242476876 -0.0113806227 0.002210526316)
(0.00242476876 -0.0113806227 0.002526315789)
(0.002564786629 -0.04808385785 0.002210526316)
(0.002564786629 -0.04808385785 0.002526315789)
(-0.002157769586 -0.0121551034 0.002210526316)
(-0.002157769586 -0.0121551034 0.002526315789)
(0.006070896341 -0.009851191 0.002210526316)
(0.006070896341 -0.009851191 0.002526315789)
(0.005168019106 0.05029007955 0.002210526316)
(0.005168019106 0.05029007955 0.002526315789)
(0.00601962777 0.05498937134 0.002210526316)
(0.00601962777 0.05498937134 0.002526315789)
(0.009019976415 0.05115028621 0.002210526316)
(0.009019976415 0.05115028621 0.002526315789)
(0.01273733031 0.0501968593 0.002210526316)
(0.01273733031 0.0501968593 0.002526315789)
(0.01628897416 0.05173831001 0.002210526316)
(0.01628897416 0.05173831001 0.002526315789)
(0.01939745346 0.05665430082 0.002210526316)
(0.01939745346 0.05665430082 0.002526315789)
(0.0233227392 0.0495057659 0.002210526316)
(0.0233227392 0.0495057659 0.002526315789)
(0.02637648364 0.05035809377 0.002210526316)
(0.02637648364 0.05035809377 0.002526315789)
(0.02902071424 0.05335945315 0.002210526316)
(0.02902071424 0.05335945315 0.002526315789)
(0.0362681304 0.05049130721 0.002210526316)
(0.0362681304 0.05049130721 0.002526315789)
(0.03972811854 0.05046022973 0.002210526316)
(0.03972811854 0.05046022973 0.002526315789)
(0.04005460321 -0.01141427682 0.002210526316)
(0.04005460321 -0.01141427682 0.002526315789)
(0.0109891939 0.1261151684 0.002210526316)
(0.0109891939 0.1261151684 0.002526315789)
(0.01984528784 -0.01854925473 0.002210526316)
(0.01984528784 -0.01854925473 0.002526315789)
(0.0191382601 -0.01097533137 0.002210526316)
(0.0191382601 -0.01097533137 0.002526315789)
(0.01336263177 0.08546315297 0.002210526316)
(0.01336263177 0.08546315297 0.002526315789)
(0.001500326872 -0.01673721734 0.002210526316)
(0.001500326872 -0.01673721734 0.002526315789)
(0.03649111155 -0.0099220048 0.002210526316)
(0.03649111155 -0.0099220048 0.002526315789)
(0.03048730508 -0.03806384419 0.002210526316)
(0.03048730508 -0.03806384419 0.002526315789)
(0.03823649718 -0.03781273044 0.002210526316)
(0.03823649718 -0.03781273044 0.002526315789)
(0.03284904341 -0.01150727236 0.002210526316)
(0.03284904341 -0.01150727236 0.002526315789)
(0.04017646619 -0.02985349077 0.002210526316)
(0.04017646619 -0.02985349077 0.002526315789)
(0.03053592357 0.06586355691 0.002210526316)
(0.03053592357 0.06586355691 0.002526315789)
(0.03262253978 0.1143769764 0.002210526316)
(0.03262253978 0.1143769764 0.002526315789)
(0.03090390747 0.0749013742 0.002210526316)
(0.03090390747 0.0749013742 0.002526315789)
(0.03093490038 0.08460989582 0.002210526316)
(0.03093490038 0.08460989582 0.002526315789)
(0.03102617085 0.09466309134 0.002210526316)
(0.03102617085 0.09466309134 0.002526315789)
(0.03129316242 0.1049709977 0.002210526316)
(0.03129316242 0.1049709977 0.002526315789)
(0.04097133986 -0.0155692969 0.002210526316)
(0.04097133986 -0.0155692969 0.002526315789)
(0.01000381477 -0.01190043426 0.002210526316)
(0.01000381477 -0.01190043426 0.002526315789)
(0.01439607602 -0.01021440516 0.002210526316)
(0.01439607602 -0.01021440516 0.002526315789)
(0.03145983063 -0.01730208395 0.002210526316)
(0.03145983063 -0.01730208395 0.002526315789)
(0.01436867994 -0.01605166674 0.002210526316)
(0.01436867994 -0.01605166674 0.002526315789)
(0.008292526543 -0.01852929721 0.002210526316)
(0.008292526543 -0.01852929721 0.002526315789)
(0.01295960576 0.07577473123 0.002210526316)
(0.01295960576 0.07577473123 0.002526315789)
(0.03635052498 -0.01573826279 0.002210526316)
(0.03635052498 -0.01573826279 0.002526315789)
(0.0121593436 0.06667162103 0.002210526316)
(0.0121593436 0.06667162103 0.002526315789)
(0.02270028707 0.1129500636 0.002210526316)
(0.02270028707 0.1129500636 0.002526315789)
(0.04295909976 0.05319706563 0.002210526316)
(0.04295909976 0.05319706563 0.002526315789)
(0.01336122111 0.1064073353 0.002210526316)
(0.01336122111 0.1064073353 0.002526315789)
(0.01370232423 -0.03649874158 0.002210526316)
(0.01370232423 -0.03649874158 0.002526315789)
(0.02573956739 -0.01833921558 0.002210526316)
(0.02573956739 -0.01833921558 0.002526315789)
(0.04509398893 -0.01708433015 0.002210526316)
(0.04509398893 -0.01708433015 0.002526315789)
(0.04163821524 -0.02204491356 0.002210526316)
(0.04163821524 -0.02204491356 0.002526315789)
(0.005855398034 -0.01373264283 0.002210526316)
(0.005855398034 -0.01373264283 0.002526315789)
(0.01225187009 0.1169127303 0.002210526316)
(0.01225187009 0.1169127303 0.002526315789)
(0.02608039691 0.05927308278 0.002210526316)
(0.02608039691 0.05927308278 0.002526315789)
(0.03281475623 0.05809265578 0.002210526316)
(0.03281475623 0.05809265578 0.002526315789)
(0.02274518364 -0.03889890686 0.002210526316)
(0.02274518364 -0.03889890686 0.002526315789)
(0.01347525064 0.09567426375 0.002210526316)
(0.01347525064 0.09567426375 0.002526315789)
(0.01227200849 0.05726433429 0.002210526316)
(0.01227200849 0.05726433429 0.002526315789)
(0.02294501955 -0.02858662481 0.002210526316)
(0.02294501955 -0.02858662481 0.002526315789)
(0.02208372546 0.08035920384 0.002210526316)
(0.02208372546 0.08035920384 0.002526315789)
(0.02226616849 0.09024770966 0.002210526316)
(0.02226616849 0.09024770966 0.002526315789)
(0.02233242934 0.1008495833 0.002210526316)
(0.02233242934 0.1008495833 0.002526315789)
(0.01275935937 -0.02517659255 0.002210526316)
(0.01275935937 -0.02517659255 0.002526315789)
(0.02393873419 0.0537545756 0.002210526316)
(0.02393873419 0.0537545756 0.002526315789)
(0.03745965196 0.05475153483 0.002210526316)
(0.03745965196 0.05475153483 0.002526315789)
(0.02007570362 0.06342864624 0.002210526316)
(0.02007570362 0.06342864624 0.002526315789)
(0.02156589144 0.07125711322 0.002210526316)
(0.02156589144 0.07125711322 0.002526315789)
(0.03280901438 -0.03046073325 0.002210526316)
(0.03280901438 -0.03046073325 0.002526315789)
(0.0355727534 -0.02318226706 0.002210526316)
(0.0355727534 -0.02318226706 0.002526315789)
(0.02945513429 -0.02379488038 0.002210526316)
(0.02945513429 -0.02379488038 0.002526315789)
(-0.02896215906 -0.07132633103 0.0188927636)
(-0.02740539765 -0.07132633103 0.0188927636)
(-0.02896215906 -0.0712554444 0.03792622155)
(-0.02740539765 -0.0712554444 0.03792622155)
(-0.02896215906 -0.07174919294 0.05812299955)
(-0.02740539765 -0.07174919294 0.05812299955)
(-0.02896215906 -0.07127251373 0.07823548932)
(-0.02740539765 -0.07127251373 0.07823548932)
(-0.02896215906 -0.06625206839 0.09503640379)
(-0.02740539765 -0.06627710648 0.09489336188)
(-0.02896215906 -0.04515096483 0.09507991509)
(-0.02740539765 -0.04515096483 0.09507991509)
(-0.02896215906 -0.02494578069 0.09482586383)
(-0.02740539765 -0.02494578069 0.09482586383)
(-0.02896215906 -0.005015362301 0.09466253141)
(-0.02740539765 -0.005015362301 0.09466253141)
(-0.02896215906 0.01501113191 0.09476948959)
(-0.02740539765 0.01501113191 0.09476948959)
(-0.02896215906 0.03503082383 0.09481067963)
(-0.02740539765 0.03503082383 0.09481067963)
(-0.02896215906 0.05503578144 0.09482715819)
(-0.02740539765 0.05503578144 0.09482715819)
(-0.02896215906 0.07503942015 0.09482632187)
(-0.02740539765 0.07503942015 0.09482632187)
(-0.02896215906 0.09506043405 0.09482179616)
(-0.02740539765 0.09506043405 0.09482179616)
(-0.02896215906 0.1150529817 0.09484640324)
(-0.02740539765 0.1150529817 0.09484640324)
(-0.02896215906 0.1347978999 0.09457983949)
(-0.02740539765 0.1347978999 0.09457983949)
(-0.02896215906 0.1510382177 0.01666261032)
(-0.02740539765 0.1510382177 0.01666261032)
(-0.02896215906 0.1511741883 0.02763877248)
(-0.02740539765 0.1511741883 0.02763877248)
(-0.02896215906 0.1512720012 0.03815899539)
(-0.02740539765 0.1512720012 0.03815899539)
(-0.02896215906 0.1512381823 0.04852989765)
(-0.02740539765 0.1512381823 0.04852989765)
(-0.02896215906 0.1512564124 0.05881070047)
(-0.02740539765 0.1512564124 0.05881070047)
(-0.02896215906 0.1515872938 0.06891118184)
(-0.02740539765 0.1515872938 0.06891118184)
(-0.02896215906 0.1513983087 0.07931317821)
(-0.02740539765 0.1513983087 0.07931317821)
(-0.02896215906 0.1513266768 0.08986259645)
(-0.02740539765 0.1513266768 0.08986259645)
(-0.02896215906 -0.06593537385 0.01108281438)
(-0.02740539765 -0.06594619685 0.01114523634)
(-0.02896215906 -0.05507805961 0.01156654172)
(-0.02740539765 -0.05507805961 0.01156654172)
(-0.02896215906 -0.04444874524 0.01120257512)
(-0.02740539765 -0.04444874524 0.01120257512)
(-0.02896215906 -0.03414811283 0.0109686679)
(-0.02740539765 -0.03414811283 0.0109686679)
(-0.02896215906 -0.0240339279 0.01088032373)
(-0.02740539765 -0.0240339279 0.01088032373)
(-0.02896215906 -0.01400731717 0.01086731721)
(-0.02740539765 -0.01400731717 0.01086731721)
(-0.02896215906 -0.004021065108 0.01089773437)
(-0.02740539765 -0.004021065108 0.01089773437)
(-0.02896215906 0.005950724824 0.01094150764)
(-0.02740539765 0.005950724824 0.01094150764)
(-0.02896215906 0.01592462409 0.01097631046)
(-0.02740539765 0.01592462409 0.01097631046)
(-0.02896215906 0.02590704782 0.01099621186)
(-0.02740539765 0.02590704782 0.01099621186)
(-0.02896215906 0.03589745524 0.01100499091)
(-0.02740539765 0.03589745524 0.01100499091)
(-0.02896215906 0.04589294147 0.01100849718)
(-0.02740539765 0.04589294147 0.01100849718)
(-0.02896215906 0.0558909536 0.01101090751)
(-0.02740539765 0.0558909536 0.01101090751)
(-0.02896215906 0.06588947155 0.01101419519)
(-0.02740539765 0.06588947155 0.01101419519)
(-0.02896215906 0.07588568427 0.01101723028)
(-0.02740539765 0.07588568427 0.01101723028)
(-0.02896215906 0.08587290638 0.01101094577)
(-0.02740539765 0.08587290638 0.01101094577)
(-0.02896215906 0.09583440674 0.010965772)
(-0.02740539765 0.09583440674 0.010965772)
(-0.02896215906 0.1057377366 0.01081054469)
(-0.02740539765 0.1057377366 0.01081054469)
(-0.02896215906 0.1155678286 0.01048335007)
(-0.02740539765 0.1155678286 0.01048335007)
(-0.02896215906 0.1253371946 0.01018170555)
(-0.02740539765 0.1253371946 0.01018170555)
(-0.02896215906 0.1340665204 0.009140152609)
(-0.02740539765 0.1340665204 0.009140152609)
(-0.02896215906 0.142162881 0.01221651845)
(-0.02740539765 0.142162881 0.01221651845)
(-0.02896215906 -0.07083288826 0.02795894112)
(-0.02740539765 -0.07083288826 0.02795894112)
(-0.02896215906 -0.0716205086 0.04803683392)
(-0.02740539765 -0.0716205086 0.04803683392)
(-0.02896215906 -0.07162302886 0.06824229075)
(-0.02740539765 -0.07162302886 0.06824229075)
(-0.02896215906 -0.07167009948 0.08726342104)
(-0.02740539765 -0.07167009948 0.08726342104)
(-0.02896215906 -0.05561727397 0.09476175737)
(-0.02740539765 -0.05561727397 0.09476175737)
(-0.02896215906 -0.03495624268 0.09504117003)
(-0.02740539765 -0.03495624268 0.09504117003)
(-0.02896215906 -0.01498820745 0.09468794795)
(-0.02740539765 -0.01498820745 0.09468794795)
(-0.02896215906 0.004994736718 0.09472015883)
(-0.02740539765 0.004994736718 0.09472015883)
(-0.02896215906 0.02502107544 0.09478649647)
(-0.02740539765 0.02502107544 0.09478649647)
(-0.02896215906 0.04503456168 0.09481773366)
(-0.02740539765 0.04503456168 0.09481773366)
(-0.02896215906 0.06503782686 0.09481703298)
(-0.02740539765 0.06503782686 0.09481703298)
(-0.02896215906 0.08504899207 0.09481745345)
(-0.02740539765 0.08504899207 0.09481745345)
(-0.02896215906 0.1050652591 0.09481941215)
(-0.02740539765 0.1050652591 0.09481941215)
(-0.02896215906 0.1250422292 0.09471233829)
(-0.02740539765 0.1250422292 0.09471233829)
(-0.02896215906 0.1436435849 0.09527709497)
(-0.02740539765 0.1436435849 0.09527709497)
(-0.02896215906 -0.06201787536 0.03318206084)
(-0.02740539765 -0.06201787536 0.03318206084)
(-0.02896215906 -0.06164888244 0.08461834534)
(-0.02740539765 -0.06164888244 0.08461834534)
(-0.02896215906 -0.06349282459 0.05325790665)
(-0.02740539765 -0.06349282459 0.05325790665)
(-0.02896215906 -0.03986831936 0.08639276736)
(-0.02740539765 -0.03986831936 0.08639276736)
(-0.02896215906 -0.02000628763 0.08536175587)
(-0.02740539765 -0.02000628763 0.08536175587)
(-0.02896215906 -0.05023920891 0.08620816821)
(-0.02740539765 -0.05023920891 0.08620816821)
(-0.02896215906 -2.081426961e-05 0.08537284373)
(-0.02740539765 -2.081426961e-05 0.08537284373)
(-0.02896215906 0.02004434464 0.08554286753)
(-0.02740539765 0.02004434464 0.08554286753)
(-0.02896215906 0.0400689974 0.08561619817)
(-0.02740539765 0.0400689974 0.08561619817)
(-0.02896215906 0.06007316008 0.08563825691)
(-0.02740539765 0.06007316008 0.08563825691)
(-0.02896215906 0.08008107322 0.08564057621)
(-0.02740539765 0.08008107322 0.08564057621)
(-0.02896215906 0.1001447183 0.08561334796)
(-0.02740539765 0.1001447183 0.08561334796)
(-0.02896215906 0.1200760086 0.08576623227)
(-0.02740539765 0.1200760086 0.08576623227)
(-0.02896215906 -0.01006053458 0.0852289434)
(-0.02740539765 -0.01006053458 0.0852289434)
(-0.02896215906 -0.06302664256 0.07326528059)
(-0.02740539765 -0.06302664256 0.07326528059)
(-0.02896215906 -0.06303323742 0.04332765772)
(-0.02740539765 -0.06303323742 0.04332765772)
(-0.02896215906 -0.06074653486 0.02185249216)
(-0.02740539765 -0.06074653486 0.02185249216)
(-0.02896215906 -0.0299009684 0.08583377732)
(-0.02740539765 -0.0299009684 0.08583377732)
(-0.02896215906 0.1422205253 0.02284286917)
(-0.02740539765 0.1422205253 0.02284286917)
(-0.02896215906 0.1411935704 0.08461493964)
(-0.02740539765 0.1411935704 0.08461493964)
(-0.02896215906 0.1426258061 0.03349768218)
(-0.02740539765 0.1426258061 0.03349768218)
(-0.02896215906 0.1425771833 0.04393542181)
(-0.02740539765 0.1425771833 0.04393542181)
(-0.02896215906 0.1424059962 0.05445768058)
(-0.02740539765 0.1424059962 0.05445768058)
(-0.02896215906 0.142521486 0.06489216864)
(-0.02740539765 0.142521486 0.06489216864)
(-0.02896215906 0.1438598621 0.07430785656)
(-0.02740539765 0.1438598621 0.07430785656)
(-0.02896215906 -0.04881778853 0.02053606425)
(-0.02740539765 -0.04881778853 0.02053606425)
(-0.02896215906 -0.03816987219 0.01996770774)
(-0.02740539765 -0.03816987219 0.01996770774)
(-0.02896215906 -0.02797694979 0.01977072955)
(-0.02740539765 -0.02797694979 0.01977072955)
(-0.02896215906 -0.01794770529 0.01971751312)
(-0.02740539765 -0.01794770529 0.01971751312)
(-0.02896215906 -0.007989408696 0.0197697783)
(-0.02740539765 -0.007989408696 0.0197697783)
(-0.02896215906 0.001941601517 0.01986860031)
(-0.02740539765 0.001941601517 0.01986860031)
(-0.02896215906 0.01188025695 0.01995233851)
(-0.02740539765 0.01188025695 0.01995233851)
(-0.02896215906 0.02183950527 0.02000152339)
(-0.02740539765 0.02183950527 0.02000152339)
(-0.02896215906 0.03181703008 0.02002303717)
(-0.02740539765 0.03181703008 0.02002303717)
(-0.02896215906 0.04180587982 0.02003061154)
(-0.02740539765 0.04180587982 0.02003061154)
(-0.02896215906 0.05180062216 0.02003435825)
(-0.02740539765 0.05180062216 0.02003435825)
(-0.02896215906 0.0617982574 0.02003976551)
(-0.02740539765 0.0617982574 0.02003976551)
(-0.02896215906 0.07179700415 0.02004922458)
(-0.02740539765 0.07179700415 0.02004922458)
(-0.02896215906 0.081794983 0.02005780914)
(-0.02740539765 0.081794983 0.02005780914)
(-0.02896215906 0.09178397015 0.020040386)
(-0.02740539765 0.09178397015 0.020040386)
(-0.02896215906 0.101732824 0.01991402528)
(-0.02740539765 0.101732824 0.01991402528)
(-0.02896215906 0.1115463638 0.01944470733)
(-0.02740539765 0.1115463638 0.01944470733)
(-0.02896215906 0.121261928 0.01848060459)
(-0.02740539765 0.121261928 0.01848060459)
(-0.02896215906 0.132376211 0.01836485046)
(-0.02740539765 0.132376211 0.01836485046)
(-0.02896215906 -0.06354974202 0.06309326611)
(-0.02740539765 -0.06354974202 0.06309326611)
(-0.02896215906 0.1303351389 0.08510057646)
(-0.02740539765 0.1303351389 0.08510057646)
(-0.02896215906 0.03006322941 0.08560396937)
(-0.02740539765 0.03006322941 0.08560396937)
(-0.02896215906 0.01001995611 0.08548659615)
(-0.02740539765 0.01001995611 0.08548659615)
(-0.02896215906 0.05007052219 0.08561829658)
(-0.02740539765 0.05007052219 0.08561829658)
(-0.02896215906 0.07007057109 0.08561626392)
(-0.02740539765 0.07007057109 0.08561626392)
(-0.02896215906 0.09010678336 0.08562796028)
(-0.02740539765 0.09010678336 0.08562796028)
(-0.02896215906 0.1101624482 0.08565069069)
(-0.02740539765 0.1101624482 0.08565069069)
(-0.02896215906 0.1339682826 0.07321365566)
(-0.02740539765 0.1339682826 0.07321365566)
(-0.02896215906 -0.05536388757 0.05819427069)
(-0.02740539765 -0.05536388757 0.05819427069)
(-0.02896215906 0.1154030543 0.07636630548)
(-0.02740539765 0.1154030543 0.07636630548)
(-0.02896215906 0.02509140666 0.07627861645)
(-0.02740539765 0.02509140666 0.07627861645)
(-0.02896215906 -0.04442017521 0.07827007972)
(-0.02740539765 -0.04442017521 0.07827007972)
(-0.02896215906 0.05510726218 0.07636580461)
(-0.02740539765 0.05510726218 0.07636580461)
(-0.02896215906 -0.05421692999 0.03946356543)
(-0.02740539765 -0.05421692999 0.03946356543)
(-0.02896215906 0.04510437885 0.07634645282)
(-0.02740539765 0.04510437885 0.07634645282)
(-0.02896215906 0.01507508634 0.07622075836)
(-0.02740539765 0.01507508634 0.07622075836)
(-0.02896215906 0.07509487826 0.07635557517)
(-0.02740539765 0.07509487826 0.07635557517)
(-0.02896215906 0.09518269405 0.07636544788)
(-0.02740539765 0.09518269405 0.07636544788)
(-0.02896215906 0.1246526025 0.07723566776)
(-0.02740539765 0.1246526025 0.07723566776)
(-0.02896215906 -0.05204675158 0.03005134673)
(-0.02740539765 -0.05204675158 0.03005134673)
(-0.02896215906 -0.01524946846 0.07550277248)
(-0.02740539765 -0.01524946846 0.07550277248)
(-0.02896215906 0.1340281945 0.03918184293)
(-0.02740539765 0.1340281945 0.03918184293)
(-0.02896215906 0.1338127715 0.04964916916)
(-0.02740539765 0.1338127715 0.04964916916)
(-0.02896215906 0.1332613212 0.06079936221)
(-0.02740539765 0.1332613212 0.06079936221)
(-0.02896215906 -0.04167177456 0.02897687736)
(-0.02740539765 -0.04167177456 0.02897687736)
(-0.02896215906 -0.05413641043 0.07721006838)
(-0.02740539765 -0.05413641043 0.07721006838)
(-0.02896215906 -0.0316501963 0.02873560562)
(-0.02740539765 -0.0316501963 0.02873560562)
(-0.02896215906 -0.02171213721 0.02858756841)
(-0.02740539765 -0.02171213721 0.02858756841)
(-0.02896215906 -0.0118230476 0.02863553443)
(-0.02740539765 -0.0118230476 0.02863553443)
(-0.02896215906 -0.00197089972 0.02881563265)
(-0.02740539765 -0.00197089972 0.02881563265)
(-0.02896215906 0.0079064512 0.02897637236)
(-0.02740539765 0.0079064512 0.02897637236)
(-0.02896215906 0.01782904622 0.02907299187)
(-0.02740539765 0.01782904622 0.02907299187)
(-0.02896215906 0.02778686507 0.02911508593)
(-0.02740539765 0.02778686507 0.02911508593)
(-0.02896215906 0.03776491085 0.02912915985)
(-0.02740539765 0.03776491085 0.02912915985)
(-0.02896215906 0.04775287986 0.02913444762)
(-0.02740539765 0.04775287986 0.02913444762)
(-0.02896215906 0.05774722321 0.02913941453)
(-0.02740539765 0.05774722321 0.02913941453)
(-0.02896215906 0.06774492319 0.02915144038)
(-0.02740539765 0.06774492319 0.02915144038)
(-0.02896215906 0.07775071357 0.02917126488)
(-0.02740539765 0.07775071357 0.02917126488)
(-0.02896215906 0.08777304073 0.02919210124)
(-0.02740539765 0.08777304073 0.02919210124)
(-0.02896215906 0.09782935287 0.02916997887)
(-0.02740539765 0.09782935287 0.02916997887)
(-0.02896215906 0.1079021279 0.02897120792)
(-0.02740539765 0.1079021279 0.02897120792)
(-0.02896215906 0.1175612019 0.02779354463)
(-0.02740539765 0.1175612019 0.02779354463)
(-0.02896215906 -0.05554933485 0.06750300521)
(-0.02740539765 -0.05554933485 0.06750300521)
(-0.02896215906 0.1053111792 0.07635295432)
(-0.02740539765 0.1053111792 0.07635295432)
(-0.02896215906 -0.05529780219 0.04895077786)
(-0.02740539765 -0.05529780219 0.04895077786)
(-0.02896215906 0.005030603 0.07608927965)
(-0.02740539765 0.005030603 0.07608927965)
(-0.02896215906 -0.03493785115 0.077229072)
(-0.02740539765 -0.03493785115 0.077229072)
(-0.02896215906 0.03510078838 0.07632655891)
(-0.02740539765 0.03510078838 0.07632655891)
(-0.02896215906 0.1340908595 0.02907596609)
(-0.02740539765 0.1340908595 0.02907596609)
(-0.02896215906 0.06508789773 0.07633742031)
(-0.02740539765 0.06508789773 0.07633742031)
(-0.02896215906 0.08511620319 0.07636751253)
(-0.02740539765 0.08511620319 0.07636751253)
(-0.02896215906 -0.005081821311 0.0757950565)
(-0.02740539765 -0.005081821311 0.0757950565)
(-0.02896215906 0.1261686717 0.02560396415)
(-0.02740539765 0.1261686717 0.02560396415)
(-0.02896215906 -0.02520745873 0.07597310764)
(-0.02740539765 -0.02520745873 0.07597310764)
(-0.02896215906 0.0600866848 0.06693007914)
(-0.02740539765 0.0600866848 0.06693007914)
(-0.02896215906 5.674693633e-05 0.06644875611)
(-0.02740539765 5.674693633e-05 0.06644875611)
(-0.02896215906 0.08006437861 0.0669622825)
(-0.02740539765 0.08006437861 0.0669622825)
(-0.02896215906 -0.04766898261 0.04549669669)
(-0.02740539765 -0.04766898261 0.04549669669)
(-0.02896215906 -0.04451061214 0.0377710371)
(-0.02740539765 -0.04451061214 0.0377710371)
(-0.02896215906 -0.03500239909 0.03795105647)
(-0.02740539765 -0.03500239909 0.03795105647)
(-0.02896215906 0.1252994927 0.03442733318)
(-0.02740539765 0.1252994927 0.03442733318)
(-0.02896215906 0.04010941131 0.06692261737)
(-0.02740539765 0.04010941131 0.06692261737)
(-0.02896215906 0.07007316076 0.06693886581)
(-0.02740539765 0.07007316076 0.06693886581)
(-0.02896215906 0.02013264278 0.06686325432)
(-0.02740539765 0.02013264278 0.06686325432)
(-0.02896215906 0.1254688066 0.04415708762)
(-0.02740539765 0.1254688066 0.04415708762)
(-0.02896215906 0.03010653511 0.0668883223)
(-0.02740539765 0.03010653511 0.0668883223)
(-0.02896215906 0.1249259264 0.0548324265)
(-0.02740539765 0.1249259264 0.0548324265)
(-0.02896215906 -0.02526533248 0.03753624907)
(-0.02740539765 -0.02526533248 0.03753624907)
(-0.02896215906 -0.01548831495 0.03747721106)
(-0.02740539765 -0.01548831495 0.03747721106)
(-0.02896215906 -0.005800019001 0.03780303182)
(-0.02740539765 -0.005800019001 0.03780303182)
(-0.02896215906 0.003963752252 0.0380895992)
(-0.02740539765 0.003963752252 0.0380895992)
(-0.02896215906 0.01383216506 0.03826198525)
(-0.02740539765 0.01383216506 0.03826198525)
(-0.02896215906 0.02376726588 0.03833871759)
(-0.02740539765 0.02376726588 0.03833871759)
(-0.02896215906 0.03372912153 0.03836004402)
(-0.02740539765 0.03372912153 0.03836004402)
(-0.02896215906 0.04370355396 0.03837266802)
(-0.02740539765 0.04370355396 0.03837266802)
(-0.02896215906 0.05369212068 0.03837198657)
(-0.02740539765 0.05369212068 0.03837198657)
(-0.02896215906 0.06368139594 0.03838698285)
(-0.02740539765 0.06368139594 0.03838698285)
(-0.02896215906 0.07368118511 0.03840226423)
(-0.02740539765 0.07368118511 0.03840226423)
(-0.02896215906 0.08369457006 0.0384452711)
(-0.02740539765 0.08369457006 0.0384452711)
(-0.02896215906 0.09377666833 0.03848027327)
(-0.02740539765 0.09377666833 0.03848027327)
(-0.02896215906 0.1040442323 0.03848844263)
(-0.02740539765 0.1040442323 0.03848844263)
(-0.02896215906 0.1152560101 0.0385665503)
(-0.02740539765 0.1152560101 0.0385665503)
(-0.02896215906 -0.01010914199 0.06593807032)
(-0.02740539765 -0.01010914199 0.06593807032)
(-0.02896215906 0.01010456149 0.06673335671)
(-0.02740539765 0.01010456149 0.06673335671)
(-0.02896215906 0.05011193262 0.06694708461)
(-0.02740539765 0.05011193262 0.06694708461)
(-0.02896215906 0.1107216893 0.06698118398)
(-0.02740539765 0.1107216893 0.06698118398)
(-0.02896215906 -0.04736690925 0.06290493271)
(-0.02740539765 -0.04736690925 0.06290493271)
(-0.02896215906 0.1226294162 0.06659163152)
(-0.02740539765 0.1226294162 0.06659163152)
(-0.02896215906 0.0900986157 0.06698222097)
(-0.02740539765 0.0900986157 0.06698222097)
(-0.02896215906 -0.04828033443 0.07107687026)
(-0.02740539765 -0.04828033443 0.07107687026)
(-0.02896215906 -0.02106692602 0.06465740773)
(-0.02740539765 -0.02106692602 0.06465740773)
(-0.02896215906 -0.04693502444 0.05395084293)
(-0.02740539765 -0.04693502444 0.05395084293)
(-0.02896215906 0.1002611171 0.06702058838)
(-0.02740539765 0.1002611171 0.06702058838)
(-0.02896215906 -0.04029782125 0.06929472082)
(-0.02740539765 -0.04029782125 0.06929472082)
(-0.02896215906 0.005124049171 0.0570477067)
(-0.02740539765 0.005124049171 0.0570477067)
(-0.02896215906 0.08490075224 0.0574341651)
(-0.02740539765 0.08490075224 0.0574341651)
(-0.02896215906 -0.00463027877 0.05665286042)
(-0.02740539765 -0.00463027877 0.05665286042)
(-0.02896215906 -0.03846023756 0.04815500756)
(-0.02740539765 -0.03846023756 0.04815500756)
(-0.02896215906 -0.03130078294 0.06721074316)
(-0.02740539765 -0.03130078294 0.06721074316)
(-0.02896215906 -0.02859203676 0.046648062)
(-0.02740539765 -0.02859203676 0.046648062)
(-0.02896215906 0.1179917513 0.04859355086)
(-0.02740539765 0.1179917513 0.04859355086)
(-0.02896215906 -0.01898581904 0.04614964504)
(-0.02740539765 -0.01898581904 0.04614964504)
(-0.02896215906 -0.009690826618 0.04683327457)
(-0.02740539765 -0.009690826618 0.04683327457)
(-0.02896215906 -0.0001420032686 0.04731664167)
(-0.02740539765 -0.0001420032686 0.04731664167)
(-0.02896215906 0.009674567325 0.04759397744)
(-0.02740539765 0.009674567325 0.04759397744)
(-0.02896215906 0.01960975707 0.0477302294)
(-0.02740539765 0.01960975707 0.0477302294)
(-0.02896215906 0.0295858417 0.04775860498)
(-0.02740539765 0.0295858417 0.04775860498)
(-0.02896215906 0.03948729285 0.04778819311)
(-0.02740539765 0.03948729285 0.04778819311)
(-0.02896215906 0.04951738324 0.04777330868)
(-0.02740539765 0.04951738324 0.04777330868)
(-0.02896215906 0.05944490357 0.04780211501)
(-0.02740539765 0.05944490357 0.04780211501)
(-0.02896215906 0.06948763131 0.04779373489)
(-0.02740539765 0.06948763131 0.04779373489)
(-0.02896215906 0.07941301 0.04785070886)
(-0.02740539765 0.07941301 0.04785070886)
(-0.02896215906 0.08945309635 0.04789998358)
(-0.02740539765 0.08945309635 0.04789998358)
(-0.02896215906 0.09948917534 0.04796651537)
(-0.02740539765 0.09948917534 0.04796651537)
(-0.02896215906 0.1150596733 0.05747969377)
(-0.02740539765 0.1150596733 0.05747969377)
(-0.02896215906 0.04500051107 0.05735580857)
(-0.02740539765 0.04500051107 0.05735580857)
(-0.02896215906 0.09495596447 0.05751841712)
(-0.02740539765 0.09495596447 0.05751841712)
(-0.02896215906 0.02507866237 0.05733072074)
(-0.02740539765 0.02507866237 0.05733072074)
(-0.02896215906 0.1049892899 0.05758343129)
(-0.02740539765 0.1049892899 0.05758343129)
(-0.02896215906 -0.03882162077 0.05951884399)
(-0.02740539765 -0.03882162077 0.05951884399)
(-0.02896215906 0.07493916968 0.05739200686)
(-0.02740539765 0.07493916968 0.05739200686)
(-0.02896215906 0.0649962264 0.05736099821)
(-0.02740539765 0.0649962264 0.05736099821)
(-0.02896215906 0.03502901474 0.05735037793)
(-0.02740539765 0.03502901474 0.05735037793)
(-0.02896215906 -0.0140772782 0.05586441973)
(-0.02740539765 -0.0140772782 0.05586441973)
(-0.02896215906 0.109230516 0.04806118478)
(-0.02740539765 0.109230516 0.04806118478)
(-0.02896215906 0.0150567305 0.05727536537)
(-0.02740539765 0.0150567305 0.05727536537)
(-0.02896215906 0.05495370116 0.05736489275)
(-0.02740539765 0.05495370116 0.05736489275)
(-0.02896215906 -0.02245021058 0.05408925417)
(-0.02740539765 -0.02245021058 0.05408925417)
(-0.02896215906 -0.03020460725 0.0567787961)
(-0.02740539765 -0.03020460725 0.0567787961)
(-0.02896215906 -0.08 0.0122)
(-0.02740539765 -0.08 0.0122)
(-0.02896215906 -0.08 0.0224)
(-0.02740539765 -0.08 0.0224)
(-0.02896215906 -0.08 0.0326)
(-0.02740539765 -0.08 0.0326)
(-0.02896215906 -0.08 0.0428)
(-0.02740539765 -0.08 0.0428)
(-0.02896215906 -0.08 0.053)
(-0.02740539765 -0.08 0.053)
(-0.02896215906 -0.08 0.0632)
(-0.02740539765 -0.08 0.0632)
(-0.02896215906 -0.08 0.0734)
(-0.02740539765 -0.08 0.0734)
(-0.02896215906 -0.08 0.0836)
(-0.02740539765 -0.08 0.0836)
(-0.02896215906 -0.08 0.0938)
(-0.02740539765 -0.08 0.0938)
(-0.02896215906 -0.08 0.1029621591)
(-0.02740539765 -0.08 0.1014053976)
(-0.02896215906 -0.07 0.1029621591)
(-0.02740539765 -0.07 0.1014053976)
(-0.02896215906 -0.06 0.1029621591)
(-0.02740539765 -0.06 0.1014053976)
(-0.02896215906 -0.05 0.1029621591)
(-0.02740539765 -0.05 0.1014053976)
(-0.02896215906 -0.04 0.1029621591)
(-0.02740539765 -0.04 0.1014053976)
(-0.02896215906 -0.03 0.1029621591)
(-0.02740539765 -0.03 0.1014053976)
(-0.02896215906 -0.02 0.1029621591)
(-0.02740539765 -0.02 0.1014053976)
(-0.02896215906 -0.01 0.1029621591)
(-0.02740539765 -0.01 0.1014053976)
(-0.02896215906 -2.273736754e-16 0.1029621591)
(-0.02740539765 -2.273736754e-16 0.1014053976)
(-0.02896215906 0.01 0.1029621591)
(-0.02740539765 0.01 0.1014053976)
(-0.02896215906 0.02 0.1029621591)
(-0.02740539765 0.02 0.1014053976)
(-0.02896215906 0.03 0.1029621591)
(-0.02740539765 0.03 0.1014053976)
(-0.02896215906 0.04 0.1029621591)
(-0.02740539765 0.04 0.1014053976)
(-0.02896215906 0.05 0.1029621591)
(-0.02740539765 0.05 0.1014053976)
(-0.02896215906 0.06 0.1029621591)
(-0.02740539765 0.06 0.1014053976)
(-0.02896215906 0.07 0.1029621591)
(-0.02740539765 0.07 0.1014053976)
(-0.02896215906 0.08 0.1029621591)
(-0.02740539765 0.08 0.1014053976)
(-0.02896215906 0.09 0.1029621591)
(-0.02740539765 0.09 0.1014053976)
(-0.02896215906 0.1 0.1029621591)
(-0.02740539765 0.1 0.1014053976)
(-0.02896215906 0.11 0.1029621591)
(-0.02740539765 0.11 0.1014053976)
(-0.02896215906 0.12 0.1029621591)
(-0.02740539765 0.12 0.1014053976)
(-0.02896215906 0.13 0.1029621591)
(-0.02740539765 0.13 0.1014053976)
(-0.02896215906 0.14 0.1029621591)
(-0.02740539765 0.14 0.1014053976)
(-0.02896215906 0.15 0.1029621591)
(-0.02740539765 0.15 0.1014053976)
(-0.02896215906 0.16 0.1029621591)
(-0.02740539765 0.16 0.1014053976)
(-0.02896215906 0.16 0.0122)
(-0.02740539765 0.16 0.0122)
(-0.02896215906 0.16 0.0224)
(-0.02740539765 0.16 0.0224)
(-0.02896215906 0.16 0.0326)
(-0.02740539765 0.16 0.0326)
(-0.02896215906 0.16 0.0428)
(-0.02740539765 0.16 0.0428)
(-0.02896215906 0.16 0.053)
(-0.02740539765 0.16 0.053)
(-0.02896215906 0.16 0.0632)
(-0.02740539765 0.16 0.0632)
(-0.02896215906 0.16 0.0734)
(-0.02740539765 0.16 0.0734)
(-0.02896215906 0.16 0.0836)
(-0.02740539765 0.16 0.0836)
(-0.02896215906 0.16 0.0938)
(-0.02740539765 0.16 0.0938)
(0.07096215906 -0.08 0.0122)
(0.06940539765 -0.08 0.0122)
(0.07096215906 -0.08 0.0224)
(0.06940539765 -0.08 0.0224)
(0.07096215906 -0.08 0.0326)
(0.06940539765 -0.08 0.0326)
(0.07096215906 -0.08 0.0428)
(0.06940539765 -0.08 0.0428)
(0.07096215906 -0.08 0.053)
(0.06940539765 -0.08 0.053)
(0.07096215906 -0.08 0.0632)
(0.06940539765 -0.08 0.0632)
(0.07096215906 -0.08 0.0734)
(0.06940539765 -0.08 0.0734)
(0.07096215906 -0.08 0.0836)
(0.06940539765 -0.08 0.0836)
(0.07096215906 -0.08 0.0938)
(0.06940539765 -0.08 0.0938)
(0.07096215906 -0.08 0.1029621591)
(0.06940539765 -0.08 0.1014053976)
(-0.0198 -0.08 0.1029621591)
(-0.0198 -0.08 0.1014053976)
(-0.0096 -0.08 0.1029621591)
(-0.0096 -0.08 0.1014053976)
(0.0006 -0.08 0.1029621591)
(0.0006 -0.08 0.1014053976)
(0.0108 -0.08 0.1029621591)
(0.0108 -0.08 0.1014053976)
(0.021 -0.08 0.1029621591)
(0.021 -0.08 0.1014053976)
(0.0312 -0.08 0.1029621591)
(0.0312 -0.08 0.1014053976)
(0.0414 -0.08 0.1029621591)
(0.0414 -0.08 0.1014053976)
(0.0516 -0.08 0.1029621591)
(0.0516 -0.08 0.1014053976)
(0.0618 -0.08 0.1029621591)
(0.0618 -0.08 0.1014053976)
(-0.02109019789 -0.06629773389 0.1029621591)
(-0.02094758664 -0.06632236128 0.1014053976)
(-0.02089691823 -0.05576688362 0.1029621591)
(-0.02089691823 -0.05576688362 0.1014053976)
(-0.02122894933 -0.04540394562 0.1029621591)
(-0.02122894933 -0.04540394562 0.1014053976)
(-0.02114717776 -0.03530441943 0.1029621591)
(-0.02114717776 -0.03530441943 0.1014053976)
(-0.02097101415 -0.02534437476 0.1029621591)
(-0.02097101415 -0.02534437476 0.1014053976)
(-0.02100716673 -0.01532922798 0.1029621591)
(-0.02100716673 -0.01532922798 0.1014053976)
(-0.02115788044 -0.005254204952 0.1029621591)
(-0.02115788044 -0.005254204952 0.1014053976)
(-0.0212973544 0.004838363956 0.1029621591)
(-0.0212973544 0.004838363956 0.1014053976)
(-0.02137688423 0.01491058053 0.1029621591)
(-0.02137688423 0.01491058053 0.1014053976)
(-0.02141139951 0.02495273713 0.1029621591)
(-0.02141139951 0.02495273713 0.1014053976)
(-0.02142640242 0.03497273212 0.1029621591)
(-0.02142640242 0.03497273212 0.1014053976)
(-0.02143411455 0.04497806063 0.1029621591)
(-0.02143411455 0.04497806063 0.1014053976)
(-0.02143899183 0.05497237923 0.1029621591)
(-0.02143899183 0.05497237923 0.1014053976)
(-0.02144164386 0.06495521985 0.1029621591)
(-0.02144164386 0.06495521985 0.1014053976)
(-0.02143995414 0.07492162892 0.1029621591)
(-0.02143995414 0.07492162892 0.1014053976)
(-0.02143127272 0.08485908769 0.1029621591)
(-0.02143127272 0.08485908769 0.1014053976)
(-0.02142444649 0.09474176823 0.1029621591)
(-0.02142444649 0.09474176823 0.1014053976)
(-0.02144975118 0.1045368467 0.1029621591)
(-0.02144975118 0.1045368467 0.1014053976)
(-0.02152036178 0.1142320615 0.1029621591)
(-0.02152036178 0.1142320615 0.1014053976)
(-0.02158417828 0.1238266778 0.1029621591)
(-0.02158263529 0.1238267003 0.1014053976)
(-0.02153875359 0.1332854481 0.1029621591)
(-0.02153875359 0.1332854481 0.1014053976)
(-0.02130069615 0.14252563 0.1029621591)
(-0.02130069615 0.14252563 0.1014053976)
(-0.0207930061 0.1514500191 0.1029621591)
(-0.0207930061 0.1514500191 0.1014053976)
(-0.01333750516 -0.0717126565 0.1029621591)
(-0.01333750516 -0.0717126565 0.1014053976)
(0.005509472839 -0.07155325464 0.1029621591)
(0.005509472839 -0.07155325464 0.1014053976)
(0.02555283335 -0.07142035405 0.1029621591)
(0.02555283335 -0.07142035405 0.1014053976)
(0.04584703525 -0.07086802553 0.1029621591)
(0.04584703525 -0.07086802553 0.1014053976)
(0.06286362955 -0.06603342925 0.1029621591)
(0.06280155784 -0.06604393803 0.1014053976)
(0.06286964038 -0.04483731261 0.1029621591)
(0.06286964038 -0.04483731261 0.1014053976)
(0.06334731996 -0.02466958235 0.1029621591)
(0.06334731996 -0.02466958235 0.1014053976)
(0.06350895781 -0.004835016867 0.1029621591)
(0.06350895781 -0.004835016867 0.1014053976)
(0.06350472667 0.01504745429 0.1029621591)
(0.06350472667 0.01504745429 0.1014053976)
(0.06346973389 0.03500626772 0.1029621591)
(0.06346973389 0.03500626772 0.1014053976)
(0.06345320725 0.05502073942 0.1029621591)
(0.06345320725 0.05502073942 0.1014053976)
(0.06339139415 0.07514141206 0.1029621591)
(0.06339139415 0.07514141206 0.1014053976)
(0.06318938204 0.09553703693 0.1029621591)
(0.06318938204 0.09553703693 0.1014053976)
(0.06320540023 0.116169615 0.1029621591)
(0.06320540023 0.116169615 0.1014053976)
(0.06242080038 0.1348477201 0.1029621591)
(0.06242080038 0.1348477201 0.1014053976)
(-0.01118356456 0.1524419826 0.1029621591)
(-0.01118356456 0.1524419826 0.1014053976)
(-0.00134968571 0.1531228125 0.1029621591)
(-0.00134968571 0.1531228125 0.1014053976)
(0.008671659177 0.1534090419 0.1029621591)
(0.008671659177 0.1534090419 0.1014053976)
(0.01868516469 0.1532429047 0.1029621591)
(0.01868516469 0.1532429047 0.1014053976)
(0.02830386449 0.1529581962 0.1029621591)
(0.02830386449 0.1529581962 0.1014053976)
(0.03804532802 0.1521515853 0.1029621591)
(0.03804532802 0.1521515853 0.1014053976)
(0.04807134954 0.1501896581 0.1029621591)
(0.04807134954 0.1501896581 0.1014053976)
(0.06005967728 0.1475682334 0.1029621591)
(0.06005967728 0.1475682334 0.1014053976)
(-0.004389692328 -0.07131404013 0.1029621591)
(-0.004389692328 -0.07131404013 0.1014053976)
(0.01552715 -0.07154856679 0.1029621591)
(0.01552715 -0.07154856679 0.1014053976)
(0.03574852294 -0.07119282258 0.1029621591)
(0.03574852294 -0.07119282258 0.1014053976)
(0.05502103653 -0.07138806994 0.1029621591)
(0.05502103653 -0.07138806994 0.1014053976)
(0.06242336812 -0.05531130238 0.1029621591)
(0.06242336812 -0.05531130238 0.1014053976)
(0.06318670771 -0.03467369195 0.1029621591)
(0.06318670771 -0.03467369195 0.1014053976)
(0.063448123 -0.01473807591 0.1029621591)
(0.063448123 -0.01473807591 0.1014053976)
(0.06352792639 0.00510306048 0.1029621591)
(0.06352792639 0.00510306048 0.1014053976)
(0.06348346683 0.02502034763 0.1029621591)
(0.06348346683 0.02502034763 0.1014053976)
(0.06346096232 0.04500527983 0.1029621591)
(0.06346096232 0.04500527983 0.1014053976)
(0.0634351962 0.06505609035 0.1029621591)
(0.0634351962 0.06505609035 0.1014053976)
(0.06330707973 0.08530129008 0.1029621591)
(0.06330707973 0.08530129008 0.1014053976)
(0.06309835478 0.1058657375 0.1029621591)
(0.06309835478 0.1058657375 0.1014053976)
(0.06460545383 0.1253127453 0.1029621591)
(0.06460545383 0.1253127453 0.1014053976)
(0.02986309796 -0.06279096678 0.1029621591)
(0.02986309796 -0.06279096678 0.1014053976)
(-0.01250596652 -0.05064010595 0.1029621591)
(-0.01250596652 -0.05064010595 0.1014053976)
(-0.0126429375 -0.04052284855 0.1029621591)
(-0.0126429375 -0.04052284855 0.1014053976)
(-0.01192922505 -0.03079017724 0.1029621591)
(-0.01192922505 -0.03079017724 0.1014053976)
(-0.0118230376 -0.02077079411 0.1029621591)
(-0.0118230376 -0.02077079411 0.1014053976)
(-0.01214397663 -0.01059736458 0.1029621591)
(-0.01214397663 -0.01059736458 0.1014053976)
(-0.01251520202 -0.000379829813 0.1029621591)
(-0.01251520202 -0.000379829813 0.1014053976)
(-0.01273172927 0.009789272244 0.1029621591)
(-0.01273172927 0.009789272244 0.1014053976)
(-0.01281676854 0.01988655963 0.1029621591)
(-0.01281676854 0.01988655963 0.1014053976)
(-0.01285090772 0.02993789308 0.1029621591)
(-0.01285090772 0.02993789308 0.1014053976)
(-0.01286668825 0.03995938658 0.1029621591)
(-0.01286668825 0.03995938658 0.1014053976)
(-0.01287587083 0.04995933935 0.1029621591)
(-0.01287587083 0.04995933935 0.1014053976)
(-0.01288153465 0.05993939131 0.1029621591)
(-0.01288153465 0.05993939131 0.1014053976)
(-0.01288155131 0.06989500879 0.1029621591)
(-0.01288155131 0.06989500879 0.1014053976)
(-0.01286677302 0.07981392804 0.1029621591)
(-0.01286677302 0.07981392804 0.1014053976)
(-0.01282521608 0.08966777475 0.1029621591)
(-0.01282521608 0.08966777475 0.1014053976)
(-0.01278745608 0.09939308166 0.1029621591)
(-0.01278745608 0.09939308166 0.1014053976)
(-0.01285410674 0.1089147449 0.1029621591)
(-0.01285410674 0.1089147449 0.1014053976)
(-0.01302398826 0.1182351765 0.1029621591)
(-0.01302398826 0.1182351765 0.1014053976)
(-0.01311188595 0.127349472 0.1029621591)
(-0.01311188595 0.127349472 0.1014053976)
(-0.01288034153 0.1361680341 0.1029621591)
(-0.01288034153 0.1361680341 0.1014053976)
(-0.01225513215 0.1444938753 0.1029621591)
(-0.01225513215 0.1444938753 0.1014053976)
(0.0534340661 -0.04943559563 0.1029621591)
(0.0534340661 -0.04943559563 0.1014053976)
(0.01024542435 -0.06321698519 0.1029621591)
(0.01024542435 -0.06321698519 0.1014053976)
(0.05197225576 -0.06099521478 0.1029621591)
(0.05197225576 -0.06099521478 0.1014053976)
(-0.01075635566 -0.06170735284 0.1029621591)
(-0.01075635566 -0.06170735284 0.1014053976)
(0.01983134408 -0.06290609495 0.1029621591)
(0.01983134408 -0.06290609495 0.1014053976)
(0.05218790243 0.1385478682 0.1029621591)
(0.05218790243 0.1385478682 0.1014053976)
(0.05496488608 -0.009533370951 0.1029621591)
(0.05496488608 -0.009533370951 0.1014053976)
(0.05479306111 -0.01930555641 0.1029621591)
(0.05479306111 -0.01930555641 0.1014053976)
(0.05503576249 0.01012581719 0.1029621591)
(0.05503576249 0.01012581719 0.1014053976)
(0.0549434463 0.03000357637 0.1029621591)
(0.0549434463 0.03000357637 0.1014053976)
(0.05492303644 0.05000504587 0.1029621591)
(0.05492303644 0.05000504587 0.1014053976)
(0.05486824957 0.07013194036 0.1029621591)
(0.05486824957 0.07013194036 0.1014053976)
(0.0545652835 0.09069697048 0.1029621591)
(0.0545652835 0.09069697048 0.1014053976)
(0.05421428389 0.1124011255 0.1029621591)
(0.05421428389 0.1124011255 0.1014053976)
(0.05476933998 0.1252225196 0.1029621591)
(0.05476933998 0.1252225196 0.1014053976)
(0.0002713584748 -0.06304398599 0.1029621591)
(0.0002713584748 -0.06304398599 0.1014053976)
(0.04029737403 -0.06214051146 0.1029621591)
(0.04029737403 -0.06214051146 0.1014053976)
(0.05459707767 -0.0291185558 0.1029621591)
(0.05459707767 -0.0291185558 0.1014053976)
(-0.002979461035 0.1460143434 0.1029621591)
(-0.002979461035 0.1460143434 0.1014053976)
(0.006601896341 0.1468786871 0.1029621591)
(0.006601896341 0.1468786871 0.1014053976)
(0.01643899234 0.1466669113 0.1029621591)
(0.01643899234 0.1466669113 0.1014053976)
(0.0259425959 0.145695556 0.1029621591)
(0.0259425959 0.145695556 0.1014053976)
(0.03393830558 0.1456816764 0.1029621591)
(0.03393830558 0.1456816764 0.1014053976)
(0.05423349709 -0.03906991766 0.1029621591)
(0.05423349709 -0.03906991766 0.1014053976)
(0.05493060878 0.03999463846 0.1029621591)
(0.05493060878 0.03999463846 0.1014053976)
(0.05505859142 0.0002646209451 0.1029621591)
(0.05505859142 0.0002646209451 0.1014053976)
(0.0549817454 0.02004909903 0.1029621591)
(0.0549817454 0.02004909903 0.1014053976)
(0.05491271056 0.06004818872 0.1029621591)
(0.05491271056 0.06004818872 0.1014053976)
(0.05476596997 0.08033112995 0.1029621591)
(0.05476596997 0.08033112995 0.1014053976)
(0.05431570167 0.1013226877 0.1029621591)
(0.05431570167 0.1013226877 0.1014053976)
(0.042160589 0.1421339654 0.1029621591)
(0.042160589 0.1421339654 0.1014053976)
(0.04660569235 -0.004429489937 0.1029621591)
(0.04660569235 -0.004429489937 0.1014053976)
(-0.002959079047 -0.03668583306 0.1029621591)
(-0.002959079047 -0.03668583306 0.1014053976)
(-0.002269805979 -0.0265883221 0.1029621591)
(-0.002269805979 -0.0265883221 0.1014053976)
(-0.002740363041 -0.01615163245 0.1029621591)
(-0.002740363041 -0.01615163245 0.1014053976)
(-0.003582344427 -0.005694641529 0.1029621591)
(-0.003582344427 -0.005694641529 0.1014053976)
(-0.004078527167 0.004627643182 0.1029621591)
(-0.004078527167 0.004627643182 0.1014053976)
(-0.004227631441 0.01478428481 0.1029621591)
(-0.004227631441 0.01478428481 0.1014053976)
(-0.004287976972 0.02487811765 0.1029621591)
(-0.004287976972 0.02487811765 0.1014053976)
(-0.004314519003 0.0349295958 0.1029621591)
(-0.004314519003 0.0349295958 0.1014053976)
(-0.004328218531 0.04494763746 0.1029621591)
(-0.004328218531 0.04494763746 0.1014053976)
(-0.004336768414 0.0549361668 0.1029621591)
(-0.004336768414 0.0549361668 0.1014053976)
(-0.00434155176 0.06489302119 0.1029621591)
(-0.00434155176 0.06489302119 0.1014053976)
(-0.004336084051 0.07480870958 0.1029621591)
(-0.004336084051 0.07480870958 0.1014053976)
(-0.004294034855 0.08466569367 0.1029621591)
(-0.004294034855 0.08466569367 0.1014053976)
(-0.004163453019 0.09442503899 0.1029621591)
(-0.004163453019 0.09442503899 0.1014053976)
(-0.004035889223 0.1039546411 0.1029621591)
(-0.004035889223 0.1039546411 0.1014053976)
(-0.00424581591 0.1130975289 0.1029621591)
(-0.00424581591 0.1130975289 0.1014053976)
(-0.004632944047 0.1219774149 0.1029621591)
(-0.004632944047 0.1219774149 0.1014053976)
(-0.004716310491 0.1305226245 0.1029621591)
(-0.004716310491 0.1305226245 0.1014053976)
(-0.00415752276 0.1384937145 0.1029621591)
(-0.00415752276 0.1384937145 0.1014053976)
(0.04579570276 -0.03309907692 0.1029621591)
(0.04579570276 -0.03309907692 0.1014053976)
(0.04529934117 0.107150913 0.1029621591)
(0.04529934117 0.107150913 0.1014053976)
(0.04641925597 0.03497869884 0.1029621591)
(0.04641925597 0.03497869884 0.1014053976)
(0.03368962083 -0.0543036877 0.1029621591)
(0.03368962083 -0.0543036877 0.1014053976)
(0.04519046394 0.1187707537 0.1029621591)
(0.04519046394 0.1187707537 0.1014053976)
(0.04628981803 -0.01400408242 0.1029621591)
(0.04628981803 -0.01400408242 0.1014053976)
(0.04639186496 0.06506602329 0.1029621591)
(0.04639186496 0.06506602329 0.1014053976)
(0.04651463715 0.01508189311 0.1029621591)
(0.04651463715 0.01508189311 0.1014053976)
(0.04641192449 0.05500548061 0.1029621591)
(0.04641192449 0.05500548061 0.1014053976)
(0.04643953537 0.02499582554 0.1029621591)
(0.04643953537 0.02499582554 0.1014053976)
(0.0457173478 0.09613381292 0.1029621591)
(0.0457173478 0.09613381292 0.1014053976)
(0.04612286195 0.08553296819 0.1029621591)
(0.04612286195 0.08553296819 0.1014053976)
(0.00536218083 -0.05571395129 0.1029621591)
(0.00536218083 -0.05571395129 0.1014053976)
(0.04362001015 -0.05261215791 0.1029621591)
(0.04362001015 -0.05261215791 0.1014053976)
(0.04602988044 -0.02350232597 0.1029621591)
(0.04602988044 -0.02350232597 0.1014053976)
(0.004525767729 0.1403371938 0.1029621591)
(0.004525767729 0.1403371938 0.1014053976)
(0.01377916982 0.1405697907 0.1029621591)
(0.01377916982 0.1405697907 0.1014053976)
(0.02304839877 0.1385123052 0.1029621591)
(0.02304839877 0.1385123052 0.1014053976)
(0.04665247176 0.005289695815 0.1029621591)
(0.04665247176 0.005289695815 0.1014053976)
(0.04412782012 0.1308624127 0.1029621591)
(0.04412782012 0.1308624127 0.1014053976)
(0.02361254389 -0.05443236316 0.1029621591)
(0.02361254389 -0.05443236316 0.1014053976)
(0.04516271517 -0.04274749478 0.1029621591)
(0.04516271517 -0.04274749478 0.1014053976)
(0.03340838464 0.1363711037 0.1029621591)
(0.03340838464 0.1363711037 0.1014053976)
(-0.005076039761 -0.04537243218 0.1029621591)
(-0.005076039761 -0.04537243218 0.1014053976)
(-0.003186160649 -0.05389706303 0.1029621591)
(-0.003186160649 -0.05389706303 0.1014053976)
(0.04641444287 0.04498272236 0.1029621591)
(0.04641444287 0.04498272236 0.1014053976)
(0.04631882027 0.0752233433 0.1029621591)
(0.04631882027 0.0752233433 0.1014053976)
(0.01400647349 -0.05384530858 0.1029621591)
(0.01400647349 -0.05384530858 0.1014053976)
(0.03793390357 0.03995508489 0.1029621591)
(0.03793390357 0.03995508489 0.1014053976)
(0.007619634514 -0.02200905844 0.1029621591)
(0.007619634514 -0.02200905844 0.1014053976)
(0.005787272125 -0.0110358768 0.1029621591)
(0.005787272125 -0.0110358768 0.1014053976)
(0.004506884648 -0.0004929073229 0.1029621591)
(0.004506884648 -0.0004929073229 0.1014053976)
(0.004351016807 0.00963660511 0.1029621591)
(0.004351016807 0.00963660511 0.1014053976)
(0.004252224424 0.01977418302 0.1029621591)
(0.004252224424 0.01977418302 0.1014053976)
(0.004207516614 0.02987411889 0.1029621591)
(0.004207516614 0.02987411889 0.1014053976)
(0.004187866878 0.03992645428 0.1029621591)
(0.004187866878 0.03992645428 0.1014053976)
(0.004178489746 0.04993628178 0.1029621591)
(0.004178489746 0.04993628178 0.1014053976)
(0.004171352736 0.05990517716 0.1029621591)
(0.004171352736 0.05990517716 0.1014053976)
(0.004165749334 0.06982662085 0.1029621591)
(0.004165749334 0.06982662085 0.1014053976)
(0.00417146968 0.07968223561 0.1029621591)
(0.00417146968 0.07968223561 0.1014053976)
(0.004250850226 0.0894566443 0.1029621591)
(0.004250850226 0.0894566443 0.1014053976)
(0.004638868924 0.09915684991 0.1029621591)
(0.004638868924 0.09915684991 0.1014053976)
(0.005034830224 0.1085146752 0.1029621591)
(0.005034830224 0.1085146752 0.1014053976)
(0.004150258609 0.1171106811 0.1029621591)
(0.004150258609 0.1171106811 0.1014053976)
(0.003370750229 0.1255487867 0.1029621591)
(0.003370750229 0.1255487867 0.1014053976)
(0.003370567339 0.1330726031 0.1029621591)
(0.003370567339 0.1330726031 0.1014053976)
(0.03595184852 0.1126064679 0.1029621591)
(0.03595184852 0.1126064679 0.1014053976)
(0.03806786863 -0.008862045295 0.1029621591)
(0.03806786863 -0.008862045295 0.1014053976)
(0.03571982416 0.1242456818 0.1029621591)
(0.03571982416 0.1242456818 0.1014053976)
(0.03719786373 -0.01801451725 0.1029621591)
(0.03719786373 -0.01801451725 0.1014053976)
(0.005140179132 -0.04563889471 0.1029621591)
(0.005140179132 -0.04563889471 0.1014053976)
(0.007560875622 -0.03387108862 0.1029621591)
(0.007560875622 -0.03387108862 0.1014053976)
(0.03733836332 -0.02724503467 0.1029621591)
(0.03733836332 -0.02724503467 0.1014053976)
(0.03779500358 0.08022001987 0.1029621591)
(0.03779500358 0.08022001987 0.1014053976)
(0.03790853393 0.0700568763 0.1029621591)
(0.03790853393 0.0700568763 0.1014053976)
(0.03604152649 -0.04535011603 0.1029621591)
(0.03604152649 -0.04535011603 0.1014053976)
(0.01057977641 0.1352056548 0.1029621591)
(0.01057977641 0.1352056548 0.1014053976)
(0.02761394444 -0.04730386377 0.1029621591)
(0.02761394444 -0.04730386377 0.1014053976)
(0.01755381078 -0.04336193502 0.1029621591)
(0.01755381078 -0.04336193502 0.1014053976)
(0.03793311589 0.05999558764 0.1029621591)
(0.03793311589 0.05999558764 0.1014053976)
(0.03650085726 0.1014757986 0.1029621591)
(0.03650085726 0.1014757986 0.1014053976)
(0.03849104467 0.0006157407503 0.1029621591)
(0.03849104467 0.0006157407503 0.1014053976)
(0.03793516983 0.04997218989 0.1029621591)
(0.03793516983 0.04997218989 0.1014053976)
(0.02674455502 0.1289188959 0.1029621591)
(0.02674455502 0.1289188959 0.1014053976)
(0.03745680505 0.09059461097 0.1029621591)
(0.03745680505 0.09059461097 0.1014053976)
(0.03798325485 0.01997337747 0.1029621591)
(0.03798325485 0.01997337747 0.1014053976)
(0.03793896073 0.02994673763 0.1029621591)
(0.03793896073 0.02994673763 0.1014053976)
(0.01826997166 0.1325746412 0.1029621591)
(0.01826997166 0.1325746412 0.1014053976)
(0.03811741089 0.01011991454 0.1029621591)
(0.03811741089 0.01011991454 0.1014053976)
(0.03698293021 -0.03646923093 0.1029621591)
(0.03698293021 -0.03646923093 0.1014053976)
(0.02685683661 0.1180116638 0.1029621591)
(0.02685683661 0.1180116638 0.1014053976)
(0.02832046903 -0.01211090064 0.1029621591)
(0.02832046903 -0.01211090064 0.1014053976)
(0.01263596597 -0.005084710481 0.1029621591)
(0.01263596597 -0.005084710481 0.1014053976)
(0.01295675055 0.004381294088 0.1029621591)
(0.01295675055 0.004381294088 0.1014053976)
(0.01277172238 0.0145983064 0.1029621591)
(0.01277172238 0.0145983064 0.1014053976)
(0.01268834687 0.02478196145 0.1029621591)
(0.01268834687 0.02478196145 0.1014053976)
(0.01266087478 0.03489088484 0.1029621591)
(0.01266087478 0.03489088484 0.1014053976)
(0.01265138245 0.04493211845 0.1029621591)
(0.01265138245 0.04493211845 0.1014053976)
(0.01264939347 0.05492723636 0.1029621591)
(0.01264939347 0.05492723636 0.1014053976)
(0.01264046488 0.0648668002 0.1029621591)
(0.01264046488 0.0648668002 0.1014053976)
(0.01262681754 0.07474298468 0.1029621591)
(0.01262681754 0.07474298468 0.1014053976)
(0.0126036383 0.08449519484 0.1029621591)
(0.0126036383 0.08449519484 0.1014053976)
(0.01266293696 0.09409737624 0.1029621591)
(0.01266293696 0.09409737624 0.1014053976)
(0.0139613323 0.1039369976 0.1029621591)
(0.0139613323 0.1039369976 0.1014053976)
(0.01542366704 0.1138444711 0.1029621591)
(0.01542366704 0.1138444711 0.1014053976)
(0.01098327792 0.1215685189 0.1029621591)
(0.01098327792 0.1215685189 0.1014053976)
(0.01134006241 0.1285783429 0.1029621591)
(0.01134006241 0.1285783429 0.1014053976)
(0.0294912353 0.04494476883 0.1029621591)
(0.0294912353 0.04494476883 0.1014053976)
(0.02881450077 0.09518470434 0.1029621591)
(0.02881450077 0.09518470434 0.1014053976)
(0.02946033706 0.07495340236 0.1029621591)
(0.02946033706 0.07495340236 0.1014053976)
(0.02764649066 -0.02203358649 0.1029621591)
(0.02764649066 -0.02203358649 0.1014053976)
(0.01910949667 0.1237878098 0.1029621591)
(0.01910949667 0.1237878098 0.1014053976)
(0.02931377831 0.08497371669 0.1029621591)
(0.02931377831 0.08497371669 0.1014053976)
(0.02739814165 -0.03891472671 0.1029621591)
(0.02739814165 -0.03891472671 0.1014053976)
(0.02949671931 0.06495566002 0.1029621591)
(0.02949671931 0.06495566002 0.1014053976)
(0.02570298533 0.106516532 0.1029621591)
(0.02570298533 0.106516532 0.1014053976)
(0.01882054297 -0.02961654282 0.1029621591)
(0.01882054297 -0.02961654282 0.1014053976)
(0.02944284637 -0.03083705789 0.1029621591)
(0.02944284637 -0.03083705789 0.1014053976)
(0.01741229703 -0.01511930699 0.1029621591)
(0.01741229703 -0.01511930699 0.1014053976)
(0.02949837203 0.05495707926 0.1029621591)
(0.02949837203 0.05495707926 0.1014053976)
(0.02948387979 0.03491084492 0.1029621591)
(0.02948387979 0.03491084492 0.1014053976)
(0.02950623581 0.02486008828 0.1029621591)
(0.02950623581 0.02486008828 0.1014053976)
(0.02957386445 0.01482199654 0.1029621591)
(0.02957386445 0.01482199654 0.1014053976)
(0.03100539219 -0.003723097144 0.1029621591)
(0.03100539219 -0.003723097144 0.1014053976)
(0.02126416537 0.009285074589 0.1029621591)
(0.02126416537 0.009285074589 0.1014053976)
(0.02108193091 0.02984228929 0.1029621591)
(0.02108193091 0.02984228929 0.1014053976)
(0.02108362823 0.04994216337 0.1029621591)
(0.02108362823 0.04994216337 0.1014053976)
(0.02107368265 0.06985632703 0.1029621591)
(0.02107368265 0.06985632703 0.1014053976)
(0.02090432533 0.08927016595 0.1029621591)
(0.02090432533 0.08927016595 0.1014053976)
(0.02172546507 -0.002500283759 0.1029621591)
(0.02172546507 -0.002500283759 0.1014053976)
(0.02980163076 0.004968389303 0.1029621591)
(0.02980163076 0.004968389303 0.1014053976)
(0.02108621358 0.05992584997 0.1029621591)
(0.02108621358 0.05992584997 0.1014053976)
(0.02113057689 0.01968230077 0.1029621591)
(0.02113057689 0.01968230077 0.1014053976)
(0.0210752272 0.03992223838 0.1029621591)
(0.0210752272 0.03992223838 0.1014053976)
(0.02102905883 0.07969608342 0.1029621591)
(0.02102905883 0.07969608342 0.1014053976)
(0.02056314598 0.09804949874 0.1029621591)
(0.02056314598 0.09804949874 0.1014053976)
(0.07096215906 -0.07 0.1029621591)
(0.06940539765 -0.07 0.1014053976)
(0.07096215906 -0.06 0.1029621591)
(0.06940539765 -0.06 0.1014053976)
(0.07096215906 -0.05 0.1029621591)
(0.06940539765 -0.05 0.1014053976)
(0.07096215906 -0.04 0.1029621591)
(0.06940539765 -0.04 0.1014053976)
(0.07096215906 -0.03 0.1029621591)
(0.06940539765 -0.03 0.1014053976)
(0.07096215906 -0.02 0.1029621591)
(0.06940539765 -0.02 0.1014053976)
(0.07096215906 -0.01 0.1029621591)
(0.06940539765 -0.01 0.1014053976)
(0.07096215906 -2.273736754e-16 0.1029621591)
(0.06940539765 -2.273736754e-16 0.1014053976)
(0.07096215906 0.01 0.1029621591)
(0.06940539765 0.01 0.1014053976)
(0.07096215906 0.02 0.1029621591)
(0.06940539765 0.02 0.1014053976)
(0.07096215906 0.03 0.1029621591)
(0.06940539765 0.03 0.1014053976)
(0.07096215906 0.04 0.1029621591)
(0.06940539765 0.04 0.1014053976)
(0.07096215906 0.05 0.1029621591)
(0.06940539765 0.05 0.1014053976)
(0.07096215906 0.06 0.1029621591)
(0.06940539765 0.06 0.1014053976)
(0.07096215906 0.07 0.1029621591)
(0.06940539765 0.07 0.1014053976)
(0.07096215906 0.08 0.1029621591)
(0.06940539765 0.08 0.1014053976)
(0.07096215906 0.09 0.1029621591)
(0.06940539765 0.09 0.1014053976)
(0.07096215906 0.1 0.1029621591)
(0.06940539765 0.1 0.1014053976)
(0.07096215906 0.11 0.1029621591)
(0.06940539765 0.11 0.1014053976)
(0.07096215906 0.12 0.1029621591)
(0.06940539765 0.12 0.1014053976)
(0.07096215906 0.13 0.1029621591)
(0.06940539765 0.13 0.1014053976)
(0.07096215906 0.14 0.1029621591)
(0.06940539765 0.14 0.1014053976)
(0.07096215906 0.15 0.1029621591)
(0.06940539765 0.15 0.1014053976)
(0.07096215906 0.16 0.1029621591)
(0.06940539765 0.16 0.1014053976)
(-0.0198 0.16 0.1029621591)
(-0.0198 0.16 0.1014053976)
(-0.0096 0.16 0.1029621591)
(-0.0096 0.16 0.1014053976)
(0.0006 0.16 0.1029621591)
(0.0006 0.16 0.1014053976)
(0.0108 0.16 0.1029621591)
(0.0108 0.16 0.1014053976)
(0.021 0.16 0.1029621591)
(0.021 0.16 0.1014053976)
(0.0312 0.16 0.1029621591)
(0.0312 0.16 0.1014053976)
(0.0414 0.16 0.1029621591)
(0.0414 0.16 0.1014053976)
(0.0516 0.16 0.1029621591)
(0.0516 0.16 0.1014053976)
(0.0618 0.16 0.1029621591)
(0.0618 0.16 0.1014053976)
(0.07096215906 0.16 0.0122)
(0.06940539765 0.16 0.0122)
(0.07096215906 0.16 0.0224)
(0.06940539765 0.16 0.0224)
(0.07096215906 0.16 0.0326)
(0.06940539765 0.16 0.0326)
(0.07096215906 0.16 0.0428)
(0.06940539765 0.16 0.0428)
(0.07096215906 0.16 0.053)
(0.06940539765 0.16 0.053)
(0.07096215906 0.16 0.0632)
(0.06940539765 0.16 0.0632)
(0.07096215906 0.16 0.0734)
(0.06940539765 0.16 0.0734)
(0.07096215906 0.16 0.0836)
(0.06940539765 0.16 0.0836)
(0.07096215906 0.16 0.0938)
(0.06940539765 0.16 0.0938)
(0.07096215906 -0.07179481068 0.01856443532)
(0.06940539765 -0.07179481068 0.01856443532)
(0.07096215906 -0.07126146337 0.02750144219)
(0.06940539765 -0.07126146337 0.02750144219)
(0.07096215906 -0.0713178037 0.03736017892)
(0.06940539765 -0.0713178037 0.03736017892)
(0.07096215906 -0.07132026447 0.04727074571)
(0.06940539765 -0.07132026447 0.04727074571)
(0.07096215906 -0.07146798848 0.05716584426)
(0.06940539765 -0.07146798848 0.05716584426)
(0.07096215906 -0.07157895975 0.06700735702)
(0.06940539765 -0.07157895975 0.06700735702)
(0.07096215906 -0.07149528827 0.07667437396)
(0.06940539765 -0.07149528827 0.07667437396)
(0.07096215906 -0.07122312544 0.0860696821)
(0.06940539765 -0.07122312544 0.0860696821)
(0.07096215906 -0.07076983385 0.0951588064)
(0.06940539765 -0.07076983385 0.0951588064)
(0.07096215906 -0.06113700763 0.09604137126)
(0.06940539765 -0.0611129047 0.09567318797)
(0.07096215906 -0.05127978181 0.09659150192)
(0.06940539765 -0.05124558158 0.09586186498)
(0.07096215906 -0.0413258648 0.09688763419)
(0.06940539765 -0.04131892833 0.09607372798)
(0.07096215906 -0.03136354574 0.09704575293)
(0.06940539765 -0.03136895221 0.09603321936)
(0.07096215906 -0.02139007945 0.09716772873)
(0.06940539765 -0.02140253531 0.09622582325)
(0.07096215906 -0.01139823375 0.09722926793)
(0.06940539765 -0.01142388329 0.09619198875)
(0.07096215906 -0.001402191949 0.0972234832)
(0.06940539765 -0.001442265111 0.09616566342)
(0.07096215906 0.008587292333 0.09717921137)
(0.06940539765 0.008542254868 0.09612148418)
(0.07096215906 0.01858144327 0.09713345918)
(0.06940539765 0.01854103935 0.09620098284)
(0.07096215906 0.02859084109 0.09709386256)
(0.06940539765 0.02855411011 0.09615129417)
(0.07096215906 0.03861236394 0.09706035064)
(0.06940539765 0.03857571545 0.09605014483)
(0.07096215906 0.04863197499 0.09704116998)
(0.06940539765 0.0486012906 0.09609320491)
(0.07096215906 0.05863621122 0.09705223736)
(0.06940539765 0.05860752431 0.09603419961)
(0.07096215906 0.06861868221 0.09709925688)
(0.06940539765 0.06859216094 0.09616415459)
(0.07096215906 0.07857887063 0.09716738953)
(0.06940539765 0.0785472477 0.09614744875)
(0.07096215906 0.08852682632 0.09722288557)
(0.06940539765 0.08848646846 0.09616974534)
(0.07096215906 0.09848947567 0.09721119147)
(0.06940539765 0.09843450159 0.09624019569)
(0.07096215906 0.1084586229 0.09706818633)
(0.06940539765 0.1083751324 0.09616536169)
(0.07096215906 0.1183139939 0.09681755475)
(0.06940539765 0.1182021079 0.0959978572)
(0.07096215906 0.1278632099 0.09669328081)
(0.06940539765 0.1278143299 0.09629174347)
(0.07096215906 0.1371077225 0.09702087938)
(0.06940539765 0.1370777991 0.09643419513)
(0.07096215906 0.146880237 0.09600777126)
(0.06940539765 0.1468046399 0.09533072791)
(0.07096215906 0.1517101203 0.01644537762)
(0.06940539765 0.1517101203 0.01644537762)
(0.07096215906 0.1512647776 0.03764032402)
(0.06940539765 0.1512647776 0.03764032402)
(0.07096215906 0.1508100229 0.05818146665)
(0.06940539765 0.1508100229 0.05818146665)
(0.07096215906 0.1511465079 0.07816959207)
(0.06940539765 0.1511465079 0.07816959207)
(0.07096730505 -0.06636950303 0.01082945793)
(0.06941826262 -0.06639164214 0.01096092005)
(0.07096215906 -0.04540123913 0.01091498535)
(0.06940539765 -0.04540123913 0.01091498535)
(0.07096215906 -0.02520125325 0.01091934852)
(0.06940539765 -0.02520125325 0.01091934852)
(0.07096215906 -0.005043572306 0.01079821343)
(0.06940539765 -0.005043572306 0.01079821343)
(0.07096215906 0.01502496824 0.0107122206)
(0.06940539765 0.01502496824 0.0107122206)
(0.07096215906 0.03501862676 0.01062335357)
(0.06940539765 0.03501862676 0.01062335357)
(0.07096215906 0.05497936074 0.01056016795)
(0.06940539765 0.05497936074 0.01056016795)
(0.07096215906 0.07495711135 0.01062866396)
(0.06940539765 0.07495711135 0.01062866396)
(0.07096215906 0.0949579578 0.01085267815)
(0.06940539765 0.0949579578 0.01085267815)
(0.07096215906 0.114796793 0.01097971549)
(0.06940539765 0.114796793 0.01097971549)
(0.07096215906 0.1338373167 0.01036077647)
(0.06940539765 0.1338373167 0.01036077647)
(0.07096215906 0.143224834 0.01171426535)
(0.06940539765 0.143224834 0.01171426535)
(0.07096215906 0.1508643335 0.06833554558)
(0.06940539765 0.1508643335 0.06833554558)
(0.07096215906 0.1517229126 0.02735295583)
(0.06940539765 0.1517229126 0.02735295583)
(0.07096215906 0.1509571756 0.04789231965)
(0.06940539765 0.1509571756 0.04789231965)
(0.07096215906 0.1510094385 0.08768583647)
(0.06940539765 0.1510094385 0.08768583647)
(0.07096215906 -0.05580966435 0.01108476998)
(0.06940539765 -0.05580966435 0.01108476998)
(0.07096215906 -0.03527360583 0.01095529241)
(0.06940539765 -0.03527360583 0.01095529241)
(0.07096215906 -0.01510978597 0.01085196074)
(0.06940539765 -0.01510978597 0.01085196074)
(0.07096215906 0.004999587712 0.01075343259)
(0.06940539765 0.004999587712 0.01075343259)
(0.07096215906 0.02503098115 0.01067229685)
(0.06940539765 0.02503098115 0.01067229685)
(0.07096215906 0.04499831135 0.01058157233)
(0.06940539765 0.04499831135 0.01058157233)
(0.07096215906 0.06496482548 0.01057491909)
(0.06940539765 0.06496482548 0.01057491909)
(0.07096215906 0.08495384598 0.01072134243)
(0.06940539765 0.08495384598 0.01072134243)
(0.07096215906 0.104942521 0.01097770947)
(0.06940539765 0.104942521 0.01097770947)
(0.07096215906 0.1244372127 0.01072651932)
(0.06940539765 0.1244372127 0.01072651932)
(0.07096215906 -0.06276722868 0.03201231601)
(0.06940539765 -0.06276722868 0.03201231601)
(0.07096215906 -0.06244111695 0.04182481614)
(0.06940539765 -0.06244111695 0.04182481614)
(0.07096215906 -0.06261641206 0.05153354946)
(0.06940539765 -0.06261641206 0.05153354946)
(0.07096215906 -0.06305821489 0.06116179666)
(0.06940539765 -0.06305821489 0.06116179666)
(0.07096215906 -0.0631326189 0.07054987887)
(0.06940539765 -0.0631326189 0.07054987887)
(0.07096215906 -0.06271356726 0.07950965176)
(0.06940539765 -0.06271356726 0.07950965176)
(0.07096215906 -0.06200442318 0.08788545812)
(0.06940539765 -0.06200442318 0.08788545812)
(0.07096215906 0.1420478368 0.04253022525)
(0.06940539765 0.1420478368 0.04253022525)
(0.07096215906 -0.05239792129 0.08908050131)
(0.06940539765 -0.05239792129 0.08908050131)
(0.07096215906 -0.04256554796 0.08971033378)
(0.06940539765 -0.04256554796 0.08971033378)
(0.07096215906 -0.03269892617 0.0900189109)
(0.06940539765 -0.03269892617 0.0900189109)
(0.07096215906 -0.02279307844 0.09029959066)
(0.06940539765 -0.02279307844 0.09029959066)
(0.07096215906 -0.0128435644 0.09045888535)
(0.06940539765 -0.0128435644 0.09045888535)
(0.07096215906 -0.00287828046 0.09046195384)
(0.06940539765 -0.00287828046 0.09046195384)
(0.07096215906 0.007077867661 0.09036916527)
(0.06940539765 0.007077867661 0.09036916527)
(0.07096215906 0.01705072581 0.09027696317)
(0.06940539765 0.01705072581 0.09027696317)
(0.07096215906 0.02706287756 0.09019953322)
(0.06940539765 0.02706287756 0.09019953322)
(0.07096215906 0.03711293502 0.09012772308)
(0.06940539765 0.03711293502 0.09012772308)
(0.07096215906 0.0471751103 0.09007208693)
(0.06940539765 0.0471751103 0.09007208693)
(0.07096215906 0.05721712155 0.09007233098)
(0.06940539765 0.05721712155 0.09007233098)
(0.07096215906 0.06721537277 0.09015186431)
(0.06940539765 0.06721537277 0.09015186431)
(0.07096215906 0.07715407582 0.09028691875)
(0.06940539765 0.07715407582 0.09028691875)
(0.07096215906 0.08702528082 0.09042353461)
(0.06940539765 0.08702528082 0.09042353461)
(0.07096215906 0.09688075235 0.09047472529)
(0.06940539765 0.09688075235 0.09047472529)
(0.07096215906 0.1067960601 0.09025752989)
(0.06940539765 0.1067960601 0.09025752989)
(0.07096215906 0.1166633006 0.08967259476)
(0.06940539765 0.1166633006 0.08967259476)
(0.07096215906 0.1261408408 0.08905464199)
(0.06940539765 0.1261408408 0.08905464199)
(0.07096215906 0.1349199092 0.08927650499)
(0.06940539765 0.1349199092 0.08927650499)
(0.07096215906 0.1427288236 0.09063710003)
(0.06940539765 0.1427288236 0.09063710003)
(0.07096215906 -0.05072653814 0.01959081126)
(0.06940539765 -0.05072653814 0.01959081126)
(0.07096215906 0.1429167243 0.03234708499)
(0.06940539765 0.1429167243 0.03234708499)
(0.07096215906 0.1418299899 0.07379763265)
(0.06940539765 0.1418299899 0.07379763265)
(0.07096215906 0.1440099023 0.02230660566)
(0.06940539765 0.1440099023 0.02230660566)
(0.07096215906 -0.06197809496 0.02087670385)
(0.06940539765 -0.06197809496 0.02087670385)
(0.07096215906 0.1414678827 0.06367960255)
(0.06940539765 0.1414678827 0.06367960255)
(0.07096215906 0.1417044999 0.05301800717)
(0.06940539765 0.1417044999 0.05301800717)
(0.07096215906 -0.02029227605 0.01973697524)
(0.06940539765 -0.02029227605 0.01973697524)
(0.07096215906 0.01006115662 0.01945690021)
(0.06940539765 0.01006115662 0.01945690021)
(0.07096215906 -8.512708207e-07 0.01953788817)
(0.06940539765 -8.512708207e-07 0.01953788817)
(0.07096215906 0.03008524184 0.01929795758)
(0.06940539765 0.03008524184 0.01929795758)
(0.07096215906 0.04997930414 0.01911733815)
(0.06940539765 0.04997930414 0.01911733815)
(0.07096215906 0.06988099708 0.01917171967)
(0.06940539765 0.06988099708 0.01917171967)
(0.07096215906 0.08984223986 0.01954789148)
(0.06940539765 0.08984223986 0.01954789148)
(0.07096215906 0.1099429843 0.02013058713)
(0.06940539765 0.1099429843 0.02013058713)
(0.07096215906 0.1289252396 0.01925291025)
(0.06940539765 0.1289252396 0.01925291025)
(0.07096215906 -0.03048752885 0.019911953)
(0.06940539765 -0.03048752885 0.019911953)
(0.07096215906 0.1426150291 0.08288499948)
(0.06940539765 0.1426150291 0.08288499948)
(0.07096215906 -0.01011464769 0.0196170809)
(0.06940539765 -0.01011464769 0.0196170809)
(0.07096215906 -0.04060524935 0.01991672907)
(0.06940539765 -0.04060524935 0.01991672907)
(0.07096215906 0.1197141643 0.02003064078)
(0.06940539765 0.1197141643 0.02003064078)
(0.07096215906 0.09990910942 0.01984878513)
(0.06940539765 0.09990910942 0.01984878513)
(0.07096215906 0.04004093267 0.0192036527)
(0.06940539765 0.04004093267 0.0192036527)
(0.07096215906 0.02009210262 0.01938017216)
(0.06940539765 0.02009210262 0.01938017216)
(0.07096215906 0.05992688849 0.01910522472)
(0.06940539765 0.05992688849 0.01910522472)
(0.07096215906 0.07983934951 0.0193142799)
(0.06940539765 0.07983934951 0.0193142799)
(0.07096215906 0.1370799993 0.01810278639)
(0.06940539765 0.1370799993 0.01810278639)
(0.07096215906 -0.05335255194 0.04603218889)
(0.06940539765 -0.05335255194 0.04603218889)
(0.07096215906 -0.05412631042 0.05591058488)
(0.06940539765 -0.05412631042 0.05591058488)
(0.07096215906 -0.05497098109 0.06490721697)
(0.06940539765 -0.05497098109 0.06490721697)
(0.07096215906 -0.05463074958 0.07367546577)
(0.06940539765 -0.05463074958 0.07367546577)
(0.07096215906 -0.05348154392 0.08145161115)
(0.06940539765 -0.05348154392 0.08145161115)
(0.07096215906 0.1255787395 0.02903102536)
(0.06940539765 0.1255787395 0.02903102536)
(0.07096215906 -0.01524207471 0.02842299421)
(0.06940539765 -0.01524207471 0.02842299421)
(0.07096215906 -0.04383703792 0.08243669499)
(0.06940539765 -0.04383703792 0.08243669499)
(0.07096215906 -0.03412994946 0.08281231201)
(0.06940539765 -0.03412994946 0.08281231201)
(0.07096215906 -0.02433194742 0.08333451741)
(0.06940539765 -0.02433194742 0.08333451741)
(0.07096215906 -0.01447019337 0.08366238672)
(0.06940539765 -0.01447019337 0.08366238672)
(0.07096215906 -0.004576191039 0.08369549758)
(0.06940539765 -0.004576191039 0.08369549758)
(0.07096215906 0.005300672337 0.08352962576)
(0.06940539765 0.005300672337 0.08352962576)
(0.07096215906 0.01521979484 0.08338162253)
(0.06940539765 0.01521979484 0.08338162253)
(0.07096215906 0.02521536402 0.08326746492)
(0.06940539765 0.02521536402 0.08326746492)
(0.07096215906 0.03529353162 0.0831541446)
(0.06940539765 0.03529353162 0.0831541446)
(0.07096215906 0.04542537413 0.08303718678)
(0.06940539765 0.04542537413 0.08303718678)
(0.07096215906 0.05555651692 0.08299316936)
(0.06940539765 0.05555651692 0.08299316936)
(0.07096215906 0.06562791781 0.08308999067)
(0.06940539765 0.06562791781 0.08308999067)
(0.07096215906 0.07559516418 0.08329617201)
(0.06940539765 0.07559516418 0.08329617201)
(0.07096215906 0.0854026889 0.08352347336)
(0.06940539765 0.0854026889 0.08352347336)
(0.07096215906 0.09505264553 0.08373606138)
(0.06940539765 0.09505264553 0.08373606138)
(0.07096215906 0.1047548537 0.08364433149)
(0.06940539765 0.1047548537 0.08364433149)
(0.07096215906 0.1146613139 0.08275843209)
(0.06940539765 0.1146613139 0.08275843209)
(0.07096215906 0.1242093556 0.08118823131)
(0.06940539765 0.1242093556 0.08118823131)
(0.07096215906 0.1331991309 0.03660419687)
(0.06940539765 0.1331991309 0.03660419687)
(0.07096215906 0.01518712154 0.02810186486)
(0.06940539765 0.01518712154 0.02810186486)
(0.07096215906 0.0549109169 0.02757765479)
(0.06940539765 0.0549109169 0.02757765479)
(0.07096215906 0.005112813161 0.02822920016)
(0.06940539765 0.005112813161 0.02822920016)
(0.07096215906 0.1313913922 0.07068776331)
(0.06940539765 0.1313913922 0.07068776331)
(0.07096215906 0.1325427249 0.05848350426)
(0.06940539765 0.1325427249 0.05848350426)
(0.07096215906 0.0946520543 0.0284739287)
(0.06940539765 0.0946520543 0.0284739287)
(0.07096215906 0.08455352107 0.02806688408)
(0.06940539765 0.08455352107 0.02806688408)
(0.07096215906 0.04503793248 0.02768591195)
(0.06940539765 0.04503793248 0.02768591195)
(0.07096215906 0.07463994295 0.02777731786)
(0.06940539765 0.07463994295 0.02777731786)
(0.07096215906 0.0647878871 0.02761207855)
(0.06940539765 0.0647878871 0.02761207855)
(0.07096215906 0.0351616587 0.02786580226)
(0.06940539765 0.0351616587 0.02786580226)
(0.07096215906 0.1324445292 0.0472885696)
(0.06940539765 0.1324445292 0.0472885696)
(0.07096215906 0.1153509072 0.02963649142)
(0.06940539765 0.1153509072 0.02963649142)
(0.07096215906 -0.02557181531 0.02866523416)
(0.06940539765 -0.02557181531 0.02866523416)
(0.07096215906 -0.005026802321 0.02833286067)
(0.06940539765 -0.005026802321 0.02833286067)
(0.07096215906 0.1335934599 0.08076234996)
(0.06940539765 0.1335934599 0.08076234996)
(0.07096215906 0.02520318402 0.02797817971)
(0.06940539765 0.02520318402 0.02797817971)
(0.07096215906 0.1351961076 0.02668535798)
(0.06940539765 0.1351961076 0.02668535798)
(0.07096215906 -0.05351829705 0.03634228931)
(0.06940539765 -0.05351829705 0.03634228931)
(0.07096215906 0.1048884947 0.02903529421)
(0.06940539765 0.1048884947 0.02903529421)
(0.07096215906 -0.04606822875 0.02884208688)
(0.06940539765 -0.04606822875 0.02884208688)
(0.07096215906 -0.05503141656 0.02747444371)
(0.06940539765 -0.05503141656 0.02747444371)
(0.07096215906 -0.03601618072 0.02913484362)
(0.06940539765 -0.03601618072 0.02913484362)
(0.07096215906 0.03037166745 0.03651128333)
(0.06940539765 0.03037166745 0.03651128333)
(0.07096215906 -0.04604758237 0.06057725247)
(0.06940539765 -0.04604758237 0.06057725247)
(0.07096215906 -0.04762931759 0.06840348395)
(0.06940539765 -0.04762931759 0.06840348395)
(0.07096215906 -0.04532152261 0.07514477945)
(0.06940539765 -0.04532152261 0.07514477945)
(0.07096215906 -0.01010868335 0.03710978886)
(0.06940539765 -0.01010868335 0.03710978886)
(0.07096215906 -0.03578975662 0.07521524053)
(0.06940539765 -0.03578975662 0.07521524053)
(0.07096215906 -0.02605547443 0.07616478633)
(0.06940539765 -0.02605547443 0.07616478633)
(0.07096215906 -0.0163734745 0.07680335665)
(0.06940539765 -0.0163734745 0.07680335665)
(0.07096215906 -0.006632180596 0.07692562065)
(0.06940539765 -0.006632180596 0.07692562065)
(0.07096215906 0.003072711344 0.07662077991)
(0.06940539765 0.003072711344 0.07662077991)
(0.07096215906 0.01288918765 0.07639535021)
(0.06940539765 0.01288918765 0.07639535021)
(0.07096215906 0.02283594363 0.07624595787)
(0.06940539765 0.02283594363 0.07624595787)
(0.07096215906 0.03291921078 0.07610525506)
(0.06940539765 0.03291921078 0.07610525506)
(0.07096215906 0.04313418453 0.07590237353)
(0.06940539765 0.04313418453 0.07590237353)
(0.07096215906 0.05343857225 0.07574977235)
(0.06940539765 0.05343857225 0.07574977235)
(0.07096215906 0.06369053143 0.07582930323)
(0.06940539765 0.06369053143 0.07582930323)
(0.07096215906 0.07378772645 0.07612856308)
(0.06940539765 0.07378772645 0.07612856308)
(0.07096215906 0.08361301682 0.07642949029)
(0.06940539765 0.08361301682 0.07642949029)
(0.07096215906 0.09309494056 0.07678289891)
(0.06940539765 0.09309494056 0.07678289891)
(0.07096215906 0.1022016653 0.07717819758)
(0.06940539765 0.1022016653 0.07717819758)
(0.07096215906 0.1116872907 0.07648033921)
(0.06940539765 0.1116872907 0.07648033921)
(0.07096215906 0.109826157 0.03852868732)
(0.06940539765 0.109826157 0.03852868732)
(0.07096215906 0.1219279078 0.04034101084)
(0.06940539765 0.1219279078 0.04034101084)
(0.07096215906 0.02038356784 0.03664993612)
(0.06940539765 0.02038356784 0.03664993612)
(0.07096215906 0.1208878079 0.07376052305)
(0.06940539765 0.1208878079 0.07376052305)
(0.07096215906 0.01031758008 0.03682729487)
(0.06940539765 0.01031758008 0.03682729487)
(0.07096215906 0.09920173565 0.03747080769)
(0.06940539765 0.09920173565 0.03747080769)
(0.07096215906 0.04997200553 0.03600709155)
(0.06940539765 0.04997200553 0.03600709155)
(0.07096215906 0.04024947544 0.03632854246)
(0.06940539765 0.04024947544 0.03632854246)
(0.07096215906 -0.0428740076 0.03946497306)
(0.06940539765 -0.0428740076 0.03946497306)
(0.07096215906 0.07906118135 0.03643905959)
(0.06940539765 0.07906118135 0.03643905959)
(0.07096215906 -0.04491999852 0.05083713539)
(0.06940539765 -0.04491999852 0.05083713539)
(0.07096215906 -0.02037568033 0.0371207019)
(0.06940539765 -0.02037568033 0.0371207019)
(0.07096215906 0.08899713272 0.03686559495)
(0.06940539765 0.08899713272 0.03686559495)
(0.07096215906 0.1236227626 0.0635566716)
(0.06940539765 0.1236227626 0.0635566716)
(0.07096215906 -0.03101685939 0.0376581546)
(0.06940539765 -0.03101685939 0.0376581546)
(0.07096215906 0.0001403079281 0.0370221184)
(0.06940539765 0.0001403079281 0.0370221184)
(0.07096215906 0.05972239852 0.03590053525)
(0.06940539765 0.05972239852 0.03590053525)
(0.07096215906 0.06939440096 0.03608552934)
(0.06940539765 0.06939440096 0.03608552934)
(0.07096215906 0.1233914874 0.05258331522)
(0.06940539765 0.1233914874 0.05258331522)
(0.07096215906 0.1134397073 0.04840269441)
(0.06940539765 0.1134397073 0.04840269441)
(0.07096215906 0.02564288094 0.0450957295)
(0.06940539765 0.02564288094 0.0450957295)
(0.07096215906 -0.03812407996 0.06670121666)
(0.06940539765 -0.03812407996 0.06670121666)
(0.07096215906 -0.02773470149 0.06859255109)
(0.06940539765 -0.02773470149 0.06859255109)
(0.07096215906 -0.01851837083 0.0697724279)
(0.06940539765 -0.01851837083 0.0697724279)
(0.07096215906 -0.009141174791 0.07020716997)
(0.06940539765 -0.009141174791 0.07020716997)
(0.07096215906 0.0001851198078 0.06958963941)
(0.06940539765 0.0001851198078 0.06958963941)
(0.07096215906 0.009856330531 0.06925152457)
(0.06940539765 0.009856330531 0.06925152457)
(0.07096215906 0.0197273 0.06905804257)
(0.06940539765 0.0197273 0.06905804257)
(0.07096215906 0.02978432334 0.0689296202)
(0.06940539765 0.02978432334 0.0689296202)
(0.07096215906 0.03998423054 0.0686746417)
(0.06940539765 0.03998423054 0.0686746417)
(0.07096215906 0.05056553764 0.06831421984)
(0.06940539765 0.05056553764 0.06831421984)
(0.07096215906 0.06123391191 0.06823677162)
(0.06940539765 0.06123391191 0.06823677162)
(0.07096215906 0.07163824413 0.0687183383)
(0.06940539765 0.07163824413 0.0687183383)
(0.07096215906 0.08159743136 0.06906923248)
(0.06940539765 0.08159743136 0.06906923248)
(0.07096215906 0.09113428742 0.06948209069)
(0.06940539765 0.09113428742 0.06948209069)
(0.07096215906 0.09995849676 0.0700306457)
(0.06940539765 0.09995849676 0.0700306457)
(0.07096215906 -0.03554326059 0.04687080913)
(0.06940539765 -0.03554326059 0.04687080913)
(0.07096215906 0.01563484929 0.04528955973)
(0.06940539765 0.01563484929 0.04528955973)
(0.07096215906 0.1030338704 0.0464753555)
(0.06940539765 0.1030338704 0.0464753555)
(0.07096215906 0.04534136453 0.04461800362)
(0.06940539765 0.04534136453 0.04461800362)
(0.07096215906 -0.01526134147 0.04581027536)
(0.06940539765 -0.01526134147 0.04581027536)
(0.07096215906 -0.03734259739 0.05674096114)
(0.06940539765 -0.03734259739 0.05674096114)
(0.07096215906 0.005457407673 0.04552199046)
(0.06940539765 0.005457407673 0.04552199046)
(0.07096215906 -0.005003883762 0.04585880917)
(0.06940539765 -0.005003883762 0.04585880917)
(0.07096215906 0.1152547685 0.06767521426)
(0.06940539765 0.1152547685 0.06767521426)
(0.07096215906 0.115095696 0.05833006822)
(0.06940539765 0.115095696 0.05833006822)
(0.07096215906 0.1076279401 0.07101434463)
(0.06940539765 0.1076279401 0.07101434463)
(0.07096215906 -0.02535574406 0.04536990804)
(0.06940539765 -0.02535574406 0.04536990804)
(0.07096215906 0.03558261079 0.04493020804)
(0.06940539765 0.03558261079 0.04493020804)
(0.07096215906 0.05475173787 0.04399169939)
(0.06940539765 0.05475173787 0.04399169939)
(0.07096215906 0.08298940616 0.04511064147)
(0.06940539765 0.08298940616 0.04511064147)
(0.07096215906 0.07342095114 0.04471397477)
(0.06940539765 0.07342095114 0.04471397477)
(0.07096215906 0.09294106921 0.04561307463)
(0.06940539765 0.09294106921 0.04561307463)
(0.07096215906 -0.01974870683 0.06202812648)
(0.06940539765 -0.01974870683 0.06202812648)
(0.07096215906 -0.01213425566 0.06380078759)
(0.06940539765 -0.01213425566 0.06380078759)
(0.07096215906 -0.003743745898 0.06235453267)
(0.06940539765 -0.003743745898 0.06235453267)
(0.07096215906 0.005943429592 0.06188612319)
(0.06940539765 0.005943429592 0.06188612319)
(0.07096215906 0.01571010319 0.06157130532)
(0.06940539765 0.01571010319 0.06157130532)
(0.07096215906 0.02585658674 0.06156398358)
(0.06940539765 0.02585658674 0.06156398358)
(0.07096215906 0.03578791307 0.06121752296)
(0.06940539765 0.03578791307 0.06121752296)
(0.07096215906 0.04628530034 0.06097026527)
(0.06940539765 0.04628530034 0.06097026527)
(0.07096215906 0.0581140667 0.06002285438)
(0.06940539765 0.0581140667 0.06002285438)
(0.07096215906 0.06922241204 0.06099697847)
(0.06940539765 0.06922241204 0.06099697847)
(0.07096215906 0.07923795063 0.06137394128)
(0.06940539765 0.07923795063 0.06137394128)
(0.07096215906 0.08913224598 0.06186291774)
(0.06940539765 0.08913224598 0.06186291774)
(0.07096215906 0.09839838206 0.06233421552)
(0.06940539765 0.09839838206 0.06233421552)
(0.07096215906 -0.02960979766 0.05275407252)
(0.06940539765 -0.02960979766 0.05275407252)
(0.07096215906 0.02096566503 0.05358604516)
(0.06940539765 0.02096566503 0.05358604516)
(0.07096215906 0.1057837985 0.05534762667)
(0.06940539765 0.1057837985 0.05534762667)
(0.07096215906 0.0408753658 0.05316271504)
(0.06940539765 0.0408753658 0.05316271504)
(0.07096215906 0.0308947696 0.05340268028)
(0.06940539765 0.0308947696 0.05340268028)
(0.07096215906 -0.02882490417 0.06065490333)
(0.06940539765 -0.02882490417 0.06065490333)
(0.07096215906 0.06420149666 0.04407380594)
(0.06940539765 0.06420149666 0.04407380594)
(0.07096215906 0.1071414554 0.06363681918)
(0.06940539765 0.1071414554 0.06363681918)
(0.07096215906 0.01088849527 0.05379690923)
(0.06940539765 0.01088849527 0.05379690923)
(0.07096215906 0.08635526537 0.0536458978)
(0.06940539765 0.08635526537 0.0536458978)
(0.07096215906 0.09612539608 0.05419324648)
(0.06940539765 0.09612539608 0.05419324648)
(0.07096215906 0.05067018384 0.05270808547)
(0.06940539765 0.05067018384 0.05270808547)
(0.07096215906 -0.01072145547 0.05515068907)
(0.06940539765 -0.01072145547 0.05515068907)
(0.07096215906 0.07669541426 0.05332948127)
(0.06940539765 0.07669541426 0.05332948127)
(0.07096215906 0.0005008066396 0.05406433522)
(0.06940539765 0.0005008066396 0.05406433522)
(0.07096215906 0.06733054575 0.05281947852)
(0.06940539765 0.06733054575 0.05281947852)
(0.07096215906 -0.02110159264 0.05372385513)
(0.06940539765 -0.02110159264 0.05372385513)
(0.07096215906 0.05919097252 0.05112443621)
(0.06940539765 0.05919097252 0.05112443621)
(0.0276081462 0.1199080816 0.04999943845)
(0.02703379736 0.06662286285 0.05483260405)
(0.02455641108 0.01734498722 0.04700994989)
(0.03824244562 0.133222663 0.03724773393)
(0.05359486512 0.1464036816 0.02073778344)
(0.04380743983 0.1521583872 0.01956946602)
(0.05723678183 0.1369769485 0.02540196105)
(0.05797955439 0.1453833878 0.03267738193)
(0.03301162878 0.1086765484 0.04354507371)
(0.04256248681 0.07726941373 0.03974892207)
(0.01742569176 -0.03481501645 0.05879830745)
(0.04253008937 0.1301776318 0.06611706665)
(0.01463216895 0.1318101962 0.04127974524)
(0.04095901902 0.1516524602 0.04032984142)
(0.04453311469 0.1413695182 0.03190637154)
(0.05774056011 0.137325594 0.0361823996)
(0.05734042406 0.1507016842 0.05399876682)
(0.04409847717 0.1512457445 0.0520426166)
(0.05277488672 0.1385748643 0.04813702627)
(0.04103893264 0.1532044856 0.06044122584)
(0.04386999057 0.1424369637 0.05784099464)
(0.01214337831 0.1314641716 0.07225678661)
(0.03876066402 0.1049777313 0.06547180446)
(0.05760964442 0.1418177974 0.0646211009)
(0.05217678986 0.1498677826 0.06963610869)
(0.04017515487 0.1530069156 0.07000124019)
(0.05289235087 0.1374020839 0.07751262302)
(0.06072045308 0.1525564352 0.09236280793)
(0.04313352483 0.148565071 0.08760086479)
(0.04192708173 0.1343090343 0.08497003054)
(0.05828935793 0.1349386912 0.09005941856)
(-0.01330509864 0.1525074184 0.09033485655)
(0.01021301762 0.1493357401 0.08369302885)
(-0.01158517268 0.1386425439 0.08158178395)
(-0.006909381095 0.1475845218 0.07138296105)
(0.01896197872 0.1496547031 0.08934937204)
(0.02780170396 0.1483425945 0.08788289442)
(0.01473569631 0.1011900135 0.05974643928)
(0.02002177115 0.1367885497 0.0859997334)
(0.01967661619 0.1507477405 0.07428012444)
(0.003406641792 0.1384633895 0.07810503926)
(0.004858552526 0.1513965413 0.07481205877)
(0.03187981103 0.1391110923 0.0897405953)
(0.0441179397 -0.04489632475 0.06893505608)
(0.04605258238 -0.05330975457 0.09015058515)
(0.03684431677 0.01109575069 0.0724843815)
(0.03436947448 -0.02417691023 0.07325111094)
(0.04646941878 -0.0401728563 0.0872347249)
(0.04462705152 -0.02752927865 0.08744205957)
(0.01062683376 -0.017684673 0.07152895278)
(0.007930808181 0.004145059815 0.05944367784)
(0.04749520593 -0.01441138105 0.09069602182)
(0.04677922956 -0.01288768164 0.07281844232)
(0.03874941028 -0.02321596215 0.03740314394)
(0.03799687338 0.03188671801 0.06697417577)
(0.03627212608 0.005745903409 0.03918987809)
(0.04490213266 -0.003856036661 0.08510244935)
(0.04599686289 0.01029141859 0.08690334075)
(0.009200048661 0.02657532564 0.06556815695)
(0.03859379611 0.05218919729 0.06770732382)
(0.04670803245 0.02316827504 0.08972893712)
(0.04677486871 0.02106708935 0.07327496956)
(0.0365879904 0.0283230595 0.03979146362)
(0.04836247395 0.03466689864 0.09098276042)
(0.04809804742 0.0461671621 0.08969302728)
(0.05420620922 0.03186123169 0.06998047598)
(0.03702055895 0.07471540482 0.06349217523)
(0.04832748533 0.05916961537 0.0881903831)
(0.01319729513 0.07918388629 0.06805675113)
(0.0126824972 0.05487765299 0.06934466308)
(0.04086709349 0.07372986263 0.08833951198)
(0.04832943339 0.07116618851 0.07615287591)
(0.03725999543 0.05549013463 0.04241628838)
(0.05683507039 0.08947516533 0.0888221858)
(0.05613249619 0.07551399732 0.08619059615)
(0.04424777782 0.08465379718 0.09027124035)
(0.04677961463 0.0991759206 0.08827443541)
(0.04629182022 0.08414289379 0.0739317107)
(0.05449126664 0.1086944651 0.08649558349)
(0.05307930233 0.1222816604 0.0862179193)
(0.05332098699 0.1233044867 0.07405223519)
(0.01056265159 -0.04627922126 0.06659408588)
(0.004310531124 -0.0673870563 0.09071458474)
(0.01950014843 -0.06547935015 0.09104402021)
(0.04157324675 -0.06962971681 0.08411279019)
(0.02904311524 -0.06134975499 0.08613014686)
(0.04145164271 -0.04719637594 0.04128475192)
(0.05370850236 -0.06867126685 0.01938364649)
(0.007426591061 -0.03766609555 0.03986175633)
(0.05290851011 -0.06654180952 0.03493643039)
(0.05691686461 -0.05293898103 0.03599937426)
(0.05470049459 -0.06813073723 0.04828212075)
(0.0557151365 -0.06759934615 0.05776103508)
(0.03976886973 -0.06877786746 0.07299755103)
(0.04873035341 -0.05452392724 0.07476989769)
(0.05520341459 -0.06926634449 0.07096114493)
(-0.01226792553 0.1489880413 0.02220349635)
(-0.01335560072 0.1418822658 0.0345680533)
(0.007420203915 0.1366179369 0.03355470372)
(0.006245588126 0.09887427997 0.04284980459)
(-0.00949125426 0.1445466691 0.04901649193)
(-0.0122243746 0.1500937851 0.06140721688)
(-0.01027697348 -0.05254041554 0.08998001803)
(-0.007353386222 -0.05635600694 0.07492423563)
(-0.01148598998 -0.03909264351 0.08613704214)
(-0.01066250251 -0.02687942791 0.0859729543)
(-0.01443700614 -0.004093691077 0.08771018319)
(-0.01468864638 0.01191207663 0.09119796425)
(-0.01568717843 0.02385122037 0.08993119338)
(-0.01179894735 0.03556566487 0.09069496244)
(-0.01712005548 0.04434077539 0.08842260174)
(-0.01593548575 0.05951145042 0.08782203475)
(-0.0155986956 0.07317616895 0.08920635369)
(-0.01372224571 0.08600661077 0.08982792484)
(-0.01678276488 0.09881656323 0.08822950915)
(-0.01004637292 0.1081334747 0.08490691878)
(-0.01042399106 0.1234985725 0.08735060902)
(-0.01522773579 -0.06258763762 0.02705140924)
(-0.01347237597 -0.06569388915 0.03677925286)
(-0.01294139234 -0.07105638873 0.04562322279)
(-0.009488029746 -0.06396637598 0.05874705112)
(-0.007799926055 -0.07073649618 0.07026587493)
(0.01691201615 0.1522920691 0.02181278669)
(0.00374477206 0.1486739724 0.01505333154)
(0.004682231975 0.133334302 0.0167710122)
(0.03074548184 0.1505701559 0.01610061838)
(0.04795252829 0.1348270219 0.02055042936)
(0.000161533358 -0.06343306881 0.02274468852)
(0.0168409896 -0.06574700808 0.01726833871)
(0.02855886789 -0.06938156001 0.02593476851)
(0.03987264006 -0.06787139715 0.01467522098)
(0.05487840349 -0.05320971297 0.01639433798)
(0.05849250684 -0.03786672198 0.01571666941)
(0.05735742308 -0.0293558122 0.02484422367)
(0.007144917118 -0.02022526716 0.03726243179)
(0.05768604011 -0.01511332139 0.02082295539)
(0.05427228116 -0.002329005325 0.02157731366)
(0.05447262539 0.00880337138 0.02130674573)
(0.01112493665 0.03061499358 0.04072602606)
(0.05407352807 0.02084794443 0.02047237793)
(0.05463482808 0.03527249414 0.02196912414)
(0.0568462167 0.05031819575 0.01985349318)
(0.05721618983 0.05974328847 0.0182153586)
(0.0132566516 0.08231072652 0.04323208897)
(0.05157093207 0.07024688478 0.01889271491)
(0.05345740659 0.08810470027 0.01519014453)
(0.05709084545 0.1002680973 0.01647635719)
(0.0494959445 0.1091118983 0.01873191947)
(0.05525112923 0.1255071756 0.01806682478)
(0.01173885976 0.003971287742 0.03933550352)
(-0.006810638527 -0.01480271145 0.02725220269)
(-0.009628990195 0.02260918669 0.02387497291)
(0.01010280292 0.05441651094 0.04315368432)
(-0.00649982333 0.03662307612 0.0232387448)
(-0.01529761765 0.07006943039 0.01865840474)
(-0.01214659531 0.09101101299 0.02258224972)
(-0.006947000213 0.1255466541 0.02256042575)
(0.04408077162 0.02327978266 0.03459146994)
(0.04302170419 0.01010724142 0.03388841432)
(0.003026016991 0.01168961038 0.03728749674)
(0.02058531907 0.008472956501 0.03564528564)
(0.02962489347 0.02127342728 0.03418002909)
(0.02965493766 0.01189117318 0.03639653005)
(0.02965207566 -0.003729224842 0.03362926349)
(0.03198568049 -0.01737715796 0.03303650894)
(0.02871818294 0.0097064032 0.05087730862)
(0.04453058851 -0.001490456214 0.03782073984)
(0.0558406002 -0.001450605126 0.03537505124)
(0.04667361654 -0.01839110844 0.03722610659)
(0.04608690449 -0.004034314241 0.05211064459)
(0.01748228874 -0.004051421086 0.03393091481)
(0.004485650845 -0.003489934812 0.03496751745)
(0.0173679495 -0.01602889436 0.03406322401)
(0.0164865953 -0.003808683853 0.04905611027)
(0.01641646672 0.002211530064 0.05460698311)
(0.02668508937 -0.02542088461 0.03294505396)
(0.03233253713 -0.01759639017 0.04713778477)
(0.03036292813 -0.01201117591 0.02287213652)
(0.02893004499 -0.003187683408 0.05241776001)
(0.06092884359 0.0100986797 0.0350913457)
(0.04683777191 0.008002526727 0.04958819266)
(0.05988097561 0.02457182836 0.03546772674)
(0.05964249527 0.009795331 0.04761835776)
(0.04263103832 0.03612372063 0.03470957797)
(0.04056596837 0.04609703212 0.0330668179)
(0.04025106931 0.02521722651 0.05634979326)
(0.04296866599 0.01130526794 0.05714709384)
(0.0380529753 0.0002252904483 0.02927446872)
(0.05577448997 -0.012310804 0.03245313)
(0.0585974833 -0.003996633029 0.04779574766)
(0.04765796873 -0.01577197133 0.04783730333)
(0.0423374628 -0.01327233349 0.02355941376)
(0.05883258852 0.0328401306 0.03979417629)
(0.0582592378 0.0205384947 0.04749688584)
(0.04626577016 0.04669222499 0.02490048625)
(0.01576559714 0.02418296814 0.03620298771)
(0.02740062149 0.03715582633 0.03531899912)
(0.03217936501 0.02433623998 0.0451424734)
(0.04318766805 0.03549077493 0.04749022216)
(0.03001073806 0.04831758797 0.02234300956)
(0.003674011171 0.02410270537 0.03810496118)
(0.017150048 0.03565662604 0.03645563553)
(0.01437070717 0.04565133199 0.03440648693)
(0.01839579776 0.02216483229 0.05341057975)
(0.0303234804 0.04711664677 0.03357343799)
(0.03068814858 0.03397445565 0.05195622342)
(0.02994643671 0.02032790807 0.05502321497)
(0.05641402457 0.04838968854 0.03591762966)
(0.05824053224 0.03281806945 0.05408652932)
(0.04210039717 0.06159504684 0.01916472302)
(0.04225487277 0.05849973226 0.03489553487)
(0.05439957322 0.07275198545 0.03255952019)
(0.04568044188 0.04917750732 0.04707064585)
(0.04735025601 0.03577858301 0.05692161274)
(0.01782234902 0.04693748889 0.02137408792)
(0.03080209917 0.06224087565 0.0191293037)
(0.004646722792 0.03463347157 0.03430440407)
(0.01668416655 0.03354323458 0.05263552792)
(0.03181659001 0.05796148828 0.03318395423)
(0.03155829036 0.04973757291 0.04797778854)
(0.03952050909 0.0451428561 0.02632393492)
(0.004973271871 0.047031523 0.02419543895)
(0.01434381652 0.06482224269 0.01695470971)
(0.03103833073 0.07529553118 0.02536925626)
(0.05401340491 0.06260345407 0.03505052388)
(0.0568991486 0.04963026895 0.0455207465)
(0.04749574172 0.05966177505 0.04555001478)
(0.04598154527 0.04804546823 0.06167286787)
(0.03411092557 0.004929708238 0.03167017873)
(0.01560969243 0.01293141587 0.04890330238)
(-0.006463130529 -0.004735615826 0.02091816132)
(0.005610439655 -0.01340289996 0.02266998002)
(0.01628641485 -0.01190763433 0.02314795585)
(0.01570006914 -0.02704109942 0.01758345126)
(-0.01007504127 0.01090476981 0.02105633819)
(-0.007189098204 -0.001161731682 0.03354985244)
(-0.0009506203625 -0.001831335654 0.05344019608)
(0.01458868477 -0.02785473327 0.03193512352)
(0.0196385016 -0.03816004461 0.03789755424)
(0.01757132646 -0.01488274037 0.05404028863)
(-0.008378714681 0.02190074567 0.03605724895)
(0.001026706709 0.027602293 0.0441375333)
(-0.007938936698 0.03834657362 0.03216336533)
(0.006620667021 0.04630914138 0.03304251477)
(0.002768611351 0.03732546776 0.04939899535)
(0.0174067355 0.06024491757 0.03497359168)
(0.0214278213 0.07251217974 0.03161987134)
(0.01735560256 0.0476246216 0.0487442904)
(0.01545822106 0.04952067687 0.06021293471)
(0.02127236089 0.007209821664 0.03171540419)
(-0.01021747336 0.009821697865 0.0354472752)
(0.001826003094 0.01054851572 0.05516656395)
(0.01309238865 0.01456665812 0.05924884698)
(0.02056759028 0.0468347218 0.0241561451)
(-0.005501837243 0.0472771145 0.02270740262)
(0.003263043438 0.06315627511 0.02384230657)
(0.01624689704 0.07989985685 0.01615821802)
(-0.00809677877 0.05175653744 0.03878931271)
(0.005378367209 0.06035089239 0.03541945242)
(0.006066450297 0.05064261896 0.05128065685)
(0.02041622697 0.05748422027 0.04823165595)
(0.00363877357 -0.02595372284 0.01377374649)
(-0.0136136911 -0.01686817437 0.03761516903)
(-0.01224872981 -0.0007454884151 0.04905398083)
(-0.001562007682 -0.0263686901 0.03458646476)
(0.002735468148 -0.01506425128 0.05562842045)
(-0.0119753373 0.0218430873 0.04554156159)
(0.003227072181 0.02381397583 0.05571072876)
(-0.009985664922 0.03694482847 0.04410034731)
(0.002923166426 0.03461923596 0.05953919149)
(0.009036833684 0.005513727765 0.03092651984)
(-0.01163984198 0.01089509875 0.04322679165)
(0.00754917329 0.04605329794 0.02705208909)
(-0.01395503089 0.06281399771 0.02325526406)
(-0.001017968995 0.06975946013 0.01560432645)
(-0.01384419017 0.06207631231 0.03523091242)
(-0.01304303957 0.04638333257 0.04825403006)
(-0.003192180547 0.07097177294 0.03541076704)
(-0.002998898177 0.05872009798 0.04637737538)
(0.002081617047 0.04642557961 0.06088461609)
(0.04675818404 0.0376613886 0.02490596676)
(0.05252785372 0.03795477084 0.02749107566)
(0.05226080587 0.03110373085 0.0257007029)
(0.0493015671 0.03487140183 0.02244544188)
(0.05362533107 0.02532188129 0.02469050908)
(0.05626432565 0.02233326395 0.05941952982)
(0.04816318734 0.02591450578 0.03363132111)
(0.047660184 0.03293526295 0.03425946297)
(0.0538120271 0.03189807381 0.0328201139)
(0.04002299549 0.03118171845 0.03120697698)
(0.046713135 0.039460862 0.03095002722)
(0.05002414047 0.03361490402 0.04070000067)
(0.05123009932 0.03357715029 0.01715184592)
(0.06032857816 0.03457385997 0.01769759607)
(0.06019086582 0.02489917423 0.01960519169)
(0.05943294435 0.03118593283 0.02718846091)
(0.05554244539 0.03174323066 0.009988791744)
(0.05054957721 0.03990266043 0.02079911542)
(0.05363012865 0.0391118412 0.01168004935)
(0.05416320713 0.02471395833 0.01778646533)
(0.04959493936 0.02134930472 0.01930876158)
(0.05969810339 0.03982344317 0.0250757524)
(0.06034638005 0.03930838049 0.01058523459)
(0.0476876934 0.04395425052 0.01827530082)
(0.05182505667 0.04610368308 0.01736062346)
(0.03802672419 0.04384962991 0.01785446283)
(0.04879962678 0.05386704766 0.01823339275)
(0.04497940117 0.04418581758 0.01163707052)
(0.04540602136 0.03415762246 0.02363706713)
(0.04609868639 0.03394219823 0.01937447735)
(0.0455754704 0.03780413311 0.02115918036)
(0.03150834033 0.04389594621 0.02411570341)
(0.02791784473 0.0464159966 0.0277144288)
(0.03377573016 0.07161855597 0.03464033742)
(0.03345601845 0.06047248457 0.04911074481)
(0.03471302359 0.04616580639 0.05785903053)
(0.03366187873 0.05241654309 0.02750714364)
(0.03381316098 0.08290421114 0.01497718434)
(0.0320131035 0.04370815278 0.02016976501)
(0.03368996622 0.03139439007 0.03005566366)
(0.03225144014 0.03765658786 0.03240406837)
(0.04095915766 0.03807794618 0.03073962956)
(0.02546045908 0.04014816883 0.03223452662)
(0.03151165812 0.038844784 0.03774746914)
(0.03434993132 0.0408819929 0.07523150178)
(0.03368063953 0.02797522096 0.03066920043)
(0.02827781953 0.03111262571 0.03034381584)
(0.03255653874 0.0332463571 0.03869326996)
(0.03027043507 0.04382429659 0.01771597981)
(0.03290095899 0.05439331929 0.01737176595)
(0.03110235077 0.04691515689 0.01193868993)
(0.04586658585 0.05163387358 0.02653888514)
(0.04572592939 0.04548371243 0.03049620362)
(0.05546074309 0.0489361369 0.05780434254)
(0.03815991199 0.05034958863 0.02609887645)
(0.03932224775 0.05192662091 0.03126907888)
(0.04374400748 0.07995527782 0.02705277306)
(0.04696962763 0.1000024335 0.03600068011)
(0.05596045616 0.07415276097 0.04498608707)
(0.04795545078 0.05978268815 0.05895832909)
(0.03712643611 0.05107512183 0.02168460271)
(0.03804766006 0.04528819505 0.0369306083)
(0.0530406369 0.04595064749 0.07214481836)
(0.03913587379 0.04414139458 0.01305052214)
(0.03685913482 0.03566193459 0.03712777082)
(0.04069427418 0.02498565376 0.02958868512)
(0.04158256687 0.03135054586 0.03888767391)
(0.04111019029 0.03670855453 0.02692989741)
(0.04685140685 0.05273862554 0.03175517355)
(0.04645996093 0.04400842493 0.03808694102)
(0.04508367064 0.03768272428 0.03901344698)
(0.03823560761 0.02050094771 0.0306748478)
(0.03964717136 0.02436524468 0.03654066814)
(0.06071232927 0.02353284702 0.02653072274)
(0.05102218794 0.0197722051 0.02473301074)
(0.04771921292 0.01903447395 0.03311281792)
(0.0463232867 0.02688242366 0.03952156763)
(0.04249762663 0.03417288619 0.02659719643)
(0.04322125914 0.03399537041 0.03033744348)
(0.04395980228 0.03826622622 0.02737305482)
(0.04463823398 0.04409721644 0.02140438061)
(0.04729914762 0.05167178879 0.0121992791)
(0.03822530375 0.05095042887 0.01209886382)
(0.05262458899 0.04513703447 0.02395392403)
(0.04629095029 0.04136434999 0.02114863347)
(0.06203568596 0.04363139087 0.0191324346)
(0.05736833498 0.04510204896 0.01317910647)
(0.0597238755 0.04731531331 0.02672191088)
(0.05229740534 0.0514199438 0.02570423999)
(0.05163589385 0.04539858025 0.0303575795)
(0.04871074286 0.04421295314 0.02177579683)
(0.04656765456 0.04045771827 0.01818469346)
(0.04117293938 0.04377093964 0.0198364214)
(0.04155162944 0.04778923925 0.02143114035)
(0.04294820478 0.05221082938 0.02236460843)
(0.02693424783 0.05454504293 0.01753145295)
(0.03315199402 0.0501502093 0.01408470454)
(0.03902370917 0.0553956226 0.01756356871)
(0.04786872727 0.05876320773 0.02588793198)
(0.04567133156 0.05098607199 0.03821572739)
(0.04440056642 0.04306448452 0.01728091851)
(0.04231770229 0.04344747329 0.01378651886)
(0.02653526841 0.04336650479 0.01322509989)
(0.03877555615 0.03731436429 0.0276747303)
(0.04076853751 0.03930021881 0.02682404185)
(0.03393292207 0.04280680667 0.02000473205)
(0.02105689354 0.04467520632 0.01878079925)
(0.02518725877 0.05038617564 0.02555376441)
(0.03480595873 0.04648984393 0.03325150984)
(0.03841564178 0.043284109 0.02175795382)
(0.0411420539 0.04414258046 0.02348953571)
(0.04021649732 0.04622226035 0.01750072715)
(0.01270352041 0.04363096395 0.02422653807)
(0.02073377336 0.05049833134 0.02690560354)
(0.02104935483 0.04559545809 0.03451769961)
(0.01924910128 0.03197334357 0.0333058424)
(0.02142655815 0.03962192606 0.02997449269)
(0.01456193471 0.04054885365 0.03330218393)
(0.01933967746 0.04566806195 0.07542412235)
(0.02615687375 0.04548875201 0.03247565622)
(0.02672235073 0.03740111003 0.04127806036)
(0.03105428538 0.0388290087 0.02595846186)
(0.03095971365 0.03959687491 0.02882656843)
(0.02894497754 0.02726408066 0.03044062768)
(0.02300482613 0.03422524079 0.0365535167)
(0.03286898859 0.05090664523 0.03232400055)
(0.0344838965 0.08472852041 0.03253279449)
(0.03387733829 0.07260708677 0.04702370904)
(0.03412326426 0.06103083627 0.06145635919)
(0.03290922966 0.04401483212 0.03740622295)
(0.03147722786 0.04172962411 0.04353079323)
(0.03458660142 0.04336696138 0.02251654606)
(0.0376282062 0.04297741218 0.02573855528)
(0.0401213074 0.05642469953 0.0266356708)
(0.0378415821 0.05148236214 0.03666133665)
(0.03453141178 0.05775947349 0.02385320072)
(0.02004554648 0.0553139712 0.01742182682)
(0.02643926378 0.05433026959 0.008912207919)
(0.03433748091 0.0433226224 0.02625239018)
(0.03406229757 0.0367912899 0.02607739412)
(0.03428595377 0.03959351117 0.02641945531)
(0.03801899586 0.03964856314 0.02633589717)
(0.03379005097 0.04069515922 0.02997740186)
(0.03733150421 0.04648325229 0.02424503465)
(0.03782509199 0.04369761021 0.03028062996)
(0.03754930854 0.04056293661 0.02950900457)
(0.03894216333 0.03473540975 0.02619857367)
(0.0381215791 0.04595197684 0.02068529308)
(0.0478058667 0.04204346995 0.02554116352)
(0.04431536497 0.04333114126 0.02644261674)
(0.04188556957 0.04749427954 0.02711787045)
(0.04109618076 0.04267368568 0.028076287)
(0.03728673768 0.04695683976 0.02896467814)
(0.03869665292 0.04327377719 0.01505295553)
(0.04249191788 0.04171659483 0.03262561267)
(0.04043697615 0.04043839915 0.03697530638)
(0.05467614347 0.04012419905 0.03761826457)
(0.05253504049 0.03980310922 0.04696911479)
(0.05831000582 0.06239907092 0.0609528493)
(0.043352365 0.04167269421 0.04391978362)
(0.03740388517 0.03780629496 0.04287920417)
(0.0383451622 0.04555434576 0.04229126917)
(0.0385814323 0.04145259908 0.03355053394)
(0.04176185121 0.02908031445 0.0281491356)
(0.02819826653 0.04337635422 0.02341602324)
(0.02947240831 0.04356303946 0.02156221644)
(0.01413383759 0.04367663821 0.01834991771)
(0.02830951012 0.03959319583 0.02645233829)
(0.03275146261 0.04713312796 0.02327797235)
(0.03073114394 0.04263652801 0.02689489954)
(0.03183793179 0.03619565095 0.02723930436)
(0.02938436739 0.0372878909 0.0268612917)
(0.0334375682 0.01850562867 0.02967105087)
(0.03306044532 0.02731042877 0.03631271624)
(0.03110126442 0.02329232338 0.07533956134)
(0.02143351959 0.02483847197 0.03196500579)
(0.027774323 0.01935519771 0.0323120678)
(0.02461808645 0.02773495299 0.03738884998)
(0.03261773493 0.03258042799 0.02610257939)
(0.03177305694 0.03387089482 0.03014613261)
(0.01583088366 0.02974978505 0.03027481351)
(0.02009290451 0.03082207238 0.03829328874)
(0.007945193795 0.04458153483 0.01861095995)
(0.01241768808 0.05404307169 0.01892757005)
(0.02111304838 0.04487897527 0.01301725601)
(0.02993525082 0.04670464234 0.01983453605)
(0.03415539847 0.03443058895 0.02603053014)
(0.03513116263 0.03729057378 0.0291579873)
(0.03471954008 0.04606430065 0.02014424758)
(0.03378135192 0.04336444981 0.01792778571)
(0.03244765084 0.04702149482 0.02771620565)
(0.03437025728 0.04392632583 0.02984104702)
(0.03348409036 0.04644390704 0.01691330819)
(0.03319753981 0.04330299818 0.01462901741)
(0.03529501984 0.04240874185 0.03316139673)
(0.03569957852 0.04061585762 0.03717027579)
(0.02687345974 0.04317350312 0.03719839003)
(0.02113995944 0.04419478925 0.0412686373)
(0.01938943972 0.07254166642 0.04686607035)
(0.02124046878 0.07294065439 0.06214014202)
(0.01802681557 0.06074923716 0.06150796193)
(0.03296139682 0.04900823395 0.03887432084)
(0.0350092536 0.03063220634 0.02663443211)
(0.03502863095 0.0338883576 0.02865394925)
(0.0371977026 0.03787713713 0.03274314161)
(0.01546411373 0.05242019263 0.02711868267)
(0.007114306343 0.03844411142 0.03388697451)
(0.01229662685 0.03660336775 0.03986480862)
(-0.000222657254 0.04612796163 0.02497343077)
(0.007679522696 0.05018516035 0.02829733593)
(0.005446457455 0.08913494902 0.01501218396)
(0.01150010055 0.05162900951 0.03321171937)
(0.0210428354 0.08423638976 0.03130906431)
(0.01487529123 0.09615826832 0.02629302592)
(0.01323160565 0.04311109403 0.03956939927)
(0.01814972567 0.04356924614 0.02292252915)
(0.02074256247 0.05179991751 0.03257849167)
(0.02233467513 0.04343229867 0.025229252)
(0.02293997187 0.03997460795 0.02635812186)
(0.02548557045 0.03937218201 0.02855240147)
(0.01711031356 0.04998506421 0.03993337181)
(0.02567088176 0.04367518532 0.02360645452)
(0.02478389338 0.047097948 0.02394241031)
(0.02861093095 0.05498356403 0.02388398278)
(0.0272915611 0.05124980772 0.02992309247)
(0.02110314635 0.0568279591 0.02473161461)
(0.02703871041 0.04240950795 0.02623809555)
(0.02769776759 0.04225032313 0.02963842648)
(0.02702254286 0.04347990476 0.01988903435)
(0.02743795146 0.03631395296 0.02624423895)
(0.0257767749 0.03885354385 0.025854908)
(0.02878423642 0.04611202839 0.02415133146)
(0.02855640388 0.03825001703 0.03016361978)
(0.02936471983 0.03402166178 0.0267109709)
(0.03207017158 0.05070782578 0.02078661614)
(0.03108186066 0.04385461909 0.03060560487)
(0.02948449266 0.04982142449 0.02511491009)
(0.02941718242 0.04318245321 0.01403000553)
(0.03046142475 0.04165477208 0.03359417874)
(0.02619385313 0.05150287107 0.03896146603)
(0.03086420845 0.03050860611 0.02757044196)
(0.02355755374 0.03714398837 0.02620748986)
(0.02605452329 0.03374073798 0.02595303339)
(0.02598436188 0.03639851362 0.03087022829)
(0.02328655508 0.04343974124 0.02119109936)
(0.02614737626 0.04624160032 0.02114266286)
(0.02606098386 0.04344482571 0.01655724206)
(0.002457940624 0.03767934559 0.03219860915)
(-0.007793544642 0.0418768146 0.06290838824)
(0.007619949698 0.03087318876 0.03231962694)
(0.007875945083 0.03761143562 0.03809886293)
(0.003834901729 0.03688975641 0.07237983837)
(0.0006815892414 0.05465222997 0.02656801101)
(0.0004372441917 0.04627128318 0.03294252647)
(-0.01444964264 0.07249240499 0.03174370409)
(-0.01303264494 0.06247513774 0.05809145192)
(-0.01663518213 0.05053010255 0.06032754679)
(0.002084094299 0.04335045618 0.01960088215)
(0.004968982669 0.08338141984 0.03253759095)
(0.002968785118 0.07393213511 0.04646882969)
(0.0009190608677 0.05634896811 0.06153490309)
(0.006911551465 0.05221319553 0.01965274726)
(0.009499101244 0.04193138716 0.03687973574)
(0.004421922903 0.04811157133 0.07262682954)
(0.01589636073 0.04479499076 0.02509539457)
(0.01596798538 0.04416428013 0.02021168552)
(0.01298252202 0.04355926772 0.0112100922)
(0.01555121511 0.02580539831 0.03140517061)
(0.01465563901 0.03101943716 0.0369835511)
(0.01818578807 0.04081875134 0.0271822112)
(0.01365481897 0.04005005754 0.02929833442)
(0.01050113771 0.04781047805 0.0398755053)
(0.01873860231 0.04350832875 0.02546425922)
(0.01950945498 0.04341572303 0.02076724281)
(0.01979044526 0.03776369994 0.02647553441)
(0.02143816539 0.01957973132 0.03035623833)
(0.02023009769 0.0262783777 0.03668687283)
(0.01676999638 0.02021584694 0.07370329364)
(0.02353174287 0.03404538522 0.02633615558)
(0.02286336347 0.03658049806 0.02920637116)
(0.02183435072 0.04698170839 0.02014866315)
(0.02330947089 0.05101372315 0.02176970994)
(0.02145132346 0.05589496874 0.009791933086)
(0.02346854984 0.04394748903 0.01801276508)
(0.02235079174 0.04400316906 0.01520265888)
(0.02389541181 0.04640896588 0.02814737467)
(0.01845112627 0.04626187334 0.02885882321)
(0.02276942152 0.04279467971 0.02945448425)
(0.02632277662 0.04696477096 0.01752241547)
(0.02444438861 0.04620921002 0.01440338046)
(0.02233665393 0.04155769227 0.03307284105)
(0.02202932638 0.03962543854 0.03691765944)
(0.02008675417 0.0377144908 0.04347626067)
(0.02551812062 0.03101153428 0.02747687235)
(0.02595818819 0.03360488204 0.02920491814)
(0.01340137344 0.03952090863 0.02607059242)
(0.01645666197 0.0483729179 0.02478398415)
(0.0006747132292 0.0506152738 0.01879615511)
(0.0147934549 0.04983830736 0.01183965051)
(0.01677141498 0.03802732554 0.0263158186)
(0.007394211585 0.0447414086 0.01371985493)
(0.002847475366 0.0310949574 0.03183464458)
(0.008535561265 0.02522316171 0.0319521985)
(0.007415266284 0.03332075999 0.03799561874)
(0.01275121535 0.0362649264 0.02624171569)
(0.0155780045 0.0186459632 0.03218162777)
(0.01219681351 0.02700542817 0.03879486858)
(0.01594560531 0.0342308331 0.02660264627)
(0.01624641828 0.03377757577 0.02960139497)
(0.01497785105 0.03668276193 0.03054750861)
(0.008625309058 0.04348254139 0.02041981292)
(0.01271646144 0.0434022909 0.02009241783)
(0.01612300485 0.04365002514 0.01682799468)
(0.0186556834 0.03415167588 0.02605606553)
(0.01854612133 0.03712871487 0.02903242375)
(0.01968337687 0.04300619461 0.01696270437)
(0.01947222138 0.05039330571 0.02250706984)
(0.01855916147 0.04542845425 0.01813614327)
(0.01865715679 0.04342951584 0.0142753373)
(0.01817511739 0.04145577613 0.03181313287)
(0.01802263093 0.03123934363 0.02605864653)
(0.01982628375 0.03398887636 0.02943472556)
(0.01926445072 0.03691623328 0.03273402058)
(-0.003915902669 0.03694603808 0.02419084996)
(-0.01072826001 0.04082844074 0.02682459557)
(-0.01568084745 0.03800292014 0.02407505565)
(-0.004325584512 0.04325192897 0.02619616281)
(-0.003096216857 0.03405272858 0.02615519274)
(-0.006577632676 0.03943370531 0.01834314452)
(-0.00664276983 0.03826220214 0.01436290178)
(0.003418047141 0.05227415704 0.03218457566)
(0.003153026835 0.04443247648 0.03781926068)
(0.002290372239 0.03881035089 0.03864573308)
(0.006795648589 0.04389899866 0.02338212718)
(0.006480979479 0.03983168545 0.0269438052)
(0.006584714703 0.04222668927 0.0298447946)
(0.001504355187 0.02573633037 0.0309762325)
(-0.01276822715 0.02207229764 0.05877840119)
(-5.22471702e-05 0.03312868238 0.04023423483)
(0.009708999703 0.04336072517 0.02296340182)
(0.009644892277 0.04646314023 0.02388525487)
(0.00786020123 0.04964946698 0.02417701458)
(0.009128785373 0.05610187188 0.02546834589)
(0.0081492829 0.0574639963 0.01951522922)
(0.007714657716 0.05652180718 0.01189905382)
(0.008833928229 0.04304758455 0.02609063666)
(0.008609435119 0.03649851428 0.02618335998)
(0.009898000111 0.04007631366 0.02628173583)
(0.009753377117 0.04118249068 0.02890092491)
(0.001994411575 0.04500686104 0.01299614157)
(0.01341619668 0.0465408798 0.02197450973)
(0.01240102712 0.04270819491 0.02718388329)
(0.0132288829 0.03340604797 0.02615875337)
(0.01255023423 0.04322532047 0.01659751996)
(0.01467013837 0.04302801269 0.02259689952)
(0.01241138027 0.04703346441 0.0271894704)
(0.01508914723 0.04351817425 0.02932076063)
(0.01226185473 0.05040231889 0.02437451354)
(0.01554280479 0.05046105832 0.0207302877)
(0.01635015489 0.04708105076 0.01831676592)
(0.01447867128 0.04363517182 0.01426438797)
(0.01658082763 0.04040146464 0.03747027588)
(0.01402127745 0.04094216192 0.04524747221)
(0.01403020125 0.03059190654 0.02648418895)
(0.003130095855 0.04399256381 0.02459426043)
(0.003928904844 0.04331529902 0.02170507394)
(-0.004853289854 0.04701039334 0.01778785454)
(-0.005611273198 0.03345191989 0.01861600516)
(0.003528711071 0.03917626848 0.02631113593)
(0.005757622403 0.0433694056 0.02608935535)
(0.006076327956 0.04355881292 0.01966523669)
(0.005829996175 0.03687621639 0.02634895636)
(0.003470213534 0.03733213335 0.02853836339)
(0.006691867321 0.01856615511 0.03122549735)
(0.007491388334 0.02771585973 0.03889280225)
(0.001849257101 0.02440631633 0.0755316381)
(-0.002996630577 0.02595881924 0.02688439003)
(0.000916494363 0.01918427475 0.0318898288)
(-0.0003648673364 0.02700321152 0.03832385013)
(0.005844187347 0.03408446753 0.02694640012)
(0.006074662286 0.0331109665 0.03022242913)
(-0.006012216687 0.0319238073 0.03231219616)
(0.005691962058 0.0373039694 0.03044490015)
(-0.003933643532 0.04068478579 0.0202854227)
(-0.01039789749 0.03968583843 0.02092323417)
(-0.01177176625 0.04526222832 0.02014231763)
(-0.003903888837 0.05169481066 0.01969246954)
(-0.004974446317 0.0580940876 0.01897464327)
(-0.004883166771 0.04561373358 0.01309563857)
(0.0009994513519 0.05067154156 0.01168758956)
(0.007220617167 0.04660786467 0.0212469473)
(0.006686455448 0.04341357235 0.01645854199)
(0.009226237373 0.03374227835 0.02601520842)
(0.00922519333 0.03735846638 0.02966543035)
(0.01024344465 0.04614427219 0.01979943865)
(0.009664305747 0.0430540865 0.01824613856)
(0.01074837903 0.04445760897 0.03023238724)
(0.01034957558 0.04991558616 0.02133020303)
(0.009673351942 0.04575462778 0.0158832659)
(0.008963700019 0.04315151848 0.0148044497)
(0.009767477233 0.04141590996 0.03267973659)
(0.007132330109 0.04325184716 0.04387089982)
(0.002397697057 0.05103356071 0.03913805968)
(0.01075808045 0.03037994 0.02873420997)
(0.009661661453 0.03351406405 0.02877775332)
(-0.003561768341 0.04031248985 0.02361506613)
(-0.006413520883 0.0401952427 0.02322250247)
(-0.008929011338 0.04592784848 0.02683853581)
(-0.01040713675 0.03378075017 0.02763596138)
(-0.0149848599 0.04287521963 0.03347096567)
(-0.01777249267 0.04562207984 0.02494942413)
(-0.01333651729 0.05282213028 0.0281422794)
(-0.006232837903 0.04514335117 0.03150921901)
(-0.01667915114 0.03655316652 0.01730877031)
(-0.01688898786 0.03905665066 0.0101601761)
(-0.01145181934 0.02999849817 0.01651817353)
(-0.007542137384 0.04340659365 0.02352640819)
(-0.005405045399 0.05242241301 0.02660176304)
(-0.003111384998 0.04317228218 0.02319085845)
(-0.003573971407 0.02554479046 0.01709241347)
(-0.003811495011 0.02544543813 0.01394266284)
(-0.003412808311 0.03151534833 0.013484032)
(-0.00333356188 0.03957664796 0.02641356902)
(-0.003512085238 0.04093903579 0.02956271161)
(-0.004669594506 0.04398301042 0.0379297012)
(-0.009739561539 0.0364748387 0.07503283913)
(-0.01403105201 0.07079530134 0.04699453789)
(-0.01548336479 0.04734279239 0.07462367135)
(-0.003326470644 0.05101029473 0.03317055485)
(-0.003395505858 0.05824649059 0.03382861905)
(-0.01466304466 0.0967643771 0.034265546)
(-0.0002145858038 0.04320532143 0.02731092301)
(6.506036811e-06 0.04943111041 0.0228488751)
(-0.006338068686 0.06206085812 0.02710169467)
(0.001896151805 0.05505944481 0.01940885515)
(2.478423102e-05 0.04432895475 0.02196170608)
(-0.001668468407 0.0367182436 0.02666888776)
(0.0004655659362 0.03915882109 0.02748056447)
(0.003437365245 0.04202212383 0.02691310173)
(0.003204369008 0.04036881844 0.02966330927)
(0.003242815664 0.04612608498 0.02117147282)
(0.003907839874 0.04461081816 0.0179500746)
(0.004209757421 0.05160771289 0.02402844263)
(0.003199250385 0.04693795034 0.02799104352)
(0.002851488321 0.04361338017 0.0305070042)
(0.003771098415 0.04921694005 0.01986488247)
(0.006310109732 0.04697697291 0.01782035228)
(0.004211463927 0.04363565886 0.01437535417)
(-0.002819679885 0.03602538706 0.02054915344)
(0.0044349466 0.04171695082 0.03357513158)
(-0.001364732732 0.04564662235 0.04481442449)
(0.007119738866 0.03051076258 0.02669167686)
(-0.002567622219 0.03907397608 0.02229832754)
(-0.006537803097 0.04094151604 0.02761113863)
(-0.003964563258 0.04343924955 0.02023777178)
(-0.003161490071 0.03917722301 0.01587695502)
(-0.01012756078 0.0481511383 0.01046411622)
(-0.004703267775 0.05137292301 0.01079576026)
(-0.009307426671 0.03719496762 0.02426372862)
(-0.01503726167 0.03147143208 0.02307656199)
(-0.01838786777 0.0261136994 0.02412061832)
(-0.01122610893 0.02678276909 0.02483694741)
(-0.01383915248 0.02942925064 0.03340472382)
(-0.01651515739 0.0318381965 0.01014813929)
(-0.009070945977 0.02479885777 0.0199080254)
(-0.006312469066 0.03414304259 0.02478243839)
(-0.006277740272 0.03707322676 0.02674058141)
(-0.007374772247 0.03698466924 0.02059140741)
(-0.004055719137 0.03068603151 0.02338134709)
(-0.003654493568 0.02695501368 0.02320984678)
(-0.004328690138 0.02118371444 0.02463821788)
(-0.005579807403 0.02560429686 0.03305572536)
(-0.004446272352 0.01979402677 0.01915289074)
(-0.002788267049 0.03274516676 0.02982127911)
(-0.004853310159 0.03530082655 0.0366923726)
(-0.003010624991 0.03365748907 0.02035822143)
(-0.003647405969 0.03683691014 0.02993950457)
(-0.004469321993 0.0365618375 0.01799155519)
(-0.01910099384 0.04397134692 0.01704634049)
(-0.01233524158 0.05242344935 0.01834134804)
(-0.007400819534 0.04282610016 0.01931415356)
(-0.003940619813 0.04239045599 0.01603670963)
(-2.265287566e-05 0.03377557645 0.02679864845)
(-8.86038357e-05 0.03517897108 0.02967907874)
(-0.001084621234 0.04395400691 0.0182587308)
(-0.002128444524 0.04811337651 0.02795751834)
(0.0005223590993 0.04709519693 0.0181661257)
(-0.001119602869 0.04471207564 0.01449696796)
(-0.000902041849 0.04059810866 0.03284410051)
(0.0005936875156 0.02940214763 0.02628265135)
(-0.0003403824016 0.03497464339 0.03392983898)
(-0.005946715805 0.001558610504 0.02476845188)
(-0.00946451874 -0.02846444678 0.02087636266)
(-0.01463370115 -0.0288464111 0.03614326956)
(-0.01250585505 -0.01106260742 0.05070350539)
(-0.009206441875 -0.001501005153 0.06239859217)
(0.04613543237 0.002831426259 0.02381288206)
(0.05071153207 0.001015041448 0.02433017546)
(0.05199969533 0.007592987725 0.02466303566)
(0.0495404479 0.004795199571 0.02285724471)
(0.03757077224 0.008520160609 0.02914641649)
(0.04722688533 0.01310266477 0.03249461172)
(0.05646835872 0.012067061 0.05565124057)
(0.04729599867 0.007480880306 0.03157920702)
(0.04840642364 0.001651185305 0.0323588709)
(0.04861712508 -0.03106231005 0.03181515273)
(0.05786307563 -0.01768205592 0.04367709111)
(0.0551713436 -0.0005825479529 0.05887152431)
(0.04714195773 0.006920888857 0.03759364619)
(0.0538518666 0.007147667452 0.01717684771)
(0.05979237647 0.006263682414 0.01773099143)
(0.05895428635 -0.0007048864716 0.01866656051)
(0.0577098067 0.006968252227 0.01088470714)
(0.05261304495 0.01287057133 0.02016076)
(0.05154620151 0.001652616144 0.0199305966)
(0.05446500683 0.0005531819849 0.008608665397)
(0.05220810571 0.007481138405 0.01278514343)
(0.06109394099 0.0005042994734 0.01240148576)
(0.05407811482 -0.006533595768 0.01834835123)
(0.05129462764 -0.01167557511 0.01747040716)
(0.04266196105 -0.02854981229 0.01698522635)
(0.02870211615 -0.0269359626 0.01607550184)
(0.04784486301 -0.03944538409 0.01581648687)
(0.05340825584 -0.006087129217 0.01312358563)
(0.04594920762 -0.004809764056 0.02080984923)
(0.04617451567 -0.004379142 0.01183577364)
(0.04571989708 0.005575989523 0.02178733621)
(0.04809611836 0.00257687925 0.02043420377)
(0.03339531431 -0.004044808056 0.0238105813)
(0.03342122575 -0.01212261927 0.02663973256)
(0.03725846777 -0.03798788905 0.01292941595)
(0.03176348485 -0.03702678333 0.03323825748)
(0.02924328244 -0.02837584982 0.0462580002)
(0.03359123913 -0.01315361163 0.06103409855)
(0.03244525292 -0.006266786154 0.03216339114)
(0.03336213171 0.002023945397 0.0322072612)
(0.02639210997 -0.0002079601997 0.0295630185)
(0.03103521801 0.002371227665 0.03871003868)
(0.0293572803 -0.003076972613 0.07181331221)
(0.03496740221 0.01410005154 0.02966397967)
(0.02656978157 0.005793447835 0.03229162532)
(0.03176815931 0.006512678852 0.03717561679)
(0.03542764219 -0.004029833049 0.01785298648)
(0.03029438661 -0.004939944632 0.0113826368)
(0.04020033175 0.01243700852 0.03207907034)
(0.03622009529 0.01014432224 0.03594026155)
(0.0402873895 -0.00512012696 0.02517340765)
(0.04443134289 -0.005960749915 0.02825076247)
(0.04667615415 -0.007027309871 0.03278050612)
(0.04127575675 -0.03590209737 0.03903094157)
(0.04734197062 -0.02667436259 0.04707457034)
(0.04581816503 -0.01654069054 0.05980852069)
(0.04012801205 -0.01228553357 0.02766852032)
(0.03835843432 -0.006344726756 0.03521210347)
(0.05004671707 0.0005421674336 0.0722031003)
(0.03969699227 -0.005989469751 0.01989409267)
(0.03855769185 -0.003516306463 0.01066972493)
(0.03758603247 0.000257633279 0.03868357267)
(0.04041356618 0.003034660665 0.0274287188)
(0.05206926406 -0.001753897342 0.02892569513)
(0.04884467485 -0.008655340554 0.04061785771)
(0.04142441679 0.01250521525 0.03753563613)
(0.05221237998 0.0147836646 0.02456300084)
(0.04782880938 0.01438566353 0.03705280534)
(0.04332559507 0.006071788548 0.02645607555)
(0.04423669418 0.003226523962 0.02839854323)
(0.05299690732 0.006804778568 0.03015116227)
(0.04240100492 -0.004025586186 0.019914464)
(0.04656783083 -0.0167368753 0.01923746964)
(0.03980908975 -0.01501540509 0.01777184438)
(0.05188713146 -0.006874266514 0.02461619443)
(0.04686868986 -0.01162307911 0.02649205764)
(0.04572408259 -0.0004140495542 0.02129239659)
(0.04937419185 -0.001423432842 0.02025463908)
(0.04968424425 -0.006020413082 0.02041378022)
(0.05970207706 -0.006231501259 0.02403637459)
(0.05971056532 -0.007504968633 0.01196449598)
(0.05523488017 -0.04066642969 0.03147216217)
(0.05936019045 -0.02752204758 0.04742076039)
(0.0577628901 -0.01616776246 0.05555578351)
(0.04536416934 0.001289561227 0.01777395492)
(0.0439229814 -0.007489363822 0.01980788218)
(0.04640560779 -0.009498108977 0.02168920038)
(0.05342653503 -0.0275349858 0.01263715766)
(0.04539991435 -0.01550727672 0.01016329265)
(0.03310032683 -0.0149768816 0.01930305992)
(0.03747265707 -0.01375587915 0.01138247103)
(0.04911534475 -0.02133309248 0.02730285323)
(0.04574047955 -0.01330977173 0.0320739791)
(0.04294158466 -0.003452098519 0.01405451544)
(0.03755714912 0.002831625666 0.02648251555)
(0.04148334033 -0.000455987011 0.02818472081)
(0.03401108972 -0.003261672521 0.02038765295)
(0.02506528012 -0.005028704224 0.01767730397)
(0.0215093906 -0.006010727397 0.01879394191)
(0.02514760715 -0.006278871449 0.02401564545)
(0.01951238899 -0.005459045826 0.02620610536)
(0.0260689717 -0.006916827303 0.0329087386)
(0.03141746742 -0.006777354903 0.03642680852)
(0.03801816493 -0.003353799445 0.02081061622)
(0.0406537401 -0.007409024565 0.02191982769)
(0.03893291453 -0.00363997368 0.01780379155)
(0.0137396833 -0.005763835515 0.02709277511)
(0.01982238603 -0.007855764602 0.03216807244)
(0.01491001525 -0.02879448487 0.04625812851)
(0.02088337797 5.660037288e-05 0.03136254518)
(0.01560399829 4.18978367e-05 0.03282442373)
(0.02054372415 0.001545445142 0.04059464062)
(0.01563239714 -0.0008703507435 0.07284964172)
(0.02395008076 0.003273612226 0.03637706005)
(0.02726041257 -0.01040004473 0.0250296753)
(0.02605260551 -0.005383775102 0.03817881883)
(0.03091653997 -0.003819673766 0.02275285843)
(0.02899110972 -0.0005217815017 0.02689900967)
(0.03034879624 -0.000789858484 0.03133187311)
(0.02846688369 0.01353762732 0.02920736911)
(0.02771169071 0.006476824766 0.03598718086)
(0.0323523668 -0.01072225462 0.03249456335)
(0.03412034529 0.004135280016 0.0262450221)
(0.0376009437 -0.004121747166 0.0245120722)
(0.03501279465 -0.007655477904 0.02384422591)
(0.03391489362 -0.01031227569 0.0216966111)
(0.04007829843 -0.01800138268 0.0265112802)
(0.03823029179 -0.01311897859 0.03207722459)
(0.02978956628 -0.01674172093 0.02591466691)
(0.03410326052 -0.02264245482 0.02284367796)
(0.03005689914 -0.04941124759 0.01984579969)
(0.0330977832 -0.05246803019 0.03406047946)
(0.0279417601 -0.03991295547 0.04968708654)
(0.03881161673 -0.02758973672 0.05774668926)
(0.02654885071 -0.01460323704 0.02020201508)
(0.03226993511 -0.01304049273 0.01270626828)
(0.03459992996 -0.002536889544 0.02610271829)
(0.03381947672 2.501667662e-05 0.02883719263)
(0.0380783069 -0.002312198426 0.02686535918)
(0.03833883394 0.00568480659 0.02629233802)
(0.03793871008 -0.007172316474 0.02363211239)
(0.03749868141 -0.003523085413 0.03042095154)
(0.03797558474 -0.005868952512 0.02144695094)
(0.04020021035 -0.003906822298 0.02248209801)
(0.04739244786 -0.004213288794 0.02529952456)
(0.04363365318 -0.006274574858 0.02383477915)
(0.04236363321 -0.003438011693 0.02727220666)
(0.04503935681 -0.001694912108 0.03044684676)
(0.04174801551 -0.009519966088 0.02467702593)
(0.04085337469 -0.007800376112 0.02848318614)
(0.04204281953 -0.004275401751 0.03149079201)
(0.03805492938 -0.0112996863 0.02374324528)
(0.0356661066 -0.007022682464 0.0276411229)
(0.04234046243 -0.01066881892 0.02069081463)
(0.04098116888 -0.008112066394 0.01786243519)
(0.04015726811 -0.004931089392 0.01419190937)
(0.03866603838 0.0005499911499 0.02613972838)
(0.04618255782 4.494578839e-05 0.02652515235)
(0.0398631211 -0.001291115486 0.03319846193)
(0.05133231378 0.00266025794 0.04552102768)
(0.05565752253 0.01079723732 0.06812058504)
(0.03967169478 0.002825234108 0.04612740573)
(0.03786445192 -0.01230626606 0.03827428506)
(0.04031406647 -0.009353847977 0.04579879995)
(0.04087609883 -0.03650111907 0.04997878094)
(0.03525111471 -0.01313003467 0.07564203279)
(0.04380428626 0.00990868391 0.02664679624)
(0.04026245343 0.006002459363 0.02944088631)
(0.04240819133 0.002248790995 0.03248722519)
(0.02803933516 -0.003723427605 0.02530402236)
(0.02777539641 -0.003489930054 0.02091158664)
(0.01556845868 -0.004229687857 0.01995426938)
(0.03155134886 0.002207445987 0.02628723116)
(0.03157943739 -0.007781116934 0.02372508605)
(0.03128667015 -0.003605593705 0.02643103756)
(0.03126663258 -0.004375496704 0.01992487199)
(0.02926519757 0.002803243115 0.02734229417)
(0.03461649734 0.01514661843 0.03830274926)
(0.01992445381 0.01515571467 0.02974754828)
(0.02510825618 0.01558252891 0.0366719868)
(0.0306061546 0.00551026325 0.02655766517)
(0.03242827546 0.006225826388 0.02930230703)
(0.0136545053 0.008105552506 0.03143243813)
(0.03114686787 0.002619215751 0.02975784828)
(0.006496860434 -0.004065444267 0.02033145223)
(0.003706477214 -0.03574552429 0.01995293719)
(0.01965597368 -0.01484270025 0.02026287156)
(0.02128796389 -0.01611688829 0.01222680162)
(0.02090902309 -0.004290926398 0.01267437346)
(0.02794732261 -0.01604984695 0.01120465508)
(0.03149748874 -0.005615408791 0.01731652307)
(0.03639721995 0.005643890478 0.0291858801)
(0.0345969141 0.003322966279 0.02942345328)
(0.03459662156 -0.006405447858 0.0204673202)
(0.03585047768 -0.003422898323 0.02261520077)
(0.03282436974 -0.003602937397 0.02994165771)
(0.03404688291 -0.003932079217 0.01458733881)
(0.03482965752 0.0004600752491 0.02607001014)
(0.03427651836 -0.001410125716 0.03422424901)
(0.03266653071 0.006385467706 0.04293537697)
(0.01931986795 -0.007604411407 0.03733145653)
(0.03256293412 -0.004936349662 0.04219874367)
(0.03418732209 0.009829319253 0.02908245771)
(0.008303883147 -0.006844555276 0.02395157957)
(0.005988523759 -0.0003720900282 0.0321762934)
(0.01368918668 -0.006920127662 0.0323803984)
(0.0008873778891 -0.00477721757 0.02616129834)
(0.008716423145 -0.007014432678 0.03334417495)
(-0.00150004065 -0.03992332907 0.02897521334)
(0.001741366814 -0.0308314806 0.05128220262)
(0.01369407122 -0.01098558407 0.0264930169)
(0.01300132176 -0.004894446418 0.03752467165)
(0.01881191036 -0.003557911584 0.02417735347)
(0.01918698944 -0.01255468397 0.02818988322)
(0.02140411232 -0.003005328983 0.02294467616)
(0.02173346347 -0.001404494577 0.02886004167)
(0.02705147668 0.002482733901 0.02639829219)
(0.02625900721 -0.01146846875 0.02985058365)
(0.02326382103 -0.01710418559 0.02783894626)
(0.02283700647 -0.02250081123 0.02266763781)
(0.01822885872 -0.04790208546 0.01451023274)
(0.02352920911 -0.0471328639 0.03037191415)
(0.01570409828 -0.05008596146 0.04503278445)
(0.02476918222 -0.002802745339 0.0262649648)
(0.02399098191 -0.004178654319 0.02960057257)
(0.0248701768 -0.004820220999 0.02073692115)
(0.02393168365 0.0002250734541 0.02628241764)
(0.02872279931 -0.006418970511 0.02433119917)
(0.02822708088 -0.007488715953 0.02073952886)
(0.02871426364 -0.004921049675 0.01788213151)
(0.03014242401 -0.007364450654 0.02820293175)
(0.02826697398 -0.003861012349 0.02962840897)
(0.03136379825 -0.009432554408 0.01967649322)
(0.02998444897 -0.004537539473 0.01472009163)
(0.0289435666 -0.001409542229 0.0371413006)
(0.026546617 -0.0002952708257 0.04274977636)
(0.02574512861 -0.01280385778 0.03714104951)
(0.0260445267 -0.009516830934 0.04507963283)
(0.03065493459 0.008935811724 0.02789232066)
(0.03014054372 0.00209478576 0.03452852582)
(0.02351007411 0.002969517475 0.0262938399)
(0.02405669311 0.00569678962 0.02633968305)
(0.02287209743 -0.003359122411 0.0201593692)
(0.002309919138 -0.0006791970013 0.03187414483)
(0.008924086697 8.862075193e-05 0.03775058713)
(0.00341624571 -0.005594961458 0.07522282317)
(-0.003052397426 -0.005541684761 0.02646206116)
(-0.01488236777 -0.04118515316 0.02637476333)
(0.003481276588 -0.007296486097 0.03306609802)
(0.001435430593 -0.006051007108 0.02008662103)
(0.007144378516 -0.01225582488 0.02672293756)
(0.006587177204 -0.005779697985 0.03944789561)
(-0.003584388552 0.0004570125264 0.0176652538)
(0.01352199978 0.01523723758 0.03307433124)
(0.01564607466 0.005545060953 0.03696577341)
(0.01442263032 -0.003337538303 0.02309423035)
(0.01890536235 -0.003414733898 0.02096024192)
(0.01337685406 -0.0123344314 0.01849866527)
(0.01359259527 -0.003546495336 0.01100113035)
(0.01763743254 -0.00178267167 0.02665606195)
(0.01628951941 0.0002466454429 0.0294868107)
(0.01460033416 -0.01085733092 0.03062734014)
(0.018389328 0.002715932488 0.02630197331)
(0.0170621231 -0.005784727741 0.024063679)
(0.01915800394 0.0004235028368 0.02933662083)
(0.01965824364 0.01488312941 0.03971858542)
(0.02221692667 0.005894677494 0.02899303179)
(0.02252252824 0.00183346743 0.02970364191)
(0.02141181255 -0.005958801181 0.02299536986)
(0.02154654357 -0.00319282013 0.02590478513)
(0.02409866828 -0.008989210095 0.02060734293)
(0.02290077092 -0.003221872991 0.01758552669)
(0.02330783205 -0.00339365585 0.01449897073)
(0.02422453455 -0.003186487209 0.02300233633)
(0.02642881688 -0.006589247038 0.02757981269)
(0.02218199815 -0.01092028941 0.02425345357)
(0.0224364816 -0.007451563486 0.02752104822)
(0.02729346823 -0.003128223748 0.0135682324)
(0.02629048034 -0.001484883271 0.03351250918)
(0.02263186187 -0.002278476137 0.03204358873)
(0.02183938663 -0.002133641454 0.03659436636)
(0.02124905264 0.003238918407 0.04738145012)
(0.01888324171 -0.01645017065 0.04209243092)
(0.02336897381 -0.01639197953 0.07255986571)
(0.0198270553 -0.005663110673 0.04312095908)
(0.0245328694 0.009268292169 0.02662772048)
(0.02490877917 0.004404712873 0.02967851376)
(0.02463265041 0.001881580143 0.03201462027)
(0.01313827593 -0.002232834878 0.02698672547)
(0.01593743095 0.003815504198 0.02645527126)
(0.01359951949 -0.007745661112 0.02297031854)
(0.01379596262 -0.01717906811 0.02634896763)
(0.00621905598 -0.01117427871 0.01871054185)
(0.008447762899 -0.01310984746 0.01493341159)
(0.01435379727 -0.01762470464 0.01891456841)
(0.01211715303 -0.01058152571 0.0130324209)
(0.007511754608 -0.00510889996 0.01326218104)
(0.009729353083 0.01366570589 0.03234190364)
(0.003239217999 0.008441335786 0.03009473119)
(-0.01261856457 0.0118061564 0.06293148458)
(0.007084799607 0.006671092069 0.03820125828)
(-0.002893751421 0.01541084016 0.08174343245)
(0.01299714542 0.002438184708 0.02605331389)
(0.01068642369 0.01715808495 0.03663889693)
(0.01360336829 0.005165170778 0.02626553554)
(0.01582160294 0.005792220035 0.02868446748)
(0.01630934423 0.003099917849 0.03085211918)
(0.008948158758 -0.003226816639 0.02033410072)
(-0.004284909766 -0.007416308741 0.01678958952)
(0.01237558399 -0.003327808308 0.02032375171)
(0.01628937225 -0.003492572607 0.01648193366)
(0.01868260443 0.00537471633 0.02639436812)
(0.01920187726 0.004005784862 0.02950612609)
(0.01897910235 -0.008438114671 0.020900863)
(0.01967600563 -0.003047033194 0.01686096789)
(0.01851525064 -0.008905658547 0.02497590115)
(0.01714999757 -0.007353855142 0.02805565358)
(0.01951874332 -0.003781862272 0.02958875729)
(0.01802568825 -0.00610595652 0.01722313182)
(0.01889564654 -0.003474543957 0.01420798127)
(0.02023926728 0.0006940346439 0.02630770597)
(0.01905057705 -0.001344734992 0.03237152341)
(0.01818632254 0.009108056186 0.02631443449)
(0.01906608154 0.001903032092 0.03338006606)
(-0.01524057449 0.0002809400067 0.02945099242)
(-0.01081869339 -0.008074244892 0.02465891402)
(-0.01553358408 0.001094422702 0.02010714539)
(-0.003339615259 0.008445180981 0.02629994153)
(-0.004577300895 -0.007034057891 0.03205755001)
(-0.006391882854 -0.0373167591 0.04183136246)
(-0.01520098671 -0.0261142797 0.05224430518)
(-0.01316589595 -0.01556348822 0.06093835868)
(-0.004621365745 0.0006595785348 0.03966713772)
(-0.01372681769 -0.001068470862 0.07608483585)
(0.001718569063 -0.01683174516 0.0259231197)
(-0.0004983783272 -0.006778319787 0.03774749448)
(0.005765042913 -0.004133845637 0.02392455529)
(0.006640905828 -0.00172156679 0.02743139043)
(-0.0009068443806 0.01574072441 0.03294530215)
(0.00207104246 0.005423842074 0.03784988052)
(0.008172305086 -0.01244455062 0.03133059917)
(0.008106467232 0.003484706998 0.02649634489)
(0.009367874578 -0.003552253629 0.02389375234)
(0.009782247663 -0.0116446968 0.02266897059)
(0.00771356007 -0.01746986095 0.02616963385)
(0.006461051208 -0.02588426558 0.02497800855)
(0.003514588319 -0.04811011628 0.02131035976)
(-0.003820381 -0.05729227618 0.03230438128)
(0.001220073304 -0.04281049813 0.0498274027)
(0.003135236095 -0.03762010805 0.06278023447)
(0.002961629505 -0.01545766944 0.0174686935)
(0.008574549846 -0.01719218108 0.01941591799)
(0.008689196283 -0.0004185442318 0.02648880464)
(0.009884969686 -0.0002031910116 0.02972759156)
(0.001313038742 -0.00530151309 0.01417807944)
(0.01258355159 0.002778528005 0.02955860214)
(0.01350387163 -0.003035985126 0.01766043278)
(0.01570397664 -0.003789223428 0.03034486079)
(0.009680183643 -0.00408579721 0.02942667912)
(0.01597693367 -0.009273639644 0.01934608835)
(0.01527445171 -0.00660328293 0.01352746328)
(0.01471385555 0.0005595897207 0.02631405719)
(0.01623314873 -0.0004581574857 0.03700124948)
(0.01502360934 0.0008201133834 0.0429363084)
(0.01293058421 -0.0110727485 0.03721810519)
(0.01229213296 -0.006728807494 0.04394281338)
(0.01259386024 -0.001964195294 0.03262765723)
(0.01437284969 0.008562897888 0.02698292244)
(0.01533586836 0.003204805403 0.03354041234)
(-0.004103352907 0.005753278077 0.01846418794)
(-0.004322569553 0.006261162343 0.01294323686)
(0.003244201667 -0.003953627581 0.02428841565)
(0.00291001466 -0.003398320636 0.02084063346)
(-0.009723360969 -0.006990931851 0.01782412057)
(0.003411821257 -0.001837368523 0.02668821838)
(0.005598920904 0.001375092323 0.02659302547)
(0.006976511988 -0.0046202845 0.02691770044)
(0.002434473842 0.001928217488 0.02617222504)
(0.006511887192 0.01436829571 0.03816541075)
(-0.002944091899 0.01448239682 0.02638544352)
(0.005511344967 0.005184637138 0.02819338788)
(-0.006542139475 0.005597338269 0.03315111751)
(0.006868688241 0.002118959196 0.02985006244)
(-0.0033156377 -0.0007133788625 0.02078497687)
(-0.004624705763 0.0003115649281 0.01282495721)
(-0.009436643843 -0.01400731265 0.01805044607)
(-0.008995830438 -0.01027274352 0.009715836981)
(-0.00340104154 -0.006914013873 0.0107086155)
(0.003372953773 -0.01184202378 0.01408117104)
(0.006218589945 -0.006777716563 0.02186020121)
(0.007302735378 -0.003294316372 0.0162662526)
(0.009240627962 0.006263522076 0.02699577872)
(0.009691002237 -0.007001020161 0.02055802274)
(0.009125635171 -0.003938315838 0.01814140765)
(0.01059782376 -0.007907747687 0.02735974634)
(0.009859910168 -0.005053133652 0.01486550298)
(0.01114924638 0.0003054333069 0.02609451984)
(0.008693599966 -0.002808936602 0.03390558128)
(0.006872535772 0.001016864597 0.04539621191)
(-0.00879755382 -0.007285715252 0.04040707249)
(0.005142179765 -0.01126355557 0.03669301148)
(0.005713421052 -0.01187799728 0.04356669956)
(0.007747885972 -0.005984787112 0.0511763223)
(0.008101747938 0.01053726 0.02634991423)
(0.009652869673 0.001727426514 0.03283258318)
(-0.005367862101 -0.001773628353 0.02361208106)
(-0.0110704153 -0.002365000221 0.02149470287)
(-0.01274358554 0.007226168004 0.02975497174)
(-0.01442636756 -0.008353745325 0.03250065974)
(-0.01428038462 0.002362056354 0.03884048999)
(-0.01848690718 -0.005644119577 0.02441338128)
(-0.01693752144 -0.01585963118 0.02409887132)
(-0.0175985688 -0.008041883537 0.04158809069)
(-0.01744202333 0.001009248918 0.0102090108)
(-0.009263720959 0.005850974755 0.02123812064)
(-0.003528266687 0.002850557558 0.02511612353)
(-0.005094611143 0.005556845768 0.02386431098)
(-0.003376314244 0.01449166588 0.01853091226)
(-0.002102973629 -0.004335895879 0.02110116599)
(-0.003379528354 -0.0002264090182 0.02617697791)
(-0.003441112485 -0.002254830777 0.02996532209)
(-0.003286133436 -0.01476289391 0.03709175545)
(-0.0009230514884 0.002561602082 0.0271111498)
(0.0006793373331 -0.003826806414 0.02339863412)
(-0.0003938709528 -0.0073615252 0.02429512338)
(-0.00133110396 -0.01116641269 0.02515167304)
(0.0001369227742 -0.01123922468 0.0312236367)
(-0.009351485421 -0.0552573612 0.01941279417)
(-0.01265720956 -0.05180231062 0.03489440814)
(-0.01163322928 -0.03898751934 0.0565111601)
(-0.01006603022 -0.02767737882 0.06173190797)
(-0.0001134117666 -0.0008380551235 0.02781039357)
(0.0007213141526 -0.004404412516 0.02966614456)
(0.002569566862 0.004795702997 0.02679776139)
(0.00299864011 0.001790084949 0.02935926899)
(0.00340352949 -0.007118998483 0.02413968027)
(0.003872783148 -0.0007280105248 0.02902297512)
(0.003595640492 -0.006741600627 0.02125564022)
(0.004211036579 -0.005466470963 0.01792497131)
(-0.004089679859 0.002996725204 0.02108616711)
(0.005972101336 -0.009544077672 0.0221532489)
(0.006785944446 -0.007931116712 0.02731831438)
(0.005018834468 -0.004153585366 0.03057357196)
(0.003018215438 -0.01029861442 0.02404349944)
(0.002783659551 -0.0075230562 0.02782414053)
(0.006660743642 -0.007029787776 0.01838353711)
(0.004235049525 -0.003782229293 0.01409576628)
(0.002464676481 -0.00022278468 0.03740456904)
(-0.001513785903 0.004450261006 0.04557208071)
(-0.001104568956 -0.006128085146 0.04550401452)
(0.006964356076 0.008561088821 0.02914803113)
(0.00649056979 0.002973727371 0.03436067773)
(-0.003592786087 0.0006442708017 0.02320442424)
(-0.007928389698 -0.002254905474 0.02746895816)
(-0.006473702467 -2.961476581e-05 0.02055412264)
(-0.004921957013 -0.009229426371 0.02186583581)
(-0.003323001303 -0.001226650816 0.01469431843)
(-0.009908133363 0.002044792714 0.02369187982)
(-0.01663507922 0.005749115904 0.02460608744)
(-0.01829001741 0.008787698781 0.0340980931)
(-0.01487867697 0.0123669006 0.02568667247)
(-0.01567707454 0.007970892918 0.01851923827)
(-0.01667964162 0.01596872343 0.0193176358)
(-0.01428220435 0.006953917967 0.0109493369)
(-0.007320256929 0.004829008314 0.02735991954)
(-0.003084152829 0.008753224522 0.02329158585)
(-0.003921167742 0.01148162491 0.02551147808)
(-0.005587671326 0.01246225322 0.03275528955)
(-0.003199865724 0.01223469836 0.01190119547)
(-0.003113590869 0.005084846558 0.02619394933)
(-0.003618814803 0.007236836731 0.02978765706)
(-0.003983749906 0.007818923032 0.03790223262)
(-0.0154432809 0.01071659316 0.0753662308)
(-0.003390471249 0.007463303171 0.02108216004)
(-0.00404460796 0.002249771511 0.0288820801)
(-0.003020148781 0.002971378506 0.01758960327)
(-0.0166151461 -0.006681843938 0.01697198198)
(-0.007850995467 -0.001571788116 0.01766361475)
(-0.003048363205 -0.0189418355 0.0179609205)
(-0.003951388464 -0.002878327383 0.01764026479)
(-0.0006634035694 0.006091477928 0.0277111483)
(-0.0001251749539 -0.008433782936 0.02113674322)
(-0.0001998511663 -0.005581818491 0.01747948112)
(-0.002398363258 -0.01370801345 0.02110857476)
(-0.001680632481 -0.004023873269 0.01444718891)
(-0.0003495627488 -0.002882992972 0.03349100363)
(0.0002570273865 0.009435733183 0.02791921572)
(-0.00109969706 0.002410590361 0.0320438762)
(0.03673247209 0.04311557855 0.005686818001)
(0.04973616932 0.03756693516 0.008262207203)
(0.03315414553 0.04555367577 0.00656412107)
(0.03784089302 0.04288485096 0.008340487931)
(0.04207139249 0.0428401777 0.004348750162)
(0.04598470767 0.04336361824 0.007352888034)
(0.04049456964 0.04369029037 0.008028118209)
(0.0436683293 0.04688240969 0.006054583544)
(0.04110388445 0.04916571054 0.007129423688)
(0.04017727439 0.04544886575 0.01095748216)
(0.04912879182 0.04124149298 0.007061619002)
(0.05022864087 0.04131067914 0.01151801325)
(0.05315085164 0.05108116702 0.01044184329)
(0.04702952535 0.04122069091 0.01116788295)
(0.03564239634 0.04297358666 0.008162904709)
(0.03758993256 0.0459644057 0.00689939954)
(0.03743635962 0.04340916476 0.01083733766)
(0.02474258652 0.04338177903 0.006040878572)
(0.02837407672 0.04464420688 0.005093241924)
(0.03203620135 0.04363671386 0.004576919156)
(0.03204285183 0.04282292044 0.007139699025)
(0.02941270564 0.04305549589 0.007057057714)
(0.03280859199 0.04362747702 0.01078770415)
(0.037781409 0.05050131303 0.006106562073)
(0.03928776514 0.05729941716 0.009742633805)
(0.03233756031 0.05781911751 0.01050468603)
(0.02196026778 0.04276476855 0.004886809217)
(0.02526686677 0.04328346932 0.008958015551)
(0.02847618858 0.04594813843 0.008138542848)
(0.02895631535 0.04387283342 0.0117106731)
(0.03310876961 0.0509119565 0.007042070424)
(0.02189813419 0.0432059281 0.01016890796)
(0.0246533553 0.04611592946 0.007942583959)
(0.02380287895 0.04352164067 0.01249517235)
(0.01462715232 0.04351890767 0.00516768309)
(0.01714854387 0.04257949434 0.004415010286)
(0.0189675722 0.04284856313 0.006625492314)
(0.02113255141 0.04581377287 0.007507237159)
(0.02519115623 0.05036122511 0.005896441267)
(0.02403678792 0.05030589734 0.01007620252)
(0.0263984433 0.04667309719 0.0111867935)
(0.01303799898 0.04271953403 0.004940860276)
(0.01596422741 0.0436385589 0.007144485178)
(0.01370790106 0.0430198927 0.009027667002)
(0.01472591321 0.04328104329 0.01120567963)
(0.01792807161 0.04616499027 0.006809579632)
(0.01879729086 0.04347367095 0.01041096211)
(0.01772079927 0.05060201377 0.007616596116)
(0.005606019025 0.04397916346 0.004914030756)
(0.01074373843 0.04448725557 0.00535757305)
(0.008818055697 0.04292200169 0.007825332272)
(0.01268836837 0.04579027419 0.00738432397)
(0.01459138795 0.0552850178 0.01077933946)
(0.01530957924 0.046103911 0.01078084902)
(0.003335484175 0.0428535066 0.004802017005)
(0.006438372205 0.04383264026 0.007972908929)
(0.003957661358 0.04314120273 0.00852395659)
(0.005538078907 0.04438192637 0.01128182052)
(0.008565092235 0.04314002987 0.01130909613)
(0.01077389948 0.04237657523 0.005583625959)
(0.008046213042 0.0482494221 0.007049304233)
(0.01126714786 0.04901099213 0.0106463017)
(0.009471036277 0.04585051594 0.01141531577)
(-0.003422779448 0.03708919281 0.005513811615)
(-0.003984833349 0.03450258832 0.005073710549)
(-0.00365412822 0.03954608142 0.009028600503)
(8.320174876e-05 0.04407178914 0.008126839826)
(0.003486609636 0.04583943519 0.007318157096)
(0.002418782587 0.04318253954 0.01043732378)
(0.004951744308 0.04261747368 0.00600966405)
(-0.005413980667 0.03671619026 0.007336521307)
(-0.003797687559 0.0399541751 0.005869281035)
(-0.007410179217 0.03964817405 0.006610523743)
(-0.00316210017 0.04335226914 0.006781662236)
(-0.003982847584 0.04150397825 0.01182239975)
(-0.004001001204 0.02971040861 0.005170548279)
(-0.005059591932 0.03313094806 0.00801584128)
(-0.003183757562 0.0337100473 0.01124694048)
(-0.004123283332 0.03689595173 0.01159473102)
(-0.01137617004 0.04066833419 0.006815660291)
(-0.01027398084 0.04139004438 0.01092977735)
(-0.0170876495 0.04678112584 0.009829437493)
(-0.006737001194 0.04336234305 0.007996806745)
(-0.006667661962 0.03973409041 0.01047511966)
(-0.003977918403 0.04703225988 0.0062658826)
(-0.0004084524549 0.04574767218 0.005749102138)
(-0.0004712887467 0.04392016957 0.01144309707)
(0.001103866992 0.04253177345 0.004403218002)
(-0.0001945949848 0.04997299432 0.007165497432)
(0.0007181846979 0.05556627792 0.01050531603)
(-0.008978918991 0.06024644465 0.0105970889)
(0.0005350867721 0.04721485554 0.01070956692)
(0.0385094127 -0.004004600066 0.005535172152)
(0.04572084423 0.000363209445 0.007560731817)
(0.03471743176 -0.003107226879 0.0049267359)
(0.03823808011 -0.002789815882 0.008021932246)
(0.04204730235 -0.003029206908 0.004568709115)
(0.04514712914 -0.003309910382 0.007407319081)
(0.03996407851 -0.005208797674 0.007954881711)
(0.04355244767 -0.00670637321 0.007327600313)
(0.04216274808 -0.003916810235 0.01078626367)
(0.04910378899 -0.001547221269 0.006992497917)
(0.0500358608 -0.002642515784 0.01255851768)
(0.05426036279 -0.01215884676 0.009692325944)
(0.04642763346 -0.001532633491 0.01048660204)
(0.03342305533 -0.002499585415 0.008077506908)
(0.03730579932 -0.006154566934 0.007280088926)
(0.02448801543 -0.004686098685 0.005241066715)
(0.02756944233 -0.00479168462 0.005052604879)
(0.03294266489 -0.002824512976 0.00593969907)
(0.03118898569 -0.003124325981 0.008346456243)
(0.02849088068 -0.002308356433 0.008120418006)
(0.03367142165 -0.006000807252 0.006993704401)
(0.03312183731 -0.003346117641 0.01098471011)
(0.03698443759 -0.002423537722 0.005555394106)
(0.0396690434 -0.01019626241 0.007322300506)
(0.04051105507 -0.02220832352 0.01010872187)
(0.03377988592 -0.01960173442 0.01066253889)
(0.03562028774 -0.007910591605 0.01100601999)
(0.03763613914 -0.003267449798 0.01551765115)
(0.02139614858 -0.003566289358 0.006041637752)
(0.02551633071 -0.003582221004 0.008715328299)
(0.02876994791 -0.006205686081 0.00762977436)
(0.02938742098 -0.002848778788 0.006575737181)
(0.03292305835 -0.01127044178 0.007115341156)
(0.0231607667 -0.002415769548 0.008021811825)
(0.02558708995 -0.006568609656 0.006586768588)
(0.02743378722 -0.00309332252 0.01065394979)
(0.01508799291 -0.0024123279 0.004582871433)
(0.0177042524 -0.004040256966 0.006172075922)
(0.01841643214 -0.002664593285 0.00808310041)
(0.02269895256 -0.005986206383 0.007983579065)
(0.02362644533 -0.003377352064 0.01117505425)
(0.02426921627 -0.002507777317 0.006539290929)
(0.02546926527 -0.01042932033 0.007072640046)
(0.02327554921 -0.00967627631 0.01196195088)
(0.02592041935 -0.006600579208 0.0101895144)
(0.0126821354 -0.002917788291 0.005671421346)
(0.01588539914 -0.002699791346 0.008226188798)
(0.0135388814 -0.002713455526 0.007893071955)
(0.01554669536 -0.005355047705 0.0073667986)
(0.01647916172 -0.004287139058 0.01060884749)
(0.01916342614 -0.005870947074 0.00735268323)
(0.01887973298 -0.00350396476 0.01119839079)
(0.01883712093 -0.002753955286 0.00611480354)
(0.01981319215 -0.01131406512 0.006777843625)
(0.01914313865 -0.008406656459 0.01052316893)
(0.006073771298 -0.003165026267 0.005037959236)
(0.007617948078 -0.004822315705 0.004807611512)
(0.010857555 -0.002651249827 0.007157318594)
(0.01258634563 -0.005732936128 0.006989706098)
(0.01442104483 -0.002815185893 0.006652015114)
(0.01547086445 -0.009966951864 0.009121060028)
(0.01448685707 -0.01752857388 0.01176046071)
(0.003118273793 -0.002735307805 0.005858168504)
(0.007693912516 -0.002943012938 0.007182863695)
(0.003642681434 -0.00287060685 0.007800647686)
(0.006003064494 -0.006176638333 0.006563883393)
(0.005894389624 -0.004420735727 0.01050227072)
(0.009324348247 -0.006191856983 0.007611205927)
(0.008981554208 -0.003282342948 0.01057713786)
(0.009855604035 -0.01105830583 0.007030322117)
(0.007750019372 -0.01688887153 0.01022366461)
(0.01115448626 -0.006851280748 0.01105596936)
(-0.003907456644 0.001276667025 0.004968251178)
(-0.003106782987 0.006620937832 0.004817597766)
(-0.003160875581 -0.0002616203746 0.007985644441)
(-0.001659521159 -0.003374047443 0.008772427561)
(0.002980373796 -0.006222544979 0.007379997057)
(0.002765312426 -0.00590008723 0.01153055338)
(-0.005471594468 0.001948750101 0.007554883832)
(0.005196449699 -0.002552494842 0.006302431644)
(-0.002970994288 -0.000558786865 0.005226305971)
(-0.00598737209 -0.001792658389 0.006298752451)
(-0.003237698955 -0.003973880891 0.006259973176)
(-0.003835042886 -0.002468680168 0.01118770162)
(-0.00287164293 0.009257275795 0.004704374488)
(-0.004473376552 0.00579036734 0.007101723395)
(-0.002918183918 0.004151495749 0.01183430849)
(-0.003772573105 0.001908934259 0.01164962633)
(-0.01061091433 -0.002169518799 0.008123559805)
(-0.01777984492 -0.006352066079 0.008400348653)
(-0.0179375262 -0.01320018079 0.01090945789)
(-0.00662205595 -0.005080626783 0.007917816158)
(-0.006598635318 -0.000363895216 0.01055516881)
(-0.004657305242 -0.008207201365 0.006606000819)
(-0.0004043682304 -0.006350441164 0.007549174311)
(-0.000512044618 -0.00466122673 0.01146803479)
(0.0008161404381 -0.003282013574 0.007333593061)
(-0.001011396194 -0.01127705483 0.008797936956)
(0.001853239944 -0.01641639748 0.009527164872)
(-0.005440496861 -0.01870683476 0.009898044489)
(0.0009474532737 -0.008081443647 0.009836882176)
(0.03935349336 0.008415076529 0.02641562787)
(0.04596469708 0.008681963049 0.02275564953)
(0.04783318347 0.004767876236 0.02688423063)
(0.05095050616 0.005208204462 0.01939136215)
(0.04641827002 0.005414747329 0.01769540095)
(0.0579389695 0.01912252692 0.02404167852)
(0.04617997932 0.02114106905 0.03890839088)
(0.04142418333 0.01833471894 0.03810308198)
(0.04280168524 0.01300115253 0.02784272096)
(0.05279245713 0.01310764071 0.03250433019)
(0.04123407461 0.009662336074 0.02935383689)
(0.03846758956 0.01306670262 0.02572411414)
(0.05401209878 0.01218709886 0.01206572232)
(0.04207599121 0.006480981164 0.03251374964)
(0.04032539332 0.005878975013 0.0368633958)
(0.05568254939 0.006647529969 0.0400105576)
(0.03971793432 0.01080421884 0.04402301472)
(0.03757443047 0.006298080854 0.03257012646)
(0.04543820952 0.01189153553 0.02379175797)
(0.04909812037 0.0118238146 0.02238806402)
(0.05892407041 0.01234335373 0.02390371966)
(0.05969538289 0.01826406371 0.01842791519)
(0.04735477003 0.008558387486 0.02652737198)
(0.04441435774 0.007870349272 0.02933169163)
(0.0498949921 0.008837333011 0.01972618174)
(0.04596352221 0.01047541443 0.01825476495)
(0.04236027592 0.01766326106 0.02696013378)
(0.03441396784 0.02146286155 0.03693440226)
(0.03352225161 0.01321589046 0.02626231104)
(0.03861555864 0.01522410057 0.02604407844)
(0.0383724003 0.0122497214 0.02863039172)
(0.03903430412 0.009149266213 0.03212239953)
(0.04593692627 0.01487259606 0.02309069876)
(0.04777830343 0.01209017011 0.02778715504)
(0.04468653683 0.01526446784 0.02636232724)
(0.04444205991 0.01158710948 0.03051754748)
(0.04045350093 0.01862743518 0.02980506081)
(0.05371249718 0.01951005749 0.02947165082)
(0.03948303746 0.01548086149 0.02911112786)
(0.03375249955 0.01629390149 0.02655063515)
(0.03825501664 0.01799499821 0.02630371183)
(0.05095000852 0.02215277572 0.01391790764)
(0.03969842472 0.01099770918 0.02591536458)
(0.05746094333 0.01540202028 0.03971413531)
(0.0494820699 0.01356965197 0.04345776237)
(0.03070664092 0.01390400161 0.02635817803)
(0.04623141889 0.01799938944 0.0245403658)
(0.0489590484 0.01607743925 0.02803048825)
(0.04478768645 0.01629375003 0.02982979524)
(0.04914933402 0.01698309246 0.02069346022)
(0.04544413894 0.01795895058 0.02114801751)
(0.04602126393 0.01610419048 0.01756811195)
(0.04167401673 0.02137280641 0.0270335264)
(0.02182832203 0.02118515038 0.03687933556)
(0.03867465424 0.0215825688 0.02737711258)
(0.03676448462 0.01810971368 0.02890736332)
(0.04088215915 0.0141566513 0.02605998054)
(0.04289282204 0.01486030201 0.03298469138)
(0.03789126773 0.01536932553 0.03298027167)
(0.04603331521 0.02091409566 0.02242382479)
(0.04727112398 0.01965797026 0.02750339728)
(0.04478729063 0.02147292232 0.02611478422)
(0.04881518721 0.02313377453 0.02376969514)
(0.05364240087 0.02560520225 0.03112613392)
(0.05390606748 0.02679535137 0.01146356288)
(0.04548164887 0.02465559144 0.02451225643)
(0.04220386537 0.0244843465 0.02666641748)
(0.04452000473 0.02620269468 0.03020565258)
(0.04413489486 0.02170659389 0.03010526293)
(0.03386637414 0.02121523392 0.02589457989)
(0.03797506679 0.02441369135 0.02672279854)
(0.03999561108 0.01957402513 0.02587150601)
(0.04256408346 0.01873477812 0.03290047454)
(0.05256985044 0.02047695211 0.03786549428)
(0.04703459934 0.01999316178 0.04736537095)
(0.03716930778 0.0177862305 0.04699883411)
(0.02918332644 0.0173902712 0.02644532744)
(0.0377426128 0.01924066252 0.03346652395)
(0.04076014865 0.0217208618 0.03201327535)
(0.03494887058 0.02505658029 0.02927489395)
(0.03906788989 0.02750169217 0.0261361701)
(0.04578354702 0.02389212121 0.02108392037)
(0.04516752457 0.02733020243 0.0227926846)
(0.04820189151 0.02402054575 0.02806101446)
(0.04523541541 0.02773165412 0.02619932216)
(0.05068456025 0.02540573232 0.0206732238)
(0.04786296608 0.02736435062 0.0204006839)
(0.04692521132 0.02483972226 0.01748796355)
(0.0392704677 0.03127023155 0.02626528625)
(0.03772753785 0.02751280011 0.02889830938)
(0.04148005489 0.02483383118 0.03263514433)
(0.05377532975 0.02669935864 0.04040249387)
(0.0483863379 0.02966912095 0.04763275372)
(0.04057311586 0.02430108996 0.04333236754)
(0.02979407011 0.02439550406 0.02690267458)
(0.03810802214 0.02362183115 0.03176276088)
(0.04852573386 0.02688458683 0.02393426805)
(0.04622542786 0.03067155046 0.02262822333)
(0.04885758977 0.0288711058 0.02837882593)
(0.04451142727 0.03125433211 0.0263312956)
(0.04530872719 0.03010992377 0.03020813483)
(0.04662944958 0.02957930596 0.01763912855)
(0.03719443264 0.03068968255 0.02949585587)
(0.04265057356 0.02926012343 0.03358340406)
(0.03257374855 0.02757984844 0.02634617223)
(0.03812651992 0.02748558467 0.03282706123)
(0.04757213656 0.03388528588 0.02763098996)
(0.0504921964 0.03036657945 0.02097633438)
(0.03873580248 0.03423959336 0.02930817182)
(0.03761018875 0.03079704007 0.04471815232)
(0.0366812997 0.03129200676 0.03348645238)
(0.0375423938 0.002814962508 0.03186416818)
(0.02793629325 0.0110359351 0.02644862329)
(0.03113634035 0.02123101853 0.0271627447)
(0.03457108745 0.0214826862 0.02823494978)
(0.03675331308 0.02038326816 0.02585517627)
(0.02830816608 0.02058291497 0.02629476644)
(0.02912483427 0.02184721253 0.02967503424)
(0.03539470554 0.02156764795 0.03128206354)
(0.03083094973 0.01774816149 0.0436679938)
(0.03707783862 0.03315805642 0.02610562819)
(0.03963959411 0.03404146856 0.03331897577)
(0.03482784141 0.0343320286 0.03264609145)
(0.03089060811 0.03102054726 0.04314537228)
(0.0370664874 0.03626474931 0.02605911238)
(0.0346147704 0.004546676889 0.03510919769)
(0.03576840671 0.007738309764 0.02642679482)
(0.03517977916 0.008255441249 0.03199930369)
(0.03119006257 0.01202846457 0.02890758486)
(0.03620584903 0.011033186 0.02636281443)
(0.03627594061 0.01140817484 0.03165668118)
(0.03300606771 0.01273244595 0.0438456871)
(0.03145231027 0.01517577 0.03013002924)
(0.03620107059 0.01458478795 0.02629504198)
(0.03403203886 0.01379824473 0.03387505641)
(0.03507268333 0.01819139404 0.02608435376)
(0.03375486884 0.01746171852 0.03378244745)
(0.03159321809 0.0246308832 0.02889223875)
(0.03573020246 0.02336487673 0.02586891498)
(0.03509690305 0.02494980781 0.03330919532)
(0.0278297479 0.02768156358 0.02650343584)
(0.03592157555 0.02733607287 0.02636595633)
(0.0280931854 0.005558490537 0.02891377931)
(0.03026729388 0.005217422885 0.0324945143)
(0.02833064765 0.009117063043 0.03026799786)
(0.03252455589 0.007850365951 0.02602754483)
(0.03198108694 0.008131473748 0.03305192544)
(0.0250837276 0.01178577233 0.02792293044)
(0.03269554752 0.01057034221 0.02623518492)
(0.03225981382 0.01135171575 0.03207221191)
(0.02363420583 0.01414296167 0.02614372779)
(0.03055205362 0.01563202856 0.03368399304)
(0.02604542067 0.01811326359 0.02634693734)
(0.02872642699 0.01807400873 0.02965067898)
(0.0258061706 0.02136540392 0.02612494967)
(0.03215541492 0.01880013439 0.02610624505)
(0.03129697267 0.01936389205 0.03238451913)
(0.02537540158 0.02456642905 0.02700957094)
(0.02783006896 0.02461681941 0.02912664471)
(0.03254764165 0.02406744368 0.02610566219)
(0.03182253122 0.02353558103 0.03183083825)
(0.02384037332 0.02944721465 0.02628000096)
(0.02890824161 0.02737211851 0.0340917157)
(0.02904641858 0.03524746966 0.02930688758)
(0.03159193565 0.03093849094 0.03288661463)
(0.03149031504 0.03508288625 0.0347469756)
(0.02773460934 0.002777961921 0.03170533915)
(0.0276830596 0.005068876176 0.02598231968)
(0.02637826031 0.006711750472 0.04084771204)
(0.02230260292 0.008078476813 0.02621384476)
(0.02519266669 0.008303287499 0.02912357489)
(0.02256236639 0.01154960004 0.02641341886)
(0.02216479246 0.00959375956 0.0289166321)
(0.02759370005 0.0079591359 0.02611509553)
(0.02813216296 0.009242347 0.03349716453)
(0.02415821814 0.007961886598 0.03255132454)
(0.02933128473 0.01255958383 0.03194357017)
(0.0271362323 0.01322552484 0.04156585427)
(0.01861529203 0.01194426213 0.02597114507)
(0.02612873192 0.01491374127 0.02897353139)
(0.02578281267 0.01220464358 0.03204614897)
(0.02758379041 0.01403996662 0.0260761364)
(0.02719887834 0.01554520336 0.03246267728)
(0.01975194329 0.01458319009 0.02619156994)
(0.02258979599 0.01717087118 0.02729171244)
(0.01343571136 0.02056446994 0.0372319751)
(0.02272442664 0.01370918789 0.02896556059)
(0.02515889311 0.0176196039 0.02937599167)
(0.02263604127 0.02181987164 0.02811079413)
(0.02611616906 0.02121718467 0.02929487114)
(0.02872458298 0.01815339009 0.03661513796)
(0.02537080416 0.01943852193 0.04131307674)
(0.0183864557 0.01762824593 0.0265656095)
(0.02407991897 0.01877564267 0.03224404396)
(0.02310319478 0.02488099819 0.0263001383)
(0.02158671928 0.02494594107 0.02864468203)
(0.0245841258 0.0248487702 0.03036136587)
(0.02760239615 0.02394481618 0.02603640313)
(0.02759755294 0.02346583099 0.03225472757)
(0.02861880429 0.02404722294 0.03763957003)
(0.0245267871 0.02586364433 0.04392369838)
(0.01805797065 0.02529863241 0.02615493234)
(0.02517908466 0.02770955726 0.02898874418)
(0.024845337 0.02519267617 0.03408072786)
(0.01853790522 0.02791126202 0.0259142967)
(0.0224768288 0.02738125787 0.02943564003)
(0.02419561744 0.02946436704 0.03268646722)
(0.02795263605 0.03197693029 0.02601652419)
(0.02823855009 0.03129777222 0.0368332338)
(0.02339406569 0.03210847174 0.04314307821)
(0.02223152749 0.03122107856 0.02953217056)
(0.02880833667 0.03455993078 0.03239578968)
(0.01941442355 0.02112913484 0.02608614634)
(0.02347402484 0.01992713718 0.02592853732)
(0.02600521866 0.02134402694 0.03428677012)
(0.01627284026 0.02123897615 0.02586463642)
(0.0161086587 0.02183302177 0.02923071328)
(0.007793930447 0.02002336224 0.03856340135)
(0.02310064937 0.02198267327 0.03233356869)
(0.02008562956 0.02023257123 0.04401680416)
(0.01704440778 0.02671896496 0.04257795505)
(0.02573258619 0.03377987099 0.03336456299)
(0.02265974972 0.03406712407 0.03199425645)
(0.02236969206 0.0005879050392 0.033574345)
(0.02108458296 0.004058769869 0.02621884166)
(0.022453679 0.004364831715 0.03233653735)
(0.02029551567 0.008362068324 0.0419015364)
(0.01897657265 0.008189671972 0.02980975586)
(0.01857805446 0.005423213177 0.03324560386)
(0.01591371403 0.01275734992 0.02644484285)
(0.01463732017 0.01179275092 0.02931496783)
(0.01570799495 0.008970282522 0.02978489674)
(0.01913908249 0.01185705459 0.02877838099)
(0.02053903381 0.01020841181 0.02598770656)
(0.02224773103 0.01128046274 0.03166315909)
(0.02414139739 0.01133169175 0.03635796206)
(0.0157657941 0.01536709352 0.02667559758)
(0.01789305597 0.01293891443 0.03302969117)
(0.02281117205 0.0151865239 0.03264171898)
(0.01405472848 0.01744160079 0.02638836873)
(0.01661718786 0.01553925897 0.02949761199)
(0.01923685224 0.01937267216 0.02869217239)
(0.0209211881 0.01838048883 0.02583432143)
(0.01624329187 0.01865745332 0.02906833679)
(0.01975147691 0.0177240574 0.03239897918)
(0.01550869377 0.02550528285 0.0280072324)
(0.01894510141 0.02384376829 0.02879738483)
(0.02069124238 0.02386224404 0.02607758006)
(0.01352883398 0.02412372248 0.02586820941)
(0.01608434874 0.02817803076 0.02639859622)
(0.01916834469 0.02753502472 0.0290186922)
(0.01829211646 0.02442739465 0.0326507132)
(0.02080163854 0.02681183342 0.02618571563)
(0.0182049128 0.03116633332 0.02882872107)
(0.01912150835 0.02827318378 0.03298474983)
(0.02079931265 0.03174170505 0.02636376861)
(0.02126467607 0.03560695959 0.02603515613)
(0.02328782125 0.03724845041 0.0332148817)
(0.01358260402 0.02131939311 0.0265888844)
(0.018880707 0.02111553806 0.03203415204)
(0.01284145052 0.006378591858 0.02893353813)
(0.01552418188 0.006079494696 0.03182279168)
(0.01340873643 0.008048823884 0.04326610668)
(0.01132077257 0.008921868734 0.02948637793)
(0.01670447847 0.00709704485 0.0261291901)
(0.0162112198 0.008920408995 0.03352442533)
(0.009783785278 0.01252769207 0.0283366229)
(0.01517550623 0.01162553653 0.03700954136)
(0.01053171335 0.01509364369 0.04213789739)
(0.009558389622 0.01673193474 0.02646259305)
(0.01246761919 0.014712882 0.02913783913)
(-0.002739431093 0.02154520483 0.04055270754)
(0.009696689521 0.01828685671 0.02957219969)
(0.01320557697 0.01808803861 0.02966070373)
(0.007921641223 0.02289129023 0.02620032166)
(0.01213005051 0.02124700125 0.03018350313)
(0.0163323309 0.01918183973 0.02613214786)
(0.0163114731 0.01818001919 0.03624095243)
(0.0140287125 0.02064953983 0.04172786796)
(0.01501387483 0.02231556756 0.03245040987)
(0.009519997645 0.02440636349 0.02867059668)
(0.01288571365 0.02447193981 0.02914921757)
(0.01673991813 0.02334033376 0.02611771117)
(0.009148220039 0.02863376738 0.02636868515)
(0.01312611171 0.02815324404 0.02985998412)
(0.01523732121 0.02912622352 0.03317432526)
(0.01303549919 0.03326101157 0.0295496683)
(0.01526565021 0.03294426978 0.04356183142)
(0.01605306486 0.03308068958 0.03259530929)
(0.01261202347 0.001994627153 0.03480837928)
(0.01124645228 0.004796427582 0.02602486572)
(0.01228111649 0.005242486369 0.03238442089)
(0.00987143268 0.005295244969 0.03523481699)
(0.006950281661 0.00950113382 0.04493411441)
(0.003070594644 0.007939430494 0.02618325974)
(0.003804955197 0.01099916622 0.02662728728)
(0.01250717313 0.007917616816 0.02598792058)
(0.01225212317 0.008177322572 0.03389346804)
(0.007756620616 0.009763408256 0.03298855576)
(0.01245096276 0.01105998578 0.0262694068)
(0.01278833035 0.01126788817 0.03229445185)
(0.002642797289 0.01351337196 0.02960592839)
(0.007054610902 0.01388799012 0.02628233158)
(0.006199066856 0.0119935532 0.02984899799)
(0.007428487944 0.01559673985 0.0295499375)
(0.01029255092 0.01077886852 0.03712732436)
(0.01281615944 0.01403207894 0.02599630667)
(0.00421864218 0.01707464202 0.02653349521)
(0.007032675767 0.01879537352 0.02661555716)
(0.005667496872 0.02148600937 0.02633986048)
(0.009497260539 0.02079431508 0.02828123481)
(0.01203520821 0.01882888704 0.02616831979)
(0.0125924686 0.02003964962 0.03384787231)
(0.003052624156 0.01787532096 0.02957783939)
(-0.005777454825 0.01835609821 0.03189263554)
(0.01013785305 0.01738583874 0.03232034785)
(0.007241440563 0.01829692766 0.04714028391)
(0.00414306388 0.02451271931 0.02620351913)
(0.01103340529 0.02350622517 0.02625180991)
(0.01160176906 0.02441442258 0.0326879896)
(0.003276513071 0.02445249246 0.02900676328)
(0.007071428879 0.02622882014 0.0261347723)
(0.006213122959 0.02467098777 0.03000415216)
(0.00931138897 0.02763755218 0.03024166488)
(0.01050446558 0.02342823918 0.03721762632)
(0.009471465016 0.0256244031 0.0447066954)
(0.01241730716 0.02745000626 0.02627214921)
(0.012678889 0.02739466817 0.0342694587)
(0.003085130953 0.02758888957 0.02630568458)
(0.005099667886 0.02809596465 0.02938810318)
(0.009435232419 0.02712829251 0.03442540015)
(0.01116671099 0.03153236192 0.02600607848)
(0.01190911868 0.0308846005 0.0324770907)
(0.003693939608 0.03075977428 0.02714746934)
(0.009588421684 0.02999606533 0.03611728702)
(0.007160517389 0.0333478473 0.0439892253)
(0.01230928612 0.03699028676 0.03420666353)
(-0.004343400257 0.01821262947 0.02390310876)
(-0.0149874412 0.02045448215 0.0262862859)
(-0.01072584978 0.01990726344 0.02099297639)
(-0.003969066265 0.02180715564 0.0136413768)
(0.003436575284 0.02089405275 0.02652165101)
(0.005906586068 0.02116936789 0.02954910363)
(0.009928956489 0.02054322842 0.02592220602)
(0.008857962563 0.0212121873 0.0325585048)
(0.009157043154 0.03435823986 0.03372941093)
(0.005585067201 0.006194003124 0.03289464751)
(0.007073601559 0.007830015369 0.02599312837)
(-3.228158063e-05 0.01230260582 0.02678313439)
(-0.003993948508 0.0119656737 0.02156400603)
(-0.003190928589 0.01465281645 0.02341433215)
(0.0002426679703 0.01639031882 0.02688712713)
(-0.003578942055 0.01645347214 0.02065481964)
(0.006456777248 0.01446962589 0.03333994707)
(0.000468051608 0.02064688288 0.02672776823)
(0.001684033156 0.02134819009 0.0297888543)
(0.006828724353 0.01786288439 0.03503201559)
(0.004487558636 0.02074572008 0.03363351426)
(-0.003731309733 0.02401165873 0.02478110856)
(-0.0001016104055 0.02450928028 0.0283896386)
(-0.004127385417 0.02489526944 0.02003013806)
(0.006933114197 0.024024936 0.03451508608)
(-0.003477737198 0.02815159959 0.01972565896)
(0.006259909628 0.02775632002 0.0337147886)
(0.003217637828 0.03423069465 0.02959942405)
(-0.00554875397 0.03122339032 0.02051166153)
(-0.003409210032 0.02037820902 0.02082597237)
(0.04620508319 0.02068743513 0.01767764094)
(0.04836985212 0.03754887709 0.0172415281)
(0.04599753658 0.034702107 0.007476795341)
(0.04588661612 0.03525331754 0.01130090306)
(0.043194025 0.04383228596 0.006286601788)
(0.05161036239 0.04514992792 0.007414801663)
(0.04781966557 0.04750392241 0.008581618716)
(0.04835336736 0.04414153213 0.0104876273)
(0.04632918762 0.05143350764 0.006762025183)
(0.04368624869 0.0497620782 0.01080854234)
(0.04565651498 0.05732815642 0.01054845436)
(0.04351117109 0.04613476561 0.009521501561)
(0.04611963386 0.04097746317 0.01482644704)
(0.04527677962 0.03817117016 0.01352416507)
(0.04233302018 0.04323537181 0.01012443689)
(0.05172061422 0.045003452 0.01233995492)
(0.0471758841 0.04411212011 0.01439192574)
(0.04172043733 0.04680475719 0.01420251199)
(0.05088899698 0.04144823368 0.01579666662)
(0.04898964086 0.03777363799 0.01302036165)
(0.04618854417 0.0344728459 0.01517861046)
(0.03666468185 0.04610946299 0.01398789638)
(0.04718225532 0.04791801839 0.0140819054)
(0.04390291666 0.04605034813 0.01749485693)
(0.04115597301 0.04330852931 0.01675687102)
(0.04276030748 0.05072605588 0.01676296378)
(0.0353375659 0.04688709904 0.0102197721)
(0.03689407901 0.04304534963 0.01343801632)
(0.03726965759 0.04908754129 0.0173249712)
(0.035991122 0.04284096531 0.01634714456)
(0.03674781018 0.04285919086 0.01990576592)
(0.02950235191 0.05071042178 0.01048562387)
(0.0276529328 0.04597256263 0.01397492837)
(0.02983678819 0.04650196127 0.01573262992)
(0.02721870397 0.04278868126 0.006573219599)
(0.02829823273 0.04931993706 0.007059012078)
(0.02747384538 0.0428971623 0.01027644612)
(0.02172427536 0.04717625144 0.01099269)
(0.02788839914 0.05042518919 0.01415875767)
(0.02132411413 0.04663612737 0.01604389103)
(0.02945917561 0.04980584294 0.01760140415)
(0.02438095893 0.05013194001 0.01821899976)
(0.02755820679 0.04977562631 0.0213848624)
(0.02160708061 0.05014003718 0.006325522303)
(0.01797429705 0.04614587578 0.01422257608)
(0.02102546899 0.04268539535 0.01330964797)
(0.02329027596 0.05067356546 0.01421374832)
(0.01538330564 0.04759525545 0.01483952861)
(0.01859030603 0.04975951682 0.01238746634)
(0.01922642031 0.04938549744 0.01758979451)
(0.02133312157 0.04270596135 0.01912072796)
(0.01643187961 0.04296599866 0.009861184225)
(0.01257363221 0.04625746426 0.01367373615)
(0.01651498889 0.04314972552 0.01250482907)
(0.01532524277 0.05092238659 0.01627160001)
(0.01325336704 0.04635690333 0.01764444868)
(0.01151569084 0.04282989047 0.007408393716)
(0.01251215028 0.05072783802 0.00685399627)
(0.01098668526 0.04295586276 0.01001157573)
(0.01189053011 0.04312365356 0.01337620934)
(0.01123045522 0.04986369095 0.01451531915)
(0.006806131058 0.04728451024 0.01438865376)
(0.01249214749 0.04943384129 0.01886862999)
(0.009426958561 0.04898605386 0.01788076002)
(0.003283785597 0.04626230655 0.01101106962)
(0.005245086171 0.04954370246 0.01106661453)
(0.002986705941 0.04719011567 0.01469114149)
(-0.003231135322 0.03590582107 0.01574426689)
(0.007114909428 0.04283223017 0.0134870202)
(0.007616268369 0.05102804825 0.01557742684)
(0.002829401132 0.04281385808 0.007216216819)
(0.003867186155 0.05074559759 0.006479868598)
(-0.003016708237 0.04580910781 0.009858688678)
(-0.00472845809 0.03404844024 0.01467871074)
(0.001941499686 0.04289341788 0.01335060792)
(0.003549580877 0.05119331929 0.01561834603)
(-0.007608240655 0.04309250263 0.01422650509)
(-0.001016917869 0.05033502768 0.01492061318)
(-0.0118914617 0.04073747513 0.01538740172)
(-0.003182135925 0.03321879718 0.01754192916)
(0.002198808186 0.04321442159 0.01678068033)
(0.003272273294 0.003593747647 0.03203298014)
(-0.00575204947 0.006694342564 0.02129098551)
(0.0002662119805 0.006489633339 0.03234177402)
(-0.006500883831 0.008881033491 0.02357887655)
(-0.01107515717 0.008319886784 0.02495144951)
(-0.007307234948 0.01264592334 0.02443441458)
(-0.01231365286 0.01632852633 0.03274370718)
(-0.00863728502 0.01527684608 0.01140610051)
(-0.007996620718 0.01026019442 0.0286714776)
(-0.006365623234 0.009398956834 0.01925176201)
(-0.002574805404 0.01200604589 0.02956002401)
(-0.004765072335 0.01517922862 0.03776588852)
(-0.003260209947 0.008775921376 0.01719146458)
(0.003486499114 0.008651745168 0.03436573865)
(-0.0007747867632 0.01041922618 0.03334934305)
(-0.004221039749 0.01191579093 0.01734406258)
(-0.003343653316 0.01093486366 0.01457234193)
(0.003353450753 0.01198441815 0.03291987589)
(0.0002487406332 0.01316744297 0.04381791986)
(-0.0004167568286 0.01498427979 0.0292662908)
(-0.006345213772 0.01580840678 0.02369117469)
(-0.006787491916 0.01452780674 0.01928835116)
(0.002946247205 0.01399120273 0.02600924946)
(0.003243239326 0.01663753328 0.03412119376)
(-0.006334242588 0.01463823845 0.02832020879)
(-0.003609251175 0.01802530941 0.02677668862)
(-0.003058490525 0.01610129963 0.02955663798)
(-0.0141376364 0.02320225074 0.07454228887)
(-0.0004170956952 0.01819546188 0.02930977494)
(-0.008019589508 0.01885105418 0.02546474538)
(-0.01480717922 0.01996801985 0.01208810355)
(-0.005834176179 0.01834533032 0.02139642362)
(-0.003320610177 0.01763069966 0.01755051593)
(-0.003344800002 0.01871013218 0.0142580406)
(-0.002541071569 0.02188783123 0.02688436915)
(-0.006110985305 0.02138761471 0.02153954188)
(-0.00368352082 0.0217071414 0.0170182005)
(0.002456775054 0.01845199371 0.02583852766)
(0.002492699671 0.01796034376 0.03916546779)
(-0.0002434043515 0.0206353445 0.04743100308)
(-0.006581357674 0.02494165241 0.02394384047)
(-0.01530937856 0.02477106661 0.01840544522)
(-0.01636435444 0.0249557206 0.008007117888)
(-0.01062065804 0.02710168137 0.01101752441)
(-0.003142428914 0.02507531177 0.0301144549)
(-0.005582628399 0.02790743244 0.03854439045)
(0.002099610052 0.02364207693 0.02616654156)
(0.002555876645 0.0235041233 0.03222574668)
(-0.00718594769 0.02286436195 0.02828885845)
(0.0006914417347 0.02813733408 0.02963922852)
(-0.0005452884349 0.02610193905 0.03334483077)
(-0.006647862809 0.02771916606 0.02126752252)
(0.003263077183 0.0269197252 0.03247723892)
(-0.006591395258 0.02827690287 0.02785983509)
(-0.002531552879 0.02991083683 0.02667744893)
(-0.003151356785 0.02907063417 0.03016520452)
(0.0004361201627 0.03141133381 0.02901358749)
(-0.003994496904 0.03043829277 0.01689005122)
(-0.005304450506 0.03473976854 0.02151445921)
(0.002549276979 0.03255199385 0.02602865141)
(0.003533968311 0.02982186102 0.0367373363)
(-0.005743463362 0.03267225444 0.02790574451)
(-0.001056754291 0.03048502634 0.03355177937)
(0.002752765486 0.03607242552 0.02614617957)
(0.04954953184 0.002187203252 0.007107969692)
(0.05039939688 0.005512039863 0.00601673146)
(0.04768381959 0.006338010501 0.007220170216)
(0.04571843289 0.002041617259 0.01122227808)
(0.04135476005 -0.00322090239 0.007999259575)
(0.05092218292 -0.00526295545 0.008296580373)
(0.04799385746 -0.008553380981 0.00806254204)
(0.04434271217 -0.01174605008 0.006151787801)
(0.04415940054 -0.009849360314 0.01051087158)
(0.04421660408 -0.006760485231 0.01297354019)
(0.04023062426 -0.006961161918 0.01066719731)
(0.04578709538 -0.0004316635994 0.01429976199)
(0.04919315086 0.001185615215 0.009957597801)
(0.04792272978 0.007281265211 0.01083970329)
(0.0455100574 0.003799817425 0.01440065566)
(0.04978902874 0.001070553548 0.01341427352)
(0.03783707832 -0.00650447962 0.01359314453)
(0.04900499712 -0.007903682801 0.01347592383)
(0.04632090575 -0.003271601113 0.0169426257)
(0.04486389008 -0.01068353636 0.01633092573)
(0.04319028705 -0.005746317755 0.01671243018)
(0.04067564572 -0.009476934499 0.01352172403)
(0.0489997479 -0.001027190902 0.01629960096)
(0.04924441636 0.00238948361 0.01681495765)
(0.03755599221 -0.006531296479 0.01740168596)
(0.04089680166 -0.002872814617 0.01630442466)
(0.05063797018 -0.00408514762 0.01686867664)
(0.04747694249 -0.007426066174 0.01742305361)
(0.04567717454 0.009541186013 0.006990949741)
(0.04824460517 0.01131142627 0.007256116877)
(0.05026263202 0.01109453471 0.01096525256)
(0.06060112127 0.01339262767 0.01132928956)
(0.04798703187 0.01677906122 0.006423372818)
(0.04674889035 0.01199404962 0.01210605474)
(0.04588012179 0.01605963712 0.01106219896)
(0.04970564643 0.02179626896 0.006188759345)
(0.05116136313 0.01851466873 0.0073168298)
(0.04917022935 0.01782012257 0.01147315978)
(0.05968656227 0.0204164013 0.01302780618)
(0.0465633693 0.0246344905 0.01041139004)
(0.04700865096 0.02649814143 0.005043201552)
(0.04934765552 0.02466200127 0.00589386509)
(0.05005436452 0.02251189111 0.009293986336)
(0.05976920307 0.02695104825 0.0115113122)
(0.04694219781 0.02774650289 0.009143953392)
(0.05009831696 0.02736879661 0.007505796551)
(0.04693144306 0.03111309091 0.009875879674)
(0.04545674236 0.02795951255 0.01123012298)
(0.05002311257 0.0313281318 0.006708724797)
(0.03581248905 -0.003196179021 0.009748989758)
(0.03432264893 -0.0067537031 0.01448820577)
(0.0372499224 -0.003258512964 0.01308617915)
(0.03761722064 -0.009961264589 0.01533594187)
(0.03406964643 -0.01041268789 0.01646760774)
(0.03768915088 -0.009373103282 0.02008690368)
(0.03559277159 -0.003047449682 0.007264033087)
(0.02998122316 -0.009125135846 0.01153622841)
(0.03233870525 -0.002782683202 0.01351362943)
(0.02864714464 -0.009556336503 0.01610314775)
(0.03265468095 -0.00293204528 0.01668107586)
(0.02684735605 -0.003177152525 0.006870303106)
(0.02190218731 -0.005944273169 0.0113781181)
(0.0261945549 -0.006093889602 0.01379750552)
(0.02162150213 -0.006156845314 0.01524997963)
(0.02318624185 -0.01039677937 0.01666679547)
(0.0274626927 -0.003070315699 0.016734205)
(0.02084800125 -0.002748814413 0.007717919369)
(0.02106792623 -0.002982775689 0.01000734117)
(0.01854498164 -0.006142180152 0.01344786801)
(0.02096474712 -0.002390458697 0.01314001305)
(0.01357920237 -0.003304261788 0.0149132859)
(0.01817610967 -0.01019006812 0.01545065554)
(0.02108695514 -0.002746505081 0.01895617281)
(0.01245269536 -0.006052289624 0.01398226059)
(0.01620898721 -0.0033987884 0.0134024704)
(0.01324382044 -0.006496591008 0.01734805182)
(0.0120217248 -0.002788237927 0.009720318781)
(0.01181014354 -0.003064477856 0.01317973668)
(0.006416555742 -0.007889176797 0.01444447733)
(0.009839458875 -0.008950992008 0.01686304752)
(0.01109103438 -0.003025497452 0.01661499957)
(-0.004255704246 0.009012892161 0.007794268625)
(-0.00323360591 0.01257177455 0.008594190394)
(-0.003295710937 0.01529198796 0.00825617006)
(-0.002914259018 0.01746999492 0.007866472188)
(-0.00341032197 0.02424164853 0.008917433263)
(-0.003324660722 0.02775597601 0.00859066771)
(-0.003224742025 0.03121997309 0.008696984567)
(0.0050939113 -0.009700847892 0.01064891077)
(0.002751175574 -0.007416326547 0.01514819669)
(-0.003486513582 0.002304749224 0.01454693719)
(0.007732162055 -0.002981112942 0.01332074456)
(-0.003163646457 0.0204852301 0.008766568677)
(-0.003858379107 0.008578863133 0.01126904916)
(-0.006527030189 0.01388220258 0.007029327542)
(-0.004025253581 0.01466002322 0.01082581975)
(-0.005753234918 0.01796114278 0.006736515617)
(-0.004266781666 0.01801348191 0.01078783385)
(-0.005908679415 0.02119943781 0.006640154866)
(-0.002835540195 0.02115485871 0.01138734621)
(-0.006247004441 0.02465215132 0.006842526574)
(-0.004155385335 0.02410106656 0.01146783628)
(-0.005851811944 0.02925216781 0.006586554228)
(-0.003159088414 0.02701224801 0.01109690739)
(-0.004181391039 0.02999920669 0.01086644296)
(0.003064258987 -0.01072939607 0.006406579407)
(-0.005867074524 0.003307575594 0.01240519894)
(0.002499142201 -0.003163239869 0.01047439437)
(-1.914820418e-05 -0.008055321734 0.01319828425)
(-0.006639849102 -0.0003109297365 0.0144699343)
(-0.003444191915 0.005286700911 0.0151588941)
(0.001944118599 -0.003111191597 0.01325529432)
(-0.006605129776 -0.004404488381 0.01383730753)
(-0.001663798299 -0.0116810952 0.01587395918)
(-0.0115784104 -0.002432329069 0.01409964169)
(-0.005966969371 0.002720981128 0.01648937651)
(0.002471401399 -0.003286754041 0.01685729131)
(0.002994150488 -0.009103622706 0.01814257615)
(0.002066754711 -0.01184440142 0.02097010693)
(0.04604320352 0.02020429632 0.009073025962)
(-0.002738095373 0.004368597822 0.02304117609)
(-0.01047996638 0.01519233773 0.02655038504)
(-0.01043679124 0.01585164757 0.02172129653)
(-0.004792618515 0.01492064702 0.01456874073)
(-0.00300519787 0.01934905634 0.02242390333)
(-0.002554019644 0.02047263319 0.03032604154)
(-0.006848435161 0.01859808347 0.01791770467)
(-0.001056412126 0.02161763844 0.03459914588)
(-0.003165437793 0.02277085691 0.02238535945)
(-0.006491894305 0.0227682028 0.01796970604)
(-0.00778220118 0.0303677626 0.0240803397)
(-0.009963003253 0.02913254048 0.02072268332)
(-0.006719254745 0.02749664064 0.01723982484)
(-0.003659284542 0.02842448026 0.01413904621)
(-0.007843144725 0.031194045 0.0181486473)
(-0.009676333833 0.03704230184 0.01051401677)
(-0.01045910742 0.03164844726 0.01150073942)
(-0.006535316792 0.03399098057 0.0112365445)
(-0.01097203833 0.03504861941 0.0140348389)
(-0.003125946575 0.0002802069874 0.0104905445)
(-0.009709994659 0.003302422421 0.01169387331)
(-0.006161593598 0.00591542145 0.01011455863)
(-0.002578525681 0.0003720915111 0.01300617215)
(-0.006693685464 0.00760127564 0.01469713887)
(-0.003024990717 0.008090208579 0.01419519086)
(-0.002339676434 0.004911564666 0.005133839949)
(-0.002235128627 0.01108119922 0.005057595672)
(-0.01117232907 0.01470457868 0.007062440285)
(-0.008694942719 0.01014782868 0.01082216328)
(-0.01636786908 0.0129795358 0.01073866769)
(-0.005806740202 0.01226946106 0.01064341636)
(-0.003252971526 0.01403205102 0.006267905014)
(-0.002824767875 0.01939258087 0.005651521113)
(-0.009178203973 0.01919925599 0.008288312441)
(-0.003457515791 0.02430302555 0.005924294746)
(-0.009538450654 0.02309181554 0.009212087691)
(-0.003312181647 0.02632914168 0.006413633243)
(-0.01068975762 0.02895257563 0.006737586243)
(-0.005850885055 0.02682949625 0.01073736497)
(-0.003105782595 0.03212066131 0.006390818929)
(-0.00762127202 0.03059843347 0.01004680425)
(0.03194707857 -0.06478520839 0.03516371049)
(0.03714852113 -0.07191799212 0.04392993613)
(0.05523400112 -0.05470102252 0.04825519928)
(0.03080905263 -0.06340571174 0.04851855015)
(0.04330448522 -0.06888901268 0.05644514683)
(0.05441883635 -0.03903283795 0.04627702942)
(0.05047760127 -0.0526292176 0.05932704783)
(0.05575751042 -0.06243331114 0.08106987893)
(0.05823926179 -0.03578838189 0.06739075348)
(0.04682180088 -0.03048184964 0.07104737723)
(0.05087877273 0.05759575237 0.07300557631)
(0.04225456782 0.09829778985 0.07543701713)
(0.05106456996 0.1025850086 0.07069309647)
(0.04232663115 0.1095298793 0.08433061512)
(0.05698579695 0.1111748831 0.07671392242)
(0.05607776854 0.08476581126 0.03106281838)
(0.03813616807 0.09628472344 0.01324950863)
(0.05833094644 0.1046054948 0.02944556749)
(0.05274894382 0.1131951048 0.03576970191)
(0.05247870755 0.1264621247 0.03515652642)
(0.05789083194 0.1246141367 0.0472506146)
(0.05534397922 0.1250112816 0.05891908832)
(0.05862507251 -0.04356461284 0.058452578)
(0.03004279592 0.1412492084 0.03353155546)
(0.02706381209 0.1377803921 0.07298111982)
(0.04137433671 0.1052141075 0.02900252907)
(0.05665912938 0.1117190225 0.04796870344)
(0.05784041497 0.09890666633 0.04334717229)
(0.05808640934 0.08683576977 0.045877514)
(0.05722861221 -0.02921266123 0.05687232275)
(0.04112894365 0.06232199853 0.07904739243)
(0.05465688678 0.07285748604 0.06038065564)
(0.05298601826 0.0850777636 0.05821507824)
(0.04914456593 0.09993146488 0.05578794603)
(0.04421536271 0.1103327674 0.07245305935)
(0.05735777911 0.1078110221 0.05856131883)
(0.04004209479 0.1290068808 0.04868882882)
(0.04773195791 -0.03746651456 0.05823479784)
(0.04259319358 0.1167568181 0.04949857336)
(0.0434992149 0.1041787539 0.04386194607)
(0.04511008253 0.1137987939 0.06165038956)
(0.04549957289 0.08983826317 0.04149511498)
(-0.008197452521 0.1374440034 0.02380049978)
(0.00224238942 0.1519247654 0.06371705534)
(-0.01462039796 0.1360455877 0.06139883289)
(0.003334152639 0.1501887455 0.04947160383)
(0.01671930809 0.1381512443 0.0208793284)
(0.01904676501 0.1516369408 0.04030711238)
(0.001645291164 0.1219248679 0.02325793969)
(0.01571732665 0.1508907547 0.01014329605)
(0.03470690821 0.135518726 0.02296360421)
(0.0331686628 0.1513229783 0.03894748143)
(0.01849966615 0.1268333701 0.02876321291)
(0.01738341513 0.1416518687 0.03383783509)
(0.01699379825 0.1510606646 0.05005732846)
(0.05091880221 0.1516298206 0.01134892328)
(0.03455083321 0.150723328 0.05494013568)
(0.0280581094 0.1490475429 0.06560231633)
(0.002940036525 0.1242930265 0.08403283441)
(0.01847685571 0.1237947522 0.0900233446)
(0.0165960269 0.1505731279 0.0618789811)
(-0.01370473256 0.1521555832 0.01161458214)
(-0.01412064451 0.1284619273 0.07391464114)
(0.002475815036 0.1407944147 0.06409626395)
(-0.01518139604 0.1240832083 0.05733811318)
(-0.01099161914 0.1190477209 0.03645737315)
(0.03214175712 0.120919886 0.02373016209)
(0.06056012294 0.152531911 0.03545503592)
(0.0587100955 0.1533471344 0.07239214854)
(0.03591328775 0.1539809956 0.09084382855)
(0.03188492826 0.1263570535 0.0907824468)
(-0.0148210664 0.1521651618 0.05224120398)
(0.009089564699 0.1397494319 0.04510757588)
(-0.01025331597 0.126669925 0.04718805093)
(-0.01737312992 0.1510987348 0.07716554185)
(0.03169868624 0.1270961354 0.07963470824)
(0.03210576265 0.1391030122 0.05794164089)
(0.02011453928 0.1245631933 0.07762195705)
(0.01441328124 0.1161021367 0.06963413089)
(0.01652178476 0.1370751799 0.0561500581)
(0.02005724409 0.1405737081 0.04319010806)
(0.004288585013 0.1227915432 0.07181112988)
(0.03012451382 0.1350909143 0.04798350936)
(-0.002128576684 0.1481631745 0.0308919981)
(0.00985039884 0.1208080566 0.0332234086)
(0.003249961761 0.1265243259 0.04536828478)
(0.005081526846 0.1268933222 0.06214918273)
(0.04972862023 0.1509687717 0.07838960429)
(0.03094423256 0.125810759 0.06098831453)
(0.02646505768 0.1297068288 0.03991902285)
(0.01890374546 0.1247913023 0.06175714952)
(0.009324809026 0.1501994362 0.04038322826)
(0.01652257817 0.1224894865 0.04656229171)
(0.02003485545 -0.05032730437 0.08803042037)
(0.0239319513 -0.06812658688 0.07283016011)
(0.004923859459 -0.05309301634 0.08758091627)
(0.005430431901 -0.05708009829 0.07377127526)
(-0.01259559597 -0.06650698034 0.08895505264)
(0.03112407435 -0.05101117161 0.08857587351)
(0.003635988501 -0.03900640455 0.08953588856)
(-0.01599090997 -0.04290752935 0.07595642665)
(0.03195989144 -0.0006868411366 0.08940867357)
(0.03198476494 -0.01289948702 0.08713360322)
(0.002444165507 -0.02778667379 0.08734775728)
(-0.009514139644 -0.02436137956 0.07327432487)
(0.008476570372 -0.01633538473 0.08889408462)
(-0.01386935165 -0.01393273924 0.07696564305)
(0.01803467595 -0.001478348898 0.08903112126)
(0.005345116522 0.009378587364 0.09121072247)
(0.005168710159 -0.002186604137 0.09046423634)
(0.02112762437 0.01084287892 0.08671054876)
(0.003910460493 0.02195719147 0.09003697511)
(0.006773048582 0.0348473077 0.09035479069)
(0.01443033324 0.04419435997 0.08700332247)
(0.003393304134 0.06384273035 0.08811992849)
(0.004950814514 0.04995883486 0.09095527053)
(0.01941367224 0.05902713422 0.08784996771)
(0.0007064279127 0.07668322038 0.0863916002)
(0.004113869799 0.06361039655 0.07175956811)
(-0.01038013517 0.05869237127 0.07228728337)
(-0.01355580093 0.07035578592 0.0737390832)
(0.005041101953 0.08728887015 0.08993584131)
(-0.01542474424 0.08515537418 0.07658980811)
(0.01589973157 0.09777487412 0.09038258025)
(0.003739001626 0.1150240811 0.09115898009)
(0.002184957885 0.1003240491 0.09055371697)
(0.006279163627 0.09795305596 0.0773039186)
(-0.009495955117 0.09887127154 0.07472669941)
(0.0183658531 0.1124367959 0.09190433906)
(0.004562844027 0.1087931602 0.07160605785)
(-0.01263015951 0.1077243766 0.07024868028)
(0.03414322816 -0.03575767052 0.09075489311)
(0.02691027139 -0.02745513788 0.08834670311)
(0.02866660242 0.114664648 0.08664791601)
(0.030219483 0.1017273123 0.08964319572)
(0.03169927923 0.0345039763 0.09012545529)
(0.03189616616 0.01894919338 0.08918114326)
(0.03235001332 0.06374024916 0.08987336068)
(0.03010165043 0.04691342415 0.08845776794)
(0.03002600751 0.08390733115 0.08956418064)
(0.01677977297 -0.03915305228 0.08939756907)
(0.01885921013 -0.05527968741 0.0726314523)
(0.03259579402 -0.05496883179 0.07397207503)
(0.02085960904 -0.01258062061 0.08453545856)
(0.005958790687 -0.02972384577 0.07557995491)
(0.01669730793 0.02360860329 0.08910458982)
(0.02169862134 0.0337624735 0.08513936733)
(0.01831340888 0.07559118854 0.08892208184)
(-0.001161894703 0.07769719434 0.06943106896)
(0.01683548555 0.08633537892 0.08065618802)
(0.006911596117 0.08735409597 0.07214421651)
(-0.0004283702854 -0.04212068342 0.07792639302)
(0.03090620455 0.1152438323 0.07171017545)
(0.03088723844 0.05751736274 0.0762107099)
(0.02997587689 -0.03915411789 0.07821704817)
(0.0338673025 0.08652393503 0.07643148613)
(0.03169696087 0.0707852728 0.07840780384)
(0.03183575116 0.1016250927 0.07548358732)
(0.01590869905 -0.04086185131 0.07348450774)
(0.01869550817 0.06182723864 0.07317558821)
(0.01379545414 0.07211838673 0.07670575483)
(0.01794059614 0.1001204556 0.07285194306)
(0.01922156565 -0.0285394712 0.07179441024)
(0.001097287195 -0.06639730758 0.03667567648)
(0.01773865694 -0.06559386597 0.03664814375)
(0.03207793042 -0.06723310561 0.06417670195)
(0.001502913058 -0.06513650585 0.04944719195)
(-0.009927033568 -0.05688762907 0.04614479646)
(0.001605174647 -0.06754642034 0.06518261651)
(-0.01141893298 -0.05377932339 0.05825205162)
(0.01580522482 -0.06282378029 0.04694214922)
(0.01954562893 -0.06839393343 0.06135951391)
(0.001044948996 -0.05438113403 0.04873813141)
(0.03051397323 -0.05185458612 0.04966092678)
(0.035779167 -0.0534467231 0.06061158409)
(0.01771504719 -0.05188413708 0.05986615154)
(0.001063229562 -0.05953880454 0.05739776122)
(-0.01332244137 0.1021960481 0.02304172753)
(-0.009411902259 0.1148903977 0.02316296401)
(0.001433865846 0.1003497492 0.02112750515)
(0.00527234916 0.112102915 0.02354095233)
(-0.01537992313 0.08064976961 0.05878036752)
(-0.0142879579 0.10072923 0.05956177325)
(-0.008173252373 0.08950147981 0.06539825211)
(-0.01562455697 0.1105058101 0.04509311497)
(-0.007925698801 0.0871762032 0.04758688075)
(-0.001878592125 0.09578573669 0.0327985855)
(-0.01427157524 0.09803195919 0.046541692)
(-0.01478457171 0.113051721 0.05886458941)
(0.007162906694 0.08511426289 0.05897846846)
(0.00386940627 0.08750299503 0.04856041364)
(0.0001415401293 0.09837247636 0.0581861325)
(0.002734133923 0.1126367154 0.06112181477)
(0.006977553738 0.1071467366 0.03435640519)
(0.007440056205 0.1128059077 0.04806131864)
(-0.00347042117 0.06866195981 0.05936066127)
(0.03443085377 0.108616617 0.01738040591)
(0.01995231602 0.1118134883 0.02630572175)
(0.02951570987 0.09356268522 0.02287167265)
(0.03171257957 0.110712222 0.03099027123)
(0.03502957076 0.09750752265 0.03594792023)
(-0.01998039543 -0.0442399147 0.09167614295)
(-0.01707983658 0.1157587127 0.0899392384)
(-0.016209306 -0.05269066549 0.01184786024)
(-0.01720998057 -0.04001716881 0.01052997773)
(-0.01757183409 -0.02214028516 0.01101807218)
(-0.01676673358 -0.03058586812 0.01176795607)
(-0.01786840483 0.05775603162 0.01015812094)
(-0.01753777298 0.07652955756 0.0109599496)
(-0.01716362826 0.08939045634 0.01009311111)
(-0.01823820333 0.1075898192 0.009956655313)
(-0.01660323608 0.09931095731 0.0120114211)
(-0.01683863757 0.1191304263 0.01023836054)
(-0.01577489939 0.128923162 0.01354160539)
(-0.01809667078 0.1362464629 0.009478220798)
(-0.01822848512 0.1445474318 0.01066549182)
(-0.00808150253 0.1390771368 0.01225227424)
(-0.01755845409 0.139640727 0.02255399778)
(-0.01912813972 0.1462733212 0.09196791096)
(-0.019134315 -0.03099918963 0.09284660883)
(-0.01875943333 0.136497619 0.09098532774)
(-0.01601173418 -0.07128079876 0.07967656343)
(-0.01750409213 -0.06197755392 0.07123013416)
(-0.01924953748 -0.0568815181 0.06051119346)
(-0.01789400115 -0.06395418706 0.05198252985)
(-0.01891823866 -0.05618956985 0.05318095348)
(-0.01826318792 -0.05660970133 0.04374570639)
(-0.0161007168 0.1241118799 0.02913324126)
(-0.01702347691 -0.04435391232 0.04089254981)
(-0.01657164634 -0.04713704082 0.06579986653)
(-0.01702007695 -0.05262694186 0.07881655184)
(-0.01810464198 -0.04819979724 0.05335675529)
(0.06083668547 -0.07391288103 0.09311133846)
(-0.01953259623 -0.07358188997 0.09274933715)
(-0.01553579879 -0.06905513915 0.01898006964)
(-0.01770579645 -0.07228656605 0.06723659668)
(-0.01847819127 -0.07385065739 0.01003236648)
(0.05703599471 -0.0731716306 0.08242111555)
(0.05948256528 -0.07365371761 0.03210684774)
(0.05989870428 -0.07407445015 0.04340925925)
(-0.005595049962 -0.07117608479 0.01090437103)
(0.01017258741 -0.07163824838 0.08062132739)
(0.02196211951 -0.07405632069 0.09282175855)
(0.01238739858 -0.07406424827 0.092652317)
(0.04758109656 -0.07112235939 0.09166406969)
(0.03325667482 -0.07207854218 0.09171028343)
(0.02710761588 -0.07209615196 0.08207476066)
(-0.005780614838 -0.07386186547 0.03730675008)
(-0.009863845572 -0.07323595755 0.05891034138)
(0.01844509939 -0.0738977527 0.02886960842)
(0.009979273959 -0.07091383076 0.02869746676)
(0.002338212791 -0.07498943246 0.03847723175)
(-0.001153465559 -0.07366481797 0.04457350024)
(0.03772013032 -0.07409970406 0.06359403023)
(0.001787734573 -0.07338090594 0.03045479166)
(-0.007591169629 -0.07202636655 0.02797538846)
(0.001788167019 -0.07333085694 0.02183933607)
(0.007540046446 -0.07076020457 0.01389702297)
(-0.0007805997028 -0.07325077248 0.05373102758)
(0.0120519641 -0.07221928115 0.0555566985)
(0.02511506608 -0.07278837314 0.03765165586)
(0.01616207485 -0.07421077218 0.03621056689)
(0.02351061933 -0.0717775462 0.04860649845)
(0.009194187688 -0.0735709633 0.03701427554)
(0.007989440693 -0.07238835436 0.04549637939)
(0.01662264836 -0.07366490856 0.04410024323)
(-0.0002881552296 0.1410276929 0.09038493055)
(0.008726158085 0.1323344104 0.09065075927)
(0.06062509424 0.1501879278 0.01114839901)
(-0.01841371893 0.153137367 0.03078419436)
(-0.01720550895 0.1507549079 0.04296959782)
(0.06047608476 0.1534642698 0.01864799248)
(0.05957263233 0.1526702138 0.02671804426)
(0.06111265699 0.1536301804 0.04453560632)
(0.04976554852 0.1526625871 0.04676903467)
(0.05864804383 0.1462793454 0.04521005903)
(0.06109079049 0.1532345074 0.06289043795)
(0.04942355624 0.1523132285 0.06170445848)
(0.05896306802 0.1451515254 0.08052428792)
(0.06031349223 0.1538166459 0.08125341765)
(0.001791563273 0.1527650723 0.09136906614)
(0.01160602791 0.1517609886 0.09266744969)
(0.0253816395 0.151727998 0.03002147893)
(0.04841262807 0.1519842519 0.03103054068)
(0.05171922617 0.1504583203 0.03938139382)
(0.03396383003 0.150694225 0.07726745815)
(-0.005520090286 0.151573144 0.04129967719)
(0.01615778223 0.1534632228 0.03303239219)
(0.03685105025 0.1522389334 0.02887129949)
(0.04560791386 0.1555467203 0.03971826491)
(0.008166466013 0.1506316966 0.0292384527)
(-0.003236665736 0.1509720576 0.0809217431)
(0.01032575568 0.1539113767 0.06755267215)
(0.02603510031 0.1536972449 0.04213748679)
(0.02487110483 0.1470069368 0.03772659438)
(0.03422364404 0.1532704443 0.04687568329)
(0.0276868461 0.1455189109 0.04651783154)
(0.02614283051 0.1523509317 0.05402454739)
(0.004365043353 -0.002513882441 0.004244675748)
(0.007332796276 -0.002514057976 0.004115142678)
(0.00446240565 -0.004637160838 0.004959099328)
(0.008942877338 -0.002622258818 0.004846404478)
(0.01370597802 -0.002413537652 0.004043186856)
(0.01867419495 -0.00268015767 0.004290918684)
(0.0166639419 -0.002292959911 0.004133645503)
(0.01689272434 -0.00476401766 0.004724688229)
(0.01658440255 -0.0025814269 0.005912559379)
(0.02204415154 -0.002702677837 0.004283195649)
(0.01970031269 -0.004523635525 0.004694843516)
(0.02418501157 -0.002484634616 0.004058904224)
(0.02880934474 -0.002471032621 0.004878269)
(0.02734234293 -0.002456846199 0.004351889503)
(0.03066287888 -0.002838399627 0.004396131707)
(0.03039554121 -0.004908653494 0.005310830562)
(0.0328485157 -0.002181212374 0.004060947505)
(0.03828330375 -0.002464431327 0.004067373586)
(0.03639596927 -0.003002428998 0.004078672822)
(0.03653993467 -0.004672639813 0.00484051036)
(0.05387351424 0.007035089206 0.006516061507)
(0.04956029619 0.00486228227 0.009910623776)
(0.0447338103 0.004841766316 0.0049698773)
(0.04469667745 0.009313287801 0.004973834462)
(0.04485564704 0.01212623034 0.004765341687)
(0.04495774191 0.02095407128 0.005188789369)
(0.04459823299 0.02673240092 0.004547251444)
(0.04467751004 0.02312438583 0.004416929441)
(0.04471801019 0.0250407277 0.005305001982)
(0.04489355583 0.0290786361 0.004714411029)
(0.04458947949 0.03293356957 0.004810015985)
(0.005374317731 0.04256583159 0.004320255568)
(0.00858683292 0.04209681761 0.00415182082)
(0.008309461199 0.04434984859 0.004948021001)
(0.007137960043 0.04266680435 0.004210135742)
(0.006930700158 0.04261032283 0.005667545814)
(0.009775543909 0.04292493941 0.00412536652)
(0.008746015469 0.04251695349 0.005641357421)
(0.01143616276 0.04276877546 0.004154516433)
(0.01984713437 0.04308416529 0.004282979577)
(0.01997172795 0.04476098716 0.005040336468)
(0.02596722134 0.06322661508 0.01071529265)
(0.02760845252 0.04253173262 0.004293716821)
(0.02883733804 0.04240133707 0.004790406563)
(0.02637788284 0.04298225786 0.004113091033)
(0.0302609763 0.04279897174 0.004312282301)
(0.03454903123 0.04270107954 0.004135988112)
(0.03669631184 0.04230268279 0.003952820756)
(0.03846393607 0.04251757321 0.004079742014)
(-0.002238628093 0.003314875253 0.004189965708)
(-0.009073076376 0.008695262922 0.007083692564)
(-0.002486535061 0.009750292847 0.006371032336)
(-0.002536756095 0.01275219047 0.004697886674)
(-0.00260851362 0.01493451864 0.004415883159)
(-0.003158082027 0.01704393396 0.005172422866)
(-0.002713398066 0.02396004888 0.004360105324)
(-0.002428330691 0.02171370721 0.004259463533)
(-0.003557091855 0.02199858597 0.005434737906)
(-0.002825407681 0.02228863264 0.007221949771)
(-0.002189597509 0.02697312743 0.004789016379)
(-0.002663695282 0.02566676548 0.004329388194)
(-0.002725792079 0.03038674462 0.004578982442)
(-0.002483770188 0.02862209033 0.00443989307)
(-0.002991204498 0.02837681119 0.006073790839)
(-0.002147852435 0.03181398794 0.004206479468)
(-0.009682053966 0.03426429235 0.006922145259)
(-0.002381326416 0.03312914833 0.004802211258)
(-0.004541933684 0.03179125829 0.004902668176)
(-0.002049772742 0.03471256493 0.004182113849)
(-0.002313062417 0.03662821357 0.004210608013)
(-0.002776480128 0.03836768046 0.004307107984)
(0.01417380453 -0.00417028864 0.005021721804)
(0.02557150809 -0.002879764948 0.004029451346)
(0.04469985406 0.0157892165 0.004247457194)
(0.04523680385 0.03642826975 0.004851404854)
(0.04023470052 0.04391144802 0.005389754003)
(0.002063325634 0.0448488604 0.005009963833)
(0.001831550518 -0.005071243949 0.005066654782)
(0.02298466169 0.04610021162 0.005148126702)
(0.05553413829 -0.0194308372 0.01020243755)
(0.06208392666 -0.07413917709 0.02185785957)
(0.05906657292 -0.04680428208 0.08885330203)
(0.05806520698 0.1380320445 0.01226039414)
(0.05974811738 -0.07062814517 0.0638271748)
(0.0602653743 -0.06515924789 0.09262483441)
(0.05949150621 -0.05612931872 0.08954330406)
(0.05859345967 -0.03481671618 0.08983669243)
(0.05884852288 -0.02189059302 0.09084246604)
(0.05698246721 -0.009052050766 0.09226145718)
(0.05823171916 0.001302609638 0.08865126617)
(0.05970290016 0.01193120319 0.0890075716)
(0.05877435235 0.02152437334 0.08876737076)
(0.05983777322 0.03277370803 0.08915135739)
(0.05997838907 0.05280100638 0.08975505208)
(0.0597184449 0.06250445993 0.08960727777)
(0.05702520225 0.08123157827 0.09198955216)
(0.0585733481 0.09900922041 0.09082393597)
(0.05954199289 0.1079277418 0.09368650159)
(0.05974296302 0.1231318538 0.09132013717)
(0.06129887477 0.1435561309 0.09010953835)
(0.05158757855 0.1445747754 0.0901181279)
(0.05700435246 0.1161216955 0.0127558272)
(0.05850752112 0.07674745873 0.01420535003)
(0.05847287132 -0.05942315815 0.06613487094)
(0.05710929539 -0.04494657453 0.07887759824)
(0.05854905239 -0.01076604315 0.08311894956)
(0.05904953646 -0.005610097269 0.0760308463)
(0.05904673864 0.005837615791 0.07847235642)
(0.05741157267 0.02866841861 0.08158963381)
(0.05986485177 0.04214809065 0.088932885)
(0.05828556554 0.04985599823 0.08209184848)
(0.06001876758 0.05171563419 0.07495181767)
(0.0602435384 0.05895856472 0.08063004005)
(0.06010035128 0.1009321897 0.07639764225)
(0.06088124746 0.1135101076 0.09128514899)
(0.0593591961 -0.04845754385 0.06713292173)
(0.03439073232 -0.03889930668 0.06215786483)
(0.05804658555 -0.0307298029 0.07814588025)
(0.05774951586 0.01830606417 0.07802118499)
(0.05708525159 0.03835583307 0.08039280939)
(0.05872967717 0.06845719336 0.08050407286)
(0.05693615694 0.09130172116 0.07820392156)
(0.06016601502 -0.02047294126 0.02862288963)
(0.05875281998 0.0556273366 0.02990539024)
(0.0576484505 -0.01971160963 0.07798855845)
(0.05851732947 -0.02235311885 0.06697121131)
(0.0589150425 -0.009916239064 0.06706444738)
(0.06033986278 0.05671835437 0.06920282786)
(0.05885075504 0.06648359143 0.07037107024)
(0.05878666201 0.07977204061 0.07125986998)
(0.03372825342 0.08569096092 0.06153518041)
(0.05743613226 0.09313496404 0.06637077357)
(0.06032062467 -0.00812426121 0.04108433914)
(0.0573666794 -0.02546611096 0.03657347161)
(0.03417064745 0.08584801908 0.04562863172)
(0.03156170332 0.09712693208 0.04670585285)
(0.03131731062 0.0986769375 0.0600381101)
(0.0604764549 0.1074104237 0.06863909647)
(0.03245809005 0.1116344359 0.05796202161)
(0.05973020947 0.1011573363 0.06394553751)
(0.05721583429 0.0407996781 0.06332688656)
(0.05715278999 0.1146116876 0.06569411875)
(0.05953388558 0.09465493094 0.05548069143)
(0.05913052838 0.05742831658 0.04173908548)
(0.05688174873 0.05568852458 0.05177308999)
(0.05681062995 0.06431077914 0.05010260391)
(0.06155530623 0.1158852306 0.07225949968)
(0.040224217 -0.005534009511 0.005134640418)
(0.03938802449 -0.002722472352 0.006118338211)
(0.01055642925 -0.002777080063 0.004260047281)
(0.0107454388 -0.004869344731 0.005149270493)
(0.002788998748 -0.002933396187 0.00449353292)
(0.0008684377937 -0.002769861812 0.004726328583)
(0.04469861532 0.03842691573 0.005117592169)
(0.04468992217 0.03472248579 0.004689628349)
(0.04537607801 0.02296981607 0.005847863392)
(0.04478676058 0.007110646873 0.004591275264)
(0.04541821341 0.006978021986 0.006171409698)
(0.04452559509 0.03115600917 0.004928009504)
(0.04548334773 0.03161735046 0.007100190152)
(0.04445921346 0.01909493551 0.00494300129)
(0.04475606921 0.0173083097 0.00473171335)
(0.04463809861 0.01428449031 0.004675599329)
(0.04515695981 0.01577475029 0.006144591767)
(0.04468750445 0.003017595359 0.004437279985)
(0.04627982347 0.002943616445 0.005953060446)
(0.04482387228 0.005027478921 0.00743442247)
(-0.002322543157 0.007784292611 0.006359266682)
(-0.002624449127 0.030105249 0.006982800215)
(-0.004710628472 0.01103299762 0.00540646712)
(-0.004221597045 0.004088628093 0.004808136482)
(0.04493440929 0.02724083152 0.006339354102)
(0.03376047179 0.0424591554 0.005777746475)
(0.04490067854 0.00739236512 0.008469284298)
(0.05383079812 0.01256820864 0.007476226445)
(0.04464869692 0.01206493986 0.007385575001)
(0.0457702174 0.01416280543 0.007630534291)
(0.04981405426 0.01455710212 0.009821596752)
(0.04673643783 0.0144979534 0.01472994937)
(0.04485690648 0.01721693952 0.007800373774)
(0.04740287365 0.02033354038 0.005668068057)
(0.054034405 0.02368918784 0.007311459521)
(0.04582757671 0.02201938254 0.01352139792)
(0.04497457733 0.02202868074 0.007336269644)
(0.04633872253 0.02613953497 0.01408120824)
(0.04501913464 0.02398643094 0.00812873225)
(0.04719350793 0.02333405601 0.006687766299)
(0.04470661763 0.02628252879 0.008420085116)
(0.04667317511 0.02623308829 0.00733354152)
(0.04986979161 0.02802056315 0.01140590338)
(0.04488704284 0.02892881018 0.007953417304)
(0.0473401075 0.02893226027 0.006218918337)
(0.05035609446 0.03382147027 0.01107334383)
(0.05403748546 0.03685456789 0.007503339335)
(0.04459757672 0.03734911905 0.007376179211)
(0.05400068377 0.04117203087 0.007736942186)
(0.04719974811 0.03836611985 0.005752951737)
(0.04534265183 0.04012122208 0.006261598639)
(0.0454879012 0.03905382636 0.009435261861)
(0.04471648426 0.003373566101 0.008775833541)
(0.04705216235 0.003665121963 0.008613953181)
(0.06017958323 0.03983890593 0.03134827529)
(0.0563997295 0.04177598242 0.0196543959)
(0.04769993611 0.04856830207 0.02063266086)
(0.05420207505 0.03763417135 0.01576842852)
(0.04481006667 0.03058158521 0.01979654426)
(0.05562562555 0.02972298984 0.01961153202)
(0.05135008055 0.02842660481 0.01598896284)
(0.04668353227 0.03066412554 0.01361669459)
(0.05388318197 0.003518483445 0.01529818478)
(0.05884110813 0.003185772786 0.02563667246)
(0.04994669186 0.006607872098 0.01638007997)
(0.05364847732 -0.001105175969 0.01611022561)
(0.05476288033 0.003367394002 0.0208722098)
(0.04511377205 0.003365208968 0.01977700361)
(0.04464027715 0.02074674097 0.01995846472)
(0.06012702233 0.01769992421 0.03200736759)
(0.04954061613 0.01751236995 0.01594518214)
(0.04589846578 0.01834930292 0.01405985026)
(0.0450275025 0.01126589662 0.009532799762)
(0.04514042019 0.03772477516 0.01749179468)
(0.04540668669 0.01399474583 0.02004159862)
(0.04960238315 0.01339826806 0.01787693835)
(0.05429198448 0.01652327973 0.01745095461)
(0.05080780205 0.01399741648 0.01390829449)
(0.04504822822 0.02723407681 0.01991560093)
(0.04984699328 0.01008222099 0.01480847456)
(0.04584457438 0.008251800139 0.01440328246)
(0.04920861128 0.00483358181 0.01343637372)
(0.0450579267 0.005407697486 0.01072465629)
(0.05245338485 0.004186337069 0.0104212902)
(0.04522050376 0.008969636277 0.01067176956)
(0.05153564507 0.008369559246 0.008865282662)
(0.05476820268 0.01104464804 0.01651590082)
(0.05380389297 0.01768217994 0.0111948907)
(-0.01012136633 0.002834524205 0.01754579944)
(-0.002918157819 0.003748143798 0.006425080717)
(-0.01041693956 0.003128991882 0.007021591287)
(-0.002648627828 0.01110424898 0.007001940772)
(-0.002934331235 0.03352433274 0.02263022795)
(-0.009257184519 0.03381129978 0.02176350352)
(-0.002305817536 0.03781848375 0.02078912976)
(-0.007597928186 0.02811951085 0.01351140562)
(-0.005804370362 0.02128283998 0.0101344648)
(-0.007657642952 0.01994434891 0.01380677859)
(-0.009945987934 0.007644181564 0.01754193768)
(-0.002075679525 0.03740411166 0.01501559478)
(-0.006736395838 0.02399874956 0.0139488912)
(-0.002981402098 0.0357085361 0.009492602625)
(-0.009754688742 0.0354319135 0.0176685561)
(-0.003048893104 0.03814531833 0.01330602644)
(-0.00309452801 0.003299587843 0.009304267059)
(-0.002991646939 0.0104112383 0.01967008717)
(-0.0101264905 0.01205699181 0.01604507381)
(-0.006381650258 0.01143852235 0.01359841428)
(-0.01130598436 0.01702980441 0.01643898104)
(-0.002721407336 0.01866454353 0.02037826272)
(-0.009833326053 0.02139345133 0.01743885864)
(-0.00309025869 0.02210261913 0.01996705312)
(-0.01004224776 0.0244708093 0.01526412541)
(-0.002961389023 0.03136496237 0.01985687979)
(-0.007107735931 0.03134050611 0.01453606331)
(-0.002578984928 0.03682821882 0.02236949371)
(-0.003047971083 0.03844731393 0.01908340945)
(-0.004480341459 0.03804867748 0.02119551)
(-0.002371919913 0.03935073556 0.02048498953)
(-0.002792514693 0.03498101919 0.01879923584)
(0.01344786347 0.04264431652 0.007225961933)
(0.02276154958 0.04296884476 0.007670489515)
(0.03370917791 0.04251352265 0.008087788492)
(0.0386074114 0.04259823192 0.006581273453)
(0.01791093367 0.1104168996 0.04466585787)
(0.02000913659 0.1139123462 0.05777769819)
(0.02261436089 0.1296147133 0.04959214402)
(0.01086215611 0.06350417718 0.05055715382)
(0.02368454942 0.085771836 0.0464665082)
(0.01695771244 0.09378277791 0.04748793433)
(0.01847249838 0.08542837401 0.06059430111)
(0.03931610392 0.1197602795 0.03560920627)
(0.02306344345 0.1032116257 0.03768436192)
(0.0276896236 0.07864235967 0.03941124612)
(0.01175638665 -0.04340713689 0.05330802577)
(-0.003739642008 0.1313264805 0.06862493292)
(0.02541208723 0.1059649338 0.06475365179)
(0.01312502798 0.1432466535 0.07060294528)
(0.02617475083 -0.04770956239 0.06507663083)
(0.03960487833 4.840249138e-05 0.06221130002)
(0.02768227855 -0.02764923505 0.06213095845)
(0.008995593183 -0.02654701371 0.06259068269)
(0.01816154939 -0.02330878247 0.06457166302)
(-0.001557551587 -0.02121666694 0.06633636853)
(0.03947148738 -0.0184944835 0.0838859782)
(0.02408875222 0.03013866726 0.06638010419)
(-0.004204342086 0.02938096528 0.06509255121)
(0.02516511987 0.05366722507 0.06736016911)
(0.04003366798 0.01932781327 0.08121407009)
(0.04204046964 0.0292450701 0.08182204418)
(0.009256800319 0.07234185567 0.06059547437)
(-0.002897820341 0.08075276458 0.05609734022)
(0.04037107642 0.1212826669 0.08757122471)
(0.007055775855 -0.05306360895 0.06115800308)
(-0.002816913782 -0.04962801448 0.06441524791)
(0.02739107011 -0.04603661288 0.04032467716)
(0.01071812924 -0.05449699061 0.03291945844)
(-0.000532152298 -0.04750182446 0.04008951753)
(0.04156409083 -0.07049546087 0.02996732926)
(0.04040699647 -0.05851728195 0.02641708019)
(0.04398323429 -0.06001098326 0.06563864029)
(-0.003373853225 0.130924333 0.03316567701)
(-0.002048433662 -0.01823079022 0.083035363)
(-0.002750868807 -0.008336060587 0.08785267174)
(-0.01729262765 0.005435825046 0.08667657153)
(-0.004743039282 0.003454105061 0.0860156679)
(-0.01805766072 0.03399897138 0.08327580702)
(-0.003672509395 0.02968229497 0.08553758784)
(-0.004604439318 0.05226739603 0.08499517467)
(0.03936222149 0.1271093932 0.01382559065)
(0.04097857715 0.1411217253 0.0131317771)
(0.02704594268 -0.06968013464 0.01272664296)
(0.02787490827 -0.05850193147 0.01287329698)
(0.01007973061 0.0714282823 0.03175690234)
(-0.01732415001 0.08224384763 0.02114999766)
(-0.007309087224 0.08218442242 0.01408067335)
(0.03892539831 -0.03088694233 0.02680611039)
(0.04030712863 0.06676218932 0.02780096816)
(0.04095888045 0.06615797327 0.04030997882)
(0.03933224669 0.07061499055 0.0133064875)
(0.0253426842 0.07017317721 0.01656159506)
(0.04017872201 0.04286091573 0.05126133685)
(0.04115328878 0.05411484893 0.05400309367)
(0.04139297923 0.0406761312 0.06440797111)
(-0.002830894175 0.04609776649 0.05360024211)
(0.009180452312 0.04193235849 0.05693321986)
(0.02689775002 0.0652094943 0.02814377573)
(0.02776953643 0.06500092995 0.04077540708)
(0.0260133843 0.04263355113 0.05108027697)
(0.02758045642 0.05319063542 0.05678945187)
(0.02714924839 0.04196628179 0.06324048473)
(0.04037433139 0.09162165594 0.02666992475)
(0.05077602996 0.09562670832 0.02774692313)
(0.01447787351 0.03750398958 0.0655434403)
(0.0115295565 0.03038058237 0.07883607924)
(-0.0161073135 0.03446678887 0.05769620548)
(-0.00509677083 0.03099907812 0.05171442064)
(-0.01718109902 0.05661752204 0.04581980575)
(-0.01808912972 0.08382891377 0.03216763952)
(-0.007052529221 0.08291769137 0.02848493378)
(-0.01829733514 -0.01913072739 0.04562201655)
(-0.005689704485 -0.0199097924 0.04713184369)
(0.04019171003 -0.04501584984 0.02637270489)
(0.02615842437 -0.03883045223 0.0111339631)
(0.02366045474 -0.03749110766 0.02363192358)
(0.02271936275 0.01059771297 0.06659828158)
(0.04032477367 -0.05196598445 0.0119589545)
(0.01231967306 -0.03980980242 0.0256697975)
(0.02475668098 -0.05793457596 0.02674761103)
(0.02478261061 -0.05646427986 0.03917611005)
(0.007062750742 0.01271824991 0.0691032992)
(0.00901730753 0.007083490754 0.08031614596)
(-0.003900508967 -0.04296251505 0.01200667059)
(0.007699128453 -0.04086008518 0.01192522776)
(0.01076715693 -0.007134143651 0.06230113012)
(-0.01681839945 0.009288927071 0.05195349288)
(-0.007376891743 0.01132689917 0.05197489376)
(-0.003301329776 0.006677801415 0.07135734635)
(0.006406263434 -0.05497773551 0.01204505046)
(-0.007483572619 -0.04698121853 0.04833587385)
(-0.003376836231 0.01825352632 0.0684016062)
(0.04080552861 -0.06012027231 0.04149152531)
(0.03894412903 -0.0581591623 0.08338892963)
(0.03830420314 -0.04667095553 0.08429993688)
(0.04284446094 0.0405131229 0.0828152302)
(0.04152083115 0.05260241385 0.08155825484)
(0.03939098402 0.09321185276 0.08318315255)
(0.04096927069 0.1170723403 0.01211591879)
(0.03979006717 0.1431637219 0.04547558205)
(0.04096521819 -0.05730880628 0.05291291034)
(0.0419052254 -0.04621100459 0.05335497565)
(0.04310999834 0.117422484 0.02456774349)
(0.04156657236 0.1277866134 0.0269840708)
(0.0422305318 0.1427936748 0.07008534995)
(0.03950123991 0.09279908255 0.05321778417)
(0.03798426472 0.1038785733 0.05416971392)
(0.040787908 0.09442081648 0.06506881249)
(0.04273746556 0.06783880803 0.0531177238)
(0.04225398334 0.07992989021 0.05166505718)
(0.04318460276 0.06519054688 0.06784060974)
(-0.002313399898 0.1350176832 0.05452158543)
(-0.01513234679 0.135831297 0.04386791221)
(-0.001850613791 0.1396531487 0.04188815744)
(-0.002817325739 0.1214232585 0.0127992241)
(0.01248422347 0.1209623296 0.01392879893)
(0.02671523159 0.1301097502 0.0136341493)
(0.02377195276 0.1420226977 0.01346640987)
(-0.01601130573 0.1187454103 0.07417784783)
(-0.005713317702 0.1187056366 0.07074473096)
(0.02607933609 0.1166911975 0.01325794094)
(0.02883264639 0.1298938987 0.02968105313)
(0.02698436021 0.1180719523 0.03799595457)
(-0.0008213135208 0.1173299842 0.03337078504)
(-0.003850188577 0.1206841391 0.05535518502)
(0.009932378819 0.1210098568 0.05552741344)
(0.01378350452 -0.06100711768 0.08346027067)
(0.01251977045 -0.06772828065 0.06833486886)
(-0.001184767451 -0.06957713079 0.08077588836)
(0.009012481793 -0.03952717405 0.0818798229)
(-0.01676962621 -0.03289998116 0.06922046685)
(-0.006403262437 -0.03514569499 0.07110534674)
(0.009316050708 0.01747785541 0.08297259612)
(-0.002082486423 0.0414949366 0.08576969516)
(0.01000311222 0.05658905176 0.08015528357)
(0.02400850653 0.0942997329 0.08468411221)
(0.01381934689 0.1086501856 0.08320952297)
(-0.0005951178723 0.108991415 0.08059098085)
(-0.004349656592 0.0921042595 0.08205916508)
(-0.01793037699 0.09649101013 0.06906685704)
(0.02769461375 -0.04234094247 0.09072886638)
(0.01448419892 -0.030006679 0.08329007677)
(0.02487163545 0.07922367083 0.07264820777)
(0.02938520806 -0.07234541049 0.056528359)
(0.02490384475 -0.0597749969 0.05807530618)
(0.0109478248 -0.06018409027 0.05521250501)
(-0.01106341979 0.1098183928 0.01389503504)
(-0.0009795002734 0.1086523991 0.01425387542)
(-0.005581909105 0.09573491936 0.01121617263)
(-0.006479628533 0.1075619313 0.03091952597)
(-0.004099109683 0.1090510471 0.04519071551)
(-0.01637716594 0.08323472843 0.0412533952)
(0.01264775678 0.1067838425 0.01242962491)
(0.02421901909 0.1019681345 0.01314344708)
(0.02713118394 0.1022738752 0.0273179832)
(0.02667547939 0.09216700179 0.03659879853)
(0.02854557699 0.07923394774 0.0530884765)
(0.02788670604 0.06708516831 0.06827958438)
(0.02656086239 0.09164142547 0.05482520931)
(0.0254899962 0.1045803091 0.05200472025)
(0.02637800918 0.09301144264 0.06836365115)
(0.03441546484 -0.001800063131 0.003669755851)
(0.04375100281 0.02064847376 0.003941565341)
(0.007318088111 0.04163731117 0.003576626543)
(0.01496362671 0.04138173633 0.003281600569)
(0.02480681069 0.04149994701 0.00359403534)
(0.0239116266 0.04231481628 0.00447859764)
(0.03493159361 0.0415846408 0.003557336816)
(0.03294592165 0.04197353723 0.004025664627)
(0.0137809556 -0.002219598816 0.005421388003)
(0.022537987 -0.002226768092 0.0059930174)
(0.02352666977 0.03317757263 0.007379593038)
(0.044680555 0.04197122532 0.01005264246)
(0.01461230761 0.04186411577 0.02608836942)
(0.02299284667 -0.001731115403 0.003573439451)
(0.01890936494 0.04189255881 0.003986526261)
(0.06057784911 0.1271961921 0.008429585867)
(-0.0211286133 0.15553986 0.05026048542)
(0.0645006898 0.1247381125 0.09574757567)
(0.06460067709 -0.03068409463 0.006899174766)
(0.0642950508 -0.06362082855 0.006852738773)
(0.03350932111 0.009535931709 0.007435883495)
(0.03349130957 0.02621113615 0.007476951149)
(0.02844681003 0.0276803197 0.007468593739)
(0.008561109164 0.006275714287 0.007396583463)
(0.02853604219 0.01548682417 0.007565772493)
(0.03848893561 0.02903146748 0.007350908116)
(0.03359027406 0.03145304408 0.007651950148)
(0.01850100592 0.01468999338 0.007500535739)
(0.01852906003 0.0356501571 0.007395724224)
(0.06162770656 0.1087463174 0.008565360036)
(-0.02185877591 0.1414799105 0.09605777124)
(0.06594969871 -0.04603981827 0.006018466621)
(-0.01963371947 0.1023862327 0.09476627893)
(0.0235586467 0.03641801971 0.007429231914)
(0.02851173579 0.006663166466 0.007455756707)
(0.009512452227 0.04151900847 0.003429648933)
(0.03849421685 0.01066840689 0.007360277197)
(0.0621687067 0.1179061861 0.007682337177)
(-0.002164450246 -0.07421452647 0.09303013475)
(0.0177050295 0.1559515307 0.09483277248)
(0.03844034807 0.01988455143 0.007357890985)
(-0.02048335635 -0.0756906869 0.04692132475)
(-0.001688662908 0.0263613405 0.003654685858)
(0.0629003927 -0.05174195088 0.09537980457)
(0.008489391565 0.02297935837 0.007430649308)
(0.04370260661 0.01232929652 0.003631523132)
(-0.02155934274 0.03527309393 0.007811704841)
(0.0357915766 -0.0752327683 0.008383634096)
(-0.02245994797 0.1235244628 0.09680345862)
(-0.02028843745 0.07285988844 0.09528071295)
(0.0620585772 0.04715811045 0.007417044752)
(0.06155845598 0.03357951348 0.007884086264)
(0.0641468369 -0.03478226662 0.0952309428)
(0.06263849833 0.07631250358 0.09477933254)
(0.06100715622 0.08694420062 0.007670243463)
(-0.001695925171 0.01268154169 0.003646724184)
(0.03848301271 0.02513574034 0.007428434948)
(0.00854845454 0.03357824525 0.007423025901)
(0.02861958232 0.02374573337 0.00733155963)
(0.03343229354 0.01182020125 0.007402832574)
(0.02855361238 0.036402551 0.007445667935)
(0.02356073359 0.04033677964 0.007484580839)
(0.01341454573 0.01302039201 0.007331803624)
(0.01848448078 0.02312225042 0.007446476069)
(0.008494130463 0.01067180319 0.007360731686)
(0.003500926869 0.02651450886 0.007484628291)
(-0.001779451601 0.02317928673 0.003870947704)
(0.03344601848 0.01989218737 0.007353904326)
(0.03349034078 0.02418682766 0.007439440672)
(0.01361961713 0.02374650908 0.007330984109)
(-0.01953889602 -0.06719557614 0.006976760422)
(0.06234303544 0.04635005178 0.09427752047)
(0.063823365 0.1038598627 0.09403747098)
(0.06158648365 0.002788096676 0.007266041515)
(0.02014460307 -0.002025435843 0.003634751906)
(0.04418082984 0.038871581 0.003757495678)
(0.04384923096 0.001234656834 0.003522127283)
(0.02850869498 0.009330356107 0.007406887191)
(0.01855597175 0.03058688359 0.007364506486)
(0.003512668021 0.03082909184 0.007499551328)
(0.02688206791 0.0416910854 0.003627299477)
(0.03345186505 0.03444508015 0.007414622091)
(-0.01856360258 -0.07230938924 0.03046653502)
(0.01350420155 0.009332387227 0.007407183695)
(0.02842040543 0.01301991984 0.007328617476)
(0.03857694565 0.008446478946 0.007412452863)
(-0.00186633343 0.01670592315 0.004020678819)
(0.003563059855 0.04033381825 0.00749063253)
(-0.02095610003 -0.06475761515 0.09513442719)
(0.003541763343 0.02071810654 0.007421126071)
(0.06326696657 -0.01400314118 0.09388713011)
(0.06222865489 0.006132666084 0.09409624845)
(0.008483557031 0.02015329781 0.007377152462)
(0.01344354653 0.02046996491 0.007474999383)
(0.01847322174 0.01087993174 0.007317244341)
(0.02341750539 0.0243982445 0.007471656102)
(0.008593252651 0.03109230177 0.007477626046)
(0.03345927261 0.005570631062 0.007430009875)
(0.008451405577 0.02598960681 0.007435324199)
(0.008487789001 0.03656055784 0.007357726617)
(0.0134341544 0.005489618862 0.007435342494)
(0.02850742311 0.004500848791 0.007388032914)
(-0.02053912199 0.1555497474 0.06573784948)
(0.03146266548 0.154961093 0.008035246175)
(0.06567581257 -0.01566812958 0.005997580879)
(0.0438823902 0.03053988668 0.003714012289)
(0.03352057117 0.03714621298 0.007330262082)
(-0.01984403822 0.00289113 0.0946154391)
(0.03858200084 0.03379267612 0.007380309599)
(-0.020474217 -0.05850201124 0.007038724498)
(-0.02000705418 0.05296518704 0.09449583201)
(-0.02194456199 0.03730631636 0.09690364626)
(0.04382248603 0.008642032328 0.003898607802)
(0.0008783185585 -0.002102786204 0.0037044173)
(0.008576145566 0.008451507183 0.007412816293)
(0.01851802283 0.006502080353 0.007437731793)
(0.02341866598 0.01270327434 0.00739709824)
(0.03347426982 0.02903181874 0.007376783554)
(0.03850254597 0.01423474474 0.007351931183)
(0.003553611815 0.03640255275 0.007445668007)
(0.01355367058 0.03640264714 0.007445539558)
(0.01852031212 0.02092611249 0.007324583761)
(-0.001763077515 0.03058934703 0.003634153325)
(-0.00185613346 0.008965194858 0.003662012566)
(0.01664496806 -0.07533327237 0.008245414516)
(-0.002344732284 0.0398983613 0.004267832763)
(0.03856155806 0.006273496878 0.00739623626)
(0.01849574739 0.008934534319 0.007422774859)
(0.06270800304 -0.07562095287 0.06770454353)
(0.03351284794 0.02218463448 0.007425505887)
(0.02844288267 0.02047370657 0.007469330868)
(0.003619591741 0.02374577689 0.007331558916)
(0.008446455264 0.02821202863 0.007445876315)
(0.01353224258 0.0154867512 0.007565497638)
(0.03851875615 0.03142359918 0.007551569114)
(0.03345345016 0.0139943463 0.007452678189)
(0.04746696783 0.1545988879 0.09394123323)
(0.008496464654 0.01468735742 0.007490501807)
(0.04384660637 0.03477548232 0.003639546786)
(0.0370067344 -0.001842794126 0.003845956383)
(0.06365171239 -0.07631446756 0.03785136405)
(0.01349914847 0.02651334324 0.007485266514)
(0.00353604214 0.01548682391 0.007565772512)
(0.01344723597 0.03183081997 0.00748014436)
(0.01844946377 0.02821242061 0.007446346305)
(0.01852538938 0.02537200081 0.007390808264)
(0.02351362678 0.00450606759 0.007382329422)
(0.03347467996 0.0164838563 0.007514116478)
(0.0436594962 0.0243734383 0.003688191095)
(0.02352992674 0.0156141982 0.007596915592)
(0.03852682849 0.0177962604 0.007576434598)
(0.03844561345 0.02709600445 0.007364410781)
(0.01848670576 0.01904927093 0.007421667418)
(-0.02254656898 -0.0131710246 0.09720396205)
(0.0123056341 0.04178814821 0.003685266138)
(0.04369627272 0.004316232896 0.003656471509)
(-0.001710737655 0.00448097712 0.003686937074)
(0.01220757217 -0.002197330458 0.003842287809)
(0.003556513945 0.006343559996 0.007465075456)
(0.02641232986 -0.001729555888 0.003618475)
(0.03851128514 0.02215926927 0.007433257923)
(0.02344517713 0.02844984534 0.00745864562)
(0.009559576136 -0.001518957909 0.003426541397)
(0.005744423584 -0.002056303738 0.003728397275)
(0.005259703155 0.04165788106 0.003603823899)
(0.0622669001 0.02612464743 0.09414192261)
(0.02856306099 0.04033382419 0.007490634646)
(0.008526729492 0.01780396414 0.007563195788)
(0.01849951514 0.01718013732 0.007570527099)
(0.05324151767 -0.07573709733 0.00852694641)
(0.06398174952 0.1464060101 0.09564348838)
(0.02863273354 -0.001570872002 0.003720202642)
(0.0438489991 0.01676951768 0.003694756023)
(0.01340353201 -0.00138396243 0.008110951523)
(0.01822504365 -0.0002730642398 0.007391777643)
(0.02375921076 -0.000622175014 0.007569549059)
(0.0285334182 0.0006835234504 0.007785308181)
(0.03344515354 0.001215900385 0.007775198903)
(0.03848387948 0.001257187857 0.008153637902)
(0.008569090799 0.04034002835 0.007501298934)
(0.01356304401 0.0403338978 0.007490768617)
(0.01851933437 0.03961370262 0.007678707757)
(0.03826433932 0.03985171285 0.00731153604)
(0.003508779956 0.009038143424 0.007377449771)
(0.003420405477 0.01301991982 0.007328617513)
(0.02351442908 0.007282784028 0.007476031075)
(0.02356024907 0.01875025271 0.007458824224)
(0.02351845331 0.03149376233 0.007448365186)
(0.02851156494 0.03144284819 0.007504238596)
(0.03849564087 0.03657981773 0.007348023334)
(0.02855319419 0.01737684335 0.00759029417)
(0.02407473176 0.1545613126 0.09340609896)
(-0.01144047263 -0.07508712869 0.09459085876)
(-0.001789689916 0.01044557069 0.003709605636)
(-0.02250531586 -0.05716459966 0.09714003814)
(0.06416201321 0.05435875638 0.005921919382)
(-0.01988509695 0.0822879906 0.09472712874)
(0.06197562743 -0.04331958896 0.09436821395)
(-0.0195182459 0.06289322908 0.09477986666)
(0.003571501208 0.01927690767 0.007437983585)
(0.003511867551 0.03284203163 0.007465983131)
(-0.001657241833 0.0285647314 0.003605157525)
(0.06416943026 0.1176368678 0.09566995229)
(0.006179704806 0.1550625482 0.00798689318)
(0.0285091693 0.0113754448 0.007376909459)
(0.06436807019 0.09769025391 0.09593834602)
(0.06223456065 0.01600707012 0.09421321337)
(-0.02002732372 -0.07530115673 0.03872069221)
(-0.01977000314 0.1137189802 0.09546925467)
(0.06250283544 -0.004276098773 0.09402384444)
(0.06352958248 0.1344895586 0.007705574956)
(0.02029065301 0.04179673177 0.003613811172)
(-0.0203014394 0.04471982599 0.09496509138)
(0.04650562992 -0.07334962185 0.009144570933)
(-0.02192841735 0.1353708465 0.09636025139)
(-0.001660517695 0.03317302674 0.003733312718)
(0.06235392066 0.05634087142 0.09437645164)
(-0.01798246756 -0.07236224156 0.05668601024)
(0.06438612956 -0.02236098174 0.09580603891)
(0.03052351742 -0.001635605232 0.003590358114)
(0.06242482335 -0.003484206324 0.007575299498)
(-0.02049758006 0.155746488 0.05758115321)
(-0.01966515939 0.1541081686 0.0202079642)
(-0.0215829525 0.02518652356 0.09663311415)
(-0.001924132808 -0.0004305880667 0.003730269266)
(-0.02039015264 -0.005933746323 0.09380137389)
(-0.002024977253 0.01833922723 0.003776536764)
(0.003530294847 0.02869932577 0.007507231536)
(0.04371860297 0.01441091398 0.003611245038)
(-0.001554824578 0.01460997262 0.003598786087)
(-0.01839170086 0.06674419026 0.008326238787)
(0.04406317026 0.03715917982 0.003991809335)
(0.03045642333 0.04159128382 0.003585342839)
(-0.001536503536 0.02133584562 0.003555321167)
(0.02651166024 -0.07569356164 0.007629300137)
(0.06227294027 0.07640666455 0.007412224953)
(0.06265342446 -0.07541224022 0.05946345806)
(-0.02110285717 0.1536942737 0.09494130223)
(-0.02191549461 -0.02247659543 0.09643913689)
(0.006129078104 -0.07566024565 0.007589065206)
(0.04363691237 0.02662503338 0.003634818251)
(0.04391772418 0.01068178306 0.004095043915)
(0.06133290825 0.09807733183 0.008327131695)
(0.04380668729 0.006894647079 0.003650858824)
(0.01355067313 0.01737535343 0.00759379382)
(0.06228624195 0.03617054274 0.09424198902)
(-0.001691077361 0.02479994146 0.003832939915)
(-0.005692793441 0.1553651876 0.0940699477)
(-0.001905350077 0.006503447886 0.00363804449)
(0.04377329841 0.03283687582 0.003650516764)
(0.06481377843 -0.05368899074 0.006423242817)
(0.01350368569 0.01137693896 0.007378715741)
(0.04369917188 0.02292033067 0.003621820263)
(0.06272467433 -0.07463584351 0.008678399434)
(0.06399117612 0.1358598668 0.09608288916)
(0.003079460219 -0.001863346175 0.003602072815)
(0.006771443056 -0.001597752127 0.003566263174)
(0.01463879947 -0.001516731373 0.003645742363)
(0.01907903422 -0.001612394625 0.003630689598)
(0.02472776828 -0.001519772577 0.003519391183)
(0.04385241835 0.01827062774 0.003722326822)
(0.01361247392 0.0003847206863 0.007947922002)
(0.01873946599 -0.0002069671318 0.008109505977)
(0.03356744822 0.0002180875398 0.008005543366)
(0.03860852256 0.0002080072074 0.008100181404)
(0.03356909226 0.04034003197 0.007501300053)
(0.003616331996 0.00167322001 0.007637320928)
(0.003531415859 0.01073240469 0.007380522857)
(0.01352860444 0.02869772854 0.007507796669)
(0.02376192821 0.002485181831 0.007452016156)
(0.02349368652 0.009347930865 0.00742273865)
(0.02354394982 0.01684095702 0.007585356289)
(0.02358286719 0.02102463048 0.007420914844)
(0.02851823501 0.03343487604 0.007452772642)
(0.0334140471 0.002504939594 0.007366877741)
(0.06312608843 0.0684374595 0.006482979185)
(0.06232239716 0.08475132824 0.09418131183)
(-0.01956039333 0.01376053328 0.0955127796)
(-0.01979405708 0.09221153408 0.09448386793)
(0.0620651211 0.067076658 0.09391837798)
(0.02840143301 0.04162681017 0.003676631763)
(0.04377963701 0.02894703495 0.003689370649)
(0.003553194194 0.01737684335 0.00759029417)
(0.008637293668 0.001639009094 0.007593208067)
(0.01374227055 0.002548888698 0.007291011905)
(0.01873648982 0.002557576891 0.007283237043)
(0.0232110887 0.002401168399 0.007365477752)
(0.02348020691 0.01103990073 0.007378816626)
(0.02826259516 0.002438705612 0.007462695115)
(0.03849181021 0.001937966284 0.007539995067)
(0.02864158195 0.002274297955 0.007415221616)
(0.008487317267 0.02411922881 0.007429699102)
(0.03354487694 0.01797281276 0.007597850614)
(0.01357026749 0.001590092556 0.007560223265)
(0.0392852271 0.03846228917 0.004)
(0.03521954223 0.03822699326 0.004)
(0.0309587666 0.03846514214 0.004)
(0.02714776682 0.03784118106 0.004)
(0.02295342001 0.03821214796 0.004)
(0.01890299708 0.03822996686 0.004)
(0.01484521304 0.03829734256 0.004)
(0.01068474153 0.03819704292 0.004)
(0.006765361733 0.03846090754 0.004)
(0.002854922845 0.03853814389 0.004)
(0.001277537958 0.03882097152 0.004)
(0.001846826206 0.03522411522 0.004)
(0.002115378203 0.0312753547 0.004)
(0.002016990183 0.02708761635 0.004)
(0.002128531681 0.02315623334 0.004)
(0.002098595645 0.01909916409 0.004)
(0.002225726393 0.01497865444 0.004)
(0.001876863684 0.01104283959 0.004)
(0.002064964672 0.006939951492 0.004)
(0.001605958568 0.003043947868 0.004)
(0.001814393713 0.001288757433 0.004)
(0.005091124518 0.001283167777 0.004)
(0.008547333748 0.001934578489 0.004)
(0.01300537433 0.001831353492 0.004)
(0.01702532483 0.00202617705 0.004)
(0.02088956176 0.001417106233 0.004)
(0.02468594368 0.001821083349 0.004)
(0.02893111347 0.001682032895 0.004)
(0.03307105939 0.001887896846 0.004)
(0.03705829576 0.001624915361 0.004)
(0.0404881252 0.002707970715 0.004)
(0.04021091067 0.00688055742 0.004)
(0.04028435708 0.01099906685 0.004)
(0.04020696781 0.01505201238 0.004)
(0.04027959369 0.01917700186 0.004)
(0.04020256036 0.02315610796 0.004)
(0.04031429723 0.0269635105 0.004)
(0.04010655291 0.03123406566 0.004)
(0.04040355073 0.035115901 0.004)
(0.03725222456 0.03836790453 0.004)
(0.03295965261 0.03812797672 0.004)
(0.02923996269 0.03802219832 0.004)
(0.02489479782 0.0379509311 0.004)
(0.02087460255 0.03832221805 0.004)
(0.01682393949 0.03830032617 0.004)
(0.01286704147 0.03816005143 0.004)
(0.008755343532 0.0383639485 0.004)
(0.004932402235 0.03844993572 0.004)
(0.001606016797 0.03712197047 0.004)
(0.002026347161 0.03321878255 0.004)
(0.002006670204 0.02912697872 0.004)
(0.002186111843 0.02508908593 0.004)
(0.001989395853 0.0210773091 0.004)
(0.002431167419 0.01700577503 0.004)
(0.002035198089 0.01300988928 0.004)
(0.001927849255 0.009058637685 0.004)
(0.001807276609 0.005065948492 0.004)
(0.0149726956 0.00184196502 0.004)
(0.003390566778 0.00195725177 0.004)
(0.006753078522 0.001635233477 0.004)
(0.01076148652 0.002066931042 0.004)
(0.01919115665 0.001856322645 0.004)
(0.02267713024 0.001764609888 0.004)
(0.02686173733 0.001645693376 0.004)
(0.03087521472 0.001863455883 0.004)
(0.03514821006 0.001771142529 0.004)
(0.03879566017 0.001417385031 0.004)
(0.04031734471 0.00468402333 0.004)
(0.04020211702 0.009041027127 0.004)
(0.04030176617 0.01307131165 0.004)
(0.04014739061 0.01719760224 0.004)
(0.04028640439 0.02112038377 0.004)
(0.04034201826 0.02501181365 0.004)
(0.0401158037 0.0290428076 0.004)
(0.04022530151 0.03318521391 0.004)
(0.04057006159 0.03678615387 0.004)
(0.03644767921 0.0362725505 0.004)
(0.003930770838 0.02010575239 0.004)
(0.02604030904 0.03516080841 0.004)
(0.03115160952 0.03594856475 0.004)
(0.02184424388 0.03646003784 0.004)
(0.01773650708 0.03584894385 0.004)
(0.01376623213 0.03590282329 0.004)
(0.009350264216 0.03605486088 0.004)
(0.005693877204 0.03651753475 0.004)
(0.003537929626 0.03669011407 0.004)
(0.00456534978 0.03026036679 0.004)
(0.00556060416 0.01586987867 0.004)
(0.004459442616 0.02207239543 0.004)
(0.02772028431 0.003352888337 0.004)
(0.004510541004 0.03248876732 0.004)
(0.00467634172 0.0262570171 0.004)
(0.004049970828 0.02820879334 0.004)
(0.004811109606 0.01813795276 0.004)
(0.004754197746 0.02415710475 0.004)
(0.004336461824 0.01187434621 0.004)
(0.004416657946 0.007982179136 0.004)
(0.003386698027 0.003924204187 0.004)
(0.009475468702 0.004439519308 0.004)
(0.03193220153 0.004400932173 0.004)
(0.01403862719 0.003648035765 0.004)
(0.01842617624 0.004511277454 0.004)
(0.007137032131 0.004051614508 0.004)
(0.0208428497 0.003520102629 0.004)
(0.01600411605 0.004301340219 0.004)
(0.02547579689 0.004044387752 0.004)
(0.01190032296 0.00425310521 0.004)
(0.02974748685 0.004148862744 0.004)
(0.02313970698 0.004259893836 0.004)
(0.03650982927 0.003714635174 0.004)
(0.03798918144 0.007744465932 0.004)
(0.03820752499 0.01422658764 0.004)
(0.03397370821 0.03593567398 0.004)
(0.03862732366 0.03656667218 0.004)
(0.0382360772 0.01202059604 0.004)
(0.0378523672 0.01836711709 0.004)
(0.03790878514 0.02210728555 0.004)
(0.03856405025 0.02602977594 0.004)
(0.03777121686 0.03007845944 0.004)
(0.02850456228 0.035242178 0.004)
(0.01985941865 0.03595211909 0.004)
(0.02378831561 0.03566218769 0.004)
(0.00411951969 0.03464469936 0.004)
(0.005241842421 0.0031943383 0.004)
(0.03816739818 0.005488400125 0.004)
(0.03851730044 0.003376104777 0.004)
(0.01577676176 0.03644761493 0.004)
(0.01148433321 0.03581367167 0.004)
(0.007602725155 0.03667558534 0.004)
(0.03423037711 0.004069454878 0.004)
(0.004572219134 0.005649492128 0.004)
(0.004278226264 0.01389242392 0.004)
(0.003832031337 0.009981309909 0.004)
(0.03778542558 0.01630388735 0.004)
(0.03802953247 0.009913993974 0.004)
(0.0379560936 0.02788448565 0.004)
(0.03799114619 0.02413046616 0.004)
(0.0382158226 0.03444233881 0.004)
(0.0384830323 0.02022012291 0.004)
(0.03796761404 0.03229380082 0.004)
(0.007369025796 0.03154482036 0.004)
(0.006682887245 0.02030023674 0.004)
(0.006382636234 0.01004476188 0.004)
(0.03325313041 0.007030599286 0.004)
(0.02429402249 0.007089000506 0.004)
(0.03583008082 0.03379154385 0.004)
(0.00737430584 0.0130013557 0.004)
(0.01564933004 0.03346628257 0.004)
(0.03614540783 0.02597304335 0.004)
(0.02064798894 0.007558004764 0.004)
(0.03593761325 0.006235921653 0.004)
(0.007136219996 0.03431477106 0.004)
(0.01407802557 0.006217538352 0.004)
(0.0348555729 0.01769773148 0.004)
(0.03643776846 0.01311573976 0.004)
(0.03602121181 0.02030233305 0.004)
(0.03501105501 0.02331746502 0.004)
(0.03538094693 0.03123366091 0.004)
(0.01093460258 0.007042947026 0.004)
(0.0354913219 0.01519533935 0.004)
(0.007520018743 0.007095868045 0.004)
(0.02727615566 0.006131762854 0.004)
(0.02159672042 0.03361343265 0.004)
(0.009661625252 0.03349355337 0.004)
(0.01247370866 0.0331285192 0.004)
(0.009851318951 0.0155589645 0.004)
(0.008365464473 0.0180060189 0.004)
(0.03540770763 0.02854198102 0.004)
(0.03024812692 0.007704746378 0.004)
(0.0355264574 0.008722834794 0.004)
(0.007245475861 0.02849376533 0.004)
(0.007593053189 0.02284341141 0.004)
(0.01739642517 0.01054115969 0.004)
(0.03577718689 0.01100231692 0.004)
(0.01880675525 0.03305754612 0.004)
(0.02708076893 0.03177124185 0.004)
(0.02409559058 0.03216567576 0.004)
(0.02378967578 0.01119526649 0.004)
(0.03231083245 0.01041293125 0.004)
(0.00778548617 0.02556793398 0.004)
(0.01122779374 0.01258375815 0.004)
(0.01372418678 0.02980109109 0.004)
(0.03305089146 0.03317602181 0.004)
(0.03290107893 0.02637297732 0.004)
(0.03252317148 0.0296939074 0.004)
(0.03266236571 0.02042485186 0.004)
(0.009375725264 0.009962315623 0.004)
(0.03007217931 0.03236502957 0.004)
(0.01679536346 0.007171259223 0.004)
(0.01016291484 0.03053078981 0.004)
(0.02894069722 0.02758724554 0.004)
(0.02070452269 0.0291312153 0.004)
(0.01302121565 0.01814041676 0.004)
(0.01041324992 0.02077060806 0.004)
(0.03136124133 0.01778280751 0.004)
(0.03024588091 0.02371603948 0.004)
(0.01394804615 0.009744789561 0.004)
(0.01098687117 0.02730177669 0.004)
(0.02005856448 0.01330929077 0.004)
(0.02657005803 0.009112759992 0.004)
(0.01710763019 0.03010019249 0.004)
(0.02446625361 0.02762382972 0.004)
(0.01525259959 0.01434010812 0.004)
(0.03183299989 0.01466529329 0.004)
(0.0112756108 0.02398050462 0.004)
(0.02827896329 0.01977950682 0.004)
(0.03411498825 0.01291284943 0.004)
(0.0190428672 0.01838617331 0.004)
(0.02817590355 0.01221468996 0.004)
(0.0158297494 0.02611234899 0.004)
(0.02844393045 0.01611422915 0.004)
(0.02422897877 0.01625870576 0.004)
(0.02020077628 0.02418662611 0.004)
(0.01507371279 0.02180609391 0.004)
(0.02506978551 0.0226071255 0.004)
(0.002541782394 0.03852282868 0.002)
(0.006747321031 0.03833826957 0.002)
(0.0109062007 0.03817032776 0.002)
(0.01497194283 0.03851188527 0.002)
(0.01882408778 0.03816552028 0.002)
(0.02286609447 0.03807936633 0.002)
(0.02702052006 0.03835066554 0.002)
(0.03097265227 0.03823152725 0.002)
(0.0351963105 0.03827511817 0.002)
(0.03899758132 0.0385587973 0.002)
(0.04076222391 0.03880434101 0.002)
(0.04039979061 0.03517301591 0.002)
(0.04022901466 0.03125072542 0.002)
(0.0402126123 0.02702482526 0.002)
(0.04014679882 0.02313433819 0.002)
(0.04008552062 0.01910328406 0.002)
(0.04018166568 0.01487167374 0.002)
(0.0403833598 0.01102289013 0.002)
(0.04026159543 0.006981652331 0.002)
(0.04046839795 0.003181589143 0.002)
(0.04019853349 0.00132813226 0.002)
(0.03696794761 0.001440151772 0.002)
(0.03315890104 0.001773312769 0.002)
(0.02896489361 0.001793954645 0.002)
(0.02489082074 0.001727392246 0.002)
(0.02084899579 0.001674503087 0.002)
(0.01684412363 0.001896968506 0.002)
(0.01288703289 0.001813293934 0.002)
(0.008832601291 0.001608563652 0.002)
(0.005002276879 0.001619443403 0.002)
(0.001719089742 0.002571402788 0.002)
(0.001878493218 0.006859975034 0.002)
(0.001844619201 0.0110410516 0.002)
(0.001943791295 0.01492191405 0.002)
(0.002115591216 0.01907470379 0.002)
(0.00215683758 0.02310507103 0.002)
(0.001805645459 0.02704639349 0.002)
(0.001912349065 0.03122520464 0.002)
(0.001635368265 0.03517142608 0.002)
(0.004773638803 0.03839406011 0.002)
(0.008756641169 0.03825379705 0.002)
(0.01317805832 0.03818710567 0.002)
(0.01671288636 0.03817021318 0.002)
(0.02085811187 0.03818725568 0.002)
(0.024908621 0.03814598399 0.002)
(0.02900993815 0.03838119981 0.002)
(0.03313578053 0.03819023539 0.002)
(0.03714842414 0.03840798361 0.002)
(0.04052261343 0.03696066462 0.002)
(0.04029148478 0.03321137923 0.002)
(0.04020032083 0.02904225156 0.002)
(0.04018875912 0.0250652799 0.002)
(0.04011844754 0.02102637114 0.002)
(0.04009856072 0.01705434661 0.002)
(0.0403366787 0.01300158877 0.002)
(0.0402525569 0.009072910797 0.002)
(0.04043637778 0.005019090123 0.002)
(0.02700773446 0.001793329913 0.002)
(0.03853197635 0.002092879281 0.002)
(0.035230739 0.001681696081 0.002)
(0.03095059458 0.001802223404 0.002)
(0.02287586171 0.001632237175 0.002)
(0.01891536566 0.001850752111 0.002)
(0.01497387538 0.001755712079 0.002)
(0.01079764083 0.001862047749 0.002)
(0.006838826154 0.001555120252 0.002)
(0.003144482875 0.001466978557 0.002)
(0.00180405796 0.004812514414 0.002)
(0.00182543957 0.009032772372 0.002)
(0.001845297973 0.01290989092 0.002)
(0.002115598581 0.0170236024 0.002)
(0.002151761518 0.02106096049 0.002)
(0.001855674751 0.02505371568 0.002)
(0.001914519521 0.02906482305 0.002)
(0.001802929565 0.03324066192 0.002)
(0.001442322206 0.03698059487 0.002)
(0.005445970095 0.03643123978 0.002)
(0.03778953758 0.02002797506 0.002)
(0.009911517437 0.03593639239 0.002)
(0.01969162282 0.03625487534 0.002)
(0.02392334882 0.03552478815 0.002)
(0.02800961853 0.03662619223 0.002)
(0.03207901638 0.03581668731 0.002)
(0.03653783583 0.03631514359 0.002)
(0.03860181413 0.03656977181 0.002)
(0.03798939611 0.03024869085 0.002)
(0.0377563166 0.01583071009 0.002)
(0.03765738997 0.022059213 0.002)
(0.03448578904 0.003938098396 0.002)
(0.03804158795 0.03236744508 0.002)
(0.03798771104 0.02613611786 0.002)
(0.03799112422 0.02812683334 0.002)
(0.03779654217 0.01794557696 0.002)
(0.03787014011 0.0240668405 0.002)
(0.03861515542 0.01200560816 0.002)
(0.03801712136 0.007979514867 0.002)
(0.03895893849 0.003975057782 0.002)
(0.01783237593 0.004419259053 0.002)
(0.02790033879 0.004201988931 0.002)
(0.023717652 0.003829451232 0.002)
(0.02998616988 0.004084079557 0.002)
(0.03688781942 0.003571694766 0.002)
(0.02582521954 0.004048842931 0.002)
(0.01176635662 0.004740555063 0.002)
(0.007758829917 0.003227295329 0.002)
(0.004042985888 0.008018382496 0.002)
(0.003882727605 0.005664224841 0.002)
(0.007559138479 0.0362101567 0.002)
(0.003342348048 0.036648167 0.002)
(0.004226201364 0.01181787155 0.002)
(0.00448097898 0.01573528285 0.002)
(0.004558471378 0.02008965668 0.002)
(0.0043887948 0.02427569455 0.002)
(0.004151360409 0.0301984893 0.002)
(0.003711813321 0.03455632922 0.002)
(0.01502399468 0.03616448722 0.002)
(0.02172500355 0.03565599877 0.002)
(0.01751074635 0.035614131 0.002)
(0.03824927996 0.03448932649 0.002)
(0.01236499352 0.03586313327 0.002)
(0.01995066717 0.004208010815 0.002)
(0.003575291418 0.003438403924 0.002)
(0.02606455799 0.03588390497 0.002)
(0.02995478775 0.0360269482 0.002)
(0.03430962508 0.03604309856 0.002)
(0.03804245211 0.01375909952 0.002)
(0.03220954276 0.004027768678 0.002)
(0.0384151046 0.005749741364 0.002)
(0.03803264464 0.01010335632 0.002)
(0.01584115131 0.004207225682 0.002)
(0.02183504254 0.003485618183 0.002)
(0.005738968313 0.003924645268 0.002)
(0.01389555886 0.003768144754 0.002)
(0.009666931287 0.003950566009 0.002)
(0.004466505801 0.01788768512 0.002)
(0.003780453554 0.009987115588 0.002)
(0.003888900629 0.01379823724 0.002)
(0.004709121531 0.02221894013 0.002)
(0.003748851962 0.02607010981 0.002)
(0.004074247397 0.02795435837 0.002)
(0.004003269835 0.03248000285 0.002)
(0.0307267215 0.03301180676 0.002)
(0.02806572778 0.03396060053 0.002)
(0.03522928732 0.009384707354 0.002)
(0.03529566766 0.0143223741 0.002)
(0.009286210509 0.007465125313 0.002)
(0.03629156551 0.01193795898 0.002)
(0.01653310506 0.007189334903 0.002)
(0.03579335356 0.02521774335 0.002)
(0.006987078116 0.01340461012 0.002)
(0.006010915787 0.03405232723 0.002)
(0.01112048782 0.03313964662 0.002)
(0.0312174773 0.006450827125 0.002)
(0.0334460951 0.03315881439 0.002)
(0.0065430787 0.03140173576 0.002)
(0.0142002655 0.00633397189 0.002)
(0.03601544363 0.03385428232 0.002)
(0.006534449715 0.009934801379 0.002)
(0.03614583383 0.006484529433 0.002)
(0.007770629306 0.005256923877 0.002)
(0.006916463654 0.01887432964 0.002)
(0.02190820611 0.006617157654 0.002)
(0.006259903547 0.02613313855 0.002)
(0.01923714314 0.007434153934 0.002)
(0.007426681718 0.01640777326 0.002)
(0.01659964989 0.03182900449 0.002)
(0.006199639874 0.006977671344 0.002)
(0.03504240925 0.0168313238 0.002)
(0.03355096757 0.007018236421 0.002)
(0.007797287529 0.02123261163 0.002)
(0.03557616441 0.01893414619 0.002)
(0.03488238076 0.02326925699 0.002)
(0.01384632567 0.03336981685 0.002)
(0.01199123241 0.007987716422 0.002)
(0.02432829418 0.006292758443 0.002)
(0.02897335821 0.00717041814 0.002)
(0.03555279964 0.03144725076 0.002)
(0.008435082352 0.03354076922 0.002)
(0.007705267699 0.02381724168 0.002)
(0.006963509794 0.02874453491 0.002)
(0.01959628971 0.03318685898 0.002)
(0.02548418585 0.03268189969 0.002)
(0.03535019096 0.02724973271 0.002)
(0.03481458892 0.02097371034 0.002)
(0.02656652658 0.007028788982 0.002)
(0.02252043296 0.03225164425 0.002)
(0.03251686656 0.02933455149 0.002)
(0.0358688745 0.02927211588 0.002)
(0.01452263924 0.009820069976 0.002)
(0.0155933336 0.02632929628 0.002)
(0.02016252755 0.0280215638 0.002)
(0.03311576748 0.01233468521 0.002)
(0.02113962471 0.01081650239 0.002)
(0.03227362291 0.01889266334 0.002)
(0.0247325997 0.02856702581 0.002)
(0.009536419611 0.03024256682 0.002)
(0.02846072824 0.03020984574 0.002)
(0.03138352637 0.009748496288 0.002)
(0.02419657324 0.009336146043 0.002)
(0.01083683619 0.01522585841 0.002)
(0.01306366583 0.0297246179 0.002)
(0.01058509544 0.0112145728 0.002)
(0.01762029482 0.01092968183 0.002)
(0.03202062949 0.0157141357 0.002)
(0.0307186812 0.02231898439 0.002)
(0.03271577095 0.02565004991 0.002)
(0.01031109633 0.02632769236 0.002)
(0.01213239415 0.0225328538 0.002)
(0.02750624017 0.01029628676 0.002)
(0.02899992662 0.02640953326 0.002)
(0.01021149382 0.01883351294 0.002)
(0.02919809253 0.01359335053 0.002)
(0.02682224269 0.01847467522 0.002)
(0.01489616252 0.01383386001 0.002)
(0.01481168104 0.01835146822 0.002)
(0.01907314567 0.02201544666 0.002)
(0.02477028288 0.02383468184 0.002)
(0.02462210479 0.01376685014 0.002)
(0.01993380701 0.01594612211 0.002)
(0.0132361932 0.01147456319 0.004898225745)
(0.04101405 0.000835431623 0.01783245227)
(0.02599539717 0.007036565445 0.02228949693)
(0.02599265168 0.01175321535 0.02206845265)
(0.02595277224 0.03888272469 0.02150307953)
(0.01645844891 0.009701103392 0.02235085392)
(0.01581462353 0.03919272405 0.009648752255)
(0.0009681162847 0.03920248727 0.01111239192)
(0.01613788536 0.03919258457 0.02174272365)
(0.006070879014 0.02550014082 0.02215720065)
(0.006137874662 0.0391925311 0.02174270632)
(0.02101962367 0.000845712875 0.01783531342)
(0.04098626238 0.0009116949436 0.01407342481)
(0.00606481096 0.0007361632036 0.02232152918)
(0.04093410349 0.03140792022 0.02205428453)
(0.02601942915 0.02516763999 0.02211041929)
(0.005766221324 0.0007173230436 0.02039082715)
(0.00599200962 0.007035690747 0.02228844633)
(0.02086227184 0.01273799456 0.02213502872)
(0.04098292847 0.0007670128356 0.009935799955)
(0.04098235721 0.0009061905016 0.01606834612)
(0.02088882969 0.03900470132 0.02069467428)
(0.02102615544 0.00553479635 0.02205032523)
(0.02101025679 0.03928979589 0.00768745061)
(0.0309842278 0.0007695519378 0.009991843599)
(0.03110338857 0.0391087683 0.01292396136)
(0.001025506334 0.02049332107 0.02206767858)
(0.005980242722 0.0009020073318 0.01387509569)
(0.03105057892 0.02312003323 0.02209205285)
(0.001069028371 0.007315166141 0.02208551228)
(0.01101457082 0.003373639582 0.02213047756)
(0.01600553539 0.004920891597 0.02203834012)
(0.001102589065 0.003271667609 0.02214644409)
(0.04103455408 0.01357861883 0.02208244547)
(0.02602596875 0.002913028943 0.02215146447)
(0.01607102018 0.02941626595 0.02203557916)
(0.02109368932 0.001049411162 0.02152210459)
(0.01099676381 0.03927124795 0.009053144849)
(0.03101469749 0.03325773916 0.02192109933)
(0.03113787466 0.0391925311 0.02174270632)
(0.01111318977 0.02421449856 0.02213060519)
(0.02088570383 0.02540069579 0.02212151905)
(0.01587072862 0.03491692772 0.02214116565)
(0.02088111586 0.02326743581 0.02216051047)
(0.01598769393 0.0008415576424 0.0117777363)
(0.02099908422 0.01009933243 0.02204216007)
(0.03607882601 0.03290084579 0.02213553039)
(0.001122527504 0.02621721465 0.02216022349)
(0.01597655104 0.03883046637 0.01658226293)
(0.01110581671 0.02031041358 0.02212315382)
(0.04108362861 0.007535415903 0.02206637302)
(0.02601740839 0.02164926768 0.02202548725)
(0.02079851412 0.03919947761 0.01836862302)
(0.0109402905 0.03682924713 0.02219664737)
(0.03603464584 0.005347371651 0.02208209335)
(0.04098531131 0.03864869367 0.02165033886)
(0.03599068926 0.0008813630205 0.01384551979)
(0.01098858518 0.01542555263 0.02205090338)
(0.0411073064 0.02018834596 0.02212232123)
(0.03612772143 0.03919793 0.01953791582)
(0.04094719231 0.02916131759 0.02208899805)
(0.03586452231 0.0108237192 0.02213113337)
(0.005984227836 0.0007695514896 0.00999184267)
(0.03606133361 0.03050774724 0.0220801346)
(0.01601151411 0.01895561261 0.02195229315)
(0.03609404043 0.001047922627 0.02152225278)
(0.04079337318 0.001146171413 0.005166489155)
(0.0360182099 0.0008449493576 0.01782832043)
(0.03603200665 0.03912803829 0.01272404964)
(0.01107679534 0.0180630512 0.0220747046)
(0.0009648088801 0.03697295417 0.02216333763)
(0.02088448266 0.01491154793 0.02212145928)
(0.03612440089 0.0261574281 0.02215066672)
(0.01084792584 0.03917869054 0.01820706513)
(0.03603460537 0.01562137632 0.02204467791)
(0.01091123836 0.01092291168 0.02210026902)
(0.01090212548 0.01298132893 0.02211796388)
(0.02605160879 0.0008150607002 0.01140084658)
(0.04112265455 0.02621737497 0.02216065489)
(0.0108564262 0.03154944943 0.02214679801)
(0.02608490667 0.03151788121 0.02200513749)
(0.02602533787 0.0008414959077 0.01787383239)
(0.03107104427 0.02941490783 0.02203417118)
(0.04104684662 0.03498952925 0.02214775001)
(0.03607563445 0.01818178516 0.02210861351)
(0.03090730009 0.0007078860728 0.02227273494)
(0.03597951525 0.02351443909 0.0221019608)
(0.0409942338 0.0373999409 0.02219430955)
(0.03098024272 0.0009020073454 0.01387509577)
(0.02603178503 0.001006450453 0.006368294504)
(0.03081197886 0.01562457318 0.02214646663)
(0.0208848405 0.02114366987 0.02218405168)
(0.01105024961 0.03932189532 0.02157913296)
(0.01581198174 0.0156245301 0.02214791234)
(0.02110594977 0.03267036441 0.02210704114)
(0.02609041816 0.005279009564 0.02206322778)
(0.01576628187 0.0007172552145 0.02039063544)
(0.01598185717 0.02277752912 0.02205843924)
(0.02088015049 0.02742052795 0.0220948924)
(0.005976553765 0.03883026079 0.01658229136)
(0.0209458094 0.0369759987 0.02220107624)
(0.02099508959 0.0008185925506 0.01324783041)
(0.02085567615 0.0007103044345 0.009642121781)
(0.01095720874 0.0268563867 0.02208257489)
(0.0210666049 0.007314235598 0.02208249872)
(0.01597700571 0.0008986330105 0.01606921987)
(0.0007945075384 0.03922405211 0.01851303909)
(0.0009971425086 0.0009222437931 0.02050205967)
(0.01601601739 0.001153920042 0.007270500429)
(0.006103389565 0.03910876086 0.01292396849)
(0.02092499426 0.01715935234 0.022090068)
(0.00604413409 0.03119401361 0.02220672331)
(0.02595752115 0.0389043924 0.01636880032)
(0.005992903491 0.03933308364 0.007662714842)
(0.006197496072 0.03918430912 0.01065456827)
(0.01099461124 0.0008342010199 0.01175497418)
(0.000986069454 0.03861995121 0.02168662028)
(0.01106443069 0.0009692839963 0.006894139035)
(0.04090580386 0.03915461965 0.01602419996)
(0.03101059166 0.001012084824 0.00654336363)
(0.000836956606 0.03914098851 0.01619421409)
(0.001073172554 0.017931452 0.02209152619)
(0.005811978863 0.01562457318 0.02214646663)
(0.01092428534 0.03462582897 0.02218582547)
(0.006089117271 0.02079706195 0.02208991343)
(0.001131694364 0.01188461795 0.02214429609)
(0.006014697488 0.03325773916 0.02192109933)
(0.001127200283 0.009751219399 0.02210697778)
(0.03099591457 0.0008727726023 0.02038467807)
(0.0009824869758 0.0009223952508 0.01627439951)
(0.0009806908841 0.02353898084 0.02206442252)
(0.04100822841 0.003620655268 0.02208830114)
(0.04101501824 0.0104848807 0.0220278936)
(0.03599612817 0.03886048698 0.02155351849)
(0.04102756296 0.03913847868 0.01266100965)
(0.0009915292558 0.0321679384 0.02197290803)
(0.04101659898 0.02323288045 0.0220414116)
(0.02607735412 0.03681139725 0.02235897922)
(0.03609026884 0.02829039693 0.02211849933)
(0.03107087901 0.02550014082 0.02215720066)
(0.0409506997 0.03937451261 0.009291028424)
(0.02099145638 0.02990572487 0.02202315829)
(0.01607064303 0.02550212049 0.02216010878)
(0.001064473649 0.0009690800389 0.006894436481)
(0.006087266291 0.03601958131 0.02209279286)
(0.01589492728 0.002537208689 0.02219835997)
(0.01600892123 0.03907675007 0.01280677706)
(0.03447512135 0.0008999263383 0.004901247301)
(0.01103783671 0.005312080946 0.022087805)
(0.0360817602 0.03919000263 0.009641667832)
(0.03606290621 0.0009656791948 0.006889435311)
(0.0359029066 0.01299177337 0.02211637948)
(0.03599340251 0.0007796011975 0.009957967413)
(0.02589399677 0.03935640028 0.00754821845)
(0.04112500834 0.01599267856 0.0221000687)
(0.03097655377 0.03883026079 0.01658229136)
(0.01099742702 0.001373782536 0.02161753885)
(0.03100953974 0.01871881146 0.02193726615)
(0.03601973603 0.02070183532 0.02210719699)
(0.02090309435 0.03922025501 0.01086035179)
(0.03582629734 0.008656370215 0.02216282657)
(0.001080161934 0.01577789963 0.02212560568)
(0.02604954352 0.03426056844 0.0219200149)
(0.02101266047 0.03909275972 0.01481834589)
(0.03119749607 0.03918430912 0.01065456827)
(0.01102759872 0.0391383281 0.0126611272)
(0.01101379305 0.0008356730609 0.01783080329)
(0.04094133116 0.03900288839 0.005395468002)
(0.04079611165 0.0392041554 0.01836941201)
(0.001010618561 0.03927345845 0.007680815241)
(0.0009830070352 0.0007723111376 0.00997072465)
(0.0009932236383 0.0008395802068 0.01172822344)
(0.0009272828615 0.02904875667 0.02210946218)
(0.02599263452 0.03918501687 0.009822686503)
(0.02615656804 0.01656431647 0.02211692177)
(0.03099290349 0.03933308364 0.007662714842)
(0.0359996581 0.03911927986 0.01614492424)
(0.01083918711 0.008783823767 0.02215263993)
(0.03106217021 0.03680735323 0.02237460313)
(0.04110008491 0.001024545084 0.02152849625)
(0.03108801084 0.005277974714 0.02206184141)
(0.0309090038 0.00872464066 0.02203392569)
(0.03099734393 0.01109607258 0.02200540908)
(0.02600212358 0.009070832386 0.0220189435)
(0.02604494847 0.01323266073 0.02210195287)
(0.01609523378 0.01147408694 0.02207595363)
(0.006095089218 0.01147694168 0.02207340674)
(0.00608801084 0.005277974715 0.02206184141)
(0.02101342165 0.003643763968 0.02207808288)
(0.02101982551 0.03870722166 0.02191005464)
(0.006078680794 0.02740889105 0.02202571292)
(0.01606215219 0.03680746164 0.0223746267)
(0.03599038801 0.0008290295523 0.01175629664)
(0.02603208199 0.01954513239 0.02199231256)
(0.04093405791 0.000820380579 0.01138655599)
(0.0310441341 0.03119401361 0.02220672331)
(0.01595701603 0.03893302077 0.01849193232)
(0.03602981288 0.03928483093 0.01156486251)
(0.02597924342 0.02777361715 0.02205786109)
(0.01101572201 0.039110874 0.007927687781)
(0.03108911727 0.02079706195 0.02208991343)
(0.02590522961 0.0007150910231 0.02226794585)
(0.0259797535 0.001163764054 0.0164707281)
(0.02599656693 0.0008737132513 0.02038683233)
(0.0310908319 0.01349074199 0.02208571429)
(0.02598178876 0.03906911852 0.01391691383)
(0.0410197821 0.001022133151 0.006637566243)
(0.006021320479 0.002917767591 0.02214200981)
(0.001019174465 0.0008360077037 0.0178553875)
(0.005976983623 0.0009009188781 0.0160740401)
(0.001034506799 0.0009692368409 0.02197554614)
(0.02599313457 0.02354794149 0.0219722586)
(0.006050578923 0.02312003323 0.02209205285)
(0.01590054027 0.03920752672 0.00715699336)
(0.01609069899 0.013488701 0.02208810224)
(0.04086653498 0.03914225692 0.007260398153)
(0.02100591575 0.001032684733 0.006548622717)
(0.006009539738 0.01871881146 0.02193726615)
(0.01598014482 0.0008977998608 0.01386996439)
(0.0410297026 0.005535178354 0.02206096931)
(0.01096832417 0.03920251874 0.01111239767)
(0.03097698362 0.0009009189049 0.01607404016)
(0.006068906681 0.0009586585711 0.006898945884)
(0.03601292154 0.003627321527 0.02207954588)
(0.04096821879 0.03920262452 0.01111230143)
(0.005957039237 0.03893282053 0.01849193747)
(0.02094821186 0.03938006756 0.009298905133)
(0.02098872885 0.0008524274227 0.0118838517)
(0.03601077777 0.03927554878 0.007675859968)
(0.03600546848 0.03426268065 0.02192955818)
(0.03095703924 0.03893282053 0.01849193747)
(0.03098822739 0.0008450841408 0.01178184535)
(0.01601698494 0.0008334868908 0.01785548824)
(0.0009505855274 0.03937440009 0.009291191178)
(0.03111145642 0.03530920676 0.02229596558)
(0.01604411134 0.03119468329 0.02220704671)
(0.01607885553 0.02741038225 0.02202790688)
(0.01606481762 0.0007361201914 0.02232155238)
(0.01098721109 0.03911707144 0.0163485942)
(0.02100830737 0.03424265075 0.02193362252)
(0.02598744791 0.000765490785 0.009954440245)
(0.01096850952 0.0007719502923 0.0202604202)
(0.01098367552 0.0007700550361 0.00996767496)
(0.01097791049 0.03813368965 0.0222383005)
(0.01098177008 0.0009060816157 0.01605246645)
(0.001013116013 0.005703580784 0.02202868452)
(0.005988227336 0.0008450840228 0.01178184637)
(0.02098771553 0.000901547887 0.01609606046)
(0.0009493226048 0.00086412083 0.01343594617)
(0.01598348414 0.000766967135 0.009989358986)
(0.01599132193 0.02073426901 0.02198092816)
(0.0310786808 0.02740889104 0.02202571292)
(0.0009241796744 0.03462619098 0.02218520807)
(0.03598727844 0.0009077760822 0.01603782104)
(0.02596845311 0.03894248514 0.01894064426)
(0.001027534235 0.0391385085 0.01266106093)
(0.03587589964 0.03664339037 0.02222689973)
(0.02097261875 0.03915452645 0.01323146707)
(0.03102132048 0.002917767591 0.02214200981)
(0.01607018876 0.00742354817 0.02201733408)
(0.005996897457 0.00909201445 0.0219781821)
(0.006090831896 0.01349074198 0.02208571429)
(0.02597399854 0.02927640401 0.02208972798)
(0.006016982437 0.0008338542735 0.01785690063)
(0.006071044275 0.02941490783 0.02203417118)
(0.02599321622 0.03914173285 0.01176387162)
(0.03101698244 0.0008338542783 0.01785690064)
(0.01098974358 0.000895161059 0.0138507528)
(0.03099200944 0.007035690763 0.02228844633)
(0.0258891478 0.0008538685174 0.01376032062)
(0.01096458823 0.02869823606 0.02216311533)
(0.02099016527 0.0009485809342 0.01448011379)
(0.03952357672 0.02802989823 0.003017805042)
(0.023897581 0.03741772076 0.002969892789)
(0.01192396203 0.03880190218 0.002988437727)
)


// ************************************************************************* //
