    -1
   164
         1  SI: Meter (newton)         2
    1.0000000000000000E+0    1.0000000000000000E+0    1.0000000000000000E+0
    2.7314999999999998E+2
    -1
    -1
  2420
         1
SMESH_Mesh
         1         0         0
Global Cartesian Coordinate System
    1.0000000000000000E+0    0.0000000000000000E+0    0.0000000000000000E+0
    0.0000000000000000E+0    1.0000000000000000E+0    0.0000000000000000E+0
    0.0000000000000000E+0    0.0000000000000000E+0    1.0000000000000000E+0
    0.0000000000000000E+0    0.0000000000000000E+0    0.0000000000000000E+0
    -1
    -1
  2411
         1         1         1        11
   5.0000000000000000E+01   0.0000000000000000E+00   0.0000000000000000E+00
         2         1         1        11
   5.0000000000000000E+01   0.0000000000000000E+00   1.0000000000000000E+01
         3         1         1        11
   3.0000000000000000E+01   2.5000000000000000E+01   0.0000000000000000E+00
         4         1         1        11
   3.0000000000000000E+01   2.5000000000000000E+01   1.0000000000000000E+01
         5         1         1        11
   7.0000000000000000E+01   2.5000000000000000E+01   0.0000000000000000E+00
         6         1         1        11
   7.0000000000000000E+01   2.5000000000000000E+01   1.0000000000000000E+01
         7         1         1        11
   5.0000000000000000E+01   5.0000000000000000E+01   0.0000000000000000E+00
         8         1         1        11
   5.0000000000000000E+01   5.0000000000000000E+01   1.0000000000000000E+01
         9         1         1        11
   1.0000000000000000E+02   2.5000000000000000E+01   0.0000000000000000E+00
        10         1         1        11
   1.0000000000000000E+02   2.5000000000000000E+01   1.0000000000000000E+01
        11         1         1        11
   1.0000000000000000E+02   5.0000000000000000E+01   0.0000000000000000E+00
        12         1         1        11
   1.0000000000000000E+02   5.0000000000000000E+01   1.0000000000000000E+01
        13         1         1        11
   1.0000000000000000E+02   0.0000000000000000E+00   0.0000000000000000E+00
        14         1         1        11
   1.0000000000000000E+02   0.0000000000000000E+00   1.0000000000000000E+01
        15         1         1        11
   0.0000000000000000E+00   5.0000000000000000E+01   0.0000000000000000E+00
        16         1         1        11
   0.0000000000000000E+00   5.0000000000000000E+01   1.0000000000000000E+01
        17         1         1        11
   0.0000000000000000E+00   2.5000000000000000E+01   0.0000000000000000E+00
        18         1         1        11
   0.0000000000000000E+00   2.5000000000000000E+01   1.0000000000000000E+01
        19         1         1        11
   0.0000000000000000E+00   0.0000000000000000E+00   0.0000000000000000E+00
        20         1         1        11
   0.0000000000000000E+00   0.0000000000000000E+00   1.0000000000000000E+01
        21         1         1        11
   4.8666666666666671E+01   1.6666666666666645E+00   0.0000000000000000E+00
        22         1         1        11
   4.7333333333333336E+01   3.3333333333333290E+00   0.0000000000000000E+00
        23         1         1        11
   4.6000000000000007E+01   4.9999999999999929E+00   0.0000000000000000E+00
        24         1         1        11
   4.4666666666666671E+01   6.6666666666666581E+00   0.0000000000000000E+00
        25         1         1        11
   4.3333333333333343E+01   8.3333333333333215E+00   0.0000000000000000E+00
        26         1         1        11
   4.2000000000000014E+01   9.9999999999999858E+00   0.0000000000000000E+00
        27         1         1        11
   4.0666666666666679E+01   1.1666666666666652E+01   0.0000000000000000E+00
        28         1         1        11
   3.9333333333333350E+01   1.3333333333333316E+01   0.0000000000000000E+00
        29         1         1        11
   3.8000000000000014E+01   1.4999999999999979E+01   0.0000000000000000E+00
        30         1         1        11
   3.6666666666666686E+01   1.6666666666666643E+01   0.0000000000000000E+00
        31         1         1        11
   3.5333333333333357E+01   1.8333333333333304E+01   0.0000000000000000E+00
        32         1         1        11
   3.4000000000000028E+01   1.9999999999999968E+01   0.0000000000000000E+00
        33         1         1        11
   3.2666666666666700E+01   2.1666666666666632E+01   0.0000000000000000E+00
        34         1         1        11
   3.1333333333333364E+01   2.3333333333333293E+01   0.0000000000000000E+00
        35         1         1        11
   4.8666666666666671E+01   1.6666666666666645E+00   1.0000000000000000E+01
        36         1         1        11
   4.7333333333333336E+01   3.3333333333333290E+00   1.0000000000000000E+01
        37         1         1        11
   4.6000000000000007E+01   4.9999999999999929E+00   1.0000000000000000E+01
        38         1         1        11
   4.4666666666666671E+01   6.6666666666666581E+00   1.0000000000000000E+01
        39         1         1        11
   4.3333333333333343E+01   8.3333333333333215E+00   1.0000000000000000E+01
        40         1         1        11
   4.2000000000000014E+01   9.9999999999999858E+00   1.0000000000000000E+01
        41         1         1        11
   4.0666666666666679E+01   1.1666666666666652E+01   1.0000000000000000E+01
        42         1         1        11
   3.9333333333333350E+01   1.3333333333333316E+01   1.0000000000000000E+01
        43         1         1        11
   3.8000000000000014E+01   1.4999999999999979E+01   1.0000000000000000E+01
        44         1         1        11
   3.6666666666666686E+01   1.6666666666666643E+01   1.0000000000000000E+01
        45         1         1        11
   3.5333333333333357E+01   1.8333333333333304E+01   1.0000000000000000E+01
        46         1         1        11
   3.4000000000000028E+01   1.9999999999999968E+01   1.0000000000000000E+01
        47         1         1        11
   3.2666666666666700E+01   2.1666666666666632E+01   1.0000000000000000E+01
        48         1         1        11
   3.1333333333333364E+01   2.3333333333333293E+01   1.0000000000000000E+01
        49         1         1        11
   6.8666666666666671E+01   2.3333333333333336E+01   0.0000000000000000E+00
        50         1         1        11
   6.7333333333333343E+01   2.1666666666666671E+01   0.0000000000000000E+00
        51         1         1        11
   6.6000000000000000E+01   2.0000000000000007E+01   0.0000000000000000E+00
        52         1         1        11
   6.4666666666666671E+01   1.8333333333333343E+01   0.0000000000000000E+00
        53         1         1        11
   6.3333333333333343E+01   1.6666666666666679E+01   0.0000000000000000E+00
        54         1         1        11
   6.2000000000000014E+01   1.5000000000000014E+01   0.0000000000000000E+00
        55         1         1        11
   6.0666666666666679E+01   1.3333333333333348E+01   0.0000000000000000E+00
        56         1         1        11
   5.9333333333333350E+01   1.1666666666666684E+01   0.0000000000000000E+00
        57         1         1        11
   5.8000000000000014E+01   1.0000000000000021E+01   0.0000000000000000E+00
        58         1         1        11
   5.6666666666666686E+01   8.3333333333333570E+00   0.0000000000000000E+00
        59         1         1        11
   5.5333333333333357E+01   6.6666666666666963E+00   0.0000000000000000E+00
        60         1         1        11
   5.4000000000000028E+01   5.0000000000000320E+00   0.0000000000000000E+00
        61         1         1        11
   5.2666666666666700E+01   3.3333333333333677E+00   0.0000000000000000E+00
        62         1         1        11
   5.1333333333333364E+01   1.6666666666667069E+00   0.0000000000000000E+00
        63         1         1        11
   6.8666666666666671E+01   2.3333333333333336E+01   1.0000000000000000E+01
        64         1         1        11
   6.7333333333333343E+01   2.1666666666666671E+01   1.0000000000000000E+01
        65         1         1        11
   6.6000000000000000E+01   2.0000000000000007E+01   1.0000000000000000E+01
        66         1         1        11
   6.4666666666666671E+01   1.8333333333333343E+01   1.0000000000000000E+01
        67         1         1        11
   6.3333333333333343E+01   1.6666666666666679E+01   1.0000000000000000E+01
        68         1         1        11
   6.2000000000000014E+01   1.5000000000000014E+01   1.0000000000000000E+01
        69         1         1        11
   6.0666666666666679E+01   1.3333333333333348E+01   1.0000000000000000E+01
        70         1         1        11
   5.9333333333333350E+01   1.1666666666666684E+01   1.0000000000000000E+01
        71         1         1        11
   5.8000000000000014E+01   1.0000000000000021E+01   1.0000000000000000E+01
        72         1         1        11
   5.6666666666666686E+01   8.3333333333333570E+00   1.0000000000000000E+01
        73         1         1        11
   5.5333333333333357E+01   6.6666666666666963E+00   1.0000000000000000E+01
        74         1         1        11
   5.4000000000000028E+01   5.0000000000000320E+00   1.0000000000000000E+01
        75         1         1        11
   5.2666666666666700E+01   3.3333333333333677E+00   1.0000000000000000E+01
        76         1         1        11
   5.1333333333333364E+01   1.6666666666667069E+00   1.0000000000000000E+01
        77         1         1        11
   5.1333333333333329E+01   4.8333333333333336E+01   0.0000000000000000E+00
        78         1         1        11
   5.2666666666666664E+01   4.6666666666666671E+01   0.0000000000000000E+00
        79         1         1        11
   5.3999999999999993E+01   4.5000000000000007E+01   0.0000000000000000E+00
        80         1         1        11
   5.5333333333333329E+01   4.3333333333333343E+01   0.0000000000000000E+00
        81         1         1        11
   5.6666666666666657E+01   4.1666666666666679E+01   0.0000000000000000E+00
        82         1         1        11
   5.7999999999999986E+01   4.0000000000000014E+01   0.0000000000000000E+00
        83         1         1        11
   5.9333333333333321E+01   3.8333333333333350E+01   0.0000000000000000E+00
        84         1         1        11
   6.0666666666666650E+01   3.6666666666666686E+01   0.0000000000000000E+00
        85         1         1        11
   6.1999999999999986E+01   3.5000000000000021E+01   0.0000000000000000E+00
        86         1         1        11
   6.3333333333333314E+01   3.3333333333333357E+01   0.0000000000000000E+00
        87         1         1        11
   6.4666666666666643E+01   3.1666666666666696E+01   0.0000000000000000E+00
        88         1         1        11
   6.5999999999999972E+01   3.0000000000000032E+01   0.0000000000000000E+00
        89         1         1        11
   6.7333333333333300E+01   2.8333333333333368E+01   0.0000000000000000E+00
        90         1         1        11
   6.8666666666666629E+01   2.6666666666666707E+01   0.0000000000000000E+00
        91         1         1        11
   5.1333333333333329E+01   4.8333333333333336E+01   1.0000000000000000E+01
        92         1         1        11
   5.2666666666666664E+01   4.6666666666666671E+01   1.0000000000000000E+01
        93         1         1        11
   5.3999999999999993E+01   4.5000000000000007E+01   1.0000000000000000E+01
        94         1         1        11
   5.5333333333333329E+01   4.3333333333333343E+01   1.0000000000000000E+01
        95         1         1        11
   5.6666666666666657E+01   4.1666666666666679E+01   1.0000000000000000E+01
        96         1         1        11
   5.7999999999999986E+01   4.0000000000000014E+01   1.0000000000000000E+01
        97         1         1        11
   5.9333333333333321E+01   3.8333333333333350E+01   1.0000000000000000E+01
        98         1         1        11
   6.0666666666666650E+01   3.6666666666666686E+01   1.0000000000000000E+01
        99         1         1        11
   6.1999999999999986E+01   3.5000000000000021E+01   1.0000000000000000E+01
       100         1         1        11
   6.3333333333333314E+01   3.3333333333333357E+01   1.0000000000000000E+01
       101         1         1        11
   6.4666666666666643E+01   3.1666666666666696E+01   1.0000000000000000E+01
       102         1         1        11
   6.5999999999999972E+01   3.0000000000000032E+01   1.0000000000000000E+01
       103         1         1        11
   6.7333333333333300E+01   2.8333333333333368E+01   1.0000000000000000E+01
       104         1         1        11
   6.8666666666666629E+01   2.6666666666666707E+01   1.0000000000000000E+01
       105         1         1        11
   3.1333333333333332E+01   2.6666666666666664E+01   0.0000000000000000E+00
       106         1         1        11
   3.2666666666666664E+01   2.8333333333333329E+01   0.0000000000000000E+00
       107         1         1        11
   3.3999999999999993E+01   2.9999999999999993E+01   0.0000000000000000E+00
       108         1         1        11
   3.5333333333333329E+01   3.1666666666666657E+01   0.0000000000000000E+00
       109         1         1        11
   3.6666666666666657E+01   3.3333333333333321E+01   0.0000000000000000E+00
       110         1         1        11
   3.7999999999999986E+01   3.4999999999999986E+01   0.0000000000000000E+00
       111         1         1        11
   3.9333333333333321E+01   3.6666666666666650E+01   0.0000000000000000E+00
       112         1         1        11
   4.0666666666666650E+01   3.8333333333333314E+01   0.0000000000000000E+00
       113         1         1        11
   4.1999999999999986E+01   3.9999999999999979E+01   0.0000000000000000E+00
       114         1         1        11
   4.3333333333333314E+01   4.1666666666666643E+01   0.0000000000000000E+00
       115         1         1        11
   4.4666666666666643E+01   4.3333333333333300E+01   0.0000000000000000E+00
       116         1         1        11
   4.5999999999999972E+01   4.4999999999999972E+01   0.0000000000000000E+00
       117         1         1        11
   4.7333333333333300E+01   4.6666666666666629E+01   0.0000000000000000E+00
       118         1         1        11
   4.8666666666666636E+01   4.8333333333333293E+01   0.0000000000000000E+00
       119         1         1        11
   3.1333333333333332E+01   2.6666666666666664E+01   1.0000000000000000E+01
       120         1         1        11
   3.2666666666666664E+01   2.8333333333333329E+01   1.0000000000000000E+01
       121         1         1        11
   3.3999999999999993E+01   2.9999999999999993E+01   1.0000000000000000E+01
       122         1         1        11
   3.5333333333333329E+01   3.1666666666666657E+01   1.0000000000000000E+01
       123         1         1        11
   3.6666666666666657E+01   3.3333333333333321E+01   1.0000000000000000E+01
       124         1         1        11
   3.7999999999999986E+01   3.4999999999999986E+01   1.0000000000000000E+01
       125         1         1        11
   3.9333333333333321E+01   3.6666666666666650E+01   1.0000000000000000E+01
       126         1         1        11
   4.0666666666666650E+01   3.8333333333333314E+01   1.0000000000000000E+01
       127         1         1        11
   4.1999999999999986E+01   3.9999999999999979E+01   1.0000000000000000E+01
       128         1         1        11
   4.3333333333333314E+01   4.1666666666666643E+01   1.0000000000000000E+01
       129         1         1        11
   4.4666666666666643E+01   4.3333333333333300E+01   1.0000000000000000E+01
       130         1         1        11
   4.5999999999999972E+01   4.4999999999999972E+01   1.0000000000000000E+01
       131         1         1        11
   4.7333333333333300E+01   4.6666666666666629E+01   1.0000000000000000E+01
       132         1         1        11
   4.8666666666666636E+01   4.8333333333333293E+01   1.0000000000000000E+01
       133         1         1        11
   1.0000000000000000E+02   2.6666666666666668E+01   0.0000000000000000E+00
       134         1         1        11
   1.0000000000000000E+02   2.8333333333333336E+01   0.0000000000000000E+00
       135         1         1        11
   1.0000000000000000E+02   3.0000000000000004E+01   0.0000000000000000E+00
       136         1         1        11
   1.0000000000000000E+02   3.1666666666666671E+01   0.0000000000000000E+00
       137         1         1        11
   1.0000000000000000E+02   3.3333333333333336E+01   0.0000000000000000E+00
       138         1         1        11
   1.0000000000000000E+02   3.5000000000000000E+01   0.0000000000000000E+00
       139         1         1        11
   1.0000000000000000E+02   3.6666666666666664E+01   0.0000000000000000E+00
       140         1         1        11
   1.0000000000000000E+02   3.8333333333333329E+01   0.0000000000000000E+00
       141         1         1        11
   1.0000000000000000E+02   3.9999999999999993E+01   0.0000000000000000E+00
       142         1         1        11
   1.0000000000000000E+02   4.1666666666666657E+01   0.0000000000000000E+00
       143         1         1        11
   1.0000000000000000E+02   4.3333333333333321E+01   0.0000000000000000E+00
       144         1         1        11
   1.0000000000000000E+02   4.4999999999999986E+01   0.0000000000000000E+00
       145         1         1        11
   1.0000000000000000E+02   4.6666666666666650E+01   0.0000000000000000E+00
       146         1         1        11
   1.0000000000000000E+02   4.8333333333333314E+01   0.0000000000000000E+00
       147         1         1        11
   1.0000000000000000E+02   2.6666666666666668E+01   1.0000000000000000E+01
       148         1         1        11
   1.0000000000000000E+02   2.8333333333333336E+01   1.0000000000000000E+01
       149         1         1        11
   1.0000000000000000E+02   3.0000000000000004E+01   1.0000000000000000E+01
       150         1         1        11
   1.0000000000000000E+02   3.1666666666666671E+01   1.0000000000000000E+01
       151         1         1        11
   1.0000000000000000E+02   3.3333333333333336E+01   1.0000000000000000E+01
       152         1         1        11
   1.0000000000000000E+02   3.5000000000000000E+01   1.0000000000000000E+01
       153         1         1        11
   1.0000000000000000E+02   3.6666666666666664E+01   1.0000000000000000E+01
       154         1         1        11
   1.0000000000000000E+02   3.8333333333333329E+01   1.0000000000000000E+01
       155         1         1        11
   1.0000000000000000E+02   3.9999999999999993E+01   1.0000000000000000E+01
       156         1         1        11
   1.0000000000000000E+02   4.1666666666666657E+01   1.0000000000000000E+01
       157         1         1        11
   1.0000000000000000E+02   4.3333333333333321E+01   1.0000000000000000E+01
       158         1         1        11
   1.0000000000000000E+02   4.4999999999999986E+01   1.0000000000000000E+01
       159         1         1        11
   1.0000000000000000E+02   4.6666666666666650E+01   1.0000000000000000E+01
       160         1         1        11
   1.0000000000000000E+02   4.8333333333333314E+01   1.0000000000000000E+01
       161         1         1        11
   9.6666666666666671E+01   5.0000000000000000E+01   0.0000000000000000E+00
       162         1         1        11
   9.3333333333333329E+01   5.0000000000000000E+01   0.0000000000000000E+00
       163         1         1        11
   9.0000000000000000E+01   5.0000000000000000E+01   0.0000000000000000E+00
       164         1         1        11
   8.6666666666666671E+01   5.0000000000000000E+01   0.0000000000000000E+00
       165         1         1        11
   8.3333333333333329E+01   5.0000000000000000E+01   0.0000000000000000E+00
       166         1         1        11
   8.0000000000000000E+01   5.0000000000000000E+01   0.0000000000000000E+00
       167         1         1        11
   7.6666666666666671E+01   5.0000000000000000E+01   0.0000000000000000E+00
       168         1         1        11
   7.3333333333333343E+01   5.0000000000000000E+01   0.0000000000000000E+00
       169         1         1        11
   7.0000000000000000E+01   5.0000000000000000E+01   0.0000000000000000E+00
       170         1         1        11
   6.6666666666666671E+01   5.0000000000000000E+01   0.0000000000000000E+00
       171         1         1        11
   6.3333333333333336E+01   5.0000000000000000E+01   0.0000000000000000E+00
       172         1         1        11
   6.0000000000000000E+01   5.0000000000000000E+01   0.0000000000000000E+00
       173         1         1        11
   5.6666666666666664E+01   5.0000000000000000E+01   0.0000000000000000E+00
       174         1         1        11
   5.3333333333333329E+01   5.0000000000000000E+01   0.0000000000000000E+00
       175         1         1        11
   9.6666666666666671E+01   5.0000000000000000E+01   1.0000000000000000E+01
       176         1         1        11
   9.3333333333333329E+01   5.0000000000000000E+01   1.0000000000000000E+01
       177         1         1        11
   9.0000000000000000E+01   5.0000000000000000E+01   1.0000000000000000E+01
       178         1         1        11
   8.6666666666666671E+01   5.0000000000000000E+01   1.0000000000000000E+01
       179         1         1        11
   8.3333333333333329E+01   5.0000000000000000E+01   1.0000000000000000E+01
       180         1         1        11
   8.0000000000000000E+01   5.0000000000000000E+01   1.0000000000000000E+01
       181         1         1        11
   7.6666666666666671E+01   5.0000000000000000E+01   1.0000000000000000E+01
       182         1         1        11
   7.3333333333333343E+01   5.0000000000000000E+01   1.0000000000000000E+01
       183         1         1        11
   7.0000000000000000E+01   5.0000000000000000E+01   1.0000000000000000E+01
       184         1         1        11
   6.6666666666666671E+01   5.0000000000000000E+01   1.0000000000000000E+01
       185         1         1        11
   6.3333333333333336E+01   5.0000000000000000E+01   1.0000000000000000E+01
       186         1         1        11
   6.0000000000000000E+01   5.0000000000000000E+01   1.0000000000000000E+01
       187         1         1        11
   5.6666666666666664E+01   5.0000000000000000E+01   1.0000000000000000E+01
       188         1         1        11
   5.3333333333333329E+01   5.0000000000000000E+01   1.0000000000000000E+01
       189         1         1        11
   7.2000000000000000E+01   2.5000000000000000E+01   0.0000000000000000E+00
       190         1         1        11
   7.4000000000000000E+01   2.5000000000000000E+01   0.0000000000000000E+00
       191         1         1        11
   7.6000000000000000E+01   2.5000000000000000E+01   0.0000000000000000E+00
       192         1         1        11
   7.8000000000000000E+01   2.5000000000000000E+01   0.0000000000000000E+00
       193         1         1        11
   8.0000000000000000E+01   2.5000000000000000E+01   0.0000000000000000E+00
       194         1         1        11
   8.2000000000000000E+01   2.5000000000000000E+01   0.0000000000000000E+00
       195         1         1        11
   8.4000000000000000E+01   2.5000000000000000E+01   0.0000000000000000E+00
       196         1         1        11
   8.6000000000000000E+01   2.5000000000000000E+01   0.0000000000000000E+00
       197         1         1        11
   8.8000000000000000E+01   2.5000000000000000E+01   0.0000000000000000E+00
       198         1         1        11
   9.0000000000000000E+01   2.5000000000000000E+01   0.0000000000000000E+00
       199         1         1        11
   9.2000000000000000E+01   2.5000000000000000E+01   0.0000000000000000E+00
       200         1         1        11
   9.4000000000000000E+01   2.5000000000000000E+01   0.0000000000000000E+00
       201         1         1        11
   9.6000000000000000E+01   2.5000000000000000E+01   0.0000000000000000E+00
       202         1         1        11
   9.8000000000000000E+01   2.5000000000000000E+01   0.0000000000000000E+00
       203         1         1        11
   7.2000000000000000E+01   2.5000000000000000E+01   1.0000000000000000E+01
       204         1         1        11
   7.4000000000000000E+01   2.5000000000000000E+01   1.0000000000000000E+01
       205         1         1        11
   7.6000000000000000E+01   2.5000000000000000E+01   1.0000000000000000E+01
       206         1         1        11
   7.8000000000000000E+01   2.5000000000000000E+01   1.0000000000000000E+01
       207         1         1        11
   8.0000000000000000E+01   2.5000000000000000E+01   1.0000000000000000E+01
       208         1         1        11
   8.2000000000000000E+01   2.5000000000000000E+01   1.0000000000000000E+01
       209         1         1        11
   8.4000000000000000E+01   2.5000000000000000E+01   1.0000000000000000E+01
       210         1         1        11
   8.6000000000000000E+01   2.5000000000000000E+01   1.0000000000000000E+01
       211         1         1        11
   8.8000000000000000E+01   2.5000000000000000E+01   1.0000000000000000E+01
       212         1         1        11
   9.0000000000000000E+01   2.5000000000000000E+01   1.0000000000000000E+01
       213         1         1        11
   9.2000000000000000E+01   2.5000000000000000E+01   1.0000000000000000E+01
       214         1         1        11
   9.4000000000000000E+01   2.5000000000000000E+01   1.0000000000000000E+01
       215         1         1        11
   9.6000000000000000E+01   2.5000000000000000E+01   1.0000000000000000E+01
       216         1         1        11
   9.8000000000000000E+01   2.5000000000000000E+01   1.0000000000000000E+01
       217         1         1        11
   5.3333333333333336E+01   0.0000000000000000E+00   0.0000000000000000E+00
       218         1         1        11
   5.6666666666666671E+01   0.0000000000000000E+00   0.0000000000000000E+00
       219         1         1        11
   6.0000000000000007E+01   0.0000000000000000E+00   0.0000000000000000E+00
       220         1         1        11
   6.3333333333333343E+01   0.0000000000000000E+00   0.0000000000000000E+00
       221         1         1        11
   6.6666666666666671E+01   0.0000000000000000E+00   0.0000000000000000E+00
       222         1         1        11
   7.0000000000000000E+01   0.0000000000000000E+00   0.0000000000000000E+00
       223         1         1        11
   7.3333333333333329E+01   0.0000000000000000E+00   0.0000000000000000E+00
       224         1         1        11
   7.6666666666666657E+01   0.0000000000000000E+00   0.0000000000000000E+00
       225         1         1        11
   7.9999999999999986E+01   0.0000000000000000E+00   0.0000000000000000E+00
       226         1         1        11
   8.3333333333333314E+01   0.0000000000000000E+00   0.0000000000000000E+00
       227         1         1        11
   8.6666666666666643E+01   0.0000000000000000E+00   0.0000000000000000E+00
       228         1         1        11
   8.9999999999999972E+01   0.0000000000000000E+00   0.0000000000000000E+00
       229         1         1        11
   9.3333333333333300E+01   0.0000000000000000E+00   0.0000000000000000E+00
       230         1         1        11
   9.6666666666666629E+01   0.0000000000000000E+00   0.0000000000000000E+00
       231         1         1        11
   5.3333333333333336E+01   0.0000000000000000E+00   1.0000000000000000E+01
       232         1         1        11
   5.6666666666666671E+01   0.0000000000000000E+00   1.0000000000000000E+01
       233         1         1        11
   6.0000000000000007E+01   0.0000000000000000E+00   1.0000000000000000E+01
       234         1         1        11
   6.3333333333333343E+01   0.0000000000000000E+00   1.0000000000000000E+01
       235         1         1        11
   6.6666666666666671E+01   0.0000000000000000E+00   1.0000000000000000E+01
       236         1         1        11
   7.0000000000000000E+01   0.0000000000000000E+00   1.0000000000000000E+01
       237         1         1        11
   7.3333333333333329E+01   0.0000000000000000E+00   1.0000000000000000E+01
       238         1         1        11
   7.6666666666666657E+01   0.0000000000000000E+00   1.0000000000000000E+01
       239         1         1        11
   7.9999999999999986E+01   0.0000000000000000E+00   1.0000000000000000E+01
       240         1         1        11
   8.3333333333333314E+01   0.0000000000000000E+00   1.0000000000000000E+01
       241         1         1        11
   8.6666666666666643E+01   0.0000000000000000E+00   1.0000000000000000E+01
       242         1         1        11
   8.9999999999999972E+01   0.0000000000000000E+00   1.0000000000000000E+01
       243         1         1        11
   9.3333333333333300E+01   0.0000000000000000E+00   1.0000000000000000E+01
       244         1         1        11
   9.6666666666666629E+01   0.0000000000000000E+00   1.0000000000000000E+01
       245         1         1        11
   1.0000000000000000E+02   1.6666666666666667E+00   0.0000000000000000E+00
       246         1         1        11
   1.0000000000000000E+02   3.3333333333333335E+00   0.0000000000000000E+00
       247         1         1        11
   1.0000000000000000E+02   5.0000000000000000E+00   0.0000000000000000E+00
       248         1         1        11
   1.0000000000000000E+02   6.6666666666666670E+00   0.0000000000000000E+00
       249         1         1        11
   1.0000000000000000E+02   8.3333333333333339E+00   0.0000000000000000E+00
       250         1         1        11
   1.0000000000000000E+02   1.0000000000000000E+01   0.0000000000000000E+00
       251         1         1        11
   1.0000000000000000E+02   1.1666666666666666E+01   0.0000000000000000E+00
       252         1         1        11
   1.0000000000000000E+02   1.3333333333333332E+01   0.0000000000000000E+00
       253         1         1        11
   1.0000000000000000E+02   1.4999999999999998E+01   0.0000000000000000E+00
       254         1         1        11
   1.0000000000000000E+02   1.6666666666666664E+01   0.0000000000000000E+00
       255         1         1        11
   1.0000000000000000E+02   1.8333333333333332E+01   0.0000000000000000E+00
       256         1         1        11
   1.0000000000000000E+02   2.0000000000000000E+01   0.0000000000000000E+00
       257         1         1        11
   1.0000000000000000E+02   2.1666666666666668E+01   0.0000000000000000E+00
       258         1         1        11
   1.0000000000000000E+02   2.3333333333333336E+01   0.0000000000000000E+00
       259         1         1        11
   1.0000000000000000E+02   1.6666666666666667E+00   1.0000000000000000E+01
       260         1         1        11
   1.0000000000000000E+02   3.3333333333333335E+00   1.0000000000000000E+01
       261         1         1        11
   1.0000000000000000E+02   5.0000000000000000E+00   1.0000000000000000E+01
       262         1         1        11
   1.0000000000000000E+02   6.6666666666666670E+00   1.0000000000000000E+01
       263         1         1        11
   1.0000000000000000E+02   8.3333333333333339E+00   1.0000000000000000E+01
       264         1         1        11
   1.0000000000000000E+02   1.0000000000000000E+01   1.0000000000000000E+01
       265         1         1        11
   1.0000000000000000E+02   1.1666666666666666E+01   1.0000000000000000E+01
       266         1         1        11
   1.0000000000000000E+02   1.3333333333333332E+01   1.0000000000000000E+01
       267         1         1        11
   1.0000000000000000E+02   1.4999999999999998E+01   1.0000000000000000E+01
       268         1         1        11
   1.0000000000000000E+02   1.6666666666666664E+01   1.0000000000000000E+01
       269         1         1        11
   1.0000000000000000E+02   1.8333333333333332E+01   1.0000000000000000E+01
       270         1         1        11
   1.0000000000000000E+02   2.0000000000000000E+01   1.0000000000000000E+01
       271         1         1        11
   1.0000000000000000E+02   2.1666666666666668E+01   1.0000000000000000E+01
       272         1         1        11
   1.0000000000000000E+02   2.3333333333333336E+01   1.0000000000000000E+01
       273         1         1        11
   4.6666666666666664E+01   5.0000000000000000E+01   0.0000000000000000E+00
       274         1         1        11
   4.3333333333333329E+01   5.0000000000000000E+01   0.0000000000000000E+00
       275         1         1        11
   3.9999999999999993E+01   5.0000000000000000E+01   0.0000000000000000E+00
       276         1         1        11
   3.6666666666666657E+01   5.0000000000000000E+01   0.0000000000000000E+00
       277         1         1        11
   3.3333333333333329E+01   5.0000000000000000E+01   0.0000000000000000E+00
       278         1         1        11
   3.0000000000000000E+01   5.0000000000000000E+01   0.0000000000000000E+00
       279         1         1        11
   2.6666666666666671E+01   5.0000000000000000E+01   0.0000000000000000E+00
       280         1         1        11
   2.3333333333333343E+01   5.0000000000000000E+01   0.0000000000000000E+00
       281         1         1        11
   2.0000000000000014E+01   5.0000000000000000E+01   0.0000000000000000E+00
       282         1         1        11
   1.6666666666666686E+01   5.0000000000000000E+01   0.0000000000000000E+00
       283         1         1        11
   1.3333333333333357E+01   5.0000000000000000E+01   0.0000000000000000E+00
       284         1         1        11
   1.0000000000000028E+01   5.0000000000000000E+01   0.0000000000000000E+00
       285         1         1        11
   6.6666666666666998E+00   5.0000000000000000E+01   0.0000000000000000E+00
       286         1         1        11
   3.3333333333333712E+00   5.0000000000000000E+01   0.0000000000000000E+00
       287         1         1        11
   4.6666666666666664E+01   5.0000000000000000E+01   1.0000000000000000E+01
       288         1         1        11
   4.3333333333333329E+01   5.0000000000000000E+01   1.0000000000000000E+01
       289         1         1        11
   3.9999999999999993E+01   5.0000000000000000E+01   1.0000000000000000E+01
       290         1         1        11
   3.6666666666666657E+01   5.0000000000000000E+01   1.0000000000000000E+01
       291         1         1        11
   3.3333333333333329E+01   5.0000000000000000E+01   1.0000000000000000E+01
       292         1         1        11
   3.0000000000000000E+01   5.0000000000000000E+01   1.0000000000000000E+01
       293         1         1        11
   2.6666666666666671E+01   5.0000000000000000E+01   1.0000000000000000E+01
       294         1         1        11
   2.3333333333333343E+01   5.0000000000000000E+01   1.0000000000000000E+01
       295         1         1        11
   2.0000000000000014E+01   5.0000000000000000E+01   1.0000000000000000E+01
       296         1         1        11
   1.6666666666666686E+01   5.0000000000000000E+01   1.0000000000000000E+01
       297         1         1        11
   1.3333333333333357E+01   5.0000000000000000E+01   1.0000000000000000E+01
       298         1         1        11
   1.0000000000000028E+01   5.0000000000000000E+01   1.0000000000000000E+01
       299         1         1        11
   6.6666666666666998E+00   5.0000000000000000E+01   1.0000000000000000E+01
       300         1         1        11
   3.3333333333333712E+00   5.0000000000000000E+01   1.0000000000000000E+01
       301         1         1        11
   0.0000000000000000E+00   4.8333333333333336E+01   0.0000000000000000E+00
       302         1         1        11
   0.0000000000000000E+00   4.6666666666666664E+01   0.0000000000000000E+00
       303         1         1        11
   0.0000000000000000E+00   4.5000000000000000E+01   0.0000000000000000E+00
       304         1         1        11
   0.0000000000000000E+00   4.3333333333333336E+01   0.0000000000000000E+00
       305         1         1        11
   0.0000000000000000E+00   4.1666666666666664E+01   0.0000000000000000E+00
       306         1         1        11
   0.0000000000000000E+00   4.0000000000000000E+01   0.0000000000000000E+00
       307         1         1        11
   0.0000000000000000E+00   3.8333333333333336E+01   0.0000000000000000E+00
       308         1         1        11
   0.0000000000000000E+00   3.6666666666666671E+01   0.0000000000000000E+00
       309         1         1        11
   0.0000000000000000E+00   3.5000000000000000E+01   0.0000000000000000E+00
       310         1         1        11
   0.0000000000000000E+00   3.3333333333333336E+01   0.0000000000000000E+00
       311         1         1        11
   0.0000000000000000E+00   3.1666666666666668E+01   0.0000000000000000E+00
       312         1         1        11
   0.0000000000000000E+00   3.0000000000000000E+01   0.0000000000000000E+00
       313         1         1        11
   0.0000000000000000E+00   2.8333333333333332E+01   0.0000000000000000E+00
       314         1         1        11
   0.0000000000000000E+00   2.6666666666666664E+01   0.0000000000000000E+00
       315         1         1        11
   0.0000000000000000E+00   4.8333333333333336E+01   1.0000000000000000E+01
       316         1         1        11
   0.0000000000000000E+00   4.6666666666666664E+01   1.0000000000000000E+01
       317         1         1        11
   0.0000000000000000E+00   4.5000000000000000E+01   1.0000000000000000E+01
       318         1         1        11
   0.0000000000000000E+00   4.3333333333333336E+01   1.0000000000000000E+01
       319         1         1        11
   0.0000000000000000E+00   4.1666666666666664E+01   1.0000000000000000E+01
       320         1         1        11
   0.0000000000000000E+00   4.0000000000000000E+01   1.0000000000000000E+01
       321         1         1        11
   0.0000000000000000E+00   3.8333333333333336E+01   1.0000000000000000E+01
       322         1         1        11
   0.0000000000000000E+00   3.6666666666666671E+01   1.0000000000000000E+01
       323         1         1        11
   0.0000000000000000E+00   3.5000000000000000E+01   1.0000000000000000E+01
       324         1         1        11
   0.0000000000000000E+00   3.3333333333333336E+01   1.0000000000000000E+01
       325         1         1        11
   0.0000000000000000E+00   3.1666666666666668E+01   1.0000000000000000E+01
       326         1         1        11
   0.0000000000000000E+00   3.0000000000000000E+01   1.0000000000000000E+01
       327         1         1        11
   0.0000000000000000E+00   2.8333333333333332E+01   1.0000000000000000E+01
       328         1         1        11
   0.0000000000000000E+00   2.6666666666666664E+01   1.0000000000000000E+01
       329         1         1        11
   2.0000000000000000E+00   2.5000000000000000E+01   0.0000000000000000E+00
       330         1         1        11
   4.0000000000000000E+00   2.5000000000000000E+01   0.0000000000000000E+00
       331         1         1        11
   6.0000000000000000E+00   2.5000000000000000E+01   0.0000000000000000E+00
       332         1         1        11
   8.0000000000000000E+00   2.5000000000000000E+01   0.0000000000000000E+00
       333         1         1        11
   1.0000000000000000E+01   2.5000000000000000E+01   0.0000000000000000E+00
       334         1         1        11
   1.2000000000000000E+01   2.5000000000000000E+01   0.0000000000000000E+00
       335         1         1        11
   1.4000000000000000E+01   2.5000000000000000E+01   0.0000000000000000E+00
       336         1         1        11
   1.6000000000000000E+01   2.5000000000000000E+01   0.0000000000000000E+00
       337         1         1        11
   1.8000000000000000E+01   2.5000000000000000E+01   0.0000000000000000E+00
       338         1         1        11
   2.0000000000000000E+01   2.5000000000000000E+01   0.0000000000000000E+00
       339         1         1        11
   2.2000000000000000E+01   2.5000000000000000E+01   0.0000000000000000E+00
       340         1         1        11
   2.4000000000000000E+01   2.5000000000000000E+01   0.0000000000000000E+00
       341         1         1        11
   2.6000000000000000E+01   2.5000000000000000E+01   0.0000000000000000E+00
       342         1         1        11
   2.8000000000000000E+01   2.5000000000000000E+01   0.0000000000000000E+00
       343         1         1        11
   2.0000000000000000E+00   2.5000000000000000E+01   1.0000000000000000E+01
       344         1         1        11
   4.0000000000000000E+00   2.5000000000000000E+01   1.0000000000000000E+01
       345         1         1        11
   6.0000000000000000E+00   2.5000000000000000E+01   1.0000000000000000E+01
       346         1         1        11
   8.0000000000000000E+00   2.5000000000000000E+01   1.0000000000000000E+01
       347         1         1        11
   1.0000000000000000E+01   2.5000000000000000E+01   1.0000000000000000E+01
       348         1         1        11
   1.2000000000000000E+01   2.5000000000000000E+01   1.0000000000000000E+01
       349         1         1        11
   1.4000000000000000E+01   2.5000000000000000E+01   1.0000000000000000E+01
       350         1         1        11
   1.6000000000000000E+01   2.5000000000000000E+01   1.0000000000000000E+01
       351         1         1        11
   1.8000000000000000E+01   2.5000000000000000E+01   1.0000000000000000E+01
       352         1         1        11
   2.0000000000000000E+01   2.5000000000000000E+01   1.0000000000000000E+01
       353         1         1        11
   2.2000000000000000E+01   2.5000000000000000E+01   1.0000000000000000E+01
       354         1         1        11
   2.4000000000000000E+01   2.5000000000000000E+01   1.0000000000000000E+01
       355         1         1        11
   2.6000000000000000E+01   2.5000000000000000E+01   1.0000000000000000E+01
       356         1         1        11
   2.8000000000000000E+01   2.5000000000000000E+01   1.0000000000000000E+01
       357         1         1        11
   3.3333333333333335E+00   0.0000000000000000E+00   0.0000000000000000E+00
       358         1         1        11
   6.6666666666666670E+00   0.0000000000000000E+00   0.0000000000000000E+00
       359         1         1        11
   1.0000000000000000E+01   0.0000000000000000E+00   0.0000000000000000E+00
       360         1         1        11
   1.3333333333333334E+01   0.0000000000000000E+00   0.0000000000000000E+00
       361         1         1        11
   1.6666666666666668E+01   0.0000000000000000E+00   0.0000000000000000E+00
       362         1         1        11
   2.0000000000000000E+01   0.0000000000000000E+00   0.0000000000000000E+00
       363         1         1        11
   2.3333333333333332E+01   0.0000000000000000E+00   0.0000000000000000E+00
       364         1         1        11
   2.6666666666666664E+01   0.0000000000000000E+00   0.0000000000000000E+00
       365         1         1        11
   2.9999999999999996E+01   0.0000000000000000E+00   0.0000000000000000E+00
       366         1         1        11
   3.3333333333333329E+01   0.0000000000000000E+00   0.0000000000000000E+00
       367         1         1        11
   3.6666666666666664E+01   0.0000000000000000E+00   0.0000000000000000E+00
       368         1         1        11
   4.0000000000000000E+01   0.0000000000000000E+00   0.0000000000000000E+00
       369         1         1        11
   4.3333333333333336E+01   0.0000000000000000E+00   0.0000000000000000E+00
       370         1         1        11
   4.6666666666666671E+01   0.0000000000000000E+00   0.0000000000000000E+00
       371         1         1        11
   3.3333333333333335E+00   0.0000000000000000E+00   1.0000000000000000E+01
       372         1         1        11
   6.6666666666666670E+00   0.0000000000000000E+00   1.0000000000000000E+01
       373         1         1        11
   1.0000000000000000E+01   0.0000000000000000E+00   1.0000000000000000E+01
       374         1         1        11
   1.3333333333333334E+01   0.0000000000000000E+00   1.0000000000000000E+01
       375         1         1        11
   1.6666666666666668E+01   0.0000000000000000E+00   1.0000000000000000E+01
       376         1         1        11
   2.0000000000000000E+01   0.0000000000000000E+00   1.0000000000000000E+01
       377         1         1        11
   2.3333333333333332E+01   0.0000000000000000E+00   1.0000000000000000E+01
       378         1         1        11
   2.6666666666666664E+01   0.0000000000000000E+00   1.0000000000000000E+01
       379         1         1        11
   2.9999999999999996E+01   0.0000000000000000E+00   1.0000000000000000E+01
       380         1         1        11
   3.3333333333333329E+01   0.0000000000000000E+00   1.0000000000000000E+01
       381         1         1        11
   3.6666666666666664E+01   0.0000000000000000E+00   1.0000000000000000E+01
       382         1         1        11
   4.0000000000000000E+01   0.0000000000000000E+00   1.0000000000000000E+01
       383         1         1        11
   4.3333333333333336E+01   0.0000000000000000E+00   1.0000000000000000E+01
       384         1         1        11
   4.6666666666666671E+01   0.0000000000000000E+00   1.0000000000000000E+01
       385         1         1        11
   0.0000000000000000E+00   2.3333333333333332E+01   0.0000000000000000E+00
       386         1         1        11
   0.0000000000000000E+00   2.1666666666666664E+01   0.0000000000000000E+00
       387         1         1        11
   0.0000000000000000E+00   1.9999999999999996E+01   0.0000000000000000E+00
       388         1         1        11
   0.0000000000000000E+00   1.8333333333333329E+01   0.0000000000000000E+00
       389         1         1        11
   0.0000000000000000E+00   1.6666666666666664E+01   0.0000000000000000E+00
       390         1         1        11
   0.0000000000000000E+00   1.5000000000000000E+01   0.0000000000000000E+00
       391         1         1        11
   0.0000000000000000E+00   1.3333333333333336E+01   0.0000000000000000E+00
       392         1         1        11
   0.0000000000000000E+00   1.1666666666666671E+01   0.0000000000000000E+00
       393         1         1        11
   0.0000000000000000E+00   1.0000000000000007E+01   0.0000000000000000E+00
       394         1         1        11
   0.0000000000000000E+00   8.3333333333333428E+00   0.0000000000000000E+00
       395         1         1        11
   0.0000000000000000E+00   6.6666666666666785E+00   0.0000000000000000E+00
       396         1         1        11
   0.0000000000000000E+00   5.0000000000000142E+00   0.0000000000000000E+00
       397         1         1        11
   0.0000000000000000E+00   3.3333333333333499E+00   0.0000000000000000E+00
       398         1         1        11
   0.0000000000000000E+00   1.6666666666666856E+00   0.0000000000000000E+00
       399         1         1        11
   0.0000000000000000E+00   2.3333333333333332E+01   1.0000000000000000E+01
       400         1         1        11
   0.0000000000000000E+00   2.1666666666666664E+01   1.0000000000000000E+01
       401         1         1        11
   0.0000000000000000E+00   1.9999999999999996E+01   1.0000000000000000E+01
       402         1         1        11
   0.0000000000000000E+00   1.8333333333333329E+01   1.0000000000000000E+01
       403         1         1        11
   0.0000000000000000E+00   1.6666666666666664E+01   1.0000000000000000E+01
       404         1         1        11
   0.0000000000000000E+00   1.5000000000000000E+01   1.0000000000000000E+01
       405         1         1        11
   0.0000000000000000E+00   1.3333333333333336E+01   1.0000000000000000E+01
       406         1         1        11
   0.0000000000000000E+00   1.1666666666666671E+01   1.0000000000000000E+01
       407         1         1        11
   0.0000000000000000E+00   1.0000000000000007E+01   1.0000000000000000E+01
       408         1         1        11
   0.0000000000000000E+00   8.3333333333333428E+00   1.0000000000000000E+01
       409         1         1        11
   0.0000000000000000E+00   6.6666666666666785E+00   1.0000000000000000E+01
       410         1         1        11
   0.0000000000000000E+00   5.0000000000000142E+00   1.0000000000000000E+01
       411         1         1        11
   0.0000000000000000E+00   3.3333333333333499E+00   1.0000000000000000E+01
       412         1         1        11
   0.0000000000000000E+00   1.6666666666666856E+00   1.0000000000000000E+01
       413         1         1        11
   5.0000000000000021E+01   3.3333333333333708E+00   0.0000000000000000E+00
       414         1         1        11
   5.1333333333333371E+01   5.0000000000000338E+00   0.0000000000000000E+00
       415         1         1        11
   5.2666666666666686E+01   6.6666666666666980E+00   0.0000000000000000E+00
       416         1         1        11
   5.4000000000000028E+01   8.3333333333333641E+00   0.0000000000000000E+00
       417         1         1        11
   5.5333333333333357E+01   1.0000000000000027E+01   0.0000000000000000E+00
       418         1         1        11
   5.6666666666666671E+01   1.1666666666666689E+01   0.0000000000000000E+00
       419         1         1        11
   5.8000000000000014E+01   1.3333333333333353E+01   0.0000000000000000E+00
       420         1         1        11
   5.9333333333333343E+01   1.5000000000000018E+01   0.0000000000000000E+00
       421         1         1        11
   6.0666666666666664E+01   1.6666666666666682E+01   0.0000000000000000E+00
       422         1         1        11
   6.2000000000000028E+01   1.8333333333333353E+01   0.0000000000000000E+00
       423         1         1        11
   6.3333333333333329E+01   2.0000000000000014E+01   0.0000000000000000E+00
       424         1         1        11
   6.4666666666666686E+01   2.1666666666666686E+01   0.0000000000000000E+00
       425         1         1        11
   6.6000000000000000E+01   2.3333333333333346E+01   0.0000000000000000E+00
       426         1         1        11
   6.7333333333333329E+01   2.5000000000000011E+01   0.0000000000000000E+00
       427         1         1        11
   4.8666666666666686E+01   5.0000000000000355E+00   0.0000000000000000E+00
       428         1         1        11
   5.0000000000000028E+01   6.6666666666666972E+00   0.0000000000000000E+00
       429         1         1        11
   5.1333333333333350E+01   8.3333333333333623E+00   0.0000000000000000E+00
       430         1         1        11
   5.2666666666666686E+01   1.0000000000000027E+01   0.0000000000000000E+00
       431         1         1        11
   5.4000000000000000E+01   1.1666666666666689E+01   0.0000000000000000E+00
       432         1         1        11
   5.5333333333333343E+01   1.3333333333333353E+01   0.0000000000000000E+00
       433         1         1        11
   5.6666666666666664E+01   1.5000000000000014E+01   0.0000000000000000E+00
       434         1         1        11
   5.7999999999999993E+01   1.6666666666666686E+01   0.0000000000000000E+00
       435         1         1        11
   5.9333333333333329E+01   1.8333333333333350E+01   0.0000000000000000E+00
       436         1         1        11
   6.0666666666666671E+01   2.0000000000000011E+01   0.0000000000000000E+00
       437         1         1        11
   6.2000000000000014E+01   2.1666666666666682E+01   0.0000000000000000E+00
       438         1         1        11
   6.3333333333333329E+01   2.3333333333333343E+01   0.0000000000000000E+00
       439         1         1        11
   6.4666666666666686E+01   2.5000000000000007E+01   0.0000000000000000E+00
       440         1         1        11
   6.5999999999999972E+01   2.6666666666666679E+01   0.0000000000000000E+00
       441         1         1        11
   4.7333333333333357E+01   6.6666666666666972E+00   0.0000000000000000E+00
       442         1         1        11
   4.8666666666666700E+01   8.3333333333333606E+00   0.0000000000000000E+00
       443         1         1        11
   5.0000000000000028E+01   1.0000000000000027E+01   0.0000000000000000E+00
       444         1         1        11
   5.1333333333333357E+01   1.1666666666666689E+01   0.0000000000000000E+00
       445         1         1        11
   5.2666666666666679E+01   1.3333333333333353E+01   0.0000000000000000E+00
       446         1         1        11
   5.4000000000000007E+01   1.5000000000000018E+01   0.0000000000000000E+00
       447         1         1        11
   5.5333333333333343E+01   1.6666666666666682E+01   0.0000000000000000E+00
       448         1         1        11
   5.6666666666666671E+01   1.8333333333333350E+01   0.0000000000000000E+00
       449         1         1        11
   5.7999999999999986E+01   2.0000000000000014E+01   0.0000000000000000E+00
       450         1         1        11
   5.9333333333333343E+01   2.1666666666666679E+01   0.0000000000000000E+00
       451         1         1        11
   6.0666666666666671E+01   2.3333333333333343E+01   0.0000000000000000E+00
       452         1         1        11
   6.2000000000000000E+01   2.5000000000000014E+01   0.0000000000000000E+00
       453         1         1        11
   6.3333333333333336E+01   2.6666666666666671E+01   0.0000000000000000E+00
       454         1         1        11
   6.4666666666666671E+01   2.8333333333333336E+01   0.0000000000000000E+00
       455         1         1        11
   4.6000000000000014E+01   8.3333333333333641E+00   0.0000000000000000E+00
       456         1         1        11
   4.7333333333333350E+01   1.0000000000000027E+01   0.0000000000000000E+00
       457         1         1        11
   4.8666666666666671E+01   1.1666666666666693E+01   0.0000000000000000E+00
       458         1         1        11
   5.0000000000000021E+01   1.3333333333333357E+01   0.0000000000000000E+00
       459         1         1        11
   5.1333333333333329E+01   1.5000000000000018E+01   0.0000000000000000E+00
       460         1         1        11
   5.2666666666666671E+01   1.6666666666666686E+01   0.0000000000000000E+00
       461         1         1        11
   5.4000000000000014E+01   1.8333333333333350E+01   0.0000000000000000E+00
       462         1         1        11
   5.5333333333333343E+01   2.0000000000000007E+01   0.0000000000000000E+00
       463         1         1        11
   5.6666666666666671E+01   2.1666666666666679E+01   0.0000000000000000E+00
       464         1         1        11
   5.8000000000000007E+01   2.3333333333333343E+01   0.0000000000000000E+00
       465         1         1        11
   5.9333333333333336E+01   2.5000000000000011E+01   0.0000000000000000E+00
       466         1         1        11
   6.0666666666666657E+01   2.6666666666666679E+01   0.0000000000000000E+00
       467         1         1        11
   6.2000000000000007E+01   2.8333333333333336E+01   0.0000000000000000E+00
       468         1         1        11
   6.3333333333333329E+01   3.0000000000000014E+01   0.0000000000000000E+00
       469         1         1        11
   4.4666666666666693E+01   1.0000000000000027E+01   0.0000000000000000E+00
       470         1         1        11
   4.6000000000000021E+01   1.1666666666666689E+01   0.0000000000000000E+00
       471         1         1        11
   4.7333333333333343E+01   1.3333333333333353E+01   0.0000000000000000E+00
       472         1         1        11
   4.8666666666666671E+01   1.5000000000000018E+01   0.0000000000000000E+00
       473         1         1        11
   5.0000000000000007E+01   1.6666666666666682E+01   0.0000000000000000E+00
       474         1         1        11
   5.1333333333333329E+01   1.8333333333333346E+01   0.0000000000000000E+00
       475         1         1        11
   5.2666666666666686E+01   2.0000000000000014E+01   0.0000000000000000E+00
       476         1         1        11
   5.4000000000000000E+01   2.1666666666666671E+01   0.0000000000000000E+00
       477         1         1        11
   5.5333333333333343E+01   2.3333333333333343E+01   0.0000000000000000E+00
       478         1         1        11
   5.6666666666666671E+01   2.5000000000000011E+01   0.0000000000000000E+00
       479         1         1        11
   5.7999999999999993E+01   2.6666666666666671E+01   0.0000000000000000E+00
       480         1         1        11
   5.9333333333333357E+01   2.8333333333333343E+01   0.0000000000000000E+00
       481         1         1        11
   6.0666666666666679E+01   3.0000000000000004E+01   0.0000000000000000E+00
       482         1         1        11
   6.2000000000000000E+01   3.1666666666666664E+01   0.0000000000000000E+00
       483         1         1        11
   4.3333333333333350E+01   1.1666666666666687E+01   0.0000000000000000E+00
       484         1         1        11
   4.4666666666666686E+01   1.3333333333333352E+01   0.0000000000000000E+00
       485         1         1        11
   4.6000000000000014E+01   1.5000000000000018E+01   0.0000000000000000E+00
       486         1         1        11
   4.7333333333333357E+01   1.6666666666666682E+01   0.0000000000000000E+00
       487         1         1        11
   4.8666666666666686E+01   1.8333333333333350E+01   0.0000000000000000E+00
       488         1         1        11
   5.0000000000000000E+01   2.0000000000000011E+01   0.0000000000000000E+00
       489         1         1        11
   5.1333333333333343E+01   2.1666666666666671E+01   0.0000000000000000E+00
       490         1         1        11
   5.2666666666666686E+01   2.3333333333333339E+01   0.0000000000000000E+00
       491         1         1        11
   5.4000000000000014E+01   2.5000000000000007E+01   0.0000000000000000E+00
       492         1         1        11
   5.5333333333333343E+01   2.6666666666666671E+01   0.0000000000000000E+00
       493         1         1        11
   5.6666666666666671E+01   2.8333333333333343E+01   0.0000000000000000E+00
       494         1         1        11
   5.8000000000000000E+01   3.0000000000000000E+01   0.0000000000000000E+00
       495         1         1        11
   5.9333333333333329E+01   3.1666666666666668E+01   0.0000000000000000E+00
       496         1         1        11
   6.0666666666666657E+01   3.3333333333333336E+01   0.0000000000000000E+00
       497         1         1        11
   4.2000000000000014E+01   1.3333333333333355E+01   0.0000000000000000E+00
       498         1         1        11
   4.3333333333333350E+01   1.5000000000000018E+01   0.0000000000000000E+00
       499         1         1        11
   4.4666666666666686E+01   1.6666666666666686E+01   0.0000000000000000E+00
       500         1         1        11
   4.6000000000000014E+01   1.8333333333333350E+01   0.0000000000000000E+00
       501         1         1        11
   4.7333333333333343E+01   2.0000000000000007E+01   0.0000000000000000E+00
       502         1         1        11
   4.8666666666666679E+01   2.1666666666666671E+01   0.0000000000000000E+00
       503         1         1        11
   5.0000000000000000E+01   2.3333333333333343E+01   0.0000000000000000E+00
       504         1         1        11
   5.1333333333333329E+01   2.5000000000000004E+01   0.0000000000000000E+00
       505         1         1        11
   5.2666666666666671E+01   2.6666666666666675E+01   0.0000000000000000E+00
       506         1         1        11
   5.4000000000000000E+01   2.8333333333333332E+01   0.0000000000000000E+00
       507         1         1        11
   5.5333333333333329E+01   3.0000000000000004E+01   0.0000000000000000E+00
       508         1         1        11
   5.6666666666666671E+01   3.1666666666666668E+01   0.0000000000000000E+00
       509         1         1        11
   5.7999999999999993E+01   3.3333333333333329E+01   0.0000000000000000E+00
       510         1         1        11
   5.9333333333333329E+01   3.5000000000000000E+01   0.0000000000000000E+00
       511         1         1        11
   4.0666666666666679E+01   1.5000000000000020E+01   0.0000000000000000E+00
       512         1         1        11
   4.2000000000000021E+01   1.6666666666666682E+01   0.0000000000000000E+00
       513         1         1        11
   4.3333333333333343E+01   1.8333333333333350E+01   0.0000000000000000E+00
       514         1         1        11
   4.4666666666666679E+01   2.0000000000000011E+01   0.0000000000000000E+00
       515         1         1        11
   4.6000000000000014E+01   2.1666666666666679E+01   0.0000000000000000E+00
       516         1         1        11
   4.7333333333333343E+01   2.3333333333333343E+01   0.0000000000000000E+00
       517         1         1        11
   4.8666666666666686E+01   2.5000000000000004E+01   0.0000000000000000E+00
       518         1         1        11
   5.0000000000000014E+01   2.6666666666666671E+01   0.0000000000000000E+00
       519         1         1        11
   5.1333333333333336E+01   2.8333333333333339E+01   0.0000000000000000E+00
       520         1         1        11
   5.2666666666666664E+01   3.0000000000000007E+01   0.0000000000000000E+00
       521         1         1        11
   5.3999999999999986E+01   3.1666666666666671E+01   0.0000000000000000E+00
       522         1         1        11
   5.5333333333333329E+01   3.3333333333333329E+01   0.0000000000000000E+00
       523         1         1        11
   5.6666666666666671E+01   3.4999999999999993E+01   0.0000000000000000E+00
       524         1         1        11
   5.8000000000000000E+01   3.6666666666666657E+01   0.0000000000000000E+00
       525         1         1        11
   3.9333333333333343E+01   1.6666666666666682E+01   0.0000000000000000E+00
       526         1         1        11
   4.0666666666666679E+01   1.8333333333333350E+01   0.0000000000000000E+00
       527         1         1        11
   4.2000000000000000E+01   2.0000000000000018E+01   0.0000000000000000E+00
       528         1         1        11
   4.3333333333333343E+01   2.1666666666666671E+01   0.0000000000000000E+00
       529         1         1        11
   4.4666666666666671E+01   2.3333333333333339E+01   0.0000000000000000E+00
       530         1         1        11
   4.6000000000000000E+01   2.5000000000000000E+01   0.0000000000000000E+00
       531         1         1        11
   4.7333333333333343E+01   2.6666666666666664E+01   0.0000000000000000E+00
       532         1         1        11
   4.8666666666666650E+01   2.8333333333333336E+01   0.0000000000000000E+00
       533         1         1        11
   5.0000000000000014E+01   3.0000000000000007E+01   0.0000000000000000E+00
       534         1         1        11
   5.1333333333333343E+01   3.1666666666666675E+01   0.0000000000000000E+00
       535         1         1        11
   5.2666666666666664E+01   3.3333333333333329E+01   0.0000000000000000E+00
       536         1         1        11
   5.4000000000000000E+01   3.5000000000000000E+01   0.0000000000000000E+00
       537         1         1        11
   5.5333333333333314E+01   3.6666666666666657E+01   0.0000000000000000E+00
       538         1         1        11
   5.6666666666666664E+01   3.8333333333333321E+01   0.0000000000000000E+00
       539         1         1        11
   3.8000000000000014E+01   1.8333333333333346E+01   0.0000000000000000E+00
       540         1         1        11
   3.9333333333333350E+01   2.0000000000000014E+01   0.0000000000000000E+00
       541         1         1        11
   4.0666666666666671E+01   2.1666666666666671E+01   0.0000000000000000E+00
       542         1         1        11
   4.2000000000000007E+01   2.3333333333333339E+01   0.0000000000000000E+00
       543         1         1        11
   4.3333333333333343E+01   2.5000000000000004E+01   0.0000000000000000E+00
       544         1         1        11
   4.4666666666666686E+01   2.6666666666666671E+01   0.0000000000000000E+00
       545         1         1        11
   4.6000000000000014E+01   2.8333333333333336E+01   0.0000000000000000E+00
       546         1         1        11
   4.7333333333333343E+01   3.0000000000000004E+01   0.0000000000000000E+00
       547         1         1        11
   4.8666666666666671E+01   3.1666666666666661E+01   0.0000000000000000E+00
       548         1         1        11
   5.0000000000000014E+01   3.3333333333333336E+01   0.0000000000000000E+00
       549         1         1        11
   5.1333333333333321E+01   3.4999999999999986E+01   0.0000000000000000E+00
       550         1         1        11
   5.2666666666666671E+01   3.6666666666666671E+01   0.0000000000000000E+00
       551         1         1        11
   5.4000000000000000E+01   3.8333333333333336E+01   0.0000000000000000E+00
       552         1         1        11
   5.5333333333333329E+01   3.9999999999999979E+01   0.0000000000000000E+00
       553         1         1        11
   3.6666666666666686E+01   2.0000000000000004E+01   0.0000000000000000E+00
       554         1         1        11
   3.8000000000000014E+01   2.1666666666666671E+01   0.0000000000000000E+00
       555         1         1        11
   3.9333333333333357E+01   2.3333333333333336E+01   0.0000000000000000E+00
       556         1         1        11
   4.0666666666666671E+01   2.5000000000000004E+01   0.0000000000000000E+00
       557         1         1        11
   4.2000000000000007E+01   2.6666666666666668E+01   0.0000000000000000E+00
       558         1         1        11
   4.3333333333333329E+01   2.8333333333333329E+01   0.0000000000000000E+00
       559         1         1        11
   4.4666666666666679E+01   3.0000000000000007E+01   0.0000000000000000E+00
       560         1         1        11
   4.6000000000000007E+01   3.1666666666666661E+01   0.0000000000000000E+00
       561         1         1        11
   4.7333333333333350E+01   3.3333333333333329E+01   0.0000000000000000E+00
       562         1         1        11
   4.8666666666666671E+01   3.4999999999999986E+01   0.0000000000000000E+00
       563         1         1        11
   5.0000000000000000E+01   3.6666666666666657E+01   0.0000000000000000E+00
       564         1         1        11
   5.1333333333333321E+01   3.8333333333333329E+01   0.0000000000000000E+00
       565         1         1        11
   5.2666666666666679E+01   3.9999999999999986E+01   0.0000000000000000E+00
       566         1         1        11
   5.4000000000000000E+01   4.1666666666666664E+01   0.0000000000000000E+00
       567         1         1        11
   3.5333333333333343E+01   2.1666666666666668E+01   0.0000000000000000E+00
       568         1         1        11
   3.6666666666666686E+01   2.3333333333333325E+01   0.0000000000000000E+00
       569         1         1        11
   3.8000000000000014E+01   2.4999999999999996E+01   0.0000000000000000E+00
       570         1         1        11
   3.9333333333333343E+01   2.6666666666666675E+01   0.0000000000000000E+00
       571         1         1        11
   4.0666666666666664E+01   2.8333333333333321E+01   0.0000000000000000E+00
       572         1         1        11
   4.1999999999999993E+01   2.9999999999999996E+01   0.0000000000000000E+00
       573         1         1        11
   4.3333333333333350E+01   3.1666666666666661E+01   0.0000000000000000E+00
       574         1         1        11
   4.4666666666666679E+01   3.3333333333333321E+01   0.0000000000000000E+00
       575         1         1        11
   4.6000000000000014E+01   3.5000000000000000E+01   0.0000000000000000E+00
       576         1         1        11
   4.7333333333333336E+01   3.6666666666666657E+01   0.0000000000000000E+00
       577         1         1        11
   4.8666666666666679E+01   3.8333333333333336E+01   0.0000000000000000E+00
       578         1         1        11
   5.0000000000000014E+01   4.0000000000000000E+01   0.0000000000000000E+00
       579         1         1        11
   5.1333333333333329E+01   4.1666666666666671E+01   0.0000000000000000E+00
       580         1         1        11
   5.2666666666666657E+01   4.3333333333333321E+01   0.0000000000000000E+00
       581         1         1        11
   3.4000000000000014E+01   2.3333333333333329E+01   0.0000000000000000E+00
       582         1         1        11
   3.5333333333333350E+01   2.5000000000000000E+01   0.0000000000000000E+00
       583         1         1        11
   3.6666666666666693E+01   2.6666666666666671E+01   0.0000000000000000E+00
       584         1         1        11
   3.8000000000000014E+01   2.8333333333333332E+01   0.0000000000000000E+00
       585         1         1        11
   3.9333333333333343E+01   2.9999999999999993E+01   0.0000000000000000E+00
       586         1         1        11
   4.0666666666666671E+01   3.1666666666666657E+01   0.0000000000000000E+00
       587         1         1        11
   4.2000000000000021E+01   3.3333333333333343E+01   0.0000000000000000E+00
       588         1         1        11
   4.3333333333333357E+01   3.5000000000000000E+01   0.0000000000000000E+00
       589         1         1        11
   4.4666666666666686E+01   3.6666666666666671E+01   0.0000000000000000E+00
       590         1         1        11
   4.6000000000000014E+01   3.8333333333333321E+01   0.0000000000000000E+00
       591         1         1        11
   4.7333333333333350E+01   3.9999999999999986E+01   0.0000000000000000E+00
       592         1         1        11
   4.8666666666666671E+01   4.1666666666666664E+01   0.0000000000000000E+00
       593         1         1        11
   4.9999999999999986E+01   4.3333333333333321E+01   0.0000000000000000E+00
       594         1         1        11
   5.1333333333333343E+01   4.5000000000000000E+01   0.0000000000000000E+00
       595         1         1        11
   3.2666666666666679E+01   2.4999999999999989E+01   0.0000000000000000E+00
       596         1         1        11
   3.4000000000000014E+01   2.6666666666666668E+01   0.0000000000000000E+00
       597         1         1        11
   3.5333333333333343E+01   2.8333333333333321E+01   0.0000000000000000E+00
       598         1         1        11
   3.6666666666666679E+01   2.9999999999999986E+01   0.0000000000000000E+00
       599         1         1        11
   3.8000000000000014E+01   3.1666666666666657E+01   0.0000000000000000E+00
       600         1         1        11
   3.9333333333333329E+01   3.3333333333333329E+01   0.0000000000000000E+00
       601         1         1        11
   4.0666666666666671E+01   3.5000000000000007E+01   0.0000000000000000E+00
       602         1         1        11
   4.2000000000000000E+01   3.6666666666666650E+01   0.0000000000000000E+00
       603         1         1        11
   4.3333333333333364E+01   3.8333333333333329E+01   0.0000000000000000E+00
       604         1         1        11
   4.4666666666666657E+01   3.9999999999999993E+01   0.0000000000000000E+00
       605         1         1        11
   4.6000000000000000E+01   4.1666666666666643E+01   0.0000000000000000E+00
       606         1         1        11
   4.7333333333333314E+01   4.3333333333333329E+01   0.0000000000000000E+00
       607         1         1        11
   4.8666666666666657E+01   4.4999999999999986E+01   0.0000000000000000E+00
       608         1         1        11
   5.0000000000000000E+01   4.6666666666666650E+01   0.0000000000000000E+00
       609         1         1        11
   3.2666666666666671E+01   2.4999999999999993E+01   1.0000000000000000E+01
       610         1         1        11
   3.4000000000000014E+01   2.6666666666666657E+01   1.0000000000000000E+01
       611         1         1        11
   3.5333333333333343E+01   2.8333333333333314E+01   1.0000000000000000E+01
       612         1         1        11
   3.6666666666666664E+01   2.9999999999999986E+01   1.0000000000000000E+01
       613         1         1        11
   3.8000000000000007E+01   3.1666666666666654E+01   1.0000000000000000E+01
       614         1         1        11
   3.9333333333333329E+01   3.3333333333333314E+01   1.0000000000000000E+01
       615         1         1        11
   4.0666666666666657E+01   3.4999999999999979E+01   1.0000000000000000E+01
       616         1         1        11
   4.1999999999999986E+01   3.6666666666666643E+01   1.0000000000000000E+01
       617         1         1        11
   4.3333333333333314E+01   3.8333333333333321E+01   1.0000000000000000E+01
       618         1         1        11
   4.4666666666666643E+01   3.9999999999999986E+01   1.0000000000000000E+01
       619         1         1        11
   4.5999999999999972E+01   4.1666666666666636E+01   1.0000000000000000E+01
       620         1         1        11
   4.7333333333333286E+01   4.3333333333333307E+01   1.0000000000000000E+01
       621         1         1        11
   4.8666666666666622E+01   4.4999999999999957E+01   1.0000000000000000E+01
       622         1         1        11
   4.9999999999999979E+01   4.6666666666666629E+01   1.0000000000000000E+01
       623         1         1        11
   3.4000000000000000E+01   2.3333333333333329E+01   1.0000000000000000E+01
       624         1         1        11
   3.5333333333333343E+01   2.4999999999999996E+01   1.0000000000000000E+01
       625         1         1        11
   3.6666666666666671E+01   2.6666666666666661E+01   1.0000000000000000E+01
       626         1         1        11
   3.8000000000000007E+01   2.8333333333333329E+01   1.0000000000000000E+01
       627         1         1        11
   3.9333333333333329E+01   2.9999999999999993E+01   1.0000000000000000E+01
       628         1         1        11
   4.0666666666666657E+01   3.1666666666666657E+01   1.0000000000000000E+01
       629         1         1        11
   4.2000000000000000E+01   3.3333333333333314E+01   1.0000000000000000E+01
       630         1         1        11
   4.3333333333333314E+01   3.4999999999999993E+01   1.0000000000000000E+01
       631         1         1        11
   4.4666666666666657E+01   3.6666666666666657E+01   1.0000000000000000E+01
       632         1         1        11
   4.5999999999999986E+01   3.8333333333333307E+01   1.0000000000000000E+01
       633         1         1        11
   4.7333333333333321E+01   3.9999999999999986E+01   1.0000000000000000E+01
       634         1         1        11
   4.8666666666666650E+01   4.1666666666666636E+01   1.0000000000000000E+01
       635         1         1        11
   4.9999999999999979E+01   4.3333333333333314E+01   1.0000000000000000E+01
       636         1         1        11
   5.1333333333333307E+01   4.4999999999999957E+01   1.0000000000000000E+01
       637         1         1        11
   3.5333333333333336E+01   2.1666666666666664E+01   1.0000000000000000E+01
       638         1         1        11
   3.6666666666666679E+01   2.3333333333333336E+01   1.0000000000000000E+01
       639         1         1        11
   3.8000000000000007E+01   2.4999999999999996E+01   1.0000000000000000E+01
       640         1         1        11
   3.9333333333333336E+01   2.6666666666666664E+01   1.0000000000000000E+01
       641         1         1        11
   4.0666666666666657E+01   2.8333333333333321E+01   1.0000000000000000E+01
       642         1         1        11
   4.1999999999999986E+01   2.9999999999999993E+01   1.0000000000000000E+01
       643         1         1        11
   4.3333333333333329E+01   3.1666666666666654E+01   1.0000000000000000E+01
       644         1         1        11
   4.4666666666666657E+01   3.3333333333333314E+01   1.0000000000000000E+01
       645         1         1        11
   4.5999999999999993E+01   3.4999999999999986E+01   1.0000000000000000E+01
       646         1         1        11
   4.7333333333333314E+01   3.6666666666666657E+01   1.0000000000000000E+01
       647         1         1        11
   4.8666666666666643E+01   3.8333333333333314E+01   1.0000000000000000E+01
       648         1         1        11
   4.9999999999999972E+01   3.9999999999999986E+01   1.0000000000000000E+01
       649         1         1        11
   5.1333333333333293E+01   4.1666666666666650E+01   1.0000000000000000E+01
       650         1         1        11
   5.2666666666666636E+01   4.3333333333333300E+01   1.0000000000000000E+01
       651         1         1        11
   3.6666666666666679E+01   2.0000000000000011E+01   1.0000000000000000E+01
       652         1         1        11
   3.8000000000000000E+01   2.1666666666666671E+01   1.0000000000000000E+01
       653         1         1        11
   3.9333333333333336E+01   2.3333333333333332E+01   1.0000000000000000E+01
       654         1         1        11
   4.0666666666666679E+01   2.5000000000000007E+01   1.0000000000000000E+01
       655         1         1        11
   4.2000000000000000E+01   2.6666666666666668E+01   1.0000000000000000E+01
       656         1         1        11
   4.3333333333333329E+01   2.8333333333333329E+01   1.0000000000000000E+01
       657         1         1        11
   4.4666666666666671E+01   3.0000000000000000E+01   1.0000000000000000E+01
       658         1         1        11
   4.5999999999999993E+01   3.1666666666666650E+01   1.0000000000000000E+01
       659         1         1        11
   4.7333333333333314E+01   3.3333333333333329E+01   1.0000000000000000E+01
       660         1         1        11
   4.8666666666666657E+01   3.4999999999999986E+01   1.0000000000000000E+01
       661         1         1        11
   4.9999999999999964E+01   3.6666666666666657E+01   1.0000000000000000E+01
       662         1         1        11
   5.1333333333333329E+01   3.8333333333333321E+01   1.0000000000000000E+01
       663         1         1        11
   5.2666666666666657E+01   3.9999999999999986E+01   1.0000000000000000E+01
       664         1         1        11
   5.3999999999999972E+01   4.1666666666666657E+01   1.0000000000000000E+01
       665         1         1        11
   3.8000000000000007E+01   1.8333333333333346E+01   1.0000000000000000E+01
       666         1         1        11
   3.9333333333333343E+01   2.0000000000000004E+01   1.0000000000000000E+01
       667         1         1        11
   4.0666666666666657E+01   2.1666666666666664E+01   1.0000000000000000E+01
       668         1         1        11
   4.2000000000000000E+01   2.3333333333333336E+01   1.0000000000000000E+01
       669         1         1        11
   4.3333333333333329E+01   2.5000000000000004E+01   1.0000000000000000E+01
       670         1         1        11
   4.4666666666666671E+01   2.6666666666666664E+01   1.0000000000000000E+01
       671         1         1        11
   4.5999999999999986E+01   2.8333333333333332E+01   1.0000000000000000E+01
       672         1         1        11
   4.7333333333333329E+01   3.0000000000000000E+01   1.0000000000000000E+01
       673         1         1        11
   4.8666666666666657E+01   3.1666666666666657E+01   1.0000000000000000E+01
       674         1         1        11
   4.9999999999999979E+01   3.3333333333333329E+01   1.0000000000000000E+01
       675         1         1        11
   5.1333333333333300E+01   3.4999999999999986E+01   1.0000000000000000E+01
       676         1         1        11
   5.2666666666666629E+01   3.6666666666666657E+01   1.0000000000000000E+01
       677         1         1        11
   5.3999999999999972E+01   3.8333333333333314E+01   1.0000000000000000E+01
       678         1         1        11
   5.5333333333333307E+01   3.9999999999999972E+01   1.0000000000000000E+01
       679         1         1        11
   3.9333333333333336E+01   1.6666666666666682E+01   1.0000000000000000E+01
       680         1         1        11
   4.0666666666666671E+01   1.8333333333333339E+01   1.0000000000000000E+01
       681         1         1        11
   4.2000000000000014E+01   2.0000000000000014E+01   1.0000000000000000E+01
       682         1         1        11
   4.3333333333333343E+01   2.1666666666666671E+01   1.0000000000000000E+01
       683         1         1        11
   4.4666666666666664E+01   2.3333333333333336E+01   1.0000000000000000E+01
       684         1         1        11
   4.5999999999999986E+01   2.5000000000000004E+01   1.0000000000000000E+01
       685         1         1        11
   4.7333333333333329E+01   2.6666666666666671E+01   1.0000000000000000E+01
       686         1         1        11
   4.8666666666666657E+01   2.8333333333333332E+01   1.0000000000000000E+01
       687         1         1        11
   4.9999999999999986E+01   2.9999999999999996E+01   1.0000000000000000E+01
       688         1         1        11
   5.1333333333333314E+01   3.1666666666666668E+01   1.0000000000000000E+01
       689         1         1        11
   5.2666666666666643E+01   3.3333333333333329E+01   1.0000000000000000E+01
       690         1         1        11
   5.3999999999999972E+01   3.5000000000000000E+01   1.0000000000000000E+01
       691         1         1        11
   5.5333333333333300E+01   3.6666666666666671E+01   1.0000000000000000E+01
       692         1         1        11
   5.6666666666666650E+01   3.8333333333333329E+01   1.0000000000000000E+01
       693         1         1        11
   4.0666666666666671E+01   1.5000000000000020E+01   1.0000000000000000E+01
       694         1         1        11
   4.2000000000000021E+01   1.6666666666666682E+01   1.0000000000000000E+01
       695         1         1        11
   4.3333333333333343E+01   1.8333333333333350E+01   1.0000000000000000E+01
       696         1         1        11
   4.4666666666666664E+01   2.0000000000000011E+01   1.0000000000000000E+01
       697         1         1        11
   4.5999999999999986E+01   2.1666666666666671E+01   1.0000000000000000E+01
       698         1         1        11
   4.7333333333333343E+01   2.3333333333333339E+01   1.0000000000000000E+01
       699         1         1        11
   4.8666666666666671E+01   2.5000000000000011E+01   1.0000000000000000E+01
       700         1         1        11
   4.9999999999999986E+01   2.6666666666666682E+01   1.0000000000000000E+01
       701         1         1        11
   5.1333333333333329E+01   2.8333333333333343E+01   1.0000000000000000E+01
       702         1         1        11
   5.2666666666666643E+01   3.0000000000000000E+01   1.0000000000000000E+01
       703         1         1        11
   5.4000000000000000E+01   3.1666666666666664E+01   1.0000000000000000E+01
       704         1         1        11
   5.5333333333333329E+01   3.3333333333333329E+01   1.0000000000000000E+01
       705         1         1        11
   5.6666666666666643E+01   3.5000000000000000E+01   1.0000000000000000E+01
       706         1         1        11
   5.7999999999999972E+01   3.6666666666666664E+01   1.0000000000000000E+01
       707         1         1        11
   4.2000000000000007E+01   1.3333333333333353E+01   1.0000000000000000E+01
       708         1         1        11
   4.3333333333333357E+01   1.5000000000000016E+01   1.0000000000000000E+01
       709         1         1        11
   4.4666666666666686E+01   1.6666666666666686E+01   1.0000000000000000E+01
       710         1         1        11
   4.5999999999999986E+01   1.8333333333333346E+01   1.0000000000000000E+01
       711         1         1        11
   4.7333333333333350E+01   2.0000000000000014E+01   1.0000000000000000E+01
       712         1         1        11
   4.8666666666666664E+01   2.1666666666666686E+01   1.0000000000000000E+01
       713         1         1        11
   5.0000000000000000E+01   2.3333333333333346E+01   1.0000000000000000E+01
       714         1         1        11
   5.1333333333333329E+01   2.5000000000000007E+01   1.0000000000000000E+01
       715         1         1        11
   5.2666666666666671E+01   2.6666666666666679E+01   1.0000000000000000E+01
       716         1         1        11
   5.3999999999999986E+01   2.8333333333333343E+01   1.0000000000000000E+01
       717         1         1        11
   5.5333333333333314E+01   3.0000000000000000E+01   1.0000000000000000E+01
       718         1         1        11
   5.6666666666666643E+01   3.1666666666666671E+01   1.0000000000000000E+01
       719         1         1        11
   5.7999999999999979E+01   3.3333333333333329E+01   1.0000000000000000E+01
       720         1         1        11
   5.9333333333333314E+01   3.5000000000000007E+01   1.0000000000000000E+01
       721         1         1        11
   4.3333333333333364E+01   1.1666666666666689E+01   1.0000000000000000E+01
       722         1         1        11
   4.4666666666666686E+01   1.3333333333333350E+01   1.0000000000000000E+01
       723         1         1        11
   4.6000000000000000E+01   1.5000000000000021E+01   1.0000000000000000E+01
       724         1         1        11
   4.7333333333333350E+01   1.6666666666666682E+01   1.0000000000000000E+01
       725         1         1        11
   4.8666666666666671E+01   1.8333333333333343E+01   1.0000000000000000E+01
       726         1         1        11
   4.9999999999999993E+01   2.0000000000000014E+01   1.0000000000000000E+01
       727         1         1        11
   5.1333333333333336E+01   2.1666666666666686E+01   1.0000000000000000E+01
       728         1         1        11
   5.2666666666666657E+01   2.3333333333333350E+01   1.0000000000000000E+01
       729         1         1        11
   5.4000000000000000E+01   2.5000000000000014E+01   1.0000000000000000E+01
       730         1         1        11
   5.5333333333333321E+01   2.6666666666666679E+01   1.0000000000000000E+01
       731         1         1        11
   5.6666666666666643E+01   2.8333333333333343E+01   1.0000000000000000E+01
       732         1         1        11
   5.8000000000000000E+01   3.0000000000000007E+01   1.0000000000000000E+01
       733         1         1        11
   5.9333333333333321E+01   3.1666666666666679E+01   1.0000000000000000E+01
       734         1         1        11
   6.0666666666666657E+01   3.3333333333333343E+01   1.0000000000000000E+01
       735         1         1        11
   4.4666666666666693E+01   1.0000000000000027E+01   1.0000000000000000E+01
       736         1         1        11
   4.6000000000000007E+01   1.1666666666666693E+01   1.0000000000000000E+01
       737         1         1        11
   4.7333333333333336E+01   1.3333333333333357E+01   1.0000000000000000E+01
       738         1         1        11
   4.8666666666666664E+01   1.5000000000000021E+01   1.0000000000000000E+01
       739         1         1        11
   5.0000000000000000E+01   1.6666666666666689E+01   1.0000000000000000E+01
       740         1         1        11
   5.1333333333333314E+01   1.8333333333333350E+01   1.0000000000000000E+01
       741         1         1        11
   5.2666666666666671E+01   2.0000000000000018E+01   1.0000000000000000E+01
       742         1         1        11
   5.4000000000000000E+01   2.1666666666666682E+01   1.0000000000000000E+01
       743         1         1        11
   5.5333333333333336E+01   2.3333333333333350E+01   1.0000000000000000E+01
       744         1         1        11
   5.6666666666666657E+01   2.5000000000000014E+01   1.0000000000000000E+01
       745         1         1        11
   5.7999999999999993E+01   2.6666666666666679E+01   1.0000000000000000E+01
       746         1         1        11
   5.9333333333333321E+01   2.8333333333333343E+01   1.0000000000000000E+01
       747         1         1        11
   6.0666666666666650E+01   3.0000000000000014E+01   1.0000000000000000E+01
       748         1         1        11
   6.1999999999999957E+01   3.1666666666666675E+01   1.0000000000000000E+01
       749         1         1        11
   4.6000000000000014E+01   8.3333333333333623E+00   1.0000000000000000E+01
       750         1         1        11
   4.7333333333333357E+01   1.0000000000000027E+01   1.0000000000000000E+01
       751         1         1        11
   4.8666666666666657E+01   1.1666666666666693E+01   1.0000000000000000E+01
       752         1         1        11
   5.0000000000000000E+01   1.3333333333333361E+01   1.0000000000000000E+01
       753         1         1        11
   5.1333333333333329E+01   1.5000000000000023E+01   1.0000000000000000E+01
       754         1         1        11
   5.2666666666666657E+01   1.6666666666666693E+01   1.0000000000000000E+01
       755         1         1        11
   5.4000000000000000E+01   1.8333333333333357E+01   1.0000000000000000E+01
       756         1         1        11
   5.5333333333333314E+01   2.0000000000000025E+01   1.0000000000000000E+01
       757         1         1        11
   5.6666666666666657E+01   2.1666666666666686E+01   1.0000000000000000E+01
       758         1         1        11
   5.7999999999999986E+01   2.3333333333333357E+01   1.0000000000000000E+01
       759         1         1        11
   5.9333333333333321E+01   2.5000000000000021E+01   1.0000000000000000E+01
       760         1         1        11
   6.0666666666666643E+01   2.6666666666666686E+01   1.0000000000000000E+01
       761         1         1        11
   6.1999999999999979E+01   2.8333333333333350E+01   1.0000000000000000E+01
       762         1         1        11
   6.3333333333333307E+01   3.0000000000000014E+01   1.0000000000000000E+01
       763         1         1        11
   4.7333333333333357E+01   6.6666666666666980E+00   1.0000000000000000E+01
       764         1         1        11
   4.8666666666666686E+01   8.3333333333333641E+00   1.0000000000000000E+01
       765         1         1        11
   5.0000000000000007E+01   1.0000000000000030E+01   1.0000000000000000E+01
       766         1         1        11
   5.1333333333333336E+01   1.1666666666666700E+01   1.0000000000000000E+01
       767         1         1        11
   5.2666666666666679E+01   1.3333333333333361E+01   1.0000000000000000E+01
       768         1         1        11
   5.3999999999999993E+01   1.5000000000000028E+01   1.0000000000000000E+01
       769         1         1        11
   5.5333333333333329E+01   1.6666666666666689E+01   1.0000000000000000E+01
       770         1         1        11
   5.6666666666666664E+01   1.8333333333333357E+01   1.0000000000000000E+01
       771         1         1        11
   5.7999999999999979E+01   2.0000000000000028E+01   1.0000000000000000E+01
       772         1         1        11
   5.9333333333333321E+01   2.1666666666666693E+01   1.0000000000000000E+01
       773         1         1        11
   6.0666666666666650E+01   2.3333333333333364E+01   1.0000000000000000E+01
       774         1         1        11
   6.1999999999999972E+01   2.5000000000000032E+01   1.0000000000000000E+01
       775         1         1        11
   6.3333333333333307E+01   2.6666666666666700E+01   1.0000000000000000E+01
       776         1         1        11
   6.4666666666666629E+01   2.8333333333333353E+01   1.0000000000000000E+01
       777         1         1        11
   4.8666666666666686E+01   5.0000000000000373E+00   1.0000000000000000E+01
       778         1         1        11
   5.0000000000000021E+01   6.6666666666667007E+00   1.0000000000000000E+01
       779         1         1        11
   5.1333333333333343E+01   8.3333333333333695E+00   1.0000000000000000E+01
       780         1         1        11
   5.2666666666666693E+01   1.0000000000000032E+01   1.0000000000000000E+01
       781         1         1        11
   5.4000000000000000E+01   1.1666666666666698E+01   1.0000000000000000E+01
       782         1         1        11
   5.5333333333333329E+01   1.3333333333333361E+01   1.0000000000000000E+01
       783         1         1        11
   5.6666666666666657E+01   1.5000000000000028E+01   1.0000000000000000E+01
       784         1         1        11
   5.7999999999999993E+01   1.6666666666666696E+01   1.0000000000000000E+01
       785         1         1        11
   5.9333333333333321E+01   1.8333333333333364E+01   1.0000000000000000E+01
       786         1         1        11
   6.0666666666666650E+01   2.0000000000000021E+01   1.0000000000000000E+01
       787         1         1        11
   6.1999999999999986E+01   2.1666666666666700E+01   1.0000000000000000E+01
       788         1         1        11
   6.3333333333333314E+01   2.3333333333333364E+01   1.0000000000000000E+01
       789         1         1        11
   6.4666666666666657E+01   2.5000000000000021E+01   1.0000000000000000E+01
       790         1         1        11
   6.5999999999999972E+01   2.6666666666666700E+01   1.0000000000000000E+01
       791         1         1        11
   5.0000000000000021E+01   3.3333333333333739E+00   1.0000000000000000E+01
       792         1         1        11
   5.1333333333333350E+01   5.0000000000000355E+00   1.0000000000000000E+01
       793         1         1        11
   5.2666666666666686E+01   6.6666666666667034E+00   1.0000000000000000E+01
       794         1         1        11
   5.4000000000000007E+01   8.3333333333333712E+00   1.0000000000000000E+01
       795         1         1        11
   5.5333333333333336E+01   1.0000000000000036E+01   1.0000000000000000E+01
       796         1         1        11
   5.6666666666666671E+01   1.1666666666666702E+01   1.0000000000000000E+01
       797         1         1        11
   5.8000000000000007E+01   1.3333333333333364E+01   1.0000000000000000E+01
       798         1         1        11
   5.9333333333333314E+01   1.5000000000000032E+01   1.0000000000000000E+01
       799         1         1        11
   6.0666666666666664E+01   1.6666666666666700E+01   1.0000000000000000E+01
       800         1         1        11
   6.1999999999999964E+01   1.8333333333333371E+01   1.0000000000000000E+01
       801         1         1        11
   6.3333333333333293E+01   2.0000000000000032E+01   1.0000000000000000E+01
       802         1         1        11
   6.4666666666666657E+01   2.1666666666666703E+01   1.0000000000000000E+01
       803         1         1        11
   6.5999999999999972E+01   2.3333333333333364E+01   1.0000000000000000E+01
       804         1         1        11
   6.7333333333333300E+01   2.5000000000000046E+01   1.0000000000000000E+01
       805         1         1        11
   9.6755555555555546E+01   4.8333333333333307E+01   0.0000000000000000E+00
       806         1         1        11
   9.3511111111111134E+01   4.8333333333333314E+01   0.0000000000000000E+00
       807         1         1        11
   9.0266666666666666E+01   4.8333333333333314E+01   0.0000000000000000E+00
       808         1         1        11
   8.7022222222222211E+01   4.8333333333333314E+01   0.0000000000000000E+00
       809         1         1        11
   8.3777777777777771E+01   4.8333333333333329E+01   0.0000000000000000E+00
       810         1         1        11
   8.0533333333333317E+01   4.8333333333333314E+01   0.0000000000000000E+00
       811         1         1        11
   7.7288888888888891E+01   4.8333333333333321E+01   0.0000000000000000E+00
       812         1         1        11
   7.4044444444444451E+01   4.8333333333333329E+01   0.0000000000000000E+00
       813         1         1        11
   7.0799999999999983E+01   4.8333333333333329E+01   0.0000000000000000E+00
       814         1         1        11
   6.7555555555555571E+01   4.8333333333333329E+01   0.0000000000000000E+00
       815         1         1        11
   6.4311111111111103E+01   4.8333333333333329E+01   0.0000000000000000E+00
       816         1         1        11
   6.1066666666666663E+01   4.8333333333333329E+01   0.0000000000000000E+00
       817         1         1        11
   5.7822222222222223E+01   4.8333333333333329E+01   0.0000000000000000E+00
       818         1         1        11
   5.4577777777777769E+01   4.8333333333333343E+01   0.0000000000000000E+00
       819         1         1        11
   9.6844444444444434E+01   4.6666666666666664E+01   0.0000000000000000E+00
       820         1         1        11
   9.3688888888888911E+01   4.6666666666666657E+01   0.0000000000000000E+00
       821         1         1        11
   9.0533333333333331E+01   4.6666666666666657E+01   0.0000000000000000E+00
       822         1         1        11
   8.7377777777777808E+01   4.6666666666666657E+01   0.0000000000000000E+00
       823         1         1        11
   8.4222222222222214E+01   4.6666666666666650E+01   0.0000000000000000E+00
       824         1         1        11
   8.1066666666666663E+01   4.6666666666666657E+01   0.0000000000000000E+00
       825         1         1        11
   7.7911111111111126E+01   4.6666666666666657E+01   0.0000000000000000E+00
       826         1         1        11
   7.4755555555555560E+01   4.6666666666666671E+01   0.0000000000000000E+00
       827         1         1        11
   7.1599999999999994E+01   4.6666666666666657E+01   0.0000000000000000E+00
       828         1         1        11
   6.8444444444444457E+01   4.6666666666666657E+01   0.0000000000000000E+00
       829         1         1        11
   6.5288888888888891E+01   4.6666666666666657E+01   0.0000000000000000E+00
       830         1         1        11
   6.2133333333333333E+01   4.6666666666666650E+01   0.0000000000000000E+00
       831         1         1        11
   5.8977777777777774E+01   4.6666666666666671E+01   0.0000000000000000E+00
       832         1         1        11
   5.5822222222222223E+01   4.6666666666666671E+01   0.0000000000000000E+00
       833         1         1        11
   9.6933333333333323E+01   4.4999999999999979E+01   0.0000000000000000E+00
       834         1         1        11
   9.3866666666666688E+01   4.4999999999999986E+01   0.0000000000000000E+00
       835         1         1        11
   9.0799999999999983E+01   4.5000000000000000E+01   0.0000000000000000E+00
       836         1         1        11
   8.7733333333333363E+01   4.4999999999999979E+01   0.0000000000000000E+00
       837         1         1        11
   8.4666666666666657E+01   4.4999999999999986E+01   0.0000000000000000E+00
       838         1         1        11
   8.1599999999999994E+01   4.4999999999999986E+01   0.0000000000000000E+00
       839         1         1        11
   7.8533333333333317E+01   4.4999999999999986E+01   0.0000000000000000E+00
       840         1         1        11
   7.5466666666666669E+01   4.4999999999999993E+01   0.0000000000000000E+00
       841         1         1        11
   7.2400000000000006E+01   4.5000000000000000E+01   0.0000000000000000E+00
       842         1         1        11
   6.9333333333333343E+01   4.5000000000000007E+01   0.0000000000000000E+00
       843         1         1        11
   6.6266666666666666E+01   4.5000000000000007E+01   0.0000000000000000E+00
       844         1         1        11
   6.3200000000000003E+01   4.5000000000000000E+01   0.0000000000000000E+00
       845         1         1        11
   6.0133333333333333E+01   4.5000000000000000E+01   0.0000000000000000E+00
       846         1         1        11
   5.7066666666666663E+01   4.4999999999999993E+01   0.0000000000000000E+00
       847         1         1        11
   9.7022222222222197E+01   4.3333333333333329E+01   0.0000000000000000E+00
       848         1         1        11
   9.4044444444444451E+01   4.3333333333333329E+01   0.0000000000000000E+00
       849         1         1        11
   9.1066666666666663E+01   4.3333333333333336E+01   0.0000000000000000E+00
       850         1         1        11
   8.8088888888888903E+01   4.3333333333333329E+01   0.0000000000000000E+00
       851         1         1        11
   8.5111111111111100E+01   4.3333333333333336E+01   0.0000000000000000E+00
       852         1         1        11
   8.2133333333333326E+01   4.3333333333333329E+01   0.0000000000000000E+00
       853         1         1        11
   7.9155555555555566E+01   4.3333333333333329E+01   0.0000000000000000E+00
       854         1         1        11
   7.6177777777777777E+01   4.3333333333333329E+01   0.0000000000000000E+00
       855         1         1        11
   7.3200000000000003E+01   4.3333333333333329E+01   0.0000000000000000E+00
       856         1         1        11
   7.0222222222222229E+01   4.3333333333333329E+01   0.0000000000000000E+00
       857         1         1        11
   6.7244444444444440E+01   4.3333333333333329E+01   0.0000000000000000E+00
       858         1         1        11
   6.4266666666666666E+01   4.3333333333333343E+01   0.0000000000000000E+00
       859         1         1        11
   6.1288888888888891E+01   4.3333333333333336E+01   0.0000000000000000E+00
       860         1         1        11
   5.8311111111111096E+01   4.3333333333333336E+01   0.0000000000000000E+00
       861         1         1        11
   9.7111111111111114E+01   4.1666666666666650E+01   0.0000000000000000E+00
       862         1         1        11
   9.4222222222222229E+01   4.1666666666666650E+01   0.0000000000000000E+00
       863         1         1        11
   9.1333333333333329E+01   4.1666666666666650E+01   0.0000000000000000E+00
       864         1         1        11
   8.8444444444444457E+01   4.1666666666666650E+01   0.0000000000000000E+00
       865         1         1        11
   8.5555555555555515E+01   4.1666666666666664E+01   0.0000000000000000E+00
       866         1         1        11
   8.2666666666666643E+01   4.1666666666666664E+01   0.0000000000000000E+00
       867         1         1        11
   7.9777777777777743E+01   4.1666666666666671E+01   0.0000000000000000E+00
       868         1         1        11
   7.6888888888888886E+01   4.1666666666666686E+01   0.0000000000000000E+00
       869         1         1        11
   7.4000000000000000E+01   4.1666666666666679E+01   0.0000000000000000E+00
       870         1         1        11
   7.1111111111111114E+01   4.1666666666666679E+01   0.0000000000000000E+00
       871         1         1        11
   6.8222222222222229E+01   4.1666666666666679E+01   0.0000000000000000E+00
       872         1         1        11
   6.5333333333333314E+01   4.1666666666666671E+01   0.0000000000000000E+00
       873         1         1        11
   6.2444444444444443E+01   4.1666666666666679E+01   0.0000000000000000E+00
       874         1         1        11
   5.9555555555555550E+01   4.1666666666666671E+01   0.0000000000000000E+00
       875         1         1        11
   9.7199999999999989E+01   3.9999999999999993E+01   0.0000000000000000E+00
       876         1         1        11
   9.4399999999999977E+01   4.0000000000000000E+01   0.0000000000000000E+00
       877         1         1        11
   9.1599999999999980E+01   3.9999999999999993E+01   0.0000000000000000E+00
       878         1         1        11
   8.8800000000000011E+01   4.0000000000000000E+01   0.0000000000000000E+00
       879         1         1        11
   8.5999999999999986E+01   4.0000000000000000E+01   0.0000000000000000E+00
       880         1         1        11
   8.3199999999999974E+01   4.0000000000000000E+01   0.0000000000000000E+00
       881         1         1        11
   8.0400000000000006E+01   4.0000000000000000E+01   0.0000000000000000E+00
       882         1         1        11
   7.7599999999999994E+01   4.0000000000000000E+01   0.0000000000000000E+00
       883         1         1        11
   7.4799999999999997E+01   4.0000000000000000E+01   0.0000000000000000E+00
       884         1         1        11
   7.2000000000000000E+01   4.0000000000000007E+01   0.0000000000000000E+00
       885         1         1        11
   6.9199999999999974E+01   4.0000000000000000E+01   0.0000000000000000E+00
       886         1         1        11
   6.6399999999999977E+01   4.0000000000000014E+01   0.0000000000000000E+00
       887         1         1        11
   6.3599999999999994E+01   4.0000000000000014E+01   0.0000000000000000E+00
       888         1         1        11
   6.0799999999999983E+01   4.0000000000000014E+01   0.0000000000000000E+00
       889         1         1        11
   9.7288888888888863E+01   3.8333333333333321E+01   0.0000000000000000E+00
       890         1         1        11
   9.4577777777777783E+01   3.8333333333333336E+01   0.0000000000000000E+00
       891         1         1        11
   9.1866666666666688E+01   3.8333333333333343E+01   0.0000000000000000E+00
       892         1         1        11
   8.9155555555555566E+01   3.8333333333333343E+01   0.0000000000000000E+00
       893         1         1        11
   8.6444444444444457E+01   3.8333333333333343E+01   0.0000000000000000E+00
       894         1         1        11
   8.3733333333333320E+01   3.8333333333333343E+01   0.0000000000000000E+00
       895         1         1        11
   8.1022222222222226E+01   3.8333333333333343E+01   0.0000000000000000E+00
       896         1         1        11
   7.8311111111111131E+01   3.8333333333333343E+01   0.0000000000000000E+00
       897         1         1        11
   7.5599999999999994E+01   3.8333333333333343E+01   0.0000000000000000E+00
       898         1         1        11
   7.2888888888888886E+01   3.8333333333333357E+01   0.0000000000000000E+00
       899         1         1        11
   7.0177777777777777E+01   3.8333333333333357E+01   0.0000000000000000E+00
       900         1         1        11
   6.7466666666666669E+01   3.8333333333333350E+01   0.0000000000000000E+00
       901         1         1        11
   6.4755555555555532E+01   3.8333333333333350E+01   0.0000000000000000E+00
       902         1         1        11
   6.2044444444444423E+01   3.8333333333333350E+01   0.0000000000000000E+00
       903         1         1        11
   9.7377777777777794E+01   3.6666666666666664E+01   0.0000000000000000E+00
       904         1         1        11
   9.4755555555555546E+01   3.6666666666666686E+01   0.0000000000000000E+00
       905         1         1        11
   9.2133333333333312E+01   3.6666666666666679E+01   0.0000000000000000E+00
       906         1         1        11
   8.9511111111111092E+01   3.6666666666666679E+01   0.0000000000000000E+00
       907         1         1        11
   8.6888888888888900E+01   3.6666666666666671E+01   0.0000000000000000E+00
       908         1         1        11
   8.4266666666666637E+01   3.6666666666666657E+01   0.0000000000000000E+00
       909         1         1        11
   8.1644444444444446E+01   3.6666666666666679E+01   0.0000000000000000E+00
       910         1         1        11
   7.9022222222222226E+01   3.6666666666666679E+01   0.0000000000000000E+00
       911         1         1        11
   7.6399999999999977E+01   3.6666666666666679E+01   0.0000000000000000E+00
       912         1         1        11
   7.3777777777777771E+01   3.6666666666666671E+01   0.0000000000000000E+00
       913         1         1        11
   7.1155555555555566E+01   3.6666666666666671E+01   0.0000000000000000E+00
       914         1         1        11
   6.8533333333333331E+01   3.6666666666666671E+01   0.0000000000000000E+00
       915         1         1        11
   6.5911111111111083E+01   3.6666666666666679E+01   0.0000000000000000E+00
       916         1         1        11
   6.3288888888888870E+01   3.6666666666666686E+01   0.0000000000000000E+00
       917         1         1        11
   9.7466666666666683E+01   3.5000000000000000E+01   0.0000000000000000E+00
       918         1         1        11
   9.4933333333333309E+01   3.5000000000000000E+01   0.0000000000000000E+00
       919         1         1        11
   9.2400000000000006E+01   3.4999999999999993E+01   0.0000000000000000E+00
       920         1         1        11
   8.9866666666666674E+01   3.5000000000000007E+01   0.0000000000000000E+00
       921         1         1        11
   8.7333333333333343E+01   3.5000000000000000E+01   0.0000000000000000E+00
       922         1         1        11
   8.4799999999999997E+01   3.5000000000000000E+01   0.0000000000000000E+00
       923         1         1        11
   8.2266666666666694E+01   3.5000000000000014E+01   0.0000000000000000E+00
       924         1         1        11
   7.9733333333333334E+01   3.5000000000000007E+01   0.0000000000000000E+00
       925         1         1        11
   7.7199999999999989E+01   3.5000000000000014E+01   0.0000000000000000E+00
       926         1         1        11
   7.4666666666666643E+01   3.5000000000000028E+01   0.0000000000000000E+00
       927         1         1        11
   7.2133333333333312E+01   3.5000000000000028E+01   0.0000000000000000E+00
       928         1         1        11
   6.9599999999999994E+01   3.5000000000000021E+01   0.0000000000000000E+00
       929         1         1        11
   6.7066666666666663E+01   3.5000000000000028E+01   0.0000000000000000E+00
       930         1         1        11
   6.4533333333333303E+01   3.5000000000000028E+01   0.0000000000000000E+00
       931         1         1        11
   9.7555555555555515E+01   3.3333333333333329E+01   0.0000000000000000E+00
       932         1         1        11
   9.5111111111111086E+01   3.3333333333333350E+01   0.0000000000000000E+00
       933         1         1        11
   9.2666666666666657E+01   3.3333333333333350E+01   0.0000000000000000E+00
       934         1         1        11
   9.0222222222222229E+01   3.3333333333333343E+01   0.0000000000000000E+00
       935         1         1        11
   8.7777777777777786E+01   3.3333333333333329E+01   0.0000000000000000E+00
       936         1         1        11
   8.5333333333333357E+01   3.3333333333333350E+01   0.0000000000000000E+00
       937         1         1        11
   8.2888888888888886E+01   3.3333333333333350E+01   0.0000000000000000E+00
       938         1         1        11
   8.0444444444444429E+01   3.3333333333333350E+01   0.0000000000000000E+00
       939         1         1        11
   7.7999999999999972E+01   3.3333333333333343E+01   0.0000000000000000E+00
       940         1         1        11
   7.5555555555555529E+01   3.3333333333333350E+01   0.0000000000000000E+00
       941         1         1        11
   7.3111111111111086E+01   3.3333333333333343E+01   0.0000000000000000E+00
       942         1         1        11
   7.0666666666666657E+01   3.3333333333333350E+01   0.0000000000000000E+00
       943         1         1        11
   6.8222222222222172E+01   3.3333333333333350E+01   0.0000000000000000E+00
       944         1         1        11
   6.5777777777777771E+01   3.3333333333333350E+01   0.0000000000000000E+00
       945         1         1        11
   9.7644444444444460E+01   3.1666666666666675E+01   0.0000000000000000E+00
       946         1         1        11
   9.5288888888888877E+01   3.1666666666666679E+01   0.0000000000000000E+00
       947         1         1        11
   9.2933333333333337E+01   3.1666666666666682E+01   0.0000000000000000E+00
       948         1         1        11
   9.0577777777777783E+01   3.1666666666666679E+01   0.0000000000000000E+00
       949         1         1        11
   8.8222222222222214E+01   3.1666666666666679E+01   0.0000000000000000E+00
       950         1         1        11
   8.5866666666666660E+01   3.1666666666666679E+01   0.0000000000000000E+00
       951         1         1        11
   8.3511111111111106E+01   3.1666666666666689E+01   0.0000000000000000E+00
       952         1         1        11
   8.1155555555555551E+01   3.1666666666666689E+01   0.0000000000000000E+00
       953         1         1        11
   7.8799999999999997E+01   3.1666666666666689E+01   0.0000000000000000E+00
       954         1         1        11
   7.6444444444444457E+01   3.1666666666666686E+01   0.0000000000000000E+00
       955         1         1        11
   7.4088888888888860E+01   3.1666666666666696E+01   0.0000000000000000E+00
       956         1         1        11
   7.1733333333333320E+01   3.1666666666666686E+01   0.0000000000000000E+00
       957         1         1        11
   6.9377777777777766E+01   3.1666666666666693E+01   0.0000000000000000E+00
       958         1         1        11
   6.7022222222222197E+01   3.1666666666666693E+01   0.0000000000000000E+00
       959         1         1        11
   9.7733333333333306E+01   3.0000000000000004E+01   0.0000000000000000E+00
       960         1         1        11
   9.5466666666666626E+01   3.0000000000000007E+01   0.0000000000000000E+00
       961         1         1        11
   9.3199999999999974E+01   3.0000000000000007E+01   0.0000000000000000E+00
       962         1         1        11
   9.0933333333333323E+01   3.0000000000000011E+01   0.0000000000000000E+00
       963         1         1        11
   8.8666666666666657E+01   3.0000000000000014E+01   0.0000000000000000E+00
       964         1         1        11
   8.6399999999999963E+01   3.0000000000000018E+01   0.0000000000000000E+00
       965         1         1        11
   8.4133333333333326E+01   3.0000000000000021E+01   0.0000000000000000E+00
       966         1         1        11
   8.1866666666666646E+01   3.0000000000000021E+01   0.0000000000000000E+00
       967         1         1        11
   7.9599999999999980E+01   3.0000000000000021E+01   0.0000000000000000E+00
       968         1         1        11
   7.7333333333333300E+01   3.0000000000000021E+01   0.0000000000000000E+00
       969         1         1        11
   7.5066666666666663E+01   3.0000000000000021E+01   0.0000000000000000E+00
       970         1         1        11
   7.2799999999999997E+01   3.0000000000000028E+01   0.0000000000000000E+00
       971         1         1        11
   7.0533333333333303E+01   3.0000000000000028E+01   0.0000000000000000E+00
       972         1         1        11
   6.8266666666666652E+01   3.0000000000000036E+01   0.0000000000000000E+00
       973         1         1        11
   9.7822222222222194E+01   2.8333333333333343E+01   0.0000000000000000E+00
       974         1         1        11
   9.5644444444444460E+01   2.8333333333333336E+01   0.0000000000000000E+00
       975         1         1        11
   9.3466666666666626E+01   2.8333333333333336E+01   0.0000000000000000E+00
       976         1         1        11
   9.1288888888888877E+01   2.8333333333333350E+01   0.0000000000000000E+00
       977         1         1        11
   8.9111111111111086E+01   2.8333333333333353E+01   0.0000000000000000E+00
       978         1         1        11
   8.6933333333333337E+01   2.8333333333333343E+01   0.0000000000000000E+00
       979         1         1        11
   8.4755555555555546E+01   2.8333333333333357E+01   0.0000000000000000E+00
       980         1         1        11
   8.2577777777777769E+01   2.8333333333333353E+01   0.0000000000000000E+00
       981         1         1        11
   8.0399999999999977E+01   2.8333333333333357E+01   0.0000000000000000E+00
       982         1         1        11
   7.8222222222222200E+01   2.8333333333333357E+01   0.0000000000000000E+00
       983         1         1        11
   7.6044444444444409E+01   2.8333333333333357E+01   0.0000000000000000E+00
       984         1         1        11
   7.3866666666666674E+01   2.8333333333333375E+01   0.0000000000000000E+00
       985         1         1        11
   7.1688888888888854E+01   2.8333333333333371E+01   0.0000000000000000E+00
       986         1         1        11
   6.9511111111111077E+01   2.8333333333333371E+01   0.0000000000000000E+00
       987         1         1        11
   9.7911111111111111E+01   2.6666666666666671E+01   0.0000000000000000E+00
       988         1         1        11
   9.5822222222222194E+01   2.6666666666666664E+01   0.0000000000000000E+00
       989         1         1        11
   9.3733333333333334E+01   2.6666666666666675E+01   0.0000000000000000E+00
       990         1         1        11
   9.1644444444444460E+01   2.6666666666666675E+01   0.0000000000000000E+00
       991         1         1        11
   8.9555555555555557E+01   2.6666666666666686E+01   0.0000000000000000E+00
       992         1         1        11
   8.7466666666666640E+01   2.6666666666666686E+01   0.0000000000000000E+00
       993         1         1        11
   8.5377777777777766E+01   2.6666666666666682E+01   0.0000000000000000E+00
       994         1         1        11
   8.3288888888888863E+01   2.6666666666666693E+01   0.0000000000000000E+00
       995         1         1        11
   8.1199999999999974E+01   2.6666666666666689E+01   0.0000000000000000E+00
       996         1         1        11
   7.9111111111111057E+01   2.6666666666666689E+01   0.0000000000000000E+00
       997         1         1        11
   7.7022222222222211E+01   2.6666666666666689E+01   0.0000000000000000E+00
       998         1         1        11
   7.4933333333333309E+01   2.6666666666666707E+01   0.0000000000000000E+00
       999         1         1        11
   7.2844444444444392E+01   2.6666666666666700E+01   0.0000000000000000E+00
      1000         1         1        11
   7.0755555555555546E+01   2.6666666666666707E+01   0.0000000000000000E+00
      1001         1         1        11
   9.7911111111111083E+01   2.6666666666666675E+01   1.0000000000000000E+01
      1002         1         1        11
   9.5822222222222223E+01   2.6666666666666668E+01   1.0000000000000000E+01
      1003         1         1        11
   9.3733333333333334E+01   2.6666666666666675E+01   1.0000000000000000E+01
      1004         1         1        11
   9.1644444444444446E+01   2.6666666666666671E+01   1.0000000000000000E+01
      1005         1         1        11
   8.9555555555555543E+01   2.6666666666666668E+01   1.0000000000000000E+01
      1006         1         1        11
   8.7466666666666654E+01   2.6666666666666679E+01   1.0000000000000000E+01
      1007         1         1        11
   8.5377777777777780E+01   2.6666666666666671E+01   1.0000000000000000E+01
      1008         1         1        11
   8.3288888888888877E+01   2.6666666666666668E+01   1.0000000000000000E+01
      1009         1         1        11
   8.1199999999999989E+01   2.6666666666666679E+01   1.0000000000000000E+01
      1010         1         1        11
   7.9111111111111086E+01   2.6666666666666679E+01   1.0000000000000000E+01
      1011         1         1        11
   7.7022222222222226E+01   2.6666666666666679E+01   1.0000000000000000E+01
      1012         1         1        11
   7.4933333333333309E+01   2.6666666666666671E+01   1.0000000000000000E+01
      1013         1         1        11
   7.2844444444444449E+01   2.6666666666666668E+01   1.0000000000000000E+01
      1014         1         1        11
   7.0755555555555532E+01   2.6666666666666679E+01   1.0000000000000000E+01
      1015         1         1        11
   9.7822222222222223E+01   2.8333333333333336E+01   1.0000000000000000E+01
      1016         1         1        11
   9.5644444444444460E+01   2.8333333333333339E+01   1.0000000000000000E+01
      1017         1         1        11
   9.3466666666666683E+01   2.8333333333333325E+01   1.0000000000000000E+01
      1018         1         1        11
   9.1288888888888906E+01   2.8333333333333343E+01   1.0000000000000000E+01
      1019         1         1        11
   8.9111111111111114E+01   2.8333333333333339E+01   1.0000000000000000E+01
      1020         1         1        11
   8.6933333333333351E+01   2.8333333333333336E+01   1.0000000000000000E+01
      1021         1         1        11
   8.4755555555555560E+01   2.8333333333333336E+01   1.0000000000000000E+01
      1022         1         1        11
   8.2577777777777769E+01   2.8333333333333332E+01   1.0000000000000000E+01
      1023         1         1        11
   8.0399999999999963E+01   2.8333333333333343E+01   1.0000000000000000E+01
      1024         1         1        11
   7.8222222222222229E+01   2.8333333333333343E+01   1.0000000000000000E+01
      1025         1         1        11
   7.6044444444444423E+01   2.8333333333333339E+01   1.0000000000000000E+01
      1026         1         1        11
   7.3866666666666646E+01   2.8333333333333339E+01   1.0000000000000000E+01
      1027         1         1        11
   7.1688888888888869E+01   2.8333333333333336E+01   1.0000000000000000E+01
      1028         1         1        11
   6.9511111111111092E+01   2.8333333333333346E+01   1.0000000000000000E+01
      1029         1         1        11
   9.7733333333333306E+01   3.0000000000000011E+01   1.0000000000000000E+01
      1030         1         1        11
   9.5466666666666654E+01   3.0000000000000000E+01   1.0000000000000000E+01
      1031         1         1        11
   9.3200000000000017E+01   3.0000000000000004E+01   1.0000000000000000E+01
      1032         1         1        11
   9.0933333333333337E+01   3.0000000000000004E+01   1.0000000000000000E+01
      1033         1         1        11
   8.8666666666666629E+01   3.0000000000000011E+01   1.0000000000000000E+01
      1034         1         1        11
   8.6399999999999991E+01   3.0000000000000014E+01   1.0000000000000000E+01
      1035         1         1        11
   8.4133333333333326E+01   3.0000000000000011E+01   1.0000000000000000E+01
      1036         1         1        11
   8.1866666666666674E+01   3.0000000000000011E+01   1.0000000000000000E+01
      1037         1         1        11
   7.9599999999999994E+01   3.0000000000000007E+01   1.0000000000000000E+01
      1038         1         1        11
   7.7333333333333314E+01   3.0000000000000000E+01   1.0000000000000000E+01
      1039         1         1        11
   7.5066666666666677E+01   3.0000000000000000E+01   1.0000000000000000E+01
      1040         1         1        11
   7.2799999999999983E+01   3.0000000000000014E+01   1.0000000000000000E+01
      1041         1         1        11
   7.0533333333333317E+01   3.0000000000000014E+01   1.0000000000000000E+01
      1042         1         1        11
   6.8266666666666666E+01   3.0000000000000007E+01   1.0000000000000000E+01
      1043         1         1        11
   9.7644444444444460E+01   3.1666666666666671E+01   1.0000000000000000E+01
      1044         1         1        11
   9.5288888888888891E+01   3.1666666666666675E+01   1.0000000000000000E+01
      1045         1         1        11
   9.2933333333333337E+01   3.1666666666666664E+01   1.0000000000000000E+01
      1046         1         1        11
   9.0577777777777783E+01   3.1666666666666671E+01   1.0000000000000000E+01
      1047         1         1        11
   8.8222222222222243E+01   3.1666666666666671E+01   1.0000000000000000E+01
      1048         1         1        11
   8.5866666666666674E+01   3.1666666666666671E+01   1.0000000000000000E+01
      1049         1         1        11
   8.3511111111111120E+01   3.1666666666666679E+01   1.0000000000000000E+01
      1050         1         1        11
   8.1155555555555566E+01   3.1666666666666671E+01   1.0000000000000000E+01
      1051         1         1        11
   7.8800000000000011E+01   3.1666666666666671E+01   1.0000000000000000E+01
      1052         1         1        11
   7.6444444444444457E+01   3.1666666666666664E+01   1.0000000000000000E+01
      1053         1         1        11
   7.4088888888888874E+01   3.1666666666666675E+01   1.0000000000000000E+01
      1054         1         1        11
   7.1733333333333320E+01   3.1666666666666675E+01   1.0000000000000000E+01
      1055         1         1        11
   6.9377777777777780E+01   3.1666666666666679E+01   1.0000000000000000E+01
      1056         1         1        11
   6.7022222222222211E+01   3.1666666666666671E+01   1.0000000000000000E+01
      1057         1         1        11
   9.7555555555555543E+01   3.3333333333333329E+01   1.0000000000000000E+01
      1058         1         1        11
   9.5111111111111114E+01   3.3333333333333350E+01   1.0000000000000000E+01
      1059         1         1        11
   9.2666666666666657E+01   3.3333333333333343E+01   1.0000000000000000E+01
      1060         1         1        11
   9.0222222222222257E+01   3.3333333333333329E+01   1.0000000000000000E+01
      1061         1         1        11
   8.7777777777777771E+01   3.3333333333333343E+01   1.0000000000000000E+01
      1062         1         1        11
   8.5333333333333329E+01   3.3333333333333343E+01   1.0000000000000000E+01
      1063         1         1        11
   8.2888888888888900E+01   3.3333333333333343E+01   1.0000000000000000E+01
      1064         1         1        11
   8.0444444444444429E+01   3.3333333333333336E+01   1.0000000000000000E+01
      1065         1         1        11
   7.8000000000000014E+01   3.3333333333333329E+01   1.0000000000000000E+01
      1066         1         1        11
   7.5555555555555543E+01   3.3333333333333336E+01   1.0000000000000000E+01
      1067         1         1        11
   7.3111111111111128E+01   3.3333333333333329E+01   1.0000000000000000E+01
      1068         1         1        11
   7.0666666666666686E+01   3.3333333333333329E+01   1.0000000000000000E+01
      1069         1         1        11
   6.8222222222222229E+01   3.3333333333333329E+01   1.0000000000000000E+01
      1070         1         1        11
   6.5777777777777786E+01   3.3333333333333329E+01   1.0000000000000000E+01
      1071         1         1        11
   9.7466666666666683E+01   3.5000000000000000E+01   1.0000000000000000E+01
      1072         1         1        11
   9.4933333333333309E+01   3.5000000000000000E+01   1.0000000000000000E+01
      1073         1         1        11
   9.2400000000000020E+01   3.4999999999999986E+01   1.0000000000000000E+01
      1074         1         1        11
   8.9866666666666674E+01   3.5000000000000000E+01   1.0000000000000000E+01
      1075         1         1        11
   8.7333333333333314E+01   3.4999999999999993E+01   1.0000000000000000E+01
      1076         1         1        11
   8.4799999999999997E+01   3.4999999999999993E+01   1.0000000000000000E+01
      1077         1         1        11
   8.2266666666666666E+01   3.5000000000000007E+01   1.0000000000000000E+01
      1078         1         1        11
   7.9733333333333320E+01   3.5000000000000000E+01   1.0000000000000000E+01
      1079         1         1        11
   7.7199999999999989E+01   3.5000000000000000E+01   1.0000000000000000E+01
      1080         1         1        11
   7.4666666666666657E+01   3.5000000000000000E+01   1.0000000000000000E+01
      1081         1         1        11
   7.2133333333333326E+01   3.5000000000000000E+01   1.0000000000000000E+01
      1082         1         1        11
   6.9600000000000009E+01   3.5000000000000000E+01   1.0000000000000000E+01
      1083         1         1        11
   6.7066666666666691E+01   3.5000000000000014E+01   1.0000000000000000E+01
      1084         1         1        11
   6.4533333333333331E+01   3.5000000000000000E+01   1.0000000000000000E+01
      1085         1         1        11
   9.7377777777777766E+01   3.6666666666666657E+01   1.0000000000000000E+01
      1086         1         1        11
   9.4755555555555574E+01   3.6666666666666679E+01   1.0000000000000000E+01
      1087         1         1        11
   9.2133333333333312E+01   3.6666666666666657E+01   1.0000000000000000E+01
      1088         1         1        11
   8.9511111111111120E+01   3.6666666666666671E+01   1.0000000000000000E+01
      1089         1         1        11
   8.6888888888888872E+01   3.6666666666666664E+01   1.0000000000000000E+01
      1090         1         1        11
   8.4266666666666680E+01   3.6666666666666671E+01   1.0000000000000000E+01
      1091         1         1        11
   8.1644444444444446E+01   3.6666666666666671E+01   1.0000000000000000E+01
      1092         1         1        11
   7.9022222222222226E+01   3.6666666666666671E+01   1.0000000000000000E+01
      1093         1         1        11
   7.6399999999999991E+01   3.6666666666666664E+01   1.0000000000000000E+01
      1094         1         1        11
   7.3777777777777757E+01   3.6666666666666664E+01   1.0000000000000000E+01
      1095         1         1        11
   7.1155555555555580E+01   3.6666666666666664E+01   1.0000000000000000E+01
      1096         1         1        11
   6.8533333333333346E+01   3.6666666666666664E+01   1.0000000000000000E+01
      1097         1         1        11
   6.5911111111111097E+01   3.6666666666666664E+01   1.0000000000000000E+01
      1098         1         1        11
   6.3288888888888884E+01   3.6666666666666657E+01   1.0000000000000000E+01
      1099         1         1        11
   9.7288888888888863E+01   3.8333333333333329E+01   1.0000000000000000E+01
      1100         1         1        11
   9.4577777777777797E+01   3.8333333333333329E+01   1.0000000000000000E+01
      1101         1         1        11
   9.1866666666666688E+01   3.8333333333333329E+01   1.0000000000000000E+01
      1102         1         1        11
   8.9155555555555537E+01   3.8333333333333336E+01   1.0000000000000000E+01
      1103         1         1        11
   8.6444444444444429E+01   3.8333333333333343E+01   1.0000000000000000E+01
      1104         1         1        11
   8.3733333333333348E+01   3.8333333333333343E+01   1.0000000000000000E+01
      1105         1         1        11
   8.1022222222222226E+01   3.8333333333333336E+01   1.0000000000000000E+01
      1106         1         1        11
   7.8311111111111131E+01   3.8333333333333336E+01   1.0000000000000000E+01
      1107         1         1        11
   7.5599999999999994E+01   3.8333333333333329E+01   1.0000000000000000E+01
      1108         1         1        11
   7.2888888888888886E+01   3.8333333333333329E+01   1.0000000000000000E+01
      1109         1         1        11
   7.0177777777777777E+01   3.8333333333333329E+01   1.0000000000000000E+01
      1110         1         1        11
   6.7466666666666683E+01   3.8333333333333343E+01   1.0000000000000000E+01
      1111         1         1        11
   6.4755555555555546E+01   3.8333333333333336E+01   1.0000000000000000E+01
      1112         1         1        11
   6.2044444444444451E+01   3.8333333333333343E+01   1.0000000000000000E+01
      1113         1         1        11
   9.7200000000000003E+01   3.9999999999999986E+01   1.0000000000000000E+01
      1114         1         1        11
   9.4399999999999949E+01   3.9999999999999986E+01   1.0000000000000000E+01
      1115         1         1        11
   9.1599999999999994E+01   3.9999999999999986E+01   1.0000000000000000E+01
      1116         1         1        11
   8.8800000000000011E+01   4.0000000000000000E+01   1.0000000000000000E+01
      1117         1         1        11
   8.6000000000000014E+01   4.0000000000000000E+01   1.0000000000000000E+01
      1118         1         1        11
   8.3200000000000003E+01   3.9999999999999993E+01   1.0000000000000000E+01
      1119         1         1        11
   8.0400000000000006E+01   4.0000000000000000E+01   1.0000000000000000E+01
      1120         1         1        11
   7.7599999999999994E+01   3.9999999999999993E+01   1.0000000000000000E+01
      1121         1         1        11
   7.4799999999999997E+01   3.9999999999999993E+01   1.0000000000000000E+01
      1122         1         1        11
   7.2000000000000000E+01   3.9999999999999993E+01   1.0000000000000000E+01
      1123         1         1        11
   6.9199999999999989E+01   4.0000000000000000E+01   1.0000000000000000E+01
      1124         1         1        11
   6.6399999999999991E+01   4.0000000000000000E+01   1.0000000000000000E+01
      1125         1         1        11
   6.3600000000000001E+01   3.9999999999999986E+01   1.0000000000000000E+01
      1126         1         1        11
   6.0799999999999997E+01   4.0000000000000000E+01   1.0000000000000000E+01
      1127         1         1        11
   9.7111111111111114E+01   4.1666666666666650E+01   1.0000000000000000E+01
      1128         1         1        11
   9.4222222222222186E+01   4.1666666666666657E+01   1.0000000000000000E+01
      1129         1         1        11
   9.1333333333333357E+01   4.1666666666666679E+01   1.0000000000000000E+01
      1130         1         1        11
   8.8444444444444429E+01   4.1666666666666657E+01   1.0000000000000000E+01
      1131         1         1        11
   8.5555555555555557E+01   4.1666666666666657E+01   1.0000000000000000E+01
      1132         1         1        11
   8.2666666666666657E+01   4.1666666666666679E+01   1.0000000000000000E+01
      1133         1         1        11
   7.9777777777777800E+01   4.1666666666666679E+01   1.0000000000000000E+01
      1134         1         1        11
   7.6888888888888886E+01   4.1666666666666679E+01   1.0000000000000000E+01
      1135         1         1        11
   7.4000000000000000E+01   4.1666666666666679E+01   1.0000000000000000E+01
      1136         1         1        11
   7.1111111111111114E+01   4.1666666666666650E+01   1.0000000000000000E+01
      1137         1         1        11
   6.8222222222222200E+01   4.1666666666666650E+01   1.0000000000000000E+01
      1138         1         1        11
   6.5333333333333329E+01   4.1666666666666650E+01   1.0000000000000000E+01
      1139         1         1        11
   6.2444444444444443E+01   4.1666666666666657E+01   1.0000000000000000E+01
      1140         1         1        11
   5.9555555555555550E+01   4.1666666666666664E+01   1.0000000000000000E+01
      1141         1         1        11
   9.7022222222222226E+01   4.3333333333333336E+01   1.0000000000000000E+01
      1142         1         1        11
   9.4044444444444451E+01   4.3333333333333314E+01   1.0000000000000000E+01
      1143         1         1        11
   9.1066666666666663E+01   4.3333333333333336E+01   1.0000000000000000E+01
      1144         1         1        11
   8.8088888888888874E+01   4.3333333333333321E+01   1.0000000000000000E+01
      1145         1         1        11
   8.5111111111111114E+01   4.3333333333333307E+01   1.0000000000000000E+01
      1146         1         1        11
   8.2133333333333354E+01   4.3333333333333329E+01   1.0000000000000000E+01
      1147         1         1        11
   7.9155555555555566E+01   4.3333333333333321E+01   1.0000000000000000E+01
      1148         1         1        11
   7.6177777777777777E+01   4.3333333333333321E+01   1.0000000000000000E+01
      1149         1         1        11
   7.3199999999999989E+01   4.3333333333333321E+01   1.0000000000000000E+01
      1150         1         1        11
   7.0222222222222229E+01   4.3333333333333321E+01   1.0000000000000000E+01
      1151         1         1        11
   6.7244444444444440E+01   4.3333333333333329E+01   1.0000000000000000E+01
      1152         1         1        11
   6.4266666666666680E+01   4.3333333333333329E+01   1.0000000000000000E+01
      1153         1         1        11
   6.1288888888888891E+01   4.3333333333333329E+01   1.0000000000000000E+01
      1154         1         1        11
   5.8311111111111103E+01   4.3333333333333343E+01   1.0000000000000000E+01
      1155         1         1        11
   9.6933333333333309E+01   4.4999999999999986E+01   1.0000000000000000E+01
      1156         1         1        11
   9.3866666666666660E+01   4.4999999999999986E+01   1.0000000000000000E+01
      1157         1         1        11
   9.0799999999999969E+01   4.4999999999999979E+01   1.0000000000000000E+01
      1158         1         1        11
   8.7733333333333348E+01   4.5000000000000000E+01   1.0000000000000000E+01
      1159         1         1        11
   8.4666666666666657E+01   4.5000000000000000E+01   1.0000000000000000E+01
      1160         1         1        11
   8.1599999999999980E+01   4.4999999999999993E+01   1.0000000000000000E+01
      1161         1         1        11
   7.8533333333333346E+01   4.4999999999999986E+01   1.0000000000000000E+01
      1162         1         1        11
   7.5466666666666669E+01   4.5000000000000007E+01   1.0000000000000000E+01
      1163         1         1        11
   7.2400000000000020E+01   4.5000000000000007E+01   1.0000000000000000E+01
      1164         1         1        11
   6.9333333333333314E+01   4.5000000000000000E+01   1.0000000000000000E+01
      1165         1         1        11
   6.6266666666666666E+01   4.5000000000000007E+01   1.0000000000000000E+01
      1166         1         1        11
   6.3200000000000010E+01   4.5000000000000000E+01   1.0000000000000000E+01
      1167         1         1        11
   6.0133333333333312E+01   4.4999999999999993E+01   1.0000000000000000E+01
      1168         1         1        11
   5.7066666666666670E+01   4.5000000000000000E+01   1.0000000000000000E+01
      1169         1         1        11
   9.6844444444444434E+01   4.6666666666666650E+01   1.0000000000000000E+01
      1170         1         1        11
   9.3688888888888840E+01   4.6666666666666657E+01   1.0000000000000000E+01
      1171         1         1        11
   9.0533333333333331E+01   4.6666666666666643E+01   1.0000000000000000E+01
      1172         1         1        11
   8.7377777777777808E+01   4.6666666666666657E+01   1.0000000000000000E+01
      1173         1         1        11
   8.4222222222222200E+01   4.6666666666666657E+01   1.0000000000000000E+01
      1174         1         1        11
   8.1066666666666677E+01   4.6666666666666657E+01   1.0000000000000000E+01
      1175         1         1        11
   7.7911111111111126E+01   4.6666666666666650E+01   1.0000000000000000E+01
      1176         1         1        11
   7.4755555555555532E+01   4.6666666666666650E+01   1.0000000000000000E+01
      1177         1         1        11
   7.1599999999999980E+01   4.6666666666666657E+01   1.0000000000000000E+01
      1178         1         1        11
   6.8444444444444429E+01   4.6666666666666664E+01   1.0000000000000000E+01
      1179         1         1        11
   6.5288888888888891E+01   4.6666666666666664E+01   1.0000000000000000E+01
      1180         1         1        11
   6.2133333333333326E+01   4.6666666666666657E+01   1.0000000000000000E+01
      1181         1         1        11
   5.8977777777777781E+01   4.6666666666666664E+01   1.0000000000000000E+01
      1182         1         1        11
   5.5822222222222209E+01   4.6666666666666657E+01   1.0000000000000000E+01
      1183         1         1        11
   9.6755555555555546E+01   4.8333333333333314E+01   1.0000000000000000E+01
      1184         1         1        11
   9.3511111111111106E+01   4.8333333333333336E+01   1.0000000000000000E+01
      1185         1         1        11
   9.0266666666666666E+01   4.8333333333333321E+01   1.0000000000000000E+01
      1186         1         1        11
   8.7022222222222211E+01   4.8333333333333329E+01   1.0000000000000000E+01
      1187         1         1        11
   8.3777777777777800E+01   4.8333333333333336E+01   1.0000000000000000E+01
      1188         1         1        11
   8.0533333333333331E+01   4.8333333333333314E+01   1.0000000000000000E+01
      1189         1         1        11
   7.7288888888888906E+01   4.8333333333333314E+01   1.0000000000000000E+01
      1190         1         1        11
   7.4044444444444437E+01   4.8333333333333321E+01   1.0000000000000000E+01
      1191         1         1        11
   7.0800000000000011E+01   4.8333333333333307E+01   1.0000000000000000E+01
      1192         1         1        11
   6.7555555555555557E+01   4.8333333333333329E+01   1.0000000000000000E+01
      1193         1         1        11
   6.4311111111111131E+01   4.8333333333333329E+01   1.0000000000000000E+01
      1194         1         1        11
   6.1066666666666663E+01   4.8333333333333343E+01   1.0000000000000000E+01
      1195         1         1        11
   5.7822222222222223E+01   4.8333333333333336E+01   1.0000000000000000E+01
      1196         1         1        11
   5.4577777777777769E+01   4.8333333333333336E+01   1.0000000000000000E+01
      1197         1         1        11
   9.6755555555555532E+01   1.6666666666666692E+00   0.0000000000000000E+00
      1198         1         1        11
   9.6844444444444392E+01   3.3333333333333353E+00   0.0000000000000000E+00
      1199         1         1        11
   9.6933333333333337E+01   5.0000000000000027E+00   0.0000000000000000E+00
      1200         1         1        11
   9.7022222222222211E+01   6.6666666666666687E+00   0.0000000000000000E+00
      1201         1         1        11
   9.7111111111111086E+01   8.3333333333333339E+00   0.0000000000000000E+00
      1202         1         1        11
   9.7199999999999960E+01   9.9999999999999982E+00   0.0000000000000000E+00
      1203         1         1        11
   9.7288888888888863E+01   1.1666666666666671E+01   0.0000000000000000E+00
      1204         1         1        11
   9.7377777777777766E+01   1.3333333333333336E+01   0.0000000000000000E+00
      1205         1         1        11
   9.7466666666666640E+01   1.5000000000000000E+01   0.0000000000000000E+00
      1206         1         1        11
   9.7555555555555543E+01   1.6666666666666664E+01   0.0000000000000000E+00
      1207         1         1        11
   9.7644444444444431E+01   1.8333333333333336E+01   0.0000000000000000E+00
      1208         1         1        11
   9.7733333333333320E+01   2.0000000000000000E+01   0.0000000000000000E+00
      1209         1         1        11
   9.7822222222222223E+01   2.1666666666666668E+01   0.0000000000000000E+00
      1210         1         1        11
   9.7911111111111111E+01   2.3333333333333336E+01   0.0000000000000000E+00
      1211         1         1        11
   9.3511111111111092E+01   1.6666666666666721E+00   0.0000000000000000E+00
      1212         1         1        11
   9.3688888888888840E+01   3.3333333333333388E+00   0.0000000000000000E+00
      1213         1         1        11
   9.3866666666666646E+01   5.0000000000000027E+00   0.0000000000000000E+00
      1214         1         1        11
   9.4044444444444437E+01   6.6666666666666714E+00   0.0000000000000000E+00
      1215         1         1        11
   9.4222222222222186E+01   8.3333333333333357E+00   0.0000000000000000E+00
      1216         1         1        11
   9.4399999999999977E+01   1.0000000000000000E+01   0.0000000000000000E+00
      1217         1         1        11
   9.4577777777777783E+01   1.1666666666666671E+01   0.0000000000000000E+00
      1218         1         1        11
   9.4755555555555574E+01   1.3333333333333336E+01   0.0000000000000000E+00
      1219         1         1        11
   9.4933333333333337E+01   1.5000000000000002E+01   0.0000000000000000E+00
      1220         1         1        11
   9.5111111111111100E+01   1.6666666666666664E+01   0.0000000000000000E+00
      1221         1         1        11
   9.5288888888888891E+01   1.8333333333333336E+01   0.0000000000000000E+00
      1222         1         1        11
   9.5466666666666669E+01   2.0000000000000000E+01   0.0000000000000000E+00
      1223         1         1        11
   9.5644444444444460E+01   2.1666666666666679E+01   0.0000000000000000E+00
      1224         1         1        11
   9.5822222222222237E+01   2.3333333333333336E+01   0.0000000000000000E+00
      1225         1         1        11
   9.0266666666666652E+01   1.6666666666666750E+00   0.0000000000000000E+00
      1226         1         1        11
   9.0533333333333303E+01   3.3333333333333401E+00   0.0000000000000000E+00
      1227         1         1        11
   9.0799999999999969E+01   5.0000000000000071E+00   0.0000000000000000E+00
      1228         1         1        11
   9.1066666666666606E+01   6.6666666666666750E+00   0.0000000000000000E+00
      1229         1         1        11
   9.1333333333333314E+01   8.3333333333333375E+00   0.0000000000000000E+00
      1230         1         1        11
   9.1599999999999952E+01   1.0000000000000004E+01   0.0000000000000000E+00
      1231         1         1        11
   9.1866666666666646E+01   1.1666666666666668E+01   0.0000000000000000E+00
      1232         1         1        11
   9.2133333333333326E+01   1.3333333333333339E+01   0.0000000000000000E+00
      1233         1         1        11
   9.2400000000000020E+01   1.5000000000000004E+01   0.0000000000000000E+00
      1234         1         1        11
   9.2666666666666657E+01   1.6666666666666664E+01   0.0000000000000000E+00
      1235         1         1        11
   9.2933333333333337E+01   1.8333333333333336E+01   0.0000000000000000E+00
      1236         1         1        11
   9.3199999999999989E+01   2.0000000000000000E+01   0.0000000000000000E+00
      1237         1         1        11
   9.3466666666666669E+01   2.1666666666666668E+01   0.0000000000000000E+00
      1238         1         1        11
   9.3733333333333334E+01   2.3333333333333336E+01   0.0000000000000000E+00
      1239         1         1        11
   8.7022222222222211E+01   1.6666666666666772E+00   0.0000000000000000E+00
      1240         1         1        11
   8.7377777777777766E+01   3.3333333333333428E+00   0.0000000000000000E+00
      1241         1         1        11
   8.7733333333333320E+01   5.0000000000000089E+00   0.0000000000000000E+00
      1242         1         1        11
   8.8088888888888874E+01   6.6666666666666750E+00   0.0000000000000000E+00
      1243         1         1        11
   8.8444444444444429E+01   8.3333333333333393E+00   0.0000000000000000E+00
      1244         1         1        11
   8.8799999999999983E+01   1.0000000000000007E+01   0.0000000000000000E+00
      1245         1         1        11
   8.9155555555555537E+01   1.1666666666666670E+01   0.0000000000000000E+00
      1246         1         1        11
   8.9511111111111106E+01   1.3333333333333337E+01   0.0000000000000000E+00
      1247         1         1        11
   8.9866666666666660E+01   1.5000000000000004E+01   0.0000000000000000E+00
      1248         1         1        11
   9.0222222222222214E+01   1.6666666666666664E+01   0.0000000000000000E+00
      1249         1         1        11
   9.0577777777777811E+01   1.8333333333333336E+01   0.0000000000000000E+00
      1250         1         1        11
   9.0933333333333351E+01   2.0000000000000000E+01   0.0000000000000000E+00
      1251         1         1        11
   9.1288888888888891E+01   2.1666666666666675E+01   0.0000000000000000E+00
      1252         1         1        11
   9.1644444444444446E+01   2.3333333333333332E+01   0.0000000000000000E+00
      1253         1         1        11
   8.3777777777777771E+01   1.6666666666666803E+00   0.0000000000000000E+00
      1254         1         1        11
   8.4222222222222229E+01   3.3333333333333446E+00   0.0000000000000000E+00
      1255         1         1        11
   8.4666666666666671E+01   5.0000000000000115E+00   0.0000000000000000E+00
      1256         1         1        11
   8.5111111111111100E+01   6.6666666666666767E+00   0.0000000000000000E+00
      1257         1         1        11
   8.5555555555555543E+01   8.3333333333333428E+00   0.0000000000000000E+00
      1258         1         1        11
   8.6000000000000000E+01   1.0000000000000007E+01   0.0000000000000000E+00
      1259         1         1        11
   8.6444444444444429E+01   1.1666666666666673E+01   0.0000000000000000E+00
      1260         1         1        11
   8.6888888888888886E+01   1.3333333333333339E+01   0.0000000000000000E+00
      1261         1         1        11
   8.7333333333333357E+01   1.5000000000000004E+01   0.0000000000000000E+00
      1262         1         1        11
   8.7777777777777771E+01   1.6666666666666664E+01   0.0000000000000000E+00
      1263         1         1        11
   8.8222222222222229E+01   1.8333333333333339E+01   0.0000000000000000E+00
      1264         1         1        11
   8.8666666666666643E+01   2.0000000000000000E+01   0.0000000000000000E+00
      1265         1         1        11
   8.9111111111111128E+01   2.1666666666666671E+01   0.0000000000000000E+00
      1266         1         1        11
   8.9555555555555557E+01   2.3333333333333336E+01   0.0000000000000000E+00
      1267         1         1        11
   8.0533333333333331E+01   1.6666666666666829E+00   0.0000000000000000E+00
      1268         1         1        11
   8.1066666666666677E+01   3.3333333333333472E+00   0.0000000000000000E+00
      1269         1         1        11
   8.1600000000000009E+01   5.0000000000000124E+00   0.0000000000000000E+00
      1270         1         1        11
   8.2133333333333340E+01   6.6666666666666785E+00   0.0000000000000000E+00
      1271         1         1        11
   8.2666666666666657E+01   8.3333333333333428E+00   0.0000000000000000E+00
      1272         1         1        11
   8.3200000000000003E+01   1.0000000000000007E+01   0.0000000000000000E+00
      1273         1         1        11
   8.3733333333333334E+01   1.1666666666666677E+01   0.0000000000000000E+00
      1274         1         1        11
   8.4266666666666637E+01   1.3333333333333337E+01   0.0000000000000000E+00
      1275         1         1        11
   8.4799999999999997E+01   1.5000000000000004E+01   0.0000000000000000E+00
      1276         1         1        11
   8.5333333333333343E+01   1.6666666666666671E+01   0.0000000000000000E+00
      1277         1         1        11
   8.5866666666666660E+01   1.8333333333333339E+01   0.0000000000000000E+00
      1278         1         1        11
   8.6400000000000020E+01   2.0000000000000000E+01   0.0000000000000000E+00
      1279         1         1        11
   8.6933333333333337E+01   2.1666666666666671E+01   0.0000000000000000E+00
      1280         1         1        11
   8.7466666666666669E+01   2.3333333333333336E+01   0.0000000000000000E+00
      1281         1         1        11
   7.7288888888888877E+01   1.6666666666666856E+00   0.0000000000000000E+00
      1282         1         1        11
   7.7911111111111111E+01   3.3333333333333499E+00   0.0000000000000000E+00
      1283         1         1        11
   7.8533333333333331E+01   5.0000000000000142E+00   0.0000000000000000E+00
      1284         1         1        11
   7.9155555555555537E+01   6.6666666666666821E+00   0.0000000000000000E+00
      1285         1         1        11
   7.9777777777777771E+01   8.3333333333333428E+00   0.0000000000000000E+00
      1286         1         1        11
   8.0399999999999991E+01   1.0000000000000011E+01   0.0000000000000000E+00
      1287         1         1        11
   8.1022222222222240E+01   1.1666666666666679E+01   0.0000000000000000E+00
      1288         1         1        11
   8.1644444444444431E+01   1.3333333333333339E+01   0.0000000000000000E+00
      1289         1         1        11
   8.2266666666666680E+01   1.5000000000000005E+01   0.0000000000000000E+00
      1290         1         1        11
   8.2888888888888900E+01   1.6666666666666671E+01   0.0000000000000000E+00
      1291         1         1        11
   8.3511111111111106E+01   1.8333333333333339E+01   0.0000000000000000E+00
      1292         1         1        11
   8.4133333333333326E+01   2.0000000000000000E+01   0.0000000000000000E+00
      1293         1         1        11
   8.4755555555555560E+01   2.1666666666666668E+01   0.0000000000000000E+00
      1294         1         1        11
   8.5377777777777794E+01   2.3333333333333336E+01   0.0000000000000000E+00
      1295         1         1        11
   7.4044444444444466E+01   1.6666666666666883E+00   0.0000000000000000E+00
      1296         1         1        11
   7.4755555555555560E+01   3.3333333333333517E+00   0.0000000000000000E+00
      1297         1         1        11
   7.5466666666666669E+01   5.0000000000000178E+00   0.0000000000000000E+00
      1298         1         1        11
   7.6177777777777791E+01   6.6666666666666838E+00   0.0000000000000000E+00
      1299         1         1        11
   7.6888888888888900E+01   8.3333333333333464E+00   0.0000000000000000E+00
      1300         1         1        11
   7.7599999999999994E+01   1.0000000000000012E+01   0.0000000000000000E+00
      1301         1         1        11
   7.8311111111111103E+01   1.1666666666666675E+01   0.0000000000000000E+00
      1302         1         1        11
   7.9022222222222226E+01   1.3333333333333343E+01   0.0000000000000000E+00
      1303         1         1        11
   7.9733333333333334E+01   1.5000000000000007E+01   0.0000000000000000E+00
      1304         1         1        11
   8.0444444444444443E+01   1.6666666666666671E+01   0.0000000000000000E+00
      1305         1         1        11
   8.1155555555555537E+01   1.8333333333333336E+01   0.0000000000000000E+00
      1306         1         1        11
   8.1866666666666660E+01   2.0000000000000007E+01   0.0000000000000000E+00
      1307         1         1        11
   8.2577777777777783E+01   2.1666666666666675E+01   0.0000000000000000E+00
      1308         1         1        11
   8.3288888888888891E+01   2.3333333333333336E+01   0.0000000000000000E+00
      1309         1         1        11
   7.0800000000000026E+01   1.6666666666666905E+00   0.0000000000000000E+00
      1310         1         1        11
   7.1600000000000009E+01   3.3333333333333548E+00   0.0000000000000000E+00
      1311         1         1        11
   7.2400000000000006E+01   5.0000000000000195E+00   0.0000000000000000E+00
      1312         1         1        11
   7.3200000000000017E+01   6.6666666666666838E+00   0.0000000000000000E+00
      1313         1         1        11
   7.4000000000000000E+01   8.3333333333333499E+00   0.0000000000000000E+00
      1314         1         1        11
   7.4799999999999997E+01   1.0000000000000012E+01   0.0000000000000000E+00
      1315         1         1        11
   7.5599999999999980E+01   1.1666666666666677E+01   0.0000000000000000E+00
      1316         1         1        11
   7.6400000000000006E+01   1.3333333333333341E+01   0.0000000000000000E+00
      1317         1         1        11
   7.7200000000000003E+01   1.5000000000000007E+01   0.0000000000000000E+00
      1318         1         1        11
   7.8000000000000000E+01   1.6666666666666668E+01   0.0000000000000000E+00
      1319         1         1        11
   7.8800000000000026E+01   1.8333333333333343E+01   0.0000000000000000E+00
      1320         1         1        11
   7.9599999999999994E+01   2.0000000000000000E+01   0.0000000000000000E+00
      1321         1         1        11
   8.0400000000000006E+01   2.1666666666666675E+01   0.0000000000000000E+00
      1322         1         1        11
   8.1200000000000017E+01   2.3333333333333339E+01   0.0000000000000000E+00
      1323         1         1        11
   6.7555555555555600E+01   1.6666666666666934E+00   0.0000000000000000E+00
      1324         1         1        11
   6.8444444444444485E+01   3.3333333333333566E+00   0.0000000000000000E+00
      1325         1         1        11
   6.9333333333333371E+01   5.0000000000000231E+00   0.0000000000000000E+00
      1326         1         1        11
   7.0222222222222229E+01   6.6666666666666856E+00   0.0000000000000000E+00
      1327         1         1        11
   7.1111111111111114E+01   8.3333333333333499E+00   0.0000000000000000E+00
      1328         1         1        11
   7.2000000000000000E+01   1.0000000000000016E+01   0.0000000000000000E+00
      1329         1         1        11
   7.2888888888888914E+01   1.1666666666666675E+01   0.0000000000000000E+00
      1330         1         1        11
   7.3777777777777800E+01   1.3333333333333346E+01   0.0000000000000000E+00
      1331         1         1        11
   7.4666666666666671E+01   1.5000000000000007E+01   0.0000000000000000E+00
      1332         1         1        11
   7.5555555555555557E+01   1.6666666666666668E+01   0.0000000000000000E+00
      1333         1         1        11
   7.6444444444444429E+01   1.8333333333333343E+01   0.0000000000000000E+00
      1334         1         1        11
   7.7333333333333357E+01   2.0000000000000004E+01   0.0000000000000000E+00
      1335         1         1        11
   7.8222222222222229E+01   2.1666666666666671E+01   0.0000000000000000E+00
      1336         1         1        11
   7.9111111111111114E+01   2.3333333333333329E+01   0.0000000000000000E+00
      1337         1         1        11
   6.4311111111111131E+01   1.6666666666666961E+00   0.0000000000000000E+00
      1338         1         1        11
   6.5288888888888906E+01   3.3333333333333588E+00   0.0000000000000000E+00
      1339         1         1        11
   6.6266666666666723E+01   5.0000000000000231E+00   0.0000000000000000E+00
      1340         1         1        11
   6.7244444444444454E+01   6.6666666666666892E+00   0.0000000000000000E+00
      1341         1         1        11
   6.8222222222222229E+01   8.3333333333333499E+00   0.0000000000000000E+00
      1342         1         1        11
   6.9200000000000003E+01   1.0000000000000016E+01   0.0000000000000000E+00
      1343         1         1        11
   7.0177777777777791E+01   1.1666666666666680E+01   0.0000000000000000E+00
      1344         1         1        11
   7.1155555555555566E+01   1.3333333333333346E+01   0.0000000000000000E+00
      1345         1         1        11
   7.2133333333333340E+01   1.5000000000000007E+01   0.0000000000000000E+00
      1346         1         1        11
   7.3111111111111114E+01   1.6666666666666671E+01   0.0000000000000000E+00
      1347         1         1        11
   7.4088888888888917E+01   1.8333333333333336E+01   0.0000000000000000E+00
      1348         1         1        11
   7.5066666666666663E+01   2.0000000000000007E+01   0.0000000000000000E+00
      1349         1         1        11
   7.6044444444444451E+01   2.1666666666666668E+01   0.0000000000000000E+00
      1350         1         1        11
   7.7022222222222197E+01   2.3333333333333329E+01   0.0000000000000000E+00
      1351         1         1        11
   6.1066666666666691E+01   1.6666666666666985E+00   0.0000000000000000E+00
      1352         1         1        11
   6.2133333333333354E+01   3.3333333333333601E+00   0.0000000000000000E+00
      1353         1         1        11
   6.3200000000000017E+01   5.0000000000000266E+00   0.0000000000000000E+00
      1354         1         1        11
   6.4266666666666680E+01   6.6666666666666892E+00   0.0000000000000000E+00
      1355         1         1        11
   6.5333333333333343E+01   8.3333333333333517E+00   0.0000000000000000E+00
      1356         1         1        11
   6.6400000000000006E+01   1.0000000000000014E+01   0.0000000000000000E+00
      1357         1         1        11
   6.7466666666666669E+01   1.1666666666666684E+01   0.0000000000000000E+00
      1358         1         1        11
   6.8533333333333360E+01   1.3333333333333345E+01   0.0000000000000000E+00
      1359         1         1        11
   6.9600000000000023E+01   1.5000000000000011E+01   0.0000000000000000E+00
      1360         1         1        11
   7.0666666666666671E+01   1.6666666666666675E+01   0.0000000000000000E+00
      1361         1         1        11
   7.1733333333333334E+01   1.8333333333333336E+01   0.0000000000000000E+00
      1362         1         1        11
   7.2799999999999983E+01   2.0000000000000007E+01   0.0000000000000000E+00
      1363         1         1        11
   7.3866666666666688E+01   2.1666666666666675E+01   0.0000000000000000E+00
      1364         1         1        11
   7.4933333333333351E+01   2.3333333333333332E+01   0.0000000000000000E+00
      1365         1         1        11
   5.7822222222222251E+01   1.6666666666667016E+00   0.0000000000000000E+00
      1366         1         1        11
   5.8977777777777810E+01   3.3333333333333632E+00   0.0000000000000000E+00
      1367         1         1        11
   6.0133333333333361E+01   5.0000000000000302E+00   0.0000000000000000E+00
      1368         1         1        11
   6.1288888888888920E+01   6.6666666666666909E+00   0.0000000000000000E+00
      1369         1         1        11
   6.2444444444444464E+01   8.3333333333333535E+00   0.0000000000000000E+00
      1370         1         1        11
   6.3600000000000023E+01   1.0000000000000020E+01   0.0000000000000000E+00
      1371         1         1        11
   6.4755555555555560E+01   1.1666666666666682E+01   0.0000000000000000E+00
      1372         1         1        11
   6.5911111111111140E+01   1.3333333333333348E+01   0.0000000000000000E+00
      1373         1         1        11
   6.7066666666666691E+01   1.5000000000000014E+01   0.0000000000000000E+00
      1374         1         1        11
   6.8222222222222229E+01   1.6666666666666675E+01   0.0000000000000000E+00
      1375         1         1        11
   6.9377777777777808E+01   1.8333333333333343E+01   0.0000000000000000E+00
      1376         1         1        11
   7.0533333333333374E+01   2.0000000000000011E+01   0.0000000000000000E+00
      1377         1         1        11
   7.1688888888888926E+01   2.1666666666666668E+01   0.0000000000000000E+00
      1378         1         1        11
   7.2844444444444463E+01   2.3333333333333339E+01   0.0000000000000000E+00
      1379         1         1        11
   5.4577777777777804E+01   1.6666666666667040E+00   0.0000000000000000E+00
      1380         1         1        11
   5.5822222222222251E+01   3.3333333333333650E+00   0.0000000000000000E+00
      1381         1         1        11
   5.7066666666666684E+01   5.0000000000000320E+00   0.0000000000000000E+00
      1382         1         1        11
   5.8311111111111138E+01   6.6666666666666936E+00   0.0000000000000000E+00
      1383         1         1        11
   5.9555555555555578E+01   8.3333333333333552E+00   0.0000000000000000E+00
      1384         1         1        11
   6.0800000000000004E+01   1.0000000000000020E+01   0.0000000000000000E+00
      1385         1         1        11
   6.2044444444444466E+01   1.1666666666666684E+01   0.0000000000000000E+00
      1386         1         1        11
   6.3288888888888906E+01   1.3333333333333348E+01   0.0000000000000000E+00
      1387         1         1        11
   6.4533333333333331E+01   1.5000000000000016E+01   0.0000000000000000E+00
      1388         1         1        11
   6.5777777777777786E+01   1.6666666666666671E+01   0.0000000000000000E+00
      1389         1         1        11
   6.7022222222222226E+01   1.8333333333333343E+01   0.0000000000000000E+00
      1390         1         1        11
   6.8266666666666666E+01   2.0000000000000011E+01   0.0000000000000000E+00
      1391         1         1        11
   6.9511111111111106E+01   2.1666666666666679E+01   0.0000000000000000E+00
      1392         1         1        11
   7.0755555555555546E+01   2.3333333333333339E+01   0.0000000000000000E+00
      1393         1         1        11
   5.4577777777777797E+01   1.6666666666667043E+00   1.0000000000000000E+01
      1394         1         1        11
   5.5822222222222251E+01   3.3333333333333659E+00   1.0000000000000000E+01
      1395         1         1        11
   5.7066666666666706E+01   5.0000000000000293E+00   1.0000000000000000E+01
      1396         1         1        11
   5.8311111111111138E+01   6.6666666666666954E+00   1.0000000000000000E+01
      1397         1         1        11
   5.9555555555555586E+01   8.3333333333333570E+00   1.0000000000000000E+01
      1398         1         1        11
   6.0800000000000018E+01   1.0000000000000018E+01   1.0000000000000000E+01
      1399         1         1        11
   6.2044444444444451E+01   1.1666666666666682E+01   1.0000000000000000E+01
      1400         1         1        11
   6.3288888888888891E+01   1.3333333333333348E+01   1.0000000000000000E+01
      1401         1         1        11
   6.4533333333333360E+01   1.5000000000000016E+01   1.0000000000000000E+01
      1402         1         1        11
   6.5777777777777786E+01   1.6666666666666671E+01   1.0000000000000000E+01
      1403         1         1        11
   6.7022222222222226E+01   1.8333333333333343E+01   1.0000000000000000E+01
      1404         1         1        11
   6.8266666666666666E+01   2.0000000000000011E+01   1.0000000000000000E+01
      1405         1         1        11
   6.9511111111111134E+01   2.1666666666666679E+01   1.0000000000000000E+01
      1406         1         1        11
   7.0755555555555560E+01   2.3333333333333336E+01   1.0000000000000000E+01
      1407         1         1        11
   5.7822222222222237E+01   1.6666666666667016E+00   1.0000000000000000E+01
      1408         1         1        11
   5.8977777777777824E+01   3.3333333333333632E+00   1.0000000000000000E+01
      1409         1         1        11
   6.0133333333333361E+01   5.0000000000000284E+00   1.0000000000000000E+01
      1410         1         1        11
   6.1288888888888920E+01   6.6666666666666909E+00   1.0000000000000000E+01
      1411         1         1        11
   6.2444444444444464E+01   8.3333333333333570E+00   1.0000000000000000E+01
      1412         1         1        11
   6.3600000000000023E+01   1.0000000000000020E+01   1.0000000000000000E+01
      1413         1         1        11
   6.4755555555555560E+01   1.1666666666666679E+01   1.0000000000000000E+01
      1414         1         1        11
   6.5911111111111126E+01   1.3333333333333346E+01   1.0000000000000000E+01
      1415         1         1        11
   6.7066666666666691E+01   1.5000000000000014E+01   1.0000000000000000E+01
      1416         1         1        11
   6.8222222222222229E+01   1.6666666666666671E+01   1.0000000000000000E+01
      1417         1         1        11
   6.9377777777777780E+01   1.8333333333333343E+01   1.0000000000000000E+01
      1418         1         1        11
   7.0533333333333331E+01   2.0000000000000007E+01   1.0000000000000000E+01
      1419         1         1        11
   7.1688888888888897E+01   2.1666666666666675E+01   1.0000000000000000E+01
      1420         1         1        11
   7.2844444444444463E+01   2.3333333333333339E+01   1.0000000000000000E+01
      1421         1         1        11
   6.1066666666666706E+01   1.6666666666666987E+00   1.0000000000000000E+01
      1422         1         1        11
   6.2133333333333375E+01   3.3333333333333606E+00   1.0000000000000000E+01
      1423         1         1        11
   6.3200000000000024E+01   5.0000000000000266E+00   1.0000000000000000E+01
      1424         1         1        11
   6.4266666666666680E+01   6.6666666666666909E+00   1.0000000000000000E+01
      1425         1         1        11
   6.5333333333333343E+01   8.3333333333333517E+00   1.0000000000000000E+01
      1426         1         1        11
   6.6400000000000006E+01   1.0000000000000018E+01   1.0000000000000000E+01
      1427         1         1        11
   6.7466666666666697E+01   1.1666666666666680E+01   1.0000000000000000E+01
      1428         1         1        11
   6.8533333333333360E+01   1.3333333333333345E+01   1.0000000000000000E+01
      1429         1         1        11
   6.9600000000000051E+01   1.5000000000000011E+01   1.0000000000000000E+01
      1430         1         1        11
   7.0666666666666657E+01   1.6666666666666675E+01   1.0000000000000000E+01
      1431         1         1        11
   7.1733333333333334E+01   1.8333333333333346E+01   1.0000000000000000E+01
      1432         1         1        11
   7.2800000000000026E+01   2.0000000000000000E+01   1.0000000000000000E+01
      1433         1         1        11
   7.3866666666666688E+01   2.1666666666666679E+01   1.0000000000000000E+01
      1434         1         1        11
   7.4933333333333337E+01   2.3333333333333336E+01   1.0000000000000000E+01
      1435         1         1        11
   6.4311111111111146E+01   1.6666666666666965E+00   1.0000000000000000E+01
      1436         1         1        11
   6.5288888888888934E+01   3.3333333333333588E+00   1.0000000000000000E+01
      1437         1         1        11
   6.6266666666666680E+01   5.0000000000000231E+00   1.0000000000000000E+01
      1438         1         1        11
   6.7244444444444454E+01   6.6666666666666909E+00   1.0000000000000000E+01
      1439         1         1        11
   6.8222222222222229E+01   8.3333333333333499E+00   1.0000000000000000E+01
      1440         1         1        11
   6.9200000000000031E+01   1.0000000000000016E+01   1.0000000000000000E+01
      1441         1         1        11
   7.0177777777777806E+01   1.1666666666666677E+01   1.0000000000000000E+01
      1442         1         1        11
   7.1155555555555566E+01   1.3333333333333346E+01   1.0000000000000000E+01
      1443         1         1        11
   7.2133333333333340E+01   1.5000000000000007E+01   1.0000000000000000E+01
      1444         1         1        11
   7.3111111111111114E+01   1.6666666666666671E+01   1.0000000000000000E+01
      1445         1         1        11
   7.4088888888888889E+01   1.8333333333333336E+01   1.0000000000000000E+01
      1446         1         1        11
   7.5066666666666663E+01   2.0000000000000007E+01   1.0000000000000000E+01
      1447         1         1        11
   7.6044444444444451E+01   2.1666666666666671E+01   1.0000000000000000E+01
      1448         1         1        11
   7.7022222222222226E+01   2.3333333333333336E+01   1.0000000000000000E+01
      1449         1         1        11
   6.7555555555555571E+01   1.6666666666666936E+00   1.0000000000000000E+01
      1450         1         1        11
   6.8444444444444457E+01   3.3333333333333561E+00   1.0000000000000000E+01
      1451         1         1        11
   6.9333333333333343E+01   5.0000000000000213E+00   1.0000000000000000E+01
      1452         1         1        11
   7.0222222222222229E+01   6.6666666666666874E+00   1.0000000000000000E+01
      1453         1         1        11
   7.1111111111111114E+01   8.3333333333333499E+00   1.0000000000000000E+01
      1454         1         1        11
   7.1999999999999986E+01   1.0000000000000011E+01   1.0000000000000000E+01
      1455         1         1        11
   7.2888888888888914E+01   1.1666666666666675E+01   1.0000000000000000E+01
      1456         1         1        11
   7.3777777777777800E+01   1.3333333333333346E+01   1.0000000000000000E+01
      1457         1         1        11
   7.4666666666666671E+01   1.5000000000000007E+01   1.0000000000000000E+01
      1458         1         1        11
   7.5555555555555557E+01   1.6666666666666675E+01   1.0000000000000000E+01
      1459         1         1        11
   7.6444444444444457E+01   1.8333333333333336E+01   1.0000000000000000E+01
      1460         1         1        11
   7.7333333333333314E+01   2.0000000000000000E+01   1.0000000000000000E+01
      1461         1         1        11
   7.8222222222222229E+01   2.1666666666666675E+01   1.0000000000000000E+01
      1462         1         1        11
   7.9111111111111114E+01   2.3333333333333336E+01   1.0000000000000000E+01
      1463         1         1        11
   7.0800000000000026E+01   1.6666666666666905E+00   1.0000000000000000E+01
      1464         1         1        11
   7.1600000000000009E+01   3.3333333333333539E+00   1.0000000000000000E+01
      1465         1         1        11
   7.2400000000000006E+01   5.0000000000000195E+00   1.0000000000000000E+01
      1466         1         1        11
   7.3200000000000003E+01   6.6666666666666838E+00   1.0000000000000000E+01
      1467         1         1        11
   7.4000000000000000E+01   8.3333333333333499E+00   1.0000000000000000E+01
      1468         1         1        11
   7.4800000000000011E+01   1.0000000000000012E+01   1.0000000000000000E+01
      1469         1         1        11
   7.5600000000000023E+01   1.1666666666666677E+01   1.0000000000000000E+01
      1470         1         1        11
   7.6400000000000006E+01   1.3333333333333345E+01   1.0000000000000000E+01
      1471         1         1        11
   7.7200000000000003E+01   1.5000000000000007E+01   1.0000000000000000E+01
      1472         1         1        11
   7.8000000000000000E+01   1.6666666666666668E+01   1.0000000000000000E+01
      1473         1         1        11
   7.8800000000000026E+01   1.8333333333333336E+01   1.0000000000000000E+01
      1474         1         1        11
   7.9599999999999994E+01   2.0000000000000000E+01   1.0000000000000000E+01
      1475         1         1        11
   8.0400000000000006E+01   2.1666666666666668E+01   1.0000000000000000E+01
      1476         1         1        11
   8.1199999999999989E+01   2.3333333333333332E+01   1.0000000000000000E+01
      1477         1         1        11
   7.4044444444444466E+01   1.6666666666666883E+00   1.0000000000000000E+01
      1478         1         1        11
   7.4755555555555560E+01   3.3333333333333517E+00   1.0000000000000000E+01
      1479         1         1        11
   7.5466666666666669E+01   5.0000000000000178E+00   1.0000000000000000E+01
      1480         1         1        11
   7.6177777777777791E+01   6.6666666666666838E+00   1.0000000000000000E+01
      1481         1         1        11
   7.6888888888888886E+01   8.3333333333333464E+00   1.0000000000000000E+01
      1482         1         1        11
   7.7600000000000023E+01   1.0000000000000012E+01   1.0000000000000000E+01
      1483         1         1        11
   7.8311111111111131E+01   1.1666666666666675E+01   1.0000000000000000E+01
      1484         1         1        11
   7.9022222222222226E+01   1.3333333333333345E+01   1.0000000000000000E+01
      1485         1         1        11
   7.9733333333333363E+01   1.5000000000000007E+01   1.0000000000000000E+01
      1486         1         1        11
   8.0444444444444457E+01   1.6666666666666668E+01   1.0000000000000000E+01
      1487         1         1        11
   8.1155555555555566E+01   1.8333333333333336E+01   1.0000000000000000E+01
      1488         1         1        11
   8.1866666666666688E+01   2.0000000000000007E+01   1.0000000000000000E+01
      1489         1         1        11
   8.2577777777777783E+01   2.1666666666666668E+01   1.0000000000000000E+01
      1490         1         1        11
   8.3288888888888891E+01   2.3333333333333336E+01   1.0000000000000000E+01
      1491         1         1        11
   7.7288888888888877E+01   1.6666666666666858E+00   1.0000000000000000E+01
      1492         1         1        11
   7.7911111111111083E+01   3.3333333333333490E+00   1.0000000000000000E+01
      1493         1         1        11
   7.8533333333333346E+01   5.0000000000000151E+00   1.0000000000000000E+01
      1494         1         1        11
   7.9155555555555537E+01   6.6666666666666803E+00   1.0000000000000000E+01
      1495         1         1        11
   7.9777777777777757E+01   8.3333333333333428E+00   1.0000000000000000E+01
      1496         1         1        11
   8.0400000000000020E+01   1.0000000000000011E+01   1.0000000000000000E+01
      1497         1         1        11
   8.1022222222222240E+01   1.1666666666666675E+01   1.0000000000000000E+01
      1498         1         1        11
   8.1644444444444446E+01   1.3333333333333339E+01   1.0000000000000000E+01
      1499         1         1        11
   8.2266666666666666E+01   1.5000000000000004E+01   1.0000000000000000E+01
      1500         1         1        11
   8.2888888888888886E+01   1.6666666666666671E+01   1.0000000000000000E+01
      1501         1         1        11
   8.3511111111111106E+01   1.8333333333333339E+01   1.0000000000000000E+01
      1502         1         1        11
   8.4133333333333326E+01   2.0000000000000000E+01   1.0000000000000000E+01
      1503         1         1        11
   8.4755555555555560E+01   2.1666666666666668E+01   1.0000000000000000E+01
      1504         1         1        11
   8.5377777777777794E+01   2.3333333333333336E+01   1.0000000000000000E+01
      1505         1         1        11
   8.0533333333333346E+01   1.6666666666666829E+00   1.0000000000000000E+01
      1506         1         1        11
   8.1066666666666677E+01   3.3333333333333472E+00   1.0000000000000000E+01
      1507         1         1        11
   8.1599999999999994E+01   5.0000000000000124E+00   1.0000000000000000E+01
      1508         1         1        11
   8.2133333333333326E+01   6.6666666666666767E+00   1.0000000000000000E+01
      1509         1         1        11
   8.2666666666666657E+01   8.3333333333333428E+00   1.0000000000000000E+01
      1510         1         1        11
   8.3200000000000003E+01   1.0000000000000007E+01   1.0000000000000000E+01
      1511         1         1        11
   8.3733333333333348E+01   1.1666666666666673E+01   1.0000000000000000E+01
      1512         1         1        11
   8.4266666666666666E+01   1.3333333333333337E+01   1.0000000000000000E+01
      1513         1         1        11
   8.4799999999999983E+01   1.5000000000000004E+01   1.0000000000000000E+01
      1514         1         1        11
   8.5333333333333329E+01   1.6666666666666671E+01   1.0000000000000000E+01
      1515         1         1        11
   8.5866666666666674E+01   1.8333333333333339E+01   1.0000000000000000E+01
      1516         1         1        11
   8.6400000000000006E+01   2.0000000000000000E+01   1.0000000000000000E+01
      1517         1         1        11
   8.6933333333333337E+01   2.1666666666666675E+01   1.0000000000000000E+01
      1518         1         1        11
   8.7466666666666669E+01   2.3333333333333336E+01   1.0000000000000000E+01
      1519         1         1        11
   8.3777777777777786E+01   1.6666666666666803E+00   1.0000000000000000E+01
      1520         1         1        11
   8.4222222222222200E+01   3.3333333333333455E+00   1.0000000000000000E+01
      1521         1         1        11
   8.4666666666666671E+01   5.0000000000000124E+00   1.0000000000000000E+01
      1522         1         1        11
   8.5111111111111100E+01   6.6666666666666767E+00   1.0000000000000000E+01
      1523         1         1        11
   8.5555555555555529E+01   8.3333333333333428E+00   1.0000000000000000E+01
      1524         1         1        11
   8.5999999999999986E+01   1.0000000000000007E+01   1.0000000000000000E+01
      1525         1         1        11
   8.6444444444444443E+01   1.1666666666666670E+01   1.0000000000000000E+01
      1526         1         1        11
   8.6888888888888886E+01   1.3333333333333339E+01   1.0000000000000000E+01
      1527         1         1        11
   8.7333333333333371E+01   1.5000000000000004E+01   1.0000000000000000E+01
      1528         1         1        11
   8.7777777777777786E+01   1.6666666666666671E+01   1.0000000000000000E+01
      1529         1         1        11
   8.8222222222222243E+01   1.8333333333333332E+01   1.0000000000000000E+01
      1530         1         1        11
   8.8666666666666657E+01   2.0000000000000000E+01   1.0000000000000000E+01
      1531         1         1        11
   8.9111111111111114E+01   2.1666666666666679E+01   1.0000000000000000E+01
      1532         1         1        11
   8.9555555555555557E+01   2.3333333333333336E+01   1.0000000000000000E+01
      1533         1         1        11
   8.7022222222222226E+01   1.6666666666666776E+00   1.0000000000000000E+01
      1534         1         1        11
   8.7377777777777808E+01   3.3333333333333419E+00   1.0000000000000000E+01
      1535         1         1        11
   8.7733333333333363E+01   5.0000000000000089E+00   1.0000000000000000E+01
      1536         1         1        11
   8.8088888888888874E+01   6.6666666666666750E+00   1.0000000000000000E+01
      1537         1         1        11
   8.8444444444444457E+01   8.3333333333333393E+00   1.0000000000000000E+01
      1538         1         1        11
   8.8800000000000011E+01   1.0000000000000004E+01   1.0000000000000000E+01
      1539         1         1        11
   8.9155555555555551E+01   1.1666666666666670E+01   1.0000000000000000E+01
      1540         1         1        11
   8.9511111111111106E+01   1.3333333333333337E+01   1.0000000000000000E+01
      1541         1         1        11
   8.9866666666666660E+01   1.5000000000000000E+01   1.0000000000000000E+01
      1542         1         1        11
   9.0222222222222229E+01   1.6666666666666664E+01   1.0000000000000000E+01
      1543         1         1        11
   9.0577777777777797E+01   1.8333333333333336E+01   1.0000000000000000E+01
      1544         1         1        11
   9.0933333333333337E+01   2.0000000000000000E+01   1.0000000000000000E+01
      1545         1         1        11
   9.1288888888888891E+01   2.1666666666666675E+01   1.0000000000000000E+01
      1546         1         1        11
   9.1644444444444431E+01   2.3333333333333325E+01   1.0000000000000000E+01
      1547         1         1        11
   9.0266666666666680E+01   1.6666666666666745E+00   1.0000000000000000E+01
      1548         1         1        11
   9.0533333333333303E+01   3.3333333333333401E+00   1.0000000000000000E+01
      1549         1         1        11
   9.0799999999999983E+01   5.0000000000000071E+00   1.0000000000000000E+01
      1550         1         1        11
   9.1066666666666634E+01   6.6666666666666750E+00   1.0000000000000000E+01
      1551         1         1        11
   9.1333333333333357E+01   8.3333333333333375E+00   1.0000000000000000E+01
      1552         1         1        11
   9.1599999999999980E+01   1.0000000000000004E+01   1.0000000000000000E+01
      1553         1         1        11
   9.1866666666666632E+01   1.1666666666666668E+01   1.0000000000000000E+01
      1554         1         1        11
   9.2133333333333326E+01   1.3333333333333339E+01   1.0000000000000000E+01
      1555         1         1        11
   9.2399999999999991E+01   1.5000000000000000E+01   1.0000000000000000E+01
      1556         1         1        11
   9.2666666666666657E+01   1.6666666666666668E+01   1.0000000000000000E+01
      1557         1         1        11
   9.2933333333333323E+01   1.8333333333333336E+01   1.0000000000000000E+01
      1558         1         1        11
   9.3200000000000003E+01   2.0000000000000000E+01   1.0000000000000000E+01
      1559         1         1        11
   9.3466666666666669E+01   2.1666666666666668E+01   1.0000000000000000E+01
      1560         1         1        11
   9.3733333333333334E+01   2.3333333333333329E+01   1.0000000000000000E+01
      1561         1         1        11
   9.3511111111111077E+01   1.6666666666666721E+00   1.0000000000000000E+01
      1562         1         1        11
   9.3688888888888869E+01   3.3333333333333375E+00   1.0000000000000000E+01
      1563         1         1        11
   9.3866666666666646E+01   5.0000000000000044E+00   1.0000000000000000E+01
      1564         1         1        11
   9.4044444444444395E+01   6.6666666666666714E+00   1.0000000000000000E+01
      1565         1         1        11
   9.4222222222222200E+01   8.3333333333333357E+00   1.0000000000000000E+01
      1566         1         1        11
   9.4399999999999977E+01   1.0000000000000004E+01   1.0000000000000000E+01
      1567         1         1        11
   9.4577777777777769E+01   1.1666666666666666E+01   1.0000000000000000E+01
      1568         1         1        11
   9.4755555555555517E+01   1.3333333333333339E+01   1.0000000000000000E+01
      1569         1         1        11
   9.4933333333333309E+01   1.5000000000000000E+01   1.0000000000000000E+01
      1570         1         1        11
   9.5111111111111100E+01   1.6666666666666664E+01   1.0000000000000000E+01
      1571         1         1        11
   9.5288888888888877E+01   1.8333333333333336E+01   1.0000000000000000E+01
      1572         1         1        11
   9.5466666666666669E+01   1.9999999999999996E+01   1.0000000000000000E+01
      1573         1         1        11
   9.5644444444444460E+01   2.1666666666666671E+01   1.0000000000000000E+01
      1574         1         1        11
   9.5822222222222223E+01   2.3333333333333336E+01   1.0000000000000000E+01
      1575         1         1        11
   9.6755555555555517E+01   1.6666666666666692E+00   1.0000000000000000E+01
      1576         1         1        11
   9.6844444444444420E+01   3.3333333333333353E+00   1.0000000000000000E+01
      1577         1         1        11
   9.6933333333333337E+01   5.0000000000000027E+00   1.0000000000000000E+01
      1578         1         1        11
   9.7022222222222211E+01   6.6666666666666687E+00   1.0000000000000000E+01
      1579         1         1        11
   9.7111111111111114E+01   8.3333333333333339E+00   1.0000000000000000E+01
      1580         1         1        11
   9.7199999999999960E+01   9.9999999999999982E+00   1.0000000000000000E+01
      1581         1         1        11
   9.7288888888888849E+01   1.1666666666666671E+01   1.0000000000000000E+01
      1582         1         1        11
   9.7377777777777752E+01   1.3333333333333332E+01   1.0000000000000000E+01
      1583         1         1        11
   9.7466666666666640E+01   1.4999999999999998E+01   1.0000000000000000E+01
      1584         1         1        11
   9.7555555555555543E+01   1.6666666666666664E+01   1.0000000000000000E+01
      1585         1         1        11
   9.7644444444444460E+01   1.8333333333333343E+01   1.0000000000000000E+01
      1586         1         1        11
   9.7733333333333348E+01   2.0000000000000000E+01   1.0000000000000000E+01
      1587         1         1        11
   9.7822222222222251E+01   2.1666666666666668E+01   1.0000000000000000E+01
      1588         1         1        11
   9.7911111111111111E+01   2.3333333333333336E+01   1.0000000000000000E+01
      1589         1         1        11
   3.2444444444444787E+00   4.8333333333333314E+01   0.0000000000000000E+00
      1590         1         1        11
   3.1555555555555861E+00   4.6666666666666686E+01   0.0000000000000000E+00
      1591         1         1        11
   3.0666666666666949E+00   4.5000000000000007E+01   0.0000000000000000E+00
      1592         1         1        11
   2.9777777777778045E+00   4.3333333333333329E+01   0.0000000000000000E+00
      1593         1         1        11
   2.8888888888889128E+00   4.1666666666666671E+01   0.0000000000000000E+00
      1594         1         1        11
   2.8000000000000211E+00   4.0000000000000000E+01   0.0000000000000000E+00
      1595         1         1        11
   2.7111111111111303E+00   3.8333333333333336E+01   0.0000000000000000E+00
      1596         1         1        11
   2.6222222222222391E+00   3.6666666666666671E+01   0.0000000000000000E+00
      1597         1         1        11
   2.5333333333333474E+00   3.5000000000000000E+01   0.0000000000000000E+00
      1598         1         1        11
   2.4444444444444571E+00   3.3333333333333350E+01   0.0000000000000000E+00
      1599         1         1        11
   2.3555555555555650E+00   3.1666666666666671E+01   0.0000000000000000E+00
      1600         1         1        11
   2.2666666666666742E+00   2.9999999999999993E+01   0.0000000000000000E+00
      1601         1         1        11
   2.1777777777777820E+00   2.8333333333333332E+01   0.0000000000000000E+00
      1602         1         1        11
   2.0888888888888912E+00   2.6666666666666664E+01   0.0000000000000000E+00
      1603         1         1        11
   6.4888888888889165E+00   4.8333333333333336E+01   0.0000000000000000E+00
      1604         1         1        11
   6.3111111111111349E+00   4.6666666666666650E+01   0.0000000000000000E+00
      1605         1         1        11
   6.1333333333333568E+00   4.5000000000000000E+01   0.0000000000000000E+00
      1606         1         1        11
   5.9555555555555770E+00   4.3333333333333329E+01   0.0000000000000000E+00
      1607         1         1        11
   5.7777777777777981E+00   4.1666666666666657E+01   0.0000000000000000E+00
      1608         1         1        11
   5.6000000000000165E+00   4.0000000000000007E+01   0.0000000000000000E+00
      1609         1         1        11
   5.4222222222222394E+00   3.8333333333333321E+01   0.0000000000000000E+00
      1610         1         1        11
   5.2444444444444596E+00   3.6666666666666671E+01   0.0000000000000000E+00
      1611         1         1        11
   5.0666666666666789E+00   3.5000000000000000E+01   0.0000000000000000E+00
      1612         1         1        11
   4.8888888888888991E+00   3.3333333333333336E+01   0.0000000000000000E+00
      1613         1         1        11
   4.7111111111111201E+00   3.1666666666666664E+01   0.0000000000000000E+00
      1614         1         1        11
   4.5333333333333385E+00   2.9999999999999993E+01   0.0000000000000000E+00
      1615         1         1        11
   4.3555555555555596E+00   2.8333333333333339E+01   0.0000000000000000E+00
      1616         1         1        11
   4.1777777777777789E+00   2.6666666666666668E+01   0.0000000000000000E+00
      1617         1         1        11
   9.7333333333333556E+00   4.8333333333333321E+01   0.0000000000000000E+00
      1618         1         1        11
   9.4666666666666881E+00   4.6666666666666650E+01   0.0000000000000000E+00
      1619         1         1        11
   9.2000000000000171E+00   4.5000000000000000E+01   0.0000000000000000E+00
      1620         1         1        11
   8.9333333333333496E+00   4.3333333333333329E+01   0.0000000000000000E+00
      1621         1         1        11
   8.6666666666666803E+00   4.1666666666666650E+01   0.0000000000000000E+00
      1622         1         1        11
   8.4000000000000110E+00   4.0000000000000000E+01   0.0000000000000000E+00
      1623         1         1        11
   8.1333333333333471E+00   3.8333333333333321E+01   0.0000000000000000E+00
      1624         1         1        11
   7.8666666666666787E+00   3.6666666666666657E+01   0.0000000000000000E+00
      1625         1         1        11
   7.6000000000000076E+00   3.5000000000000000E+01   0.0000000000000000E+00
      1626         1         1        11
   7.3333333333333401E+00   3.3333333333333350E+01   0.0000000000000000E+00
      1627         1         1        11
   7.0666666666666718E+00   3.1666666666666661E+01   0.0000000000000000E+00
      1628         1         1        11
   6.8000000000000043E+00   2.9999999999999993E+01   0.0000000000000000E+00
      1629         1         1        11
   6.5333333333333368E+00   2.8333333333333332E+01   0.0000000000000000E+00
      1630         1         1        11
   6.2666666666666675E+00   2.6666666666666664E+01   0.0000000000000000E+00
      1631         1         1        11
   1.2977777777777792E+01   4.8333333333333329E+01   0.0000000000000000E+00
      1632         1         1        11
   1.2622222222222234E+01   4.6666666666666643E+01   0.0000000000000000E+00
      1633         1         1        11
   1.2266666666666675E+01   4.5000000000000000E+01   0.0000000000000000E+00
      1634         1         1        11
   1.1911111111111124E+01   4.3333333333333329E+01   0.0000000000000000E+00
      1635         1         1        11
   1.1555555555555568E+01   4.1666666666666650E+01   0.0000000000000000E+00
      1636         1         1        11
   1.1200000000000010E+01   4.0000000000000000E+01   0.0000000000000000E+00
      1637         1         1        11
   1.0844444444444456E+01   3.8333333333333336E+01   0.0000000000000000E+00
      1638         1         1        11
   1.0488888888888894E+01   3.6666666666666671E+01   0.0000000000000000E+00
      1639         1         1        11
   1.0133333333333340E+01   3.5000000000000000E+01   0.0000000000000000E+00
      1640         1         1        11
   9.7777777777777821E+00   3.3333333333333321E+01   0.0000000000000000E+00
      1641         1         1        11
   9.4222222222222261E+00   3.1666666666666664E+01   0.0000000000000000E+00
      1642         1         1        11
   9.0666666666666700E+00   3.0000000000000004E+01   0.0000000000000000E+00
      1643         1         1        11
   8.7111111111111121E+00   2.8333333333333325E+01   0.0000000000000000E+00
      1644         1         1        11
   8.3555555555555561E+00   2.6666666666666664E+01   0.0000000000000000E+00
      1645         1         1        11
   1.6222222222222229E+01   4.8333333333333321E+01   0.0000000000000000E+00
      1646         1         1        11
   1.5777777777777786E+01   4.6666666666666650E+01   0.0000000000000000E+00
      1647         1         1        11
   1.5333333333333339E+01   4.4999999999999986E+01   0.0000000000000000E+00
      1648         1         1        11
   1.4888888888888895E+01   4.3333333333333329E+01   0.0000000000000000E+00
      1649         1         1        11
   1.4444444444444452E+01   4.1666666666666650E+01   0.0000000000000000E+00
      1650         1         1        11
   1.4000000000000007E+01   4.0000000000000000E+01   0.0000000000000000E+00
      1651         1         1        11
   1.3555555555555555E+01   3.8333333333333314E+01   0.0000000000000000E+00
      1652         1         1        11
   1.3111111111111116E+01   3.6666666666666671E+01   0.0000000000000000E+00
      1653         1         1        11
   1.2666666666666671E+01   3.5000000000000000E+01   0.0000000000000000E+00
      1654         1         1        11
   1.2222222222222225E+01   3.3333333333333329E+01   0.0000000000000000E+00
      1655         1         1        11
   1.1777777777777779E+01   3.1666666666666664E+01   0.0000000000000000E+00
      1656         1         1        11
   1.1333333333333332E+01   3.0000000000000000E+01   0.0000000000000000E+00
      1657         1         1        11
   1.0888888888888893E+01   2.8333333333333336E+01   0.0000000000000000E+00
      1658         1         1        11
   1.0444444444444443E+01   2.6666666666666664E+01   0.0000000000000000E+00
      1659         1         1        11
   1.9466666666666669E+01   4.8333333333333321E+01   0.0000000000000000E+00
      1660         1         1        11
   1.8933333333333334E+01   4.6666666666666650E+01   0.0000000000000000E+00
      1661         1         1        11
   1.8399999999999995E+01   4.4999999999999993E+01   0.0000000000000000E+00
      1662         1         1        11
   1.7866666666666667E+01   4.3333333333333314E+01   0.0000000000000000E+00
      1663         1         1        11
   1.7333333333333339E+01   4.1666666666666650E+01   0.0000000000000000E+00
      1664         1         1        11
   1.6800000000000001E+01   4.0000000000000000E+01   0.0000000000000000E+00
      1665         1         1        11
   1.6266666666666669E+01   3.8333333333333314E+01   0.0000000000000000E+00
      1666         1         1        11
   1.5733333333333338E+01   3.6666666666666664E+01   0.0000000000000000E+00
      1667         1         1        11
   1.5199999999999996E+01   3.5000000000000000E+01   0.0000000000000000E+00
      1668         1         1        11
   1.4666666666666668E+01   3.3333333333333321E+01   0.0000000000000000E+00
      1669         1         1        11
   1.4133333333333336E+01   3.1666666666666661E+01   0.0000000000000000E+00
      1670         1         1        11
   1.3600000000000001E+01   3.0000000000000000E+01   0.0000000000000000E+00
      1671         1         1        11
   1.3066666666666668E+01   2.8333333333333343E+01   0.0000000000000000E+00
      1672         1         1        11
   1.2533333333333333E+01   2.6666666666666664E+01   0.0000000000000000E+00
      1673         1         1        11
   2.2711111111111105E+01   4.8333333333333314E+01   0.0000000000000000E+00
      1674         1         1        11
   2.2088888888888874E+01   4.6666666666666650E+01   0.0000000000000000E+00
      1675         1         1        11
   2.1466666666666661E+01   4.4999999999999979E+01   0.0000000000000000E+00
      1676         1         1        11
   2.0844444444444438E+01   4.3333333333333329E+01   0.0000000000000000E+00
      1677         1         1        11
   2.0222222222222218E+01   4.1666666666666650E+01   0.0000000000000000E+00
      1678         1         1        11
   1.9599999999999998E+01   3.9999999999999986E+01   0.0000000000000000E+00
      1679         1         1        11
   1.8977777777777771E+01   3.8333333333333321E+01   0.0000000000000000E+00
      1680         1         1        11
   1.8355555555555551E+01   3.6666666666666664E+01   0.0000000000000000E+00
      1681         1         1        11
   1.7733333333333334E+01   3.5000000000000000E+01   0.0000000000000000E+00
      1682         1         1        11
   1.7111111111111114E+01   3.3333333333333329E+01   0.0000000000000000E+00
      1683         1         1        11
   1.6488888888888884E+01   3.1666666666666661E+01   0.0000000000000000E+00
      1684         1         1        11
   1.5866666666666665E+01   3.0000000000000004E+01   0.0000000000000000E+00
      1685         1         1        11
   1.5244444444444444E+01   2.8333333333333339E+01   0.0000000000000000E+00
      1686         1         1        11
   1.4622222222222218E+01   2.6666666666666664E+01   0.0000000000000000E+00
      1687         1         1        11
   2.5955555555555545E+01   4.8333333333333300E+01   0.0000000000000000E+00
      1688         1         1        11
   2.5244444444444426E+01   4.6666666666666650E+01   0.0000000000000000E+00
      1689         1         1        11
   2.4533333333333328E+01   4.4999999999999986E+01   0.0000000000000000E+00
      1690         1         1        11
   2.3822222222222209E+01   4.3333333333333314E+01   0.0000000000000000E+00
      1691         1         1        11
   2.3111111111111107E+01   4.1666666666666657E+01   0.0000000000000000E+00
      1692         1         1        11
   2.2399999999999988E+01   3.9999999999999979E+01   0.0000000000000000E+00
      1693         1         1        11
   2.1688888888888886E+01   3.8333333333333329E+01   0.0000000000000000E+00
      1694         1         1        11
   2.0977777777777771E+01   3.6666666666666657E+01   0.0000000000000000E+00
      1695         1         1        11
   2.0266666666666666E+01   3.4999999999999986E+01   0.0000000000000000E+00
      1696         1         1        11
   1.9555555555555550E+01   3.3333333333333321E+01   0.0000000000000000E+00
      1697         1         1        11
   1.8844444444444438E+01   3.1666666666666664E+01   0.0000000000000000E+00
      1698         1         1        11
   1.8133333333333333E+01   2.9999999999999996E+01   0.0000000000000000E+00
      1699         1         1        11
   1.7422222222222221E+01   2.8333333333333332E+01   0.0000000000000000E+00
      1700         1         1        11
   1.6711111111111105E+01   2.6666666666666664E+01   0.0000000000000000E+00
      1701         1         1        11
   2.9199999999999982E+01   4.8333333333333300E+01   0.0000000000000000E+00
      1702         1         1        11
   2.8399999999999984E+01   4.6666666666666650E+01   0.0000000000000000E+00
      1703         1         1        11
   2.7599999999999987E+01   4.4999999999999979E+01   0.0000000000000000E+00
      1704         1         1        11
   2.6799999999999994E+01   4.3333333333333300E+01   0.0000000000000000E+00
      1705         1         1        11
   2.5999999999999989E+01   4.1666666666666664E+01   0.0000000000000000E+00
      1706         1         1        11
   2.5199999999999996E+01   3.9999999999999979E+01   0.0000000000000000E+00
      1707         1         1        11
   2.4399999999999991E+01   3.8333333333333329E+01   0.0000000000000000E+00
      1708         1         1        11
   2.3599999999999998E+01   3.6666666666666664E+01   0.0000000000000000E+00
      1709         1         1        11
   2.2799999999999990E+01   3.4999999999999986E+01   0.0000000000000000E+00
      1710         1         1        11
   2.1999999999999993E+01   3.3333333333333321E+01   0.0000000000000000E+00
      1711         1         1        11
   2.1200000000000003E+01   3.1666666666666664E+01   0.0000000000000000E+00
      1712         1         1        11
   2.0399999999999999E+01   3.0000000000000000E+01   0.0000000000000000E+00
      1713         1         1        11
   1.9600000000000001E+01   2.8333333333333332E+01   0.0000000000000000E+00
      1714         1         1        11
   1.8799999999999997E+01   2.6666666666666664E+01   0.0000000000000000E+00
      1715         1         1        11
   3.2444444444444422E+01   4.8333333333333300E+01   0.0000000000000000E+00
      1716         1         1        11
   3.1555555555555525E+01   4.6666666666666636E+01   0.0000000000000000E+00
      1717         1         1        11
   3.0666666666666643E+01   4.4999999999999979E+01   0.0000000000000000E+00
      1718         1         1        11
   2.9777777777777754E+01   4.3333333333333321E+01   0.0000000000000000E+00
      1719         1         1        11
   2.8888888888888875E+01   4.1666666666666664E+01   0.0000000000000000E+00
      1720         1         1        11
   2.7999999999999989E+01   3.9999999999999993E+01   0.0000000000000000E+00
      1721         1         1        11
   2.7111111111111104E+01   3.8333333333333307E+01   0.0000000000000000E+00
      1722         1         1        11
   2.6222222222222214E+01   3.6666666666666664E+01   0.0000000000000000E+00
      1723         1         1        11
   2.5333333333333325E+01   3.4999999999999986E+01   0.0000000000000000E+00
      1724         1         1        11
   2.4444444444444429E+01   3.3333333333333321E+01   0.0000000000000000E+00
      1725         1         1        11
   2.3555555555555546E+01   3.1666666666666664E+01   0.0000000000000000E+00
      1726         1         1        11
   2.2666666666666664E+01   2.9999999999999996E+01   0.0000000000000000E+00
      1727         1         1        11
   2.1777777777777782E+01   2.8333333333333329E+01   0.0000000000000000E+00
      1728         1         1        11
   2.0888888888888882E+01   2.6666666666666664E+01   0.0000000000000000E+00
      1729         1         1        11
   3.5688888888888854E+01   4.8333333333333293E+01   0.0000000000000000E+00
      1730         1         1        11
   3.4711111111111073E+01   4.6666666666666643E+01   0.0000000000000000E+00
      1731         1         1        11
   3.3733333333333299E+01   4.4999999999999972E+01   0.0000000000000000E+00
      1732         1         1        11
   3.2755555555555532E+01   4.3333333333333300E+01   0.0000000000000000E+00
      1733         1         1        11
   3.1777777777777757E+01   4.1666666666666650E+01   0.0000000000000000E+00
      1734         1         1        11
   3.0799999999999983E+01   3.9999999999999972E+01   0.0000000000000000E+00
      1735         1         1        11
   2.9822222222222202E+01   3.8333333333333329E+01   0.0000000000000000E+00
      1736         1         1        11
   2.8844444444444434E+01   3.6666666666666657E+01   0.0000000000000000E+00
      1737         1         1        11
   2.7866666666666653E+01   3.5000000000000000E+01   0.0000000000000000E+00
      1738         1         1        11
   2.6888888888888879E+01   3.3333333333333321E+01   0.0000000000000000E+00
      1739         1         1        11
   2.5911111111111101E+01   3.1666666666666664E+01   0.0000000000000000E+00
      1740         1         1        11
   2.4933333333333326E+01   3.0000000000000000E+01   0.0000000000000000E+00
      1741         1         1        11
   2.3955555555555549E+01   2.8333333333333325E+01   0.0000000000000000E+00
      1742         1         1        11
   2.2977777777777774E+01   2.6666666666666664E+01   0.0000000000000000E+00
      1743         1         1        11
   3.8933333333333309E+01   4.8333333333333307E+01   0.0000000000000000E+00
      1744         1         1        11
   3.7866666666666632E+01   4.6666666666666643E+01   0.0000000000000000E+00
      1745         1         1        11
   3.6799999999999976E+01   4.4999999999999972E+01   0.0000000000000000E+00
      1746         1         1        11
   3.5733333333333313E+01   4.3333333333333300E+01   0.0000000000000000E+00
      1747         1         1        11
   3.4666666666666650E+01   4.1666666666666643E+01   0.0000000000000000E+00
      1748         1         1        11
   3.3599999999999994E+01   3.9999999999999979E+01   0.0000000000000000E+00
      1749         1         1        11
   3.2533333333333317E+01   3.8333333333333321E+01   0.0000000000000000E+00
      1750         1         1        11
   3.1466666666666661E+01   3.6666666666666664E+01   0.0000000000000000E+00
      1751         1         1        11
   3.0399999999999984E+01   3.4999999999999986E+01   0.0000000000000000E+00
      1752         1         1        11
   2.9333333333333329E+01   3.3333333333333321E+01   0.0000000000000000E+00
      1753         1         1        11
   2.8266666666666659E+01   3.1666666666666668E+01   0.0000000000000000E+00
      1754         1         1        11
   2.7199999999999989E+01   2.9999999999999996E+01   0.0000000000000000E+00
      1755         1         1        11
   2.6133333333333333E+01   2.8333333333333332E+01   0.0000000000000000E+00
      1756         1         1        11
   2.5066666666666656E+01   2.6666666666666664E+01   0.0000000000000000E+00
      1757         1         1        11
   4.2177777777777756E+01   4.8333333333333293E+01   0.0000000000000000E+00
      1758         1         1        11
   4.1022222222222183E+01   4.6666666666666650E+01   0.0000000000000000E+00
      1759         1         1        11
   3.9866666666666646E+01   4.4999999999999972E+01   0.0000000000000000E+00
      1760         1         1        11
   3.8711111111111087E+01   4.3333333333333300E+01   0.0000000000000000E+00
      1761         1         1        11
   3.7555555555555536E+01   4.1666666666666650E+01   0.0000000000000000E+00
      1762         1         1        11
   3.6399999999999991E+01   3.9999999999999979E+01   0.0000000000000000E+00
      1763         1         1        11
   3.5244444444444426E+01   3.8333333333333329E+01   0.0000000000000000E+00
      1764         1         1        11
   3.4088888888888889E+01   3.6666666666666650E+01   0.0000000000000000E+00
      1765         1         1        11
   3.2933333333333309E+01   3.4999999999999986E+01   0.0000000000000000E+00
      1766         1         1        11
   3.1777777777777771E+01   3.3333333333333321E+01   0.0000000000000000E+00
      1767         1         1        11
   3.0622222222222216E+01   3.1666666666666657E+01   0.0000000000000000E+00
      1768         1         1        11
   2.9466666666666654E+01   3.0000000000000000E+01   0.0000000000000000E+00
      1769         1         1        11
   2.8311111111111110E+01   2.8333333333333332E+01   0.0000000000000000E+00
      1770         1         1        11
   2.7155555555555555E+01   2.6666666666666664E+01   0.0000000000000000E+00
      1771         1         1        11
   4.5422222222222196E+01   4.8333333333333286E+01   0.0000000000000000E+00
      1772         1         1        11
   4.4177777777777756E+01   4.6666666666666622E+01   0.0000000000000000E+00
      1773         1         1        11
   4.2933333333333302E+01   4.4999999999999972E+01   0.0000000000000000E+00
      1774         1         1        11
   4.1688888888888854E+01   4.3333333333333300E+01   0.0000000000000000E+00
      1775         1         1        11
   4.0444444444444436E+01   4.1666666666666664E+01   0.0000000000000000E+00
      1776         1         1        11
   3.9199999999999982E+01   3.9999999999999979E+01   0.0000000000000000E+00
      1777         1         1        11
   3.7955555555555534E+01   3.8333333333333329E+01   0.0000000000000000E+00
      1778         1         1        11
   3.6711111111111109E+01   3.6666666666666650E+01   0.0000000000000000E+00
      1779         1         1        11
   3.5466666666666654E+01   3.4999999999999986E+01   0.0000000000000000E+00
      1780         1         1        11
   3.4222222222222200E+01   3.3333333333333321E+01   0.0000000000000000E+00
      1781         1         1        11
   3.2977777777777774E+01   3.1666666666666664E+01   0.0000000000000000E+00
      1782         1         1        11
   3.1733333333333327E+01   3.0000000000000004E+01   0.0000000000000000E+00
      1783         1         1        11
   3.0488888888888887E+01   2.8333333333333329E+01   0.0000000000000000E+00
      1784         1         1        11
   2.9244444444444440E+01   2.6666666666666664E+01   0.0000000000000000E+00
      1785         1         1        11
   4.5422222222222189E+01   4.8333333333333293E+01   1.0000000000000000E+01
      1786         1         1        11
   4.4177777777777749E+01   4.6666666666666629E+01   1.0000000000000000E+01
      1787         1         1        11
   4.2933333333333316E+01   4.4999999999999979E+01   1.0000000000000000E+01
      1788         1         1        11
   4.1688888888888876E+01   4.3333333333333300E+01   1.0000000000000000E+01
      1789         1         1        11
   4.0444444444444429E+01   4.1666666666666650E+01   1.0000000000000000E+01
      1790         1         1        11
   3.9199999999999982E+01   3.9999999999999972E+01   1.0000000000000000E+01
      1791         1         1        11
   3.7955555555555542E+01   3.8333333333333321E+01   1.0000000000000000E+01
      1792         1         1        11
   3.6711111111111109E+01   3.6666666666666643E+01   1.0000000000000000E+01
      1793         1         1        11
   3.5466666666666654E+01   3.5000000000000000E+01   1.0000000000000000E+01
      1794         1         1        11
   3.4222222222222200E+01   3.3333333333333321E+01   1.0000000000000000E+01
      1795         1         1        11
   3.2977777777777774E+01   3.1666666666666661E+01   1.0000000000000000E+01
      1796         1         1        11
   3.1733333333333327E+01   2.9999999999999993E+01   1.0000000000000000E+01
      1797         1         1        11
   3.0488888888888887E+01   2.8333333333333325E+01   1.0000000000000000E+01
      1798         1         1        11
   2.9244444444444440E+01   2.6666666666666661E+01   1.0000000000000000E+01
      1799         1         1        11
   4.2177777777777756E+01   4.8333333333333307E+01   1.0000000000000000E+01
      1800         1         1        11
   4.1022222222222183E+01   4.6666666666666650E+01   1.0000000000000000E+01
      1801         1         1        11
   3.9866666666666632E+01   4.4999999999999979E+01   1.0000000000000000E+01
      1802         1         1        11
   3.8711111111111087E+01   4.3333333333333300E+01   1.0000000000000000E+01
      1803         1         1        11
   3.7555555555555536E+01   4.1666666666666650E+01   1.0000000000000000E+01
      1804         1         1        11
   3.6399999999999991E+01   3.9999999999999979E+01   1.0000000000000000E+01
      1805         1         1        11
   3.5244444444444426E+01   3.8333333333333329E+01   1.0000000000000000E+01
      1806         1         1        11
   3.4088888888888889E+01   3.6666666666666643E+01   1.0000000000000000E+01
      1807         1         1        11
   3.2933333333333309E+01   3.5000000000000000E+01   1.0000000000000000E+01
      1808         1         1        11
   3.1777777777777764E+01   3.3333333333333329E+01   1.0000000000000000E+01
      1809         1         1        11
   3.0622222222222216E+01   3.1666666666666654E+01   1.0000000000000000E+01
      1810         1         1        11
   2.9466666666666654E+01   2.9999999999999996E+01   1.0000000000000000E+01
      1811         1         1        11
   2.8311111111111110E+01   2.8333333333333339E+01   1.0000000000000000E+01
      1812         1         1        11
   2.7155555555555555E+01   2.6666666666666664E+01   1.0000000000000000E+01
      1813         1         1        11
   3.8933333333333294E+01   4.8333333333333300E+01   1.0000000000000000E+01
      1814         1         1        11
   3.7866666666666646E+01   4.6666666666666629E+01   1.0000000000000000E+01
      1815         1         1        11
   3.6799999999999976E+01   4.4999999999999986E+01   1.0000000000000000E+01
      1816         1         1        11
   3.5733333333333320E+01   4.3333333333333300E+01   1.0000000000000000E+01
      1817         1         1        11
   3.4666666666666650E+01   4.1666666666666643E+01   1.0000000000000000E+01
      1818         1         1        11
   3.3599999999999994E+01   3.9999999999999979E+01   1.0000000000000000E+01
      1819         1         1        11
   3.2533333333333317E+01   3.8333333333333321E+01   1.0000000000000000E+01
      1820         1         1        11
   3.1466666666666661E+01   3.6666666666666650E+01   1.0000000000000000E+01
      1821         1         1        11
   3.0399999999999984E+01   3.4999999999999986E+01   1.0000000000000000E+01
      1822         1         1        11
   2.9333333333333329E+01   3.3333333333333321E+01   1.0000000000000000E+01
      1823         1         1        11
   2.8266666666666666E+01   3.1666666666666664E+01   1.0000000000000000E+01
      1824         1         1        11
   2.7199999999999996E+01   2.9999999999999993E+01   1.0000000000000000E+01
      1825         1         1        11
   2.6133333333333336E+01   2.8333333333333329E+01   1.0000000000000000E+01
      1826         1         1        11
   2.5066666666666656E+01   2.6666666666666661E+01   1.0000000000000000E+01
      1827         1         1        11
   3.5688888888888854E+01   4.8333333333333293E+01   1.0000000000000000E+01
      1828         1         1        11
   3.4711111111111087E+01   4.6666666666666629E+01   1.0000000000000000E+01
      1829         1         1        11
   3.3733333333333299E+01   4.4999999999999979E+01   1.0000000000000000E+01
      1830         1         1        11
   3.2755555555555532E+01   4.3333333333333300E+01   1.0000000000000000E+01
      1831         1         1        11
   3.1777777777777764E+01   4.1666666666666657E+01   1.0000000000000000E+01
      1832         1         1        11
   3.0799999999999983E+01   3.9999999999999972E+01   1.0000000000000000E+01
      1833         1         1        11
   2.9822222222222202E+01   3.8333333333333314E+01   1.0000000000000000E+01
      1834         1         1        11
   2.8844444444444434E+01   3.6666666666666657E+01   1.0000000000000000E+01
      1835         1         1        11
   2.7866666666666653E+01   3.4999999999999986E+01   1.0000000000000000E+01
      1836         1         1        11
   2.6888888888888879E+01   3.3333333333333321E+01   1.0000000000000000E+01
      1837         1         1        11
   2.5911111111111101E+01   3.1666666666666664E+01   1.0000000000000000E+01
      1838         1         1        11
   2.4933333333333326E+01   3.0000000000000000E+01   1.0000000000000000E+01
      1839         1         1        11
   2.3955555555555552E+01   2.8333333333333321E+01   1.0000000000000000E+01
      1840         1         1        11
   2.2977777777777778E+01   2.6666666666666657E+01   1.0000000000000000E+01
      1841         1         1        11
   3.2444444444444422E+01   4.8333333333333307E+01   1.0000000000000000E+01
      1842         1         1        11
   3.1555555555555525E+01   4.6666666666666622E+01   1.0000000000000000E+01
      1843         1         1        11
   3.0666666666666643E+01   4.4999999999999993E+01   1.0000000000000000E+01
      1844         1         1        11
   2.9777777777777754E+01   4.3333333333333300E+01   1.0000000000000000E+01
      1845         1         1        11
   2.8888888888888875E+01   4.1666666666666650E+01   1.0000000000000000E+01
      1846         1         1        11
   2.7999999999999986E+01   3.9999999999999972E+01   1.0000000000000000E+01
      1847         1         1        11
   2.7111111111111100E+01   3.8333333333333329E+01   1.0000000000000000E+01
      1848         1         1        11
   2.6222222222222214E+01   3.6666666666666664E+01   1.0000000000000000E+01
      1849         1         1        11
   2.5333333333333325E+01   3.5000000000000000E+01   1.0000000000000000E+01
      1850         1         1        11
   2.4444444444444436E+01   3.3333333333333321E+01   1.0000000000000000E+01
      1851         1         1        11
   2.3555555555555546E+01   3.1666666666666664E+01   1.0000000000000000E+01
      1852         1         1        11
   2.2666666666666657E+01   3.0000000000000000E+01   1.0000000000000000E+01
      1853         1         1        11
   2.1777777777777779E+01   2.8333333333333325E+01   1.0000000000000000E+01
      1854         1         1        11
   2.0888888888888886E+01   2.6666666666666657E+01   1.0000000000000000E+01
      1855         1         1        11
   2.9199999999999982E+01   4.8333333333333314E+01   1.0000000000000000E+01
      1856         1         1        11
   2.8399999999999977E+01   4.6666666666666636E+01   1.0000000000000000E+01
      1857         1         1        11
   2.7599999999999980E+01   4.4999999999999993E+01   1.0000000000000000E+01
      1858         1         1        11
   2.6799999999999986E+01   4.3333333333333314E+01   1.0000000000000000E+01
      1859         1         1        11
   2.5999999999999989E+01   4.1666666666666650E+01   1.0000000000000000E+01
      1860         1         1        11
   2.5199999999999996E+01   3.9999999999999979E+01   1.0000000000000000E+01
      1861         1         1        11
   2.4399999999999984E+01   3.8333333333333321E+01   1.0000000000000000E+01
      1862         1         1        11
   2.3599999999999991E+01   3.6666666666666664E+01   1.0000000000000000E+01
      1863         1         1        11
   2.2799999999999990E+01   3.4999999999999986E+01   1.0000000000000000E+01
      1864         1         1        11
   2.1999999999999993E+01   3.3333333333333321E+01   1.0000000000000000E+01
      1865         1         1        11
   2.1199999999999996E+01   3.1666666666666664E+01   1.0000000000000000E+01
      1866         1         1        11
   2.0399999999999999E+01   3.0000000000000000E+01   1.0000000000000000E+01
      1867         1         1        11
   1.9600000000000001E+01   2.8333333333333339E+01   1.0000000000000000E+01
      1868         1         1        11
   1.8799999999999997E+01   2.6666666666666664E+01   1.0000000000000000E+01
      1869         1         1        11
   2.5955555555555545E+01   4.8333333333333300E+01   1.0000000000000000E+01
      1870         1         1        11
   2.5244444444444433E+01   4.6666666666666636E+01   1.0000000000000000E+01
      1871         1         1        11
   2.4533333333333328E+01   4.4999999999999972E+01   1.0000000000000000E+01
      1872         1         1        11
   2.3822222222222216E+01   4.3333333333333314E+01   1.0000000000000000E+01
      1873         1         1        11
   2.3111111111111107E+01   4.1666666666666643E+01   1.0000000000000000E+01
      1874         1         1        11
   2.2399999999999995E+01   3.9999999999999986E+01   1.0000000000000000E+01
      1875         1         1        11
   2.1688888888888879E+01   3.8333333333333321E+01   1.0000000000000000E+01
      1876         1         1        11
   2.0977777777777774E+01   3.6666666666666657E+01   1.0000000000000000E+01
      1877         1         1        11
   2.0266666666666662E+01   3.5000000000000000E+01   1.0000000000000000E+01
      1878         1         1        11
   1.9555555555555554E+01   3.3333333333333314E+01   1.0000000000000000E+01
      1879         1         1        11
   1.8844444444444441E+01   3.1666666666666664E+01   1.0000000000000000E+01
      1880         1         1        11
   1.8133333333333333E+01   3.0000000000000000E+01   1.0000000000000000E+01
      1881         1         1        11
   1.7422222222222228E+01   2.8333333333333332E+01   1.0000000000000000E+01
      1882         1         1        11
   1.6711111111111105E+01   2.6666666666666664E+01   1.0000000000000000E+01
      1883         1         1        11
   2.2711111111111109E+01   4.8333333333333314E+01   1.0000000000000000E+01
      1884         1         1        11
   2.2088888888888878E+01   4.6666666666666650E+01   1.0000000000000000E+01
      1885         1         1        11
   2.1466666666666661E+01   4.5000000000000000E+01   1.0000000000000000E+01
      1886         1         1        11
   2.0844444444444438E+01   4.3333333333333314E+01   1.0000000000000000E+01
      1887         1         1        11
   2.0222222222222218E+01   4.1666666666666650E+01   1.0000000000000000E+01
      1888         1         1        11
   1.9599999999999998E+01   3.9999999999999986E+01   1.0000000000000000E+01
      1889         1         1        11
   1.8977777777777778E+01   3.8333333333333321E+01   1.0000000000000000E+01
      1890         1         1        11
   1.8355555555555554E+01   3.6666666666666657E+01   1.0000000000000000E+01
      1891         1         1        11
   1.7733333333333331E+01   3.5000000000000000E+01   1.0000000000000000E+01
      1892         1         1        11
   1.7111111111111114E+01   3.3333333333333321E+01   1.0000000000000000E+01
      1893         1         1        11
   1.6488888888888887E+01   3.1666666666666668E+01   1.0000000000000000E+01
      1894         1         1        11
   1.5866666666666667E+01   3.0000000000000000E+01   1.0000000000000000E+01
      1895         1         1        11
   1.5244444444444444E+01   2.8333333333333332E+01   1.0000000000000000E+01
      1896         1         1        11
   1.4622222222222222E+01   2.6666666666666664E+01   1.0000000000000000E+01
      1897         1         1        11
   1.9466666666666665E+01   4.8333333333333321E+01   1.0000000000000000E+01
      1898         1         1        11
   1.8933333333333334E+01   4.6666666666666650E+01   1.0000000000000000E+01
      1899         1         1        11
   1.8400000000000002E+01   4.4999999999999993E+01   1.0000000000000000E+01
      1900         1         1        11
   1.7866666666666664E+01   4.3333333333333329E+01   1.0000000000000000E+01
      1901         1         1        11
   1.7333333333333332E+01   4.1666666666666650E+01   1.0000000000000000E+01
      1902         1         1        11
   1.6800000000000004E+01   3.9999999999999986E+01   1.0000000000000000E+01
      1903         1         1        11
   1.6266666666666673E+01   3.8333333333333329E+01   1.0000000000000000E+01
      1904         1         1        11
   1.5733333333333338E+01   3.6666666666666664E+01   1.0000000000000000E+01
      1905         1         1        11
   1.5199999999999999E+01   3.5000000000000000E+01   1.0000000000000000E+01
      1906         1         1        11
   1.4666666666666668E+01   3.3333333333333314E+01   1.0000000000000000E+01
      1907         1         1        11
   1.4133333333333333E+01   3.1666666666666661E+01   1.0000000000000000E+01
      1908         1         1        11
   1.3600000000000001E+01   3.0000000000000000E+01   1.0000000000000000E+01
      1909         1         1        11
   1.3066666666666666E+01   2.8333333333333325E+01   1.0000000000000000E+01
      1910         1         1        11
   1.2533333333333333E+01   2.6666666666666657E+01   1.0000000000000000E+01
      1911         1         1        11
   1.6222222222222229E+01   4.8333333333333321E+01   1.0000000000000000E+01
      1912         1         1        11
   1.5777777777777782E+01   4.6666666666666664E+01   1.0000000000000000E+01
      1913         1         1        11
   1.5333333333333343E+01   4.4999999999999986E+01   1.0000000000000000E+01
      1914         1         1        11
   1.4888888888888895E+01   4.3333333333333329E+01   1.0000000000000000E+01
      1915         1         1        11
   1.4444444444444452E+01   4.1666666666666650E+01   1.0000000000000000E+01
      1916         1         1        11
   1.4000000000000004E+01   4.0000000000000000E+01   1.0000000000000000E+01
      1917         1         1        11
   1.3555555555555561E+01   3.8333333333333321E+01   1.0000000000000000E+01
      1918         1         1        11
   1.3111111111111116E+01   3.6666666666666657E+01   1.0000000000000000E+01
      1919         1         1        11
   1.2666666666666671E+01   3.5000000000000000E+01   1.0000000000000000E+01
      1920         1         1        11
   1.2222222222222225E+01   3.3333333333333321E+01   1.0000000000000000E+01
      1921         1         1        11
   1.1777777777777780E+01   3.1666666666666657E+01   1.0000000000000000E+01
      1922         1         1        11
   1.1333333333333334E+01   2.9999999999999993E+01   1.0000000000000000E+01
      1923         1         1        11
   1.0888888888888893E+01   2.8333333333333329E+01   1.0000000000000000E+01
      1924         1         1        11
   1.0444444444444445E+01   2.6666666666666668E+01   1.0000000000000000E+01
      1925         1         1        11
   1.2977777777777790E+01   4.8333333333333336E+01   1.0000000000000000E+01
      1926         1         1        11
   1.2622222222222236E+01   4.6666666666666650E+01   1.0000000000000000E+01
      1927         1         1        11
   1.2266666666666675E+01   4.5000000000000000E+01   1.0000000000000000E+01
      1928         1         1        11
   1.1911111111111124E+01   4.3333333333333329E+01   1.0000000000000000E+01
      1929         1         1        11
   1.1555555555555568E+01   4.1666666666666650E+01   1.0000000000000000E+01
      1930         1         1        11
   1.1200000000000006E+01   3.9999999999999986E+01   1.0000000000000000E+01
      1931         1         1        11
   1.0844444444444452E+01   3.8333333333333336E+01   1.0000000000000000E+01
      1932         1         1        11
   1.0488888888888896E+01   3.6666666666666664E+01   1.0000000000000000E+01
      1933         1         1        11
   1.0133333333333340E+01   3.5000000000000000E+01   1.0000000000000000E+01
      1934         1         1        11
   9.7777777777777821E+00   3.3333333333333329E+01   1.0000000000000000E+01
      1935         1         1        11
   9.4222222222222278E+00   3.1666666666666664E+01   1.0000000000000000E+01
      1936         1         1        11
   9.0666666666666682E+00   3.0000000000000000E+01   1.0000000000000000E+01
      1937         1         1        11
   8.7111111111111157E+00   2.8333333333333325E+01   1.0000000000000000E+01
      1938         1         1        11
   8.3555555555555561E+00   2.6666666666666661E+01   1.0000000000000000E+01
      1939         1         1        11
   9.7333333333333538E+00   4.8333333333333321E+01   1.0000000000000000E+01
      1940         1         1        11
   9.4666666666666863E+00   4.6666666666666650E+01   1.0000000000000000E+01
      1941         1         1        11
   9.2000000000000188E+00   4.4999999999999986E+01   1.0000000000000000E+01
      1942         1         1        11
   8.9333333333333478E+00   4.3333333333333329E+01   1.0000000000000000E+01
      1943         1         1        11
   8.6666666666666803E+00   4.1666666666666650E+01   1.0000000000000000E+01
      1944         1         1        11
   8.4000000000000163E+00   3.9999999999999993E+01   1.0000000000000000E+01
      1945         1         1        11
   8.1333333333333488E+00   3.8333333333333336E+01   1.0000000000000000E+01
      1946         1         1        11
   7.8666666666666778E+00   3.6666666666666657E+01   1.0000000000000000E+01
      1947         1         1        11
   7.6000000000000085E+00   3.5000000000000000E+01   1.0000000000000000E+01
      1948         1         1        11
   7.3333333333333419E+00   3.3333333333333336E+01   1.0000000000000000E+01
      1949         1         1        11
   7.0666666666666744E+00   3.1666666666666671E+01   1.0000000000000000E+01
      1950         1         1        11
   6.8000000000000043E+00   2.9999999999999993E+01   1.0000000000000000E+01
      1951         1         1        11
   6.5333333333333368E+00   2.8333333333333339E+01   1.0000000000000000E+01
      1952         1         1        11
   6.2666666666666666E+00   2.6666666666666657E+01   1.0000000000000000E+01
      1953         1         1        11
   6.4888888888889147E+00   4.8333333333333336E+01   1.0000000000000000E+01
      1954         1         1        11
   6.3111111111111340E+00   4.6666666666666657E+01   1.0000000000000000E+01
      1955         1         1        11
   6.1333333333333551E+00   4.4999999999999986E+01   1.0000000000000000E+01
      1956         1         1        11
   5.9555555555555770E+00   4.3333333333333321E+01   1.0000000000000000E+01
      1957         1         1        11
   5.7777777777777972E+00   4.1666666666666657E+01   1.0000000000000000E+01
      1958         1         1        11
   5.6000000000000174E+00   4.0000000000000000E+01   1.0000000000000000E+01
      1959         1         1        11
   5.4222222222222385E+00   3.8333333333333336E+01   1.0000000000000000E+01
      1960         1         1        11
   5.2444444444444596E+00   3.6666666666666664E+01   1.0000000000000000E+01
      1961         1         1        11
   5.0666666666666789E+00   3.5000000000000000E+01   1.0000000000000000E+01
      1962         1         1        11
   4.8888888888888982E+00   3.3333333333333329E+01   1.0000000000000000E+01
      1963         1         1        11
   4.7111111111111210E+00   3.1666666666666664E+01   1.0000000000000000E+01
      1964         1         1        11
   4.5333333333333394E+00   2.9999999999999989E+01   1.0000000000000000E+01
      1965         1         1        11
   4.3555555555555596E+00   2.8333333333333336E+01   1.0000000000000000E+01
      1966         1         1        11
   4.1777777777777798E+00   2.6666666666666668E+01   1.0000000000000000E+01
      1967         1         1        11
   3.2444444444444782E+00   4.8333333333333329E+01   1.0000000000000000E+01
      1968         1         1        11
   3.1555555555555856E+00   4.6666666666666671E+01   1.0000000000000000E+01
      1969         1         1        11
   3.0666666666666949E+00   4.5000000000000007E+01   1.0000000000000000E+01
      1970         1         1        11
   2.9777777777778045E+00   4.3333333333333329E+01   1.0000000000000000E+01
      1971         1         1        11
   2.8888888888889124E+00   4.1666666666666671E+01   1.0000000000000000E+01
      1972         1         1        11
   2.8000000000000225E+00   4.0000000000000000E+01   1.0000000000000000E+01
      1973         1         1        11
   2.7111111111111308E+00   3.8333333333333329E+01   1.0000000000000000E+01
      1974         1         1        11
   2.6222222222222391E+00   3.6666666666666664E+01   1.0000000000000000E+01
      1975         1         1        11
   2.5333333333333474E+00   3.4999999999999993E+01   1.0000000000000000E+01
      1976         1         1        11
   2.4444444444444566E+00   3.3333333333333350E+01   1.0000000000000000E+01
      1977         1         1        11
   2.3555555555555650E+00   3.1666666666666664E+01   1.0000000000000000E+01
      1978         1         1        11
   2.2666666666666742E+00   2.9999999999999993E+01   1.0000000000000000E+01
      1979         1         1        11
   2.1777777777777820E+00   2.8333333333333332E+01   1.0000000000000000E+01
      1980         1         1        11
   2.0888888888888908E+00   2.6666666666666664E+01   1.0000000000000000E+01
      1981         1         1        11
   4.5422222222222238E+01   1.6666666666666656E+00   0.0000000000000000E+00
      1982         1         1        11
   4.4177777777777777E+01   3.3333333333333313E+00   0.0000000000000000E+00
      1983         1         1        11
   4.2933333333333330E+01   4.9999999999999938E+00   0.0000000000000000E+00
      1984         1         1        11
   4.1688888888888904E+01   6.6666666666666599E+00   0.0000000000000000E+00
      1985         1         1        11
   4.0444444444444464E+01   8.3333333333333215E+00   0.0000000000000000E+00
      1986         1         1        11
   3.9200000000000017E+01   9.9999999999999876E+00   0.0000000000000000E+00
      1987         1         1        11
   3.7955555555555563E+01   1.1666666666666654E+01   0.0000000000000000E+00
      1988         1         1        11
   3.6711111111111137E+01   1.3333333333333318E+01   0.0000000000000000E+00
      1989         1         1        11
   3.5466666666666683E+01   1.4999999999999982E+01   0.0000000000000000E+00
      1990         1         1        11
   3.4222222222222243E+01   1.6666666666666643E+01   0.0000000000000000E+00
      1991         1         1        11
   3.2977777777777796E+01   1.8333333333333300E+01   0.0000000000000000E+00
      1992         1         1        11
   3.1733333333333356E+01   1.9999999999999964E+01   0.0000000000000000E+00
      1993         1         1        11
   3.0488888888888923E+01   2.1666666666666632E+01   0.0000000000000000E+00
      1994         1         1        11
   2.9244444444444468E+01   2.3333333333333293E+01   0.0000000000000000E+00
      1995         1         1        11
   4.2177777777777777E+01   1.6666666666666674E+00   0.0000000000000000E+00
      1996         1         1        11
   4.1022222222222233E+01   3.3333333333333313E+00   0.0000000000000000E+00
      1997         1         1        11
   3.9866666666666681E+01   4.9999999999999947E+00   0.0000000000000000E+00
      1998         1         1        11
   3.8711111111111116E+01   6.6666666666666607E+00   0.0000000000000000E+00
      1999         1         1        11
   3.7555555555555557E+01   8.3333333333333233E+00   0.0000000000000000E+00
      2000         1         1        11
   3.6400000000000013E+01   9.9999999999999893E+00   0.0000000000000000E+00
      2001         1         1        11
   3.5244444444444447E+01   1.1666666666666655E+01   0.0000000000000000E+00
      2002         1         1        11
   3.4088888888888903E+01   1.3333333333333316E+01   0.0000000000000000E+00
      2003         1         1        11
   3.2933333333333337E+01   1.4999999999999982E+01   0.0000000000000000E+00
      2004         1         1        11
   3.1777777777777786E+01   1.6666666666666650E+01   0.0000000000000000E+00
      2005         1         1        11
   3.0622222222222241E+01   1.8333333333333307E+01   0.0000000000000000E+00
      2006         1         1        11
   2.9466666666666690E+01   1.9999999999999972E+01   0.0000000000000000E+00
      2007         1         1        11
   2.8311111111111146E+01   2.1666666666666643E+01   0.0000000000000000E+00
      2008         1         1        11
   2.7155555555555583E+01   2.3333333333333297E+01   0.0000000000000000E+00
      2009         1         1        11
   3.8933333333333344E+01   1.6666666666666687E+00   0.0000000000000000E+00
      2010         1         1        11
   3.7866666666666653E+01   3.3333333333333335E+00   0.0000000000000000E+00
      2011         1         1        11
   3.6799999999999990E+01   4.9999999999999982E+00   0.0000000000000000E+00
      2012         1         1        11
   3.5733333333333334E+01   6.6666666666666625E+00   0.0000000000000000E+00
      2013         1         1        11
   3.4666666666666671E+01   8.3333333333333250E+00   0.0000000000000000E+00
      2014         1         1        11
   3.3600000000000016E+01   9.9999999999999911E+00   0.0000000000000000E+00
      2015         1         1        11
   3.2533333333333339E+01   1.1666666666666654E+01   0.0000000000000000E+00
      2016         1         1        11
   3.1466666666666683E+01   1.3333333333333318E+01   0.0000000000000000E+00
      2017         1         1        11
   3.0400000000000013E+01   1.4999999999999980E+01   0.0000000000000000E+00
      2018         1         1        11
   2.9333333333333350E+01   1.6666666666666650E+01   0.0000000000000000E+00
      2019         1         1        11
   2.8266666666666680E+01   1.8333333333333307E+01   0.0000000000000000E+00
      2020         1         1        11
   2.7200000000000024E+01   1.9999999999999979E+01   0.0000000000000000E+00
      2021         1         1        11
   2.6133333333333361E+01   2.1666666666666639E+01   0.0000000000000000E+00
      2022         1         1        11
   2.5066666666666688E+01   2.3333333333333304E+01   0.0000000000000000E+00
      2023         1         1        11
   3.5688888888888890E+01   1.6666666666666701E+00   0.0000000000000000E+00
      2024         1         1        11
   3.4711111111111116E+01   3.3333333333333348E+00   0.0000000000000000E+00
      2025         1         1        11
   3.3733333333333341E+01   4.9999999999999973E+00   0.0000000000000000E+00
      2026         1         1        11
   3.2755555555555574E+01   6.6666666666666634E+00   0.0000000000000000E+00
      2027         1         1        11
   3.1777777777777782E+01   8.3333333333333286E+00   0.0000000000000000E+00
      2028         1         1        11
   3.0800000000000011E+01   9.9999999999999911E+00   0.0000000000000000E+00
      2029         1         1        11
   2.9822222222222234E+01   1.1666666666666654E+01   0.0000000000000000E+00
      2030         1         1        11
   2.8844444444444449E+01   1.3333333333333323E+01   0.0000000000000000E+00
      2031         1         1        11
   2.7866666666666678E+01   1.4999999999999984E+01   0.0000000000000000E+00
      2032         1         1        11
   2.6888888888888907E+01   1.6666666666666650E+01   0.0000000000000000E+00
      2033         1         1        11
   2.5911111111111122E+01   1.8333333333333307E+01   0.0000000000000000E+00
      2034         1         1        11
   2.4933333333333351E+01   1.9999999999999979E+01   0.0000000000000000E+00
      2035         1         1        11
   2.3955555555555581E+01   2.1666666666666639E+01   0.0000000000000000E+00
      2036         1         1        11
   2.2977777777777806E+01   2.3333333333333300E+01   0.0000000000000000E+00
      2037         1         1        11
   3.2444444444444450E+01   1.6666666666666714E+00   0.0000000000000000E+00
      2038         1         1        11
   3.1555555555555554E+01   3.3333333333333357E+00   0.0000000000000000E+00
      2039         1         1        11
   3.0666666666666671E+01   5.0000000000000000E+00   0.0000000000000000E+00
      2040         1         1        11
   2.9777777777777775E+01   6.6666666666666661E+00   0.0000000000000000E+00
      2041         1         1        11
   2.8888888888888889E+01   8.3333333333333286E+00   0.0000000000000000E+00
      2042         1         1        11
   2.8000000000000000E+01   9.9999999999999893E+00   0.0000000000000000E+00
      2043         1         1        11
   2.7111111111111121E+01   1.1666666666666657E+01   0.0000000000000000E+00
      2044         1         1        11
   2.6222222222222236E+01   1.3333333333333325E+01   0.0000000000000000E+00
      2045         1         1        11
   2.5333333333333339E+01   1.4999999999999984E+01   0.0000000000000000E+00
      2046         1         1        11
   2.4444444444444457E+01   1.6666666666666650E+01   0.0000000000000000E+00
      2047         1         1        11
   2.3555555555555571E+01   1.8333333333333314E+01   0.0000000000000000E+00
      2048         1         1        11
   2.2666666666666682E+01   1.9999999999999979E+01   0.0000000000000000E+00
      2049         1         1        11
   2.1777777777777800E+01   2.1666666666666643E+01   0.0000000000000000E+00
      2050         1         1        11
   2.0888888888888903E+01   2.3333333333333300E+01   0.0000000000000000E+00
      2051         1         1        11
   2.9199999999999999E+01   1.6666666666666730E+00   0.0000000000000000E+00
      2052         1         1        11
   2.8399999999999999E+01   3.3333333333333366E+00   0.0000000000000000E+00
      2053         1         1        11
   2.7600000000000005E+01   5.0000000000000018E+00   0.0000000000000000E+00
      2054         1         1        11
   2.6800000000000004E+01   6.6666666666666679E+00   0.0000000000000000E+00
      2055         1         1        11
   2.6000000000000011E+01   8.3333333333333321E+00   0.0000000000000000E+00
      2056         1         1        11
   2.5200000000000010E+01   9.9999999999999947E+00   0.0000000000000000E+00
      2057         1         1        11
   2.4400000000000006E+01   1.1666666666666657E+01   0.0000000000000000E+00
      2058         1         1        11
   2.3600000000000005E+01   1.3333333333333323E+01   0.0000000000000000E+00
      2059         1         1        11
   2.2800000000000008E+01   1.4999999999999989E+01   0.0000000000000000E+00
      2060         1         1        11
   2.2000000000000014E+01   1.6666666666666650E+01   0.0000000000000000E+00
      2061         1         1        11
   2.1200000000000017E+01   1.8333333333333314E+01   0.0000000000000000E+00
      2062         1         1        11
   2.0400000000000016E+01   1.9999999999999979E+01   0.0000000000000000E+00
      2063         1         1        11
   1.9600000000000016E+01   2.1666666666666643E+01   0.0000000000000000E+00
      2064         1         1        11
   1.8800000000000018E+01   2.3333333333333300E+01   0.0000000000000000E+00
      2065         1         1        11
   2.5955555555555556E+01   1.6666666666666741E+00   0.0000000000000000E+00
      2066         1         1        11
   2.5244444444444444E+01   3.3333333333333384E+00   0.0000000000000000E+00
      2067         1         1        11
   2.4533333333333339E+01   5.0000000000000027E+00   0.0000000000000000E+00
      2068         1         1        11
   2.3822222222222219E+01   6.6666666666666679E+00   0.0000000000000000E+00
      2069         1         1        11
   2.3111111111111107E+01   8.3333333333333357E+00   0.0000000000000000E+00
      2070         1         1        11
   2.2400000000000006E+01   9.9999999999999964E+00   0.0000000000000000E+00
      2071         1         1        11
   2.1688888888888897E+01   1.1666666666666661E+01   0.0000000000000000E+00
      2072         1         1        11
   2.0977777777777785E+01   1.3333333333333325E+01   0.0000000000000000E+00
      2073         1         1        11
   2.0266666666666673E+01   1.4999999999999989E+01   0.0000000000000000E+00
      2074         1         1        11
   1.9555555555555564E+01   1.6666666666666657E+01   0.0000000000000000E+00
      2075         1         1        11
   1.8844444444444452E+01   1.8333333333333314E+01   0.0000000000000000E+00
      2076         1         1        11
   1.8133333333333344E+01   1.9999999999999979E+01   0.0000000000000000E+00
      2077         1         1        11
   1.7422222222222238E+01   2.1666666666666647E+01   0.0000000000000000E+00
      2078         1         1        11
   1.6711111111111130E+01   2.3333333333333311E+01   0.0000000000000000E+00
      2079         1         1        11
   2.2711111111111109E+01   1.6666666666666758E+00   0.0000000000000000E+00
      2080         1         1        11
   2.2088888888888885E+01   3.3333333333333397E+00   0.0000000000000000E+00
      2081         1         1        11
   2.1466666666666672E+01   5.0000000000000036E+00   0.0000000000000000E+00
      2082         1         1        11
   2.0844444444444449E+01   6.6666666666666696E+00   0.0000000000000000E+00
      2083         1         1        11
   2.0222222222222229E+01   8.3333333333333321E+00   0.0000000000000000E+00
      2084         1         1        11
   1.9600000000000005E+01   9.9999999999999964E+00   0.0000000000000000E+00
      2085         1         1        11
   1.8977777777777789E+01   1.1666666666666661E+01   0.0000000000000000E+00
      2086         1         1        11
   1.8355555555555569E+01   1.3333333333333329E+01   0.0000000000000000E+00
      2087         1         1        11
   1.7733333333333341E+01   1.4999999999999989E+01   0.0000000000000000E+00
      2088         1         1        11
   1.7111111111111121E+01   1.6666666666666650E+01   0.0000000000000000E+00
      2089         1         1        11
   1.6488888888888898E+01   1.8333333333333314E+01   0.0000000000000000E+00
      2090         1         1        11
   1.5866666666666680E+01   1.9999999999999986E+01   0.0000000000000000E+00
      2091         1         1        11
   1.5244444444444461E+01   2.1666666666666647E+01   0.0000000000000000E+00
      2092         1         1        11
   1.4622222222222236E+01   2.3333333333333314E+01   0.0000000000000000E+00
      2093         1         1        11
   1.9466666666666665E+01   1.6666666666666772E+00   0.0000000000000000E+00
      2094         1         1        11
   1.8933333333333330E+01   3.3333333333333410E+00   0.0000000000000000E+00
      2095         1         1        11
   1.8399999999999999E+01   5.0000000000000053E+00   0.0000000000000000E+00
      2096         1         1        11
   1.7866666666666671E+01   6.6666666666666687E+00   0.0000000000000000E+00
      2097         1         1        11
   1.7333333333333339E+01   8.3333333333333339E+00   0.0000000000000000E+00
      2098         1         1        11
   1.6800000000000008E+01   1.0000000000000004E+01   0.0000000000000000E+00
      2099         1         1        11
   1.6266666666666673E+01   1.1666666666666664E+01   0.0000000000000000E+00
      2100         1         1        11
   1.5733333333333341E+01   1.3333333333333329E+01   0.0000000000000000E+00
      2101         1         1        11
   1.5200000000000005E+01   1.4999999999999993E+01   0.0000000000000000E+00
      2102         1         1        11
   1.4666666666666675E+01   1.6666666666666657E+01   0.0000000000000000E+00
      2103         1         1        11
   1.4133333333333340E+01   1.8333333333333314E+01   0.0000000000000000E+00
      2104         1         1        11
   1.3600000000000012E+01   1.9999999999999982E+01   0.0000000000000000E+00
      2105         1         1        11
   1.3066666666666681E+01   2.1666666666666650E+01   0.0000000000000000E+00
      2106         1         1        11
   1.2533333333333344E+01   2.3333333333333314E+01   0.0000000000000000E+00
      2107         1         1        11
   1.6222222222222232E+01   1.6666666666666785E+00   0.0000000000000000E+00
      2108         1         1        11
   1.5777777777777782E+01   3.3333333333333428E+00   0.0000000000000000E+00
      2109         1         1        11
   1.5333333333333332E+01   5.0000000000000053E+00   0.0000000000000000E+00
      2110         1         1        11
   1.4888888888888889E+01   6.6666666666666714E+00   0.0000000000000000E+00
      2111         1         1        11
   1.4444444444444446E+01   8.3333333333333357E+00   0.0000000000000000E+00
      2112         1         1        11
   1.4000000000000005E+01   1.0000000000000000E+01   0.0000000000000000E+00
      2113         1         1        11
   1.3555555555555561E+01   1.1666666666666666E+01   0.0000000000000000E+00
      2114         1         1        11
   1.3111111111111118E+01   1.3333333333333327E+01   0.0000000000000000E+00
      2115         1         1        11
   1.2666666666666675E+01   1.4999999999999993E+01   0.0000000000000000E+00
      2116         1         1        11
   1.2222222222222229E+01   1.6666666666666657E+01   0.0000000000000000E+00
      2117         1         1        11
   1.1777777777777786E+01   1.8333333333333321E+01   0.0000000000000000E+00
      2118         1         1        11
   1.1333333333333343E+01   1.9999999999999989E+01   0.0000000000000000E+00
      2119         1         1        11
   1.0888888888888900E+01   2.1666666666666650E+01   0.0000000000000000E+00
      2120         1         1        11
   1.0444444444444454E+01   2.3333333333333321E+01   0.0000000000000000E+00
      2121         1         1        11
   1.2977777777777778E+01   1.6666666666666801E+00   0.0000000000000000E+00
      2122         1         1        11
   1.2622222222222224E+01   3.3333333333333455E+00   0.0000000000000000E+00
      2123         1         1        11
   1.2266666666666673E+01   5.0000000000000080E+00   0.0000000000000000E+00
      2124         1         1        11
   1.1911111111111111E+01   6.6666666666666741E+00   0.0000000000000000E+00
      2125         1         1        11
   1.1555555555555557E+01   8.3333333333333375E+00   0.0000000000000000E+00
      2126         1         1        11
   1.1200000000000003E+01   1.0000000000000004E+01   0.0000000000000000E+00
      2127         1         1        11
   1.0844444444444452E+01   1.1666666666666666E+01   0.0000000000000000E+00
      2128         1         1        11
   1.0488888888888894E+01   1.3333333333333327E+01   0.0000000000000000E+00
      2129         1         1        11
   1.0133333333333338E+01   1.4999999999999996E+01   0.0000000000000000E+00
      2130         1         1        11
   9.7777777777777821E+00   1.6666666666666664E+01   0.0000000000000000E+00
      2131         1         1        11
   9.4222222222222314E+00   1.8333333333333321E+01   0.0000000000000000E+00
      2132         1         1        11
   9.0666666666666735E+00   1.9999999999999993E+01   0.0000000000000000E+00
      2133         1         1        11
   8.7111111111111175E+00   2.1666666666666654E+01   0.0000000000000000E+00
      2134         1         1        11
   8.3555555555555650E+00   2.3333333333333332E+01   0.0000000000000000E+00
      2135         1         1        11
   9.7333333333333325E+00   1.6666666666666814E+00   0.0000000000000000E+00
      2136         1         1        11
   9.4666666666666668E+00   3.3333333333333464E+00   0.0000000000000000E+00
      2137         1         1        11
   9.2000000000000011E+00   5.0000000000000107E+00   0.0000000000000000E+00
      2138         1         1        11
   8.9333333333333336E+00   6.6666666666666741E+00   0.0000000000000000E+00
      2139         1         1        11
   8.6666666666666661E+00   8.3333333333333375E+00   0.0000000000000000E+00
      2140         1         1        11
   8.4000000000000004E+00   1.0000000000000000E+01   0.0000000000000000E+00
      2141         1         1        11
   8.1333333333333346E+00   1.1666666666666666E+01   0.0000000000000000E+00
      2142         1         1        11
   7.8666666666666689E+00   1.3333333333333337E+01   0.0000000000000000E+00
      2143         1         1        11
   7.6000000000000023E+00   1.4999999999999996E+01   0.0000000000000000E+00
      2144         1         1        11
   7.3333333333333375E+00   1.6666666666666661E+01   0.0000000000000000E+00
      2145         1         1        11
   7.0666666666666700E+00   1.8333333333333321E+01   0.0000000000000000E+00
      2146         1         1        11
   6.8000000000000060E+00   1.9999999999999989E+01   0.0000000000000000E+00
      2147         1         1        11
   6.5333333333333394E+00   2.1666666666666661E+01   0.0000000000000000E+00
      2148         1         1        11
   6.2666666666666719E+00   2.3333333333333329E+01   0.0000000000000000E+00
      2149         1         1        11
   6.4888888888888889E+00   1.6666666666666832E+00   0.0000000000000000E+00
      2150         1         1        11
   6.3111111111111118E+00   3.3333333333333472E+00   0.0000000000000000E+00
      2151         1         1        11
   6.1333333333333355E+00   5.0000000000000115E+00   0.0000000000000000E+00
      2152         1         1        11
   5.9555555555555566E+00   6.6666666666666758E+00   0.0000000000000000E+00
      2153         1         1        11
   5.7777777777777786E+00   8.3333333333333393E+00   0.0000000000000000E+00
      2154         1         1        11
   5.6000000000000014E+00   1.0000000000000004E+01   0.0000000000000000E+00
      2155         1         1        11
   5.4222222222222243E+00   1.1666666666666670E+01   0.0000000000000000E+00
      2156         1         1        11
   5.2444444444444471E+00   1.3333333333333332E+01   0.0000000000000000E+00
      2157         1         1        11
   5.0666666666666682E+00   1.4999999999999996E+01   0.0000000000000000E+00
      2158         1         1        11
   4.8888888888888902E+00   1.6666666666666664E+01   0.0000000000000000E+00
      2159         1         1        11
   4.7111111111111139E+00   1.8333333333333329E+01   0.0000000000000000E+00
      2160         1         1        11
   4.5333333333333368E+00   1.9999999999999996E+01   0.0000000000000000E+00
      2161         1         1        11
   4.3555555555555605E+00   2.1666666666666664E+01   0.0000000000000000E+00
      2162         1         1        11
   4.1777777777777807E+00   2.3333333333333332E+01   0.0000000000000000E+00
      2163         1         1        11
   3.2444444444444440E+00   1.6666666666666843E+00   0.0000000000000000E+00
      2164         1         1        11
   3.1555555555555559E+00   3.3333333333333486E+00   0.0000000000000000E+00
      2165         1         1        11
   3.0666666666666678E+00   5.0000000000000133E+00   0.0000000000000000E+00
      2166         1         1        11
   2.9777777777777774E+00   6.6666666666666776E+00   0.0000000000000000E+00
      2167         1         1        11
   2.8888888888888897E+00   8.3333333333333428E+00   0.0000000000000000E+00
      2168         1         1        11
   2.8000000000000016E+00   1.0000000000000007E+01   0.0000000000000000E+00
      2169         1         1        11
   2.7111111111111121E+00   1.1666666666666671E+01   0.0000000000000000E+00
      2170         1         1        11
   2.6222222222222236E+00   1.3333333333333336E+01   0.0000000000000000E+00
      2171         1         1        11
   2.5333333333333341E+00   1.5000000000000002E+01   0.0000000000000000E+00
      2172         1         1        11
   2.4444444444444451E+00   1.6666666666666657E+01   0.0000000000000000E+00
      2173         1         1        11
   2.3555555555555570E+00   1.8333333333333329E+01   0.0000000000000000E+00
      2174         1         1        11
   2.2666666666666684E+00   1.9999999999999993E+01   0.0000000000000000E+00
      2175         1         1        11
   2.1777777777777803E+00   2.1666666666666664E+01   0.0000000000000000E+00
      2176         1         1        11
   2.0888888888888903E+00   2.3333333333333336E+01   0.0000000000000000E+00
      2177         1         1        11
   3.2444444444444454E+00   1.6666666666666845E+00   1.0000000000000000E+01
      2178         1         1        11
   3.1555555555555554E+00   3.3333333333333490E+00   1.0000000000000000E+01
      2179         1         1        11
   3.0666666666666678E+00   5.0000000000000133E+00   1.0000000000000000E+01
      2180         1         1        11
   2.9777777777777770E+00   6.6666666666666767E+00   1.0000000000000000E+01
      2181         1         1        11
   2.8888888888888897E+00   8.3333333333333428E+00   1.0000000000000000E+01
      2182         1         1        11
   2.8000000000000007E+00   1.0000000000000007E+01   1.0000000000000000E+01
      2183         1         1        11
   2.7111111111111108E+00   1.1666666666666671E+01   1.0000000000000000E+01
      2184         1         1        11
   2.6222222222222227E+00   1.3333333333333337E+01   1.0000000000000000E+01
      2185         1         1        11
   2.5333333333333328E+00   1.5000000000000004E+01   1.0000000000000000E+01
      2186         1         1        11
   2.4444444444444446E+00   1.6666666666666664E+01   1.0000000000000000E+01
      2187         1         1        11
   2.3555555555555552E+00   1.8333333333333329E+01   1.0000000000000000E+01
      2188         1         1        11
   2.2666666666666666E+00   2.0000000000000000E+01   1.0000000000000000E+01
      2189         1         1        11
   2.1777777777777785E+00   2.1666666666666664E+01   1.0000000000000000E+01
      2190         1         1        11
   2.0888888888888895E+00   2.3333333333333336E+01   1.0000000000000000E+01
      2191         1         1        11
   6.4888888888888907E+00   1.6666666666666829E+00   1.0000000000000000E+01
      2192         1         1        11
   6.3111111111111109E+00   3.3333333333333468E+00   1.0000000000000000E+01
      2193         1         1        11
   6.1333333333333355E+00   5.0000000000000142E+00   1.0000000000000000E+01
      2194         1         1        11
   5.9555555555555539E+00   6.6666666666666767E+00   1.0000000000000000E+01
      2195         1         1        11
   5.7777777777777777E+00   8.3333333333333375E+00   1.0000000000000000E+01
      2196         1         1        11
   5.6000000000000005E+00   1.0000000000000005E+01   1.0000000000000000E+01
      2197         1         1        11
   5.4222222222222216E+00   1.1666666666666671E+01   1.0000000000000000E+01
      2198         1         1        11
   5.2444444444444454E+00   1.3333333333333336E+01   1.0000000000000000E+01
      2199         1         1        11
   5.0666666666666655E+00   1.4999999999999998E+01   1.0000000000000000E+01
      2200         1         1        11
   4.8888888888888893E+00   1.6666666666666668E+01   1.0000000000000000E+01
      2201         1         1        11
   4.7111111111111104E+00   1.8333333333333332E+01   1.0000000000000000E+01
      2202         1         1        11
   4.5333333333333332E+00   1.9999999999999993E+01   1.0000000000000000E+01
      2203         1         1        11
   4.3555555555555570E+00   2.1666666666666668E+01   1.0000000000000000E+01
      2204         1         1        11
   4.1777777777777789E+00   2.3333333333333329E+01   1.0000000000000000E+01
      2205         1         1        11
   9.7333333333333343E+00   1.6666666666666818E+00   1.0000000000000000E+01
      2206         1         1        11
   9.4666666666666650E+00   3.3333333333333472E+00   1.0000000000000000E+01
      2207         1         1        11
   9.1999999999999993E+00   5.0000000000000115E+00   1.0000000000000000E+01
      2208         1         1        11
   8.9333333333333336E+00   6.6666666666666767E+00   1.0000000000000000E+01
      2209         1         1        11
   8.6666666666666679E+00   8.3333333333333393E+00   1.0000000000000000E+01
      2210         1         1        11
   8.4000000000000021E+00   1.0000000000000004E+01   1.0000000000000000E+01
      2211         1         1        11
   8.1333333333333329E+00   1.1666666666666668E+01   1.0000000000000000E+01
      2212         1         1        11
   7.8666666666666689E+00   1.3333333333333339E+01   1.0000000000000000E+01
      2213         1         1        11
   7.5999999999999996E+00   1.5000000000000000E+01   1.0000000000000000E+01
      2214         1         1        11
   7.3333333333333339E+00   1.6666666666666671E+01   1.0000000000000000E+01
      2215         1         1        11
   7.0666666666666664E+00   1.8333333333333332E+01   1.0000000000000000E+01
      2216         1         1        11
   6.8000000000000016E+00   1.9999999999999993E+01   1.0000000000000000E+01
      2217         1         1        11
   6.5333333333333350E+00   2.1666666666666664E+01   1.0000000000000000E+01
      2218         1         1        11
   6.2666666666666675E+00   2.3333333333333332E+01   1.0000000000000000E+01
      2219         1         1        11
   1.2977777777777780E+01   1.6666666666666805E+00   1.0000000000000000E+01
      2220         1         1        11
   1.2622222222222220E+01   3.3333333333333459E+00   1.0000000000000000E+01
      2221         1         1        11
   1.2266666666666664E+01   5.0000000000000089E+00   1.0000000000000000E+01
      2222         1         1        11
   1.1911111111111108E+01   6.6666666666666758E+00   1.0000000000000000E+01
      2223         1         1        11
   1.1555555555555554E+01   8.3333333333333410E+00   1.0000000000000000E+01
      2224         1         1        11
   1.1200000000000003E+01   1.0000000000000005E+01   1.0000000000000000E+01
      2225         1         1        11
   1.0844444444444443E+01   1.1666666666666671E+01   1.0000000000000000E+01
      2226         1         1        11
   1.0488888888888891E+01   1.3333333333333332E+01   1.0000000000000000E+01
      2227         1         1        11
   1.0133333333333331E+01   1.4999999999999998E+01   1.0000000000000000E+01
      2228         1         1        11
   9.7777777777777786E+00   1.6666666666666671E+01   1.0000000000000000E+01
      2229         1         1        11
   9.4222222222222207E+00   1.8333333333333332E+01   1.0000000000000000E+01
      2230         1         1        11
   9.0666666666666664E+00   1.9999999999999996E+01   1.0000000000000000E+01
      2231         1         1        11
   8.7111111111111139E+00   2.1666666666666661E+01   1.0000000000000000E+01
      2232         1         1        11
   8.3555555555555561E+00   2.3333333333333329E+01   1.0000000000000000E+01
      2233         1         1        11
   1.6222222222222221E+01   1.6666666666666790E+00   1.0000000000000000E+01
      2234         1         1        11
   1.5777777777777780E+01   3.3333333333333446E+00   1.0000000000000000E+01
      2235         1         1        11
   1.5333333333333336E+01   5.0000000000000080E+00   1.0000000000000000E+01
      2236         1         1        11
   1.4888888888888889E+01   6.6666666666666750E+00   1.0000000000000000E+01
      2237         1         1        11
   1.4444444444444446E+01   8.3333333333333393E+00   1.0000000000000000E+01
      2238         1         1        11
   1.4000000000000002E+01   1.0000000000000007E+01   1.0000000000000000E+01
      2239         1         1        11
   1.3555555555555557E+01   1.1666666666666671E+01   1.0000000000000000E+01
      2240         1         1        11
   1.3111111111111114E+01   1.3333333333333332E+01   1.0000000000000000E+01
      2241         1         1        11
   1.2666666666666668E+01   1.5000000000000000E+01   1.0000000000000000E+01
      2242         1         1        11
   1.2222222222222221E+01   1.6666666666666664E+01   1.0000000000000000E+01
      2243         1         1        11
   1.1777777777777780E+01   1.8333333333333329E+01   1.0000000000000000E+01
      2244         1         1        11
   1.1333333333333337E+01   1.9999999999999996E+01   1.0000000000000000E+01
      2245         1         1        11
   1.0888888888888893E+01   2.1666666666666661E+01   1.0000000000000000E+01
      2246         1         1        11
   1.0444444444444448E+01   2.3333333333333332E+01   1.0000000000000000E+01
      2247         1         1        11
   1.9466666666666661E+01   1.6666666666666781E+00   1.0000000000000000E+01
      2248         1         1        11
   1.8933333333333330E+01   3.3333333333333437E+00   1.0000000000000000E+01
      2249         1         1        11
   1.8399999999999999E+01   5.0000000000000089E+00   1.0000000000000000E+01
      2250         1         1        11
   1.7866666666666667E+01   6.6666666666666723E+00   1.0000000000000000E+01
      2251         1         1        11
   1.7333333333333336E+01   8.3333333333333375E+00   1.0000000000000000E+01
      2252         1         1        11
   1.6800000000000004E+01   1.0000000000000004E+01   1.0000000000000000E+01
      2253         1         1        11
   1.6266666666666669E+01   1.1666666666666670E+01   1.0000000000000000E+01
      2254         1         1        11
   1.5733333333333338E+01   1.3333333333333336E+01   1.0000000000000000E+01
      2255         1         1        11
   1.5199999999999999E+01   1.5000000000000000E+01   1.0000000000000000E+01
      2256         1         1        11
   1.4666666666666668E+01   1.6666666666666668E+01   1.0000000000000000E+01
      2257         1         1        11
   1.4133333333333333E+01   1.8333333333333325E+01   1.0000000000000000E+01
      2258         1         1        11
   1.3600000000000003E+01   2.0000000000000000E+01   1.0000000000000000E+01
      2259         1         1        11
   1.3066666666666674E+01   2.1666666666666664E+01   1.0000000000000000E+01
      2260         1         1        11
   1.2533333333333335E+01   2.3333333333333329E+01   1.0000000000000000E+01
      2261         1         1        11
   2.2711111111111112E+01   1.6666666666666767E+00   1.0000000000000000E+01
      2262         1         1        11
   2.2088888888888892E+01   3.3333333333333415E+00   1.0000000000000000E+01
      2263         1         1        11
   2.1466666666666661E+01   5.0000000000000080E+00   1.0000000000000000E+01
      2264         1         1        11
   2.0844444444444438E+01   6.6666666666666732E+00   1.0000000000000000E+01
      2265         1         1        11
   2.0222222222222229E+01   8.3333333333333375E+00   1.0000000000000000E+01
      2266         1         1        11
   1.9600000000000001E+01   1.0000000000000005E+01   1.0000000000000000E+01
      2267         1         1        11
   1.8977777777777778E+01   1.1666666666666668E+01   1.0000000000000000E+01
      2268         1         1        11
   1.8355555555555561E+01   1.3333333333333336E+01   1.0000000000000000E+01
      2269         1         1        11
   1.7733333333333334E+01   1.5000000000000000E+01   1.0000000000000000E+01
      2270         1         1        11
   1.7111111111111114E+01   1.6666666666666671E+01   1.0000000000000000E+01
      2271         1         1        11
   1.6488888888888891E+01   1.8333333333333325E+01   1.0000000000000000E+01
      2272         1         1        11
   1.5866666666666671E+01   1.9999999999999993E+01   1.0000000000000000E+01
      2273         1         1        11
   1.5244444444444451E+01   2.1666666666666664E+01   1.0000000000000000E+01
      2274         1         1        11
   1.4622222222222222E+01   2.3333333333333329E+01   1.0000000000000000E+01
      2275         1         1        11
   2.5955555555555552E+01   1.6666666666666754E+00   1.0000000000000000E+01
      2276         1         1        11
   2.5244444444444447E+01   3.3333333333333406E+00   1.0000000000000000E+01
      2277         1         1        11
   2.4533333333333331E+01   5.0000000000000071E+00   1.0000000000000000E+01
      2278         1         1        11
   2.3822222222222223E+01   6.6666666666666714E+00   1.0000000000000000E+01
      2279         1         1        11
   2.3111111111111111E+01   8.3333333333333357E+00   1.0000000000000000E+01
      2280         1         1        11
   2.2399999999999991E+01   1.0000000000000004E+01   1.0000000000000000E+01
      2281         1         1        11
   2.1688888888888886E+01   1.1666666666666668E+01   1.0000000000000000E+01
      2282         1         1        11
   2.0977777777777778E+01   1.3333333333333332E+01   1.0000000000000000E+01
      2283         1         1        11
   2.0266666666666669E+01   1.5000000000000000E+01   1.0000000000000000E+01
      2284         1         1        11
   1.9555555555555557E+01   1.6666666666666671E+01   1.0000000000000000E+01
      2285         1         1        11
   1.8844444444444441E+01   1.8333333333333329E+01   1.0000000000000000E+01
      2286         1         1        11
   1.8133333333333333E+01   1.9999999999999993E+01   1.0000000000000000E+01
      2287         1         1        11
   1.7422222222222228E+01   2.1666666666666668E+01   1.0000000000000000E+01
      2288         1         1        11
   1.6711111111111112E+01   2.3333333333333336E+01   1.0000000000000000E+01
      2289         1         1        11
   2.9199999999999992E+01   1.6666666666666741E+00   1.0000000000000000E+01
      2290         1         1        11
   2.8400000000000002E+01   3.3333333333333397E+00   1.0000000000000000E+01
      2291         1         1        11
   2.7599999999999994E+01   5.0000000000000036E+00   1.0000000000000000E+01
      2292         1         1        11
   2.6800000000000001E+01   6.6666666666666732E+00   1.0000000000000000E+01
      2293         1         1        11
   2.5999999999999996E+01   8.3333333333333375E+00   1.0000000000000000E+01
      2294         1         1        11
   2.5200000000000003E+01   1.0000000000000002E+01   1.0000000000000000E+01
      2295         1         1        11
   2.4399999999999995E+01   1.1666666666666664E+01   1.0000000000000000E+01
      2296         1         1        11
   2.3600000000000001E+01   1.3333333333333332E+01   1.0000000000000000E+01
      2297         1         1        11
   2.2799999999999997E+01   1.5000000000000000E+01   1.0000000000000000E+01
      2298         1         1        11
   2.2000000000000000E+01   1.6666666666666664E+01   1.0000000000000000E+01
      2299         1         1        11
   2.1200000000000003E+01   1.8333333333333329E+01   1.0000000000000000E+01
      2300         1         1        11
   2.0400000000000006E+01   1.9999999999999993E+01   1.0000000000000000E+01
      2301         1         1        11
   1.9600000000000001E+01   2.1666666666666661E+01   1.0000000000000000E+01
      2302         1         1        11
   1.8800000000000004E+01   2.3333333333333329E+01   1.0000000000000000E+01
      2303         1         1        11
   3.2444444444444450E+01   1.6666666666666727E+00   1.0000000000000000E+01
      2304         1         1        11
   3.1555555555555554E+01   3.3333333333333379E+00   1.0000000000000000E+01
      2305         1         1        11
   3.0666666666666671E+01   5.0000000000000036E+00   1.0000000000000000E+01
      2306         1         1        11
   2.9777777777777779E+01   6.6666666666666696E+00   1.0000000000000000E+01
      2307         1         1        11
   2.8888888888888886E+01   8.3333333333333357E+00   1.0000000000000000E+01
      2308         1         1        11
   2.8000000000000004E+01   1.0000000000000000E+01   1.0000000000000000E+01
      2309         1         1        11
   2.7111111111111111E+01   1.1666666666666668E+01   1.0000000000000000E+01
      2310         1         1        11
   2.6222222222222221E+01   1.3333333333333336E+01   1.0000000000000000E+01
      2311         1         1        11
   2.5333333333333329E+01   1.4999999999999996E+01   1.0000000000000000E+01
      2312         1         1        11
   2.4444444444444443E+01   1.6666666666666664E+01   1.0000000000000000E+01
      2313         1         1        11
   2.3555555555555561E+01   1.8333333333333321E+01   1.0000000000000000E+01
      2314         1         1        11
   2.2666666666666671E+01   1.9999999999999989E+01   1.0000000000000000E+01
      2315         1         1        11
   2.1777777777777786E+01   2.1666666666666664E+01   1.0000000000000000E+01
      2316         1         1        11
   2.0888888888888893E+01   2.3333333333333329E+01   1.0000000000000000E+01
      2317         1         1        11
   3.5688888888888883E+01   1.6666666666666716E+00   1.0000000000000000E+01
      2318         1         1        11
   3.4711111111111116E+01   3.3333333333333379E+00   1.0000000000000000E+01
      2319         1         1        11
   3.3733333333333341E+01   5.0000000000000027E+00   1.0000000000000000E+01
      2320         1         1        11
   3.2755555555555567E+01   6.6666666666666696E+00   1.0000000000000000E+01
      2321         1         1        11
   3.1777777777777771E+01   8.3333333333333357E+00   1.0000000000000000E+01
      2322         1         1        11
   3.0799999999999997E+01   1.0000000000000000E+01   1.0000000000000000E+01
      2323         1         1        11
   2.9822222222222216E+01   1.1666666666666668E+01   1.0000000000000000E+01
      2324         1         1        11
   2.8844444444444445E+01   1.3333333333333336E+01   1.0000000000000000E+01
      2325         1         1        11
   2.7866666666666664E+01   1.4999999999999995E+01   1.0000000000000000E+01
      2326         1         1        11
   2.6888888888888893E+01   1.6666666666666664E+01   1.0000000000000000E+01
      2327         1         1        11
   2.5911111111111115E+01   1.8333333333333325E+01   1.0000000000000000E+01
      2328         1         1        11
   2.4933333333333337E+01   1.9999999999999996E+01   1.0000000000000000E+01
      2329         1         1        11
   2.3955555555555566E+01   2.1666666666666661E+01   1.0000000000000000E+01
      2330         1         1        11
   2.2977777777777785E+01   2.3333333333333318E+01   1.0000000000000000E+01
      2331         1         1        11
   3.8933333333333337E+01   1.6666666666666707E+00   1.0000000000000000E+01
      2332         1         1        11
   3.7866666666666660E+01   3.3333333333333366E+00   1.0000000000000000E+01
      2333         1         1        11
   3.6799999999999990E+01   5.0000000000000027E+00   1.0000000000000000E+01
      2334         1         1        11
   3.5733333333333334E+01   6.6666666666666696E+00   1.0000000000000000E+01
      2335         1         1        11
   3.4666666666666664E+01   8.3333333333333339E+00   1.0000000000000000E+01
      2336         1         1        11
   3.3600000000000009E+01   9.9999999999999982E+00   1.0000000000000000E+01
      2337         1         1        11
   3.2533333333333331E+01   1.1666666666666668E+01   1.0000000000000000E+01
      2338         1         1        11
   3.1466666666666672E+01   1.3333333333333334E+01   1.0000000000000000E+01
      2339         1         1        11
   3.0400000000000002E+01   1.4999999999999998E+01   1.0000000000000000E+01
      2340         1         1        11
   2.9333333333333336E+01   1.6666666666666671E+01   1.0000000000000000E+01
      2341         1         1        11
   2.8266666666666666E+01   1.8333333333333325E+01   1.0000000000000000E+01
      2342         1         1        11
   2.7199999999999996E+01   2.0000000000000000E+01   1.0000000000000000E+01
      2343         1         1        11
   2.6133333333333344E+01   2.1666666666666664E+01   1.0000000000000000E+01
      2344         1         1        11
   2.5066666666666670E+01   2.3333333333333318E+01   1.0000000000000000E+01
      2345         1         1        11
   4.2177777777777791E+01   1.6666666666666687E+00   1.0000000000000000E+01
      2346         1         1        11
   4.1022222222222233E+01   3.3333333333333353E+00   1.0000000000000000E+01
      2347         1         1        11
   3.9866666666666660E+01   5.0000000000000000E+00   1.0000000000000000E+01
      2348         1         1        11
   3.8711111111111109E+01   6.6666666666666696E+00   1.0000000000000000E+01
      2349         1         1        11
   3.7555555555555571E+01   8.3333333333333321E+00   1.0000000000000000E+01
      2350         1         1        11
   3.6400000000000006E+01   1.0000000000000004E+01   1.0000000000000000E+01
      2351         1         1        11
   3.5244444444444454E+01   1.1666666666666668E+01   1.0000000000000000E+01
      2352         1         1        11
   3.4088888888888903E+01   1.3333333333333336E+01   1.0000000000000000E+01
      2353         1         1        11
   3.2933333333333323E+01   1.5000000000000000E+01   1.0000000000000000E+01
      2354         1         1        11
   3.1777777777777779E+01   1.6666666666666668E+01   1.0000000000000000E+01
      2355         1         1        11
   3.0622222222222227E+01   1.8333333333333325E+01   1.0000000000000000E+01
      2356         1         1        11
   2.9466666666666676E+01   1.9999999999999993E+01   1.0000000000000000E+01
      2357         1         1        11
   2.8311111111111117E+01   2.1666666666666664E+01   1.0000000000000000E+01
      2358         1         1        11
   2.7155555555555562E+01   2.3333333333333321E+01   1.0000000000000000E+01
      2359         1         1        11
   4.5422222222222238E+01   1.6666666666666679E+00   1.0000000000000000E+01
      2360         1         1        11
   4.4177777777777784E+01   3.3333333333333353E+00   1.0000000000000000E+01
      2361         1         1        11
   4.2933333333333323E+01   5.0000000000000000E+00   1.0000000000000000E+01
      2362         1         1        11
   4.1688888888888890E+01   6.6666666666666670E+00   1.0000000000000000E+01
      2363         1         1        11
   4.0444444444444443E+01   8.3333333333333321E+00   1.0000000000000000E+01
      2364         1         1        11
   3.9200000000000003E+01   9.9999999999999982E+00   1.0000000000000000E+01
      2365         1         1        11
   3.7955555555555549E+01   1.1666666666666666E+01   1.0000000000000000E+01
      2366         1         1        11
   3.6711111111111123E+01   1.3333333333333336E+01   1.0000000000000000E+01
      2367         1         1        11
   3.5466666666666669E+01   1.5000000000000000E+01   1.0000000000000000E+01
      2368         1         1        11
   3.4222222222222229E+01   1.6666666666666671E+01   1.0000000000000000E+01
      2369         1         1        11
   3.2977777777777796E+01   1.8333333333333329E+01   1.0000000000000000E+01
      2370         1         1        11
   3.1733333333333341E+01   1.9999999999999996E+01   1.0000000000000000E+01
      2371         1         1        11
   3.0488888888888901E+01   2.1666666666666661E+01   1.0000000000000000E+01
      2372         1         1        11
   2.9244444444444447E+01   2.3333333333333321E+01   1.0000000000000000E+01
    -1
    -1
  2412
         1        11         2         1         7         2
         0         1         1
         1        21
         2        11         2         1         7         2
         0         1         1
        21        22
         3        11         2         1         7         2
         0         1         1
        22        23
         4        11         2         1         7         2
         0         1         1
        23        24
         5        11         2         1         7         2
         0         1         1
        24        25
         6        11         2         1         7         2
         0         1         1
        25        26
         7        11         2         1         7         2
         0         1         1
        26        27
         8        11         2         1         7         2
         0         1         1
        27        28
         9        11         2         1         7         2
         0         1         1
        28        29
        10        11         2         1         7         2
         0         1         1
        29        30
        11        11         2         1         7         2
         0         1         1
        30        31
        12        11         2         1         7         2
         0         1         1
        31        32
        13        11         2         1         7         2
         0         1         1
        32        33
        14        11         2         1         7         2
         0         1         1
        33        34
        15        11         2         1         7         2
         0         1         1
        34         3
        16        11         2         1         7         2
         0         1         1
         2        35
        17        11         2         1         7         2
         0         1         1
        35        36
        18        11         2         1         7         2
         0         1         1
        36        37
        19        11         2         1         7         2
         0         1         1
        37        38
        20        11         2         1         7         2
         0         1         1
        38        39
        21        11         2         1         7         2
         0         1         1
        39        40
        22        11         2         1         7         2
         0         1         1
        40        41
        23        11         2         1         7         2
         0         1         1
        41        42
        24        11         2         1         7         2
         0         1         1
        42        43
        25        11         2         1         7         2
         0         1         1
        43        44
        26        11         2         1         7         2
         0         1         1
        44        45
        27        11         2         1         7         2
         0         1         1
        45        46
        28        11         2         1         7         2
         0         1         1
        46        47
        29        11         2         1         7         2
         0         1         1
        47        48
        30        11         2         1         7         2
         0         1         1
        48         4
        31        11         2         1         7         2
         0         1         1
         5        49
        32        11         2         1         7         2
         0         1         1
        49        50
        33        11         2         1         7         2
         0         1         1
        50        51
        34        11         2         1         7         2
         0         1         1
        51        52
        35        11         2         1         7         2
         0         1         1
        52        53
        36        11         2         1         7         2
         0         1         1
        53        54
        37        11         2         1         7         2
         0         1         1
        54        55
        38        11         2         1         7         2
         0         1         1
        55        56
        39        11         2         1         7         2
         0         1         1
        56        57
        40        11         2         1         7         2
         0         1         1
        57        58
        41        11         2         1         7         2
         0         1         1
        58        59
        42        11         2         1         7         2
         0         1         1
        59        60
        43        11         2         1         7         2
         0         1         1
        60        61
        44        11         2         1         7         2
         0         1         1
        61        62
        45        11         2         1         7         2
         0         1         1
        62         1
        46        11         2         1         7         2
         0         1         1
         6        63
        47        11         2         1         7         2
         0         1         1
        63        64
        48        11         2         1         7         2
         0         1         1
        64        65
        49        11         2         1         7         2
         0         1         1
        65        66
        50        11         2         1         7         2
         0         1         1
        66        67
        51        11         2         1         7         2
         0         1         1
        67        68
        52        11         2         1         7         2
         0         1         1
        68        69
        53        11         2         1         7         2
         0         1         1
        69        70
        54        11         2         1         7         2
         0         1         1
        70        71
        55        11         2         1         7         2
         0         1         1
        71        72
        56        11         2         1         7         2
         0         1         1
        72        73
        57        11         2         1         7         2
         0         1         1
        73        74
        58        11         2         1         7         2
         0         1         1
        74        75
        59        11         2         1         7         2
         0         1         1
        75        76
        60        11         2         1         7         2
         0         1         1
        76         2
        61        11         2         1         7         2
         0         1         1
         7        77
        62        11         2         1         7         2
         0         1         1
        77        78
        63        11         2         1         7         2
         0         1         1
        78        79
        64        11         2         1         7         2
         0         1         1
        79        80
        65        11         2         1         7         2
         0         1         1
        80        81
        66        11         2         1         7         2
         0         1         1
        81        82
        67        11         2         1         7         2
         0         1         1
        82        83
        68        11         2         1         7         2
         0         1         1
        83        84
        69        11         2         1         7         2
         0         1         1
        84        85
        70        11         2         1         7         2
         0         1         1
        85        86
        71        11         2         1         7         2
         0         1         1
        86        87
        72        11         2         1         7         2
         0         1         1
        87        88
        73        11         2         1         7         2
         0         1         1
        88        89
        74        11         2         1         7         2
         0         1         1
        89        90
        75        11         2         1         7         2
         0         1         1
        90         5
        76        11         2         1         7         2
         0         1         1
         8        91
        77        11         2         1         7         2
         0         1         1
        91        92
        78        11         2         1         7         2
         0         1         1
        92        93
        79        11         2         1         7         2
         0         1         1
        93        94
        80        11         2         1         7         2
         0         1         1
        94        95
        81        11         2         1         7         2
         0         1         1
        95        96
        82        11         2         1         7         2
         0         1         1
        96        97
        83        11         2         1         7         2
         0         1         1
        97        98
        84        11         2         1         7         2
         0         1         1
        98        99
        85        11         2         1         7         2
         0         1         1
        99       100
        86        11         2         1         7         2
         0         1         1
       100       101
        87        11         2         1         7         2
         0         1         1
       101       102
        88        11         2         1         7         2
         0         1         1
       102       103
        89        11         2         1         7         2
         0         1         1
       103       104
        90        11         2         1         7         2
         0         1         1
       104         6
        91        11         2         1         7         2
         0         1         1
         3       105
        92        11         2         1         7         2
         0         1         1
       105       106
        93        11         2         1         7         2
         0         1         1
       106       107
        94        11         2         1         7         2
         0         1         1
       107       108
        95        11         2         1         7         2
         0         1         1
       108       109
        96        11         2         1         7         2
         0         1         1
       109       110
        97        11         2         1         7         2
         0         1         1
       110       111
        98        11         2         1         7         2
         0         1         1
       111       112
        99        11         2         1         7         2
         0         1         1
       112       113
       100        11         2         1         7         2
         0         1         1
       113       114
       101        11         2         1         7         2
         0         1         1
       114       115
       102        11         2         1         7         2
         0         1         1
       115       116
       103        11         2         1         7         2
         0         1         1
       116       117
       104        11         2         1         7         2
         0         1         1
       117       118
       105        11         2         1         7         2
         0         1         1
       118         7
       106        11         2         1         7         2
         0         1         1
         4       119
       107        11         2         1         7         2
         0         1         1
       119       120
       108        11         2         1         7         2
         0         1         1
       120       121
       109        11         2         1         7         2
         0         1         1
       121       122
       110        11         2         1         7         2
         0         1         1
       122       123
       111        11         2         1         7         2
         0         1         1
       123       124
       112        11         2         1         7         2
         0         1         1
       124       125
       113        11         2         1         7         2
         0         1         1
       125       126
       114        11         2         1         7         2
         0         1         1
       126       127
       115        11         2         1         7         2
         0         1         1
       127       128
       116        11         2         1         7         2
         0         1         1
       128       129
       117        11         2         1         7         2
         0         1         1
       129       130
       118        11         2         1         7         2
         0         1         1
       130       131
       119        11         2         1         7         2
         0         1         1
       131       132
       120        11         2         1         7         2
         0         1         1
       132         8
       121        11         2         1         7         2
         0         1         1
         9       133
       122        11         2         1         7         2
         0         1         1
       133       134
       123        11         2         1         7         2
         0         1         1
       134       135
       124        11         2         1         7         2
         0         1         1
       135       136
       125        11         2         1         7         2
         0         1         1
       136       137
       126        11         2         1         7         2
         0         1         1
       137       138
       127        11         2         1         7         2
         0         1         1
       138       139
       128        11         2         1         7         2
         0         1         1
       139       140
       129        11         2         1         7         2
         0         1         1
       140       141
       130        11         2         1         7         2
         0         1         1
       141       142
       131        11         2         1         7         2
         0         1         1
       142       143
       132        11         2         1         7         2
         0         1         1
       143       144
       133        11         2         1         7         2
         0         1         1
       144       145
       134        11         2         1         7         2
         0         1         1
       145       146
       135        11         2         1         7         2
         0         1         1
       146        11
       136        11         2         1         7         2
         0         1         1
        10       147
       137        11         2         1         7         2
         0         1         1
       147       148
       138        11         2         1         7         2
         0         1         1
       148       149
       139        11         2         1         7         2
         0         1         1
       149       150
       140        11         2         1         7         2
         0         1         1
       150       151
       141        11         2         1         7         2
         0         1         1
       151       152
       142        11         2         1         7         2
         0         1         1
       152       153
       143        11         2         1         7         2
         0         1         1
       153       154
       144        11         2         1         7         2
         0         1         1
       154       155
       145        11         2         1         7         2
         0         1         1
       155       156
       146        11         2         1         7         2
         0         1         1
       156       157
       147        11         2         1         7         2
         0         1         1
       157       158
       148        11         2         1         7         2
         0         1         1
       158       159
       149        11         2         1         7         2
         0         1         1
       159       160
       150        11         2         1         7         2
         0         1         1
       160        12
       151        11         2         1         7         2
         0         1         1
        11       161
       152        11         2         1         7         2
         0         1         1
       161       162
       153        11         2         1         7         2
         0         1         1
       162       163
       154        11         2         1         7         2
         0         1         1
       163       164
       155        11         2         1         7         2
         0         1         1
       164       165
       156        11         2         1         7         2
         0         1         1
       165       166
       157        11         2         1         7         2
         0         1         1
       166       167
       158        11         2         1         7         2
         0         1         1
       167       168
       159        11         2         1         7         2
         0         1         1
       168       169
       160        11         2         1         7         2
         0         1         1
       169       170
       161        11         2         1         7         2
         0         1         1
       170       171
       162        11         2         1         7         2
         0         1         1
       171       172
       163        11         2         1         7         2
         0         1         1
       172       173
       164        11         2         1         7         2
         0         1         1
       173       174
       165        11         2         1         7         2
         0         1         1
       174         7
       166        11         2         1         7         2
         0         1         1
        12       175
       167        11         2         1         7         2
         0         1         1
       175       176
       168        11         2         1         7         2
         0         1         1
       176       177
       169        11         2         1         7         2
         0         1         1
       177       178
       170        11         2         1         7         2
         0         1         1
       178       179
       171        11         2         1         7         2
         0         1         1
       179       180
       172        11         2         1         7         2
         0         1         1
       180       181
       173        11         2         1         7         2
         0         1         1
       181       182
       174        11         2         1         7         2
         0         1         1
       182       183
       175        11         2         1         7         2
         0         1         1
       183       184
       176        11         2         1         7         2
         0         1         1
       184       185
       177        11         2         1         7         2
         0         1         1
       185       186
       178        11         2         1         7         2
         0         1         1
       186       187
       179        11         2         1         7         2
         0         1         1
       187       188
       180        11         2         1         7         2
         0         1         1
       188         8
       181        11         2         1         7         2
         0         1         1
         5       189
       182        11         2         1         7         2
         0         1         1
       189       190
       183        11         2         1         7         2
         0         1         1
       190       191
       184        11         2         1         7         2
         0         1         1
       191       192
       185        11         2         1         7         2
         0         1         1
       192       193
       186        11         2         1         7         2
         0         1         1
       193       194
       187        11         2         1         7         2
         0         1         1
       194       195
       188        11         2         1         7         2
         0         1         1
       195       196
       189        11         2         1         7         2
         0         1         1
       196       197
       190        11         2         1         7         2
         0         1         1
       197       198
       191        11         2         1         7         2
         0         1         1
       198       199
       192        11         2         1         7         2
         0         1         1
       199       200
       193        11         2         1         7         2
         0         1         1
       200       201
       194        11         2         1         7         2
         0         1         1
       201       202
       195        11         2         1         7         2
         0         1         1
       202         9
       196        11         2         1         7         2
         0         1         1
         6       203
       197        11         2         1         7         2
         0         1         1
       203       204
       198        11         2         1         7         2
         0         1         1
       204       205
       199        11         2         1         7         2
         0         1         1
       205       206
       200        11         2         1         7         2
         0         1         1
       206       207
       201        11         2         1         7         2
         0         1         1
       207       208
       202        11         2         1         7         2
         0         1         1
       208       209
       203        11         2         1         7         2
         0         1         1
       209       210
       204        11         2         1         7         2
         0         1         1
       210       211
       205        11         2         1         7         2
         0         1         1
       211       212
       206        11         2         1         7         2
         0         1         1
       212       213
       207        11         2         1         7         2
         0         1         1
       213       214
       208        11         2         1         7         2
         0         1         1
       214       215
       209        11         2         1         7         2
         0         1         1
       215       216
       210        11         2         1         7         2
         0         1         1
       216        10
       211        11         2         1         7         2
         0         1         1
         1       217
       212        11         2         1         7         2
         0         1         1
       217       218
       213        11         2         1         7         2
         0         1         1
       218       219
       214        11         2         1         7         2
         0         1         1
       219       220
       215        11         2         1         7         2
         0         1         1
       220       221
       216        11         2         1         7         2
         0         1         1
       221       222
       217        11         2         1         7         2
         0         1         1
       222       223
       218        11         2         1         7         2
         0         1         1
       223       224
       219        11         2         1         7         2
         0         1         1
       224       225
       220        11         2         1         7         2
         0         1         1
       225       226
       221        11         2         1         7         2
         0         1         1
       226       227
       222        11         2         1         7         2
         0         1         1
       227       228
       223        11         2         1         7         2
         0         1         1
       228       229
       224        11         2         1         7         2
         0         1         1
       229       230
       225        11         2         1         7         2
         0         1         1
       230        13
       226        11         2         1         7         2
         0         1         1
         2       231
       227        11         2         1         7         2
         0         1         1
       231       232
       228        11         2         1         7         2
         0         1         1
       232       233
       229        11         2         1         7         2
         0         1         1
       233       234
       230        11         2         1         7         2
         0         1         1
       234       235
       231        11         2         1         7         2
         0         1         1
       235       236
       232        11         2         1         7         2
         0         1         1
       236       237
       233        11         2         1         7         2
         0         1         1
       237       238
       234        11         2         1         7         2
         0         1         1
       238       239
       235        11         2         1         7         2
         0         1         1
       239       240
       236        11         2         1         7         2
         0         1         1
       240       241
       237        11         2         1         7         2
         0         1         1
       241       242
       238        11         2         1         7         2
         0         1         1
       242       243
       239        11         2         1         7         2
         0         1         1
       243       244
       240        11         2         1         7         2
         0         1         1
       244        14
       241        11         2         1         7         2
         0         1         1
        13       245
       242        11         2         1         7         2
         0         1         1
       245       246
       243        11         2         1         7         2
         0         1         1
       246       247
       244        11         2         1         7         2
         0         1         1
       247       248
       245        11         2         1         7         2
         0         1         1
       248       249
       246        11         2         1         7         2
         0         1         1
       249       250
       247        11         2         1         7         2
         0         1         1
       250       251
       248        11         2         1         7         2
         0         1         1
       251       252
       249        11         2         1         7         2
         0         1         1
       252       253
       250        11         2         1         7         2
         0         1         1
       253       254
       251        11         2         1         7         2
         0         1         1
       254       255
       252        11         2         1         7         2
         0         1         1
       255       256
       253        11         2         1         7         2
         0         1         1
       256       257
       254        11         2         1         7         2
         0         1         1
       257       258
       255        11         2         1         7         2
         0         1         1
       258         9
       256        11         2         1         7         2
         0         1         1
        14       259
       257        11         2         1         7         2
         0         1         1
       259       260
       258        11         2         1         7         2
         0         1         1
       260       261
       259        11         2         1         7         2
         0         1         1
       261       262
       260        11         2         1         7         2
         0         1         1
       262       263
       261        11         2         1         7         2
         0         1         1
       263       264
       262        11         2         1         7         2
         0         1         1
       264       265
       263        11         2         1         7         2
         0         1         1
       265       266
       264        11         2         1         7         2
         0         1         1
       266       267
       265        11         2         1         7         2
         0         1         1
       267       268
       266        11         2         1         7         2
         0         1         1
       268       269
       267        11         2         1         7         2
         0         1         1
       269       270
       268        11         2         1         7         2
         0         1         1
       270       271
       269        11         2         1         7         2
         0         1         1
       271       272
       270        11         2         1         7         2
         0         1         1
       272        10
       271        11         2         1         7         2
         0         1         1
         7       273
       272        11         2         1         7         2
         0         1         1
       273       274
       273        11         2         1         7         2
         0         1         1
       274       275
       274        11         2         1         7         2
         0         1         1
       275       276
       275        11         2         1         7         2
         0         1         1
       276       277
       276        11         2         1         7         2
         0         1         1
       277       278
       277        11         2         1         7         2
         0         1         1
       278       279
       278        11         2         1         7         2
         0         1         1
       279       280
       279        11         2         1         7         2
         0         1         1
       280       281
       280        11         2         1         7         2
         0         1         1
       281       282
       281        11         2         1         7         2
         0         1         1
       282       283
       282        11         2         1         7         2
         0         1         1
       283       284
       283        11         2         1         7         2
         0         1         1
       284       285
       284        11         2         1         7         2
         0         1         1
       285       286
       285        11         2         1         7         2
         0         1         1
       286        15
       286        11         2         1         7         2
         0         1         1
         8       287
       287        11         2         1         7         2
         0         1         1
       287       288
       288        11         2         1         7         2
         0         1         1
       288       289
       289        11         2         1         7         2
         0         1         1
       289       290
       290        11         2         1         7         2
         0         1         1
       290       291
       291        11         2         1         7         2
         0         1         1
       291       292
       292        11         2         1         7         2
         0         1         1
       292       293
       293        11         2         1         7         2
         0         1         1
       293       294
       294        11         2         1         7         2
         0         1         1
       294       295
       295        11         2         1         7         2
         0         1         1
       295       296
       296        11         2         1         7         2
         0         1         1
       296       297
       297        11         2         1         7         2
         0         1         1
       297       298
       298        11         2         1         7         2
         0         1         1
       298       299
       299        11         2         1         7         2
         0         1         1
       299       300
       300        11         2         1         7         2
         0         1         1
       300        16
       301        11         2         1         7         2
         0         1         1
        15       301
       302        11         2         1         7         2
         0         1         1
       301       302
       303        11         2         1         7         2
         0         1         1
       302       303
       304        11         2         1         7         2
         0         1         1
       303       304
       305        11         2         1         7         2
         0         1         1
       304       305
       306        11         2         1         7         2
         0         1         1
       305       306
       307        11         2         1         7         2
         0         1         1
       306       307
       308        11         2         1         7         2
         0         1         1
       307       308
       309        11         2         1         7         2
         0         1         1
       308       309
       310        11         2         1         7         2
         0         1         1
       309       310
       311        11         2         1         7         2
         0         1         1
       310       311
       312        11         2         1         7         2
         0         1         1
       311       312
       313        11         2         1         7         2
         0         1         1
       312       313
       314        11         2         1         7         2
         0         1         1
       313       314
       315        11         2         1         7         2
         0         1         1
       314        17
       316        11         2         1         7         2
         0         1         1
        16       315
       317        11         2         1         7         2
         0         1         1
       315       316
       318        11         2         1         7         2
         0         1         1
       316       317
       319        11         2         1         7         2
         0         1         1
       317       318
       320        11         2         1         7         2
         0         1         1
       318       319
       321        11         2         1         7         2
         0         1         1
       319       320
       322        11         2         1         7         2
         0         1         1
       320       321
       323        11         2         1         7         2
         0         1         1
       321       322
       324        11         2         1         7         2
         0         1         1
       322       323
       325        11         2         1         7         2
         0         1         1
       323       324
       326        11         2         1         7         2
         0         1         1
       324       325
       327        11         2         1         7         2
         0         1         1
       325       326
       328        11         2         1         7         2
         0         1         1
       326       327
       329        11         2         1         7         2
         0         1         1
       327       328
       330        11         2         1         7         2
         0         1         1
       328        18
       331        11         2         1         7         2
         0         1         1
        17       329
       332        11         2         1         7         2
         0         1         1
       329       330
       333        11         2         1         7         2
         0         1         1
       330       331
       334        11         2         1         7         2
         0         1         1
       331       332
       335        11         2         1         7         2
         0         1         1
       332       333
       336        11         2         1         7         2
         0         1         1
       333       334
       337        11         2         1         7         2
         0         1         1
       334       335
       338        11         2         1         7         2
         0         1         1
       335       336
       339        11         2         1         7         2
         0         1         1
       336       337
       340        11         2         1         7         2
         0         1         1
       337       338
       341        11         2         1         7         2
         0         1         1
       338       339
       342        11         2         1         7         2
         0         1         1
       339       340
       343        11         2         1         7         2
         0         1         1
       340       341
       344        11         2         1         7         2
         0         1         1
       341       342
       345        11         2         1         7         2
         0         1         1
       342         3
       346        11         2         1         7         2
         0         1         1
        18       343
       347        11         2         1         7         2
         0         1         1
       343       344
       348        11         2         1         7         2
         0         1         1
       344       345
       349        11         2         1         7         2
         0         1         1
       345       346
       350        11         2         1         7         2
         0         1         1
       346       347
       351        11         2         1         7         2
         0         1         1
       347       348
       352        11         2         1         7         2
         0         1         1
       348       349
       353        11         2         1         7         2
         0         1         1
       349       350
       354        11         2         1         7         2
         0         1         1
       350       351
       355        11         2         1         7         2
         0         1         1
       351       352
       356        11         2         1         7         2
         0         1         1
       352       353
       357        11         2         1         7         2
         0         1         1
       353       354
       358        11         2         1         7         2
         0         1         1
       354       355
       359        11         2         1         7         2
         0         1         1
       355       356
       360        11         2         1         7         2
         0         1         1
       356         4
       361        11         2         1         7         2
         0         1         1
        19       357
       362        11         2         1         7         2
         0         1         1
       357       358
       363        11         2         1         7         2
         0         1         1
       358       359
       364        11         2         1         7         2
         0         1         1
       359       360
       365        11         2         1         7         2
         0         1         1
       360       361
       366        11         2         1         7         2
         0         1         1
       361       362
       367        11         2         1         7         2
         0         1         1
       362       363
       368        11         2         1         7         2
         0         1         1
       363       364
       369        11         2         1         7         2
         0         1         1
       364       365
       370        11         2         1         7         2
         0         1         1
       365       366
       371        11         2         1         7         2
         0         1         1
       366       367
       372        11         2         1         7         2
         0         1         1
       367       368
       373        11         2         1         7         2
         0         1         1
       368       369
       374        11         2         1         7         2
         0         1         1
       369       370
       375        11         2         1         7         2
         0         1         1
       370         1
       376        11         2         1         7         2
         0         1         1
        20       371
       377        11         2         1         7         2
         0         1         1
       371       372
       378        11         2         1         7         2
         0         1         1
       372       373
       379        11         2         1         7         2
         0         1         1
       373       374
       380        11         2         1         7         2
         0         1         1
       374       375
       381        11         2         1         7         2
         0         1         1
       375       376
       382        11         2         1         7         2
         0         1         1
       376       377
       383        11         2         1         7         2
         0         1         1
       377       378
       384        11         2         1         7         2
         0         1         1
       378       379
       385        11         2         1         7         2
         0         1         1
       379       380
       386        11         2         1         7         2
         0         1         1
       380       381
       387        11         2         1         7         2
         0         1         1
       381       382
       388        11         2         1         7         2
         0         1         1
       382       383
       389        11         2         1         7         2
         0         1         1
       383       384
       390        11         2         1         7         2
         0         1         1
       384         2
       391        11         2         1         7         2
         0         1         1
        17       385
       392        11         2         1         7         2
         0         1         1
       385       386
       393        11         2         1         7         2
         0         1         1
       386       387
       394        11         2         1         7         2
         0         1         1
       387       388
       395        11         2         1         7         2
         0         1         1
       388       389
       396        11         2         1         7         2
         0         1         1
       389       390
       397        11         2         1         7         2
         0         1         1
       390       391
       398        11         2         1         7         2
         0         1         1
       391       392
       399        11         2         1         7         2
         0         1         1
       392       393
       400        11         2         1         7         2
         0         1         1
       393       394
       401        11         2         1         7         2
         0         1         1
       394       395
       402        11         2         1         7         2
         0         1         1
       395       396
       403        11         2         1         7         2
         0         1         1
       396       397
       404        11         2         1         7         2
         0         1         1
       397       398
       405        11         2         1         7         2
         0         1         1
       398        19
       406        11         2         1         7         2
         0         1         1
        18       399
       407        11         2         1         7         2
         0         1         1
       399       400
       408        11         2         1         7         2
         0         1         1
       400       401
       409        11         2         1         7         2
         0         1         1
       401       402
       410        11         2         1         7         2
         0         1         1
       402       403
       411        11         2         1         7         2
         0         1         1
       403       404
       412        11         2         1         7         2
         0         1         1
       404       405
       413        11         2         1         7         2
         0         1         1
       405       406
       414        11         2         1         7         2
         0         1         1
       406       407
       415        11         2         1         7         2
         0         1         1
       407       408
       416        11         2         1         7         2
         0         1         1
       408       409
       417        11         2         1         7         2
         0         1         1
       409       410
       418        11         2         1         7         2
         0         1         1
       410       411
       419        11         2         1         7         2
         0         1         1
       411       412
       420        11         2         1         7         2
         0         1         1
       412        20
      2671        11         2         1         7         2
         0         1         1
         1         2
      2672        11         2         1         7         2
         0         1         1
         3         4
      2673        11         2         1         7         2
         0         1         1
         5         6
      2674        11         2         1         7         2
         0         1         1
         7         8
      2675        11         2         1         7         2
         0         1         1
         9        10
      2676        11         2         1         7         2
         0         1         1
        11        12
      2677        11         2         1         7         2
         0         1         1
        13        14
      2678        11         2         1         7         2
         0         1         1
        15        16
      2679        11         2         1         7         2
         0         1         1
        17        18
      2680        11         2         1         7         2
         0         1         1
        19        20
       421        44         2         1         7         4
         1        21       413        62
       422        44         2         1         7         4
        62       413       414        61
       423        44         2         1         7         4
        61       414       415        60
       424        44         2         1         7         4
        60       415       416        59
       425        44         2         1         7         4
        59       416       417        58
       426        44         2         1         7         4
        58       417       418        57
       427        44         2         1         7         4
        57       418       419        56
       428        44         2         1         7         4
        56       419       420        55
       429        44         2         1         7         4
        55       420       421        54
       430        44         2         1         7         4
        54       421       422        53
       431        44         2         1         7         4
        53       422       423        52
       432        44         2         1         7         4
        52       423       424        51
       433        44         2         1         7         4
        51       424       425        50
       434        44         2         1         7         4
        50       425       426        49
       435        44         2         1         7         4
        49       426        90         5
       436        44         2         1         7         4
        21        22       427       413
       437        44         2         1         7         4
       413       427       428       414
       438        44         2         1         7         4
       414       428       429       415
       439        44         2         1         7         4
       415       429       430       416
       440        44         2         1         7         4
       416       430       431       417
       441        44         2         1         7         4
       417       431       432       418
       442        44         2         1         7         4
       418       432       433       419
       443        44         2         1         7         4
       419       433       434       420
       444        44         2         1         7         4
       420       434       435       421
       445        44         2         1         7         4
       421       435       436       422
       446        44         2         1         7         4
       422       436       437       423
       447        44         2         1         7         4
       423       437       438       424
       448        44         2         1         7         4
       424       438       439       425
       449        44         2         1         7         4
       425       439       440       426
       450        44         2         1         7         4
       426       440        89        90
       451        44         2         1         7         4
        22        23       441       427
       452        44         2         1         7         4
       427       441       442       428
       453        44         2         1         7         4
       428       442       443       429
       454        44         2         1         7         4
       429       443       444       430
       455        44         2         1         7         4
       430       444       445       431
       456        44         2         1         7         4
       431       445       446       432
       457        44         2         1         7         4
       432       446       447       433
       458        44         2         1         7         4
       433       447       448       434
       459        44         2         1         7         4
       434       448       449       435
       460        44         2         1         7         4
       435       449       450       436
       461        44         2         1         7         4
       436       450       451       437
       462        44         2         1         7         4
       437       451       452       438
       463        44         2         1         7         4
       438       452       453       439
       464        44         2         1         7         4
       439       453       454       440
       465        44         2         1         7         4
       440       454        88        89
       466        44         2         1         7         4
        23        24       455       441
       467        44         2         1         7         4
       441       455       456       442
       468        44         2         1         7         4
       442       456       457       443
       469        44         2         1         7         4
       443       457       458       444
       470        44         2         1         7         4
       444       458       459       445
       471        44         2         1         7         4
       445       459       460       446
       472        44         2         1         7         4
       446       460       461       447
       473        44         2         1         7         4
       447       461       462       448
       474        44         2         1         7         4
       448       462       463       449
       475        44         2         1         7         4
       449       463       464       450
       476        44         2         1         7         4
       450       464       465       451
       477        44         2         1         7         4
       451       465       466       452
       478        44         2         1         7         4
       452       466       467       453
       479        44         2         1         7         4
       453       467       468       454
       480        44         2         1         7         4
       454       468        87        88
       481        44         2         1         7         4
        24        25       469       455
       482        44         2         1         7         4
       455       469       470       456
       483        44         2         1         7         4
       456       470       471       457
       484        44         2         1         7         4
       457       471       472       458
       485        44         2         1         7         4
       458       472       473       459
       486        44         2         1         7         4
       459       473       474       460
       487        44         2         1         7         4
       460       474       475       461
       488        44         2         1         7         4
       461       475       476       462
       489        44         2         1         7         4
       462       476       477       463
       490        44         2         1         7         4
       463       477       478       464
       491        44         2         1         7         4
       464       478       479       465
       492        44         2         1         7         4
       465       479       480       466
       493        44         2         1         7         4
       466       480       481       467
       494        44         2         1         7         4
       467       481       482       468
       495        44         2         1         7         4
       468       482        86        87
       496        44         2         1         7         4
        25        26       483       469
       497        44         2         1         7         4
       469       483       484       470
       498        44         2         1         7         4
       470       484       485       471
       499        44         2         1         7         4
       471       485       486       472
       500        44         2         1         7         4
       472       486       487       473
       501        44         2         1         7         4
       473       487       488       474
       502        44         2         1         7         4
       474       488       489       475
       503        44         2         1         7         4
       475       489       490       476
       504        44         2         1         7         4
       476       490       491       477
       505        44         2         1         7         4
       477       491       492       478
       506        44         2         1         7         4
       478       492       493       479
       507        44         2         1         7         4
       479       493       494       480
       508        44         2         1         7         4
       480       494       495       481
       509        44         2         1         7         4
       481       495       496       482
       510        44         2         1         7         4
       482       496        85        86
       511        44         2         1         7         4
        26        27       497       483
       512        44         2         1         7         4
       483       497       498       484
       513        44         2         1         7         4
       484       498       499       485
       514        44         2         1         7         4
       485       499       500       486
       515        44         2         1         7         4
       486       500       501       487
       516        44         2         1         7         4
       487       501       502       488
       517        44         2         1         7         4
       488       502       503       489
       518        44         2         1         7         4
       489       503       504       490
       519        44         2         1         7         4
       490       504       505       491
       520        44         2         1         7         4
       491       505       506       492
       521        44         2         1         7         4
       492       506       507       493
       522        44         2         1         7         4
       493       507       508       494
       523        44         2         1         7         4
       494       508       509       495
       524        44         2         1         7         4
       495       509       510       496
       525        44         2         1         7         4
       496       510        84        85
       526        44         2         1         7         4
        27        28       511       497
       527        44         2         1         7         4
       497       511       512       498
       528        44         2         1         7         4
       498       512       513       499
       529        44         2         1         7         4
       499       513       514       500
       530        44         2         1         7         4
       500       514       515       501
       531        44         2         1         7         4
       501       515       516       502
       532        44         2         1         7         4
       502       516       517       503
       533        44         2         1         7         4
       503       517       518       504
       534        44         2         1         7         4
       504       518       519       505
       535        44         2         1         7         4
       505       519       520       506
       536        44         2         1         7         4
       506       520       521       507
       537        44         2         1         7         4
       507       521       522       508
       538        44         2         1         7         4
       508       522       523       509
       539        44         2         1         7         4
       509       523       524       510
       540        44         2         1         7         4
       510       524        83        84
       541        44         2         1         7         4
        28        29       525       511
       542        44         2         1         7         4
       511       525       526       512
       543        44         2         1         7         4
       512       526       527       513
       544        44         2         1         7         4
       513       527       528       514
       545        44         2         1         7         4
       514       528       529       515
       546        44         2         1         7         4
       515       529       530       516
       547        44         2         1         7         4
       516       530       531       517
       548        44         2         1         7         4
       517       531       532       518
       549        44         2         1         7         4
       518       532       533       519
       550        44         2         1         7         4
       519       533       534       520
       551        44         2         1         7         4
       520       534       535       521
       552        44         2         1         7         4
       521       535       536       522
       553        44         2         1         7         4
       522       536       537       523
       554        44         2         1         7         4
       523       537       538       524
       555        44         2         1         7         4
       524       538        82        83
       556        44         2         1         7         4
        29        30       539       525
       557        44         2         1         7         4
       525       539       540       526
       558        44         2         1         7         4
       526       540       541       527
       559        44         2         1         7         4
       527       541       542       528
       560        44         2         1         7         4
       528       542       543       529
       561        44         2         1         7         4
       529       543       544       530
       562        44         2         1         7         4
       530       544       545       531
       563        44         2         1         7         4
       531       545       546       532
       564        44         2         1         7         4
       532       546       547       533
       565        44         2         1         7         4
       533       547       548       534
       566        44         2         1         7         4
       534       548       549       535
       567        44         2         1         7         4
       535       549       550       536
       568        44         2         1         7         4
       536       550       551       537
       569        44         2         1         7         4
       537       551       552       538
       570        44         2         1         7         4
       538       552        81        82
       571        44         2         1         7         4
        30        31       553       539
       572        44         2         1         7         4
       539       553       554       540
       573        44         2         1         7         4
       540       554       555       541
       574        44         2         1         7         4
       541       555       556       542
       575        44         2         1         7         4
       542       556       557       543
       576        44         2         1         7         4
       543       557       558       544
       577        44         2         1         7         4
       544       558       559       545
       578        44         2         1         7         4
       545       559       560       546
       579        44         2         1         7         4
       546       560       561       547
       580        44         2         1         7         4
       547       561       562       548
       581        44         2         1         7         4
       548       562       563       549
       582        44         2         1         7         4
       549       563       564       550
       583        44         2         1         7         4
       550       564       565       551
       584        44         2         1         7         4
       551       565       566       552
       585        44         2         1         7         4
       552       566        80        81
       586        44         2         1         7         4
        31        32       567       553
       587        44         2         1         7         4
       553       567       568       554
       588        44         2         1         7         4
       554       568       569       555
       589        44         2         1         7         4
       555       569       570       556
       590        44         2         1         7         4
       556       570       571       557
       591        44         2         1         7         4
       557       571       572       558
       592        44         2         1         7         4
       558       572       573       559
       593        44         2         1         7         4
       559       573       574       560
       594        44         2         1         7         4
       560       574       575       561
       595        44         2         1         7         4
       561       575       576       562
       596        44         2         1         7         4
       562       576       577       563
       597        44         2         1         7         4
       563       577       578       564
       598        44         2         1         7         4
       564       578       579       565
       599        44         2         1         7         4
       565       579       580       566
       600        44         2         1         7         4
       566       580        79        80
       601        44         2         1         7         4
        32        33       581       567
       602        44         2         1         7         4
       567       581       582       568
       603        44         2         1         7         4
       568       582       583       569
       604        44         2         1         7         4
       569       583       584       570
       605        44         2         1         7         4
       570       584       585       571
       606        44         2         1         7         4
       571       585       586       572
       607        44         2         1         7         4
       572       586       587       573
       608        44         2         1         7         4
       573       587       588       574
       609        44         2         1         7         4
       574       588       589       575
       610        44         2         1         7         4
       575       589       590       576
       611        44         2         1         7         4
       576       590       591       577
       612        44         2         1         7         4
       577       591       592       578
       613        44         2         1         7         4
       578       592       593       579
       614        44         2         1         7         4
       579       593       594       580
       615        44         2         1         7         4
       580       594        78        79
       616        44         2         1         7         4
        33        34       595       581
       617        44         2         1         7         4
       581       595       596       582
       618        44         2         1         7         4
       582       596       597       583
       619        44         2         1         7         4
       583       597       598       584
       620        44         2         1         7         4
       584       598       599       585
       621        44         2         1         7         4
       585       599       600       586
       622        44         2         1         7         4
       586       600       601       587
       623        44         2         1         7         4
       587       601       602       588
       624        44         2         1         7         4
       588       602       603       589
       625        44         2         1         7         4
       589       603       604       590
       626        44         2         1         7         4
       590       604       605       591
       627        44         2         1         7         4
       591       605       606       592
       628        44         2         1         7         4
       592       606       607       593
       629        44         2         1         7         4
       593       607       608       594
       630        44         2         1         7         4
       594       608        77        78
       631        44         2         1         7         4
        34         3       105       595
       632        44         2         1         7         4
       595       105       106       596
       633        44         2         1         7         4
       596       106       107       597
       634        44         2         1         7         4
       597       107       108       598
       635        44         2         1         7         4
       598       108       109       599
       636        44         2         1         7         4
       599       109       110       600
       637        44         2         1         7         4
       600       110       111       601
       638        44         2         1         7         4
       601       111       112       602
       639        44         2         1         7         4
       602       112       113       603
       640        44         2         1         7         4
       603       113       114       604
       641        44         2         1         7         4
       604       114       115       605
       642        44         2         1         7         4
       605       115       116       606
       643        44         2         1         7         4
       606       116       117       607
       644        44         2         1         7         4
       607       117       118       608
       645        44         2         1         7         4
       608       118         7        77
       646        44         2         1         7         4
         4        48       609       119
       647        44         2         1         7         4
       119       609       610       120
       648        44         2         1         7         4
       120       610       611       121
       649        44         2         1         7         4
       121       611       612       122
       650        44         2         1         7         4
       122       612       613       123
       651        44         2         1         7         4
       123       613       614       124
       652        44         2         1         7         4
       124       614       615       125
       653        44         2         1         7         4
       125       615       616       126
       654        44         2         1         7         4
       126       616       617       127
       655        44         2         1         7         4
       127       617       618       128
       656        44         2         1         7         4
       128       618       619       129
       657        44         2         1         7         4
       129       619       620       130
       658        44         2         1         7         4
       130       620       621       131
       659        44         2         1         7         4
       131       621       622       132
       660        44         2         1         7         4
       132       622        91         8
       661        44         2         1         7         4
        48        47       623       609
       662        44         2         1         7         4
       609       623       624       610
       663        44         2         1         7         4
       610       624       625       611
       664        44         2         1         7         4
       611       625       626       612
       665        44         2         1         7         4
       612       626       627       613
       666        44         2         1         7         4
       613       627       628       614
       667        44         2         1         7         4
       614       628       629       615
       668        44         2         1         7         4
       615       629       630       616
       669        44         2         1         7         4
       616       630       631       617
       670        44         2         1         7         4
       617       631       632       618
       671        44         2         1         7         4
       618       632       633       619
       672        44         2         1         7         4
       619       633       634       620
       673        44         2         1         7         4
       620       634       635       621
       674        44         2         1         7         4
       621       635       636       622
       675        44         2         1         7         4
       622       636        92        91
       676        44         2         1         7         4
        47        46       637       623
       677        44         2         1         7         4
       623       637       638       624
       678        44         2         1         7         4
       624       638       639       625
       679        44         2         1         7         4
       625       639       640       626
       680        44         2         1         7         4
       626       640       641       627
       681        44         2         1         7         4
       627       641       642       628
       682        44         2         1         7         4
       628       642       643       629
       683        44         2         1         7         4
       629       643       644       630
       684        44         2         1         7         4
       630       644       645       631
       685        44         2         1         7         4
       631       645       646       632
       686        44         2         1         7         4
       632       646       647       633
       687        44         2         1         7         4
       633       647       648       634
       688        44         2         1         7         4
       634       648       649       635
       689        44         2         1         7         4
       635       649       650       636
       690        44         2         1         7         4
       636       650        93        92
       691        44         2         1         7         4
        46        45       651       637
       692        44         2         1         7         4
       637       651       652       638
       693        44         2         1         7         4
       638       652       653       639
       694        44         2         1         7         4
       639       653       654       640
       695        44         2         1         7         4
       640       654       655       641
       696        44         2         1         7         4
       641       655       656       642
       697        44         2         1         7         4
       642       656       657       643
       698        44         2         1         7         4
       643       657       658       644
       699        44         2         1         7         4
       644       658       659       645
       700        44         2         1         7         4
       645       659       660       646
       701        44         2         1         7         4
       646       660       661       647
       702        44         2         1         7         4
       647       661       662       648
       703        44         2         1         7         4
       648       662       663       649
       704        44         2         1         7         4
       649       663       664       650
       705        44         2         1         7         4
       650       664        94        93
       706        44         2         1         7         4
        45        44       665       651
       707        44         2         1         7         4
       651       665       666       652
       708        44         2         1         7         4
       652       666       667       653
       709        44         2         1         7         4
       653       667       668       654
       710        44         2         1         7         4
       654       668       669       655
       711        44         2         1         7         4
       655       669       670       656
       712        44         2         1         7         4
       656       670       671       657
       713        44         2         1         7         4
       657       671       672       658
       714        44         2         1         7         4
       658       672       673       659
       715        44         2         1         7         4
       659       673       674       660
       716        44         2         1         7         4
       660       674       675       661
       717        44         2         1         7         4
       661       675       676       662
       718        44         2         1         7         4
       662       676       677       663
       719        44         2         1         7         4
       663       677       678       664
       720        44         2         1         7         4
       664       678        95        94
       721        44         2         1         7         4
        44        43       679       665
       722        44         2         1         7         4
       665       679       680       666
       723        44         2         1         7         4
       666       680       681       667
       724        44         2         1         7         4
       667       681       682       668
       725        44         2         1         7         4
       668       682       683       669
       726        44         2         1         7         4
       669       683       684       670
       727        44         2         1         7         4
       670       684       685       671
       728        44         2         1         7         4
       671       685       686       672
       729        44         2         1         7         4
       672       686       687       673
       730        44         2         1         7         4
       673       687       688       674
       731        44         2         1         7         4
       674       688       689       675
       732        44         2         1         7         4
       675       689       690       676
       733        44         2         1         7         4
       676       690       691       677
       734        44         2         1         7         4
       677       691       692       678
       735        44         2         1         7         4
       678       692        96        95
       736        44         2         1         7         4
        43        42       693       679
       737        44         2         1         7         4
       679       693       694       680
       738        44         2         1         7         4
       680       694       695       681
       739        44         2         1         7         4
       681       695       696       682
       740        44         2         1         7         4
       682       696       697       683
       741        44         2         1         7         4
       683       697       698       684
       742        44         2         1         7         4
       684       698       699       685
       743        44         2         1         7         4
       685       699       700       686
       744        44         2         1         7         4
       686       700       701       687
       745        44         2         1         7         4
       687       701       702       688
       746        44         2         1         7         4
       688       702       703       689
       747        44         2         1         7         4
       689       703       704       690
       748        44         2         1         7         4
       690       704       705       691
       749        44         2         1         7         4
       691       705       706       692
       750        44         2         1         7         4
       692       706        97        96
       751        44         2         1         7         4
        42        41       707       693
       752        44         2         1         7         4
       693       707       708       694
       753        44         2         1         7         4
       694       708       709       695
       754        44         2         1         7         4
       695       709       710       696
       755        44         2         1         7         4
       696       710       711       697
       756        44         2         1         7         4
       697       711       712       698
       757        44         2         1         7         4
       698       712       713       699
       758        44         2         1         7         4
       699       713       714       700
       759        44         2         1         7         4
       700       714       715       701
       760        44         2         1         7         4
       701       715       716       702
       761        44         2         1         7         4
       702       716       717       703
       762        44         2         1         7         4
       703       717       718       704
       763        44         2         1         7         4
       704       718       719       705
       764        44         2         1         7         4
       705       719       720       706
       765        44         2         1         7         4
       706       720        98        97
       766        44         2         1         7         4
        41        40       721       707
       767        44         2         1         7         4
       707       721       722       708
       768        44         2         1         7         4
       708       722       723       709
       769        44         2         1         7         4
       709       723       724       710
       770        44         2         1         7         4
       710       724       725       711
       771        44         2         1         7         4
       711       725       726       712
       772        44         2         1         7         4
       712       726       727       713
       773        44         2         1         7         4
       713       727       728       714
       774        44         2         1         7         4
       714       728       729       715
       775        44         2         1         7         4
       715       729       730       716
       776        44         2         1         7         4
       716       730       731       717
       777        44         2         1         7         4
       717       731       732       718
       778        44         2         1         7         4
       718       732       733       719
       779        44         2         1         7         4
       719       733       734       720
       780        44         2         1         7         4
       720       734        99        98
       781        44         2         1         7         4
        40        39       735       721
       782        44         2         1         7         4
       721       735       736       722
       783        44         2         1         7         4
       722       736       737       723
       784        44         2         1         7         4
       723       737       738       724
       785        44         2         1         7         4
       724       738       739       725
       786        44         2         1         7         4
       725       739       740       726
       787        44         2         1         7         4
       726       740       741       727
       788        44         2         1         7         4
       727       741       742       728
       789        44         2         1         7         4
       728       742       743       729
       790        44         2         1         7         4
       729       743       744       730
       791        44         2         1         7         4
       730       744       745       731
       792        44         2         1         7         4
       731       745       746       732
       793        44         2         1         7         4
       732       746       747       733
       794        44         2         1         7         4
       733       747       748       734
       795        44         2         1         7         4
       734       748       100        99
       796        44         2         1         7         4
        39        38       749       735
       797        44         2         1         7         4
       735       749       750       736
       798        44         2         1         7         4
       736       750       751       737
       799        44         2         1         7         4
       737       751       752       738
       800        44         2         1         7         4
       738       752       753       739
       801        44         2         1         7         4
       739       753       754       740
       802        44         2         1         7         4
       740       754       755       741
       803        44         2         1         7         4
       741       755       756       742
       804        44         2         1         7         4
       742       756       757       743
       805        44         2         1         7         4
       743       757       758       744
       806        44         2         1         7         4
       744       758       759       745
       807        44         2         1         7         4
       745       759       760       746
       808        44         2         1         7         4
       746       760       761       747
       809        44         2         1         7         4
       747       761       762       748
       810        44         2         1         7         4
       748       762       101       100
       811        44         2         1         7         4
        38        37       763       749
       812        44         2         1         7         4
       749       763       764       750
       813        44         2         1         7         4
       750       764       765       751
       814        44         2         1         7         4
       751       765       766       752
       815        44         2         1         7         4
       752       766       767       753
       816        44         2         1         7         4
       753       767       768       754
       817        44         2         1         7         4
       754       768       769       755
       818        44         2         1         7         4
       755       769       770       756
       819        44         2         1         7         4
       756       770       771       757
       820        44         2         1         7         4
       757       771       772       758
       821        44         2         1         7         4
       758       772       773       759
       822        44         2         1         7         4
       759       773       774       760
       823        44         2         1         7         4
       760       774       775       761
       824        44         2         1         7         4
       761       775       776       762
       825        44         2         1         7         4
       762       776       102       101
       826        44         2         1         7         4
        37        36       777       763
       827        44         2         1         7         4
       763       777       778       764
       828        44         2         1         7         4
       764       778       779       765
       829        44         2         1         7         4
       765       779       780       766
       830        44         2         1         7         4
       766       780       781       767
       831        44         2         1         7         4
       767       781       782       768
       832        44         2         1         7         4
       768       782       783       769
       833        44         2         1         7         4
       769       783       784       770
       834        44         2         1         7         4
       770       784       785       771
       835        44         2         1         7         4
       771       785       786       772
       836        44         2         1         7         4
       772       786       787       773
       837        44         2         1         7         4
       773       787       788       774
       838        44         2         1         7         4
       774       788       789       775
       839        44         2         1         7         4
       775       789       790       776
       840        44         2         1         7         4
       776       790       103       102
       841        44         2         1         7         4
        36        35       791       777
       842        44         2         1         7         4
       777       791       792       778
       843        44         2         1         7         4
       778       792       793       779
       844        44         2         1         7         4
       779       793       794       780
       845        44         2         1         7         4
       780       794       795       781
       846        44         2         1         7         4
       781       795       796       782
       847        44         2         1         7         4
       782       796       797       783
       848        44         2         1         7         4
       783       797       798       784
       849        44         2         1         7         4
       784       798       799       785
       850        44         2         1         7         4
       785       799       800       786
       851        44         2         1         7         4
       786       800       801       787
       852        44         2         1         7         4
       787       801       802       788
       853        44         2         1         7         4
       788       802       803       789
       854        44         2         1         7         4
       789       803       804       790
       855        44         2         1         7         4
       790       804       104       103
       856        44         2         1         7         4
        35         2        76       791
       857        44         2         1         7         4
       791        76        75       792
       858        44         2         1         7         4
       792        75        74       793
       859        44         2         1         7         4
       793        74        73       794
       860        44         2         1         7         4
       794        73        72       795
       861        44         2         1         7         4
       795        72        71       796
       862        44         2         1         7         4
       796        71        70       797
       863        44         2         1         7         4
       797        70        69       798
       864        44         2         1         7         4
       798        69        68       799
       865        44         2         1         7         4
       799        68        67       800
       866        44         2         1         7         4
       800        67        66       801
       867        44         2         1         7         4
       801        66        65       802
       868        44         2         1         7         4
       802        65        64       803
       869        44         2         1         7         4
       803        64        63       804
       870        44         2         1         7         4
       804        63         6       104
       871        44         2         1         7         4
        11       146       805       161
       872        44         2         1         7         4
       161       805       806       162
       873        44         2         1         7         4
       162       806       807       163
       874        44         2         1         7         4
       163       807       808       164
       875        44         2         1         7         4
       164       808       809       165
       876        44         2         1         7         4
       165       809       810       166
       877        44         2         1         7         4
       166       810       811       167
       878        44         2         1         7         4
       167       811       812       168
       879        44         2         1         7         4
       168       812       813       169
       880        44         2         1         7         4
       169       813       814       170
       881        44         2         1         7         4
       170       814       815       171
       882        44         2         1         7         4
       171       815       816       172
       883        44         2         1         7         4
       172       816       817       173
       884        44         2         1         7         4
       173       817       818       174
       885        44         2         1         7         4
       174       818        77         7
       886        44         2         1         7         4
       146       145       819       805
       887        44         2         1         7         4
       805       819       820       806
       888        44         2         1         7         4
       806       820       821       807
       889        44         2         1         7         4
       807       821       822       808
       890        44         2         1         7         4
       808       822       823       809
       891        44         2         1         7         4
       809       823       824       810
       892        44         2         1         7         4
       810       824       825       811
       893        44         2         1         7         4
       811       825       826       812
       894        44         2         1         7         4
       812       826       827       813
       895        44         2         1         7         4
       813       827       828       814
       896        44         2         1         7         4
       814       828       829       815
       897        44         2         1         7         4
       815       829       830       816
       898        44         2         1         7         4
       816       830       831       817
       899        44         2         1         7         4
       817       831       832       818
       900        44         2         1         7         4
       818       832        78        77
       901        44         2         1         7         4
       145       144       833       819
       902        44         2         1         7         4
       819       833       834       820
       903        44         2         1         7         4
       820       834       835       821
       904        44         2         1         7         4
       821       835       836       822
       905        44         2         1         7         4
       822       836       837       823
       906        44         2         1         7         4
       823       837       838       824
       907        44         2         1         7         4
       824       838       839       825
       908        44         2         1         7         4
       825       839       840       826
       909        44         2         1         7         4
       826       840       841       827
       910        44         2         1         7         4
       827       841       842       828
       911        44         2         1         7         4
       828       842       843       829
       912        44         2         1         7         4
       829       843       844       830
       913        44         2         1         7         4
       830       844       845       831
       914        44         2         1         7         4
       831       845       846       832
       915        44         2         1         7         4
       832       846        79        78
       916        44         2         1         7         4
       144       143       847       833
       917        44         2         1         7         4
       833       847       848       834
       918        44         2         1         7         4
       834       848       849       835
       919        44         2         1         7         4
       835       849       850       836
       920        44         2         1         7         4
       836       850       851       837
       921        44         2         1         7         4
       837       851       852       838
       922        44         2         1         7         4
       838       852       853       839
       923        44         2         1         7         4
       839       853       854       840
       924        44         2         1         7         4
       840       854       855       841
       925        44         2         1         7         4
       841       855       856       842
       926        44         2         1         7         4
       842       856       857       843
       927        44         2         1         7         4
       843       857       858       844
       928        44         2         1         7         4
       844       858       859       845
       929        44         2         1         7         4
       845       859       860       846
       930        44         2         1         7         4
       846       860        80        79
       931        44         2         1         7         4
       143       142       861       847
       932        44         2         1         7         4
       847       861       862       848
       933        44         2         1         7         4
       848       862       863       849
       934        44         2         1         7         4
       849       863       864       850
       935        44         2         1         7         4
       850       864       865       851
       936        44         2         1         7         4
       851       865       866       852
       937        44         2         1         7         4
       852       866       867       853
       938        44         2         1         7         4
       853       867       868       854
       939        44         2         1         7         4
       854       868       869       855
       940        44         2         1         7         4
       855       869       870       856
       941        44         2         1         7         4
       856       870       871       857
       942        44         2         1         7         4
       857       871       872       858
       943        44         2         1         7         4
       858       872       873       859
       944        44         2         1         7         4
       859       873       874       860
       945        44         2         1         7         4
       860       874        81        80
       946        44         2         1         7         4
       142       141       875       861
       947        44         2         1         7         4
       861       875       876       862
       948        44         2         1         7         4
       862       876       877       863
       949        44         2         1         7         4
       863       877       878       864
       950        44         2         1         7         4
       864       878       879       865
       951        44         2         1         7         4
       865       879       880       866
       952        44         2         1         7         4
       866       880       881       867
       953        44         2         1         7         4
       867       881       882       868
       954        44         2         1         7         4
       868       882       883       869
       955        44         2         1         7         4
       869       883       884       870
       956        44         2         1         7         4
       870       884       885       871
       957        44         2         1         7         4
       871       885       886       872
       958        44         2         1         7         4
       872       886       887       873
       959        44         2         1         7         4
       873       887       888       874
       960        44         2         1         7         4
       874       888        82        81
       961        44         2         1         7         4
       141       140       889       875
       962        44         2         1         7         4
       875       889       890       876
       963        44         2         1         7         4
       876       890       891       877
       964        44         2         1         7         4
       877       891       892       878
       965        44         2         1         7         4
       878       892       893       879
       966        44         2         1         7         4
       879       893       894       880
       967        44         2         1         7         4
       880       894       895       881
       968        44         2         1         7         4
       881       895       896       882
       969        44         2         1         7         4
       882       896       897       883
       970        44         2         1         7         4
       883       897       898       884
       971        44         2         1         7         4
       884       898       899       885
       972        44         2         1         7         4
       885       899       900       886
       973        44         2         1         7         4
       886       900       901       887
       974        44         2         1         7         4
       887       901       902       888
       975        44         2         1         7         4
       888       902        83        82
       976        44         2         1         7         4
       140       139       903       889
       977        44         2         1         7         4
       889       903       904       890
       978        44         2         1         7         4
       890       904       905       891
       979        44         2         1         7         4
       891       905       906       892
       980        44         2         1         7         4
       892       906       907       893
       981        44         2         1         7         4
       893       907       908       894
       982        44         2         1         7         4
       894       908       909       895
       983        44         2         1         7         4
       895       909       910       896
       984        44         2         1         7         4
       896       910       911       897
       985        44         2         1         7         4
       897       911       912       898
       986        44         2         1         7         4
       898       912       913       899
       987        44         2         1         7         4
       899       913       914       900
       988        44         2         1         7         4
       900       914       915       901
       989        44         2         1         7         4
       901       915       916       902
       990        44         2         1         7         4
       902       916        84        83
       991        44         2         1         7         4
       139       138       917       903
       992        44         2         1         7         4
       903       917       918       904
       993        44         2         1         7         4
       904       918       919       905
       994        44         2         1         7         4
       905       919       920       906
       995        44         2         1         7         4
       906       920       921       907
       996        44         2         1         7         4
       907       921       922       908
       997        44         2         1         7         4
       908       922       923       909
       998        44         2         1         7         4
       909       923       924       910
       999        44         2         1         7         4
       910       924       925       911
      1000        44         2         1         7         4
       911       925       926       912
      1001        44         2         1         7         4
       912       926       927       913
      1002        44         2         1         7         4
       913       927       928       914
      1003        44         2         1         7         4
       914       928       929       915
      1004        44         2         1         7         4
       915       929       930       916
      1005        44         2         1         7         4
       916       930        85        84
      1006        44         2         1         7         4
       138       137       931       917
      1007        44         2         1         7         4
       917       931       932       918
      1008        44         2         1         7         4
       918       932       933       919
      1009        44         2         1         7         4
       919       933       934       920
      1010        44         2         1         7         4
       920       934       935       921
      1011        44         2         1         7         4
       921       935       936       922
      1012        44         2         1         7         4
       922       936       937       923
      1013        44         2         1         7         4
       923       937       938       924
      1014        44         2         1         7         4
       924       938       939       925
      1015        44         2         1         7         4
       925       939       940       926
      1016        44         2         1         7         4
       926       940       941       927
      1017        44         2         1         7         4
       927       941       942       928
      1018        44         2         1         7         4
       928       942       943       929
      1019        44         2         1         7         4
       929       943       944       930
      1020        44         2         1         7         4
       930       944        86        85
      1021        44         2         1         7         4
       137       136       945       931
      1022        44         2         1         7         4
       931       945       946       932
      1023        44         2         1         7         4
       932       946       947       933
      1024        44         2         1         7         4
       933       947       948       934
      1025        44         2         1         7         4
       934       948       949       935
      1026        44         2         1         7         4
       935       949       950       936
      1027        44         2         1         7         4
       936       950       951       937
      1028        44         2         1         7         4
       937       951       952       938
      1029        44         2         1         7         4
       938       952       953       939
      1030        44         2         1         7         4
       939       953       954       940
      1031        44         2         1         7         4
       940       954       955       941
      1032        44         2         1         7         4
       941       955       956       942
      1033        44         2         1         7         4
       942       956       957       943
      1034        44         2         1         7         4
       943       957       958       944
      1035        44         2         1         7         4
       944       958        87        86
      1036        44         2         1         7         4
       136       135       959       945
      1037        44         2         1         7         4
       945       959       960       946
      1038        44         2         1         7         4
       946       960       961       947
      1039        44         2         1         7         4
       947       961       962       948
      1040        44         2         1         7         4
       948       962       963       949
      1041        44         2         1         7         4
       949       963       964       950
      1042        44         2         1         7         4
       950       964       965       951
      1043        44         2         1         7         4
       951       965       966       952
      1044        44         2         1         7         4
       952       966       967       953
      1045        44         2         1         7         4
       953       967       968       954
      1046        44         2         1         7         4
       954       968       969       955
      1047        44         2         1         7         4
       955       969       970       956
      1048        44         2         1         7         4
       956       970       971       957
      1049        44         2         1         7         4
       957       971       972       958
      1050        44         2         1         7         4
       958       972        88        87
      1051        44         2         1         7         4
       135       134       973       959
      1052        44         2         1         7         4
       959       973       974       960
      1053        44         2         1         7         4
       960       974       975       961
      1054        44         2         1         7         4
       961       975       976       962
      1055        44         2         1         7         4
       962       976       977       963
      1056        44         2         1         7         4
       963       977       978       964
      1057        44         2         1         7         4
       964       978       979       965
      1058        44         2         1         7         4
       965       979       980       966
      1059        44         2         1         7         4
       966       980       981       967
      1060        44         2         1         7         4
       967       981       982       968
      1061        44         2         1         7         4
       968       982       983       969
      1062        44         2         1         7         4
       969       983       984       970
      1063        44         2         1         7         4
       970       984       985       971
      1064        44         2         1         7         4
       971       985       986       972
      1065        44         2         1         7         4
       972       986        89        88
      1066        44         2         1         7         4
       134       133       987       973
      1067        44         2         1         7         4
       973       987       988       974
      1068        44         2         1         7         4
       974       988       989       975
      1069        44         2         1         7         4
       975       989       990       976
      1070        44         2         1         7         4
       976       990       991       977
      1071        44         2         1         7         4
       977       991       992       978
      1072        44         2         1         7         4
       978       992       993       979
      1073        44         2         1         7         4
       979       993       994       980
      1074        44         2         1         7         4
       980       994       995       981
      1075        44         2         1         7         4
       981       995       996       982
      1076        44         2         1         7         4
       982       996       997       983
      1077        44         2         1         7         4
       983       997       998       984
      1078        44         2         1         7         4
       984       998       999       985
      1079        44         2         1         7         4
       985       999      1000       986
      1080        44         2         1         7         4
       986      1000        90        89
      1081        44         2         1         7         4
       133         9       202       987
      1082        44         2         1         7         4
       987       202       201       988
      1083        44         2         1         7         4
       988       201       200       989
      1084        44         2         1         7         4
       989       200       199       990
      1085        44         2         1         7         4
       990       199       198       991
      1086        44         2         1         7         4
       991       198       197       992
      1087        44         2         1         7         4
       992       197       196       993
      1088        44         2         1         7         4
       993       196       195       994
      1089        44         2         1         7         4
       994       195       194       995
      1090        44         2         1         7         4
       995       194       193       996
      1091        44         2         1         7         4
       996       193       192       997
      1092        44         2         1         7         4
       997       192       191       998
      1093        44         2         1         7         4
       998       191       190       999
      1094        44         2         1         7         4
       999       190       189      1000
      1095        44         2         1         7         4
      1000       189         5        90
      1096        44         2         1         7         4
        10       147      1001       216
      1097        44         2         1         7         4
       216      1001      1002       215
      1098        44         2         1         7         4
       215      1002      1003       214
      1099        44         2         1         7         4
       214      1003      1004       213
      1100        44         2         1         7         4
       213      1004      1005       212
      1101        44         2         1         7         4
       212      1005      1006       211
      1102        44         2         1         7         4
       211      1006      1007       210
      1103        44         2         1         7         4
       210      1007      1008       209
      1104        44         2         1         7         4
       209      1008      1009       208
      1105        44         2         1         7         4
       208      1009      1010       207
      1106        44         2         1         7         4
       207      1010      1011       206
      1107        44         2         1         7         4
       206      1011      1012       205
      1108        44         2         1         7         4
       205      1012      1013       204
      1109        44         2         1         7         4
       204      1013      1014       203
      1110        44         2         1         7         4
       203      1014       104         6
      1111        44         2         1         7         4
       147       148      1015      1001
      1112        44         2         1         7         4
      1001      1015      1016      1002
      1113        44         2         1         7         4
      1002      1016      1017      1003
      1114        44         2         1         7         4
      1003      1017      1018      1004
      1115        44         2         1         7         4
      1004      1018      1019      1005
      1116        44         2         1         7         4
      1005      1019      1020      1006
      1117        44         2         1         7         4
      1006      1020      1021      1007
      1118        44         2         1         7         4
      1007      1021      1022      1008
      1119        44         2         1         7         4
      1008      1022      1023      1009
      1120        44         2         1         7         4
      1009      1023      1024      1010
      1121        44         2         1         7         4
      1010      1024      1025      1011
      1122        44         2         1         7         4
      1011      1025      1026      1012
      1123        44         2         1         7         4
      1012      1026      1027      1013
      1124        44         2         1         7         4
      1013      1027      1028      1014
      1125        44         2         1         7         4
      1014      1028       103       104
      1126        44         2         1         7         4
       148       149      1029      1015
      1127        44         2         1         7         4
      1015      1029      1030      1016
      1128        44         2         1         7         4
      1016      1030      1031      1017
      1129        44         2         1         7         4
      1017      1031      1032      1018
      1130        44         2         1         7         4
      1018      1032      1033      1019
      1131        44         2         1         7         4
      1019      1033      1034      1020
      1132        44         2         1         7         4
      1020      1034      1035      1021
      1133        44         2         1         7         4
      1021      1035      1036      1022
      1134        44         2         1         7         4
      1022      1036      1037      1023
      1135        44         2         1         7         4
      1023      1037      1038      1024
      1136        44         2         1         7         4
      1024      1038      1039      1025
      1137        44         2         1         7         4
      1025      1039      1040      1026
      1138        44         2         1         7         4
      1026      1040      1041      1027
      1139        44         2         1         7         4
      1027      1041      1042      1028
      1140        44         2         1         7         4
      1028      1042       102       103
      1141        44         2         1         7         4
       149       150      1043      1029
      1142        44         2         1         7         4
      1029      1043      1044      1030
      1143        44         2         1         7         4
      1030      1044      1045      1031
      1144        44         2         1         7         4
      1031      1045      1046      1032
      1145        44         2         1         7         4
      1032      1046      1047      1033
      1146        44         2         1         7         4
      1033      1047      1048      1034
      1147        44         2         1         7         4
      1034      1048      1049      1035
      1148        44         2         1         7         4
      1035      1049      1050      1036
      1149        44         2         1         7         4
      1036      1050      1051      1037
      1150        44         2         1         7         4
      1037      1051      1052      1038
      1151        44         2         1         7         4
      1038      1052      1053      1039
      1152        44         2         1         7         4
      1039      1053      1054      1040
      1153        44         2         1         7         4
      1040      1054      1055      1041
      1154        44         2         1         7         4
      1041      1055      1056      1042
      1155        44         2         1         7         4
      1042      1056       101       102
      1156        44         2         1         7         4
       150       151      1057      1043
      1157        44         2         1         7         4
      1043      1057      1058      1044
      1158        44         2         1         7         4
      1044      1058      1059      1045
      1159        44         2         1         7         4
      1045      1059      1060      1046
      1160        44         2         1         7         4
      1046      1060      1061      1047
      1161        44         2         1         7         4
      1047      1061      1062      1048
      1162        44         2         1         7         4
      1048      1062      1063      1049
      1163        44         2         1         7         4
      1049      1063      1064      1050
      1164        44         2         1         7         4
      1050      1064      1065      1051
      1165        44         2         1         7         4
      1051      1065      1066      1052
      1166        44         2         1         7         4
      1052      1066      1067      1053
      1167        44         2         1         7         4
      1053      1067      1068      1054
      1168        44         2         1         7         4
      1054      1068      1069      1055
      1169        44         2         1         7         4
      1055      1069      1070      1056
      1170        44         2         1         7         4
      1056      1070       100       101
      1171        44         2         1         7         4
       151       152      1071      1057
      1172        44         2         1         7         4
      1057      1071      1072      1058
      1173        44         2         1         7         4
      1058      1072      1073      1059
      1174        44         2         1         7         4
      1059      1073      1074      1060
      1175        44         2         1         7         4
      1060      1074      1075      1061
      1176        44         2         1         7         4
      1061      1075      1076      1062
      1177        44         2         1         7         4
      1062      1076      1077      1063
      1178        44         2         1         7         4
      1063      1077      1078      1064
      1179        44         2         1         7         4
      1064      1078      1079      1065
      1180        44         2         1         7         4
      1065      1079      1080      1066
      1181        44         2         1         7         4
      1066      1080      1081      1067
      1182        44         2         1         7         4
      1067      1081      1082      1068
      1183        44         2         1         7         4
      1068      1082      1083      1069
      1184        44         2         1         7         4
      1069      1083      1084      1070
      1185        44         2         1         7         4
      1070      1084        99       100
      1186        44         2         1         7         4
       152       153      1085      1071
      1187        44         2         1         7         4
      1071      1085      1086      1072
      1188        44         2         1         7         4
      1072      1086      1087      1073
      1189        44         2         1         7         4
      1073      1087      1088      1074
      1190        44         2         1         7         4
      1074      1088      1089      1075
      1191        44         2         1         7         4
      1075      1089      1090      1076
      1192        44         2         1         7         4
      1076      1090      1091      1077
      1193        44         2         1         7         4
      1077      1091      1092      1078
      1194        44         2         1         7         4
      1078      1092      1093      1079
      1195        44         2         1         7         4
      1079      1093      1094      1080
      1196        44         2         1         7         4
      1080      1094      1095      1081
      1197        44         2         1         7         4
      1081      1095      1096      1082
      1198        44         2         1         7         4
      1082      1096      1097      1083
      1199        44         2         1         7         4
      1083      1097      1098      1084
      1200        44         2         1         7         4
      1084      1098        98        99
      1201        44         2         1         7         4
       153       154      1099      1085
      1202        44         2         1         7         4
      1085      1099      1100      1086
      1203        44         2         1         7         4
      1086      1100      1101      1087
      1204        44         2         1         7         4
      1087      1101      1102      1088
      1205        44         2         1         7         4
      1088      1102      1103      1089
      1206        44         2         1         7         4
      1089      1103      1104      1090
      1207        44         2         1         7         4
      1090      1104      1105      1091
      1208        44         2         1         7         4
      1091      1105      1106      1092
      1209        44         2         1         7         4
      1092      1106      1107      1093
      1210        44         2         1         7         4
      1093      1107      1108      1094
      1211        44         2         1         7         4
      1094      1108      1109      1095
      1212        44         2         1         7         4
      1095      1109      1110      1096
      1213        44         2         1         7         4
      1096      1110      1111      1097
      1214        44         2         1         7         4
      1097      1111      1112      1098
      1215        44         2         1         7         4
      1098      1112        97        98
      1216        44         2         1         7         4
       154       155      1113      1099
      1217        44         2         1         7         4
      1099      1113      1114      1100
      1218        44         2         1         7         4
      1100      1114      1115      1101
      1219        44         2         1         7         4
      1101      1115      1116      1102
      1220        44         2         1         7         4
      1102      1116      1117      1103
      1221        44         2         1         7         4
      1103      1117      1118      1104
      1222        44         2         1         7         4
      1104      1118      1119      1105
      1223        44         2         1         7         4
      1105      1119      1120      1106
      1224        44         2         1         7         4
      1106      1120      1121      1107
      1225        44         2         1         7         4
      1107      1121      1122      1108
      1226        44         2         1         7         4
      1108      1122      1123      1109
      1227        44         2         1         7         4
      1109      1123      1124      1110
      1228        44         2         1         7         4
      1110      1124      1125      1111
      1229        44         2         1         7         4
      1111      1125      1126      1112
      1230        44         2         1         7         4
      1112      1126        96        97
      1231        44         2         1         7         4
       155       156      1127      1113
      1232        44         2         1         7         4
      1113      1127      1128      1114
      1233        44         2         1         7         4
      1114      1128      1129      1115
      1234        44         2         1         7         4
      1115      1129      1130      1116
      1235        44         2         1         7         4
      1116      1130      1131      1117
      1236        44         2         1         7         4
      1117      1131      1132      1118
      1237        44         2         1         7         4
      1118      1132      1133      1119
      1238        44         2         1         7         4
      1119      1133      1134      1120
      1239        44         2         1         7         4
      1120      1134      1135      1121
      1240        44         2         1         7         4
      1121      1135      1136      1122
      1241        44         2         1         7         4
      1122      1136      1137      1123
      1242        44         2         1         7         4
      1123      1137      1138      1124
      1243        44         2         1         7         4
      1124      1138      1139      1125
      1244        44         2         1         7         4
      1125      1139      1140      1126
      1245        44         2         1         7         4
      1126      1140        95        96
      1246        44         2         1         7         4
       156       157      1141      1127
      1247        44         2         1         7         4
      1127      1141      1142      1128
      1248        44         2         1         7         4
      1128      1142      1143      1129
      1249        44         2         1         7         4
      1129      1143      1144      1130
      1250        44         2         1         7         4
      1130      1144      1145      1131
      1251        44         2         1         7         4
      1131      1145      1146      1132
      1252        44         2         1         7         4
      1132      1146      1147      1133
      1253        44         2         1         7         4
      1133      1147      1148      1134
      1254        44         2         1         7         4
      1134      1148      1149      1135
      1255        44         2         1         7         4
      1135      1149      1150      1136
      1256        44         2         1         7         4
      1136      1150      1151      1137
      1257        44         2         1         7         4
      1137      1151      1152      1138
      1258        44         2         1         7         4
      1138      1152      1153      1139
      1259        44         2         1         7         4
      1139      1153      1154      1140
      1260        44         2         1         7         4
      1140      1154        94        95
      1261        44         2         1         7         4
       157       158      1155      1141
      1262        44         2         1         7         4
      1141      1155      1156      1142
      1263        44         2         1         7         4
      1142      1156      1157      1143
      1264        44         2         1         7         4
      1143      1157      1158      1144
      1265        44         2         1         7         4
      1144      1158      1159      1145
      1266        44         2         1         7         4
      1145      1159      1160      1146
      1267        44         2         1         7         4
      1146      1160      1161      1147
      1268        44         2         1         7         4
      1147      1161      1162      1148
      1269        44         2         1         7         4
      1148      1162      1163      1149
      1270        44         2         1         7         4
      1149      1163      1164      1150
      1271        44         2         1         7         4
      1150      1164      1165      1151
      1272        44         2         1         7         4
      1151      1165      1166      1152
      1273        44         2         1         7         4
      1152      1166      1167      1153
      1274        44         2         1         7         4
      1153      1167      1168      1154
      1275        44         2         1         7         4
      1154      1168        93        94
      1276        44         2         1         7         4
       158       159      1169      1155
      1277        44         2         1         7         4
      1155      1169      1170      1156
      1278        44         2         1         7         4
      1156      1170      1171      1157
      1279        44         2         1         7         4
      1157      1171      1172      1158
      1280        44         2         1         7         4
      1158      1172      1173      1159
      1281        44         2         1         7         4
      1159      1173      1174      1160
      1282        44         2         1         7         4
      1160      1174      1175      1161
      1283        44         2         1         7         4
      1161      1175      1176      1162
      1284        44         2         1         7         4
      1162      1176      1177      1163
      1285        44         2         1         7         4
      1163      1177      1178      1164
      1286        44         2         1         7         4
      1164      1178      1179      1165
      1287        44         2         1         7         4
      1165      1179      1180      1166
      1288        44         2         1         7         4
      1166      1180      1181      1167
      1289        44         2         1         7         4
      1167      1181      1182      1168
      1290        44         2         1         7         4
      1168      1182        92        93
      1291        44         2         1         7         4
       159       160      1183      1169
      1292        44         2         1         7         4
      1169      1183      1184      1170
      1293        44         2         1         7         4
      1170      1184      1185      1171
      1294        44         2         1         7         4
      1171      1185      1186      1172
      1295        44         2         1         7         4
      1172      1186      1187      1173
      1296        44         2         1         7         4
      1173      1187      1188      1174
      1297        44         2         1         7         4
      1174      1188      1189      1175
      1298        44         2         1         7         4
      1175      1189      1190      1176
      1299        44         2         1         7         4
      1176      1190      1191      1177
      1300        44         2         1         7         4
      1177      1191      1192      1178
      1301        44         2         1         7         4
      1178      1192      1193      1179
      1302        44         2         1         7         4
      1179      1193      1194      1180
      1303        44         2         1         7         4
      1180      1194      1195      1181
      1304        44         2         1         7         4
      1181      1195      1196      1182
      1305        44         2         1         7         4
      1182      1196        91        92
      1306        44         2         1         7         4
       160        12       175      1183
      1307        44         2         1         7         4
      1183       175       176      1184
      1308        44         2         1         7         4
      1184       176       177      1185
      1309        44         2         1         7         4
      1185       177       178      1186
      1310        44         2         1         7         4
      1186       178       179      1187
      1311        44         2         1         7         4
      1187       179       180      1188
      1312        44         2         1         7         4
      1188       180       181      1189
      1313        44         2         1         7         4
      1189       181       182      1190
      1314        44         2         1         7         4
      1190       182       183      1191
      1315        44         2         1         7         4
      1191       183       184      1192
      1316        44         2         1         7         4
      1192       184       185      1193
      1317        44         2         1         7         4
      1193       185       186      1194
      1318        44         2         1         7         4
      1194       186       187      1195
      1319        44         2         1         7         4
      1195       187       188      1196
      1320        44         2         1         7         4
      1196       188         8        91
      1321        44         2         1         7         4
        13       230      1197       245
      1322        44         2         1         7         4
       245      1197      1198       246
      1323        44         2         1         7         4
       246      1198      1199       247
      1324        44         2         1         7         4
       247      1199      1200       248
      1325        44         2         1         7         4
       248      1200      1201       249
      1326        44         2         1         7         4
       249      1201      1202       250
      1327        44         2         1         7         4
       250      1202      1203       251
      1328        44         2         1         7         4
       251      1203      1204       252
      1329        44         2         1         7         4
       252      1204      1205       253
      1330        44         2         1         7         4
       253      1205      1206       254
      1331        44         2         1         7         4
       254      1206      1207       255
      1332        44         2         1         7         4
       255      1207      1208       256
      1333        44         2         1         7         4
       256      1208      1209       257
      1334        44         2         1         7         4
       257      1209      1210       258
      1335        44         2         1         7         4
       258      1210       202         9
      1336        44         2         1         7         4
       230       229      1211      1197
      1337        44         2         1         7         4
      1197      1211      1212      1198
      1338        44         2         1         7         4
      1198      1212      1213      1199
      1339        44         2         1         7         4
      1199      1213      1214      1200
      1340        44         2         1         7         4
      1200      1214      1215      1201
      1341        44         2         1         7         4
      1201      1215      1216      1202
      1342        44         2         1         7         4
      1202      1216      1217      1203
      1343        44         2         1         7         4
      1203      1217      1218      1204
      1344        44         2         1         7         4
      1204      1218      1219      1205
      1345        44         2         1         7         4
      1205      1219      1220      1206
      1346        44         2         1         7         4
      1206      1220      1221      1207
      1347        44         2         1         7         4
      1207      1221      1222      1208
      1348        44         2         1         7         4
      1208      1222      1223      1209
      1349        44         2         1         7         4
      1209      1223      1224      1210
      1350        44         2         1         7         4
      1210      1224       201       202
      1351        44         2         1         7         4
       229       228      1225      1211
      1352        44         2         1         7         4
      1211      1225      1226      1212
      1353        44         2         1         7         4
      1212      1226      1227      1213
      1354        44         2         1         7         4
      1213      1227      1228      1214
      1355        44         2         1         7         4
      1214      1228      1229      1215
      1356        44         2         1         7         4
      1215      1229      1230      1216
      1357        44         2         1         7         4
      1216      1230      1231      1217
      1358        44         2         1         7         4
      1217      1231      1232      1218
      1359        44         2         1         7         4
      1218      1232      1233      1219
      1360        44         2         1         7         4
      1219      1233      1234      1220
      1361        44         2         1         7         4
      1220      1234      1235      1221
      1362        44         2         1         7         4
      1221      1235      1236      1222
      1363        44         2         1         7         4
      1222      1236      1237      1223
      1364        44         2         1         7         4
      1223      1237      1238      1224
      1365        44         2         1         7         4
      1224      1238       200       201
      1366        44         2         1         7         4
       228       227      1239      1225
      1367        44         2         1         7         4
      1225      1239      1240      1226
      1368        44         2         1         7         4
      1226      1240      1241      1227
      1369        44         2         1         7         4
      1227      1241      1242      1228
      1370        44         2         1         7         4
      1228      1242      1243      1229
      1371        44         2         1         7         4
      1229      1243      1244      1230
      1372        44         2         1         7         4
      1230      1244      1245      1231
      1373        44         2         1         7         4
      1231      1245      1246      1232
      1374        44         2         1         7         4
      1232      1246      1247      1233
      1375        44         2         1         7         4
      1233      1247      1248      1234
      1376        44         2         1         7         4
      1234      1248      1249      1235
      1377        44         2         1         7         4
      1235      1249      1250      1236
      1378        44         2         1         7         4
      1236      1250      1251      1237
      1379        44         2         1         7         4
      1237      1251      1252      1238
      1380        44         2         1         7         4
      1238      1252       199       200
      1381        44         2         1         7         4
       227       226      1253      1239
      1382        44         2         1         7         4
      1239      1253      1254      1240
      1383        44         2         1         7         4
      1240      1254      1255      1241
      1384        44         2         1         7         4
      1241      1255      1256      1242
      1385        44         2         1         7         4
      1242      1256      1257      1243
      1386        44         2         1         7         4
      1243      1257      1258      1244
      1387        44         2         1         7         4
      1244      1258      1259      1245
      1388        44         2         1         7         4
      1245      1259      1260      1246
      1389        44         2         1         7         4
      1246      1260      1261      1247
      1390        44         2         1         7         4
      1247      1261      1262      1248
      1391        44         2         1         7         4
      1248      1262      1263      1249
      1392        44         2         1         7         4
      1249      1263      1264      1250
      1393        44         2         1         7         4
      1250      1264      1265      1251
      1394        44         2         1         7         4
      1251      1265      1266      1252
      1395        44         2         1         7         4
      1252      1266       198       199
      1396        44         2         1         7         4
       226       225      1267      1253
      1397        44         2         1         7         4
      1253      1267      1268      1254
      1398        44         2         1         7         4
      1254      1268      1269      1255
      1399        44         2         1         7         4
      1255      1269      1270      1256
      1400        44         2         1         7         4
      1256      1270      1271      1257
      1401        44         2         1         7         4
      1257      1271      1272      1258
      1402        44         2         1         7         4
      1258      1272      1273      1259
      1403        44         2         1         7         4
      1259      1273      1274      1260
      1404        44         2         1         7         4
      1260      1274      1275      1261
      1405        44         2         1         7         4
      1261      1275      1276      1262
      1406        44         2         1         7         4
      1262      1276      1277      1263
      1407        44         2         1         7         4
      1263      1277      1278      1264
      1408        44         2         1         7         4
      1264      1278      1279      1265
      1409        44         2         1         7         4
      1265      1279      1280      1266
      1410        44         2         1         7         4
      1266      1280       197       198
      1411        44         2         1         7         4
       225       224      1281      1267
      1412        44         2         1         7         4
      1267      1281      1282      1268
      1413        44         2         1         7         4
      1268      1282      1283      1269
      1414        44         2         1         7         4
      1269      1283      1284      1270
      1415        44         2         1         7         4
      1270      1284      1285      1271
      1416        44         2         1         7         4
      1271      1285      1286      1272
      1417        44         2         1         7         4
      1272      1286      1287      1273
      1418        44         2         1         7         4
      1273      1287      1288      1274
      1419        44         2         1         7         4
      1274      1288      1289      1275
      1420        44         2         1         7         4
      1275      1289      1290      1276
      1421        44         2         1         7         4
      1276      1290      1291      1277
      1422        44         2         1         7         4
      1277      1291      1292      1278
      1423        44         2         1         7         4
      1278      1292      1293      1279
      1424        44         2         1         7         4
      1279      1293      1294      1280
      1425        44         2         1         7         4
      1280      1294       196       197
      1426        44         2         1         7         4
       224       223      1295      1281
      1427        44         2         1         7         4
      1281      1295      1296      1282
      1428        44         2         1         7         4
      1282      1296      1297      1283
      1429        44         2         1         7         4
      1283      1297      1298      1284
      1430        44         2         1         7         4
      1284      1298      1299      1285
      1431        44         2         1         7         4
      1285      1299      1300      1286
      1432        44         2         1         7         4
      1286      1300      1301      1287
      1433        44         2         1         7         4
      1287      1301      1302      1288
      1434        44         2         1         7         4
      1288      1302      1303      1289
      1435        44         2         1         7         4
      1289      1303      1304      1290
      1436        44         2         1         7         4
      1290      1304      1305      1291
      1437        44         2         1         7         4
      1291      1305      1306      1292
      1438        44         2         1         7         4
      1292      1306      1307      1293
      1439        44         2         1         7         4
      1293      1307      1308      1294
      1440        44         2         1         7         4
      1294      1308       195       196
      1441        44         2         1         7         4
       223       222      1309      1295
      1442        44         2         1         7         4
      1295      1309      1310      1296
      1443        44         2         1         7         4
      1296      1310      1311      1297
      1444        44         2         1         7         4
      1297      1311      1312      1298
      1445        44         2         1         7         4
      1298      1312      1313      1299
      1446        44         2         1         7         4
      1299      1313      1314      1300
      1447        44         2         1         7         4
      1300      1314      1315      1301
      1448        44         2         1         7         4
      1301      1315      1316      1302
      1449        44         2         1         7         4
      1302      1316      1317      1303
      1450        44         2         1         7         4
      1303      1317      1318      1304
      1451        44         2         1         7         4
      1304      1318      1319      1305
      1452        44         2         1         7         4
      1305      1319      1320      1306
      1453        44         2         1         7         4
      1306      1320      1321      1307
      1454        44         2         1         7         4
      1307      1321      1322      1308
      1455        44         2         1         7         4
      1308      1322       194       195
      1456        44         2         1         7         4
       222       221      1323      1309
      1457        44         2         1         7         4
      1309      1323      1324      1310
      1458        44         2         1         7         4
      1310      1324      1325      1311
      1459        44         2         1         7         4
      1311      1325      1326      1312
      1460        44         2         1         7         4
      1312      1326      1327      1313
      1461        44         2         1         7         4
      1313      1327      1328      1314
      1462        44         2         1         7         4
      1314      1328      1329      1315
      1463        44         2         1         7         4
      1315      1329      1330      1316
      1464        44         2         1         7         4
      1316      1330      1331      1317
      1465        44         2         1         7         4
      1317      1331      1332      1318
      1466        44         2         1         7         4
      1318      1332      1333      1319
      1467        44         2         1         7         4
      1319      1333      1334      1320
      1468        44         2         1         7         4
      1320      1334      1335      1321
      1469        44         2         1         7         4
      1321      1335      1336      1322
      1470        44         2         1         7         4
      1322      1336       193       194
      1471        44         2         1         7         4
       221       220      1337      1323
      1472        44         2         1         7         4
      1323      1337      1338      1324
      1473        44         2         1         7         4
      1324      1338      1339      1325
      1474        44         2         1         7         4
      1325      1339      1340      1326
      1475        44         2         1         7         4
      1326      1340      1341      1327
      1476        44         2         1         7         4
      1327      1341      1342      1328
      1477        44         2         1         7         4
      1328      1342      1343      1329
      1478        44         2         1         7         4
      1329      1343      1344      1330
      1479        44         2         1         7         4
      1330      1344      1345      1331
      1480        44         2         1         7         4
      1331      1345      1346      1332
      1481        44         2         1         7         4
      1332      1346      1347      1333
      1482        44         2         1         7         4
      1333      1347      1348      1334
      1483        44         2         1         7         4
      1334      1348      1349      1335
      1484        44         2         1         7         4
      1335      1349      1350      1336
      1485        44         2         1         7         4
      1336      1350       192       193
      1486        44         2         1         7         4
       220       219      1351      1337
      1487        44         2         1         7         4
      1337      1351      1352      1338
      1488        44         2         1         7         4
      1338      1352      1353      1339
      1489        44         2         1         7         4
      1339      1353      1354      1340
      1490        44         2         1         7         4
      1340      1354      1355      1341
      1491        44         2         1         7         4
      1341      1355      1356      1342
      1492        44         2         1         7         4
      1342      1356      1357      1343
      1493        44         2         1         7         4
      1343      1357      1358      1344
      1494        44         2         1         7         4
      1344      1358      1359      1345
      1495        44         2         1         7         4
      1345      1359      1360      1346
      1496        44         2         1         7         4
      1346      1360      1361      1347
      1497        44         2         1         7         4
      1347      1361      1362      1348
      1498        44         2         1         7         4
      1348      1362      1363      1349
      1499        44         2         1         7         4
      1349      1363      1364      1350
      1500        44         2         1         7         4
      1350      1364       191       192
      1501        44         2         1         7         4
       219       218      1365      1351
      1502        44         2         1         7         4
      1351      1365      1366      1352
      1503        44         2         1         7         4
      1352      1366      1367      1353
      1504        44         2         1         7         4
      1353      1367      1368      1354
      1505        44         2         1         7         4
      1354      1368      1369      1355
      1506        44         2         1         7         4
      1355      1369      1370      1356
      1507        44         2         1         7         4
      1356      1370      1371      1357
      1508        44         2         1         7         4
      1357      1371      1372      1358
      1509        44         2         1         7         4
      1358      1372      1373      1359
      1510        44         2         1         7         4
      1359      1373      1374      1360
      1511        44         2         1         7         4
      1360      1374      1375      1361
      1512        44         2         1         7         4
      1361      1375      1376      1362
      1513        44         2         1         7         4
      1362      1376      1377      1363
      1514        44         2         1         7         4
      1363      1377      1378      1364
      1515        44         2         1         7         4
      1364      1378       190       191
      1516        44         2         1         7         4
       218       217      1379      1365
      1517        44         2         1         7         4
      1365      1379      1380      1366
      1518        44         2         1         7         4
      1366      1380      1381      1367
      1519        44         2         1         7         4
      1367      1381      1382      1368
      1520        44         2         1         7         4
      1368      1382      1383      1369
      1521        44         2         1         7         4
      1369      1383      1384      1370
      1522        44         2         1         7         4
      1370      1384      1385      1371
      1523        44         2         1         7         4
      1371      1385      1386      1372
      1524        44         2         1         7         4
      1372      1386      1387      1373
      1525        44         2         1         7         4
      1373      1387      1388      1374
      1526        44         2         1         7         4
      1374      1388      1389      1375
      1527        44         2         1         7         4
      1375      1389      1390      1376
      1528        44         2         1         7         4
      1376      1390      1391      1377
      1529        44         2         1         7         4
      1377      1391      1392      1378
      1530        44         2         1         7         4
      1378      1392       189       190
      1531        44         2         1         7         4
       217         1        62      1379
      1532        44         2         1         7         4
      1379        62        61      1380
      1533        44         2         1         7         4
      1380        61        60      1381
      1534        44         2         1         7         4
      1381        60        59      1382
      1535        44         2         1         7         4
      1382        59        58      1383
      1536        44         2         1         7         4
      1383        58        57      1384
      1537        44         2         1         7         4
      1384        57        56      1385
      1538        44         2         1         7         4
      1385        56        55      1386
      1539        44         2         1         7         4
      1386        55        54      1387
      1540        44         2         1         7         4
      1387        54        53      1388
      1541        44         2         1         7         4
      1388        53        52      1389
      1542        44         2         1         7         4
      1389        52        51      1390
      1543        44         2         1         7         4
      1390        51        50      1391
      1544        44         2         1         7         4
      1391        50        49      1392
      1545        44         2         1         7         4
      1392        49         5       189
      1546        44         2         1         7         4
         2       231      1393        76
      1547        44         2         1         7         4
        76      1393      1394        75
      1548        44         2         1         7         4
        75      1394      1395        74
      1549        44         2         1         7         4
        74      1395      1396        73
      1550        44         2         1         7         4
        73      1396      1397        72
      1551        44         2         1         7         4
        72      1397      1398        71
      1552        44         2         1         7         4
        71      1398      1399        70
      1553        44         2         1         7         4
        70      1399      1400        69
      1554        44         2         1         7         4
        69      1400      1401        68
      1555        44         2         1         7         4
        68      1401      1402        67
      1556        44         2         1         7         4
        67      1402      1403        66
      1557        44         2         1         7         4
        66      1403      1404        65
      1558        44         2         1         7         4
        65      1404      1405        64
      1559        44         2         1         7         4
        64      1405      1406        63
      1560        44         2         1         7         4
        63      1406       203         6
      1561        44         2         1         7         4
       231       232      1407      1393
      1562        44         2         1         7         4
      1393      1407      1408      1394
      1563        44         2         1         7         4
      1394      1408      1409      1395
      1564        44         2         1         7         4
      1395      1409      1410      1396
      1565        44         2         1         7         4
      1396      1410      1411      1397
      1566        44         2         1         7         4
      1397      1411      1412      1398
      1567        44         2         1         7         4
      1398      1412      1413      1399
      1568        44         2         1         7         4
      1399      1413      1414      1400
      1569        44         2         1         7         4
      1400      1414      1415      1401
      1570        44         2         1         7         4
      1401      1415      1416      1402
      1571        44         2         1         7         4
      1402      1416      1417      1403
      1572        44         2         1         7         4
      1403      1417      1418      1404
      1573        44         2         1         7         4
      1404      1418      1419      1405
      1574        44         2         1         7         4
      1405      1419      1420      1406
      1575        44         2         1         7         4
      1406      1420       204       203
      1576        44         2         1         7         4
       232       233      1421      1407
      1577        44         2         1         7         4
      1407      1421      1422      1408
      1578        44         2         1         7         4
      1408      1422      1423      1409
      1579        44         2         1         7         4
      1409      1423      1424      1410
      1580        44         2         1         7         4
      1410      1424      1425      1411
      1581        44         2         1         7         4
      1411      1425      1426      1412
      1582        44         2         1         7         4
      1412      1426      1427      1413
      1583        44         2         1         7         4
      1413      1427      1428      1414
      1584        44         2         1         7         4
      1414      1428      1429      1415
      1585        44         2         1         7         4
      1415      1429      1430      1416
      1586        44         2         1         7         4
      1416      1430      1431      1417
      1587        44         2         1         7         4
      1417      1431      1432      1418
      1588        44         2         1         7         4
      1418      1432      1433      1419
      1589        44         2         1         7         4
      1419      1433      1434      1420
      1590        44         2         1         7         4
      1420      1434       205       204
      1591        44         2         1         7         4
       233       234      1435      1421
      1592        44         2         1         7         4
      1421      1435      1436      1422
      1593        44         2         1         7         4
      1422      1436      1437      1423
      1594        44         2         1         7         4
      1423      1437      1438      1424
      1595        44         2         1         7         4
      1424      1438      1439      1425
      1596        44         2         1         7         4
      1425      1439      1440      1426
      1597        44         2         1         7         4
      1426      1440      1441      1427
      1598        44         2         1         7         4
      1427      1441      1442      1428
      1599        44         2         1         7         4
      1428      1442      1443      1429
      1600        44         2         1         7         4
      1429      1443      1444      1430
      1601        44         2         1         7         4
      1430      1444      1445      1431
      1602        44         2         1         7         4
      1431      1445      1446      1432
      1603        44         2         1         7         4
      1432      1446      1447      1433
      1604        44         2         1         7         4
      1433      1447      1448      1434
      1605        44         2         1         7         4
      1434      1448       206       205
      1606        44         2         1         7         4
       234       235      1449      1435
      1607        44         2         1         7         4
      1435      1449      1450      1436
      1608        44         2         1         7         4
      1436      1450      1451      1437
      1609        44         2         1         7         4
      1437      1451      1452      1438
      1610        44         2         1         7         4
      1438      1452      1453      1439
      1611        44         2         1         7         4
      1439      1453      1454      1440
      1612        44         2         1         7         4
      1440      1454      1455      1441
      1613        44         2         1         7         4
      1441      1455      1456      1442
      1614        44         2         1         7         4
      1442      1456      1457      1443
      1615        44         2         1         7         4
      1443      1457      1458      1444
      1616        44         2         1         7         4
      1444      1458      1459      1445
      1617        44         2         1         7         4
      1445      1459      1460      1446
      1618        44         2         1         7         4
      1446      1460      1461      1447
      1619        44         2         1         7         4
      1447      1461      1462      1448
      1620        44         2         1         7         4
      1448      1462       207       206
      1621        44         2         1         7         4
       235       236      1463      1449
      1622        44         2         1         7         4
      1449      1463      1464      1450
      1623        44         2         1         7         4
      1450      1464      1465      1451
      1624        44         2         1         7         4
      1451      1465      1466      1452
      1625        44         2         1         7         4
      1452      1466      1467      1453
      1626        44         2         1         7         4
      1453      1467      1468      1454
      1627        44         2         1         7         4
      1454      1468      1469      1455
      1628        44         2         1         7         4
      1455      1469      1470      1456
      1629        44         2         1         7         4
      1456      1470      1471      1457
      1630        44         2         1         7         4
      1457      1471      1472      1458
      1631        44         2         1         7         4
      1458      1472      1473      1459
      1632        44         2         1         7         4
      1459      1473      1474      1460
      1633        44         2         1         7         4
      1460      1474      1475      1461
      1634        44         2         1         7         4
      1461      1475      1476      1462
      1635        44         2         1         7         4
      1462      1476       208       207
      1636        44         2         1         7         4
       236       237      1477      1463
      1637        44         2         1         7         4
      1463      1477      1478      1464
      1638        44         2         1         7         4
      1464      1478      1479      1465
      1639        44         2         1         7         4
      1465      1479      1480      1466
      1640        44         2         1         7         4
      1466      1480      1481      1467
      1641        44         2         1         7         4
      1467      1481      1482      1468
      1642        44         2         1         7         4
      1468      1482      1483      1469
      1643        44         2         1         7         4
      1469      1483      1484      1470
      1644        44         2         1         7         4
      1470      1484      1485      1471
      1645        44         2         1         7         4
      1471      1485      1486      1472
      1646        44         2         1         7         4
      1472      1486      1487      1473
      1647        44         2         1         7         4
      1473      1487      1488      1474
      1648        44         2         1         7         4
      1474      1488      1489      1475
      1649        44         2         1         7         4
      1475      1489      1490      1476
      1650        44         2         1         7         4
      1476      1490       209       208
      1651        44         2         1         7         4
       237       238      1491      1477
      1652        44         2         1         7         4
      1477      1491      1492      1478
      1653        44         2         1         7         4
      1478      1492      1493      1479
      1654        44         2         1         7         4
      1479      1493      1494      1480
      1655        44         2         1         7         4
      1480      1494      1495      1481
      1656        44         2         1         7         4
      1481      1495      1496      1482
      1657        44         2         1         7         4
      1482      1496      1497      1483
      1658        44         2         1         7         4
      1483      1497      1498      1484
      1659        44         2         1         7         4
      1484      1498      1499      1485
      1660        44         2         1         7         4
      1485      1499      1500      1486
      1661        44         2         1         7         4
      1486      1500      1501      1487
      1662        44         2         1         7         4
      1487      1501      1502      1488
      1663        44         2         1         7         4
      1488      1502      1503      1489
      1664        44         2         1         7         4
      1489      1503      1504      1490
      1665        44         2         1         7         4
      1490      1504       210       209
      1666        44         2         1         7         4
       238       239      1505      1491
      1667        44         2         1         7         4
      1491      1505      1506      1492
      1668        44         2         1         7         4
      1492      1506      1507      1493
      1669        44         2         1         7         4
      1493      1507      1508      1494
      1670        44         2         1         7         4
      1494      1508      1509      1495
      1671        44         2         1         7         4
      1495      1509      1510      1496
      1672        44         2         1         7         4
      1496      1510      1511      1497
      1673        44         2         1         7         4
      1497      1511      1512      1498
      1674        44         2         1         7         4
      1498      1512      1513      1499
      1675        44         2         1         7         4
      1499      1513      1514      1500
      1676        44         2         1         7         4
      1500      1514      1515      1501
      1677        44         2         1         7         4
      1501      1515      1516      1502
      1678        44         2         1         7         4
      1502      1516      1517      1503
      1679        44         2         1         7         4
      1503      1517      1518      1504
      1680        44         2         1         7         4
      1504      1518       211       210
      1681        44         2         1         7         4
       239       240      1519      1505
      1682        44         2         1         7         4
      1505      1519      1520      1506
      1683        44         2         1         7         4
      1506      1520      1521      1507
      1684        44         2         1         7         4
      1507      1521      1522      1508
      1685        44         2         1         7         4
      1508      1522      1523      1509
      1686        44         2         1         7         4
      1509      1523      1524      1510
      1687        44         2         1         7         4
      1510      1524      1525      1511
      1688        44         2         1         7         4
      1511      1525      1526      1512
      1689        44         2         1         7         4
      1512      1526      1527      1513
      1690        44         2         1         7         4
      1513      1527      1528      1514
      1691        44         2         1         7         4
      1514      1528      1529      1515
      1692        44         2         1         7         4
      1515      1529      1530      1516
      1693        44         2         1         7         4
      1516      1530      1531      1517
      1694        44         2         1         7         4
      1517      1531      1532      1518
      1695        44         2         1         7         4
      1518      1532       212       211
      1696        44         2         1         7         4
       240       241      1533      1519
      1697        44         2         1         7         4
      1519      1533      1534      1520
      1698        44         2         1         7         4
      1520      1534      1535      1521
      1699        44         2         1         7         4
      1521      1535      1536      1522
      1700        44         2         1         7         4
      1522      1536      1537      1523
      1701        44         2         1         7         4
      1523      1537      1538      1524
      1702        44         2         1         7         4
      1524      1538      1539      1525
      1703        44         2         1         7         4
      1525      1539      1540      1526
      1704        44         2         1         7         4
      1526      1540      1541      1527
      1705        44         2         1         7         4
      1527      1541      1542      1528
      1706        44         2         1         7         4
      1528      1542      1543      1529
      1707        44         2         1         7         4
      1529      1543      1544      1530
      1708        44         2         1         7         4
      1530      1544      1545      1531
      1709        44         2         1         7         4
      1531      1545      1546      1532
      1710        44         2         1         7         4
      1532      1546       213       212
      1711        44         2         1         7         4
       241       242      1547      1533
      1712        44         2         1         7         4
      1533      1547      1548      1534
      1713        44         2         1         7         4
      1534      1548      1549      1535
      1714        44         2         1         7         4
      1535      1549      1550      1536
      1715        44         2         1         7         4
      1536      1550      1551      1537
      1716        44         2         1         7         4
      1537      1551      1552      1538
      1717        44         2         1         7         4
      1538      1552      1553      1539
      1718        44         2         1         7         4
      1539      1553      1554      1540
      1719        44         2         1         7         4
      1540      1554      1555      1541
      1720        44         2         1         7         4
      1541      1555      1556      1542
      1721        44         2         1         7         4
      1542      1556      1557      1543
      1722        44         2         1         7         4
      1543      1557      1558      1544
      1723        44         2         1         7         4
      1544      1558      1559      1545
      1724        44         2         1         7         4
      1545      1559      1560      1546
      1725        44         2         1         7         4
      1546      1560       214       213
      1726        44         2         1         7         4
       242       243      1561      1547
      1727        44         2         1         7         4
      1547      1561      1562      1548
      1728        44         2         1         7         4
      1548      1562      1563      1549
      1729        44         2         1         7         4
      1549      1563      1564      1550
      1730        44         2         1         7         4
      1550      1564      1565      1551
      1731        44         2         1         7         4
      1551      1565      1566      1552
      1732        44         2         1         7         4
      1552      1566      1567      1553
      1733        44         2         1         7         4
      1553      1567      1568      1554
      1734        44         2         1         7         4
      1554      1568      1569      1555
      1735        44         2         1         7         4
      1555      1569      1570      1556
      1736        44         2         1         7         4
      1556      1570      1571      1557
      1737        44         2         1         7         4
      1557      1571      1572      1558
      1738        44         2         1         7         4
      1558      1572      1573      1559
      1739        44         2         1         7         4
      1559      1573      1574      1560
      1740        44         2         1         7         4
      1560      1574       215       214
      1741        44         2         1         7         4
       243       244      1575      1561
      1742        44         2         1         7         4
      1561      1575      1576      1562
      1743        44         2         1         7         4
      1562      1576      1577      1563
      1744        44         2         1         7         4
      1563      1577      1578      1564
      1745        44         2         1         7         4
      1564      1578      1579      1565
      1746        44         2         1         7         4
      1565      1579      1580      1566
      1747        44         2         1         7         4
      1566      1580      1581      1567
      1748        44         2         1         7         4
      1567      1581      1582      1568
      1749        44         2         1         7         4
      1568      1582      1583      1569
      1750        44         2         1         7         4
      1569      1583      1584      1570
      1751        44         2         1         7         4
      1570      1584      1585      1571
      1752        44         2         1         7         4
      1571      1585      1586      1572
      1753        44         2         1         7         4
      1572      1586      1587      1573
      1754        44         2         1         7         4
      1573      1587      1588      1574
      1755        44         2         1         7         4
      1574      1588       216       215
      1756        44         2         1         7         4
       244        14       259      1575
      1757        44         2         1         7         4
      1575       259       260      1576
      1758        44         2         1         7         4
      1576       260       261      1577
      1759        44         2         1         7         4
      1577       261       262      1578
      1760        44         2         1         7         4
      1578       262       263      1579
      1761        44         2         1         7         4
      1579       263       264      1580
      1762        44         2         1         7         4
      1580       264       265      1581
      1763        44         2         1         7         4
      1581       265       266      1582
      1764        44         2         1         7         4
      1582       266       267      1583
      1765        44         2         1         7         4
      1583       267       268      1584
      1766        44         2         1         7         4
      1584       268       269      1585
      1767        44         2         1         7         4
      1585       269       270      1586
      1768        44         2         1         7         4
      1586       270       271      1587
      1769        44         2         1         7         4
      1587       271       272      1588
      1770        44         2         1         7         4
      1588       272        10       216
      1771        44         2         1         7         4
        15       286      1589       301
      1772        44         2         1         7         4
       301      1589      1590       302
      1773        44         2         1         7         4
       302      1590      1591       303
      1774        44         2         1         7         4
       303      1591      1592       304
      1775        44         2         1         7         4
       304      1592      1593       305
      1776        44         2         1         7         4
       305      1593      1594       306
      1777        44         2         1         7         4
       306      1594      1595       307
      1778        44         2         1         7         4
       307      1595      1596       308
      1779        44         2         1         7         4
       308      1596      1597       309
      1780        44         2         1         7         4
       309      1597      1598       310
      1781        44         2         1         7         4
       310      1598      1599       311
      1782        44         2         1         7         4
       311      1599      1600       312
      1783        44         2         1         7         4
       312      1600      1601       313
      1784        44         2         1         7         4
       313      1601      1602       314
      1785        44         2         1         7         4
       314      1602       329        17
      1786        44         2         1         7         4
       286       285      1603      1589
      1787        44         2         1         7         4
      1589      1603      1604      1590
      1788        44         2         1         7         4
      1590      1604      1605      1591
      1789        44         2         1         7         4
      1591      1605      1606      1592
      1790        44         2         1         7         4
      1592      1606      1607      1593
      1791        44         2         1         7         4
      1593      1607      1608      1594
      1792        44         2         1         7         4
      1594      1608      1609      1595
      1793        44         2         1         7         4
      1595      1609      1610      1596
      1794        44         2         1         7         4
      1596      1610      1611      1597
      1795        44         2         1         7         4
      1597      1611      1612      1598
      1796        44         2         1         7         4
      1598      1612      1613      1599
      1797        44         2         1         7         4
      1599      1613      1614      1600
      1798        44         2         1         7         4
      1600      1614      1615      1601
      1799        44         2         1         7         4
      1601      1615      1616      1602
      1800        44         2         1         7         4
      1602      1616       330       329
      1801        44         2         1         7         4
       285       284      1617      1603
      1802        44         2         1         7         4
      1603      1617      1618      1604
      1803        44         2         1         7         4
      1604      1618      1619      1605
      1804        44         2         1         7         4
      1605      1619      1620      1606
      1805        44         2         1         7         4
      1606      1620      1621      1607
      1806        44         2         1         7         4
      1607      1621      1622      1608
      1807        44         2         1         7         4
      1608      1622      1623      1609
      1808        44         2         1         7         4
      1609      1623      1624      1610
      1809        44         2         1         7         4
      1610      1624      1625      1611
      1810        44         2         1         7         4
      1611      1625      1626      1612
      1811        44         2         1         7         4
      1612      1626      1627      1613
      1812        44         2         1         7         4
      1613      1627      1628      1614
      1813        44         2         1         7         4
      1614      1628      1629      1615
      1814        44         2         1         7         4
      1615      1629      1630      1616
      1815        44         2         1         7         4
      1616      1630       331       330
      1816        44         2         1         7         4
       284       283      1631      1617
      1817        44         2         1         7         4
      1617      1631      1632      1618
      1818        44         2         1         7         4
      1618      1632      1633      1619
      1819        44         2         1         7         4
      1619      1633      1634      1620
      1820        44         2         1         7         4
      1620      1634      1635      1621
      1821        44         2         1         7         4
      1621      1635      1636      1622
      1822        44         2         1         7         4
      1622      1636      1637      1623
      1823        44         2         1         7         4
      1623      1637      1638      1624
      1824        44         2         1         7         4
      1624      1638      1639      1625
      1825        44         2         1         7         4
      1625      1639      1640      1626
      1826        44         2         1         7         4
      1626      1640      1641      1627
      1827        44         2         1         7         4
      1627      1641      1642      1628
      1828        44         2         1         7         4
      1628      1642      1643      1629
      1829        44         2         1         7         4
      1629      1643      1644      1630
      1830        44         2         1         7         4
      1630      1644       332       331
      1831        44         2         1         7         4
       283       282      1645      1631
      1832        44         2         1         7         4
      1631      1645      1646      1632
      1833        44         2         1         7         4
      1632      1646      1647      1633
      1834        44         2         1         7         4
      1633      1647      1648      1634
      1835        44         2         1         7         4
      1634      1648      1649      1635
      1836        44         2         1         7         4
      1635      1649      1650      1636
      1837        44         2         1         7         4
      1636      1650      1651      1637
      1838        44         2         1         7         4
      1637      1651      1652      1638
      1839        44         2         1         7         4
      1638      1652      1653      1639
      1840        44         2         1         7         4
      1639      1653      1654      1640
      1841        44         2         1         7         4
      1640      1654      1655      1641
      1842        44         2         1         7         4
      1641      1655      1656      1642
      1843        44         2         1         7         4
      1642      1656      1657      1643
      1844        44         2         1         7         4
      1643      1657      1658      1644
      1845        44         2         1         7         4
      1644      1658       333       332
      1846        44         2         1         7         4
       282       281      1659      1645
      1847        44         2         1         7         4
      1645      1659      1660      1646
      1848        44         2         1         7         4
      1646      1660      1661      1647
      1849        44         2         1         7         4
      1647      1661      1662      1648
      1850        44         2         1         7         4
      1648      1662      1663      1649
      1851        44         2         1         7         4
      1649      1663      1664      1650
      1852        44         2         1         7         4
      1650      1664      1665      1651
      1853        44         2         1         7         4
      1651      1665      1666      1652
      1854        44         2         1         7         4
      1652      1666      1667      1653
      1855        44         2         1         7         4
      1653      1667      1668      1654
      1856        44         2         1         7         4
      1654      1668      1669      1655
      1857        44         2         1         7         4
      1655      1669      1670      1656
      1858        44         2         1         7         4
      1656      1670      1671      1657
      1859        44         2         1         7         4
      1657      1671      1672      1658
      1860        44         2         1         7         4
      1658      1672       334       333
      1861        44         2         1         7         4
       281       280      1673      1659
      1862        44         2         1         7         4
      1659      1673      1674      1660
      1863        44         2         1         7         4
      1660      1674      1675      1661
      1864        44         2         1         7         4
      1661      1675      1676      1662
      1865        44         2         1         7         4
      1662      1676      1677      1663
      1866        44         2         1         7         4
      1663      1677      1678      1664
      1867        44         2         1         7         4
      1664      1678      1679      1665
      1868        44         2         1         7         4
      1665      1679      1680      1666
      1869        44         2         1         7         4
      1666      1680      1681      1667
      1870        44         2         1         7         4
      1667      1681      1682      1668
      1871        44         2         1         7         4
      1668      1682      1683      1669
      1872        44         2         1         7         4
      1669      1683      1684      1670
      1873        44         2         1         7         4
      1670      1684      1685      1671
      1874        44         2         1         7         4
      1671      1685      1686      1672
      1875        44         2         1         7         4
      1672      1686       335       334
      1876        44         2         1         7         4
       280       279      1687      1673
      1877        44         2         1         7         4
      1673      1687      1688      1674
      1878        44         2         1         7         4
      1674      1688      1689      1675
      1879        44         2         1         7         4
      1675      1689      1690      1676
      1880        44         2         1         7         4
      1676      1690      1691      1677
      1881        44         2         1         7         4
      1677      1691      1692      1678
      1882        44         2         1         7         4
      1678      1692      1693      1679
      1883        44         2         1         7         4
      1679      1693      1694      1680
      1884        44         2         1         7         4
      1680      1694      1695      1681
      1885        44         2         1         7         4
      1681      1695      1696      1682
      1886        44         2         1         7         4
      1682      1696      1697      1683
      1887        44         2         1         7         4
      1683      1697      1698      1684
      1888        44         2         1         7         4
      1684      1698      1699      1685
      1889        44         2         1         7         4
      1685      1699      1700      1686
      1890        44         2         1         7         4
      1686      1700       336       335
      1891        44         2         1         7         4
       279       278      1701      1687
      1892        44         2         1         7         4
      1687      1701      1702      1688
      1893        44         2         1         7         4
      1688      1702      1703      1689
      1894        44         2         1         7         4
      1689      1703      1704      1690
      1895        44         2         1         7         4
      1690      1704      1705      1691
      1896        44         2         1         7         4
      1691      1705      1706      1692
      1897        44         2         1         7         4
      1692      1706      1707      1693
      1898        44         2         1         7         4
      1693      1707      1708      1694
      1899        44         2         1         7         4
      1694      1708      1709      1695
      1900        44         2         1         7         4
      1695      1709      1710      1696
      1901        44         2         1         7         4
      1696      1710      1711      1697
      1902        44         2         1         7         4
      1697      1711      1712      1698
      1903        44         2         1         7         4
      1698      1712      1713      1699
      1904        44         2         1         7         4
      1699      1713      1714      1700
      1905        44         2         1         7         4
      1700      1714       337       336
      1906        44         2         1         7         4
       278       277      1715      1701
      1907        44         2         1         7         4
      1701      1715      1716      1702
      1908        44         2         1         7         4
      1702      1716      1717      1703
      1909        44         2         1         7         4
      1703      1717      1718      1704
      1910        44         2         1         7         4
      1704      1718      1719      1705
      1911        44         2         1         7         4
      1705      1719      1720      1706
      1912        44         2         1         7         4
      1706      1720      1721      1707
      1913        44         2         1         7         4
      1707      1721      1722      1708
      1914        44         2         1         7         4
      1708      1722      1723      1709
      1915        44         2         1         7         4
      1709      1723      1724      1710
      1916        44         2         1         7         4
      1710      1724      1725      1711
      1917        44         2         1         7         4
      1711      1725      1726      1712
      1918        44         2         1         7         4
      1712      1726      1727      1713
      1919        44         2         1         7         4
      1713      1727      1728      1714
      1920        44         2         1         7         4
      1714      1728       338       337
      1921        44         2         1         7         4
       277       276      1729      1715
      1922        44         2         1         7         4
      1715      1729      1730      1716
      1923        44         2         1         7         4
      1716      1730      1731      1717
      1924        44         2         1         7         4
      1717      1731      1732      1718
      1925        44         2         1         7         4
      1718      1732      1733      1719
      1926        44         2         1         7         4
      1719      1733      1734      1720
      1927        44         2         1         7         4
      1720      1734      1735      1721
      1928        44         2         1         7         4
      1721      1735      1736      1722
      1929        44         2         1         7         4
      1722      1736      1737      1723
      1930        44         2         1         7         4
      1723      1737      1738      1724
      1931        44         2         1         7         4
      1724      1738      1739      1725
      1932        44         2         1         7         4
      1725      1739      1740      1726
      1933        44         2         1         7         4
      1726      1740      1741      1727
      1934        44         2         1         7         4
      1727      1741      1742      1728
      1935        44         2         1         7         4
      1728      1742       339       338
      1936        44         2         1         7         4
       276       275      1743      1729
      1937        44         2         1         7         4
      1729      1743      1744      1730
      1938        44         2         1         7         4
      1730      1744      1745      1731
      1939        44         2         1         7         4
      1731      1745      1746      1732
      1940        44         2         1         7         4
      1732      1746      1747      1733
      1941        44         2         1         7         4
      1733      1747      1748      1734
      1942        44         2         1         7         4
      1734      1748      1749      1735
      1943        44         2         1         7         4
      1735      1749      1750      1736
      1944        44         2         1         7         4
      1736      1750      1751      1737
      1945        44         2         1         7         4
      1737      1751      1752      1738
      1946        44         2         1         7         4
      1738      1752      1753      1739
      1947        44         2         1         7         4
      1739      1753      1754      1740
      1948        44         2         1         7         4
      1740      1754      1755      1741
      1949        44         2         1         7         4
      1741      1755      1756      1742
      1950        44         2         1         7         4
      1742      1756       340       339
      1951        44         2         1         7         4
       275       274      1757      1743
      1952        44         2         1         7         4
      1743      1757      1758      1744
      1953        44         2         1         7         4
      1744      1758      1759      1745
      1954        44         2         1         7         4
      1745      1759      1760      1746
      1955        44         2         1         7         4
      1746      1760      1761      1747
      1956        44         2         1         7         4
      1747      1761      1762      1748
      1957        44         2         1         7         4
      1748      1762      1763      1749
      1958        44         2         1         7         4
      1749      1763      1764      1750
      1959        44         2         1         7         4
      1750      1764      1765      1751
      1960        44         2         1         7         4
      1751      1765      1766      1752
      1961        44         2         1         7         4
      1752      1766      1767      1753
      1962        44         2         1         7         4
      1753      1767      1768      1754
      1963        44         2         1         7         4
      1754      1768      1769      1755
      1964        44         2         1         7         4
      1755      1769      1770      1756
      1965        44         2         1         7         4
      1756      1770       341       340
      1966        44         2         1         7         4
       274       273      1771      1757
      1967        44         2         1         7         4
      1757      1771      1772      1758
      1968        44         2         1         7         4
      1758      1772      1773      1759
      1969        44         2         1         7         4
      1759      1773      1774      1760
      1970        44         2         1         7         4
      1760      1774      1775      1761
      1971        44         2         1         7         4
      1761      1775      1776      1762
      1972        44         2         1         7         4
      1762      1776      1777      1763
      1973        44         2         1         7         4
      1763      1777      1778      1764
      1974        44         2         1         7         4
      1764      1778      1779      1765
      1975        44         2         1         7         4
      1765      1779      1780      1766
      1976        44         2         1         7         4
      1766      1780      1781      1767
      1977        44         2         1         7         4
      1767      1781      1782      1768
      1978        44         2         1         7         4
      1768      1782      1783      1769
      1979        44         2         1         7         4
      1769      1783      1784      1770
      1980        44         2         1         7         4
      1770      1784       342       341
      1981        44         2         1         7         4
       273         7       118      1771
      1982        44         2         1         7         4
      1771       118       117      1772
      1983        44         2         1         7         4
      1772       117       116      1773
      1984        44         2         1         7         4
      1773       116       115      1774
      1985        44         2         1         7         4
      1774       115       114      1775
      1986        44         2         1         7         4
      1775       114       113      1776
      1987        44         2         1         7         4
      1776       113       112      1777
      1988        44         2         1         7         4
      1777       112       111      1778
      1989        44         2         1         7         4
      1778       111       110      1779
      1990        44         2         1         7         4
      1779       110       109      1780
      1991        44         2         1         7         4
      1780       109       108      1781
      1992        44         2         1         7         4
      1781       108       107      1782
      1993        44         2         1         7         4
      1782       107       106      1783
      1994        44         2         1         7         4
      1783       106       105      1784
      1995        44         2         1         7         4
      1784       105         3       342
      1996        44         2         1         7         4
         8       287      1785       132
      1997        44         2         1         7         4
       132      1785      1786       131
      1998        44         2         1         7         4
       131      1786      1787       130
      1999        44         2         1         7         4
       130      1787      1788       129
      2000        44         2         1         7         4
       129      1788      1789       128
      2001        44         2         1         7         4
       128      1789      1790       127
      2002        44         2         1         7         4
       127      1790      1791       126
      2003        44         2         1         7         4
       126      1791      1792       125
      2004        44         2         1         7         4
       125      1792      1793       124
      2005        44         2         1         7         4
       124      1793      1794       123
      2006        44         2         1         7         4
       123      1794      1795       122
      2007        44         2         1         7         4
       122      1795      1796       121
      2008        44         2         1         7         4
       121      1796      1797       120
      2009        44         2         1         7         4
       120      1797      1798       119
      2010        44         2         1         7         4
       119      1798       356         4
      2011        44         2         1         7         4
       287       288      1799      1785
      2012        44         2         1         7         4
      1785      1799      1800      1786
      2013        44         2         1         7         4
      1786      1800      1801      1787
      2014        44         2         1         7         4
      1787      1801      1802      1788
      2015        44         2         1         7         4
      1788      1802      1803      1789
      2016        44         2         1         7         4
      1789      1803      1804      1790
      2017        44         2         1         7         4
      1790      1804      1805      1791
      2018        44         2         1         7         4
      1791      1805      1806      1792
      2019        44         2         1         7         4
      1792      1806      1807      1793
      2020        44         2         1         7         4
      1793      1807      1808      1794
      2021        44         2         1         7         4
      1794      1808      1809      1795
      2022        44         2         1         7         4
      1795      1809      1810      1796
      2023        44         2         1         7         4
      1796      1810      1811      1797
      2024        44         2         1         7         4
      1797      1811      1812      1798
      2025        44         2         1         7         4
      1798      1812       355       356
      2026        44         2         1         7         4
       288       289      1813      1799
      2027        44         2         1         7         4
      1799      1813      1814      1800
      2028        44         2         1         7         4
      1800      1814      1815      1801
      2029        44         2         1         7         4
      1801      1815      1816      1802
      2030        44         2         1         7         4
      1802      1816      1817      1803
      2031        44         2         1         7         4
      1803      1817      1818      1804
      2032        44         2         1         7         4
      1804      1818      1819      1805
      2033        44         2         1         7         4
      1805      1819      1820      1806
      2034        44         2         1         7         4
      1806      1820      1821      1807
      2035        44         2         1         7         4
      1807      1821      1822      1808
      2036        44         2         1         7         4
      1808      1822      1823      1809
      2037        44         2         1         7         4
      1809      1823      1824      1810
      2038        44         2         1         7         4
      1810      1824      1825      1811
      2039        44         2         1         7         4
      1811      1825      1826      1812
      2040        44         2         1         7         4
      1812      1826       354       355
      2041        44         2         1         7         4
       289       290      1827      1813
      2042        44         2         1         7         4
      1813      1827      1828      1814
      2043        44         2         1         7         4
      1814      1828      1829      1815
      2044        44         2         1         7         4
      1815      1829      1830      1816
      2045        44         2         1         7         4
      1816      1830      1831      1817
      2046        44         2         1         7         4
      1817      1831      1832      1818
      2047        44         2         1         7         4
      1818      1832      1833      1819
      2048        44         2         1         7         4
      1819      1833      1834      1820
      2049        44         2         1         7         4
      1820      1834      1835      1821
      2050        44         2         1         7         4
      1821      1835      1836      1822
      2051        44         2         1         7         4
      1822      1836      1837      1823
      2052        44         2         1         7         4
      1823      1837      1838      1824
      2053        44         2         1         7         4
      1824      1838      1839      1825
      2054        44         2         1         7         4
      1825      1839      1840      1826
      2055        44         2         1         7         4
      1826      1840       353       354
      2056        44         2         1         7         4
       290       291      1841      1827
      2057        44         2         1         7         4
      1827      1841      1842      1828
      2058        44         2         1         7         4
      1828      1842      1843      1829
      2059        44         2         1         7         4
      1829      1843      1844      1830
      2060        44         2         1         7         4
      1830      1844      1845      1831
      2061        44         2         1         7         4
      1831      1845      1846      1832
      2062        44         2         1         7         4
      1832      1846      1847      1833
      2063        44         2         1         7         4
      1833      1847      1848      1834
      2064        44         2         1         7         4
      1834      1848      1849      1835
      2065        44         2         1         7         4
      1835      1849      1850      1836
      2066        44         2         1         7         4
      1836      1850      1851      1837
      2067        44         2         1         7         4
      1837      1851      1852      1838
      2068        44         2         1         7         4
      1838      1852      1853      1839
      2069        44         2         1         7         4
      1839      1853      1854      1840
      2070        44         2         1         7         4
      1840      1854       352       353
      2071        44         2         1         7         4
       291       292      1855      1841
      2072        44         2         1         7         4
      1841      1855      1856      1842
      2073        44         2         1         7         4
      1842      1856      1857      1843
      2074        44         2         1         7         4
      1843      1857      1858      1844
      2075        44         2         1         7         4
      1844      1858      1859      1845
      2076        44         2         1         7         4
      1845      1859      1860      1846
      2077        44         2         1         7         4
      1846      1860      1861      1847
      2078        44         2         1         7         4
      1847      1861      1862      1848
      2079        44         2         1         7         4
      1848      1862      1863      1849
      2080        44         2         1         7         4
      1849      1863      1864      1850
      2081        44         2         1         7         4
      1850      1864      1865      1851
      2082        44         2         1         7         4
      1851      1865      1866      1852
      2083        44         2         1         7         4
      1852      1866      1867      1853
      2084        44         2         1         7         4
      1853      1867      1868      1854
      2085        44         2         1         7         4
      1854      1868       351       352
      2086        44         2         1         7         4
       292       293      1869      1855
      2087        44         2         1         7         4
      1855      1869      1870      1856
      2088        44         2         1         7         4
      1856      1870      1871      1857
      2089        44         2         1         7         4
      1857      1871      1872      1858
      2090        44         2         1         7         4
      1858      1872      1873      1859
      2091        44         2         1         7         4
      1859      1873      1874      1860
      2092        44         2         1         7         4
      1860      1874      1875      1861
      2093        44         2         1         7         4
      1861      1875      1876      1862
      2094        44         2         1         7         4
      1862      1876      1877      1863
      2095        44         2         1         7         4
      1863      1877      1878      1864
      2096        44         2         1         7         4
      1864      1878      1879      1865
      2097        44         2         1         7         4
      1865      1879      1880      1866
      2098        44         2         1         7         4
      1866      1880      1881      1867
      2099        44         2         1         7         4
      1867      1881      1882      1868
      2100        44         2         1         7         4
      1868      1882       350       351
      2101        44         2         1         7         4
       293       294      1883      1869
      2102        44         2         1         7         4
      1869      1883      1884      1870
      2103        44         2         1         7         4
      1870      1884      1885      1871
      2104        44         2         1         7         4
      1871      1885      1886      1872
      2105        44         2         1         7         4
      1872      1886      1887      1873
      2106        44         2         1         7         4
      1873      1887      1888      1874
      2107        44         2         1         7         4
      1874      1888      1889      1875
      2108        44         2         1         7         4
      1875      1889      1890      1876
      2109        44         2         1         7         4
      1876      1890      1891      1877
      2110        44         2         1         7         4
      1877      1891      1892      1878
      2111        44         2         1         7         4
      1878      1892      1893      1879
      2112        44         2         1         7         4
      1879      1893      1894      1880
      2113        44         2         1         7         4
      1880      1894      1895      1881
      2114        44         2         1         7         4
      1881      1895      1896      1882
      2115        44         2         1         7         4
      1882      1896       349       350
      2116        44         2         1         7         4
       294       295      1897      1883
      2117        44         2         1         7         4
      1883      1897      1898      1884
      2118        44         2         1         7         4
      1884      1898      1899      1885
      2119        44         2         1         7         4
      1885      1899      1900      1886
      2120        44         2         1         7         4
      1886      1900      1901      1887
      2121        44         2         1         7         4
      1887      1901      1902      1888
      2122        44         2         1         7         4
      1888      1902      1903      1889
      2123        44         2         1         7         4
      1889      1903      1904      1890
      2124        44         2         1         7         4
      1890      1904      1905      1891
      2125        44         2         1         7         4
      1891      1905      1906      1892
      2126        44         2         1         7         4
      1892      1906      1907      1893
      2127        44         2         1         7         4
      1893      1907      1908      1894
      2128        44         2         1         7         4
      1894      1908      1909      1895
      2129        44         2         1         7         4
      1895      1909      1910      1896
      2130        44         2         1         7         4
      1896      1910       348       349
      2131        44         2         1         7         4
       295       296      1911      1897
      2132        44         2         1         7         4
      1897      1911      1912      1898
      2133        44         2         1         7         4
      1898      1912      1913      1899
      2134        44         2         1         7         4
      1899      1913      1914      1900
      2135        44         2         1         7         4
      1900      1914      1915      1901
      2136        44         2         1         7         4
      1901      1915      1916      1902
      2137        44         2         1         7         4
      1902      1916      1917      1903
      2138        44         2         1         7         4
      1903      1917      1918      1904
      2139        44         2         1         7         4
      1904      1918      1919      1905
      2140        44         2         1         7         4
      1905      1919      1920      1906
      2141        44         2         1         7         4
      1906      1920      1921      1907
      2142        44         2         1         7         4
      1907      1921      1922      1908
      2143        44         2         1         7         4
      1908      1922      1923      1909
      2144        44         2         1         7         4
      1909      1923      1924      1910
      2145        44         2         1         7         4
      1910      1924       347       348
      2146        44         2         1         7         4
       296       297      1925      1911
      2147        44         2         1         7         4
      1911      1925      1926      1912
      2148        44         2         1         7         4
      1912      1926      1927      1913
      2149        44         2         1         7         4
      1913      1927      1928      1914
      2150        44         2         1         7         4
      1914      1928      1929      1915
      2151        44         2         1         7         4
      1915      1929      1930      1916
      2152        44         2         1         7         4
      1916      1930      1931      1917
      2153        44         2         1         7         4
      1917      1931      1932      1918
      2154        44         2         1         7         4
      1918      1932      1933      1919
      2155        44         2         1         7         4
      1919      1933      1934      1920
      2156        44         2         1         7         4
      1920      1934      1935      1921
      2157        44         2         1         7         4
      1921      1935      1936      1922
      2158        44         2         1         7         4
      1922      1936      1937      1923
      2159        44         2         1         7         4
      1923      1937      1938      1924
      2160        44         2         1         7         4
      1924      1938       346       347
      2161        44         2         1         7         4
       297       298      1939      1925
      2162        44         2         1         7         4
      1925      1939      1940      1926
      2163        44         2         1         7         4
      1926      1940      1941      1927
      2164        44         2         1         7         4
      1927      1941      1942      1928
      2165        44         2         1         7         4
      1928      1942      1943      1929
      2166        44         2         1         7         4
      1929      1943      1944      1930
      2167        44         2         1         7         4
      1930      1944      1945      1931
      2168        44         2         1         7         4
      1931      1945      1946      1932
      2169        44         2         1         7         4
      1932      1946      1947      1933
      2170        44         2         1         7         4
      1933      1947      1948      1934
      2171        44         2         1         7         4
      1934      1948      1949      1935
      2172        44         2         1         7         4
      1935      1949      1950      1936
      2173        44         2         1         7         4
      1936      1950      1951      1937
      2174        44         2         1         7         4
      1937      1951      1952      1938
      2175        44         2         1         7         4
      1938      1952       345       346
      2176        44         2         1         7         4
       298       299      1953      1939
      2177        44         2         1         7         4
      1939      1953      1954      1940
      2178        44         2         1         7         4
      1940      1954      1955      1941
      2179        44         2         1         7         4
      1941      1955      1956      1942
      2180        44         2         1         7         4
      1942      1956      1957      1943
      2181        44         2         1         7         4
      1943      1957      1958      1944
      2182        44         2         1         7         4
      1944      1958      1959      1945
      2183        44         2         1         7         4
      1945      1959      1960      1946
      2184        44         2         1         7         4
      1946      1960      1961      1947
      2185        44         2         1         7         4
      1947      1961      1962      1948
      2186        44         2         1         7         4
      1948      1962      1963      1949
      2187        44         2         1         7         4
      1949      1963      1964      1950
      2188        44         2         1         7         4
      1950      1964      1965      1951
      2189        44         2         1         7         4
      1951      1965      1966      1952
      2190        44         2         1         7         4
      1952      1966       344       345
      2191        44         2         1         7         4
       299       300      1967      1953
      2192        44         2         1         7         4
      1953      1967      1968      1954
      2193        44         2         1         7         4
      1954      1968      1969      1955
      2194        44         2         1         7         4
      1955      1969      1970      1956
      2195        44         2         1         7         4
      1956      1970      1971      1957
      2196        44         2         1         7         4
      1957      1971      1972      1958
      2197        44         2         1         7         4
      1958      1972      1973      1959
      2198        44         2         1         7         4
      1959      1973      1974      1960
      2199        44         2         1         7         4
      1960      1974      1975      1961
      2200        44         2         1         7         4
      1961      1975      1976      1962
      2201        44         2         1         7         4
      1962      1976      1977      1963
      2202        44         2         1         7         4
      1963      1977      1978      1964
      2203        44         2         1         7         4
      1964      1978      1979      1965
      2204        44         2         1         7         4
      1965      1979      1980      1966
      2205        44         2         1         7         4
      1966      1980       343       344
      2206        44         2         1         7         4
       300        16       315      1967
      2207        44         2         1         7         4
      1967       315       316      1968
      2208        44         2         1         7         4
      1968       316       317      1969
      2209        44         2         1         7         4
      1969       317       318      1970
      2210        44         2         1         7         4
      1970       318       319      1971
      2211        44         2         1         7         4
      1971       319       320      1972
      2212        44         2         1         7         4
      1972       320       321      1973
      2213        44         2         1         7         4
      1973       321       322      1974
      2214        44         2         1         7         4
      1974       322       323      1975
      2215        44         2         1         7         4
      1975       323       324      1976
      2216        44         2         1         7         4
      1976       324       325      1977
      2217        44         2         1         7         4
      1977       325       326      1978
      2218        44         2         1         7         4
      1978       326       327      1979
      2219        44         2         1         7         4
      1979       327       328      1980
      2220        44         2         1         7         4
      1980       328        18       343
      2221        44         2         1         7         4
         1       370      1981        21
      2222        44         2         1         7         4
        21      1981      1982        22
      2223        44         2         1         7         4
        22      1982      1983        23
      2224        44         2         1         7         4
        23      1983      1984        24
      2225        44         2         1         7         4
        24      1984      1985        25
      2226        44         2         1         7         4
        25      1985      1986        26
      2227        44         2         1         7         4
        26      1986      1987        27
      2228        44         2         1         7         4
        27      1987      1988        28
      2229        44         2         1         7         4
        28      1988      1989        29
      2230        44         2         1         7         4
        29      1989      1990        30
      2231        44         2         1         7         4
        30      1990      1991        31
      2232        44         2         1         7         4
        31      1991      1992        32
      2233        44         2         1         7         4
        32      1992      1993        33
      2234        44         2         1         7         4
        33      1993      1994        34
      2235        44         2         1         7         4
        34      1994       342         3
      2236        44         2         1         7         4
       370       369      1995      1981
      2237        44         2         1         7         4
      1981      1995      1996      1982
      2238        44         2         1         7         4
      1982      1996      1997      1983
      2239        44         2         1         7         4
      1983      1997      1998      1984
      2240        44         2         1         7         4
      1984      1998      1999      1985
      2241        44         2         1         7         4
      1985      1999      2000      1986
      2242        44         2         1         7         4
      1986      2000      2001      1987
      2243        44         2         1         7         4
      1987      2001      2002      1988
      2244        44         2         1         7         4
      1988      2002      2003      1989
      2245        44         2         1         7         4
      1989      2003      2004      1990
      2246        44         2         1         7         4
      1990      2004      2005      1991
      2247        44         2         1         7         4
      1991      2005      2006      1992
      2248        44         2         1         7         4
      1992      2006      2007      1993
      2249        44         2         1         7         4
      1993      2007      2008      1994
      2250        44         2         1         7         4
      1994      2008       341       342
      2251        44         2         1         7         4
       369       368      2009      1995
      2252        44         2         1         7         4
      1995      2009      2010      1996
      2253        44         2         1         7         4
      1996      2010      2011      1997
      2254        44         2         1         7         4
      1997      2011      2012      1998
      2255        44         2         1         7         4
      1998      2012      2013      1999
      2256        44         2         1         7         4
      1999      2013      2014      2000
      2257        44         2         1         7         4
      2000      2014      2015      2001
      2258        44         2         1         7         4
      2001      2015      2016      2002
      2259        44         2         1         7         4
      2002      2016      2017      2003
      2260        44         2         1         7         4
      2003      2017      2018      2004
      2261        44         2         1         7         4
      2004      2018      2019      2005
      2262        44         2         1         7         4
      2005      2019      2020      2006
      2263        44         2         1         7         4
      2006      2020      2021      2007
      2264        44         2         1         7         4
      2007      2021      2022      2008
      2265        44         2         1         7         4
      2008      2022       340       341
      2266        44         2         1         7         4
       368       367      2023      2009
      2267        44         2         1         7         4
      2009      2023      2024      2010
      2268        44         2         1         7         4
      2010      2024      2025      2011
      2269        44         2         1         7         4
      2011      2025      2026      2012
      2270        44         2         1         7         4
      2012      2026      2027      2013
      2271        44         2         1         7         4
      2013      2027      2028      2014
      2272        44         2         1         7         4
      2014      2028      2029      2015
      2273        44         2         1         7         4
      2015      2029      2030      2016
      2274        44         2         1         7         4
      2016      2030      2031      2017
      2275        44         2         1         7         4
      2017      2031      2032      2018
      2276        44         2         1         7         4
      2018      2032      2033      2019
      2277        44         2         1         7         4
      2019      2033      2034      2020
      2278        44         2         1         7         4
      2020      2034      2035      2021
      2279        44         2         1         7         4
      2021      2035      2036      2022
      2280        44         2         1         7         4
      2022      2036       339       340
      2281        44         2         1         7         4
       367       366      2037      2023
      2282        44         2         1         7         4
      2023      2037      2038      2024
      2283        44         2         1         7         4
      2024      2038      2039      2025
      2284        44         2         1         7         4
      2025      2039      2040      2026
      2285        44         2         1         7         4
      2026      2040      2041      2027
      2286        44         2         1         7         4
      2027      2041      2042      2028
      2287        44         2         1         7         4
      2028      2042      2043      2029
      2288        44         2         1         7         4
      2029      2043      2044      2030
      2289        44         2         1         7         4
      2030      2044      2045      2031
      2290        44         2         1         7         4
      2031      2045      2046      2032
      2291        44         2         1         7         4
      2032      2046      2047      2033
      2292        44         2         1         7         4
      2033      2047      2048      2034
      2293        44         2         1         7         4
      2034      2048      2049      2035
      2294        44         2         1         7         4
      2035      2049      2050      2036
      2295        44         2         1         7         4
      2036      2050       338       339
      2296        44         2         1         7         4
       366       365      2051      2037
      2297        44         2         1         7         4
      2037      2051      2052      2038
      2298        44         2         1         7         4
      2038      2052      2053      2039
      2299        44         2         1         7         4
      2039      2053      2054      2040
      2300        44         2         1         7         4
      2040      2054      2055      2041
      2301        44         2         1         7         4
      2041      2055      2056      2042
      2302        44         2         1         7         4
      2042      2056      2057      2043
      2303        44         2         1         7         4
      2043      2057      2058      2044
      2304        44         2         1         7         4
      2044      2058      2059      2045
      2305        44         2         1         7         4
      2045      2059      2060      2046
      2306        44         2         1         7         4
      2046      2060      2061      2047
      2307        44         2         1         7         4
      2047      2061      2062      2048
      2308        44         2         1         7         4
      2048      2062      2063      2049
      2309        44         2         1         7         4
      2049      2063      2064      2050
      2310        44         2         1         7         4
      2050      2064       337       338
      2311        44         2         1         7         4
       365       364      2065      2051
      2312        44         2         1         7         4
      2051      2065      2066      2052
      2313        44         2         1         7         4
      2052      2066      2067      2053
      2314        44         2         1         7         4
      2053      2067      2068      2054
      2315        44         2         1         7         4
      2054      2068      2069      2055
      2316        44         2         1         7         4
      2055      2069      2070      2056
      2317        44         2         1         7         4
      2056      2070      2071      2057
      2318        44         2         1         7         4
      2057      2071      2072      2058
      2319        44         2         1         7         4
      2058      2072      2073      2059
      2320        44         2         1         7         4
      2059      2073      2074      2060
      2321        44         2         1         7         4
      2060      2074      2075      2061
      2322        44         2         1         7         4
      2061      2075      2076      2062
      2323        44         2         1         7         4
      2062      2076      2077      2063
      2324        44         2         1         7         4
      2063      2077      2078      2064
      2325        44         2         1         7         4
      2064      2078       336       337
      2326        44         2         1         7         4
       364       363      2079      2065
      2327        44         2         1         7         4
      2065      2079      2080      2066
      2328        44         2         1         7         4
      2066      2080      2081      2067
      2329        44         2         1         7         4
      2067      2081      2082      2068
      2330        44         2         1         7         4
      2068      2082      2083      2069
      2331        44         2         1         7         4
      2069      2083      2084      2070
      2332        44         2         1         7         4
      2070      2084      2085      2071
      2333        44         2         1         7         4
      2071      2085      2086      2072
      2334        44         2         1         7         4
      2072      2086      2087      2073
      2335        44         2         1         7         4
      2073      2087      2088      2074
      2336        44         2         1         7         4
      2074      2088      2089      2075
      2337        44         2         1         7         4
      2075      2089      2090      2076
      2338        44         2         1         7         4
      2076      2090      2091      2077
      2339        44         2         1         7         4
      2077      2091      2092      2078
      2340        44         2         1         7         4
      2078      2092       335       336
      2341        44         2         1         7         4
       363       362      2093      2079
      2342        44         2         1         7         4
      2079      2093      2094      2080
      2343        44         2         1         7         4
      2080      2094      2095      2081
      2344        44         2         1         7         4
      2081      2095      2096      2082
      2345        44         2         1         7         4
      2082      2096      2097      2083
      2346        44         2         1         7         4
      2083      2097      2098      2084
      2347        44         2         1         7         4
      2084      2098      2099      2085
      2348        44         2         1         7         4
      2085      2099      2100      2086
      2349        44         2         1         7         4
      2086      2100      2101      2087
      2350        44         2         1         7         4
      2087      2101      2102      2088
      2351        44         2         1         7         4
      2088      2102      2103      2089
      2352        44         2         1         7         4
      2089      2103      2104      2090
      2353        44         2         1         7         4
      2090      2104      2105      2091
      2354        44         2         1         7         4
      2091      2105      2106      2092
      2355        44         2         1         7         4
      2092      2106       334       335
      2356        44         2         1         7         4
       362       361      2107      2093
      2357        44         2         1         7         4
      2093      2107      2108      2094
      2358        44         2         1         7         4
      2094      2108      2109      2095
      2359        44         2         1         7         4
      2095      2109      2110      2096
      2360        44         2         1         7         4
      2096      2110      2111      2097
      2361        44         2         1         7         4
      2097      2111      2112      2098
      2362        44         2         1         7         4
      2098      2112      2113      2099
      2363        44         2         1         7         4
      2099      2113      2114      2100
      2364        44         2         1         7         4
      2100      2114      2115      2101
      2365        44         2         1         7         4
      2101      2115      2116      2102
      2366        44         2         1         7         4
      2102      2116      2117      2103
      2367        44         2         1         7         4
      2103      2117      2118      2104
      2368        44         2         1         7         4
      2104      2118      2119      2105
      2369        44         2         1         7         4
      2105      2119      2120      2106
      2370        44         2         1         7         4
      2106      2120       333       334
      2371        44         2         1         7         4
       361       360      2121      2107
      2372        44         2         1         7         4
      2107      2121      2122      2108
      2373        44         2         1         7         4
      2108      2122      2123      2109
      2374        44         2         1         7         4
      2109      2123      2124      2110
      2375        44         2         1         7         4
      2110      2124      2125      2111
      2376        44         2         1         7         4
      2111      2125      2126      2112
      2377        44         2         1         7         4
      2112      2126      2127      2113
      2378        44         2         1         7         4
      2113      2127      2128      2114
      2379        44         2         1         7         4
      2114      2128      2129      2115
      2380        44         2         1         7         4
      2115      2129      2130      2116
      2381        44         2         1         7         4
      2116      2130      2131      2117
      2382        44         2         1         7         4
      2117      2131      2132      2118
      2383        44         2         1         7         4
      2118      2132      2133      2119
      2384        44         2         1         7         4
      2119      2133      2134      2120
      2385        44         2         1         7         4
      2120      2134       332       333
      2386        44         2         1         7         4
       360       359      2135      2121
      2387        44         2         1         7         4
      2121      2135      2136      2122
      2388        44         2         1         7         4
      2122      2136      2137      2123
      2389        44         2         1         7         4
      2123      2137      2138      2124
      2390        44         2         1         7         4
      2124      2138      2139      2125
      2391        44         2         1         7         4
      2125      2139      2140      2126
      2392        44         2         1         7         4
      2126      2140      2141      2127
      2393        44         2         1         7         4
      2127      2141      2142      2128
      2394        44         2         1         7         4
      2128      2142      2143      2129
      2395        44         2         1         7         4
      2129      2143      2144      2130
      2396        44         2         1         7         4
      2130      2144      2145      2131
      2397        44         2         1         7         4
      2131      2145      2146      2132
      2398        44         2         1         7         4
      2132      2146      2147      2133
      2399        44         2         1         7         4
      2133      2147      2148      2134
      2400        44         2         1         7         4
      2134      2148       331       332
      2401        44         2         1         7         4
       359       358      2149      2135
      2402        44         2         1         7         4
      2135      2149      2150      2136
      2403        44         2         1         7         4
      2136      2150      2151      2137
      2404        44         2         1         7         4
      2137      2151      2152      2138
      2405        44         2         1         7         4
      2138      2152      2153      2139
      2406        44         2         1         7         4
      2139      2153      2154      2140
      2407        44         2         1         7         4
      2140      2154      2155      2141
      2408        44         2         1         7         4
      2141      2155      2156      2142
      2409        44         2         1         7         4
      2142      2156      2157      2143
      2410        44         2         1         7         4
      2143      2157      2158      2144
      2411        44         2         1         7         4
      2144      2158      2159      2145
      2412        44         2         1         7         4
      2145      2159      2160      2146
      2413        44         2         1         7         4
      2146      2160      2161      2147
      2414        44         2         1         7         4
      2147      2161      2162      2148
      2415        44         2         1         7         4
      2148      2162       330       331
      2416        44         2         1         7         4
       358       357      2163      2149
      2417        44         2         1         7         4
      2149      2163      2164      2150
      2418        44         2         1         7         4
      2150      2164      2165      2151
      2419        44         2         1         7         4
      2151      2165      2166      2152
      2420        44         2         1         7         4
      2152      2166      2167      2153
      2421        44         2         1         7         4
      2153      2167      2168      2154
      2422        44         2         1         7         4
      2154      2168      2169      2155
      2423        44         2         1         7         4
      2155      2169      2170      2156
      2424        44         2         1         7         4
      2156      2170      2171      2157
      2425        44         2         1         7         4
      2157      2171      2172      2158
      2426        44         2         1         7         4
      2158      2172      2173      2159
      2427        44         2         1         7         4
      2159      2173      2174      2160
      2428        44         2         1         7         4
      2160      2174      2175      2161
      2429        44         2         1         7         4
      2161      2175      2176      2162
      2430        44         2         1         7         4
      2162      2176       329       330
      2431        44         2         1         7         4
       357        19       398      2163
      2432        44         2         1         7         4
      2163       398       397      2164
      2433        44         2         1         7         4
      2164       397       396      2165
      2434        44         2         1         7         4
      2165       396       395      2166
      2435        44         2         1         7         4
      2166       395       394      2167
      2436        44         2         1         7         4
      2167       394       393      2168
      2437        44         2         1         7         4
      2168       393       392      2169
      2438        44         2         1         7         4
      2169       392       391      2170
      2439        44         2         1         7         4
      2170       391       390      2171
      2440        44         2         1         7         4
      2171       390       389      2172
      2441        44         2         1         7         4
      2172       389       388      2173
      2442        44         2         1         7         4
      2173       388       387      2174
      2443        44         2         1         7         4
      2174       387       386      2175
      2444        44         2         1         7         4
      2175       386       385      2176
      2445        44         2         1         7         4
      2176       385        17       329
      2446        44         2         1         7         4
        20       371      2177       412
      2447        44         2         1         7         4
       412      2177      2178       411
      2448        44         2         1         7         4
       411      2178      2179       410
      2449        44         2         1         7         4
       410      2179      2180       409
      2450        44         2         1         7         4
       409      2180      2181       408
      2451        44         2         1         7         4
       408      2181      2182       407
      2452        44         2         1         7         4
       407      2182      2183       406
      2453        44         2         1         7         4
       406      2183      2184       405
      2454        44         2         1         7         4
       405      2184      2185       404
      2455        44         2         1         7         4
       404      2185      2186       403
      2456        44         2         1         7         4
       403      2186      2187       402
      2457        44         2         1         7         4
       402      2187      2188       401
      2458        44         2         1         7         4
       401      2188      2189       400
      2459        44         2         1         7         4
       400      2189      2190       399
      2460        44         2         1         7         4
       399      2190       343        18
      2461        44         2         1         7         4
       371       372      2191      2177
      2462        44         2         1         7         4
      2177      2191      2192      2178
      2463        44         2         1         7         4
      2178      2192      2193      2179
      2464        44         2         1         7         4
      2179      2193      2194      2180
      2465        44         2         1         7         4
      2180      2194      2195      2181
      2466        44         2         1         7         4
      2181      2195      2196      2182
      2467        44         2         1         7         4
      2182      2196      2197      2183
      2468        44         2         1         7         4
      2183      2197      2198      2184
      2469        44         2         1         7         4
      2184      2198      2199      2185
      2470        44         2         1         7         4
      2185      2199      2200      2186
      2471        44         2         1         7         4
      2186      2200      2201      2187
      2472        44         2         1         7         4
      2187      2201      2202      2188
      2473        44         2         1         7         4
      2188      2202      2203      2189
      2474        44         2         1         7         4
      2189      2203      2204      2190
      2475        44         2         1         7         4
      2190      2204       344       343
      2476        44         2         1         7         4
       372       373      2205      2191
      2477        44         2         1         7         4
      2191      2205      2206      2192
      2478        44         2         1         7         4
      2192      2206      2207      2193
      2479        44         2         1         7         4
      2193      2207      2208      2194
      2480        44         2         1         7         4
      2194      2208      2209      2195
      2481        44         2         1         7         4
      2195      2209      2210      2196
      2482        44         2         1         7         4
      2196      2210      2211      2197
      2483        44         2         1         7         4
      2197      2211      2212      2198
      2484        44         2         1         7         4
      2198      2212      2213      2199
      2485        44         2         1         7         4
      2199      2213      2214      2200
      2486        44         2         1         7         4
      2200      2214      2215      2201
      2487        44         2         1         7         4
      2201      2215      2216      2202
      2488        44         2         1         7         4
      2202      2216      2217      2203
      2489        44         2         1         7         4
      2203      2217      2218      2204
      2490        44         2         1         7         4
      2204      2218       345       344
      2491        44         2         1         7         4
       373       374      2219      2205
      2492        44         2         1         7         4
      2205      2219      2220      2206
      2493        44         2         1         7         4
      2206      2220      2221      2207
      2494        44         2         1         7         4
      2207      2221      2222      2208
      2495        44         2         1         7         4
      2208      2222      2223      2209
      2496        44         2         1         7         4
      2209      2223      2224      2210
      2497        44         2         1         7         4
      2210      2224      2225      2211
      2498        44         2         1         7         4
      2211      2225      2226      2212
      2499        44         2         1         7         4
      2212      2226      2227      2213
      2500        44         2         1         7         4
      2213      2227      2228      2214
      2501        44         2         1         7         4
      2214      2228      2229      2215
      2502        44         2         1         7         4
      2215      2229      2230      2216
      2503        44         2         1         7         4
      2216      2230      2231      2217
      2504        44         2         1         7         4
      2217      2231      2232      2218
      2505        44         2         1         7         4
      2218      2232       346       345
      2506        44         2         1         7         4
       374       375      2233      2219
      2507        44         2         1         7         4
      2219      2233      2234      2220
      2508        44         2         1         7         4
      2220      2234      2235      2221
      2509        44         2         1         7         4
      2221      2235      2236      2222
      2510        44         2         1         7         4
      2222      2236      2237      2223
      2511        44         2         1         7         4
      2223      2237      2238      2224
      2512        44         2         1         7         4
      2224      2238      2239      2225
      2513        44         2         1         7         4
      2225      2239      2240      2226
      2514        44         2         1         7         4
      2226      2240      2241      2227
      2515        44         2         1         7         4
      2227      2241      2242      2228
      2516        44         2         1         7         4
      2228      2242      2243      2229
      2517        44         2         1         7         4
      2229      2243      2244      2230
      2518        44         2         1         7         4
      2230      2244      2245      2231
      2519        44         2         1         7         4
      2231      2245      2246      2232
      2520        44         2         1         7         4
      2232      2246       347       346
      2521        44         2         1         7         4
       375       376      2247      2233
      2522        44         2         1         7         4
      2233      2247      2248      2234
      2523        44         2         1         7         4
      2234      2248      2249      2235
      2524        44         2         1         7         4
      2235      2249      2250      2236
      2525        44         2         1         7         4
      2236      2250      2251      2237
      2526        44         2         1         7         4
      2237      2251      2252      2238
      2527        44         2         1         7         4
      2238      2252      2253      2239
      2528        44         2         1         7         4
      2239      2253      2254      2240
      2529        44         2         1         7         4
      2240      2254      2255      2241
      2530        44         2         1         7         4
      2241      2255      2256      2242
      2531        44         2         1         7         4
      2242      2256      2257      2243
      2532        44         2         1         7         4
      2243      2257      2258      2244
      2533        44         2         1         7         4
      2244      2258      2259      2245
      2534        44         2         1         7         4
      2245      2259      2260      2246
      2535        44         2         1         7         4
      2246      2260       348       347
      2536        44         2         1         7         4
       376       377      2261      2247
      2537        44         2         1         7         4
      2247      2261      2262      2248
      2538        44         2         1         7         4
      2248      2262      2263      2249
      2539        44         2         1         7         4
      2249      2263      2264      2250
      2540        44         2         1         7         4
      2250      2264      2265      2251
      2541        44         2         1         7         4
      2251      2265      2266      2252
      2542        44         2         1         7         4
      2252      2266      2267      2253
      2543        44         2         1         7         4
      2253      2267      2268      2254
      2544        44         2         1         7         4
      2254      2268      2269      2255
      2545        44         2         1         7         4
      2255      2269      2270      2256
      2546        44         2         1         7         4
      2256      2270      2271      2257
      2547        44         2         1         7         4
      2257      2271      2272      2258
      2548        44         2         1         7         4
      2258      2272      2273      2259
      2549        44         2         1         7         4
      2259      2273      2274      2260
      2550        44         2         1         7         4
      2260      2274       349       348
      2551        44         2         1         7         4
       377       378      2275      2261
      2552        44         2         1         7         4
      2261      2275      2276      2262
      2553        44         2         1         7         4
      2262      2276      2277      2263
      2554        44         2         1         7         4
      2263      2277      2278      2264
      2555        44         2         1         7         4
      2264      2278      2279      2265
      2556        44         2         1         7         4
      2265      2279      2280      2266
      2557        44         2         1         7         4
      2266      2280      2281      2267
      2558        44         2         1         7         4
      2267      2281      2282      2268
      2559        44         2         1         7         4
      2268      2282      2283      2269
      2560        44         2         1         7         4
      2269      2283      2284      2270
      2561        44         2         1         7         4
      2270      2284      2285      2271
      2562        44         2         1         7         4
      2271      2285      2286      2272
      2563        44         2         1         7         4
      2272      2286      2287      2273
      2564        44         2         1         7         4
      2273      2287      2288      2274
      2565        44         2         1         7         4
      2274      2288       350       349
      2566        44         2         1         7         4
       378       379      2289      2275
      2567        44         2         1         7         4
      2275      2289      2290      2276
      2568        44         2         1         7         4
      2276      2290      2291      2277
      2569        44         2         1         7         4
      2277      2291      2292      2278
      2570        44         2         1         7         4
      2278      2292      2293      2279
      2571        44         2         1         7         4
      2279      2293      2294      2280
      2572        44         2         1         7         4
      2280      2294      2295      2281
      2573        44         2         1         7         4
      2281      2295      2296      2282
      2574        44         2         1         7         4
      2282      2296      2297      2283
      2575        44         2         1         7         4
      2283      2297      2298      2284
      2576        44         2         1         7         4
      2284      2298      2299      2285
      2577        44         2         1         7         4
      2285      2299      2300      2286
      2578        44         2         1         7         4
      2286      2300      2301      2287
      2579        44         2         1         7         4
      2287      2301      2302      2288
      2580        44         2         1         7         4
      2288      2302       351       350
      2581        44         2         1         7         4
       379       380      2303      2289
      2582        44         2         1         7         4
      2289      2303      2304      2290
      2583        44         2         1         7         4
      2290      2304      2305      2291
      2584        44         2         1         7         4
      2291      2305      2306      2292
      2585        44         2         1         7         4
      2292      2306      2307      2293
      2586        44         2         1         7         4
      2293      2307      2308      2294
      2587        44         2         1         7         4
      2294      2308      2309      2295
      2588        44         2         1         7         4
      2295      2309      2310      2296
      2589        44         2         1         7         4
      2296      2310      2311      2297
      2590        44         2         1         7         4
      2297      2311      2312      2298
      2591        44         2         1         7         4
      2298      2312      2313      2299
      2592        44         2         1         7         4
      2299      2313      2314      2300
      2593        44         2         1         7         4
      2300      2314      2315      2301
      2594        44         2         1         7         4
      2301      2315      2316      2302
      2595        44         2         1         7         4
      2302      2316       352       351
      2596        44         2         1         7         4
       380       381      2317      2303
      2597        44         2         1         7         4
      2303      2317      2318      2304
      2598        44         2         1         7         4
      2304      2318      2319      2305
      2599        44         2         1         7         4
      2305      2319      2320      2306
      2600        44         2         1         7         4
      2306      2320      2321      2307
      2601        44         2         1         7         4
      2307      2321      2322      2308
      2602        44         2         1         7         4
      2308      2322      2323      2309
      2603        44         2         1         7         4
      2309      2323      2324      2310
      2604        44         2         1         7         4
      2310      2324      2325      2311
      2605        44         2         1         7         4
      2311      2325      2326      2312
      2606        44         2         1         7         4
      2312      2326      2327      2313
      2607        44         2         1         7         4
      2313      2327      2328      2314
      2608        44         2         1         7         4
      2314      2328      2329      2315
      2609        44         2         1         7         4
      2315      2329      2330      2316
      2610        44         2         1         7         4
      2316      2330       353       352
      2611        44         2         1         7         4
       381       382      2331      2317
      2612        44         2         1         7         4
      2317      2331      2332      2318
      2613        44         2         1         7         4
      2318      2332      2333      2319
      2614        44         2         1         7         4
      2319      2333      2334      2320
      2615        44         2         1         7         4
      2320      2334      2335      2321
      2616        44         2         1         7         4
      2321      2335      2336      2322
      2617        44         2         1         7         4
      2322      2336      2337      2323
      2618        44         2         1         7         4
      2323      2337      2338      2324
      2619        44         2         1         7         4
      2324      2338      2339      2325
      2620        44         2         1         7         4
      2325      2339      2340      2326
      2621        44         2         1         7         4
      2326      2340      2341      2327
      2622        44         2         1         7         4
      2327      2341      2342      2328
      2623        44         2         1         7         4
      2328      2342      2343      2329
      2624        44         2         1         7         4
      2329      2343      2344      2330
      2625        44         2         1         7         4
      2330      2344       354       353
      2626        44         2         1         7         4
       382       383      2345      2331
      2627        44         2         1         7         4
      2331      2345      2346      2332
      2628        44         2         1         7         4
      2332      2346      2347      2333
      2629        44         2         1         7         4
      2333      2347      2348      2334
      2630        44         2         1         7         4
      2334      2348      2349      2335
      2631        44         2         1         7         4
      2335      2349      2350      2336
      2632        44         2         1         7         4
      2336      2350      2351      2337
      2633        44         2         1         7         4
      2337      2351      2352      2338
      2634        44         2         1         7         4
      2338      2352      2353      2339
      2635        44         2         1         7         4
      2339      2353      2354      2340
      2636        44         2         1         7         4
      2340      2354      2355      2341
      2637        44         2         1         7         4
      2341      2355      2356      2342
      2638        44         2         1         7         4
      2342      2356      2357      2343
      2639        44         2         1         7         4
      2343      2357      2358      2344
      2640        44         2         1         7         4
      2344      2358       355       354
      2641        44         2         1         7         4
       383       384      2359      2345
      2642        44         2         1         7         4
      2345      2359      2360      2346
      2643        44         2         1         7         4
      2346      2360      2361      2347
      2644        44         2         1         7         4
      2347      2361      2362      2348
      2645        44         2         1         7         4
      2348      2362      2363      2349
      2646        44         2         1         7         4
      2349      2363      2364      2350
      2647        44         2         1         7         4
      2350      2364      2365      2351
      2648        44         2         1         7         4
      2351      2365      2366      2352
      2649        44         2         1         7         4
      2352      2366      2367      2353
      2650        44         2         1         7         4
      2353      2367      2368      2354
      2651        44         2         1         7         4
      2354      2368      2369      2355
      2652        44         2         1         7         4
      2355      2369      2370      2356
      2653        44         2         1         7         4
      2356      2370      2371      2357
      2654        44         2         1         7         4
      2357      2371      2372      2358
      2655        44         2         1         7         4
      2358      2372       356       355
      2656        44         2         1         7         4
       384         2        35      2359
      2657        44         2         1         7         4
      2359        35        36      2360
      2658        44         2         1         7         4
      2360        36        37      2361
      2659        44         2         1         7         4
      2361        37        38      2362
      2660        44         2         1         7         4
      2362        38        39      2363
      2661        44         2         1         7         4
      2363        39        40      2364
      2662        44         2         1         7         4
      2364        40        41      2365
      2663        44         2         1         7         4
      2365        41        42      2366
      2664        44         2         1         7         4
      2366        42        43      2367
      2665        44         2         1         7         4
      2367        43        44      2368
      2666        44         2         1         7         4
      2368        44        45      2369
      2667        44         2         1         7         4
      2369        45        46      2370
      2668        44         2         1         7         4
      2370        46        47      2371
      2669        44         2         1         7         4
      2371        47        48      2372
      2670        44         2         1         7         4
      2372        48         4       356
      2681        44         2         1         7         4
         1         2        35        21
      2682        44         2         1         7         4
        21        35        36        22
      2683        44         2         1         7         4
        22        36        37        23
      2684        44         2         1         7         4
        23        37        38        24
      2685        44         2         1         7         4
        24        38        39        25
      2686        44         2         1         7         4
        25        39        40        26
      2687        44         2         1         7         4
        26        40        41        27
      2688        44         2         1         7         4
        27        41        42        28
      2689        44         2         1         7         4
        28        42        43        29
      2690        44         2         1         7         4
        29        43        44        30
      2691        44         2         1         7         4
        30        44        45        31
      2692        44         2         1         7         4
        31        45        46        32
      2693        44         2         1         7         4
        32        46        47        33
      2694        44         2         1         7         4
        33        47        48        34
      2695        44         2         1         7         4
        34        48         4         3
      2696        44         2         1         7         4
         5         6        63        49
      2697        44         2         1         7         4
        49        63        64        50
      2698        44         2         1         7         4
        50        64        65        51
      2699        44         2         1         7         4
        51        65        66        52
      2700        44         2         1         7         4
        52        66        67        53
      2701        44         2         1         7         4
        53        67        68        54
      2702        44         2         1         7         4
        54        68        69        55
      2703        44         2         1         7         4
        55        69        70        56
      2704        44         2         1         7         4
        56        70        71        57
      2705        44         2         1         7         4
        57        71        72        58
      2706        44         2         1         7         4
        58        72        73        59
      2707        44         2         1         7         4
        59        73        74        60
      2708        44         2         1         7         4
        60        74        75        61
      2709        44         2         1         7         4
        61        75        76        62
      2710        44         2         1         7         4
        62        76         2         1
      2711        44         2         1         7         4
         7         8        91        77
      2712        44         2         1         7         4
        77        91        92        78
      2713        44         2         1         7         4
        78        92        93        79
      2714        44         2         1         7         4
        79        93        94        80
      2715        44         2         1         7         4
        80        94        95        81
      2716        44         2         1         7         4
        81        95        96        82
      2717        44         2         1         7         4
        82        96        97        83
      2718        44         2         1         7         4
        83        97        98        84
      2719        44         2         1         7         4
        84        98        99        85
      2720        44         2         1         7         4
        85        99       100        86
      2721        44         2         1         7         4
        86       100       101        87
      2722        44         2         1         7         4
        87       101       102        88
      2723        44         2         1         7         4
        88       102       103        89
      2724        44         2         1         7         4
        89       103       104        90
      2725        44         2         1         7         4
        90       104         6         5
      2726        44         2         1         7         4
         3         4       119       105
      2727        44         2         1         7         4
       105       119       120       106
      2728        44         2         1         7         4
       106       120       121       107
      2729        44         2         1         7         4
       107       121       122       108
      2730        44         2         1         7         4
       108       122       123       109
      2731        44         2         1         7         4
       109       123       124       110
      2732        44         2         1         7         4
       110       124       125       111
      2733        44         2         1         7         4
       111       125       126       112
      2734        44         2         1         7         4
       112       126       127       113
      2735        44         2         1         7         4
       113       127       128       114
      2736        44         2         1         7         4
       114       128       129       115
      2737        44         2         1         7         4
       115       129       130       116
      2738        44         2         1         7         4
       116       130       131       117
      2739        44         2         1         7         4
       117       131       132       118
      2740        44         2         1         7         4
       118       132         8         7
      2741        44         2         1         7         4
        10         9       133       147
      2742        44         2         1         7         4
       147       133       134       148
      2743        44         2         1         7         4
       148       134       135       149
      2744        44         2         1         7         4
       149       135       136       150
      2745        44         2         1         7         4
       150       136       137       151
      2746        44         2         1         7         4
       151       137       138       152
      2747        44         2         1         7         4
       152       138       139       153
      2748        44         2         1         7         4
       153       139       140       154
      2749        44         2         1         7         4
       154       140       141       155
      2750        44         2         1         7         4
       155       141       142       156
      2751        44         2         1         7         4
       156       142       143       157
      2752        44         2         1         7         4
       157       143       144       158
      2753        44         2         1         7         4
       158       144       145       159
      2754        44         2         1         7         4
       159       145       146       160
      2755        44         2         1         7         4
       160       146        11        12
      2756        44         2         1         7         4
        12        11       161       175
      2757        44         2         1         7         4
       175       161       162       176
      2758        44         2         1         7         4
       176       162       163       177
      2759        44         2         1         7         4
       177       163       164       178
      2760        44         2         1         7         4
       178       164       165       179
      2761        44         2         1         7         4
       179       165       166       180
      2762        44         2         1         7         4
       180       166       167       181
      2763        44         2         1         7         4
       181       167       168       182
      2764        44         2         1         7         4
       182       168       169       183
      2765        44         2         1         7         4
       183       169       170       184
      2766        44         2         1         7         4
       184       170       171       185
      2767        44         2         1         7         4
       185       171       172       186
      2768        44         2         1         7         4
       186       172       173       187
      2769        44         2         1         7         4
       187       173       174       188
      2770        44         2         1         7         4
       188       174         7         8
      2771        44         2         1         7         4
         6         5       189       203
      2772        44         2         1         7         4
       203       189       190       204
      2773        44         2         1         7         4
       204       190       191       205
      2774        44         2         1         7         4
       205       191       192       206
      2775        44         2         1         7         4
       206       192       193       207
      2776        44         2         1         7         4
       207       193       194       208
      2777        44         2         1         7         4
       208       194       195       209
      2778        44         2         1         7         4
       209       195       196       210
      2779        44         2         1         7         4
       210       196       197       211
      2780        44         2         1         7         4
       211       197       198       212
      2781        44         2         1         7         4
       212       198       199       213
      2782        44         2         1         7         4
       213       199       200       214
      2783        44         2         1         7         4
       214       200       201       215
      2784        44         2         1         7         4
       215       201       202       216
      2785        44         2         1         7         4
       216       202         9        10
      2786        44         2         1         7         4
         2         1       217       231
      2787        44         2         1         7         4
       231       217       218       232
      2788        44         2         1         7         4
       232       218       219       233
      2789        44         2         1         7         4
       233       219       220       234
      2790        44         2         1         7         4
       234       220       221       235
      2791        44         2         1         7         4
       235       221       222       236
      2792        44         2         1         7         4
       236       222       223       237
      2793        44         2         1         7         4
       237       223       224       238
      2794        44         2         1         7         4
       238       224       225       239
      2795        44         2         1         7         4
       239       225       226       240
      2796        44         2         1         7         4
       240       226       227       241
      2797        44         2         1         7         4
       241       227       228       242
      2798        44         2         1         7         4
       242       228       229       243
      2799        44         2         1         7         4
       243       229       230       244
      2800        44         2         1         7         4
       244       230        13        14
      2801        44         2         1         7         4
        14        13       245       259
      2802        44         2         1         7         4
       259       245       246       260
      2803        44         2         1         7         4
       260       246       247       261
      2804        44         2         1         7         4
       261       247       248       262
      2805        44         2         1         7         4
       262       248       249       263
      2806        44         2         1         7         4
       263       249       250       264
      2807        44         2         1         7         4
       264       250       251       265
      2808        44         2         1         7         4
       265       251       252       266
      2809        44         2         1         7         4
       266       252       253       267
      2810        44         2         1         7         4
       267       253       254       268
      2811        44         2         1         7         4
       268       254       255       269
      2812        44         2         1         7         4
       269       255       256       270
      2813        44         2         1         7         4
       270       256       257       271
      2814        44         2         1         7         4
       271       257       258       272
      2815        44         2         1         7         4
       272       258         9        10
      2816        44         2         1         7         4
         8         7       273       287
      2817        44         2         1         7         4
       287       273       274       288
      2818        44         2         1         7         4
       288       274       275       289
      2819        44         2         1         7         4
       289       275       276       290
      2820        44         2         1         7         4
       290       276       277       291
      2821        44         2         1         7         4
       291       277       278       292
      2822        44         2         1         7         4
       292       278       279       293
      2823        44         2         1         7         4
       293       279       280       294
      2824        44         2         1         7         4
       294       280       281       295
      2825        44         2         1         7         4
       295       281       282       296
      2826        44         2         1         7         4
       296       282       283       297
      2827        44         2         1         7         4
       297       283       284       298
      2828        44         2         1         7         4
       298       284       285       299
      2829        44         2         1         7         4
       299       285       286       300
      2830        44         2         1         7         4
       300       286        15        16
      2831        44         2         1         7         4
        16        15       301       315
      2832        44         2         1         7         4
       315       301       302       316
      2833        44         2         1         7         4
       316       302       303       317
      2834        44         2         1         7         4
       317       303       304       318
      2835        44         2         1         7         4
       318       304       305       319
      2836        44         2         1         7         4
       319       305       306       320
      2837        44         2         1         7         4
       320       306       307       321
      2838        44         2         1         7         4
       321       307       308       322
      2839        44         2         1         7         4
       322       308       309       323
      2840        44         2         1         7         4
       323       309       310       324
      2841        44         2         1         7         4
       324       310       311       325
      2842        44         2         1         7         4
       325       311       312       326
      2843        44         2         1         7         4
       326       312       313       327
      2844        44         2         1         7         4
       327       313       314       328
      2845        44         2         1         7         4
       328       314        17        18
      2846        44         2         1         7         4
        18        17       329       343
      2847        44         2         1         7         4
       343       329       330       344
      2848        44         2         1         7         4
       344       330       331       345
      2849        44         2         1         7         4
       345       331       332       346
      2850        44         2         1         7         4
       346       332       333       347
      2851        44         2         1         7         4
       347       333       334       348
      2852        44         2         1         7         4
       348       334       335       349
      2853        44         2         1         7         4
       349       335       336       350
      2854        44         2         1         7         4
       350       336       337       351
      2855        44         2         1         7         4
       351       337       338       352
      2856        44         2         1         7         4
       352       338       339       353
      2857        44         2         1         7         4
       353       339       340       354
      2858        44         2         1         7         4
       354       340       341       355
      2859        44         2         1         7         4
       355       341       342       356
      2860        44         2         1         7         4
       356       342         3         4
      2861        44         2         1         7         4
        20        19       357       371
      2862        44         2         1         7         4
       371       357       358       372
      2863        44         2         1         7         4
       372       358       359       373
      2864        44         2         1         7         4
       373       359       360       374
      2865        44         2         1         7         4
       374       360       361       375
      2866        44         2         1         7         4
       375       361       362       376
      2867        44         2         1         7         4
       376       362       363       377
      2868        44         2         1         7         4
       377       363       364       378
      2869        44         2         1         7         4
       378       364       365       379
      2870        44         2         1         7         4
       379       365       366       380
      2871        44         2         1         7         4
       380       366       367       381
      2872        44         2         1         7         4
       381       367       368       382
      2873        44         2         1         7         4
       382       368       369       383
      2874        44         2         1         7         4
       383       369       370       384
      2875        44         2         1         7         4
       384       370         1         2
      2876        44         2         1         7         4
        18        17       385       399
      2877        44         2         1         7         4
       399       385       386       400
      2878        44         2         1         7         4
       400       386       387       401
      2879        44         2         1         7         4
       401       387       388       402
      2880        44         2         1         7         4
       402       388       389       403
      2881        44         2         1         7         4
       403       389       390       404
      2882        44         2         1         7         4
       404       390       391       405
      2883        44         2         1         7         4
       405       391       392       406
      2884        44         2         1         7         4
       406       392       393       407
      2885        44         2         1         7         4
       407       393       394       408
      2886        44         2         1         7         4
       408       394       395       409
      2887        44         2         1         7         4
       409       395       396       410
      2888        44         2         1         7         4
       410       396       397       411
      2889        44         2         1         7         4
       411       397       398       412
      2890        44         2         1         7         4
       412       398        19        20
      2891       115         2         1         7         8
         2         1        21        35        76        62       413       791
      2892       115         2         1         7         8
        76        62       413       791        75        61       414       792
      2893       115         2         1         7         8
        75        61       414       792        74        60       415       793
      2894       115         2         1         7         8
        74        60       415       793        73        59       416       794
      2895       115         2         1         7         8
        73        59       416       794        72        58       417       795
      2896       115         2         1         7         8
        72        58       417       795        71        57       418       796
      2897       115         2         1         7         8
        71        57       418       796        70        56       419       797
      2898       115         2         1         7         8
        70        56       419       797        69        55       420       798
      2899       115         2         1         7         8
        69        55       420       798        68        54       421       799
      2900       115         2         1         7         8
        68        54       421       799        67        53       422       800
      2901       115         2         1         7         8
        67        53       422       800        66        52       423       801
      2902       115         2         1         7         8
        66        52       423       801        65        51       424       802
      2903       115         2         1         7         8
        65        51       424       802        64        50       425       803
      2904       115         2         1         7         8
        64        50       425       803        63        49       426       804
      2905       115         2         1         7         8
        63        49       426       804         6         5        90       104
      2906       115         2         1         7         8
        35        21        22        36       791       413       427       777
      2907       115         2         1         7         8
       791       413       427       777       792       414       428       778
      2908       115         2         1         7         8
       792       414       428       778       793       415       429       779
      2909       115         2         1         7         8
       793       415       429       779       794       416       430       780
      2910       115         2         1         7         8
       794       416       430       780       795       417       431       781
      2911       115         2         1         7         8
       795       417       431       781       796       418       432       782
      2912       115         2         1         7         8
       796       418       432       782       797       419       433       783
      2913       115         2         1         7         8
       797       419       433       783       798       420       434       784
      2914       115         2         1         7         8
       798       420       434       784       799       421       435       785
      2915       115         2         1         7         8
       799       421       435       785       800       422       436       786
      2916       115         2         1         7         8
       800       422       436       786       801       423       437       787
      2917       115         2         1         7         8
       801       423       437       787       802       424       438       788
      2918       115         2         1         7         8
       802       424       438       788       803       425       439       789
      2919       115         2         1         7         8
       803       425       439       789       804       426       440       790
      2920       115         2         1         7         8
       804       426       440       790       104        90        89       103
      2921       115         2         1         7         8
        36        22        23        37       777       427       441       763
      2922       115         2         1         7         8
       777       427       441       763       778       428       442       764
      2923       115         2         1         7         8
       778       428       442       764       779       429       443       765
      2924       115         2         1         7         8
       779       429       443       765       780       430       444       766
      2925       115         2         1         7         8
       780       430       444       766       781       431       445       767
      2926       115         2         1         7         8
       781       431       445       767       782       432       446       768
      2927       115         2         1         7         8
       782       432       446       768       783       433       447       769
      2928       115         2         1         7         8
       783       433       447       769       784       434       448       770
      2929       115         2         1         7         8
       784       434       448       770       785       435       449       771
      2930       115         2         1         7         8
       785       435       449       771       786       436       450       772
      2931       115         2         1         7         8
       786       436       450       772       787       437       451       773
      2932       115         2         1         7         8
       787       437       451       773       788       438       452       774
      2933       115         2         1         7         8
       788       438       452       774       789       439       453       775
      2934       115         2         1         7         8
       789       439       453       775       790       440       454       776
      2935       115         2         1         7         8
       790       440       454       776       103        89        88       102
      2936       115         2         1         7         8
        37        23        24        38       763       441       455       749
      2937       115         2         1         7         8
       763       441       455       749       764       442       456       750
      2938       115         2         1         7         8
       764       442       456       750       765       443       457       751
      2939       115         2         1         7         8
       765       443       457       751       766       444       458       752
      2940       115         2         1         7         8
       766       444       458       752       767       445       459       753
      2941       115         2         1         7         8
       767       445       459       753       768       446       460       754
      2942       115         2         1         7         8
       768       446       460       754       769       447       461       755
      2943       115         2         1         7         8
       769       447       461       755       770       448       462       756
      2944       115         2         1         7         8
       770       448       462       756       771       449       463       757
      2945       115         2         1         7         8
       771       449       463       757       772       450       464       758
      2946       115         2         1         7         8
       772       450       464       758       773       451       465       759
      2947       115         2         1         7         8
       773       451       465       759       774       452       466       760
      2948       115         2         1         7         8
       774       452       466       760       775       453       467       761
      2949       115         2         1         7         8
       775       453       467       761       776       454       468       762
      2950       115         2         1         7         8
       776       454       468       762       102        88        87       101
      2951       115         2         1         7         8
        38        24        25        39       749       455       469       735
      2952       115         2         1         7         8
       749       455       469       735       750       456       470       736
      2953       115         2         1         7         8
       750       456       470       736       751       457       471       737
      2954       115         2         1         7         8
       751       457       471       737       752       458       472       738
      2955       115         2         1         7         8
       752       458       472       738       753       459       473       739
      2956       115         2         1         7         8
       753       459       473       739       754       460       474       740
      2957       115         2         1         7         8
       754       460       474       740       755       461       475       741
      2958       115         2         1         7         8
       755       461       475       741       756       462       476       742
      2959       115         2         1         7         8
       756       462       476       742       757       463       477       743
      2960       115         2         1         7         8
       757       463       477       743       758       464       478       744
      2961       115         2         1         7         8
       758       464       478       744       759       465       479       745
      2962       115         2         1         7         8
       759       465       479       745       760       466       480       746
      2963       115         2         1         7         8
       760       466       480       746       761       467       481       747
      2964       115         2         1         7         8
       761       467       481       747       762       468       482       748
      2965       115         2         1         7         8
       762       468       482       748       101        87        86       100
      2966       115         2         1         7         8
        39        25        26        40       735       469       483       721
      2967       115         2         1         7         8
       735       469       483       721       736       470       484       722
      2968       115         2         1         7         8
       736       470       484       722       737       471       485       723
      2969       115         2         1         7         8
       737       471       485       723       738       472       486       724
      2970       115         2         1         7         8
       738       472       486       724       739       473       487       725
      2971       115         2         1         7         8
       739       473       487       725       740       474       488       726
      2972       115         2         1         7         8
       740       474       488       726       741       475       489       727
      2973       115         2         1         7         8
       741       475       489       727       742       476       490       728
      2974       115         2         1         7         8
       742       476       490       728       743       477       491       729
      2975       115         2         1         7         8
       743       477       491       729       744       478       492       730
      2976       115         2         1         7         8
       744       478       492       730       745       479       493       731
      2977       115         2         1         7         8
       745       479       493       731       746       480       494       732
      2978       115         2         1         7         8
       746       480       494       732       747       481       495       733
      2979       115         2         1         7         8
       747       481       495       733       748       482       496       734
      2980       115         2         1         7         8
       748       482       496       734       100        86        85        99
      2981       115         2         1         7         8
        40        26        27        41       721       483       497       707
      2982       115         2         1         7         8
       721       483       497       707       722       484       498       708
      2983       115         2         1         7         8
       722       484       498       708       723       485       499       709
      2984       115         2         1         7         8
       723       485       499       709       724       486       500       710
      2985       115         2         1         7         8
       724       486       500       710       725       487       501       711
      2986       115         2         1         7         8
       725       487       501       711       726       488       502       712
      2987       115         2         1         7         8
       726       488       502       712       727       489       503       713
      2988       115         2         1         7         8
       727       489       503       713       728       490       504       714
      2989       115         2         1         7         8
       728       490       504       714       729       491       505       715
      2990       115         2         1         7         8
       729       491       505       715       730       492       506       716
      2991       115         2         1         7         8
       730       492       506       716       731       493       507       717
      2992       115         2         1         7         8
       731       493       507       717       732       494       508       718
      2993       115         2         1         7         8
       732       494       508       718       733       495       509       719
      2994       115         2         1         7         8
       733       495       509       719       734       496       510       720
      2995       115         2         1         7         8
       734       496       510       720        99        85        84        98
      2996       115         2         1         7         8
        41        27        28        42       707       497       511       693
      2997       115         2         1         7         8
       707       497       511       693       708       498       512       694
      2998       115         2         1         7         8
       708       498       512       694       709       499       513       695
      2999       115         2         1         7         8
       709       499       513       695       710       500       514       696
      3000       115         2         1         7         8
       710       500       514       696       711       501       515       697
      3001       115         2         1         7         8
       711       501       515       697       712       502       516       698
      3002       115         2         1         7         8
       712       502       516       698       713       503       517       699
      3003       115         2         1         7         8
       713       503       517       699       714       504       518       700
      3004       115         2         1         7         8
       714       504       518       700       715       505       519       701
      3005       115         2         1         7         8
       715       505       519       701       716       506       520       702
      3006       115         2         1         7         8
       716       506       520       702       717       507       521       703
      3007       115         2         1         7         8
       717       507       521       703       718       508       522       704
      3008       115         2         1         7         8
       718       508       522       704       719       509       523       705
      3009       115         2         1         7         8
       719       509       523       705       720       510       524       706
      3010       115         2         1         7         8
       720       510       524       706        98        84        83        97
      3011       115         2         1         7         8
        42        28        29        43       693       511       525       679
      3012       115         2         1         7         8
       693       511       525       679       694       512       526       680
      3013       115         2         1         7         8
       694       512       526       680       695       513       527       681
      3014       115         2         1         7         8
       695       513       527       681       696       514       528       682
      3015       115         2         1         7         8
       696       514       528       682       697       515       529       683
      3016       115         2         1         7         8
       697       515       529       683       698       516       530       684
      3017       115         2         1         7         8
       698       516       530       684       699       517       531       685
      3018       115         2         1         7         8
       699       517       531       685       700       518       532       686
      3019       115         2         1         7         8
       700       518       532       686       701       519       533       687
      3020       115         2         1         7         8
       701       519       533       687       702       520       534       688
      3021       115         2         1         7         8
       702       520       534       688       703       521       535       689
      3022       115         2         1         7         8
       703       521       535       689       704       522       536       690
      3023       115         2         1         7         8
       704       522       536       690       705       523       537       691
      3024       115         2         1         7         8
       705       523       537       691       706       524       538       692
      3025       115         2         1         7         8
       706       524       538       692        97        83        82        96
      3026       115         2         1         7         8
        43        29        30        44       679       525       539       665
      3027       115         2         1         7         8
       679       525       539       665       680       526       540       666
      3028       115         2         1         7         8
       680       526       540       666       681       527       541       667
      3029       115         2         1         7         8
       681       527       541       667       682       528       542       668
      3030       115         2         1         7         8
       682       528       542       668       683       529       543       669
      3031       115         2         1         7         8
       683       529       543       669       684       530       544       670
      3032       115         2         1         7         8
       684       530       544       670       685       531       545       671
      3033       115         2         1         7         8
       685       531       545       671       686       532       546       672
      3034       115         2         1         7         8
       686       532       546       672       687       533       547       673
      3035       115         2         1         7         8
       687       533       547       673       688       534       548       674
      3036       115         2         1         7         8
       688       534       548       674       689       535       549       675
      3037       115         2         1         7         8
       689       535       549       675       690       536       550       676
      3038       115         2         1         7         8
       690       536       550       676       691       537       551       677
      3039       115         2         1         7         8
       691       537       551       677       692       538       552       678
      3040       115         2         1         7         8
       692       538       552       678        96        82        81        95
      3041       115         2         1         7         8
        44        30        31        45       665       539       553       651
      3042       115         2         1         7         8
       665       539       553       651       666       540       554       652
      3043       115         2         1         7         8
       666       540       554       652       667       541       555       653
      3044       115         2         1         7         8
       667       541       555       653       668       542       556       654
      3045       115         2         1         7         8
       668       542       556       654       669       543       557       655
      3046       115         2         1         7         8
       669       543       557       655       670       544       558       656
      3047       115         2         1         7         8
       670       544       558       656       671       545       559       657
      3048       115         2         1         7         8
       671       545       559       657       672       546       560       658
      3049       115         2         1         7         8
       672       546       560       658       673       547       561       659
      3050       115         2         1         7         8
       673       547       561       659       674       548       562       660
      3051       115         2         1         7         8
       674       548       562       660       675       549       563       661
      3052       115         2         1         7         8
       675       549       563       661       676       550       564       662
      3053       115         2         1         7         8
       676       550       564       662       677       551       565       663
      3054       115         2         1         7         8
       677       551       565       663       678       552       566       664
      3055       115         2         1         7         8
       678       552       566       664        95        81        80        94
      3056       115         2         1         7         8
        45        31        32        46       651       553       567       637
      3057       115         2         1         7         8
       651       553       567       637       652       554       568       638
      3058       115         2         1         7         8
       652       554       568       638       653       555       569       639
      3059       115         2         1         7         8
       653       555       569       639       654       556       570       640
      3060       115         2         1         7         8
       654       556       570       640       655       557       571       641
      3061       115         2         1         7         8
       655       557       571       641       656       558       572       642
      3062       115         2         1         7         8
       656       558       572       642       657       559       573       643
      3063       115         2         1         7         8
       657       559       573       643       658       560       574       644
      3064       115         2         1         7         8
       658       560       574       644       659       561       575       645
      3065       115         2         1         7         8
       659       561       575       645       660       562       576       646
      3066       115         2         1         7         8
       660       562       576       646       661       563       577       647
      3067       115         2         1         7         8
       661       563       577       647       662       564       578       648
      3068       115         2         1         7         8
       662       564       578       648       663       565       579       649
      3069       115         2         1         7         8
       663       565       579       649       664       566       580       650
      3070       115         2         1         7         8
       664       566       580       650        94        80        79        93
      3071       115         2         1         7         8
        46        32        33        47       637       567       581       623
      3072       115         2         1         7         8
       637       567       581       623       638       568       582       624
      3073       115         2         1         7         8
       638       568       582       624       639       569       583       625
      3074       115         2         1         7         8
       639       569       583       625       640       570       584       626
      3075       115         2         1         7         8
       640       570       584       626       641       571       585       627
      3076       115         2         1         7         8
       641       571       585       627       642       572       586       628
      3077       115         2         1         7         8
       642       572       586       628       643       573       587       629
      3078       115         2         1         7         8
       643       573       587       629       644       574       588       630
      3079       115         2         1         7         8
       644       574       588       630       645       575       589       631
      3080       115         2         1         7         8
       645       575       589       631       646       576       590       632
      3081       115         2         1         7         8
       646       576       590       632       647       577       591       633
      3082       115         2         1         7         8
       647       577       591       633       648       578       592       634
      3083       115         2         1         7         8
       648       578       592       634       649       579       593       635
      3084       115         2         1         7         8
       649       579       593       635       650       580       594       636
      3085       115         2         1         7         8
       650       580       594       636        93        79        78        92
      3086       115         2         1         7         8
        47        33        34        48       623       581       595       609
      3087       115         2         1         7         8
       623       581       595       609       624       582       596       610
      3088       115         2         1         7         8
       624       582       596       610       625       583       597       611
      3089       115         2         1         7         8
       625       583       597       611       626       584       598       612
      3090       115         2         1         7         8
       626       584       598       612       627       585       599       613
      3091       115         2         1         7         8
       627       585       599       613       628       586       600       614
      3092       115         2         1         7         8
       628       586       600       614       629       587       601       615
      3093       115         2         1         7         8
       629       587       601       615       630       588       602       616
      3094       115         2         1         7         8
       630       588       602       616       631       589       603       617
      3095       115         2         1         7         8
       631       589       603       617       632       590       604       618
      3096       115         2         1         7         8
       632       590       604       618       633       591       605       619
      3097       115         2         1         7         8
       633       591       605       619       634       592       606       620
      3098       115         2         1         7         8
       634       592       606       620       635       593       607       621
      3099       115         2         1         7         8
       635       593       607       621       636       594       608       622
      3100       115         2         1         7         8
       636       594       608       622        92        78        77        91
      3101       115         2         1         7         8
        48        34         3         4       609       595       105       119
      3102       115         2         1         7         8
       609       595       105       119       610       596       106       120
      3103       115         2         1         7         8
       610       596       106       120       611       597       107       121
      3104       115         2         1         7         8
       611       597       107       121       612       598       108       122
      3105       115         2         1         7         8
       612       598       108       122       613       599       109       123
      3106       115         2         1         7         8
       613       599       109       123       614       600       110       124
      3107       115         2         1         7         8
       614       600       110       124       615       601       111       125
      3108       115         2         1         7         8
       615       601       111       125       616       602       112       126
      3109       115         2         1         7         8
       616       602       112       126       617       603       113       127
      3110       115         2         1         7         8
       617       603       113       127       618       604       114       128
      3111       115         2         1         7         8
       618       604       114       128       619       605       115       129
      3112       115         2         1         7         8
       619       605       115       129       620       606       116       130
      3113       115         2         1         7         8
       620       606       116       130       621       607       117       131
      3114       115         2         1         7         8
       621       607       117       131       622       608       118       132
      3115       115         2         1         7         8
       622       608       118       132        91        77         7         8
      3116       115         2         1         7         8
         9        10       147       133       202       216      1001       987
      3117       115         2         1         7         8
       202       216      1001       987       201       215      1002       988
      3118       115         2         1         7         8
       201       215      1002       988       200       214      1003       989
      3119       115         2         1         7         8
       200       214      1003       989       199       213      1004       990
      3120       115         2         1         7         8
       199       213      1004       990       198       212      1005       991
      3121       115         2         1         7         8
       198       212      1005       991       197       211      1006       992
      3122       115         2         1         7         8
       197       211      1006       992       196       210      1007       993
      3123       115         2         1         7         8
       196       210      1007       993       195       209      1008       994
      3124       115         2         1         7         8
       195       209      1008       994       194       208      1009       995
      3125       115         2         1         7         8
       194       208      1009       995       193       207      1010       996
      3126       115         2         1         7         8
       193       207      1010       996       192       206      1011       997
      3127       115         2         1         7         8
       192       206      1011       997       191       205      1012       998
      3128       115         2         1         7         8
       191       205      1012       998       190       204      1013       999
      3129       115         2         1         7         8
       190       204      1013       999       189       203      1014      1000
      3130       115         2         1         7         8
       189       203      1014      1000         5         6       104        90
      3131       115         2         1         7         8
       133       147       148       134       987      1001      1015       973
      3132       115         2         1         7         8
       987      1001      1015       973       988      1002      1016       974
      3133       115         2         1         7         8
       988      1002      1016       974       989      1003      1017       975
      3134       115         2         1         7         8
       989      1003      1017       975       990      1004      1018       976
      3135       115         2         1         7         8
       990      1004      1018       976       991      1005      1019       977
      3136       115         2         1         7         8
       991      1005      1019       977       992      1006      1020       978
      3137       115         2         1         7         8
       992      1006      1020       978       993      1007      1021       979
      3138       115         2         1         7         8
       993      1007      1021       979       994      1008      1022       980
      3139       115         2         1         7         8
       994      1008      1022       980       995      1009      1023       981
      3140       115         2         1         7         8
       995      1009      1023       981       996      1010      1024       982
      3141       115         2         1         7         8
       996      1010      1024       982       997      1011      1025       983
      3142       115         2         1         7         8
       997      1011      1025       983       998      1012      1026       984
      3143       115         2         1         7         8
       998      1012      1026       984       999      1013      1027       985
      3144       115         2         1         7         8
       999      1013      1027       985      1000      1014      1028       986
      3145       115         2         1         7         8
      1000      1014      1028       986        90       104       103        89
      3146       115         2         1         7         8
       134       148       149       135       973      1015      1029       959
      3147       115         2         1         7         8
       973      1015      1029       959       974      1016      1030       960
      3148       115         2         1         7         8
       974      1016      1030       960       975      1017      1031       961
      3149       115         2         1         7         8
       975      1017      1031       961       976      1018      1032       962
      3150       115         2         1         7         8
       976      1018      1032       962       977      1019      1033       963
      3151       115         2         1         7         8
       977      1019      1033       963       978      1020      1034       964
      3152       115         2         1         7         8
       978      1020      1034       964       979      1021      1035       965
      3153       115         2         1         7         8
       979      1021      1035       965       980      1022      1036       966
      3154       115         2         1         7         8
       980      1022      1036       966       981      1023      1037       967
      3155       115         2         1         7         8
       981      1023      1037       967       982      1024      1038       968
      3156       115         2         1         7         8
       982      1024      1038       968       983      1025      1039       969
      3157       115         2         1         7         8
       983      1025      1039       969       984      1026      1040       970
      3158       115         2         1         7         8
       984      1026      1040       970       985      1027      1041       971
      3159       115         2         1         7         8
       985      1027      1041       971       986      1028      1042       972
      3160       115         2         1         7         8
       986      1028      1042       972        89       103       102        88
      3161       115         2         1         7         8
       135       149       150       136       959      1029      1043       945
      3162       115         2         1         7         8
       959      1029      1043       945       960      1030      1044       946
      3163       115         2         1         7         8
       960      1030      1044       946       961      1031      1045       947
      3164       115         2         1         7         8
       961      1031      1045       947       962      1032      1046       948
      3165       115         2         1         7         8
       962      1032      1046       948       963      1033      1047       949
      3166       115         2         1         7         8
       963      1033      1047       949       964      1034      1048       950
      3167       115         2         1         7         8
       964      1034      1048       950       965      1035      1049       951
      3168       115         2         1         7         8
       965      1035      1049       951       966      1036      1050       952
      3169       115         2         1         7         8
       966      1036      1050       952       967      1037      1051       953
      3170       115         2         1         7         8
       967      1037      1051       953       968      1038      1052       954
      3171       115         2         1         7         8
       968      1038      1052       954       969      1039      1053       955
      3172       115         2         1         7         8
       969      1039      1053       955       970      1040      1054       956
      3173       115         2         1         7         8
       970      1040      1054       956       971      1041      1055       957
      3174       115         2         1         7         8
       971      1041      1055       957       972      1042      1056       958
      3175       115         2         1         7         8
       972      1042      1056       958        88       102       101        87
      3176       115         2         1         7         8
       136       150       151       137       945      1043      1057       931
      3177       115         2         1         7         8
       945      1043      1057       931       946      1044      1058       932
      3178       115         2         1         7         8
       946      1044      1058       932       947      1045      1059       933
      3179       115         2         1         7         8
       947      1045      1059       933       948      1046      1060       934
      3180       115         2         1         7         8
       948      1046      1060       934       949      1047      1061       935
      3181       115         2         1         7         8
       949      1047      1061       935       950      1048      1062       936
      3182       115         2         1         7         8
       950      1048      1062       936       951      1049      1063       937
      3183       115         2         1         7         8
       951      1049      1063       937       952      1050      1064       938
      3184       115         2         1         7         8
       952      1050      1064       938       953      1051      1065       939
      3185       115         2         1         7         8
       953      1051      1065       939       954      1052      1066       940
      3186       115         2         1         7         8
       954      1052      1066       940       955      1053      1067       941
      3187       115         2         1         7         8
       955      1053      1067       941       956      1054      1068       942
      3188       115         2         1         7         8
       956      1054      1068       942       957      1055      1069       943
      3189       115         2         1         7         8
       957      1055      1069       943       958      1056      1070       944
      3190       115         2         1         7         8
       958      1056      1070       944        87       101       100        86
      3191       115         2         1         7         8
       137       151       152       138       931      1057      1071       917
      3192       115         2         1         7         8
       931      1057      1071       917       932      1058      1072       918
      3193       115         2         1         7         8
       932      1058      1072       918       933      1059      1073       919
      3194       115         2         1         7         8
       933      1059      1073       919       934      1060      1074       920
      3195       115         2         1         7         8
       934      1060      1074       920       935      1061      1075       921
      3196       115         2         1         7         8
       935      1061      1075       921       936      1062      1076       922
      3197       115         2         1         7         8
       936      1062      1076       922       937      1063      1077       923
      3198       115         2         1         7         8
       937      1063      1077       923       938      1064      1078       924
      3199       115         2         1         7         8
       938      1064      1078       924       939      1065      1079       925
      3200       115         2         1         7         8
       939      1065      1079       925       940      1066      1080       926
      3201       115         2         1         7         8
       940      1066      1080       926       941      1067      1081       927
      3202       115         2         1         7         8
       941      1067      1081       927       942      1068      1082       928
      3203       115         2         1         7         8
       942      1068      1082       928       943      1069      1083       929
      3204       115         2         1         7         8
       943      1069      1083       929       944      1070      1084       930
      3205       115         2         1         7         8
       944      1070      1084       930        86       100        99        85
      3206       115         2         1         7         8
       138       152       153       139       917      1071      1085       903
      3207       115         2         1         7         8
       917      1071      1085       903       918      1072      1086       904
      3208       115         2         1         7         8
       918      1072      1086       904       919      1073      1087       905
      3209       115         2         1         7         8
       919      1073      1087       905       920      1074      1088       906
      3210       115         2         1         7         8
       920      1074      1088       906       921      1075      1089       907
      3211       115         2         1         7         8
       921      1075      1089       907       922      1076      1090       908
      3212       115         2         1         7         8
       922      1076      1090       908       923      1077      1091       909
      3213       115         2         1         7         8
       923      1077      1091       909       924      1078      1092       910
      3214       115         2         1         7         8
       924      1078      1092       910       925      1079      1093       911
      3215       115         2         1         7         8
       925      1079      1093       911       926      1080      1094       912
      3216       115         2         1         7         8
       926      1080      1094       912       927      1081      1095       913
      3217       115         2         1         7         8
       927      1081      1095       913       928      1082      1096       914
      3218       115         2         1         7         8
       928      1082      1096       914       929      1083      1097       915
      3219       115         2         1         7         8
       929      1083      1097       915       930      1084      1098       916
      3220       115         2         1         7         8
       930      1084      1098       916        85        99        98        84
      3221       115         2         1         7         8
       139       153       154       140       903      1085      1099       889
      3222       115         2         1         7         8
       903      1085      1099       889       904      1086      1100       890
      3223       115         2         1         7         8
       904      1086      1100       890       905      1087      1101       891
      3224       115         2         1         7         8
       905      1087      1101       891       906      1088      1102       892
      3225       115         2         1         7         8
       906      1088      1102       892       907      1089      1103       893
      3226       115         2         1         7         8
       907      1089      1103       893       908      1090      1104       894
      3227       115         2         1         7         8
       908      1090      1104       894       909      1091      1105       895
      3228       115         2         1         7         8
       909      1091      1105       895       910      1092      1106       896
      3229       115         2         1         7         8
       910      1092      1106       896       911      1093      1107       897
      3230       115         2         1         7         8
       911      1093      1107       897       912      1094      1108       898
      3231       115         2         1         7         8
       912      1094      1108       898       913      1095      1109       899
      3232       115         2         1         7         8
       913      1095      1109       899       914      1096      1110       900
      3233       115         2         1         7         8
       914      1096      1110       900       915      1097      1111       901
      3234       115         2         1         7         8
       915      1097      1111       901       916      1098      1112       902
      3235       115         2         1         7         8
       916      1098      1112       902        84        98        97        83
      3236       115         2         1         7         8
       140       154       155       141       889      1099      1113       875
      3237       115         2         1         7         8
       889      1099      1113       875       890      1100      1114       876
      3238       115         2         1         7         8
       890      1100      1114       876       891      1101      1115       877
      3239       115         2         1         7         8
       891      1101      1115       877       892      1102      1116       878
      3240       115         2         1         7         8
       892      1102      1116       878       893      1103      1117       879
      3241       115         2         1         7         8
       893      1103      1117       879       894      1104      1118       880
      3242       115         2         1         7         8
       894      1104      1118       880       895      1105      1119       881
      3243       115         2         1         7         8
       895      1105      1119       881       896      1106      1120       882
      3244       115         2         1         7         8
       896      1106      1120       882       897      1107      1121       883
      3245       115         2         1         7         8
       897      1107      1121       883       898      1108      1122       884
      3246       115         2         1         7         8
       898      1108      1122       884       899      1109      1123       885
      3247       115         2         1         7         8
       899      1109      1123       885       900      1110      1124       886
      3248       115         2         1         7         8
       900      1110      1124       886       901      1111      1125       887
      3249       115         2         1         7         8
       901      1111      1125       887       902      1112      1126       888
      3250       115         2         1         7         8
       902      1112      1126       888        83        97        96        82
      3251       115         2         1         7         8
       141       155       156       142       875      1113      1127       861
      3252       115         2         1         7         8
       875      1113      1127       861       876      1114      1128       862
      3253       115         2         1         7         8
       876      1114      1128       862       877      1115      1129       863
      3254       115         2         1         7         8
       877      1115      1129       863       878      1116      1130       864
      3255       115         2         1         7         8
       878      1116      1130       864       879      1117      1131       865
      3256       115         2         1         7         8
       879      1117      1131       865       880      1118      1132       866
      3257       115         2         1         7         8
       880      1118      1132       866       881      1119      1133       867
      3258       115         2         1         7         8
       881      1119      1133       867       882      1120      1134       868
      3259       115         2         1         7         8
       882      1120      1134       868       883      1121      1135       869
      3260       115         2         1         7         8
       883      1121      1135       869       884      1122      1136       870
      3261       115         2         1         7         8
       884      1122      1136       870       885      1123      1137       871
      3262       115         2         1         7         8
       885      1123      1137       871       886      1124      1138       872
      3263       115         2         1         7         8
       886      1124      1138       872       887      1125      1139       873
      3264       115         2         1         7         8
       887      1125      1139       873       888      1126      1140       874
      3265       115         2         1         7         8
       888      1126      1140       874        82        96        95        81
      3266       115         2         1         7         8
       142       156       157       143       861      1127      1141       847
      3267       115         2         1         7         8
       861      1127      1141       847       862      1128      1142       848
      3268       115         2         1         7         8
       862      1128      1142       848       863      1129      1143       849
      3269       115         2         1         7         8
       863      1129      1143       849       864      1130      1144       850
      3270       115         2         1         7         8
       864      1130      1144       850       865      1131      1145       851
      3271       115         2         1         7         8
       865      1131      1145       851       866      1132      1146       852
      3272       115         2         1         7         8
       866      1132      1146       852       867      1133      1147       853
      3273       115         2         1         7         8
       867      1133      1147       853       868      1134      1148       854
      3274       115         2         1         7         8
       868      1134      1148       854       869      1135      1149       855
      3275       115         2         1         7         8
       869      1135      1149       855       870      1136      1150       856
      3276       115         2         1         7         8
       870      1136      1150       856       871      1137      1151       857
      3277       115         2         1         7         8
       871      1137      1151       857       872      1138      1152       858
      3278       115         2         1         7         8
       872      1138      1152       858       873      1139      1153       859
      3279       115         2         1         7         8
       873      1139      1153       859       874      1140      1154       860
      3280       115         2         1         7         8
       874      1140      1154       860        81        95        94        80
      3281       115         2         1         7         8
       143       157       158       144       847      1141      1155       833
      3282       115         2         1         7         8
       847      1141      1155       833       848      1142      1156       834
      3283       115         2         1         7         8
       848      1142      1156       834       849      1143      1157       835
      3284       115         2         1         7         8
       849      1143      1157       835       850      1144      1158       836
      3285       115         2         1         7         8
       850      1144      1158       836       851      1145      1159       837
      3286       115         2         1         7         8
       851      1145      1159       837       852      1146      1160       838
      3287       115         2         1         7         8
       852      1146      1160       838       853      1147      1161       839
      3288       115         2         1         7         8
       853      1147      1161       839       854      1148      1162       840
      3289       115         2         1         7         8
       854      1148      1162       840       855      1149      1163       841
      3290       115         2         1         7         8
       855      1149      1163       841       856      1150      1164       842
      3291       115         2         1         7         8
       856      1150      1164       842       857      1151      1165       843
      3292       115         2         1         7         8
       857      1151      1165       843       858      1152      1166       844
      3293       115         2         1         7         8
       858      1152      1166       844       859      1153      1167       845
      3294       115         2         1         7         8
       859      1153      1167       845       860      1154      1168       846
      3295       115         2         1         7         8
       860      1154      1168       846        80        94        93        79
      3296       115         2         1         7         8
       144       158       159       145       833      1155      1169       819
      3297       115         2         1         7         8
       833      1155      1169       819       834      1156      1170       820
      3298       115         2         1         7         8
       834      1156      1170       820       835      1157      1171       821
      3299       115         2         1         7         8
       835      1157      1171       821       836      1158      1172       822
      3300       115         2         1         7         8
       836      1158      1172       822       837      1159      1173       823
      3301       115         2         1         7         8
       837      1159      1173       823       838      1160      1174       824
      3302       115         2         1         7         8
       838      1160      1174       824       839      1161      1175       825
      3303       115         2         1         7         8
       839      1161      1175       825       840      1162      1176       826
      3304       115         2         1         7         8
       840      1162      1176       826       841      1163      1177       827
      3305       115         2         1         7         8
       841      1163      1177       827       842      1164      1178       828
      3306       115         2         1         7         8
       842      1164      1178       828       843      1165      1179       829
      3307       115         2         1         7         8
       843      1165      1179       829       844      1166      1180       830
      3308       115         2         1         7         8
       844      1166      1180       830       845      1167      1181       831
      3309       115         2         1         7         8
       845      1167      1181       831       846      1168      1182       832
      3310       115         2         1         7         8
       846      1168      1182       832        79        93        92        78
      3311       115         2         1         7         8
       145       159       160       146       819      1169      1183       805
      3312       115         2         1         7         8
       819      1169      1183       805       820      1170      1184       806
      3313       115         2         1         7         8
       820      1170      1184       806       821      1171      1185       807
      3314       115         2         1         7         8
       821      1171      1185       807       822      1172      1186       808
      3315       115         2         1         7         8
       822      1172      1186       808       823      1173      1187       809
      3316       115         2         1         7         8
       823      1173      1187       809       824      1174      1188       810
      3317       115         2         1         7         8
       824      1174      1188       810       825      1175      1189       811
      3318       115         2         1         7         8
       825      1175      1189       811       826      1176      1190       812
      3319       115         2         1         7         8
       826      1176      1190       812       827      1177      1191       813
      3320       115         2         1         7         8
       827      1177      1191       813       828      1178      1192       814
      3321       115         2         1         7         8
       828      1178      1192       814       829      1179      1193       815
      3322       115         2         1         7         8
       829      1179      1193       815       830      1180      1194       816
      3323       115         2         1         7         8
       830      1180      1194       816       831      1181      1195       817
      3324       115         2         1         7         8
       831      1181      1195       817       832      1182      1196       818
      3325       115         2         1         7         8
       832      1182      1196       818        78        92        91        77
      3326       115         2         1         7         8
       146       160        12        11       805      1183       175       161
      3327       115         2         1         7         8
       805      1183       175       161       806      1184       176       162
      3328       115         2         1         7         8
       806      1184       176       162       807      1185       177       163
      3329       115         2         1         7         8
       807      1185       177       163       808      1186       178       164
      3330       115         2         1         7         8
       808      1186       178       164       809      1187       179       165
      3331       115         2         1         7         8
       809      1187       179       165       810      1188       180       166
      3332       115         2         1         7         8
       810      1188       180       166       811      1189       181       167
      3333       115         2         1         7         8
       811      1189       181       167       812      1190       182       168
      3334       115         2         1         7         8
       812      1190       182       168       813      1191       183       169
      3335       115         2         1         7         8
       813      1191       183       169       814      1192       184       170
      3336       115         2         1         7         8
       814      1192       184       170       815      1193       185       171
      3337       115         2         1         7         8
       815      1193       185       171       816      1194       186       172
      3338       115         2         1         7         8
       816      1194       186       172       817      1195       187       173
      3339       115         2         1         7         8
       817      1195       187       173       818      1196       188       174
      3340       115         2         1         7         8
       818      1196       188       174        77        91         8         7
      3341       115         2         1         7         8
         1         2       231       217        62        76      1393      1379
      3342       115         2         1         7         8
        62        76      1393      1379        61        75      1394      1380
      3343       115         2         1         7         8
        61        75      1394      1380        60        74      1395      1381
      3344       115         2         1         7         8
        60        74      1395      1381        59        73      1396      1382
      3345       115         2         1         7         8
        59        73      1396      1382        58        72      1397      1383
      3346       115         2         1         7         8
        58        72      1397      1383        57        71      1398      1384
      3347       115         2         1         7         8
        57        71      1398      1384        56        70      1399      1385
      3348       115         2         1         7         8
        56        70      1399      1385        55        69      1400      1386
      3349       115         2         1         7         8
        55        69      1400      1386        54        68      1401      1387
      3350       115         2         1         7         8
        54        68      1401      1387        53        67      1402      1388
      3351       115         2         1         7         8
        53        67      1402      1388        52        66      1403      1389
      3352       115         2         1         7         8
        52        66      1403      1389        51        65      1404      1390
      3353       115         2         1         7         8
        51        65      1404      1390        50        64      1405      1391
      3354       115         2         1         7         8
        50        64      1405      1391        49        63      1406      1392
      3355       115         2         1         7         8
        49        63      1406      1392         5         6       203       189
      3356       115         2         1         7         8
       217       231       232       218      1379      1393      1407      1365
      3357       115         2         1         7         8
      1379      1393      1407      1365      1380      1394      1408      1366
      3358       115         2         1         7         8
      1380      1394      1408      1366      1381      1395      1409      1367
      3359       115         2         1         7         8
      1381      1395      1409      1367      1382      1396      1410      1368
      3360       115         2         1         7         8
      1382      1396      1410      1368      1383      1397      1411      1369
      3361       115         2         1         7         8
      1383      1397      1411      1369      1384      1398      1412      1370
      3362       115         2         1         7         8
      1384      1398      1412      1370      1385      1399      1413      1371
      3363       115         2         1         7         8
      1385      1399      1413      1371      1386      1400      1414      1372
      3364       115         2         1         7         8
      1386      1400      1414      1372      1387      1401      1415      1373
      3365       115         2         1         7         8
      1387      1401      1415      1373      1388      1402      1416      1374
      3366       115         2         1         7         8
      1388      1402      1416      1374      1389      1403      1417      1375
      3367       115         2         1         7         8
      1389      1403      1417      1375      1390      1404      1418      1376
      3368       115         2         1         7         8
      1390      1404      1418      1376      1391      1405      1419      1377
      3369       115         2         1         7         8
      1391      1405      1419      1377      1392      1406      1420      1378
      3370       115         2         1         7         8
      1392      1406      1420      1378       189       203       204       190
      3371       115         2         1         7         8
       218       232       233       219      1365      1407      1421      1351
      3372       115         2         1         7         8
      1365      1407      1421      1351      1366      1408      1422      1352
      3373       115         2         1         7         8
      1366      1408      1422      1352      1367      1409      1423      1353
      3374       115         2         1         7         8
      1367      1409      1423      1353      1368      1410      1424      1354
      3375       115         2         1         7         8
      1368      1410      1424      1354      1369      1411      1425      1355
      3376       115         2         1         7         8
      1369      1411      1425      1355      1370      1412      1426      1356
      3377       115         2         1         7         8
      1370      1412      1426      1356      1371      1413      1427      1357
      3378       115         2         1         7         8
      1371      1413      1427      1357      1372      1414      1428      1358
      3379       115         2         1         7         8
      1372      1414      1428      1358      1373      1415      1429      1359
      3380       115         2         1         7         8
      1373      1415      1429      1359      1374      1416      1430      1360
      3381       115         2         1         7         8
      1374      1416      1430      1360      1375      1417      1431      1361
      3382       115         2         1         7         8
      1375      1417      1431      1361      1376      1418      1432      1362
      3383       115         2         1         7         8
      1376      1418      1432      1362      1377      1419      1433      1363
      3384       115         2         1         7         8
      1377      1419      1433      1363      1378      1420      1434      1364
      3385       115         2         1         7         8
      1378      1420      1434      1364       190       204       205       191
      3386       115         2         1         7         8
       219       233       234       220      1351      1421      1435      1337
      3387       115         2         1         7         8
      1351      1421      1435      1337      1352      1422      1436      1338
      3388       115         2         1         7         8
      1352      1422      1436      1338      1353      1423      1437      1339
      3389       115         2         1         7         8
      1353      1423      1437      1339      1354      1424      1438      1340
      3390       115         2         1         7         8
      1354      1424      1438      1340      1355      1425      1439      1341
      3391       115         2         1         7         8
      1355      1425      1439      1341      1356      1426      1440      1342
      3392       115         2         1         7         8
      1356      1426      1440      1342      1357      1427      1441      1343
      3393       115         2         1         7         8
      1357      1427      1441      1343      1358      1428      1442      1344
      3394       115         2         1         7         8
      1358      1428      1442      1344      1359      1429      1443      1345
      3395       115         2         1         7         8
      1359      1429      1443      1345      1360      1430      1444      1346
      3396       115         2         1         7         8
      1360      1430      1444      1346      1361      1431      1445      1347
      3397       115         2         1         7         8
      1361      1431      1445      1347      1362      1432      1446      1348
      3398       115         2         1         7         8
      1362      1432      1446      1348      1363      1433      1447      1349
      3399       115         2         1         7         8
      1363      1433      1447      1349      1364      1434      1448      1350
      3400       115         2         1         7         8
      1364      1434      1448      1350       191       205       206       192
      3401       115         2         1         7         8
       220       234       235       221      1337      1435      1449      1323
      3402       115         2         1         7         8
      1337      1435      1449      1323      1338      1436      1450      1324
      3403       115         2         1         7         8
      1338      1436      1450      1324      1339      1437      1451      1325
      3404       115         2         1         7         8
      1339      1437      1451      1325      1340      1438      1452      1326
      3405       115         2         1         7         8
      1340      1438      1452      1326      1341      1439      1453      1327
      3406       115         2         1         7         8
      1341      1439      1453      1327      1342      1440      1454      1328
      3407       115         2         1         7         8
      1342      1440      1454      1328      1343      1441      1455      1329
      3408       115         2         1         7         8
      1343      1441      1455      1329      1344      1442      1456      1330
      3409       115         2         1         7         8
      1344      1442      1456      1330      1345      1443      1457      1331
      3410       115         2         1         7         8
      1345      1443      1457      1331      1346      1444      1458      1332
      3411       115         2         1         7         8
      1346      1444      1458      1332      1347      1445      1459      1333
      3412       115         2         1         7         8
      1347      1445      1459      1333      1348      1446      1460      1334
      3413       115         2         1         7         8
      1348      1446      1460      1334      1349      1447      1461      1335
      3414       115         2         1         7         8
      1349      1447      1461      1335      1350      1448      1462      1336
      3415       115         2         1         7         8
      1350      1448      1462      1336       192       206       207       193
      3416       115         2         1         7         8
       221       235       236       222      1323      1449      1463      1309
      3417       115         2         1         7         8
      1323      1449      1463      1309      1324      1450      1464      1310
      3418       115         2         1         7         8
      1324      1450      1464      1310      1325      1451      1465      1311
      3419       115         2         1         7         8
      1325      1451      1465      1311      1326      1452      1466      1312
      3420       115         2         1         7         8
      1326      1452      1466      1312      1327      1453      1467      1313
      3421       115         2         1         7         8
      1327      1453      1467      1313      1328      1454      1468      1314
      3422       115         2         1         7         8
      1328      1454      1468      1314      1329      1455      1469      1315
      3423       115         2         1         7         8
      1329      1455      1469      1315      1330      1456      1470      1316
      3424       115         2         1         7         8
      1330      1456      1470      1316      1331      1457      1471      1317
      3425       115         2         1         7         8
      1331      1457      1471      1317      1332      1458      1472      1318
      3426       115         2         1         7         8
      1332      1458      1472      1318      1333      1459      1473      1319
      3427       115         2         1         7         8
      1333      1459      1473      1319      1334      1460      1474      1320
      3428       115         2         1         7         8
      1334      1460      1474      1320      1335      1461      1475      1321
      3429       115         2         1         7         8
      1335      1461      1475      1321      1336      1462      1476      1322
      3430       115         2         1         7         8
      1336      1462      1476      1322       193       207       208       194
      3431       115         2         1         7         8
       222       236       237       223      1309      1463      1477      1295
      3432       115         2         1         7         8
      1309      1463      1477      1295      1310      1464      1478      1296
      3433       115         2         1         7         8
      1310      1464      1478      1296      1311      1465      1479      1297
      3434       115         2         1         7         8
      1311      1465      1479      1297      1312      1466      1480      1298
      3435       115         2         1         7         8
      1312      1466      1480      1298      1313      1467      1481      1299
      3436       115         2         1         7         8
      1313      1467      1481      1299      1314      1468      1482      1300
      3437       115         2         1         7         8
      1314      1468      1482      1300      1315      1469      1483      1301
      3438       115         2         1         7         8
      1315      1469      1483      1301      1316      1470      1484      1302
      3439       115         2         1         7         8
      1316      1470      1484      1302      1317      1471      1485      1303
      3440       115         2         1         7         8
      1317      1471      1485      1303      1318      1472      1486      1304
      3441       115         2         1         7         8
      1318      1472      1486      1304      1319      1473      1487      1305
      3442       115         2         1         7         8
      1319      1473      1487      1305      1320      1474      1488      1306
      3443       115         2         1         7         8
      1320      1474      1488      1306      1321      1475      1489      1307
      3444       115         2         1         7         8
      1321      1475      1489      1307      1322      1476      1490      1308
      3445       115         2         1         7         8
      1322      1476      1490      1308       194       208       209       195
      3446       115         2         1         7         8
       223       237       238       224      1295      1477      1491      1281
      3447       115         2         1         7         8
      1295      1477      1491      1281      1296      1478      1492      1282
      3448       115         2         1         7         8
      1296      1478      1492      1282      1297      1479      1493      1283
      3449       115         2         1         7         8
      1297      1479      1493      1283      1298      1480      1494      1284
      3450       115         2         1         7         8
      1298      1480      1494      1284      1299      1481      1495      1285
      3451       115         2         1         7         8
      1299      1481      1495      1285      1300      1482      1496      1286
      3452       115         2         1         7         8
      1300      1482      1496      1286      1301      1483      1497      1287
      3453       115         2         1         7         8
      1301      1483      1497      1287      1302      1484      1498      1288
      3454       115         2         1         7         8
      1302      1484      1498      1288      1303      1485      1499      1289
      3455       115         2         1         7         8
      1303      1485      1499      1289      1304      1486      1500      1290
      3456       115         2         1         7         8
      1304      1486      1500      1290      1305      1487      1501      1291
      3457       115         2         1         7         8
      1305      1487      1501      1291      1306      1488      1502      1292
      3458       115         2         1         7         8
      1306      1488      1502      1292      1307      1489      1503      1293
      3459       115         2         1         7         8
      1307      1489      1503      1293      1308      1490      1504      1294
      3460       115         2         1         7         8
      1308      1490      1504      1294       195       209       210       196
      3461       115         2         1         7         8
       224       238       239       225      1281      1491      1505      1267
      3462       115         2         1         7         8
      1281      1491      1505      1267      1282      1492      1506      1268
      3463       115         2         1         7         8
      1282      1492      1506      1268      1283      1493      1507      1269
      3464       115         2         1         7         8
      1283      1493      1507      1269      1284      1494      1508      1270
      3465       115         2         1         7         8
      1284      1494      1508      1270      1285      1495      1509      1271
      3466       115         2         1         7         8
      1285      1495      1509      1271      1286      1496      1510      1272
      3467       115         2         1         7         8
      1286      1496      1510      1272      1287      1497      1511      1273
      3468       115         2         1         7         8
      1287      1497      1511      1273      1288      1498      1512      1274
      3469       115         2         1         7         8
      1288      1498      1512      1274      1289      1499      1513      1275
      3470       115         2         1         7         8
      1289      1499      1513      1275      1290      1500      1514      1276
      3471       115         2         1         7         8
      1290      1500      1514      1276      1291      1501      1515      1277
      3472       115         2         1         7         8
      1291      1501      1515      1277      1292      1502      1516      1278
      3473       115         2         1         7         8
      1292      1502      1516      1278      1293      1503      1517      1279
      3474       115         2         1         7         8
      1293      1503      1517      1279      1294      1504      1518      1280
      3475       115         2         1         7         8
      1294      1504      1518      1280       196       210       211       197
      3476       115         2         1         7         8
       225       239       240       226      1267      1505      1519      1253
      3477       115         2         1         7         8
      1267      1505      1519      1253      1268      1506      1520      1254
      3478       115         2         1         7         8
      1268      1506      1520      1254      1269      1507      1521      1255
      3479       115         2         1         7         8
      1269      1507      1521      1255      1270      1508      1522      1256
      3480       115         2         1         7         8
      1270      1508      1522      1256      1271      1509      1523      1257
      3481       115         2         1         7         8
      1271      1509      1523      1257      1272      1510      1524      1258
      3482       115         2         1         7         8
      1272      1510      1524      1258      1273      1511      1525      1259
      3483       115         2         1         7         8
      1273      1511      1525      1259      1274      1512      1526      1260
      3484       115         2         1         7         8
      1274      1512      1526      1260      1275      1513      1527      1261
      3485       115         2         1         7         8
      1275      1513      1527      1261      1276      1514      1528      1262
      3486       115         2         1         7         8
      1276      1514      1528      1262      1277      1515      1529      1263
      3487       115         2         1         7         8
      1277      1515      1529      1263      1278      1516      1530      1264
      3488       115         2         1         7         8
      1278      1516      1530      1264      1279      1517      1531      1265
      3489       115         2         1         7         8
      1279      1517      1531      1265      1280      1518      1532      1266
      3490       115         2         1         7         8
      1280      1518      1532      1266       197       211       212       198
      3491       115         2         1         7         8
       226       240       241       227      1253      1519      1533      1239
      3492       115         2         1         7         8
      1253      1519      1533      1239      1254      1520      1534      1240
      3493       115         2         1         7         8
      1254      1520      1534      1240      1255      1521      1535      1241
      3494       115         2         1         7         8
      1255      1521      1535      1241      1256      1522      1536      1242
      3495       115         2         1         7         8
      1256      1522      1536      1242      1257      1523      1537      1243
      3496       115         2         1         7         8
      1257      1523      1537      1243      1258      1524      1538      1244
      3497       115         2         1         7         8
      1258      1524      1538      1244      1259      1525      1539      1245
      3498       115         2         1         7         8
      1259      1525      1539      1245      1260      1526      1540      1246
      3499       115         2         1         7         8
      1260      1526      1540      1246      1261      1527      1541      1247
      3500       115         2         1         7         8
      1261      1527      1541      1247      1262      1528      1542      1248
      3501       115         2         1         7         8
      1262      1528      1542      1248      1263      1529      1543      1249
      3502       115         2         1         7         8
      1263      1529      1543      1249      1264      1530      1544      1250
      3503       115         2         1         7         8
      1264      1530      1544      1250      1265      1531      1545      1251
      3504       115         2         1         7         8
      1265      1531      1545      1251      1266      1532      1546      1252
      3505       115         2         1         7         8
      1266      1532      1546      1252       198       212       213       199
      3506       115         2         1         7         8
       227       241       242       228      1239      1533      1547      1225
      3507       115         2         1         7         8
      1239      1533      1547      1225      1240      1534      1548      1226
      3508       115         2         1         7         8
      1240      1534      1548      1226      1241      1535      1549      1227
      3509       115         2         1         7         8
      1241      1535      1549      1227      1242      1536      1550      1228
      3510       115         2         1         7         8
      1242      1536      1550      1228      1243      1537      1551      1229
      3511       115         2         1         7         8
      1243      1537      1551      1229      1244      1538      1552      1230
      3512       115         2         1         7         8
      1244      1538      1552      1230      1245      1539      1553      1231
      3513       115         2         1         7         8
      1245      1539      1553      1231      1246      1540      1554      1232
      3514       115         2         1         7         8
      1246      1540      1554      1232      1247      1541      1555      1233
      3515       115         2         1         7         8
      1247      1541      1555      1233      1248      1542      1556      1234
      3516       115         2         1         7         8
      1248      1542      1556      1234      1249      1543      1557      1235
      3517       115         2         1         7         8
      1249      1543      1557      1235      1250      1544      1558      1236
      3518       115         2         1         7         8
      1250      1544      1558      1236      1251      1545      1559      1237
      3519       115         2         1         7         8
      1251      1545      1559      1237      1252      1546      1560      1238
      3520       115         2         1         7         8
      1252      1546      1560      1238       199       213       214       200
      3521       115         2         1         7         8
       228       242       243       229      1225      1547      1561      1211
      3522       115         2         1         7         8
      1225      1547      1561      1211      1226      1548      1562      1212
      3523       115         2         1         7         8
      1226      1548      1562      1212      1227      1549      1563      1213
      3524       115         2         1         7         8
      1227      1549      1563      1213      1228      1550      1564      1214
      3525       115         2         1         7         8
      1228      1550      1564      1214      1229      1551      1565      1215
      3526       115         2         1         7         8
      1229      1551      1565      1215      1230      1552      1566      1216
      3527       115         2         1         7         8
      1230      1552      1566      1216      1231      1553      1567      1217
      3528       115         2         1         7         8
      1231      1553      1567      1217      1232      1554      1568      1218
      3529       115         2         1         7         8
      1232      1554      1568      1218      1233      1555      1569      1219
      3530       115         2         1         7         8
      1233      1555      1569      1219      1234      1556      1570      1220
      3531       115         2         1         7         8
      1234      1556      1570      1220      1235      1557      1571      1221
      3532       115         2         1         7         8
      1235      1557      1571      1221      1236      1558      1572      1222
      3533       115         2         1         7         8
      1236      1558      1572      1222      1237      1559      1573      1223
      3534       115         2         1         7         8
      1237      1559      1573      1223      1238      1560      1574      1224
      3535       115         2         1         7         8
      1238      1560      1574      1224       200       214       215       201
      3536       115         2         1         7         8
       229       243       244       230      1211      1561      1575      1197
      3537       115         2         1         7         8
      1211      1561      1575      1197      1212      1562      1576      1198
      3538       115         2         1         7         8
      1212      1562      1576      1198      1213      1563      1577      1199
      3539       115         2         1         7         8
      1213      1563      1577      1199      1214      1564      1578      1200
      3540       115         2         1         7         8
      1214      1564      1578      1200      1215      1565      1579      1201
      3541       115         2         1         7         8
      1215      1565      1579      1201      1216      1566      1580      1202
      3542       115         2         1         7         8
      1216      1566      1580      1202      1217      1567      1581      1203
      3543       115         2         1         7         8
      1217      1567      1581      1203      1218      1568      1582      1204
      3544       115         2         1         7         8
      1218      1568      1582      1204      1219      1569      1583      1205
      3545       115         2         1         7         8
      1219      1569      1583      1205      1220      1570      1584      1206
      3546       115         2         1         7         8
      1220      1570      1584      1206      1221      1571      1585      1207
      3547       115         2         1         7         8
      1221      1571      1585      1207      1222      1572      1586      1208
      3548       115         2         1         7         8
      1222      1572      1586      1208      1223      1573      1587      1209
      3549       115         2         1         7         8
      1223      1573      1587      1209      1224      1574      1588      1210
      3550       115         2         1         7         8
      1224      1574      1588      1210       201       215       216       202
      3551       115         2         1         7         8
       230       244        14        13      1197      1575       259       245
      3552       115         2         1         7         8
      1197      1575       259       245      1198      1576       260       246
      3553       115         2         1         7         8
      1198      1576       260       246      1199      1577       261       247
      3554       115         2         1         7         8
      1199      1577       261       247      1200      1578       262       248
      3555       115         2         1         7         8
      1200      1578       262       248      1201      1579       263       249
      3556       115         2         1         7         8
      1201      1579       263       249      1202      1580       264       250
      3557       115         2         1         7         8
      1202      1580       264       250      1203      1581       265       251
      3558       115         2         1         7         8
      1203      1581       265       251      1204      1582       266       252
      3559       115         2         1         7         8
      1204      1582       266       252      1205      1583       267       253
      3560       115         2         1         7         8
      1205      1583       267       253      1206      1584       268       254
      3561       115         2         1         7         8
      1206      1584       268       254      1207      1585       269       255
      3562       115         2         1         7         8
      1207      1585       269       255      1208      1586       270       256
      3563       115         2         1         7         8
      1208      1586       270       256      1209      1587       271       257
      3564       115         2         1         7         8
      1209      1587       271       257      1210      1588       272       258
      3565       115         2         1         7         8
      1210      1588       272       258       202       216        10         9
      3566       115         2         1         7         8
         7         8       287       273       118       132      1785      1771
      3567       115         2         1         7         8
       118       132      1785      1771       117       131      1786      1772
      3568       115         2         1         7         8
       117       131      1786      1772       116       130      1787      1773
      3569       115         2         1         7         8
       116       130      1787      1773       115       129      1788      1774
      3570       115         2         1         7         8
       115       129      1788      1774       114       128      1789      1775
      3571       115         2         1         7         8
       114       128      1789      1775       113       127      1790      1776
      3572       115         2         1         7         8
       113       127      1790      1776       112       126      1791      1777
      3573       115         2         1         7         8
       112       126      1791      1777       111       125      1792      1778
      3574       115         2         1         7         8
       111       125      1792      1778       110       124      1793      1779
      3575       115         2         1         7         8
       110       124      1793      1779       109       123      1794      1780
      3576       115         2         1         7         8
       109       123      1794      1780       108       122      1795      1781
      3577       115         2         1         7         8
       108       122      1795      1781       107       121      1796      1782
      3578       115         2         1         7         8
       107       121      1796      1782       106       120      1797      1783
      3579       115         2         1         7         8
       106       120      1797      1783       105       119      1798      1784
      3580       115         2         1         7         8
       105       119      1798      1784         3         4       356       342
      3581       115         2         1         7         8
       273       287       288       274      1771      1785      1799      1757
      3582       115         2         1         7         8
      1771      1785      1799      1757      1772      1786      1800      1758
      3583       115         2         1         7         8
      1772      1786      1800      1758      1773      1787      1801      1759
      3584       115         2         1         7         8
      1773      1787      1801      1759      1774      1788      1802      1760
      3585       115         2         1         7         8
      1774      1788      1802      1760      1775      1789      1803      1761
      3586       115         2         1         7         8
      1775      1789      1803      1761      1776      1790      1804      1762
      3587       115         2         1         7         8
      1776      1790      1804      1762      1777      1791      1805      1763
      3588       115         2         1         7         8
      1777      1791      1805      1763      1778      1792      1806      1764
      3589       115         2         1         7         8
      1778      1792      1806      1764      1779      1793      1807      1765
      3590       115         2         1         7         8
      1779      1793      1807      1765      1780      1794      1808      1766
      3591       115         2         1         7         8
      1780      1794      1808      1766      1781      1795      1809      1767
      3592       115         2         1         7         8
      1781      1795      1809      1767      1782      1796      1810      1768
      3593       115         2         1         7         8
      1782      1796      1810      1768      1783      1797      1811      1769
      3594       115         2         1         7         8
      1783      1797      1811      1769      1784      1798      1812      1770
      3595       115         2         1         7         8
      1784      1798      1812      1770       342       356       355       341
      3596       115         2         1         7         8
       274       288       289       275      1757      1799      1813      1743
      3597       115         2         1         7         8
      1757      1799      1813      1743      1758      1800      1814      1744
      3598       115         2         1         7         8
      1758      1800      1814      1744      1759      1801      1815      1745
      3599       115         2         1         7         8
      1759      1801      1815      1745      1760      1802      1816      1746
      3600       115         2         1         7         8
      1760      1802      1816      1746      1761      1803      1817      1747
      3601       115         2         1         7         8
      1761      1803      1817      1747      1762      1804      1818      1748
      3602       115         2         1         7         8
      1762      1804      1818      1748      1763      1805      1819      1749
      3603       115         2         1         7         8
      1763      1805      1819      1749      1764      1806      1820      1750
      3604       115         2         1         7         8
      1764      1806      1820      1750      1765      1807      1821      1751
      3605       115         2         1         7         8
      1765      1807      1821      1751      1766      1808      1822      1752
      3606       115         2         1         7         8
      1766      1808      1822      1752      1767      1809      1823      1753
      3607       115         2         1         7         8
      1767      1809      1823      1753      1768      1810      1824      1754
      3608       115         2         1         7         8
      1768      1810      1824      1754      1769      1811      1825      1755
      3609       115         2         1         7         8
      1769      1811      1825      1755      1770      1812      1826      1756
      3610       115         2         1         7         8
      1770      1812      1826      1756       341       355       354       340
      3611       115         2         1         7         8
       275       289       290       276      1743      1813      1827      1729
      3612       115         2         1         7         8
      1743      1813      1827      1729      1744      1814      1828      1730
      3613       115         2         1         7         8
      1744      1814      1828      1730      1745      1815      1829      1731
      3614       115         2         1         7         8
      1745      1815      1829      1731      1746      1816      1830      1732
      3615       115         2         1         7         8
      1746      1816      1830      1732      1747      1817      1831      1733
      3616       115         2         1         7         8
      1747      1817      1831      1733      1748      1818      1832      1734
      3617       115         2         1         7         8
      1748      1818      1832      1734      1749      1819      1833      1735
      3618       115         2         1         7         8
      1749      1819      1833      1735      1750      1820      1834      1736
      3619       115         2         1         7         8
      1750      1820      1834      1736      1751      1821      1835      1737
      3620       115         2         1         7         8
      1751      1821      1835      1737      1752      1822      1836      1738
      3621       115         2         1         7         8
      1752      1822      1836      1738      1753      1823      1837      1739
      3622       115         2         1         7         8
      1753      1823      1837      1739      1754      1824      1838      1740
      3623       115         2         1         7         8
      1754      1824      1838      1740      1755      1825      1839      1741
      3624       115         2         1         7         8
      1755      1825      1839      1741      1756      1826      1840      1742
      3625       115         2         1         7         8
      1756      1826      1840      1742       340       354       353       339
      3626       115         2         1         7         8
       276       290       291       277      1729      1827      1841      1715
      3627       115         2         1         7         8
      1729      1827      1841      1715      1730      1828      1842      1716
      3628       115         2         1         7         8
      1730      1828      1842      1716      1731      1829      1843      1717
      3629       115         2         1         7         8
      1731      1829      1843      1717      1732      1830      1844      1718
      3630       115         2         1         7         8
      1732      1830      1844      1718      1733      1831      1845      1719
      3631       115         2         1         7         8
      1733      1831      1845      1719      1734      1832      1846      1720
      3632       115         2         1         7         8
      1734      1832      1846      1720      1735      1833      1847      1721
      3633       115         2         1         7         8
      1735      1833      1847      1721      1736      1834      1848      1722
      3634       115         2         1         7         8
      1736      1834      1848      1722      1737      1835      1849      1723
      3635       115         2         1         7         8
      1737      1835      1849      1723      1738      1836      1850      1724
      3636       115         2         1         7         8
      1738      1836      1850      1724      1739      1837      1851      1725
      3637       115         2         1         7         8
      1739      1837      1851      1725      1740      1838      1852      1726
      3638       115         2         1         7         8
      1740      1838      1852      1726      1741      1839      1853      1727
      3639       115         2         1         7         8
      1741      1839      1853      1727      1742      1840      1854      1728
      3640       115         2         1         7         8
      1742      1840      1854      1728       339       353       352       338
      3641       115         2         1         7         8
       277       291       292       278      1715      1841      1855      1701
      3642       115         2         1         7         8
      1715      1841      1855      1701      1716      1842      1856      1702
      3643       115         2         1         7         8
      1716      1842      1856      1702      1717      1843      1857      1703
      3644       115         2         1         7         8
      1717      1843      1857      1703      1718      1844      1858      1704
      3645       115         2         1         7         8
      1718      1844      1858      1704      1719      1845      1859      1705
      3646       115         2         1         7         8
      1719      1845      1859      1705      1720      1846      1860      1706
      3647       115         2         1         7         8
      1720      1846      1860      1706      1721      1847      1861      1707
      3648       115         2         1         7         8
      1721      1847      1861      1707      1722      1848      1862      1708
      3649       115         2         1         7         8
      1722      1848      1862      1708      1723      1849      1863      1709
      3650       115         2         1         7         8
      1723      1849      1863      1709      1724      1850      1864      1710
      3651       115         2         1         7         8
      1724      1850      1864      1710      1725      1851      1865      1711
      3652       115         2         1         7         8
      1725      1851      1865      1711      1726      1852      1866      1712
      3653       115         2         1         7         8
      1726      1852      1866      1712      1727      1853      1867      1713
      3654       115         2         1         7         8
      1727      1853      1867      1713      1728      1854      1868      1714
      3655       115         2         1         7         8
      1728      1854      1868      1714       338       352       351       337
      3656       115         2         1         7         8
       278       292       293       279      1701      1855      1869      1687
      3657       115         2         1         7         8
      1701      1855      1869      1687      1702      1856      1870      1688
      3658       115         2         1         7         8
      1702      1856      1870      1688      1703      1857      1871      1689
      3659       115         2         1         7         8
      1703      1857      1871      1689      1704      1858      1872      1690
      3660       115         2         1         7         8
      1704      1858      1872      1690      1705      1859      1873      1691
      3661       115         2         1         7         8
      1705      1859      1873      1691      1706      1860      1874      1692
      3662       115         2         1         7         8
      1706      1860      1874      1692      1707      1861      1875      1693
      3663       115         2         1         7         8
      1707      1861      1875      1693      1708      1862      1876      1694
      3664       115         2         1         7         8
      1708      1862      1876      1694      1709      1863      1877      1695
      3665       115         2         1         7         8
      1709      1863      1877      1695      1710      1864      1878      1696
      3666       115         2         1         7         8
      1710      1864      1878      1696      1711      1865      1879      1697
      3667       115         2         1         7         8
      1711      1865      1879      1697      1712      1866      1880      1698
      3668       115         2         1         7         8
      1712      1866      1880      1698      1713      1867      1881      1699
      3669       115         2         1         7         8
      1713      1867      1881      1699      1714      1868      1882      1700
      3670       115         2         1         7         8
      1714      1868      1882      1700       337       351       350       336
      3671       115         2         1         7         8
       279       293       294       280      1687      1869      1883      1673
      3672       115         2         1         7         8
      1687      1869      1883      1673      1688      1870      1884      1674
      3673       115         2         1         7         8
      1688      1870      1884      1674      1689      1871      1885      1675
      3674       115         2         1         7         8
      1689      1871      1885      1675      1690      1872      1886      1676
      3675       115         2         1         7         8
      1690      1872      1886      1676      1691      1873      1887      1677
      3676       115         2         1         7         8
      1691      1873      1887      1677      1692      1874      1888      1678
      3677       115         2         1         7         8
      1692      1874      1888      1678      1693      1875      1889      1679
      3678       115         2         1         7         8
      1693      1875      1889      1679      1694      1876      1890      1680
      3679       115         2         1         7         8
      1694      1876      1890      1680      1695      1877      1891      1681
      3680       115         2         1         7         8
      1695      1877      1891      1681      1696      1878      1892      1682
      3681       115         2         1         7         8
      1696      1878      1892      1682      1697      1879      1893      1683
      3682       115         2         1         7         8
      1697      1879      1893      1683      1698      1880      1894      1684
      3683       115         2         1         7         8
      1698      1880      1894      1684      1699      1881      1895      1685
      3684       115         2         1         7         8
      1699      1881      1895      1685      1700      1882      1896      1686
      3685       115         2         1         7         8
      1700      1882      1896      1686       336       350       349       335
      3686       115         2         1         7         8
       280       294       295       281      1673      1883      1897      1659
      3687       115         2         1         7         8
      1673      1883      1897      1659      1674      1884      1898      1660
      3688       115         2         1         7         8
      1674      1884      1898      1660      1675      1885      1899      1661
      3689       115         2         1         7         8
      1675      1885      1899      1661      1676      1886      1900      1662
      3690       115         2         1         7         8
      1676      1886      1900      1662      1677      1887      1901      1663
      3691       115         2         1         7         8
      1677      1887      1901      1663      1678      1888      1902      1664
      3692       115         2         1         7         8
      1678      1888      1902      1664      1679      1889      1903      1665
      3693       115         2         1         7         8
      1679      1889      1903      1665      1680      1890      1904      1666
      3694       115         2         1         7         8
      1680      1890      1904      1666      1681      1891      1905      1667
      3695       115         2         1         7         8
      1681      1891      1905      1667      1682      1892      1906      1668
      3696       115         2         1         7         8
      1682      1892      1906      1668      1683      1893      1907      1669
      3697       115         2         1         7         8
      1683      1893      1907      1669      1684      1894      1908      1670
      3698       115         2         1         7         8
      1684      1894      1908      1670      1685      1895      1909      1671
      3699       115         2         1         7         8
      1685      1895      1909      1671      1686      1896      1910      1672
      3700       115         2         1         7         8
      1686      1896      1910      1672       335       349       348       334
      3701       115         2         1         7         8
       281       295       296       282      1659      1897      1911      1645
      3702       115         2         1         7         8
      1659      1897      1911      1645      1660      1898      1912      1646
      3703       115         2         1         7         8
      1660      1898      1912      1646      1661      1899      1913      1647
      3704       115         2         1         7         8
      1661      1899      1913      1647      1662      1900      1914      1648
      3705       115         2         1         7         8
      1662      1900      1914      1648      1663      1901      1915      1649
      3706       115         2         1         7         8
      1663      1901      1915      1649      1664      1902      1916      1650
      3707       115         2         1         7         8
      1664      1902      1916      1650      1665      1903      1917      1651
      3708       115         2         1         7         8
      1665      1903      1917      1651      1666      1904      1918      1652
      3709       115         2         1         7         8
      1666      1904      1918      1652      1667      1905      1919      1653
      3710       115         2         1         7         8
      1667      1905      1919      1653      1668      1906      1920      1654
      3711       115         2         1         7         8
      1668      1906      1920      1654      1669      1907      1921      1655
      3712       115         2         1         7         8
      1669      1907      1921      1655      1670      1908      1922      1656
      3713       115         2         1         7         8
      1670      1908      1922      1656      1671      1909      1923      1657
      3714       115         2         1         7         8
      1671      1909      1923      1657      1672      1910      1924      1658
      3715       115         2         1         7         8
      1672      1910      1924      1658       334       348       347       333
      3716       115         2         1         7         8
       282       296       297       283      1645      1911      1925      1631
      3717       115         2         1         7         8
      1645      1911      1925      1631      1646      1912      1926      1632
      3718       115         2         1         7         8
      1646      1912      1926      1632      1647      1913      1927      1633
      3719       115         2         1         7         8
      1647      1913      1927      1633      1648      1914      1928      1634
      3720       115         2         1         7         8
      1648      1914      1928      1634      1649      1915      1929      1635
      3721       115         2         1         7         8
      1649      1915      1929      1635      1650      1916      1930      1636
      3722       115         2         1         7         8
      1650      1916      1930      1636      1651      1917      1931      1637
      3723       115         2         1         7         8
      1651      1917      1931      1637      1652      1918      1932      1638
      3724       115         2         1         7         8
      1652      1918      1932      1638      1653      1919      1933      1639
      3725       115         2         1         7         8
      1653      1919      1933      1639      1654      1920      1934      1640
      3726       115         2         1         7         8
      1654      1920      1934      1640      1655      1921      1935      1641
      3727       115         2         1         7         8
      1655      1921      1935      1641      1656      1922      1936      1642
      3728       115         2         1         7         8
      1656      1922      1936      1642      1657      1923      1937      1643
      3729       115         2         1         7         8
      1657      1923      1937      1643      1658      1924      1938      1644
      3730       115         2         1         7         8
      1658      1924      1938      1644       333       347       346       332
      3731       115         2         1         7         8
       283       297       298       284      1631      1925      1939      1617
      3732       115         2         1         7         8
      1631      1925      1939      1617      1632      1926      1940      1618
      3733       115         2         1         7         8
      1632      1926      1940      1618      1633      1927      1941      1619
      3734       115         2         1         7         8
      1633      1927      1941      1619      1634      1928      1942      1620
      3735       115         2         1         7         8
      1634      1928      1942      1620      1635      1929      1943      1621
      3736       115         2         1         7         8
      1635      1929      1943      1621      1636      1930      1944      1622
      3737       115         2         1         7         8
      1636      1930      1944      1622      1637      1931      1945      1623
      3738       115         2         1         7         8
      1637      1931      1945      1623      1638      1932      1946      1624
      3739       115         2         1         7         8
      1638      1932      1946      1624      1639      1933      1947      1625
      3740       115         2         1         7         8
      1639      1933      1947      1625      1640      1934      1948      1626
      3741       115         2         1         7         8
      1640      1934      1948      1626      1641      1935      1949      1627
      3742       115         2         1         7         8
      1641      1935      1949      1627      1642      1936      1950      1628
      3743       115         2         1         7         8
      1642      1936      1950      1628      1643      1937      1951      1629
      3744       115         2         1         7         8
      1643      1937      1951      1629      1644      1938      1952      1630
      3745       115         2         1         7         8
      1644      1938      1952      1630       332       346       345       331
      3746       115         2         1         7         8
       284       298       299       285      1617      1939      1953      1603
      3747       115         2         1         7         8
      1617      1939      1953      1603      1618      1940      1954      1604
      3748       115         2         1         7         8
      1618      1940      1954      1604      1619      1941      1955      1605
      3749       115         2         1         7         8
      1619      1941      1955      1605      1620      1942      1956      1606
      3750       115         2         1         7         8
      1620      1942      1956      1606      1621      1943      1957      1607
      3751       115         2         1         7         8
      1621      1943      1957      1607      1622      1944      1958      1608
      3752       115         2         1         7         8
      1622      1944      1958      1608      1623      1945      1959      1609
      3753       115         2         1         7         8
      1623      1945      1959      1609      1624      1946      1960      1610
      3754       115         2         1         7         8
      1624      1946      1960      1610      1625      1947      1961      1611
      3755       115         2         1         7         8
      1625      1947      1961      1611      1626      1948      1962      1612
      3756       115         2         1         7         8
      1626      1948      1962      1612      1627      1949      1963      1613
      3757       115         2         1         7         8
      1627      1949      1963      1613      1628      1950      1964      1614
      3758       115         2         1         7         8
      1628      1950      1964      1614      1629      1951      1965      1615
      3759       115         2         1         7         8
      1629      1951      1965      1615      1630      1952      1966      1616
      3760       115         2         1         7         8
      1630      1952      1966      1616       331       345       344       330
      3761       115         2         1         7         8
       285       299       300       286      1603      1953      1967      1589
      3762       115         2         1         7         8
      1603      1953      1967      1589      1604      1954      1968      1590
      3763       115         2         1         7         8
      1604      1954      1968      1590      1605      1955      1969      1591
      3764       115         2         1         7         8
      1605      1955      1969      1591      1606      1956      1970      1592
      3765       115         2         1         7         8
      1606      1956      1970      1592      1607      1957      1971      1593
      3766       115         2         1         7         8
      1607      1957      1971      1593      1608      1958      1972      1594
      3767       115         2         1         7         8
      1608      1958      1972      1594      1609      1959      1973      1595
      3768       115         2         1         7         8
      1609      1959      1973      1595      1610      1960      1974      1596
      3769       115         2         1         7         8
      1610      1960      1974      1596      1611      1961      1975      1597
      3770       115         2         1         7         8
      1611      1961      1975      1597      1612      1962      1976      1598
      3771       115         2         1         7         8
      1612      1962      1976      1598      1613      1963      1977      1599
      3772       115         2         1         7         8
      1613      1963      1977      1599      1614      1964      1978      1600
      3773       115         2         1         7         8
      1614      1964      1978      1600      1615      1965      1979      1601
      3774       115         2         1         7         8
      1615      1965      1979      1601      1616      1966      1980      1602
      3775       115         2         1         7         8
      1616      1966      1980      1602       330       344       343       329
      3776       115         2         1         7         8
       286       300        16        15      1589      1967       315       301
      3777       115         2         1         7         8
      1589      1967       315       301      1590      1968       316       302
      3778       115         2         1         7         8
      1590      1968       316       302      1591      1969       317       303
      3779       115         2         1         7         8
      1591      1969       317       303      1592      1970       318       304
      3780       115         2         1         7         8
      1592      1970       318       304      1593      1971       319       305
      3781       115         2         1         7         8
      1593      1971       319       305      1594      1972       320       306
      3782       115         2         1         7         8
      1594      1972       320       306      1595      1973       321       307
      3783       115         2         1         7         8
      1595      1973       321       307      1596      1974       322       308
      3784       115         2         1         7         8
      1596      1974       322       308      1597      1975       323       309
      3785       115         2         1         7         8
      1597      1975       323       309      1598      1976       324       310
      3786       115         2         1         7         8
      1598      1976       324       310      1599      1977       325       311
      3787       115         2         1         7         8
      1599      1977       325       311      1600      1978       326       312
      3788       115         2         1         7         8
      1600      1978       326       312      1601      1979       327       313
      3789       115         2         1         7         8
      1601      1979       327       313      1602      1980       328       314
      3790       115         2         1         7         8
      1602      1980       328       314       329       343        18        17
      3791       115         2         1         7         8
        19        20       371       357       398       412      2177      2163
      3792       115         2         1         7         8
       398       412      2177      2163       397       411      2178      2164
      3793       115         2         1         7         8
       397       411      2178      2164       396       410      2179      2165
      3794       115         2         1         7         8
       396       410      2179      2165       395       409      2180      2166
      3795       115         2         1         7         8
       395       409      2180      2166       394       408      2181      2167
      3796       115         2         1         7         8
       394       408      2181      2167       393       407      2182      2168
      3797       115         2         1         7         8
       393       407      2182      2168       392       406      2183      2169
      3798       115         2         1         7         8
       392       406      2183      2169       391       405      2184      2170
      3799       115         2         1         7         8
       391       405      2184      2170       390       404      2185      2171
      3800       115         2         1         7         8
       390       404      2185      2171       389       403      2186      2172
      3801       115         2         1         7         8
       389       403      2186      2172       388       402      2187      2173
      3802       115         2         1         7         8
       388       402      2187      2173       387       401      2188      2174
      3803       115         2         1         7         8
       387       401      2188      2174       386       400      2189      2175
      3804       115         2         1         7         8
       386       400      2189      2175       385       399      2190      2176
      3805       115         2         1         7         8
       385       399      2190      2176        17        18       343       329
      3806       115         2         1         7         8
       357       371       372       358      2163      2177      2191      2149
      3807       115         2         1         7         8
      2163      2177      2191      2149      2164      2178      2192      2150
      3808       115         2         1         7         8
      2164      2178      2192      2150      2165      2179      2193      2151
      3809       115         2         1         7         8
      2165      2179      2193      2151      2166      2180      2194      2152
      3810       115         2         1         7         8
      2166      2180      2194      2152      2167      2181      2195      2153
      3811       115         2         1         7         8
      2167      2181      2195      2153      2168      2182      2196      2154
      3812       115         2         1         7         8
      2168      2182      2196      2154      2169      2183      2197      2155
      3813       115         2         1         7         8
      2169      2183      2197      2155      2170      2184      2198      2156
      3814       115         2         1         7         8
      2170      2184      2198      2156      2171      2185      2199      2157
      3815       115         2         1         7         8
      2171      2185      2199      2157      2172      2186      2200      2158
      3816       115         2         1         7         8
      2172      2186      2200      2158      2173      2187      2201      2159
      3817       115         2         1         7         8
      2173      2187      2201      2159      2174      2188      2202      2160
      3818       115         2         1         7         8
      2174      2188      2202      2160      2175      2189      2203      2161
      3819       115         2         1         7         8
      2175      2189      2203      2161      2176      2190      2204      2162
      3820       115         2         1         7         8
      2176      2190      2204      2162       329       343       344       330
      3821       115         2         1         7         8
       358       372       373       359      2149      2191      2205      2135
      3822       115         2         1         7         8
      2149      2191      2205      2135      2150      2192      2206      2136
      3823       115         2         1         7         8
      2150      2192      2206      2136      2151      2193      2207      2137
      3824       115         2         1         7         8
      2151      2193      2207      2137      2152      2194      2208      2138
      3825       115         2         1         7         8
      2152      2194      2208      2138      2153      2195      2209      2139
      3826       115         2         1         7         8
      2153      2195      2209      2139      2154      2196      2210      2140
      3827       115         2         1         7         8
      2154      2196      2210      2140      2155      2197      2211      2141
      3828       115         2         1         7         8
      2155      2197      2211      2141      2156      2198      2212      2142
      3829       115         2         1         7         8
      2156      2198      2212      2142      2157      2199      2213      2143
      3830       115         2         1         7         8
      2157      2199      2213      2143      2158      2200      2214      2144
      3831       115         2         1         7         8
      2158      2200      2214      2144      2159      2201      2215      2145
      3832       115         2         1         7         8
      2159      2201      2215      2145      2160      2202      2216      2146
      3833       115         2         1         7         8
      2160      2202      2216      2146      2161      2203      2217      2147
      3834       115         2         1         7         8
      2161      2203      2217      2147      2162      2204      2218      2148
      3835       115         2         1         7         8
      2162      2204      2218      2148       330       344       345       331
      3836       115         2         1         7         8
       359       373       374       360      2135      2205      2219      2121
      3837       115         2         1         7         8
      2135      2205      2219      2121      2136      2206      2220      2122
      3838       115         2         1         7         8
      2136      2206      2220      2122      2137      2207      2221      2123
      3839       115         2         1         7         8
      2137      2207      2221      2123      2138      2208      2222      2124
      3840       115         2         1         7         8
      2138      2208      2222      2124      2139      2209      2223      2125
      3841       115         2         1         7         8
      2139      2209      2223      2125      2140      2210      2224      2126
      3842       115         2         1         7         8
      2140      2210      2224      2126      2141      2211      2225      2127
      3843       115         2         1         7         8
      2141      2211      2225      2127      2142      2212      2226      2128
      3844       115         2         1         7         8
      2142      2212      2226      2128      2143      2213      2227      2129
      3845       115         2         1         7         8
      2143      2213      2227      2129      2144      2214      2228      2130
      3846       115         2         1         7         8
      2144      2214      2228      2130      2145      2215      2229      2131
      3847       115         2         1         7         8
      2145      2215      2229      2131      2146      2216      2230      2132
      3848       115         2         1         7         8
      2146      2216      2230      2132      2147      2217      2231      2133
      3849       115         2         1         7         8
      2147      2217      2231      2133      2148      2218      2232      2134
      3850       115         2         1         7         8
      2148      2218      2232      2134       331       345       346       332
      3851       115         2         1         7         8
       360       374       375       361      2121      2219      2233      2107
      3852       115         2         1         7         8
      2121      2219      2233      2107      2122      2220      2234      2108
      3853       115         2         1         7         8
      2122      2220      2234      2108      2123      2221      2235      2109
      3854       115         2         1         7         8
      2123      2221      2235      2109      2124      2222      2236      2110
      3855       115         2         1         7         8
      2124      2222      2236      2110      2125      2223      2237      2111
      3856       115         2         1         7         8
      2125      2223      2237      2111      2126      2224      2238      2112
      3857       115         2         1         7         8
      2126      2224      2238      2112      2127      2225      2239      2113
      3858       115         2         1         7         8
      2127      2225      2239      2113      2128      2226      2240      2114
      3859       115         2         1         7         8
      2128      2226      2240      2114      2129      2227      2241      2115
      3860       115         2         1         7         8
      2129      2227      2241      2115      2130      2228      2242      2116
      3861       115         2         1         7         8
      2130      2228      2242      2116      2131      2229      2243      2117
      3862       115         2         1         7         8
      2131      2229      2243      2117      2132      2230      2244      2118
      3863       115         2         1         7         8
      2132      2230      2244      2118      2133      2231      2245      2119
      3864       115         2         1         7         8
      2133      2231      2245      2119      2134      2232      2246      2120
      3865       115         2         1         7         8
      2134      2232      2246      2120       332       346       347       333
      3866       115         2         1         7         8
       361       375       376       362      2107      2233      2247      2093
      3867       115         2         1         7         8
      2107      2233      2247      2093      2108      2234      2248      2094
      3868       115         2         1         7         8
      2108      2234      2248      2094      2109      2235      2249      2095
      3869       115         2         1         7         8
      2109      2235      2249      2095      2110      2236      2250      2096
      3870       115         2         1         7         8
      2110      2236      2250      2096      2111      2237      2251      2097
      3871       115         2         1         7         8
      2111      2237      2251      2097      2112      2238      2252      2098
      3872       115         2         1         7         8
      2112      2238      2252      2098      2113      2239      2253      2099
      3873       115         2         1         7         8
      2113      2239      2253      2099      2114      2240      2254      2100
      3874       115         2         1         7         8
      2114      2240      2254      2100      2115      2241      2255      2101
      3875       115         2         1         7         8
      2115      2241      2255      2101      2116      2242      2256      2102
      3876       115         2         1         7         8
      2116      2242      2256      2102      2117      2243      2257      2103
      3877       115         2         1         7         8
      2117      2243      2257      2103      2118      2244      2258      2104
      3878       115         2         1         7         8
      2118      2244      2258      2104      2119      2245      2259      2105
      3879       115         2         1         7         8
      2119      2245      2259      2105      2120      2246      2260      2106
      3880       115         2         1         7         8
      2120      2246      2260      2106       333       347       348       334
      3881       115         2         1         7         8
       362       376       377       363      2093      2247      2261      2079
      3882       115         2         1         7         8
      2093      2247      2261      2079      2094      2248      2262      2080
      3883       115         2         1         7         8
      2094      2248      2262      2080      2095      2249      2263      2081
      3884       115         2         1         7         8
      2095      2249      2263      2081      2096      2250      2264      2082
      3885       115         2         1         7         8
      2096      2250      2264      2082      2097      2251      2265      2083
      3886       115         2         1         7         8
      2097      2251      2265      2083      2098      2252      2266      2084
      3887       115         2         1         7         8
      2098      2252      2266      2084      2099      2253      2267      2085
      3888       115         2         1         7         8
      2099      2253      2267      2085      2100      2254      2268      2086
      3889       115         2         1         7         8
      2100      2254      2268      2086      2101      2255      2269      2087
      3890       115         2         1         7         8
      2101      2255      2269      2087      2102      2256      2270      2088
      3891       115         2         1         7         8
      2102      2256      2270      2088      2103      2257      2271      2089
      3892       115         2         1         7         8
      2103      2257      2271      2089      2104      2258      2272      2090
      3893       115         2         1         7         8
      2104      2258      2272      2090      2105      2259      2273      2091
      3894       115         2         1         7         8
      2105      2259      2273      2091      2106      2260      2274      2092
      3895       115         2         1         7         8
      2106      2260      2274      2092       334       348       349       335
      3896       115         2         1         7         8
       363       377       378       364      2079      2261      2275      2065
      3897       115         2         1         7         8
      2079      2261      2275      2065      2080      2262      2276      2066
      3898       115         2         1         7         8
      2080      2262      2276      2066      2081      2263      2277      2067
      3899       115         2         1         7         8
      2081      2263      2277      2067      2082      2264      2278      2068
      3900       115         2         1         7         8
      2082      2264      2278      2068      2083      2265      2279      2069
      3901       115         2         1         7         8
      2083      2265      2279      2069      2084      2266      2280      2070
      3902       115         2         1         7         8
      2084      2266      2280      2070      2085      2267      2281      2071
      3903       115         2         1         7         8
      2085      2267      2281      2071      2086      2268      2282      2072
      3904       115         2         1         7         8
      2086      2268      2282      2072      2087      2269      2283      2073
      3905       115         2         1         7         8
      2087      2269      2283      2073      2088      2270      2284      2074
      3906       115         2         1         7         8
      2088      2270      2284      2074      2089      2271      2285      2075
      3907       115         2         1         7         8
      2089      2271      2285      2075      2090      2272      2286      2076
      3908       115         2         1         7         8
      2090      2272      2286      2076      2091      2273      2287      2077
      3909       115         2         1         7         8
      2091      2273      2287      2077      2092      2274      2288      2078
      3910       115         2         1         7         8
      2092      2274      2288      2078       335       349       350       336
      3911       115         2         1         7         8
       364       378       379       365      2065      2275      2289      2051
      3912       115         2         1         7         8
      2065      2275      2289      2051      2066      2276      2290      2052
      3913       115         2         1         7         8
      2066      2276      2290      2052      2067      2277      2291      2053
      3914       115         2         1         7         8
      2067      2277      2291      2053      2068      2278      2292      2054
      3915       115         2         1         7         8
      2068      2278      2292      2054      2069      2279      2293      2055
      3916       115         2         1         7         8
      2069      2279      2293      2055      2070      2280      2294      2056
      3917       115         2         1         7         8
      2070      2280      2294      2056      2071      2281      2295      2057
      3918       115         2         1         7         8
      2071      2281      2295      2057      2072      2282      2296      2058
      3919       115         2         1         7         8
      2072      2282      2296      2058      2073      2283      2297      2059
      3920       115         2         1         7         8
      2073      2283      2297      2059      2074      2284      2298      2060
      3921       115         2         1         7         8
      2074      2284      2298      2060      2075      2285      2299      2061
      3922       115         2         1         7         8
      2075      2285      2299      2061      2076      2286      2300      2062
      3923       115         2         1         7         8
      2076      2286      2300      2062      2077      2287      2301      2063
      3924       115         2         1         7         8
      2077      2287      2301      2063      2078      2288      2302      2064
      3925       115         2         1         7         8
      2078      2288      2302      2064       336       350       351       337
      3926       115         2         1         7         8
       365       379       380       366      2051      2289      2303      2037
      3927       115         2         1         7         8
      2051      2289      2303      2037      2052      2290      2304      2038
      3928       115         2         1         7         8
      2052      2290      2304      2038      2053      2291      2305      2039
      3929       115         2         1         7         8
      2053      2291      2305      2039      2054      2292      2306      2040
      3930       115         2         1         7         8
      2054      2292      2306      2040      2055      2293      2307      2041
      3931       115         2         1         7         8
      2055      2293      2307      2041      2056      2294      2308      2042
      3932       115         2         1         7         8
      2056      2294      2308      2042      2057      2295      2309      2043
      3933       115         2         1         7         8
      2057      2295      2309      2043      2058      2296      2310      2044
      3934       115         2         1         7         8
      2058      2296      2310      2044      2059      2297      2311      2045
      3935       115         2         1         7         8
      2059      2297      2311      2045      2060      2298      2312      2046
      3936       115         2         1         7         8
      2060      2298      2312      2046      2061      2299      2313      2047
      3937       115         2         1         7         8
      2061      2299      2313      2047      2062      2300      2314      2048
      3938       115         2         1         7         8
      2062      2300      2314      2048      2063      2301      2315      2049
      3939       115         2         1         7         8
      2063      2301      2315      2049      2064      2302      2316      2050
      3940       115         2         1         7         8
      2064      2302      2316      2050       337       351       352       338
      3941       115         2         1         7         8
       366       380       381       367      2037      2303      2317      2023
      3942       115         2         1         7         8
      2037      2303      2317      2023      2038      2304      2318      2024
      3943       115         2         1         7         8
      2038      2304      2318      2024      2039      2305      2319      2025
      3944       115         2         1         7         8
      2039      2305      2319      2025      2040      2306      2320      2026
      3945       115         2         1         7         8
      2040      2306      2320      2026      2041      2307      2321      2027
      3946       115         2         1         7         8
      2041      2307      2321      2027      2042      2308      2322      2028
      3947       115         2         1         7         8
      2042      2308      2322      2028      2043      2309      2323      2029
      3948       115         2         1         7         8
      2043      2309      2323      2029      2044      2310      2324      2030
      3949       115         2         1         7         8
      2044      2310      2324      2030      2045      2311      2325      2031
      3950       115         2         1         7         8
      2045      2311      2325      2031      2046      2312      2326      2032
      3951       115         2         1         7         8
      2046      2312      2326      2032      2047      2313      2327      2033
      3952       115         2         1         7         8
      2047      2313      2327      2033      2048      2314      2328      2034
      3953       115         2         1         7         8
      2048      2314      2328      2034      2049      2315      2329      2035
      3954       115         2         1         7         8
      2049      2315      2329      2035      2050      2316      2330      2036
      3955       115         2         1         7         8
      2050      2316      2330      2036       338       352       353       339
      3956       115         2         1         7         8
       367       381       382       368      2023      2317      2331      2009
      3957       115         2         1         7         8
      2023      2317      2331      2009      2024      2318      2332      2010
      3958       115         2         1         7         8
      2024      2318      2332      2010      2025      2319      2333      2011
      3959       115         2         1         7         8
      2025      2319      2333      2011      2026      2320      2334      2012
      3960       115         2         1         7         8
      2026      2320      2334      2012      2027      2321      2335      2013
      3961       115         2         1         7         8
      2027      2321      2335      2013      2028      2322      2336      2014
      3962       115         2         1         7         8
      2028      2322      2336      2014      2029      2323      2337      2015
      3963       115         2         1         7         8
      2029      2323      2337      2015      2030      2324      2338      2016
      3964       115         2         1         7         8
      2030      2324      2338      2016      2031      2325      2339      2017
      3965       115         2         1         7         8
      2031      2325      2339      2017      2032      2326      2340      2018
      3966       115         2         1         7         8
      2032      2326      2340      2018      2033      2327      2341      2019
      3967       115         2         1         7         8
      2033      2327      2341      2019      2034      2328      2342      2020
      3968       115         2         1         7         8
      2034      2328      2342      2020      2035      2329      2343      2021
      3969       115         2         1         7         8
      2035      2329      2343      2021      2036      2330      2344      2022
      3970       115         2         1         7         8
      2036      2330      2344      2022       339       353       354       340
      3971       115         2         1         7         8
       368       382       383       369      2009      2331      2345      1995
      3972       115         2         1         7         8
      2009      2331      2345      1995      2010      2332      2346      1996
      3973       115         2         1         7         8
      2010      2332      2346      1996      2011      2333      2347      1997
      3974       115         2         1         7         8
      2011      2333      2347      1997      2012      2334      2348      1998
      3975       115         2         1         7         8
      2012      2334      2348      1998      2013      2335      2349      1999
      3976       115         2         1         7         8
      2013      2335      2349      1999      2014      2336      2350      2000
      3977       115         2         1         7         8
      2014      2336      2350      2000      2015      2337      2351      2001
      3978       115         2         1         7         8
      2015      2337      2351      2001      2016      2338      2352      2002
      3979       115         2         1         7         8
      2016      2338      2352      2002      2017      2339      2353      2003
      3980       115         2         1         7         8
      2017      2339      2353      2003      2018      2340      2354      2004
      3981       115         2         1         7         8
      2018      2340      2354      2004      2019      2341      2355      2005
      3982       115         2         1         7         8
      2019      2341      2355      2005      2020      2342      2356      2006
      3983       115         2         1         7         8
      2020      2342      2356      2006      2021      2343      2357      2007
      3984       115         2         1         7         8
      2021      2343      2357      2007      2022      2344      2358      2008
      3985       115         2         1         7         8
      2022      2344      2358      2008       340       354       355       341
      3986       115         2         1         7         8
       369       383       384       370      1995      2345      2359      1981
      3987       115         2         1         7         8
      1995      2345      2359      1981      1996      2346      2360      1982
      3988       115         2         1         7         8
      1996      2346      2360      1982      1997      2347      2361      1983
      3989       115         2         1         7         8
      1997      2347      2361      1983      1998      2348      2362      1984
      3990       115         2         1         7         8
      1998      2348      2362      1984      1999      2349      2363      1985
      3991       115         2         1         7         8
      1999      2349      2363      1985      2000      2350      2364      1986
      3992       115         2         1         7         8
      2000      2350      2364      1986      2001      2351      2365      1987
      3993       115         2         1         7         8
      2001      2351      2365      1987      2002      2352      2366      1988
      3994       115         2         1         7         8
      2002      2352      2366      1988      2003      2353      2367      1989
      3995       115         2         1         7         8
      2003      2353      2367      1989      2004      2354      2368      1990
      3996       115         2         1         7         8
      2004      2354      2368      1990      2005      2355      2369      1991
      3997       115         2         1         7         8
      2005      2355      2369      1991      2006      2356      2370      1992
      3998       115         2         1         7         8
      2006      2356      2370      1992      2007      2357      2371      1993
      3999       115         2         1         7         8
      2007      2357      2371      1993      2008      2358      2372      1994
      4000       115         2         1         7         8
      2008      2358      2372      1994       341       355       356       342
      4001       115         2         1         7         8
       370       384         2         1      1981      2359        35        21
      4002       115         2         1         7         8
      1981      2359        35        21      1982      2360        36        22
      4003       115         2         1         7         8
      1982      2360        36        22      1983      2361        37        23
      4004       115         2         1         7         8
      1983      2361        37        23      1984      2362        38        24
      4005       115         2         1         7         8
      1984      2362        38        24      1985      2363        39        25
      4006       115         2         1         7         8
      1985      2363        39        25      1986      2364        40        26
      4007       115         2         1         7         8
      1986      2364        40        26      1987      2365        41        27
      4008       115         2         1         7         8
      1987      2365        41        27      1988      2366        42        28
      4009       115         2         1         7         8
      1988      2366        42        28      1989      2367        43        29
      4010       115         2         1         7         8
      1989      2367        43        29      1990      2368        44        30
      4011       115         2         1         7         8
      1990      2368        44        30      1991      2369        45        31
      4012       115         2         1         7         8
      1991      2369        45        31      1992      2370        46        32
      4013       115         2         1         7         8
      1992      2370        46        32      1993      2371        47        33
      4014       115         2         1         7         8
      1993      2371        47        33      1994      2372        48        34
      4015       115         2         1         7         8
      1994      2372        48        34       342       356         4         3
    -1
