/*--------------------------------*- C++ -*----------------------------------*\
| =========                 |                                                 |
| \\      /  F ield         | OpenFOAM: The Open Source CFD Toolbox           |
|  \\    /   O peration     | Version:  2512                                  |
|   \\  /    A nd           | Website:  www.openfoam.com                      |
|    \\/     M anipulation  |                                                 |
\*---------------------------------------------------------------------------*/
FoamFile
{
    version     2.0;
    format      ascii;
    arch        "LSB;label=32;scalar=64";
    class       vectorField;
    location    "constant/box/polyMesh";
    object      points;
}
// * * * * * * * * * * * * * * * * * * * * * * * * * * * * * * * * * * * * * //


21163
(
(0.042 0.04 0.004)
(0.042 0.04 0.002)
(0.042 0 0.004)
(0.042 0 0.002)
(0 0.04 0.004)
(0 0.04 0.002)
(0 0 0.004)
(0 0 0.002)
(0.042 0.04 0.023)
(0.04 0.04 0.023)
(0.037 0.04 0.023)
(0.035 0.04 0.023)
(0.032 0.04 0.023)
(0.03 0.04 0.023)
(0.027 0.04 0.023)
(0.025 0.04 0.023)
(0.022 0.04 0.023)
(0.02 0.04 0.023)
(0.017 0.04 0.023)
(0.015 0.04 0.023)
(0.012 0.04 0.023)
(0.01 0.04 0.023)
(0.007 0.04 0.023)
(0.005 0.04 0.023)
(0.002 0.04 0.023)
(0.042 0 0.023)
(0.04 0 0.023)
(0.037 0 0.023)
(0.035 0 0.023)
(0.032 0 0.023)
(0.03 0 0.023)
(0.027 0 0.023)
(0.025 0 0.023)
(0.022 0 0.023)
(0.02 0 0.023)
(0.017 0 0.023)
(0.015 0 0.023)
(0.012 0 0.023)
(0.01 0 0.023)
(0.007 0 0.023)
(0.005 0 0.023)
(0.002 0 0.023)
(0.042 0.04 0.006)
(0.04 0.04 0.006)
(0.037 0.04 0.006)
(0.035 0.04 0.006)
(0.032 0.04 0.006)
(0.03 0.04 0.006)
(0.027 0.04 0.006)
(0.025 0.04 0.006)
(0.022 0.04 0.006)
(0.02 0.04 0.006)
(0.017 0.04 0.006)
(0.015 0.04 0.006)
(0.012 0.04 0.006)
(0.01 0.04 0.006)
(0.007 0.04 0.006)
(0.005 0.04 0.006)
(0.002 0.04 0.006)
(0 0.04 0.023)
(0 0 0.023)
(0.042 0 0.006)
(0.04 0 0.006)
(0.037 0 0.006)
(0.035 0 0.006)
(0.032 0 0.006)
(0.03 0 0.006)
(0.027 0 0.006)
(0.025 0 0.006)
(0.022 0 0.006)
(0.02 0 0.006)
(0.017 0 0.006)
(0.015 0 0.006)
(0.012 0 0.006)
(0.01 0 0.006)
(0.007 0 0.006)
(0.005 0 0.006)
(0.002 0 0.006)
(0 0.04 0.006)
(0 0 0.006)
(0.072 0.16 0.002)
(0.072 -0.08 0.002)
(-0.03 0.16 0.002)
(-0.03 -0.08 0.002)
(0.072 0.16 0.104)
(0.072 -0.08 0.104)
(-0.03 0.16 0.104)
(-0.03 -0.08 0.104)
(0.072 -0.08 0.0122)
(0.072 -0.08 0.0224)
(0.072 -0.08 0.0326)
(0.072 -0.08 0.0428)
(0.072 -0.08 0.053)
(0.072 -0.08 0.0632)
(0.072 -0.08 0.0734)
(0.072 -0.08 0.0836)
(0.072 -0.08 0.0938)
(0.072 -0.07 0.104)
(0.072 -0.06 0.104)
(0.072 -0.05 0.104)
(0.072 -0.04 0.104)
(0.072 -0.03 0.104)
(0.072 -0.02 0.104)
(0.072 -0.01 0.104)
(0.072 -2.273737e-16 0.104)
(0.072 0.01 0.104)
(0.072 0.02 0.104)
(0.072 0.03 0.104)
(0.072 0.04 0.104)
(0.072 0.05 0.104)
(0.072 0.06 0.104)
(0.072 0.07 0.104)
(0.072 0.08 0.104)
(0.072 0.09 0.104)
(0.072 0.1 0.104)
(0.072 0.11 0.104)
(0.072 0.12 0.104)
(0.072 0.13 0.104)
(0.072 0.14 0.104)
(0.072 0.15 0.104)
(0.072 0.16 0.0122)
(0.072 0.16 0.0224)
(0.072 0.16 0.0326)
(0.072 0.16 0.0428)
(0.072 0.16 0.053)
(0.072 0.16 0.0632)
(0.072 0.16 0.0734)
(0.072 0.16 0.0836)
(0.072 0.16 0.0938)
(0.072 -0.07 0.002)
(0.072 -0.06 0.002)
(0.072 -0.05 0.002)
(0.072 -0.04 0.002)
(0.072 -0.03 0.002)
(0.072 -0.02 0.002)
(0.072 -0.01 0.002)
(0.072 -2.273737e-16 0.002)
(0.072 0.01 0.002)
(0.072 0.02 0.002)
(0.072 0.03 0.002)
(0.072 0.04 0.002)
(0.072 0.05 0.002)
(0.072 0.06 0.002)
(0.072 0.07 0.002)
(0.072 0.08 0.002)
(0.072 0.09 0.002)
(0.072 0.1 0.002)
(0.072 0.11 0.002)
(0.072 0.12 0.002)
(0.072 0.13 0.002)
(0.072 0.14 0.002)
(0.072 0.15 0.002)
(-0.0198 0.16 0.002)
(-0.0096 0.16 0.002)
(0.0006 0.16 0.002)
(0.0108 0.16 0.002)
(0.021 0.16 0.002)
(0.0312 0.16 0.002)
(0.0414 0.16 0.002)
(0.0516 0.16 0.002)
(0.0618 0.16 0.002)
(-0.0198 0.16 0.104)
(-0.0096 0.16 0.104)
(0.0006 0.16 0.104)
(0.0108 0.16 0.104)
(0.021 0.16 0.104)
(0.0312 0.16 0.104)
(0.0414 0.16 0.104)
(0.0516 0.16 0.104)
(0.0618 0.16 0.104)
(-0.03 0.16 0.0122)
(-0.03 0.16 0.0224)
(-0.03 0.16 0.0326)
(-0.03 0.16 0.0428)
(-0.03 0.16 0.053)
(-0.03 0.16 0.0632)
(-0.03 0.16 0.0734)
(-0.03 0.16 0.0836)
(-0.03 0.16 0.0938)
(-0.03 -0.07 0.104)
(-0.03 -0.06 0.104)
(-0.03 -0.05 0.104)
(-0.03 -0.04 0.104)
(-0.03 -0.03 0.104)
(-0.03 -0.02 0.104)
(-0.03 -0.01 0.104)
(-0.03 -2.273737e-16 0.104)
(-0.03 0.01 0.104)
(-0.03 0.02 0.104)
(-0.03 0.03 0.104)
(-0.03 0.04 0.104)
(-0.03 0.05 0.104)
(-0.03 0.06 0.104)
(-0.03 0.07 0.104)
(-0.03 0.08 0.104)
(-0.03 0.09 0.104)
(-0.03 0.1 0.104)
(-0.03 0.11 0.104)
(-0.03 0.12 0.104)
(-0.03 0.13 0.104)
(-0.03 0.14 0.104)
(-0.03 0.15 0.104)
(-0.0198 -0.08 0.104)
(-0.0096 -0.08 0.104)
(0.0006 -0.08 0.104)
(0.0108 -0.08 0.104)
(0.021 -0.08 0.104)
(0.0312 -0.08 0.104)
(0.0414 -0.08 0.104)
(0.0516 -0.08 0.104)
(0.0618 -0.08 0.104)
(-0.0198 -0.08 0.002)
(-0.0096 -0.08 0.002)
(0.0006 -0.08 0.002)
(0.0108 -0.08 0.002)
(0.021 -0.08 0.002)
(0.0312 -0.08 0.002)
(0.0414 -0.08 0.002)
(0.0516 -0.08 0.002)
(0.0618 -0.08 0.002)
(-0.03 -0.08 0.0122)
(-0.03 -0.08 0.0224)
(-0.03 -0.08 0.0326)
(-0.03 -0.08 0.0428)
(-0.03 -0.08 0.053)
(-0.03 -0.08 0.0632)
(-0.03 -0.08 0.0734)
(-0.03 -0.08 0.0836)
(-0.03 -0.08 0.0938)
(-0.03 -0.07 0.002)
(-0.03 -0.06 0.002)
(-0.03 -0.05 0.002)
(-0.03 -0.04 0.002)
(-0.03 -0.03 0.002)
(-0.03 -0.02 0.002)
(-0.03 -0.01 0.002)
(-0.03 -2.273737e-16 0.002)
(-0.03 0.01 0.002)
(-0.03 0.02 0.002)
(-0.03 0.03 0.002)
(-0.03 0.04 0.002)
(-0.03 0.05 0.002)
(-0.03 0.06 0.002)
(-0.03 0.07 0.002)
(-0.03 0.08 0.002)
(-0.03 0.09 0.002)
(-0.03 0.1 0.002)
(-0.03 0.11 0.002)
(-0.03 0.12 0.002)
(-0.03 0.13 0.002)
(-0.03 0.14 0.002)
(-0.03 0.15 0.002)
(0.001956771 0 0.002)
(0.003913542 0 0.002)
(0.005870313 0 0.002)
(0.007827085 0 0.002)
(0.009783856 0 0.002)
(0.01192479 0 0.002)
(0.01399464 0 0.002)
(0.01595142 0 0.002)
(0.01790819 0 0.002)
(0.01986496 0 0.002)
(0.02182173 0 0.002)
(0.02408378 0 0.002)
(0.02604055 0 0.002)
(0.02799732 0 0.002)
(0.02995409 0 0.002)
(0.03191086 0 0.002)
(0.03407001 0 0.002)
(0.03612969 0 0.002)
(0.03808646 0 0.002)
(0.04004323 0 0.002)
(0.042 0.001955241 0.002)
(0.042 0.003910482 0.002)
(0.042 0.005947493 0.002)
(0.042 0.008119358 0.002)
(0.042 0.0100746 0.002)
(0.042 0.01202984 0.002)
(0.042 0.01398508 0.002)
(0.042 0.01594032 0.002)
(0.042 0.01819396 0.002)
(0.042 0.0201492 0.002)
(0.042 0.02210444 0.002)
(0.042 0.02405968 0.002)
(0.042 0.02601492 0.002)
(0.042 0.02797016 0.002)
(0.042 0.03010643 0.002)
(0.042 0.03217904 0.002)
(0.042 0.03413428 0.002)
(0.042 0.03608952 0.002)
(0.042 0.03804476 0.002)
(0.001956771 0.04 0.002)
(0.003913542 0.04 0.002)
(0.005870313 0.04 0.002)
(0.007827085 0.04 0.002)
(0.009783856 0.04 0.002)
(0.01192479 0.04 0.002)
(0.01399464 0.04 0.002)
(0.01595142 0.04 0.002)
(0.01790819 0.04 0.002)
(0.01986496 0.04 0.002)
(0.02182173 0.04 0.002)
(0.02408378 0.04 0.002)
(0.02604055 0.04 0.002)
(0.02799732 0.04 0.002)
(0.02995409 0.04 0.002)
(0.03191086 0.04 0.002)
(0.03407001 0.04 0.002)
(0.03612969 0.04 0.002)
(0.03808646 0.04 0.002)
(0.04004323 0.04 0.002)
(0 0.001955241 0.002)
(0 0.003910482 0.002)
(0 0.005947493 0.002)
(0 0.008119358 0.002)
(0 0.0100746 0.002)
(0 0.01202984 0.002)
(0 0.01398508 0.002)
(0 0.01594032 0.002)
(0 0.01819396 0.002)
(0 0.0201492 0.002)
(0 0.02210444 0.002)
(0 0.02405968 0.002)
(0 0.02601492 0.002)
(0 0.02797016 0.002)
(0 0.03010643 0.002)
(0 0.03217904 0.002)
(0 0.03413428 0.002)
(0 0.03608952 0.002)
(0 0.03804476 0.002)
(0.04 0.002036825 0.023)
(0.04 0.00407365 0.023)
(0.04 0.006250134 0.023)
(0.04 0.008445694 0.023)
(0.04 0.01048252 0.023)
(0.04 0.01251934 0.023)
(0.04 0.01455617 0.023)
(0.04 0.0166086 0.023)
(0.04 0.01913078 0.023)
(0.04 0.02116761 0.023)
(0.04 0.02320443 0.023)
(0.04 0.02524126 0.023)
(0.04 0.02727808 0.023)
(0.04 0.02938819 0.023)
(0.04 0.0318527 0.023)
(0.04 0.03388952 0.023)
(0.04 0.03592635 0.023)
(0.04 0.03796317 0.023)
(0.042 0.001955241 0.023)
(0.042 0.003910482 0.023)
(0.042 0.005947493 0.023)
(0.042 0.008119358 0.023)
(0.042 0.0100746 0.023)
(0.042 0.01202984 0.023)
(0.042 0.01398508 0.023)
(0.042 0.01594032 0.023)
(0.042 0.01819396 0.023)
(0.042 0.0201492 0.023)
(0.042 0.02210444 0.023)
(0.042 0.02405968 0.023)
(0.042 0.02601492 0.023)
(0.042 0.02797016 0.023)
(0.042 0.03010643 0.023)
(0.042 0.03217904 0.023)
(0.042 0.03413428 0.023)
(0.042 0.03608952 0.023)
(0.042 0.03804476 0.023)
(0.04 0 0.008087199)
(0.04 0 0.0101744)
(0.04 0 0.0122616)
(0.04 0 0.01434879)
(0.04 0 0.0167384)
(0.04 0 0.0188256)
(0.04 0 0.0209128)
(0.04 0.002036825 0.006)
(0.04 0.00407365 0.006)
(0.04 0.006250134 0.006)
(0.04 0.008445694 0.006)
(0.04 0.01048252 0.006)
(0.04 0.01251934 0.006)
(0.04 0.01455617 0.006)
(0.04 0.0166086 0.006)
(0.04 0.01913078 0.006)
(0.04 0.02116761 0.006)
(0.04 0.02320443 0.006)
(0.04 0.02524126 0.006)
(0.04 0.02727808 0.006)
(0.04 0.02938819 0.006)
(0.04 0.0318527 0.006)
(0.04 0.03388952 0.006)
(0.04 0.03592635 0.006)
(0.04 0.03796317 0.006)
(0.04 0.04 0.008087199)
(0.04 0.04 0.0101744)
(0.04 0.04 0.0122616)
(0.04 0.04 0.01434879)
(0.04 0.04 0.0167384)
(0.04 0.04 0.0188256)
(0.04 0.04 0.0209128)
(0.035 0.002036825 0.023)
(0.035 0.00407365 0.023)
(0.035 0.006250134 0.023)
(0.035 0.008445694 0.023)
(0.035 0.01048252 0.023)
(0.035 0.01251934 0.023)
(0.035 0.01455617 0.023)
(0.035 0.0166086 0.023)
(0.035 0.01913078 0.023)
(0.035 0.02116761 0.023)
(0.035 0.02320443 0.023)
(0.035 0.02524126 0.023)
(0.035 0.02727808 0.023)
(0.035 0.02938819 0.023)
(0.035 0.0318527 0.023)
(0.035 0.03388952 0.023)
(0.035 0.03592635 0.023)
(0.035 0.03796317 0.023)
(0.037 0.001955241 0.023)
(0.037 0.003910482 0.023)
(0.037 0.005947493 0.023)
(0.037 0.008119358 0.023)
(0.037 0.0100746 0.023)
(0.037 0.01202984 0.023)
(0.037 0.01398508 0.023)
(0.037 0.01594032 0.023)
(0.037 0.01819396 0.023)
(0.037 0.0201492 0.023)
(0.037 0.02210444 0.023)
(0.037 0.02405968 0.023)
(0.037 0.02601492 0.023)
(0.037 0.02797016 0.023)
(0.037 0.03010643 0.023)
(0.037 0.03217904 0.023)
(0.037 0.03413428 0.023)
(0.037 0.03608952 0.023)
(0.037 0.03804476 0.023)
(0.037 0 0.008087199)
(0.037 0 0.0101744)
(0.037 0 0.0122616)
(0.037 0 0.01434879)
(0.037 0 0.0167384)
(0.037 0 0.0188256)
(0.037 0 0.0209128)
(0.037 0.001955241 0.006)
(0.037 0.003910482 0.006)
(0.037 0.005947493 0.006)
(0.037 0.008119358 0.006)
(0.037 0.0100746 0.006)
(0.037 0.01202984 0.006)
(0.037 0.01398508 0.006)
(0.037 0.01594032 0.006)
(0.037 0.01819396 0.006)
(0.037 0.0201492 0.006)
(0.037 0.02210444 0.006)
(0.037 0.02405968 0.006)
(0.037 0.02601492 0.006)
(0.037 0.02797016 0.006)
(0.037 0.03010643 0.006)
(0.037 0.03217904 0.006)
(0.037 0.03413428 0.006)
(0.037 0.03608952 0.006)
(0.037 0.03804476 0.006)
(0.037 0.04 0.008087199)
(0.037 0.04 0.0101744)
(0.037 0.04 0.0122616)
(0.037 0.04 0.01434879)
(0.037 0.04 0.0167384)
(0.037 0.04 0.0188256)
(0.037 0.04 0.0209128)
(0.035 0 0.008087199)
(0.035 0 0.0101744)
(0.035 0 0.0122616)
(0.035 0 0.01434879)
(0.035 0 0.0167384)
(0.035 0 0.0188256)
(0.035 0 0.0209128)
(0.035 0.002036825 0.006)
(0.035 0.00407365 0.006)
(0.035 0.006250134 0.006)
(0.035 0.008445694 0.006)
(0.035 0.01048252 0.006)
(0.035 0.01251934 0.006)
(0.035 0.01455617 0.006)
(0.035 0.0166086 0.006)
(0.035 0.01913078 0.006)
(0.035 0.02116761 0.006)
(0.035 0.02320443 0.006)
(0.035 0.02524126 0.006)
(0.035 0.02727808 0.006)
(0.035 0.02938819 0.006)
(0.035 0.0318527 0.006)
(0.035 0.03388952 0.006)
(0.035 0.03592635 0.006)
(0.035 0.03796317 0.006)
(0.035 0.04 0.008087199)
(0.035 0.04 0.0101744)
(0.035 0.04 0.0122616)
(0.035 0.04 0.01434879)
(0.035 0.04 0.0167384)
(0.035 0.04 0.0188256)
(0.035 0.04 0.0209128)
(0.03 0.001955241 0.023)
(0.03 0.003910482 0.023)
(0.03 0.005947493 0.023)
(0.03 0.008119358 0.023)
(0.03 0.0100746 0.023)
(0.03 0.01202984 0.023)
(0.03 0.01398508 0.023)
(0.03 0.01594032 0.023)
(0.03 0.01819396 0.023)
(0.03 0.0201492 0.023)
(0.03 0.02210444 0.023)
(0.03 0.02405968 0.023)
(0.03 0.02601492 0.023)
(0.03 0.02797016 0.023)
(0.03 0.03010643 0.023)
(0.03 0.03217904 0.023)
(0.03 0.03413428 0.023)
(0.03 0.03608952 0.023)
(0.03 0.03804476 0.023)
(0.032 0.001955241 0.023)
(0.032 0.003910482 0.023)
(0.032 0.005947493 0.023)
(0.032 0.008119358 0.023)
(0.032 0.0100746 0.023)
(0.032 0.01202984 0.023)
(0.032 0.01398508 0.023)
(0.032 0.01594032 0.023)
(0.032 0.01819396 0.023)
(0.032 0.0201492 0.023)
(0.032 0.02210444 0.023)
(0.032 0.02405968 0.023)
(0.032 0.02601492 0.023)
(0.032 0.02797016 0.023)
(0.032 0.03010643 0.023)
(0.032 0.03217904 0.023)
(0.032 0.03413428 0.023)
(0.032 0.03608952 0.023)
(0.032 0.03804476 0.023)
(0.032 0 0.008087199)
(0.032 0 0.0101744)
(0.032 0 0.0122616)
(0.032 0 0.01434879)
(0.032 0 0.0167384)
(0.032 0 0.0188256)
(0.032 0 0.0209128)
(0.032 0.001955241 0.006)
(0.032 0.003910482 0.006)
(0.032 0.005947493 0.006)
(0.032 0.008119358 0.006)
(0.032 0.0100746 0.006)
(0.032 0.01202984 0.006)
(0.032 0.01398508 0.006)
(0.032 0.01594032 0.006)
(0.032 0.01819396 0.006)
(0.032 0.0201492 0.006)
(0.032 0.02210444 0.006)
(0.032 0.02405968 0.006)
(0.032 0.02601492 0.006)
(0.032 0.02797016 0.006)
(0.032 0.03010643 0.006)
(0.032 0.03217904 0.006)
(0.032 0.03413428 0.006)
(0.032 0.03608952 0.006)
(0.032 0.03804476 0.006)
(0.032 0.04 0.008087199)
(0.032 0.04 0.0101744)
(0.032 0.04 0.0122616)
(0.032 0.04 0.01434879)
(0.032 0.04 0.0167384)
(0.032 0.04 0.0188256)
(0.032 0.04 0.0209128)
(0.03 0 0.008087199)
(0.03 0 0.0101744)
(0.03 0 0.0122616)
(0.03 0 0.01434879)
(0.03 0 0.0167384)
(0.03 0 0.0188256)
(0.03 0 0.0209128)
(0.03 0.001955241 0.006)
(0.03 0.003910482 0.006)
(0.03 0.005947493 0.006)
(0.03 0.008119358 0.006)
(0.03 0.0100746 0.006)
(0.03 0.01202984 0.006)
(0.03 0.01398508 0.006)
(0.03 0.01594032 0.006)
(0.03 0.01819396 0.006)
(0.03 0.0201492 0.006)
(0.03 0.02210444 0.006)
(0.03 0.02405968 0.006)
(0.03 0.02601492 0.006)
(0.03 0.02797016 0.006)
(0.03 0.03010643 0.006)
(0.03 0.03217904 0.006)
(0.03 0.03413428 0.006)
(0.03 0.03608952 0.006)
(0.03 0.03804476 0.006)
(0.03 0.04 0.008087199)
(0.03 0.04 0.0101744)
(0.03 0.04 0.0122616)
(0.03 0.04 0.01434879)
(0.03 0.04 0.0167384)
(0.03 0.04 0.0188256)
(0.03 0.04 0.0209128)
(0.025 0.001955241 0.023)
(0.025 0.003910482 0.023)
(0.025 0.005947493 0.023)
(0.025 0.008119358 0.023)
(0.025 0.0100746 0.023)
(0.025 0.01202984 0.023)
(0.025 0.01398508 0.023)
(0.025 0.01594032 0.023)
(0.025 0.01819396 0.023)
(0.025 0.0201492 0.023)
(0.025 0.02210444 0.023)
(0.025 0.02405968 0.023)
(0.025 0.02601492 0.023)
(0.025 0.02797016 0.023)
(0.025 0.03010643 0.023)
(0.025 0.03217904 0.023)
(0.025 0.03413428 0.023)
(0.025 0.03608952 0.023)
(0.025 0.03804476 0.023)
(0.027 0.001955241 0.023)
(0.027 0.003910482 0.023)
(0.027 0.005947493 0.023)
(0.027 0.008119358 0.023)
(0.027 0.0100746 0.023)
(0.027 0.01202984 0.023)
(0.027 0.01398508 0.023)
(0.027 0.01594032 0.023)
(0.027 0.01819396 0.023)
(0.027 0.0201492 0.023)
(0.027 0.02210444 0.023)
(0.027 0.02405968 0.023)
(0.027 0.02601492 0.023)
(0.027 0.02797016 0.023)
(0.027 0.03010643 0.023)
(0.027 0.03217904 0.023)
(0.027 0.03413428 0.023)
(0.027 0.03608952 0.023)
(0.027 0.03804476 0.023)
(0.027 0 0.008087199)
(0.027 0 0.0101744)
(0.027 0 0.0122616)
(0.027 0 0.01434879)
(0.027 0 0.0167384)
(0.027 0 0.0188256)
(0.027 0 0.0209128)
(0.027 0.001955241 0.006)
(0.027 0.003910482 0.006)
(0.027 0.005947493 0.006)
(0.027 0.008119358 0.006)
(0.027 0.0100746 0.006)
(0.027 0.01202984 0.006)
(0.027 0.01398508 0.006)
(0.027 0.01594032 0.006)
(0.027 0.01819396 0.006)
(0.027 0.0201492 0.006)
(0.027 0.02210444 0.006)
(0.027 0.02405968 0.006)
(0.027 0.02601492 0.006)
(0.027 0.02797016 0.006)
(0.027 0.03010643 0.006)
(0.027 0.03217904 0.006)
(0.027 0.03413428 0.006)
(0.027 0.03608952 0.006)
(0.027 0.03804476 0.006)
(0.027 0.04 0.008087199)
(0.027 0.04 0.0101744)
(0.027 0.04 0.0122616)
(0.027 0.04 0.01434879)
(0.027 0.04 0.0167384)
(0.027 0.04 0.0188256)
(0.027 0.04 0.0209128)
(0.025 0 0.008087199)
(0.025 0 0.0101744)
(0.025 0 0.0122616)
(0.025 0 0.01434879)
(0.025 0 0.0167384)
(0.025 0 0.0188256)
(0.025 0 0.0209128)
(0.025 0.001955241 0.006)
(0.025 0.003910482 0.006)
(0.025 0.005947493 0.006)
(0.025 0.008119358 0.006)
(0.025 0.0100746 0.006)
(0.025 0.01202984 0.006)
(0.025 0.01398508 0.006)
(0.025 0.01594032 0.006)
(0.025 0.01819396 0.006)
(0.025 0.0201492 0.006)
(0.025 0.02210444 0.006)
(0.025 0.02405968 0.006)
(0.025 0.02601492 0.006)
(0.025 0.02797016 0.006)
(0.025 0.03010643 0.006)
(0.025 0.03217904 0.006)
(0.025 0.03413428 0.006)
(0.025 0.03608952 0.006)
(0.025 0.03804476 0.006)
(0.025 0.04 0.008087199)
(0.025 0.04 0.0101744)
(0.025 0.04 0.0122616)
(0.025 0.04 0.01434879)
(0.025 0.04 0.0167384)
(0.025 0.04 0.0188256)
(0.025 0.04 0.0209128)
(0.02 0.002036825 0.023)
(0.02 0.00407365 0.023)
(0.02 0.006250134 0.023)
(0.02 0.008445694 0.023)
(0.02 0.01048252 0.023)
(0.02 0.01251934 0.023)
(0.02 0.01455617 0.023)
(0.02 0.0166086 0.023)
(0.02 0.01913078 0.023)
(0.02 0.02116761 0.023)
(0.02 0.02320443 0.023)
(0.02 0.02524126 0.023)
(0.02 0.02727808 0.023)
(0.02 0.02938819 0.023)
(0.02 0.0318527 0.023)
(0.02 0.03388952 0.023)
(0.02 0.03592635 0.023)
(0.02 0.03796317 0.023)
(0.022 0.001955241 0.023)
(0.022 0.003910482 0.023)
(0.022 0.005947493 0.023)
(0.022 0.008119358 0.023)
(0.022 0.0100746 0.023)
(0.022 0.01202984 0.023)
(0.022 0.01398508 0.023)
(0.022 0.01594032 0.023)
(0.022 0.01819396 0.023)
(0.022 0.0201492 0.023)
(0.022 0.02210444 0.023)
(0.022 0.02405968 0.023)
(0.022 0.02601492 0.023)
(0.022 0.02797016 0.023)
(0.022 0.03010643 0.023)
(0.022 0.03217904 0.023)
(0.022 0.03413428 0.023)
(0.022 0.03608952 0.023)
(0.022 0.03804476 0.023)
(0.022 0 0.008087199)
(0.022 0 0.0101744)
(0.022 0 0.0122616)
(0.022 0 0.01434879)
(0.022 0 0.0167384)
(0.022 0 0.0188256)
(0.022 0 0.0209128)
(0.022 0.001955241 0.006)
(0.022 0.003910482 0.006)
(0.022 0.005947493 0.006)
(0.022 0.008119358 0.006)
(0.022 0.0100746 0.006)
(0.022 0.01202984 0.006)
(0.022 0.01398508 0.006)
(0.022 0.01594032 0.006)
(0.022 0.01819396 0.006)
(0.022 0.0201492 0.006)
(0.022 0.02210444 0.006)
(0.022 0.02405968 0.006)
(0.022 0.02601492 0.006)
(0.022 0.02797016 0.006)
(0.022 0.03010643 0.006)
(0.022 0.03217904 0.006)
(0.022 0.03413428 0.006)
(0.022 0.03608952 0.006)
(0.022 0.03804476 0.006)
(0.022 0.04 0.008087199)
(0.022 0.04 0.0101744)
(0.022 0.04 0.0122616)
(0.022 0.04 0.01434879)
(0.022 0.04 0.0167384)
(0.022 0.04 0.0188256)
(0.022 0.04 0.0209128)
(0.02 0 0.008087199)
(0.02 0 0.0101744)
(0.02 0 0.0122616)
(0.02 0 0.01434879)
(0.02 0 0.0167384)
(0.02 0 0.0188256)
(0.02 0 0.0209128)
(0.02 0.002036825 0.006)
(0.02 0.00407365 0.006)
(0.02 0.006250134 0.006)
(0.02 0.008445694 0.006)
(0.02 0.01048252 0.006)
(0.02 0.01251934 0.006)
(0.02 0.01455617 0.006)
(0.02 0.0166086 0.006)
(0.02 0.01913078 0.006)
(0.02 0.02116761 0.006)
(0.02 0.02320443 0.006)
(0.02 0.02524126 0.006)
(0.02 0.02727808 0.006)
(0.02 0.02938819 0.006)
(0.02 0.0318527 0.006)
(0.02 0.03388952 0.006)
(0.02 0.03592635 0.006)
(0.02 0.03796317 0.006)
(0.02 0.04 0.008087199)
(0.02 0.04 0.0101744)
(0.02 0.04 0.0122616)
(0.02 0.04 0.01434879)
(0.02 0.04 0.0167384)
(0.02 0.04 0.0188256)
(0.02 0.04 0.0209128)
(0.015 0.001955241 0.023)
(0.015 0.003910482 0.023)
(0.015 0.005947493 0.023)
(0.015 0.008119358 0.023)
(0.015 0.0100746 0.023)
(0.015 0.01202984 0.023)
(0.015 0.01398508 0.023)
(0.015 0.01594032 0.023)
(0.015 0.01819396 0.023)
(0.015 0.0201492 0.023)
(0.015 0.02210444 0.023)
(0.015 0.02405968 0.023)
(0.015 0.02601492 0.023)
(0.015 0.02797016 0.023)
(0.015 0.03010643 0.023)
(0.015 0.03217904 0.023)
(0.015 0.03413428 0.023)
(0.015 0.03608952 0.023)
(0.015 0.03804476 0.023)
(0.017 0.001955241 0.023)
(0.017 0.003910482 0.023)
(0.017 0.005947493 0.023)
(0.017 0.008119358 0.023)
(0.017 0.0100746 0.023)
(0.017 0.01202984 0.023)
(0.017 0.01398508 0.023)
(0.017 0.01594032 0.023)
(0.017 0.01819396 0.023)
(0.017 0.0201492 0.023)
(0.017 0.02210444 0.023)
(0.017 0.02405968 0.023)
(0.017 0.02601492 0.023)
(0.017 0.02797016 0.023)
(0.017 0.03010643 0.023)
(0.017 0.03217904 0.023)
(0.017 0.03413428 0.023)
(0.017 0.03608952 0.023)
(0.017 0.03804476 0.023)
(0.017 0 0.008087199)
(0.017 0 0.0101744)
(0.017 0 0.0122616)
(0.017 0 0.01434879)
(0.017 0 0.0167384)
(0.017 0 0.0188256)
(0.017 0 0.0209128)
(0.017 0.001955241 0.006)
(0.017 0.003910482 0.006)
(0.017 0.005947493 0.006)
(0.017 0.008119358 0.006)
(0.017 0.0100746 0.006)
(0.017 0.01202984 0.006)
(0.017 0.01398508 0.006)
(0.017 0.01594032 0.006)
(0.017 0.01819396 0.006)
(0.017 0.0201492 0.006)
(0.017 0.02210444 0.006)
(0.017 0.02405968 0.006)
(0.017 0.02601492 0.006)
(0.017 0.02797016 0.006)
(0.017 0.03010643 0.006)
(0.017 0.03217904 0.006)
(0.017 0.03413428 0.006)
(0.017 0.03608952 0.006)
(0.017 0.03804476 0.006)
(0.017 0.04 0.008087199)
(0.017 0.04 0.0101744)
(0.017 0.04 0.0122616)
(0.017 0.04 0.01434879)
(0.017 0.04 0.0167384)
(0.017 0.04 0.0188256)
(0.017 0.04 0.0209128)
(0.015 0 0.008087199)
(0.015 0 0.0101744)
(0.015 0 0.0122616)
(0.015 0 0.01434879)
(0.015 0 0.0167384)
(0.015 0 0.0188256)
(0.015 0 0.0209128)
(0.015 0.001955241 0.006)
(0.015 0.003910482 0.006)
(0.015 0.005947493 0.006)
(0.015 0.008119358 0.006)
(0.015 0.0100746 0.006)
(0.015 0.01202984 0.006)
(0.015 0.01398508 0.006)
(0.015 0.01594032 0.006)
(0.015 0.01819396 0.006)
(0.015 0.0201492 0.006)
(0.015 0.02210444 0.006)
(0.015 0.02405968 0.006)
(0.015 0.02601492 0.006)
(0.015 0.02797016 0.006)
(0.015 0.03010643 0.006)
(0.015 0.03217904 0.006)
(0.015 0.03413428 0.006)
(0.015 0.03608952 0.006)
(0.015 0.03804476 0.006)
(0.015 0.04 0.008087199)
(0.015 0.04 0.0101744)
(0.015 0.04 0.0122616)
(0.015 0.04 0.01434879)
(0.015 0.04 0.0167384)
(0.015 0.04 0.0188256)
(0.015 0.04 0.0209128)
(0.01 0.002036825 0.023)
(0.01 0.00407365 0.023)
(0.01 0.006250134 0.023)
(0.01 0.008445694 0.023)
(0.01 0.01048252 0.023)
(0.01 0.01251934 0.023)
(0.01 0.01455617 0.023)
(0.01 0.0166086 0.023)
(0.01 0.01913078 0.023)
(0.01 0.02116761 0.023)
(0.01 0.02320443 0.023)
(0.01 0.02524126 0.023)
(0.01 0.02727808 0.023)
(0.01 0.02938819 0.023)
(0.01 0.0318527 0.023)
(0.01 0.03388952 0.023)
(0.01 0.03592635 0.023)
(0.01 0.03796317 0.023)
(0.012 0.001955241 0.023)
(0.012 0.003910482 0.023)
(0.012 0.005947493 0.023)
(0.012 0.008119358 0.023)
(0.012 0.0100746 0.023)
(0.012 0.01202984 0.023)
(0.012 0.01398508 0.023)
(0.012 0.01594032 0.023)
(0.012 0.01819396 0.023)
(0.012 0.0201492 0.023)
(0.012 0.02210444 0.023)
(0.012 0.02405968 0.023)
(0.012 0.02601492 0.023)
(0.012 0.02797016 0.023)
(0.012 0.03010643 0.023)
(0.012 0.03217904 0.023)
(0.012 0.03413428 0.023)
(0.012 0.03608952 0.023)
(0.012 0.03804476 0.023)
(0.012 0 0.008087199)
(0.012 0 0.0101744)
(0.012 0 0.0122616)
(0.012 0 0.01434879)
(0.012 0 0.0167384)
(0.012 0 0.0188256)
(0.012 0 0.0209128)
(0.012 0.001955241 0.006)
(0.012 0.003910482 0.006)
(0.012 0.005947493 0.006)
(0.012 0.008119358 0.006)
(0.012 0.0100746 0.006)
(0.012 0.01202984 0.006)
(0.012 0.01398508 0.006)
(0.012 0.01594032 0.006)
(0.012 0.01819396 0.006)
(0.012 0.0201492 0.006)
(0.012 0.02210444 0.006)
(0.012 0.02405968 0.006)
(0.012 0.02601492 0.006)
(0.012 0.02797016 0.006)
(0.012 0.03010643 0.006)
(0.012 0.03217904 0.006)
(0.012 0.03413428 0.006)
(0.012 0.03608952 0.006)
(0.012 0.03804476 0.006)
(0.012 0.04 0.008087199)
(0.012 0.04 0.0101744)
(0.012 0.04 0.0122616)
(0.012 0.04 0.01434879)
(0.012 0.04 0.0167384)
(0.012 0.04 0.0188256)
(0.012 0.04 0.0209128)
(0.01 0 0.008087199)
(0.01 0 0.0101744)
(0.01 0 0.0122616)
(0.01 0 0.01434879)
(0.01 0 0.0167384)
(0.01 0 0.0188256)
(0.01 0 0.0209128)
(0.01 0.002036825 0.006)
(0.01 0.00407365 0.006)
(0.01 0.006250134 0.006)
(0.01 0.008445694 0.006)
(0.01 0.01048252 0.006)
(0.01 0.01251934 0.006)
(0.01 0.01455617 0.006)
(0.01 0.0166086 0.006)
(0.01 0.01913078 0.006)
(0.01 0.02116761 0.006)
(0.01 0.02320443 0.006)
(0.01 0.02524126 0.006)
(0.01 0.02727808 0.006)
(0.01 0.02938819 0.006)
(0.01 0.0318527 0.006)
(0.01 0.03388952 0.006)
(0.01 0.03592635 0.006)
(0.01 0.03796317 0.006)
(0.01 0.04 0.008087199)
(0.01 0.04 0.0101744)
(0.01 0.04 0.0122616)
(0.01 0.04 0.01434879)
(0.01 0.04 0.0167384)
(0.01 0.04 0.0188256)
(0.01 0.04 0.0209128)
(0.005 0.001955241 0.023)
(0.005 0.003910482 0.023)
(0.005 0.005947493 0.023)
(0.005 0.008119358 0.023)
(0.005 0.0100746 0.023)
(0.005 0.01202984 0.023)
(0.005 0.01398508 0.023)
(0.005 0.01594032 0.023)
(0.005 0.01819396 0.023)
(0.005 0.0201492 0.023)
(0.005 0.02210444 0.023)
(0.005 0.02405968 0.023)
(0.005 0.02601492 0.023)
(0.005 0.02797016 0.023)
(0.005 0.03010643 0.023)
(0.005 0.03217904 0.023)
(0.005 0.03413428 0.023)
(0.005 0.03608952 0.023)
(0.005 0.03804476 0.023)
(0.007 0.001955241 0.023)
(0.007 0.003910482 0.023)
(0.007 0.005947493 0.023)
(0.007 0.008119358 0.023)
(0.007 0.0100746 0.023)
(0.007 0.01202984 0.023)
(0.007 0.01398508 0.023)
(0.007 0.01594032 0.023)
(0.007 0.01819396 0.023)
(0.007 0.0201492 0.023)
(0.007 0.02210444 0.023)
(0.007 0.02405968 0.023)
(0.007 0.02601492 0.023)
(0.007 0.02797016 0.023)
(0.007 0.03010643 0.023)
(0.007 0.03217904 0.023)
(0.007 0.03413428 0.023)
(0.007 0.03608952 0.023)
(0.007 0.03804476 0.023)
(0.007 0 0.008087199)
(0.007 0 0.0101744)
(0.007 0 0.0122616)
(0.007 0 0.01434879)
(0.007 0 0.0167384)
(0.007 0 0.0188256)
(0.007 0 0.0209128)
(0.007 0.001955241 0.006)
(0.007 0.003910482 0.006)
(0.007 0.005947493 0.006)
(0.007 0.008119358 0.006)
(0.007 0.0100746 0.006)
(0.007 0.01202984 0.006)
(0.007 0.01398508 0.006)
(0.007 0.01594032 0.006)
(0.007 0.01819396 0.006)
(0.007 0.0201492 0.006)
(0.007 0.02210444 0.006)
(0.007 0.02405968 0.006)
(0.007 0.02601492 0.006)
(0.007 0.02797016 0.006)
(0.007 0.03010643 0.006)
(0.007 0.03217904 0.006)
(0.007 0.03413428 0.006)
(0.007 0.03608952 0.006)
(0.007 0.03804476 0.006)
(0.007 0.04 0.008087199)
(0.007 0.04 0.0101744)
(0.007 0.04 0.0122616)
(0.007 0.04 0.01434879)
(0.007 0.04 0.0167384)
(0.007 0.04 0.0188256)
(0.007 0.04 0.0209128)
(0.005 0 0.008087199)
(0.005 0 0.0101744)
(0.005 0 0.0122616)
(0.005 0 0.01434879)
(0.005 0 0.0167384)
(0.005 0 0.0188256)
(0.005 0 0.0209128)
(0.005 0.001955241 0.006)
(0.005 0.003910482 0.006)
(0.005 0.005947493 0.006)
(0.005 0.008119358 0.006)
(0.005 0.0100746 0.006)
(0.005 0.01202984 0.006)
(0.005 0.01398508 0.006)
(0.005 0.01594032 0.006)
(0.005 0.01819396 0.006)
(0.005 0.0201492 0.006)
(0.005 0.02210444 0.006)
(0.005 0.02405968 0.006)
(0.005 0.02601492 0.006)
(0.005 0.02797016 0.006)
(0.005 0.03010643 0.006)
(0.005 0.03217904 0.006)
(0.005 0.03413428 0.006)
(0.005 0.03608952 0.006)
(0.005 0.03804476 0.006)
(0.005 0.04 0.008087199)
(0.005 0.04 0.0101744)
(0.005 0.04 0.0122616)
(0.005 0.04 0.01434879)
(0.005 0.04 0.0167384)
(0.005 0.04 0.0188256)
(0.005 0.04 0.0209128)
(0.002 0 0.008087199)
(0.002 0 0.0101744)
(0.002 0 0.0122616)
(0.002 0 0.01434879)
(0.002 0 0.0167384)
(0.002 0 0.0188256)
(0.002 0 0.0209128)
(0.002 0.001955241 0.006)
(0.002 0.003910482 0.006)
(0.002 0.005947493 0.006)
(0.002 0.008119358 0.006)
(0.002 0.0100746 0.006)
(0.002 0.01202984 0.006)
(0.002 0.01398508 0.006)
(0.002 0.01594032 0.006)
(0.002 0.01819396 0.006)
(0.002 0.0201492 0.006)
(0.002 0.02210444 0.006)
(0.002 0.02405968 0.006)
(0.002 0.02601492 0.006)
(0.002 0.02797016 0.006)
(0.002 0.03010643 0.006)
(0.002 0.03217904 0.006)
(0.002 0.03413428 0.006)
(0.002 0.03608952 0.006)
(0.002 0.03804476 0.006)
(0.002 0.04 0.008087199)
(0.002 0.04 0.0101744)
(0.002 0.04 0.0122616)
(0.002 0.04 0.01434879)
(0.002 0.04 0.0167384)
(0.002 0.04 0.0188256)
(0.002 0.04 0.0209128)
(0.002 0.001955241 0.023)
(0.002 0.003910482 0.023)
(0.002 0.005947493 0.023)
(0.002 0.008119358 0.023)
(0.002 0.0100746 0.023)
(0.002 0.01202984 0.023)
(0.002 0.01398508 0.023)
(0.002 0.01594032 0.023)
(0.002 0.01819396 0.023)
(0.002 0.0201492 0.023)
(0.002 0.02210444 0.023)
(0.002 0.02405968 0.023)
(0.002 0.02601492 0.023)
(0.002 0.02797016 0.023)
(0.002 0.03010643 0.023)
(0.002 0.03217904 0.023)
(0.002 0.03413428 0.023)
(0.002 0.03608952 0.023)
(0.002 0.03804476 0.023)
(0.042 0 0.008087199)
(0.042 0 0.0101744)
(0.042 0 0.0122616)
(0.042 0 0.01434879)
(0.042 0 0.0167384)
(0.042 0 0.0188256)
(0.042 0 0.0209128)
(0.042 0.001955241 0.006)
(0.042 0.003910482 0.006)
(0.042 0.005947493 0.006)
(0.042 0.008119358 0.006)
(0.042 0.0100746 0.006)
(0.042 0.01202984 0.006)
(0.042 0.01398508 0.006)
(0.042 0.01594032 0.006)
(0.042 0.01819396 0.006)
(0.042 0.0201492 0.006)
(0.042 0.02210444 0.006)
(0.042 0.02405968 0.006)
(0.042 0.02601492 0.006)
(0.042 0.02797016 0.006)
(0.042 0.03010643 0.006)
(0.042 0.03217904 0.006)
(0.042 0.03413428 0.006)
(0.042 0.03608952 0.006)
(0.042 0.03804476 0.006)
(0.042 0.04 0.008087199)
(0.042 0.04 0.0101744)
(0.042 0.04 0.0122616)
(0.042 0.04 0.01434879)
(0.042 0.04 0.0167384)
(0.042 0.04 0.0188256)
(0.042 0.04 0.0209128)
(0 0.04 0.008087199)
(0 0.04 0.0101744)
(0 0.04 0.0122616)
(0 0.04 0.01434879)
(0 0.04 0.0167384)
(0 0.04 0.0188256)
(0 0.04 0.0209128)
(0 0.002036825 0.023)
(0 0.00407365 0.023)
(0 0.006250134 0.023)
(0 0.008445694 0.023)
(0 0.01048252 0.023)
(0 0.01251934 0.023)
(0 0.01455617 0.023)
(0 0.0166086 0.023)
(0 0.01913078 0.023)
(0 0.02116761 0.023)
(0 0.02320443 0.023)
(0 0.02524126 0.023)
(0 0.02727808 0.023)
(0 0.02938819 0.023)
(0 0.0318527 0.023)
(0 0.03388952 0.023)
(0 0.03592635 0.023)
(0 0.03796317 0.023)
(0.0385 0 0.006)
(0.0385 0.04 0.006)
(0.0335 0 0.006)
(0.0335 0.04 0.006)
(0.0285 0 0.006)
(0.0285 0.04 0.006)
(0.0235 0 0.006)
(0.0235 0.04 0.006)
(0.0185 0 0.006)
(0.0185 0.04 0.006)
(0.0135 0 0.006)
(0.0135 0.04 0.006)
(0.0085 0 0.006)
(0.0085 0.04 0.006)
(0.0035 0 0.006)
(0.0035 0.04 0.006)
(0 0 0.008087199)
(0 0 0.0101744)
(0 0 0.0122616)
(0 0 0.01434879)
(0 0 0.0167384)
(0 0 0.0188256)
(0 0 0.0209128)
(0.042 0.001955241 0.004)
(0.042 0.003910482 0.004)
(0.042 0.005947493 0.004)
(0.042 0.008119358 0.004)
(0.042 0.0100746 0.004)
(0.042 0.01202984 0.004)
(0.042 0.01398508 0.004)
(0.042 0.01594032 0.004)
(0.042 0.01819396 0.004)
(0.042 0.0201492 0.004)
(0.042 0.02210444 0.004)
(0.042 0.02405968 0.004)
(0.042 0.02601492 0.004)
(0.042 0.02797016 0.004)
(0.042 0.03010643 0.004)
(0.042 0.03217904 0.004)
(0.042 0.03413428 0.004)
(0.042 0.03608952 0.004)
(0.042 0.03804476 0.004)
(0.001956771 0.04 0.004)
(0.003913542 0.04 0.004)
(0.005870313 0.04 0.004)
(0.007827085 0.04 0.004)
(0.009783856 0.04 0.004)
(0.01192479 0.04 0.004)
(0.01399464 0.04 0.004)
(0.01595142 0.04 0.004)
(0.01790819 0.04 0.004)
(0.01986496 0.04 0.004)
(0.02182173 0.04 0.004)
(0.02408378 0.04 0.004)
(0.02604055 0.04 0.004)
(0.02799732 0.04 0.004)
(0.02995409 0.04 0.004)
(0.03191086 0.04 0.004)
(0.03407001 0.04 0.004)
(0.03612969 0.04 0.004)
(0.03808646 0.04 0.004)
(0.04004323 0.04 0.004)
(0 0.002036825 0.006)
(0 0.00407365 0.006)
(0 0.006250134 0.006)
(0 0.008445694 0.006)
(0 0.01048252 0.006)
(0 0.01251934 0.006)
(0 0.01455617 0.006)
(0 0.0166086 0.006)
(0 0.01913078 0.006)
(0 0.02116761 0.006)
(0 0.02320443 0.006)
(0 0.02524126 0.006)
(0 0.02727808 0.006)
(0 0.02938819 0.006)
(0 0.0318527 0.006)
(0 0.03388952 0.006)
(0 0.03592635 0.006)
(0 0.03796317 0.006)
(0.001956771 0 0.004)
(0.003913542 0 0.004)
(0.005870313 0 0.004)
(0.007827085 0 0.004)
(0.009783856 0 0.004)
(0.01192479 0 0.004)
(0.01399464 0 0.004)
(0.01595142 0 0.004)
(0.01790819 0 0.004)
(0.01986496 0 0.004)
(0.02182173 0 0.004)
(0.02408378 0 0.004)
(0.02604055 0 0.004)
(0.02799732 0 0.004)
(0.02995409 0 0.004)
(0.03191086 0 0.004)
(0.03407001 0 0.004)
(0.03612969 0 0.004)
(0.03808646 0 0.004)
(0.04004323 0 0.004)
(0 0.001955241 0.004)
(0 0.003910482 0.004)
(0 0.005947493 0.004)
(0 0.008119358 0.004)
(0 0.0100746 0.004)
(0 0.01202984 0.004)
(0 0.01398508 0.004)
(0 0.01594032 0.004)
(0 0.01819396 0.004)
(0 0.0201492 0.004)
(0 0.02210444 0.004)
(0 0.02405968 0.004)
(0 0.02601492 0.004)
(0 0.02797016 0.004)
(0 0.03010643 0.004)
(0 0.03217904 0.004)
(0 0.03413428 0.004)
(0 0.03608952 0.004)
(0 0.03804476 0.004)
(0.072 -0.07179481 0.01856444)
(0.072 -0.07126146 0.02750144)
(0.072 -0.0713178 0.03736018)
(0.072 -0.07132026 0.04727075)
(0.072 -0.07146799 0.05716584)
(0.072 -0.07157896 0.06700736)
(0.072 -0.07149529 0.07667437)
(0.072 -0.07122313 0.08606968)
(0.072 -0.07076983 0.09515881)
(0.072 -0.06113701 0.09604137)
(0.072 -0.05127978 0.0965915)
(0.072 -0.04132586 0.09688763)
(0.072 -0.03136355 0.09704575)
(0.072 -0.02139008 0.09716773)
(0.072 -0.01139823 0.09722927)
(0.072 -0.001402192 0.09722348)
(0.072 0.008587292 0.09717921)
(0.072 0.01858144 0.09713346)
(0.072 0.02859084 0.09709386)
(0.072 0.03861236 0.09706035)
(0.072 0.04863197 0.09704117)
(0.072 0.05863621 0.09705224)
(0.072 0.06861868 0.09709926)
(0.072 0.07857887 0.09716739)
(0.072 0.08852683 0.09722289)
(0.072 0.09848948 0.09721119)
(0.072 0.1084586 0.09706819)
(0.072 0.118314 0.09681755)
(0.072 0.1278632 0.09669328)
(0.072 0.1371077 0.09702088)
(0.072 0.1470831 0.09659579)
(0.072 0.1517101 0.01644538)
(0.072 0.1512648 0.03764032)
(0.072 0.15081 0.05818147)
(0.072 0.1511465 0.07816959)
(0.072 -0.0663695 0.01082946)
(0.072 -0.04540124 0.01091499)
(0.072 -0.02520125 0.01091935)
(0.072 -0.005043572 0.01079821)
(0.072 0.01502497 0.01071222)
(0.072 0.03501863 0.01062335)
(0.072 0.05497936 0.01056017)
(0.072 0.07495711 0.01062866)
(0.072 0.09495796 0.01085268)
(0.072 0.1147968 0.01097972)
(0.072 0.1338373 0.01036078)
(0.072 0.1432248 0.01171427)
(0.072 0.1508643 0.06833555)
(0.072 0.1517229 0.02735296)
(0.072 0.1509572 0.04789232)
(0.072 0.1510094 0.08768584)
(0.072 -0.05580966 0.01108477)
(0.072 -0.03527361 0.01095529)
(0.072 -0.01510979 0.01085196)
(0.072 0.004999588 0.01075343)
(0.072 0.02503098 0.0106723)
(0.072 0.04499831 0.01058157)
(0.072 0.06496483 0.01057492)
(0.072 0.08495385 0.01072134)
(0.072 0.1049425 0.01097771)
(0.072 0.1244372 0.01072652)
(0.072 -0.06276723 0.03201232)
(0.072 -0.06244112 0.04182482)
(0.072 -0.06261641 0.05153355)
(0.072 -0.06305821 0.0611618)
(0.072 -0.06313262 0.07054988)
(0.072 -0.06271357 0.07950965)
(0.072 -0.06200442 0.08788546)
(0.072 0.1420478 0.04253023)
(0.072 -0.05239792 0.0890805)
(0.072 -0.04256555 0.08971033)
(0.072 -0.03269893 0.09001891)
(0.072 -0.02279308 0.09029959)
(0.072 -0.01284356 0.09045889)
(0.072 -0.00287828 0.09046195)
(0.072 0.007077868 0.09036917)
(0.072 0.01705073 0.09027696)
(0.072 0.02706288 0.09019953)
(0.072 0.03711294 0.09012772)
(0.072 0.04717511 0.09007209)
(0.072 0.05721712 0.09007233)
(0.072 0.06721537 0.09015186)
(0.072 0.07715408 0.09028692)
(0.072 0.08702528 0.09042353)
(0.072 0.09688075 0.09047473)
(0.072 0.1067961 0.09025753)
(0.072 0.1166633 0.08967259)
(0.072 0.1261408 0.08905464)
(0.072 0.1349199 0.0892765)
(0.072 0.1427288 0.0906371)
(0.072 -0.05072654 0.01959081)
(0.072 0.1429167 0.03234708)
(0.072 0.14183 0.07379763)
(0.072 0.1440099 0.02230661)
(0.072 -0.06197809 0.0208767)
(0.072 0.1414679 0.0636796)
(0.072 0.1417045 0.05301801)
(0.072 -0.02029228 0.01973698)
(0.072 0.01006116 0.0194569)
(0.072 -8.512708e-07 0.01953789)
(0.072 0.03008524 0.01929796)
(0.072 0.0499793 0.01911734)
(0.072 0.069881 0.01917172)
(0.072 0.08984224 0.01954789)
(0.072 0.109943 0.02013059)
(0.072 0.1289252 0.01925291)
(0.072 -0.03048753 0.01991195)
(0.072 0.142615 0.082885)
(0.072 -0.01011465 0.01961708)
(0.072 -0.04060525 0.01991673)
(0.072 0.1197142 0.02003064)
(0.072 0.09990911 0.01984879)
(0.072 0.04004093 0.01920365)
(0.072 0.0200921 0.01938017)
(0.072 0.05992689 0.01910522)
(0.072 0.07983935 0.01931428)
(0.072 0.13708 0.01810279)
(0.072 -0.05335255 0.04603219)
(0.072 -0.05412631 0.05591058)
(0.072 -0.05497098 0.06490722)
(0.072 -0.05463075 0.07367547)
(0.072 -0.05348154 0.08145161)
(0.072 0.1255787 0.02903103)
(0.072 -0.01524207 0.02842299)
(0.072 -0.04383704 0.08243669)
(0.072 -0.03412995 0.08281231)
(0.072 -0.02433195 0.08333452)
(0.072 -0.01447019 0.08366239)
(0.072 -0.004576191 0.0836955)
(0.072 0.005300672 0.08352963)
(0.072 0.01521979 0.08338162)
(0.072 0.02521536 0.08326746)
(0.072 0.03529353 0.08315414)
(0.072 0.04542537 0.08303719)
(0.072 0.05555652 0.08299317)
(0.072 0.06562792 0.08308999)
(0.072 0.07559516 0.08329617)
(0.072 0.08540269 0.08352347)
(0.072 0.09505265 0.08373606)
(0.072 0.1047549 0.08364433)
(0.072 0.1146613 0.08275843)
(0.072 0.1242094 0.08118823)
(0.072 0.1331991 0.0366042)
(0.072 0.01518712 0.02810186)
(0.072 0.05491092 0.02757765)
(0.072 0.005112813 0.0282292)
(0.072 0.1313914 0.07068776)
(0.072 0.1325427 0.0584835)
(0.072 0.09465205 0.02847393)
(0.072 0.08455352 0.02806688)
(0.072 0.04503793 0.02768591)
(0.072 0.07463994 0.02777732)
(0.072 0.06478789 0.02761208)
(0.072 0.03516166 0.0278658)
(0.072 0.1324445 0.04728857)
(0.072 0.1153509 0.02963649)
(0.072 -0.02557182 0.02866523)
(0.072 -0.005026802 0.02833286)
(0.072 0.1335935 0.08076235)
(0.072 0.02520318 0.02797818)
(0.072 0.1351961 0.02668536)
(0.072 -0.0535183 0.03634229)
(0.072 0.1048885 0.02903529)
(0.072 -0.04606823 0.02884209)
(0.072 -0.05503142 0.02747444)
(0.072 -0.03601618 0.02913484)
(0.072 0.03037167 0.03651128)
(0.072 -0.04604758 0.06057725)
(0.072 -0.04762932 0.06840348)
(0.072 -0.04532152 0.07514478)
(0.072 -0.01010868 0.03710979)
(0.072 -0.03578976 0.07521524)
(0.072 -0.02605547 0.07616479)
(0.072 -0.01637347 0.07680336)
(0.072 -0.006632181 0.07692562)
(0.072 0.003072711 0.07662078)
(0.072 0.01288919 0.07639535)
(0.072 0.02283594 0.07624596)
(0.072 0.03291921 0.07610526)
(0.072 0.04313418 0.07590237)
(0.072 0.05343857 0.07574977)
(0.072 0.06369053 0.0758293)
(0.072 0.07378773 0.07612856)
(0.072 0.08361302 0.07642949)
(0.072 0.09309494 0.0767829)
(0.072 0.1022017 0.0771782)
(0.072 0.1116873 0.07648034)
(0.072 0.1098262 0.03852869)
(0.072 0.1219279 0.04034101)
(0.072 0.02038357 0.03664994)
(0.072 0.1208878 0.07376052)
(0.072 0.01031758 0.03682729)
(0.072 0.09920174 0.03747081)
(0.072 0.04997201 0.03600709)
(0.072 0.04024948 0.03632854)
(0.072 -0.04287401 0.03946497)
(0.072 0.07906118 0.03643906)
(0.072 -0.04492 0.05083714)
(0.072 -0.02037568 0.0371207)
(0.072 0.08899713 0.03686559)
(0.072 0.1236228 0.06355667)
(0.072 -0.03101686 0.03765815)
(0.072 0.0001403079 0.03702212)
(0.072 0.0597224 0.03590054)
(0.072 0.0693944 0.03608553)
(0.072 0.1233915 0.05258332)
(0.072 0.1134397 0.04840269)
(0.072 0.02564288 0.04509573)
(0.072 -0.03812408 0.06670122)
(0.072 -0.0277347 0.06859255)
(0.072 -0.01851837 0.06977243)
(0.072 -0.009141175 0.07020717)
(0.072 0.0001851198 0.06958964)
(0.072 0.009856331 0.06925152)
(0.072 0.0197273 0.06905804)
(0.072 0.02978432 0.06892962)
(0.072 0.03998423 0.06867464)
(0.072 0.05056554 0.06831422)
(0.072 0.06123391 0.06823677)
(0.072 0.07163824 0.06871834)
(0.072 0.08159743 0.06906923)
(0.072 0.09113429 0.06948209)
(0.072 0.0999585 0.07003065)
(0.072 -0.03554326 0.04687081)
(0.072 0.01563485 0.04528956)
(0.072 0.1030339 0.04647536)
(0.072 0.04534136 0.044618)
(0.072 -0.01526134 0.04581028)
(0.072 -0.0373426 0.05674096)
(0.072 0.005457408 0.04552199)
(0.072 -0.005003884 0.04585881)
(0.072 0.1152548 0.06767521)
(0.072 0.1150957 0.05833007)
(0.072 0.1076279 0.07101434)
(0.072 -0.02535574 0.04536991)
(0.072 0.03558261 0.04493021)
(0.072 0.05475174 0.0439917)
(0.072 0.08298941 0.04511064)
(0.072 0.07342095 0.04471397)
(0.072 0.09294107 0.04561307)
(0.072 -0.01974871 0.06202813)
(0.072 -0.01213426 0.06380079)
(0.072 -0.003743746 0.06235453)
(0.072 0.00594343 0.06188612)
(0.072 0.0157101 0.06157131)
(0.072 0.02585659 0.06156398)
(0.072 0.03578791 0.06121752)
(0.072 0.0462853 0.06097027)
(0.072 0.05811407 0.06002285)
(0.072 0.06922241 0.06099698)
(0.072 0.07923795 0.06137394)
(0.072 0.08913225 0.06186292)
(0.072 0.09839838 0.06233422)
(0.072 -0.0296098 0.05275407)
(0.072 0.02096567 0.05358605)
(0.072 0.1057838 0.05534763)
(0.072 0.04087537 0.05316272)
(0.072 0.03089477 0.05340268)
(0.072 -0.0288249 0.0606549)
(0.072 0.0642015 0.04407381)
(0.072 0.1071415 0.06363682)
(0.072 0.0108885 0.05379691)
(0.072 0.08635527 0.0536459)
(0.072 0.0961254 0.05419325)
(0.072 0.05067018 0.05270809)
(0.072 -0.01072146 0.05515069)
(0.072 0.07669541 0.05332948)
(0.072 0.0005008066 0.05406434)
(0.072 0.06733055 0.05281948)
(0.072 -0.02110159 0.05372386)
(0.072 0.05919097 0.05112444)
(-0.01326725 0.16 0.01052543)
(-0.005499616 0.16 0.01198766)
(0.003819965 0.16 0.01196048)
(0.01319981 0.16 0.01206361)
(0.02250728 0.16 0.01221608)
(0.0318046 0.16 0.01232212)
(0.04110723 0.16 0.01272485)
(0.05073463 0.16 0.01269393)
(0.05939681 0.16 0.01285343)
(0.05962243 0.16 0.02098056)
(0.06066058 0.16 0.02954067)
(0.06172934 0.16 0.03833634)
(0.06267664 0.16 0.04657634)
(0.06046579 0.16 0.055211)
(0.06141746 0.16 0.06631583)
(0.06188036 0.16 0.07620232)
(0.06164741 0.16 0.08649727)
(-0.01276057 0.16 0.09226433)
(0.008346947 0.16 0.09137083)
(0.02819234 0.16 0.09047434)
(0.0466245 0.16 0.08960909)
(-0.01989463 0.16 0.01962684)
(-0.01786976 0.16 0.03967877)
(-0.01773352 0.16 0.06041328)
(-0.01866078 0.16 0.0780666)
(-0.01601048 0.16 0.08495421)
(-0.002076618 0.16 0.09186487)
(0.01811195 0.16 0.09090786)
(0.03738581 0.16 0.09017437)
(0.05480765 0.16 0.08879029)
(-0.01838181 0.16 0.02873951)
(-0.01764491 0.16 0.050043)
(-0.01773175 0.16 0.06981091)
(-0.0191302 0.16 0.0123959)
(-0.001055341 0.16 0.02169478)
(0.007716166 0.16 0.02135023)
(0.0162383 0.16 0.0211419)
(0.0247814 0.16 0.02117664)
(0.03330216 0.16 0.02162931)
(0.04235938 0.16 0.02155339)
(0.05146427 0.16 0.02106429)
(-0.009645001 0.16 0.0762487)
(0.05300435 0.16 0.02881883)
(0.05495544 0.16 0.03666023)
(0.05710435 0.16 0.04523648)
(0.05566954 0.16 0.06233313)
(0.05765123 0.16 0.0706424)
(0.05648718 0.16 0.07873375)
(0.04989749 0.16 0.07974845)
(0.04210293 0.16 0.08066339)
(0.004739599 0.16 0.08456177)
(0.03332292 0.16 0.08155472)
(0.0238426 0.16 0.08260772)
(0.01426869 0.16 0.08380279)
(-0.01144365 0.16 0.02165054)
(-0.005758579 0.16 0.08467474)
(-0.009845399 0.16 0.05609013)
(-0.01012959 0.16 0.04602595)
(-0.009540045 0.16 0.06576299)
(-0.01071435 0.16 0.03515785)
(0.01214806 0.16 0.03017063)
(0.02000136 0.16 0.02977316)
(0.02779556 0.16 0.02989484)
(0.03606225 0.16 0.02965572)
(0.04472906 0.16 0.02907127)
(0.04719385 0.16 0.036287)
(0.05002583 0.16 0.04399826)
(0.0531721 0.16 0.05301944)
(0.03735302 0.16 0.07186787)
(0.02839164 0.16 0.07400435)
(-0.001874252 0.16 0.0511977)
(0.05260013 0.16 0.07039065)
(-0.0008472973 0.16 0.06994664)
(-0.003088661 0.16 0.04151809)
(0.04541002 0.16 0.07065651)
(0.004565816 0.16 0.03049453)
(0.01019112 0.16 0.07759382)
(-0.001191384 0.16 0.06072694)
(0.0190612 0.16 0.07597353)
(-0.003196824 0.16 0.03156668)
(0.000949212 0.16 0.07767002)
(0.01706882 0.16 0.03842236)
(0.02422041 0.16 0.0375279)
(0.03138999 0.16 0.03680512)
(0.03925709 0.16 0.03641215)
(0.03171999 0.16 0.06489701)
(0.04239656 0.16 0.04355512)
(0.04560943 0.16 0.05208079)
(0.04888896 0.16 0.06151349)
(0.002633699 0.16 0.03757938)
(0.009375967 0.16 0.03849586)
(0.006885686 0.16 0.05529019)
(0.006367217 0.16 0.07220885)
(0.004754612 0.16 0.04545715)
(0.04003366 0.16 0.0611567)
(0.01392412 0.16 0.06980686)
(0.007070651 0.16 0.06465497)
(0.02283362 0.16 0.06725779)
(0.03307472 0.16 0.05722729)
(0.02834331 0.16 0.0427464)
(0.03473128 0.16 0.04344781)
(0.03754848 0.16 0.05133211)
(0.01628671 0.16 0.05961531)
(0.01412817 0.16 0.04793646)
(0.02254739 0.16 0.04497984)
(0.02590645 0.16 0.05870722)
(0.02917572 0.16 0.05016595)
(0.02160889 0.16 0.05228095)
(-0.0210902 -0.06629773 0.104)
(-0.02089692 -0.05576688 0.104)
(-0.02122895 -0.04540395 0.104)
(-0.02114718 -0.03530442 0.104)
(-0.02097101 -0.02534437 0.104)
(-0.02100717 -0.01532923 0.104)
(-0.02115788 -0.005254205 0.104)
(-0.02129735 0.004838364 0.104)
(-0.02137688 0.01491058 0.104)
(-0.0214114 0.02495274 0.104)
(-0.0214264 0.03497273 0.104)
(-0.02143411 0.04497806 0.104)
(-0.02143899 0.05497238 0.104)
(-0.02144164 0.06495522 0.104)
(-0.02143995 0.07492163 0.104)
(-0.02143127 0.08485909 0.104)
(-0.02142445 0.09474177 0.104)
(-0.02144975 0.1045368 0.104)
(-0.02152036 0.1142321 0.104)
(-0.02158418 0.1238267 0.104)
(-0.02153875 0.1332854 0.104)
(-0.0213007 0.1425256 0.104)
(-0.02079301 0.15145 0.104)
(-0.01333751 -0.07171266 0.104)
(0.005509473 -0.07155325 0.104)
(0.02555283 -0.07142035 0.104)
(0.04584704 -0.07086803 0.104)
(0.06286363 -0.06603343 0.104)
(0.06286964 -0.04483731 0.104)
(0.06334732 -0.02466958 0.104)
(0.06350896 -0.004835017 0.104)
(0.06350473 0.01504745 0.104)
(0.06346973 0.03500627 0.104)
(0.06345321 0.05502074 0.104)
(0.06339139 0.07514141 0.104)
(0.06318938 0.09553704 0.104)
(0.0632054 0.1161696 0.104)
(0.0624208 0.1348477 0.104)
(-0.01118356 0.152442 0.104)
(-0.001349686 0.1531228 0.104)
(0.008671659 0.153409 0.104)
(0.01868516 0.1532429 0.104)
(0.02830386 0.1529582 0.104)
(0.03804533 0.1521516 0.104)
(0.04807135 0.1501897 0.104)
(0.06005968 0.1475682 0.104)
(-0.004389692 -0.07131404 0.104)
(0.01552715 -0.07154857 0.104)
(0.03574852 -0.07119282 0.104)
(0.05502104 -0.07138807 0.104)
(0.06242337 -0.0553113 0.104)
(0.06318671 -0.03467369 0.104)
(0.06344812 -0.01473808 0.104)
(0.06352793 0.00510306 0.104)
(0.06348347 0.02502035 0.104)
(0.06346096 0.04500528 0.104)
(0.0634352 0.06505609 0.104)
(0.06330708 0.08530129 0.104)
(0.06309835 0.1058657 0.104)
(0.06460545 0.1253127 0.104)
(0.0298631 -0.06279097 0.104)
(-0.01250597 -0.05064011 0.104)
(-0.01264294 -0.04052285 0.104)
(-0.01192923 -0.03079018 0.104)
(-0.01182304 -0.02077079 0.104)
(-0.01214398 -0.01059736 0.104)
(-0.0125152 -0.0003798298 0.104)
(-0.01273173 0.009789272 0.104)
(-0.01281677 0.01988656 0.104)
(-0.01285091 0.02993789 0.104)
(-0.01286669 0.03995939 0.104)
(-0.01287587 0.04995934 0.104)
(-0.01288153 0.05993939 0.104)
(-0.01288155 0.06989501 0.104)
(-0.01286677 0.07981393 0.104)
(-0.01282522 0.08966777 0.104)
(-0.01278746 0.09939308 0.104)
(-0.01285411 0.1089147 0.104)
(-0.01302399 0.1182352 0.104)
(-0.01311189 0.1273495 0.104)
(-0.01288034 0.136168 0.104)
(-0.01225513 0.1444939 0.104)
(0.05343407 -0.0494356 0.104)
(0.01024542 -0.06321699 0.104)
(0.05197226 -0.06099521 0.104)
(-0.01075636 -0.06170735 0.104)
(0.01983134 -0.06290609 0.104)
(0.0521879 0.1385479 0.104)
(0.05496489 -0.009533371 0.104)
(0.05479306 -0.01930556 0.104)
(0.05503576 0.01012582 0.104)
(0.05494345 0.03000358 0.104)
(0.05492304 0.05000505 0.104)
(0.05486825 0.07013194 0.104)
(0.05456528 0.09069697 0.104)
(0.05421428 0.1124011 0.104)
(0.05476934 0.1252225 0.104)
(0.0002713585 -0.06304399 0.104)
(0.04029737 -0.06214051 0.104)
(0.05459708 -0.02911856 0.104)
(-0.002979461 0.1460143 0.104)
(0.006601896 0.1468787 0.104)
(0.01643899 0.1466669 0.104)
(0.0259426 0.1456956 0.104)
(0.03393831 0.1456817 0.104)
(0.0542335 -0.03906992 0.104)
(0.05493061 0.03999464 0.104)
(0.05505859 0.0002646209 0.104)
(0.05498175 0.0200491 0.104)
(0.05491271 0.06004819 0.104)
(0.05476597 0.08033113 0.104)
(0.0543157 0.1013227 0.104)
(0.04216059 0.142134 0.104)
(0.04660569 -0.00442949 0.104)
(-0.002959079 -0.03668583 0.104)
(-0.002269806 -0.02658832 0.104)
(-0.002740363 -0.01615163 0.104)
(-0.003582344 -0.005694642 0.104)
(-0.004078527 0.004627643 0.104)
(-0.004227631 0.01478428 0.104)
(-0.004287977 0.02487812 0.104)
(-0.004314519 0.0349296 0.104)
(-0.004328219 0.04494764 0.104)
(-0.004336768 0.05493617 0.104)
(-0.004341552 0.06489302 0.104)
(-0.004336084 0.07480871 0.104)
(-0.004294035 0.08466569 0.104)
(-0.004163453 0.09442504 0.104)
(-0.004035889 0.1039546 0.104)
(-0.004245816 0.1130975 0.104)
(-0.004632944 0.1219774 0.104)
(-0.00471631 0.1305226 0.104)
(-0.004157523 0.1384937 0.104)
(0.0457957 -0.03309908 0.104)
(0.04529934 0.1071509 0.104)
(0.04641926 0.0349787 0.104)
(0.03368962 -0.05430369 0.104)
(0.04519046 0.1187708 0.104)
(0.04628982 -0.01400408 0.104)
(0.04639186 0.06506602 0.104)
(0.04651464 0.01508189 0.104)
(0.04641192 0.05500548 0.104)
(0.04643954 0.02499583 0.104)
(0.04571735 0.09613381 0.104)
(0.04612286 0.08553297 0.104)
(0.005362181 -0.05571395 0.104)
(0.04362001 -0.05261216 0.104)
(0.04602988 -0.02350233 0.104)
(0.004525768 0.1403372 0.104)
(0.01377917 0.1405698 0.104)
(0.0230484 0.1385123 0.104)
(0.04665247 0.005289696 0.104)
(0.04412782 0.1308624 0.104)
(0.02361254 -0.05443236 0.104)
(0.04516272 -0.04274749 0.104)
(0.03340838 0.1363711 0.104)
(-0.00507604 -0.04537243 0.104)
(-0.003186161 -0.05389706 0.104)
(0.04641444 0.04498272 0.104)
(0.04631882 0.07522334 0.104)
(0.01400647 -0.05384531 0.104)
(0.0379339 0.03995508 0.104)
(0.007619635 -0.02200906 0.104)
(0.005787272 -0.01103588 0.104)
(0.004506885 -0.0004929073 0.104)
(0.004351017 0.009636605 0.104)
(0.004252224 0.01977418 0.104)
(0.004207517 0.02987412 0.104)
(0.004187867 0.03992645 0.104)
(0.00417849 0.04993628 0.104)
(0.004171353 0.05990518 0.104)
(0.004165749 0.06982662 0.104)
(0.00417147 0.07968224 0.104)
(0.00425085 0.08945664 0.104)
(0.004638869 0.09915685 0.104)
(0.00503483 0.1085147 0.104)
(0.004150259 0.1171107 0.104)
(0.00337075 0.1255488 0.104)
(0.003370567 0.1330726 0.104)
(0.03595185 0.1126065 0.104)
(0.03806787 -0.008862045 0.104)
(0.03571982 0.1242457 0.104)
(0.03719786 -0.01801452 0.104)
(0.005140179 -0.04563889 0.104)
(0.007560876 -0.03387109 0.104)
(0.03733836 -0.02724503 0.104)
(0.037795 0.08022002 0.104)
(0.03790853 0.07005688 0.104)
(0.03604153 -0.04535012 0.104)
(0.01057978 0.1352057 0.104)
(0.02761394 -0.04730386 0.104)
(0.01755381 -0.04336194 0.104)
(0.03793312 0.05999559 0.104)
(0.03650086 0.1014758 0.104)
(0.03849104 0.0006157408 0.104)
(0.03793517 0.04997219 0.104)
(0.02674456 0.1289189 0.104)
(0.03745681 0.09059461 0.104)
(0.03798325 0.01997338 0.104)
(0.03793896 0.02994674 0.104)
(0.01826997 0.1325746 0.104)
(0.03811741 0.01011991 0.104)
(0.03698293 -0.03646923 0.104)
(0.02685684 0.1180117 0.104)
(0.02832047 -0.0121109 0.104)
(0.01263597 -0.00508471 0.104)
(0.01295675 0.004381294 0.104)
(0.01277172 0.01459831 0.104)
(0.01268835 0.02478196 0.104)
(0.01266087 0.03489088 0.104)
(0.01265138 0.04493212 0.104)
(0.01264939 0.05492724 0.104)
(0.01264046 0.0648668 0.104)
(0.01262682 0.07474298 0.104)
(0.01260364 0.08449519 0.104)
(0.01266294 0.09409738 0.104)
(0.01396133 0.103937 0.104)
(0.01542367 0.1138445 0.104)
(0.01098328 0.1215685 0.104)
(0.01134006 0.1285783 0.104)
(0.02949124 0.04494477 0.104)
(0.0288145 0.0951847 0.104)
(0.02946034 0.0749534 0.104)
(0.02764649 -0.02203359 0.104)
(0.0191095 0.1237878 0.104)
(0.02931378 0.08497372 0.104)
(0.02739814 -0.03891473 0.104)
(0.02949672 0.06495566 0.104)
(0.02570299 0.1065165 0.104)
(0.01882054 -0.02961654 0.104)
(0.02944285 -0.03083706 0.104)
(0.0174123 -0.01511931 0.104)
(0.02949837 0.05495708 0.104)
(0.02948388 0.03491084 0.104)
(0.02950624 0.02486009 0.104)
(0.02957386 0.014822 0.104)
(0.03100539 -0.003723097 0.104)
(0.02126417 0.009285075 0.104)
(0.02108193 0.02984229 0.104)
(0.02108363 0.04994216 0.104)
(0.02107368 0.06985633 0.104)
(0.02090433 0.08927017 0.104)
(0.02172547 -0.002500284 0.104)
(0.02980163 0.004968389 0.104)
(0.02108621 0.05992585 0.104)
(0.02113058 0.0196823 0.104)
(0.02107523 0.03992224 0.104)
(0.02102906 0.07969608 0.104)
(0.02056315 0.0980495 0.104)
(-0.01172291 -0.08 0.009555058)
(0.007404787 -0.08 0.01176718)
(0.02762705 -0.08 0.01297183)
(0.04726076 -0.08 0.01374338)
(0.06085182 -0.08 0.01740615)
(0.05985984 -0.08 0.03954968)
(0.05822472 -0.08 0.06001801)
(0.05727538 -0.08 0.0792937)
(-0.01439404 -0.08 0.09040806)
(-0.005000803 -0.08 0.09004286)
(0.004433186 -0.08 0.09051302)
(0.0141952 -0.08 0.09097444)
(0.02396969 -0.08 0.09152422)
(0.03372939 -0.08 0.09229766)
(0.04392417 -0.08 0.0925483)
(0.05479235 -0.08 0.09283038)
(-0.01868463 -0.08 0.01808165)
(-0.01702467 -0.08 0.02585345)
(-0.01685306 -0.08 0.03519693)
(-0.01693066 -0.08 0.04459784)
(-0.01674112 -0.08 0.05419969)
(-0.01710286 -0.08 0.06444192)
(-0.01883881 -0.08 0.07412313)
(-0.01704101 -0.08 0.0816895)
(-0.00294387 -0.08 0.01102307)
(0.01744413 -0.08 0.01233944)
(0.03734139 -0.08 0.01354807)
(0.05495193 -0.08 0.0124166)
(0.06034645 -0.08 0.0288498)
(0.05889979 -0.08 0.04963113)
(0.05761103 -0.08 0.06974171)
(0.05854339 -0.08 0.08690862)
(-0.01814131 -0.08 0.01144129)
(0.003556722 -0.08 0.01948194)
(0.04733176 -0.08 0.07471719)
(0.05229011 -0.08 0.02452072)
(0.02282466 -0.08 0.0218229)
(0.04865041 -0.08 0.06517076)
(0.0538731 -0.08 0.03534947)
(0.04186886 -0.08 0.02460577)
(0.05020814 -0.08 0.05537593)
(0.01320091 -0.08 0.02034652)
(0.05186765 -0.08 0.04473339)
(-0.008269322 -0.08 0.08047689)
(0.04767906 -0.08 0.08453284)
(-0.009001372 -0.08 0.01892363)
(0.0004409364 -0.08 0.08129596)
(0.00939191 -0.08 0.08240608)
(0.01880228 -0.08 0.08351121)
(0.02870633 -0.08 0.0848709)
(0.0378719 -0.08 0.08658347)
(-0.008421963 -0.08 0.02969925)
(-0.008655184 -0.08 0.03844771)
(-0.008559399 -0.08 0.04718182)
(-0.009023981 -0.08 0.05722263)
(-0.01054015 -0.08 0.06979812)
(0.0321066 -0.08 0.02321697)
(0.0263866 -0.08 0.03113733)
(0.04504892 -0.08 0.0370916)
(0.009119939 -0.08 0.02705939)
(0.03625595 -0.08 0.07816226)
(0.04089003 -0.08 0.05979841)
(0.01754676 -0.08 0.02869332)
(0.04302635 -0.08 0.04956263)
(-0.001560174 -0.08 0.07129937)
(0.006754577 -0.08 0.07308276)
(0.01562976 -0.08 0.07481537)
(0.02523187 -0.08 0.07669365)
(-0.0005755574 -0.08 0.03433889)
(-0.0007228163 -0.08 0.04196862)
(-0.001320073 -0.08 0.05071021)
(-0.002012214 -0.08 0.06089548)
(0.0001554562 -0.08 0.02692998)
(0.03512387 -0.08 0.03371644)
(0.03906562 -0.08 0.06873742)
(0.01251028 -0.08 0.03423188)
(0.0354675 -0.08 0.04423703)
(0.03343174 -0.08 0.05422519)
(0.005684143 -0.08 0.06339147)
(0.01428332 -0.08 0.06570315)
(0.02320598 -0.08 0.06842586)
(0.006391708 -0.08 0.03829872)
(0.03101399 -0.08 0.07113839)
(0.00588115 -0.08 0.04603382)
(0.03173879 -0.08 0.0635154)
(0.02026519 -0.08 0.03700807)
(0.005520365 -0.08 0.03217177)
(0.005413253 -0.08 0.05447723)
(0.02772736 -0.08 0.04003547)
(0.0130155 -0.08 0.05701508)
(0.02302153 -0.08 0.05834005)
(0.0215406 -0.08 0.043784)
(0.01378227 -0.08 0.04272972)
(0.0265989 -0.08 0.04846735)
(0.01129937 -0.08 0.05008765)
(0.01820969 -0.08 0.05007064)
(-0.03 -0.07132633 0.01889276)
(-0.03 -0.07125544 0.03792622)
(-0.03 -0.07174919 0.058123)
(-0.03 -0.07127251 0.07823549)
(-0.03 -0.06625207 0.0950364)
(-0.03 -0.04515096 0.09507992)
(-0.03 -0.02494578 0.09482586)
(-0.03 -0.005015362 0.09466253)
(-0.03 0.01501113 0.09476949)
(-0.03 0.03503082 0.09481068)
(-0.03 0.05503578 0.09482716)
(-0.03 0.07503942 0.09482632)
(-0.03 0.09506043 0.0948218)
(-0.03 0.115053 0.0948464)
(-0.03 0.1347979 0.09457984)
(-0.03 0.1510382 0.01666261)
(-0.03 0.1511742 0.02763877)
(-0.03 0.151272 0.038159)
(-0.03 0.1512382 0.0485299)
(-0.03 0.1512564 0.0588107)
(-0.03 0.1515873 0.06891118)
(-0.03 0.1513983 0.07931318)
(-0.03 0.1513267 0.0898626)
(-0.03 -0.06593537 0.01108281)
(-0.03 -0.05507806 0.01156654)
(-0.03 -0.04444875 0.01120258)
(-0.03 -0.03414811 0.01096867)
(-0.03 -0.02403393 0.01088032)
(-0.03 -0.01400732 0.01086732)
(-0.03 -0.004021065 0.01089773)
(-0.03 0.005950725 0.01094151)
(-0.03 0.01592462 0.01097631)
(-0.03 0.02590705 0.01099621)
(-0.03 0.03589746 0.01100499)
(-0.03 0.04589294 0.0110085)
(-0.03 0.05589095 0.01101091)
(-0.03 0.06588947 0.0110142)
(-0.03 0.07588568 0.01101723)
(-0.03 0.08587291 0.01101095)
(-0.03 0.09583441 0.01096577)
(-0.03 0.1057377 0.01081054)
(-0.03 0.1155678 0.01048335)
(-0.03 0.1253372 0.01018171)
(-0.03 0.1340665 0.009140153)
(-0.03 0.1421629 0.01221652)
(-0.03 -0.07083289 0.02795894)
(-0.03 -0.07162051 0.04803683)
(-0.03 -0.07162303 0.06824229)
(-0.03 -0.0716701 0.08726342)
(-0.03 -0.05561727 0.09476176)
(-0.03 -0.03495624 0.09504117)
(-0.03 -0.01498821 0.09468795)
(-0.03 0.004994737 0.09472016)
(-0.03 0.02502108 0.0947865)
(-0.03 0.04503456 0.09481773)
(-0.03 0.06503783 0.09481703)
(-0.03 0.08504899 0.09481745)
(-0.03 0.1050653 0.09481941)
(-0.03 0.1250422 0.09471234)
(-0.03 0.1436436 0.09527709)
(-0.03 -0.06201788 0.03318206)
(-0.03 -0.06164888 0.08461835)
(-0.03 -0.06349282 0.05325791)
(-0.03 -0.03986832 0.08639277)
(-0.03 -0.02000629 0.08536176)
(-0.03 -0.05023921 0.08620817)
(-0.03 -2.081427e-05 0.08537284)
(-0.03 0.02004434 0.08554287)
(-0.03 0.040069 0.0856162)
(-0.03 0.06007316 0.08563826)
(-0.03 0.08008107 0.08564058)
(-0.03 0.1001447 0.08561335)
(-0.03 0.120076 0.08576623)
(-0.03 -0.01006053 0.08522894)
(-0.03 -0.06302664 0.07326528)
(-0.03 -0.06303324 0.04332766)
(-0.03 -0.06074653 0.02185249)
(-0.03 -0.02990097 0.08583378)
(-0.03 0.1422205 0.02284287)
(-0.03 0.1411936 0.08461494)
(-0.03 0.1426258 0.03349768)
(-0.03 0.1425772 0.04393542)
(-0.03 0.142406 0.05445768)
(-0.03 0.1425215 0.06489217)
(-0.03 0.1438599 0.07430786)
(-0.03 -0.04881779 0.02053606)
(-0.03 -0.03816987 0.01996771)
(-0.03 -0.02797695 0.01977073)
(-0.03 -0.01794771 0.01971751)
(-0.03 -0.007989409 0.01976978)
(-0.03 0.001941602 0.0198686)
(-0.03 0.01188026 0.01995234)
(-0.03 0.02183951 0.02000152)
(-0.03 0.03181703 0.02002304)
(-0.03 0.04180588 0.02003061)
(-0.03 0.05180062 0.02003436)
(-0.03 0.06179826 0.02003977)
(-0.03 0.071797 0.02004922)
(-0.03 0.08179498 0.02005781)
(-0.03 0.09178397 0.02004039)
(-0.03 0.1017328 0.01991403)
(-0.03 0.1115464 0.01944471)
(-0.03 0.1212619 0.0184806)
(-0.03 0.1323762 0.01836485)
(-0.03 -0.06354974 0.06309327)
(-0.03 0.1303351 0.08510058)
(-0.03 0.03006323 0.08560397)
(-0.03 0.01001996 0.0854866)
(-0.03 0.05007052 0.0856183)
(-0.03 0.07007057 0.08561626)
(-0.03 0.09010678 0.08562796)
(-0.03 0.1101624 0.08565069)
(-0.03 0.1339683 0.07321366)
(-0.03 -0.05536389 0.05819427)
(-0.03 0.1154031 0.07636631)
(-0.03 0.02509141 0.07627862)
(-0.03 -0.04442018 0.07827008)
(-0.03 0.05510726 0.0763658)
(-0.03 -0.05421693 0.03946357)
(-0.03 0.04510438 0.07634645)
(-0.03 0.01507509 0.07622076)
(-0.03 0.07509488 0.07635558)
(-0.03 0.09518269 0.07636545)
(-0.03 0.1246526 0.07723567)
(-0.03 -0.05204675 0.03005135)
(-0.03 -0.01524947 0.07550277)
(-0.03 0.1340282 0.03918184)
(-0.03 0.1338128 0.04964917)
(-0.03 0.1332613 0.06079936)
(-0.03 -0.04167177 0.02897688)
(-0.03 -0.05413641 0.07721007)
(-0.03 -0.0316502 0.02873561)
(-0.03 -0.02171214 0.02858757)
(-0.03 -0.01182305 0.02863553)
(-0.03 -0.0019709 0.02881563)
(-0.03 0.007906451 0.02897637)
(-0.03 0.01782905 0.02907299)
(-0.03 0.02778687 0.02911509)
(-0.03 0.03776491 0.02912916)
(-0.03 0.04775288 0.02913445)
(-0.03 0.05774722 0.02913941)
(-0.03 0.06774492 0.02915144)
(-0.03 0.07775071 0.02917126)
(-0.03 0.08777304 0.0291921)
(-0.03 0.09782935 0.02916998)
(-0.03 0.1079021 0.02897121)
(-0.03 0.1175612 0.02779354)
(-0.03 -0.05554933 0.06750301)
(-0.03 0.1053112 0.07635295)
(-0.03 -0.0552978 0.04895078)
(-0.03 0.005030603 0.07608928)
(-0.03 -0.03493785 0.07722907)
(-0.03 0.03510079 0.07632656)
(-0.03 0.1340909 0.02907597)
(-0.03 0.0650879 0.07633742)
(-0.03 0.0851162 0.07636751)
(-0.03 -0.005081821 0.07579506)
(-0.03 0.1261687 0.02560396)
(-0.03 -0.02520746 0.07597311)
(-0.03 0.06008668 0.06693008)
(-0.03 5.674694e-05 0.06644876)
(-0.03 0.08006438 0.06696228)
(-0.03 -0.04766898 0.0454967)
(-0.03 -0.04451061 0.03777104)
(-0.03 -0.0350024 0.03795106)
(-0.03 0.1252995 0.03442733)
(-0.03 0.04010941 0.06692262)
(-0.03 0.07007316 0.06693887)
(-0.03 0.02013264 0.06686325)
(-0.03 0.1254688 0.04415709)
(-0.03 0.03010654 0.06688832)
(-0.03 0.1249259 0.05483243)
(-0.03 -0.02526533 0.03753625)
(-0.03 -0.01548831 0.03747721)
(-0.03 -0.005800019 0.03780303)
(-0.03 0.003963752 0.0380896)
(-0.03 0.01383217 0.03826199)
(-0.03 0.02376727 0.03833872)
(-0.03 0.03372912 0.03836004)
(-0.03 0.04370355 0.03837267)
(-0.03 0.05369212 0.03837199)
(-0.03 0.0636814 0.03838698)
(-0.03 0.07368119 0.03840226)
(-0.03 0.08369457 0.03844527)
(-0.03 0.09377667 0.03848027)
(-0.03 0.1040442 0.03848844)
(-0.03 0.115256 0.03856655)
(-0.03 -0.01010914 0.06593807)
(-0.03 0.01010456 0.06673336)
(-0.03 0.05011193 0.06694708)
(-0.03 0.1107217 0.06698118)
(-0.03 -0.04736691 0.06290493)
(-0.03 0.1226294 0.06659163)
(-0.03 0.09009862 0.06698222)
(-0.03 -0.04828033 0.07107687)
(-0.03 -0.02106693 0.06465741)
(-0.03 -0.04693502 0.05395084)
(-0.03 0.1002611 0.06702059)
(-0.03 -0.04029782 0.06929472)
(-0.03 0.005124049 0.05704771)
(-0.03 0.08490075 0.05743417)
(-0.03 -0.004630279 0.05665286)
(-0.03 -0.03846024 0.04815501)
(-0.03 -0.03130078 0.06721074)
(-0.03 -0.02859204 0.04664806)
(-0.03 0.1179918 0.04859355)
(-0.03 -0.01898582 0.04614965)
(-0.03 -0.009690827 0.04683327)
(-0.03 -0.0001420033 0.04731664)
(-0.03 0.009674567 0.04759398)
(-0.03 0.01960976 0.04773023)
(-0.03 0.02958584 0.0477586)
(-0.03 0.03948729 0.04778819)
(-0.03 0.04951738 0.04777331)
(-0.03 0.0594449 0.04780212)
(-0.03 0.06948763 0.04779373)
(-0.03 0.07941301 0.04785071)
(-0.03 0.0894531 0.04789998)
(-0.03 0.09948918 0.04796652)
(-0.03 0.1150597 0.05747969)
(-0.03 0.04500051 0.05735581)
(-0.03 0.09495596 0.05751842)
(-0.03 0.02507866 0.05733072)
(-0.03 0.1049893 0.05758343)
(-0.03 -0.03882162 0.05951884)
(-0.03 0.07493917 0.05739201)
(-0.03 0.06499623 0.057361)
(-0.03 0.03502901 0.05735038)
(-0.03 -0.01407728 0.05586442)
(-0.03 0.1092305 0.04806118)
(-0.03 0.01505673 0.05727537)
(-0.03 0.0549537 0.05736489)
(-0.03 -0.02245021 0.05408925)
(-0.03 -0.03020461 0.0567788)
(-0.02106867 -0.06627525 0.002)
(-0.02138336 -0.04533902 0.002)
(-0.02185498 -0.02536653 0.002)
(-0.02142774 -0.004746314 0.002)
(-0.01901451 0.01565464 0.002)
(-0.02130744 0.03513327 0.002)
(-0.02198464 0.05501995 0.002)
(-0.0215402 0.07512186 0.002)
(-0.0214193 0.0950443 0.002)
(-0.02171793 0.1148827 0.002)
(-0.02128121 0.134639 0.002)
(-0.01329312 -0.07168283 0.002)
(-0.004280461 -0.07125465 0.002)
(0.005636351 -0.07157686 0.002)
(0.01559829 -0.07172137 0.002)
(0.02542756 -0.07171067 0.002)
(0.03514611 -0.07163923 0.002)
(0.04471821 -0.07149949 0.002)
(0.05409023 -0.07125839 0.002)
(0.06319442 -0.07082897 0.002)
(-0.01598299 0.1511256 0.002)
(0.005359979 0.1510019 0.002)
(0.02602378 0.1509277 0.002)
(0.04725364 0.1500271 0.002)
(0.06414805 -0.06129813 0.002)
(0.06485125 -0.05162316 0.002)
(0.06538987 -0.04191404 0.002)
(0.06580001 -0.03217618 0.002)
(0.06596469 -0.02222691 0.002)
(0.06558612 -0.01182488 0.002)
(0.06462655 -0.001056039 0.002)
(0.064236 0.009007016 0.002)
(0.06405453 0.01916865 0.002)
(0.06410411 0.0288367 0.002)
(0.06445192 0.03827397 0.002)
(0.06471497 0.04779741 0.002)
(0.06416122 0.05770591 0.002)
(0.06410555 0.0676767 0.002)
(0.06405204 0.07759073 0.002)
(0.06403035 0.08749236 0.002)
(0.06408688 0.09737301 0.002)
(0.06429993 0.1071146 0.002)
(0.06480227 0.1165576 0.002)
(0.06452782 0.126317 0.002)
(0.06277645 0.1361689 0.002)
(0.0599076 0.1480524 0.002)
(0.0005415284 -0.002254996 0.002)
(0.004822019 -0.001842089 0.002)
(0.008826696 -0.001988152 0.002)
(0.01297645 -0.001880649 0.002)
(0.01693851 -0.001877924 0.002)
(0.02092694 -0.001859882 0.002)
(0.0249418 -0.002019808 0.002)
(0.02899196 -0.00192103 0.002)
(0.03294151 -0.001894616 0.002)
(0.0372205 -0.001969047 0.002)
(0.04176995 -0.002196446 0.002)
(0.04434278 0.0007501463 0.002)
(0.04419897 0.004657276 0.002)
(0.04420145 0.009012372 0.002)
(0.04420189 0.01272931 0.002)
(0.04437889 0.01682685 0.002)
(0.04416634 0.02103041 0.002)
(0.04397107 0.02496218 0.002)
(0.04419921 0.02913681 0.002)
(0.04431293 0.03340504 0.002)
(0.0441415 0.03719563 0.002)
(0.0002893522 0.04234911 0.002)
(0.002522527 0.04219192 0.002)
(0.004688903 0.04204416 0.002)
(0.006707756 0.04186536 0.002)
(0.008796646 0.04186209 0.002)
(0.01078193 0.0420226 0.002)
(0.01297398 0.04206492 0.002)
(0.01495226 0.04201255 0.002)
(0.01693954 0.04189436 0.002)
(0.01894752 0.04188141 0.002)
(0.02095987 0.04197914 0.002)
(0.02301579 0.04204795 0.002)
(0.02507267 0.04198729 0.002)
(0.02707565 0.04190365 0.002)
(0.02906134 0.04187524 0.002)
(0.03095857 0.04187058 0.002)
(0.03303443 0.04190886 0.002)
(0.03521337 0.04209968 0.002)
(0.03729753 0.04211239 0.002)
(0.03947797 0.04213999 0.002)
(0.04178579 0.04224304 0.002)
(-0.002100479 0.0002322077 0.002)
(-0.002225494 0.002511869 0.002)
(-0.002523245 0.004629434 0.002)
(-0.00270976 0.006893488 0.002)
(-0.002493099 0.009098382 0.002)
(-0.0022316 0.01118123 0.002)
(-0.002101912 0.01326081 0.002)
(-0.001795516 0.01505808 0.002)
(-0.002215473 0.01693415 0.002)
(-0.002197225 0.01917441 0.002)
(-0.002139649 0.02121079 0.002)
(-0.002077627 0.0232641 0.002)
(-0.001750185 0.02508396 0.002)
(-0.002071755 0.02691317 0.002)
(-0.002119051 0.02896667 0.002)
(-0.00207148 0.03114484 0.002)
(-0.002051502 0.03320311 0.002)
(-0.002125597 0.03523793 0.002)
(-0.002228779 0.03738914 0.002)
(-0.002501418 0.0396074 0.002)
(-0.0208911 -0.05571387 0.002)
(-0.02167602 -0.03530709 0.002)
(-0.02187948 -0.01516164 0.002)
(-0.01927212 0.005666779 0.002)
(-0.01918896 0.0255343 0.002)
(-0.02191176 0.04485608 0.002)
(-0.02175038 0.06514338 0.002)
(-0.02143583 0.08509642 0.002)
(-0.02151902 0.1049814 0.002)
(-0.02167801 0.1248423 0.002)
(-0.02155849 0.143503 0.002)
(-0.005227438 0.1506954 0.002)
(0.01571265 0.1510908 0.002)
(0.03640637 0.1506214 0.002)
(0.002743368 -0.002043573 0.002)
(0.006871655 -0.001816948 0.002)
(-0.001989679 -0.002216537 0.002)
(0.01083406 -0.002012362 0.002)
(0.01496796 -0.0017988 0.002)
(0.01884984 -0.001801617 0.002)
(0.02292132 -0.002010282 0.002)
(0.02698085 -0.001917024 0.002)
(0.03093716 -0.002025619 0.002)
(0.03519147 -0.001899497 0.002)
(0.03941035 -0.002080401 0.002)
(0.04470386 -0.001703821 0.002)
(0.04375739 0.002769409 0.002)
(0.04442306 0.006882393 0.002)
(0.04374312 0.01091056 0.002)
(0.0443192 0.0147623 0.002)
(0.04427163 0.0189753 0.002)
(0.04419742 0.02294872 0.002)
(0.04399392 0.02712693 0.002)
(0.0444653 0.03132012 0.002)
(0.0438054 0.03525574 0.002)
(0.04460599 0.04205521 0.002)
(0.04443774 0.03946196 0.002)
(-0.002451462 0.04223199 0.002)
(-0.001786556 0.04507576 0.002)
(0.03088375 0.1416286 0.002)
(-0.01388146 -0.02096266 0.002)
(-0.01302835 0.0001726542 0.002)
(-0.01251026 0.02055398 0.002)
(-0.01396979 0.03974945 0.002)
(-0.01375531 0.0602673 0.002)
(-0.012904 0.08021816 0.002)
(-0.01285114 0.1001312 0.002)
(-0.01371154 0.1196859 0.002)
(-0.01141174 0.1406209 0.002)
(-0.01250922 -0.05041448 0.002)
(-0.01071721 -0.06167969 0.002)
(0.0006195075 -0.06294029 0.002)
(0.01063794 -0.06339139 0.002)
(0.02011433 -0.06338986 0.002)
(0.02948592 -0.06328257 0.002)
(0.03865598 -0.06307025 0.002)
(0.0475367 -0.0627046 0.002)
(0.0559795 -0.06215083 0.002)
(0.02386566 -0.004519735 0.002)
(0.01046977 0.1422956 0.002)
(9.088478e-05 0.141855 0.002)
(0.05206569 0.1398863 0.002)
(0.02793215 -0.004029956 0.002)
(0.001512864 -0.004868031 0.002)
(-0.004914617 -0.001737929 0.002)
(0.00582708 -0.003748126 0.002)
(0.05741034 -0.0528234 0.002)
(0.05850071 -0.04344445 0.002)
(0.0593776 -0.03412511 0.002)
(0.06001985 -0.02472608 0.002)
(0.05981838 -0.01464544 0.002)
(0.05791277 -0.002651673 0.002)
(0.05657688 0.007982885 0.002)
(0.05638016 0.01821718 0.002)
(0.05615697 0.02833668 0.002)
(0.0568991 0.03715107 0.002)
(0.05811205 0.0448486 0.002)
(0.0562759 0.05507161 0.002)
(0.05623941 0.06533364 0.002)
(0.05608286 0.07511213 0.002)
(0.05600415 0.08494066 0.002)
(0.05604256 0.09482583 0.002)
(0.05624742 0.1046543 0.002)
(0.05686078 0.1140237 0.002)
(0.05828242 0.1221439 0.002)
(-0.001206132 -0.005023994 0.002)
(0.003916399 -0.004361801 0.002)
(0.01792372 -0.004309062 0.002)
(0.01208708 -0.004386531 0.002)
(0.02172925 -0.004388691 0.002)
(0.0158846 -0.004319777 0.002)
(0.02600778 -0.004438615 0.002)
(0.01986239 -0.003843925 0.002)
(0.0320844 -0.004537762 0.002)
(0.03604998 -0.004224021 0.002)
(0.04098129 -0.004841134 0.002)
(0.0464769 0.002648059 0.002)
(0.04742501 0.00793092 0.002)
(0.0469539 0.01546806 0.002)
(0.04740463 0.01768619 0.002)
(0.04737226 0.02192349 0.002)
(0.04582307 0.02600612 0.002)
(0.04728036 0.03021537 0.002)
(0.04678185 0.03823242 0.002)
(0.02068297 0.1421678 0.002)
(-0.01402665 -0.01012238 0.002)
(0.009865065 -0.004628114 0.002)
(0.00344509 0.04460059 0.002)
(0.005735958 0.04426311 0.002)
(0.007721385 0.04384776 0.002)
(0.009608565 0.04440027 0.002)
(0.01174835 0.04438617 0.002)
(0.01398361 0.04438878 0.002)
(0.01607237 0.04446133 0.002)
(0.01797033 0.04387909 0.002)
(0.01988195 0.04438915 0.002)
(0.021974 0.04425595 0.002)
(0.0241951 0.04423874 0.002)
(0.02633413 0.04444274 0.002)
(0.02820646 0.04392596 0.002)
(0.03015478 0.04427463 0.002)
(0.03197005 0.04383494 0.002)
(0.03399598 0.04442331 0.002)
(0.03625899 0.04462575 0.002)
(0.03861809 0.0445297 0.002)
(0.04115097 0.04468576 0.002)
(-0.005545701 0.04156461 0.002)
(-0.01349274 -0.03070008 0.002)
(-0.005141181 0.003019271 0.002)
(-0.005634894 0.005452249 0.002)
(-0.005607861 0.00794226 0.002)
(-0.005163532 0.01042983 0.002)
(-0.004467746 0.0126586 0.002)
(-0.004973559 0.01527671 0.002)
(-0.004440152 0.01790346 0.002)
(-0.004885346 0.02025099 0.002)
(-0.004426933 0.02255555 0.002)
(-0.005030743 0.02517471 0.002)
(-0.004394086 0.02774724 0.002)
(-0.004728534 0.03001738 0.002)
(-0.004143902 0.03215083 0.002)
(-0.004850454 0.03422082 0.002)
(-0.004523432 0.03638327 0.002)
(-0.005284293 0.03865181 0.002)
(0.01395861 -0.003791212 0.002)
(0.001053094 0.04486714 0.002)
(-0.004387278 0.0008376338 0.002)
(0.007795514 -0.004312064 0.002)
(0.04785719 -0.0002478589 0.002)
(0.04415851 0.04513109 0.002)
(-0.01273452 0.01105658 0.002)
(-0.0125789 0.03164591 0.002)
(-0.01444091 0.04975687 0.002)
(-0.01321599 0.0703027 0.002)
(-0.01277467 0.09015719 0.002)
(-0.01315708 0.110005 0.002)
(-0.01316519 0.1296737 0.002)
(-0.004682572 -0.004979906 0.002)
(0.04129039 0.1409881 0.002)
(0.04813762 -0.004232421 0.002)
(-0.01316703 -0.04029361 0.002)
(0.02988843 -0.004572612 0.002)
(0.05538769 0.1303501 0.002)
(-0.005229202 0.04504853 0.002)
(0.04418912 -0.004952231 0.002)
(0.0383779 -0.004488192 0.002)
(0.03408069 -0.003927699 0.002)
(0.04799592 0.04500702 0.002)
(0.04683661 0.005275051 0.002)
(0.0463483 0.0106708 0.002)
(0.0474003 0.01304768 0.002)
(0.04670189 0.01987095 0.002)
(0.04670478 0.02405942 0.002)
(0.04666201 0.02795314 0.002)
(0.04749446 0.03283086 0.002)
(0.04689296 0.03551829 0.002)
(0.04780361 0.04098286 0.002)
(-0.004336763 0.1054172 0.002)
(0.02224151 -0.007608145 0.002)
(0.0504366 0.03827701 0.002)
(-0.004473049 0.07546651 0.002)
(-0.004842961 -0.04458679 0.002)
(-0.003591186 0.04935045 0.002)
(0.0519453 -0.002210185 0.002)
(-0.003406779 -0.05411678 0.002)
(-0.006422322 0.124027 0.002)
(0.01529592 -0.05503173 0.002)
(0.02418122 -0.0549553 0.002)
(0.03306351 -0.0547642 0.002)
(0.04163503 -0.05432909 0.002)
(0.04967702 -0.05370391 0.002)
(0.04707662 -0.008759839 0.002)
(0.04268317 -0.008361961 0.002)
(0.05132311 -0.04465836 0.002)
(0.05263336 -0.03573839 0.002)
(0.05383165 -0.02710489 0.002)
(0.05452303 -0.01837049 0.002)
(0.05091745 0.004050443 0.002)
(0.04820607 0.05534456 0.002)
(0.04834355 0.06339767 0.002)
(0.04801264 0.07248472 0.002)
(0.04786845 0.08206864 0.002)
(0.04787487 0.09195784 0.002)
(0.04805771 0.1020086 0.002)
(0.04847053 0.1122371 0.002)
(0.05017658 0.1220952 0.002)
(0.0002133767 -0.008219241 0.002)
(-0.008626778 0.03991854 0.002)
(0.04648746 0.04950363 0.002)
(-0.008925448 -0.00411515 0.002)
(-0.004086725 0.09533141 0.002)
(0.05100896 0.01503062 0.002)
(0.05030397 0.02786359 0.002)
(0.0455193 0.1313304 0.002)
(-0.009685264 0.04391517 0.002)
(0.01151734 -0.00769989 0.002)
(0.03539821 0.1318867 0.002)
(0.007580389 0.04704802 0.002)
(0.01035317 0.04744369 0.002)
(0.01281915 0.04685513 0.002)
(0.01525893 0.04757978 0.002)
(0.01801474 0.04724157 0.002)
(0.02081353 0.04728947 0.002)
(0.02317413 0.04660638 0.002)
(0.02557991 0.04715412 0.002)
(0.02880122 0.04759128 0.002)
(0.03182328 0.0466483 0.002)
(0.03457469 0.04744004 0.002)
(0.03751244 0.04738465 0.002)
(0.04001405 0.04709685 0.002)
(-0.01047814 0.006292982 0.002)
(-0.008526684 0.009656897 0.002)
(-0.007850823 0.01278013 0.002)
(-0.01061801 0.01567623 0.002)
(-0.007782042 0.0184445 0.002)
(-0.007825197 0.02230184 0.002)
(-0.01076021 0.02563096 0.002)
(-0.007793837 0.02840947 0.002)
(-0.007386991 0.0321181 0.002)
(-0.008298655 0.03598059 0.002)
(-0.003657899 0.1324532 0.002)
(-0.005042396 0.06560611 0.002)
(-0.005408815 -0.02669124 0.002)
(0.02531001 0.1328393 0.002)
(-0.002923061 -0.008152774 0.002)
(0.01686988 -0.007322584 0.002)
(0.01558057 0.1337312 0.002)
(0.04269067 0.04840987 0.002)
(0.005769503 0.1334015 0.002)
(0.006288056 -0.05528348 0.002)
(-0.006192593 0.05576238 0.002)
(0.03091719 -0.007874302 0.002)
(0.05028113 0.01001655 0.002)
(-0.004975185 0.1152926 0.002)
(0.05318623 -0.008722768 0.002)
(0.05178238 0.03452356 0.002)
(-0.004153834 0.08532786 0.002)
(0.005909105 -0.006324361 0.002)
(0.05118885 0.02363817 0.002)
(0.0525106 0.04270475 0.002)
(0.003349323 -0.007571163 0.002)
(0.01967066 -0.006554799 0.002)
(-0.008267604 0.04896116 0.002)
(0.02782857 -0.007285958 0.002)
(0.03404476 -0.006875354 0.002)
(0.03936095 -0.007614327 0.002)
(0.04836463 0.02589216 0.002)
(0.03679407 -0.006679509 0.002)
(0.05017846 0.0195767 0.002)
(0.05058242 0.03109259 0.002)
(-0.00765736 8.173244e-05 0.002)
(0.004960178 0.04693027 0.002)
(0.05175786 0.04894449 0.002)
(0.008532722 -0.007487244 0.002)
(-0.004826769 -0.03557374 0.002)
(-0.008548948 0.003185159 0.002)
(-0.0003680146 0.04801471 0.002)
(-0.006152216 -0.01758463 0.002)
(0.002431994 0.04797115 0.002)
(0.01409484 -0.006448048 0.002)
(0.04056814 0.0606159 0.002)
(0.01913401 -0.04650727 0.002)
(0.04923341 -0.01413853 0.002)
(0.002388066 -0.02335606 0.002)
(0.0277796 -0.04658922 0.002)
(0.0359525 -0.04618997 0.002)
(0.04382498 -0.04557317 0.002)
(0.04427406 -0.01231472 0.002)
(0.004407499 0.08055511 0.002)
(0.02501395 -0.007114157 0.002)
(0.04559853 -0.03698457 0.002)
(0.04706478 -0.02871487 0.002)
(0.04878182 -0.02152062 0.002)
(0.03965148 0.06941428 0.002)
(0.03953285 0.07872155 0.002)
(0.03952436 0.08852715 0.002)
(0.03966154 0.09862821 0.002)
(0.04017925 0.1089449 0.002)
(0.04021528 0.1208833 0.002)
(-0.007242277 -0.009789955 0.002)
(0.003822115 -0.04002558 0.002)
(0.02433644 -0.0114877 0.002)
(0.004017957 0.1112579 0.002)
(0.003872146 0.07084256 0.002)
(0.002576584 0.122684 0.002)
(0.01996641 0.05122455 0.002)
(0.003086463 0.06124297 0.002)
(0.02928894 0.1231577 0.002)
(0.004028406 -0.03133166 0.002)
(0.01961491 0.1241746 0.002)
(0.006019628 0.05498937 0.002)
(0.004599449 0.1007359 0.002)
(0.02868211 -0.0120468 0.002)
(0.01065476 -0.04663673 0.002)
(0.0006013025 0.05252481 0.002)
(0.004657949 0.09047786 0.002)
(0.002424769 -0.01138062 0.002)
(0.002564787 -0.04808386 0.002)
(-0.00215777 -0.0121551 0.002)
(0.006070896 -0.009851191 0.002)
(0.005168019 0.05029008 0.002)
(0.009019976 0.05115029 0.002)
(0.01273733 0.05019686 0.002)
(0.01628897 0.05173831 0.002)
(0.02332274 0.04950577 0.002)
(0.02637648 0.05035809 0.002)
(0.02902071 0.05335945 0.002)
(0.03244612 0.05128959 0.002)
(0.03626813 0.05049131 0.002)
(0.03972812 0.05046023 0.002)
(0.0400546 -0.01141428 0.002)
(0.01098919 0.1261152 0.002)
(0.01913826 -0.01097533 0.002)
(0.01336263 0.08546315 0.002)
(0.001500327 -0.01673722 0.002)
(0.03649111 -0.009922005 0.002)
(0.03048731 -0.03806384 0.002)
(0.0382365 -0.03781273 0.002)
(0.03284904 -0.01150727 0.002)
(0.04017647 -0.02985349 0.002)
(0.03053592 0.06586356 0.002)
(0.03262254 0.114377 0.002)
(0.03090391 0.07490137 0.002)
(0.0309349 0.0846099 0.002)
(0.03102617 0.09466309 0.002)
(0.03129316 0.104971 0.002)
(0.04097134 -0.0155693 0.002)
(0.01000381 -0.01190043 0.002)
(0.01984529 -0.01854925 0.002)
(0.01439608 -0.01021441 0.002)
(0.03145983 -0.01730208 0.002)
(0.008292527 -0.0185293 0.002)
(0.01436868 -0.01605167 0.002)
(0.01295961 0.07577473 0.002)
(0.03635052 -0.01573826 0.002)
(0.01215934 0.06667162 0.002)
(0.02270029 0.1129501 0.002)
(0.0429591 0.05319707 0.002)
(0.01336122 0.1064073 0.002)
(0.01370232 -0.03649874 0.002)
(0.02573957 -0.01833922 0.002)
(0.04509399 -0.01708433 0.002)
(0.04163822 -0.02204491 0.002)
(0.005855398 -0.01373264 0.002)
(0.01225187 0.1169127 0.002)
(0.0260804 0.05927308 0.002)
(0.02274518 -0.03889891 0.002)
(0.01939745 0.0566543 0.002)
(0.01347525 0.09567426 0.002)
(0.02294502 -0.02858662 0.002)
(0.02208373 0.0803592 0.002)
(0.02226617 0.09024771 0.002)
(0.02233243 0.1008496 0.002)
(0.01275936 -0.02517659 0.002)
(0.02393873 0.05375458 0.002)
(0.03281476 0.05809266 0.002)
(0.03745965 0.05475153 0.002)
(0.0200757 0.06342865 0.002)
(0.03280901 -0.03046073 0.002)
(0.03557275 -0.02318227 0.002)
(0.02156589 0.07125711 0.002)
(0.02945513 -0.02379488 0.002)
(0.01227201 0.05726433 0.002)
(0.04 0.001450805 0.009282036)
(0.04 0.001653502 0.01111144)
(0.04 0.001765048 0.01324597)
(0.04 0.001836587 0.01546367)
(0.04 0.001798635 0.01771345)
(0.04 0.00161483 0.01984404)
(0.04 0.001315823 0.02165286)
(0.04 0.002655129 0.007591234)
(0.04 0.00728773 0.007840326)
(0.04 0.01140202 0.007504075)
(0.04 0.01543447 0.008008647)
(0.04 0.02008302 0.007551988)
(0.04 0.02412475 0.007826618)
(0.04 0.02821319 0.007516886)
(0.04 0.03270499 0.008057165)
(0.04 0.03722362 0.007714067)
(0.04 0.03858574 0.01140783)
(0.04 0.03828391 0.01551622)
(0.04 0.03848807 0.01986596)
(0.04 0.03875759 0.02164348)
(0.04 0.003076414 0.02133576)
(0.04 0.005103349 0.02130726)
(0.04 0.007476415 0.02131166)
(0.04 0.009584418 0.0211823)
(0.04 0.01172492 0.02110984)
(0.04 0.01388356 0.02105445)
(0.04 0.01599483 0.02097379)
(0.04 0.01821803 0.02112424)
(0.04 0.02038759 0.02129272)
(0.04 0.02242551 0.02123686)
(0.04 0.02455913 0.02113146)
(0.04 0.02661638 0.02091339)
(0.04 0.02872358 0.02081535)
(0.04 0.03095866 0.02094042)
(0.04 0.03303604 0.02140509)
(0.04 0.03511196 0.02150018)
(0.04 0.03709372 0.02134916)
(0.04 0.009455849 0.007839306)
(0.04 0.004900653 0.00772647)
(0.04 0.01329415 0.007911744)
(0.04 0.01801806 0.008373813)
(0.04 0.02203962 0.007824136)
(0.04 0.02622883 0.007727877)
(0.04 0.03028954 0.008511291)
(0.04 0.0349729 0.007714094)
(0.04 0.03820292 0.00961797)
(0.04 0.03830801 0.0133253)
(0.04 0.03832988 0.01778176)
(0.04 0.016206 0.0102643)
(0.04 0.003834403 0.01182756)
(0.04 0.004064067 0.01413811)
(0.04 0.004059165 0.01650961)
(0.04 0.003958438 0.01904659)
(0.04 0.008382791 0.0101102)
(0.04 0.02036076 0.009924649)
(0.04 0.03611633 0.01430672)
(0.04 0.01381461 0.01039668)
(0.04 0.02518035 0.009966687)
(0.04 0.01117259 0.01004583)
(0.04 0.03411396 0.01015166)
(0.04 0.03619226 0.009331858)
(0.04 0.03643033 0.01670835)
(0.04 0.00583432 0.009842989)
(0.04 0.03165837 0.01101827)
(0.04 0.03645823 0.0116342)
(0.04 0.003408028 0.009601281)
(0.04 0.02771029 0.00963849)
(0.04 0.006286912 0.01966199)
(0.04 0.008484481 0.01909671)
(0.04 0.01073366 0.01894859)
(0.04 0.01312989 0.01886054)
(0.04 0.01542337 0.01857694)
(0.04 0.01766866 0.01869709)
(0.04 0.01960545 0.01942416)
(0.04 0.02164586 0.01899624)
(0.04 0.02364928 0.01921754)
(0.04 0.0256474 0.01833299)
(0.04 0.02810022 0.01799102)
(0.04 0.03052124 0.01818494)
(0.04 0.03246728 0.01905846)
(0.04 0.0343438 0.01999285)
(0.04 0.02276279 0.01027469)
(0.04 0.0182956 0.01177211)
(0.04 0.03660119 0.01921659)
(0.04 0.02916958 0.01191557)
(0.04 0.03320655 0.01591426)
(0.04 0.02100626 0.01326641)
(0.04 0.00644054 0.01231755)
(0.04 0.03355208 0.01302598)
(0.04 0.006561922 0.01739948)
(0.04 0.01746426 0.01559119)
(0.04 0.03049023 0.01472697)
(0.04 0.02661641 0.01195501)
(0.04 0.006712222 0.0149594)
(0.04 0.01226057 0.01324456)
(0.04 0.01533495 0.01293415)
(0.04 0.0346188 0.01793518)
(0.04 0.009326723 0.01623521)
(0.04 0.01196456 0.01668292)
(0.04 0.01451139 0.01600188)
(0.04 0.02016954 0.01680736)
(0.04 0.02331702 0.01631582)
(0.04 0.02685283 0.01521594)
(0.04 0.02400274 0.01290395)
(0.04 0.009301408 0.01278214)
(0.037 0.00144494 0.009279462)
(0.037 0.001716174 0.01325808)
(0.037 0.001658004 0.01774628)
(0.037 0.002531001 0.007589594)
(0.037 0.00462502 0.007739602)
(0.037 0.006842638 0.007860937)
(0.037 0.008900656 0.007807011)
(0.037 0.01096561 0.007829181)
(0.037 0.01301855 0.007895405)
(0.037 0.01503959 0.007986061)
(0.037 0.0170451 0.008029751)
(0.037 0.0191557 0.007811561)
(0.037 0.02120333 0.007734508)
(0.037 0.02317244 0.007887145)
(0.037 0.02514945 0.007930027)
(0.037 0.02710992 0.007815398)
(0.037 0.02916566 0.007811091)
(0.037 0.03126029 0.007826816)
(0.037 0.03328313 0.007749147)
(0.037 0.03523553 0.007741278)
(0.037 0.03715912 0.007612944)
(0.037 0.03879197 0.007350932)
(0.037 0.03851937 0.009114964)
(0.037 0.03835247 0.01119756)
(0.037 0.03822357 0.01337449)
(0.037 0.03822213 0.01565881)
(0.037 0.03835151 0.01795577)
(0.037 0.03851047 0.02016014)
(0.037 0.002603355 0.02127171)
(0.037 0.007000908 0.02088114)
(0.037 0.01103422 0.0211527)
(0.037 0.01507265 0.0211947)
(0.037 0.01909973 0.02103035)
(0.037 0.0230479 0.02120068)
(0.037 0.02699413 0.02120348)
(0.037 0.0311722 0.02097607)
(0.037 0.0351429 0.02120732)
(0.037 0.001595326 0.01118182)
(0.037 0.001770406 0.01552843)
(0.037 0.001444309 0.01962384)
(0.037 0.01309768 0.02123352)
(0.037 0.00904658 0.0209905)
(0.037 0.004747184 0.02106347)
(0.037 0.01718193 0.02102836)
(0.037 0.02112233 0.02112087)
(0.037 0.02507188 0.02122291)
(0.037 0.02904274 0.02112618)
(0.037 0.03317908 0.02105616)
(0.037 0.03694764 0.02143041)
(0.037 0.003208987 0.009640671)
(0.037 0.003556258 0.01195449)
(0.037 0.003359064 0.01916746)
(0.037 0.003873178 0.01678799)
(0.037 0.02016319 0.01896291)
(0.037 0.005392614 0.009923842)
(0.037 0.007560745 0.01010109)
(0.037 0.00969919 0.01003639)
(0.037 0.01191525 0.0101547)
(0.037 0.01403361 0.01046043)
(0.037 0.01619389 0.01064727)
(0.037 0.01828193 0.01038303)
(0.037 0.02020658 0.009672782)
(0.037 0.02215493 0.01022624)
(0.037 0.02426981 0.01047996)
(0.037 0.02642225 0.0104329)
(0.037 0.0283387 0.009835867)
(0.037 0.03041117 0.01034763)
(0.037 0.03242336 0.00983203)
(0.037 0.03451881 0.01011594)
(0.037 0.03667966 0.009713089)
(0.037 0.03612513 0.01209408)
(0.037 0.0359811 0.01457135)
(0.037 0.03637184 0.01713824)
(0.037 0.03671858 0.01935639)
(0.037 0.01414809 0.01890628)
(0.037 0.0121921 0.0192662)
(0.037 0.02601329 0.01879031)
(0.037 0.01031138 0.01852028)
(0.037 0.008047704 0.01825958)
(0.037 0.02408233 0.01927417)
(0.037 0.01816339 0.01804695)
(0.037 0.02217777 0.01868273)
(0.037 0.03222948 0.01862724)
(0.037 0.02997045 0.01862406)
(0.037 0.005650244 0.01864923)
(0.037 0.01614698 0.01916182)
(0.037 0.003928412 0.01437037)
(0.037 0.02797971 0.0192148)
(0.037 0.03452544 0.01893004)
(0.037 0.01505319 0.01347427)
(0.037 0.02885735 0.01284527)
(0.037 0.005956756 0.01260492)
(0.037 0.03276973 0.01292353)
(0.037 0.00824817 0.012836)
(0.037 0.02077878 0.01593256)
(0.037 0.03366226 0.01618201)
(0.037 0.02767785 0.01628111)
(0.037 0.006604088 0.01565185)
(0.037 0.01051609 0.01237945)
(0.037 0.01260943 0.01315354)
(0.037 0.01786028 0.01389492)
(0.037 0.02030252 0.01240478)
(0.037 0.02293416 0.01319693)
(0.037 0.02578598 0.01332364)
(0.037 0.01272111 0.01642274)
(0.037 0.009819104 0.01559572)
(0.037 0.02419679 0.0163688)
(0.037 0.03083361 0.01580151)
(0.037 0.01574581 0.01650317)
(0.035 0.001451137 0.009282161)
(0.035 0.001653991 0.01111159)
(0.035 0.00176571 0.01324602)
(0.035 0.001837303 0.01546357)
(0.035 0.001799227 0.01771324)
(0.035 0.00161517 0.01984385)
(0.035 0.001315979 0.02165275)
(0.035 0.002655436 0.007591346)
(0.035 0.007289083 0.00784097)
(0.035 0.01140461 0.007505705)
(0.035 0.01543879 0.008020704)
(0.035 0.02008164 0.007557349)
(0.035 0.02410515 0.007831306)
(0.035 0.02813147 0.007542282)
(0.035 0.03270361 0.008058068)
(0.035 0.0372232 0.007714406)
(0.035 0.03858534 0.01140811)
(0.035 0.03828504 0.01551582)
(0.035 0.03848981 0.01986566)
(0.035 0.03875803 0.02164336)
(0.035 0.003076829 0.02133551)
(0.035 0.005104223 0.0213067)
(0.035 0.007477925 0.02131083)
(0.035 0.009586763 0.02118046)
(0.035 0.01172804 0.02110669)
(0.035 0.01388727 0.02104952)
(0.035 0.01599681 0.02096844)
(0.035 0.01821856 0.02111761)
(0.035 0.02038746 0.02128209)
(0.035 0.02242282 0.02122868)
(0.035 0.02455836 0.0211307)
(0.035 0.02661705 0.02091235)
(0.035 0.02872183 0.02080967)
(0.035 0.03095665 0.02093815)
(0.035 0.03303579 0.02140391)
(0.035 0.03511312 0.02149828)
(0.035 0.03709506 0.02134719)
(0.035 0.009457914 0.007840645)
(0.035 0.004901318 0.007726764)
(0.035 0.01329758 0.007922991)
(0.035 0.01801866 0.008390764)
(0.035 0.02203918 0.007833503)
(0.035 0.02625841 0.007736949)
(0.035 0.03028675 0.008512343)
(0.035 0.03497211 0.007714603)
(0.035 0.03820222 0.009618296)
(0.035 0.03830803 0.01332543)
(0.035 0.03833189 0.01778141)
(0.035 0.01621669 0.01029076)
(0.035 0.003835965 0.01182778)
(0.035 0.004065943 0.01413801)
(0.035 0.004061026 0.01650918)
(0.035 0.003959732 0.01904598)
(0.035 0.008386636 0.0101116)
(0.035 0.02034579 0.009936269)
(0.035 0.03611662 0.01430706)
(0.035 0.01382414 0.01041762)
(0.035 0.02517789 0.009973361)
(0.035 0.01117999 0.0100494)
(0.035 0.03411185 0.01015314)
(0.035 0.03619107 0.00933271)
(0.035 0.03643443 0.01670787)
(0.035 0.005836199 0.009843619)
(0.035 0.03165366 0.01102152)
(0.035 0.03645672 0.01163543)
(0.035 0.003408837 0.009601552)
(0.035 0.02768751 0.009560366)
(0.035 0.006289049 0.01966095)
(0.035 0.008488241 0.01909445)
(0.035 0.01073985 0.01894346)
(0.035 0.01313854 0.0188522)
(0.035 0.01543447 0.0185576)
(0.035 0.01766543 0.01868498)
(0.035 0.01960127 0.01940543)
(0.035 0.0216429 0.01896166)
(0.035 0.02365136 0.01921564)
(0.035 0.02565287 0.01833818)
(0.035 0.02809328 0.01796751)
(0.035 0.03051598 0.01817784)
(0.035 0.03246462 0.01905669)
(0.035 0.03434425 0.01999079)
(0.035 0.02276027 0.0103024)
(0.035 0.0182719 0.01184299)
(0.035 0.03660522 0.01921568)
(0.035 0.02915628 0.0119244)
(0.035 0.03320449 0.01591301)
(0.035 0.02090394 0.01325229)
(0.035 0.006444405 0.01231796)
(0.035 0.03354732 0.01302771)
(0.035 0.00656545 0.01739815)
(0.035 0.017524 0.01549666)
(0.035 0.03047346 0.01472392)
(0.035 0.02658926 0.01199064)
(0.035 0.006716482 0.01495857)
(0.035 0.01228363 0.01324359)
(0.035 0.01539745 0.01294743)
(0.035 0.03462211 0.017933)
(0.035 0.009335183 0.01623163)
(0.035 0.01197933 0.01667614)
(0.035 0.01453728 0.0159857)
(0.035 0.02010714 0.0167695)
(0.035 0.02339246 0.01632223)
(0.035 0.02679267 0.01516316)
(0.035 0.02408249 0.01291666)
(0.035 0.009310916 0.01278284)
(0.032 0.00139994 0.009328241)
(0.032 0.001719912 0.01331372)
(0.032 0.001611869 0.01775572)
(0.032 0.002531481 0.007623008)
(0.032 0.004648627 0.007775294)
(0.032 0.006861399 0.00787)
(0.032 0.00894523 0.007820424)
(0.032 0.01101126 0.007846041)
(0.032 0.01304323 0.007910839)
(0.032 0.01506612 0.007962684)
(0.032 0.01706816 0.007991513)
(0.032 0.01916045 0.007804464)
(0.032 0.02127187 0.007728266)
(0.032 0.02325669 0.007867959)
(0.032 0.0252999 0.007982821)
(0.032 0.02736174 0.008043733)
(0.032 0.02935887 0.007961297)
(0.032 0.03128461 0.007455948)
(0.032 0.03311964 0.007783339)
(0.032 0.0351135 0.007799278)
(0.032 0.03709933 0.007645226)
(0.032 0.03876721 0.007370313)
(0.032 0.03846169 0.00915356)
(0.032 0.03824214 0.01126)
(0.032 0.03806626 0.01345582)
(0.032 0.03819741 0.01576481)
(0.032 0.03843624 0.01801725)
(0.032 0.03849797 0.0202019)
(0.032 0.002530248 0.02131884)
(0.032 0.006887533 0.02091361)
(0.032 0.01097795 0.02102736)
(0.032 0.01513832 0.02114021)
(0.032 0.01941098 0.02077396)
(0.032 0.02321754 0.02105908)
(0.032 0.02690608 0.020999)
(0.032 0.03087459 0.02053853)
(0.032 0.03507852 0.02105154)
(0.032 0.001626417 0.01122278)
(0.032 0.001730692 0.01563759)
(0.032 0.001396874 0.01964755)
(0.032 0.01300509 0.02118065)
(0.032 0.008946629 0.02096298)
(0.032 0.004661187 0.02113325)
(0.032 0.01729165 0.02083588)
(0.032 0.02132885 0.02125908)
(0.032 0.02505455 0.02152918)
(0.032 0.02883432 0.02117923)
(0.032 0.03301648 0.02067034)
(0.032 0.0369564 0.02142114)
(0.032 0.003256309 0.00969988)
(0.032 0.003650389 0.01206877)
(0.032 0.03673704 0.01935807)
(0.032 0.003250976 0.01925468)
(0.032 0.005459936 0.01003894)
(0.032 0.00762099 0.01005449)
(0.032 0.009862971 0.01006703)
(0.032 0.01198886 0.01027851)
(0.032 0.01413574 0.0104198)
(0.032 0.01630428 0.01053965)
(0.032 0.01836108 0.010284)
(0.032 0.02026718 0.009597136)
(0.032 0.0222666 0.01012994)
(0.032 0.02443651 0.01036553)
(0.032 0.02681965 0.01061269)
(0.032 0.02923595 0.01073137)
(0.032 0.03146575 0.009717263)
(0.032 0.0339709 0.01018059)
(0.032 0.03650629 0.009777742)
(0.032 0.03577851 0.01234852)
(0.032 0.03515861 0.0151692)
(0.032 0.0366986 0.01732031)
(0.032 0.01407235 0.01925279)
(0.032 0.01207325 0.01876525)
(0.032 0.02504427 0.0191807)
(0.032 0.009892811 0.01852025)
(0.032 0.007708957 0.0185384)
(0.032 0.01892053 0.0178394)
(0.032 0.02822167 0.01830038)
(0.032 0.02194109 0.01866308)
(0.032 0.03449242 0.01840287)
(0.032 0.003596484 0.01691333)
(0.032 0.005475895 0.01887142)
(0.032 0.01611925 0.01863283)
(0.032 0.03168195 0.01717444)
(0.032 0.003850961 0.01449077)
(0.032 0.01539829 0.01326297)
(0.032 0.02857875 0.01432034)
(0.032 0.03219113 0.0130583)
(0.032 0.0212195 0.0155797)
(0.032 0.006180034 0.01300584)
(0.032 0.006069883 0.01611337)
(0.032 0.01131011 0.0159992)
(0.032 0.01069048 0.01288796)
(0.032 0.01300631 0.01316956)
(0.032 0.01823905 0.01362622)
(0.032 0.02045135 0.01221564)
(0.032 0.02306585 0.01302055)
(0.032 0.02568742 0.01302512)
(0.032 0.01393511 0.0164592)
(0.032 0.008526271 0.01233918)
(0.032 0.008605137 0.01552706)
(0.032 0.02489124 0.0162084)
(0.032 0.01654399 0.01606445)
(0.03 0.001435075 0.009318044)
(0.03 0.001665135 0.01116621)
(0.03 0.001826192 0.01332046)
(0.03 0.001915031 0.01551907)
(0.03 0.001777471 0.01782409)
(0.03 0.001537743 0.01981019)
(0.03 0.001226675 0.02165307)
(0.03 0.002594054 0.007639105)
(0.03 0.006969745 0.007927969)
(0.03 0.01114248 0.007735206)
(0.03 0.01486413 0.00817125)
(0.03 0.01927549 0.008341103)
(0.03 0.02309232 0.007928532)
(0.03 0.02676553 0.007965422)
(0.03 0.03102924 0.007984329)
(0.03 0.03507564 0.007763744)
(0.03 0.03847806 0.008854873)
(0.03 0.03817843 0.01331941)
(0.03 0.0381616 0.01792834)
(0.03 0.003011237 0.02133373)
(0.03 0.004966678 0.02104315)
(0.03 0.007174781 0.02085288)
(0.03 0.00927254 0.02097699)
(0.03 0.01136837 0.02103458)
(0.03 0.01338183 0.02096595)
(0.03 0.01542089 0.02103856)
(0.03 0.01728445 0.02128448)
(0.03 0.01919793 0.02096022)
(0.03 0.02127237 0.02095594)
(0.03 0.02317764 0.02121198)
(0.03 0.02511382 0.0206741)
(0.03 0.02725173 0.02059253)
(0.03 0.02937076 0.02081758)
(0.03 0.03172003 0.02102101)
(0.03 0.03387686 0.0211411)
(0.03 0.03612445 0.02152801)
(0.03 0.0382347 0.02019632)
(0.03 0.009089506 0.007799422)
(0.03 0.004724245 0.007779531)
(0.03 0.01299896 0.007534071)
(0.03 0.01705655 0.008450328)
(0.03 0.02119208 0.007705161)
(0.03 0.02495513 0.007497773)
(0.03 0.0287629 0.007995379)
(0.03 0.03307744 0.007928926)
(0.03 0.03691241 0.00757837)
(0.03 0.03834145 0.01109159)
(0.03 0.03808592 0.01558352)
(0.03 0.00390706 0.0119854)
(0.03 0.004292042 0.01436206)
(0.03 0.004122794 0.01675988)
(0.03 0.003554057 0.01917032)
(0.03 0.003355516 0.0096903)
(0.03 0.01838609 0.01160098)
(0.03 0.01027164 0.009758835)
(0.03 0.0357516 0.01691647)
(0.03 0.02724241 0.01074584)
(0.03 0.02167302 0.01071414)
(0.03 0.03188827 0.01053027)
(0.03 0.01272043 0.01009697)
(0.03 0.01544206 0.01109029)
(0.03 0.03576511 0.01446778)
(0.03 0.03604328 0.0193543)
(0.03 0.02964017 0.01019108)
(0.03 0.00596106 0.01861118)
(0.03 0.008495336 0.0183437)
(0.03 0.0105698 0.01895108)
(0.03 0.01280088 0.01832102)
(0.03 0.01500882 0.01879174)
(0.03 0.01755303 0.01856568)
(0.03 0.02025766 0.01858647)
(0.03 0.0231275 0.01813394)
(0.03 0.02619063 0.01730937)
(0.03 0.02901985 0.0176414)
(0.03 0.03119755 0.01881901)
(0.03 0.03352276 0.01882075)
(0.03 0.008063861 0.01017467)
(0.03 0.0361567 0.01197764)
(0.03 0.0247124 0.009981986)
(0.03 0.03659432 0.009636801)
(0.03 0.005694117 0.009994457)
(0.03 0.03432777 0.01013687)
(0.03 0.03321219 0.01292898)
(0.03 0.03244548 0.01599046)
(0.03 0.006662175 0.01263259)
(0.03 0.01562057 0.01537425)
(0.03 0.02461372 0.013735)
(0.03 0.007286838 0.01567095)
(0.03 0.02018461 0.0151164)
(0.03 0.02922764 0.01366334)
(0.03 0.01097421 0.01598514)
(0.03 0.009933398 0.0126636)
(0.03 0.01299251 0.01311846)
(0.027 0.001402836 0.009321652)
(0.027 0.001733427 0.01328726)
(0.027 0.001618537 0.01774897)
(0.027 0.002534968 0.007618907)
(0.027 0.004657437 0.007773234)
(0.027 0.006871455 0.007868233)
(0.027 0.008936517 0.007772739)
(0.027 0.01095987 0.007668064)
(0.027 0.01302547 0.007747506)
(0.027 0.0149949 0.007957145)
(0.027 0.01698727 0.008014469)
(0.027 0.0191129 0.007770105)
(0.027 0.0211655 0.007676375)
(0.027 0.02313749 0.00779976)
(0.027 0.02513265 0.007849437)
(0.027 0.02711946 0.007806755)
(0.027 0.02916579 0.007877946)
(0.027 0.03124319 0.007917741)
(0.027 0.03326163 0.007827157)
(0.027 0.03521795 0.007787285)
(0.027 0.03714718 0.007634028)
(0.027 0.03878586 0.007359531)
(0.027 0.03850912 0.009135903)
(0.027 0.03834052 0.0112285)
(0.027 0.03821889 0.01339451)
(0.027 0.03830419 0.01572543)
(0.027 0.03841142 0.01796037)
(0.027 0.03846393 0.02014209)
(0.027 0.002534885 0.02131579)
(0.027 0.00690198 0.02088907)
(0.027 0.01096788 0.02105685)
(0.027 0.01509338 0.02123684)
(0.027 0.01917099 0.02099448)
(0.027 0.02326017 0.02099098)
(0.027 0.02719524 0.02141087)
(0.027 0.03096303 0.02088564)
(0.027 0.03499303 0.02097595)
(0.027 0.001633764 0.01120708)
(0.027 0.001745482 0.01562446)
(0.027 0.001401023 0.01964377)
(0.027 0.01297041 0.02126473)
(0.027 0.008962201 0.02099095)
(0.027 0.004670002 0.02112247)
(0.027 0.01717144 0.02094553)
(0.027 0.02126064 0.02101966)
(0.027 0.02521143 0.02120118)
(0.027 0.02900523 0.02158601)
(0.027 0.03296737 0.02065447)
(0.027 0.03691136 0.02130405)
(0.027 0.003266499 0.00968637)
(0.027 0.003679118 0.01204265)
(0.027 0.03661221 0.01919872)
(0.027 0.003258784 0.01924437)
(0.027 0.02044364 0.01879494)
(0.027 0.005501468 0.01003194)
(0.027 0.007700392 0.01005287)
(0.027 0.00991502 0.009925431)
(0.027 0.01190337 0.009625164)
(0.027 0.01383094 0.01036934)
(0.027 0.01602619 0.01064705)
(0.027 0.01818652 0.01029263)
(0.027 0.02013961 0.009569982)
(0.027 0.022083 0.01004033)
(0.027 0.02417134 0.01019112)
(0.027 0.02635016 0.01024)
(0.027 0.02830415 0.009965265)
(0.027 0.03034943 0.01062906)
(0.027 0.03238073 0.01004144)
(0.027 0.03448698 0.01026884)
(0.027 0.03665573 0.009780425)
(0.027 0.03608316 0.0122561)
(0.027 0.03581836 0.0149211)
(0.027 0.03666805 0.01713724)
(0.027 0.01402 0.01947337)
(0.027 0.01207444 0.01888216)
(0.027 0.02666261 0.01947499)
(0.027 0.009994646 0.01842845)
(0.027 0.007723723 0.01842899)
(0.027 0.02476227 0.0186713)
(0.027 0.01835354 0.01789466)
(0.027 0.02887853 0.01939328)
(0.027 0.02254503 0.01840885)
(0.027 0.03421662 0.01774262)
(0.027 0.003614626 0.01689513)
(0.027 0.005488341 0.01883897)
(0.027 0.01596747 0.01878129)
(0.027 0.03107779 0.01738233)
(0.027 0.003902651 0.0144599)
(0.027 0.01447641 0.01341023)
(0.027 0.02850439 0.01341525)
(0.027 0.03269097 0.01350546)
(0.027 0.006343385 0.01292184)
(0.027 0.008896057 0.01227045)
(0.027 0.020978 0.01576055)
(0.027 0.006118762 0.01608265)
(0.027 0.01160246 0.01594619)
(0.027 0.01155557 0.01244708)
(0.027 0.01779611 0.01354633)
(0.027 0.02026858 0.01219089)
(0.027 0.02280323 0.01286169)
(0.027 0.02549196 0.01262637)
(0.027 0.01393288 0.01697781)
(0.027 0.02452607 0.01577037)
(0.027 0.008864087 0.01539542)
(0.027 0.02746783 0.01689564)
(0.027 0.01613026 0.01606343)
(0.025 0.001437805 0.009317277)
(0.025 0.001675117 0.01117167)
(0.025 0.001837748 0.01333758)
(0.025 0.001902989 0.01556117)
(0.025 0.001760287 0.01781694)
(0.025 0.001536298 0.01984806)
(0.025 0.001261308 0.02165978)
(0.025 0.002570823 0.007620715)
(0.025 0.007011995 0.007914642)
(0.025 0.01115515 0.007741416)
(0.025 0.01488 0.008148092)
(0.025 0.01915462 0.007920784)
(0.025 0.02317545 0.008212346)
(0.025 0.02690481 0.007907753)
(0.025 0.03114745 0.007866296)
(0.025 0.03513767 0.007736296)
(0.025 0.03848484 0.008815663)
(0.025 0.03820122 0.01329826)
(0.025 0.03813979 0.01789697)
(0.025 0.00294726 0.02136283)
(0.025 0.004942767 0.02106135)
(0.025 0.007170098 0.02085364)
(0.025 0.009185234 0.02108529)
(0.025 0.01126454 0.02121754)
(0.025 0.01335868 0.02105568)
(0.025 0.01538705 0.02087113)
(0.025 0.01729432 0.02122456)
(0.025 0.01924236 0.02095723)
(0.025 0.02113274 0.02140938)
(0.025 0.0230207 0.0208477)
(0.025 0.02500598 0.02105155)
(0.025 0.02700307 0.02044241)
(0.025 0.0292112 0.0206476)
(0.025 0.03162791 0.02090808)
(0.025 0.03383213 0.02109638)
(0.025 0.03613295 0.02151446)
(0.025 0.03820581 0.02020981)
(0.025 0.009083537 0.007790256)
(0.025 0.004733649 0.007780837)
(0.025 0.01301386 0.007528296)
(0.025 0.01702079 0.008381596)
(0.025 0.02110281 0.008440577)
(0.025 0.02504301 0.007562296)
(0.025 0.02889558 0.007888373)
(0.025 0.03315961 0.007858664)
(0.025 0.03697085 0.007557752)
(0.025 0.03832154 0.01105235)
(0.025 0.0380822 0.01559463)
(0.025 0.003937079 0.0119995)
(0.025 0.004325116 0.01438924)
(0.025 0.004155965 0.01679184)
(0.025 0.003547599 0.01919426)
(0.025 0.003367187 0.009688619)
(0.025 0.01899317 0.01113471)
(0.025 0.01032856 0.009785758)
(0.025 0.03577732 0.01686422)
(0.025 0.02771609 0.01050097)
(0.025 0.02255881 0.01195815)
(0.025 0.0321044 0.01031097)
(0.025 0.01281905 0.01008815)
(0.025 0.01567837 0.01099826)
(0.025 0.03582205 0.0144015)
(0.025 0.03600653 0.0193229)
(0.025 0.02995311 0.00992175)
(0.025 0.0060114 0.0186749)
(0.025 0.008462671 0.01841694)
(0.025 0.0104626 0.01917671)
(0.025 0.01247558 0.0190752)
(0.025 0.01469411 0.01812306)
(0.025 0.01776861 0.01843078)
(0.025 0.02098764 0.01880027)
(0.025 0.02436851 0.01753664)
(0.025 0.02836444 0.01704579)
(0.025 0.03095721 0.018548)
(0.025 0.03342289 0.01871121)
(0.025 0.008118979 0.01021181)
(0.025 0.03628338 0.01187298)
(0.025 0.02520675 0.01011629)
(0.025 0.03667958 0.009643673)
(0.025 0.005729752 0.01000507)
(0.025 0.03445075 0.01004747)
(0.025 0.03341829 0.01275299)
(0.025 0.0324448 0.01579859)
(0.025 0.006738268 0.01266958)
(0.025 0.01628188 0.01485477)
(0.025 0.02624549 0.01350286)
(0.025 0.007418065 0.01570511)
(0.025 0.02021675 0.01531945)
(0.025 0.02994227 0.01305245)
(0.025 0.01156808 0.01618585)
(0.025 0.01013014 0.01275591)
(0.025 0.01336633 0.0130459)
(0.022 0.001381862 0.009310024)
(0.022 0.001715813 0.01326018)
(0.022 0.001659644 0.01774708)
(0.022 0.002545335 0.007624544)
(0.022 0.004634732 0.007743636)
(0.022 0.006844035 0.00785835)
(0.022 0.008898933 0.00779847)
(0.022 0.01096608 0.007818691)
(0.022 0.01302143 0.007881103)
(0.022 0.01504424 0.007963243)
(0.022 0.01704361 0.007997613)
(0.022 0.01911359 0.007740139)
(0.022 0.02119888 0.007709237)
(0.022 0.02317885 0.007873381)
(0.022 0.02515394 0.007919363)
(0.022 0.02711512 0.00780628)
(0.022 0.02916899 0.00780496)
(0.022 0.03125944 0.007824305)
(0.022 0.03327475 0.007749246)
(0.022 0.03521118 0.007749074)
(0.022 0.03709702 0.007638642)
(0.022 0.03882549 0.00735888)
(0.022 0.03851838 0.009162992)
(0.022 0.03834975 0.01121424)
(0.022 0.03820785 0.01338455)
(0.022 0.03820659 0.0156555)
(0.022 0.03835133 0.0179563)
(0.022 0.03851092 0.02016049)
(0.022 0.002604545 0.0212717)
(0.022 0.006992762 0.0208526)
(0.022 0.01103087 0.02116557)
(0.022 0.01507071 0.021206)
(0.022 0.01910489 0.02105152)
(0.022 0.02305266 0.02121706)
(0.022 0.02699873 0.02120939)
(0.022 0.0311767 0.02098085)
(0.022 0.03514435 0.02120855)
(0.022 0.001595751 0.01118544)
(0.022 0.001769903 0.01552907)
(0.022 0.001447664 0.01962324)
(0.022 0.01309251 0.02124601)
(0.022 0.009044223 0.02095638)
(0.022 0.004747305 0.02106829)
(0.022 0.0171777 0.02104175)
(0.022 0.02112728 0.02114013)
(0.022 0.025078 0.02123396)
(0.022 0.02904726 0.02113234)
(0.022 0.0331818 0.02105862)
(0.022 0.03694835 0.021431)
(0.022 0.003214896 0.009652466)
(0.022 0.003556366 0.01195995)
(0.022 0.00337046 0.01916828)
(0.022 0.003872055 0.01678895)
(0.022 0.0201796 0.01900371)
(0.022 0.005394348 0.00992658)
(0.022 0.007557105 0.01009349)
(0.022 0.009692551 0.01000805)
(0.022 0.01191997 0.01012672)
(0.022 0.01405137 0.01041247)
(0.022 0.01620948 0.01058163)
(0.022 0.01829407 0.01033147)
(0.022 0.02020635 0.009615238)
(0.022 0.02215983 0.01018101)
(0.022 0.02427847 0.01045544)
(0.022 0.02643437 0.01039867)
(0.022 0.02834819 0.009822271)
(0.022 0.03041608 0.01033965)
(0.022 0.03242177 0.009830841)
(0.022 0.03450954 0.01012463)
(0.022 0.0366642 0.009736893)
(0.022 0.03612026 0.01210534)
(0.022 0.03589049 0.0145703)
(0.022 0.03636926 0.017139)
(0.022 0.0367199 0.01935724)
(0.022 0.01413667 0.0189449)
(0.022 0.01217305 0.01929366)
(0.022 0.02602165 0.01880446)
(0.022 0.01025847 0.01859565)
(0.022 0.008027702 0.01839497)
(0.022 0.02408906 0.01930669)
(0.022 0.0181853 0.01814594)
(0.022 0.02218614 0.01872923)
(0.022 0.03223656 0.01863328)
(0.022 0.02998275 0.01863831)
(0.022 0.005700814 0.01869568)
(0.022 0.01614015 0.01917812)
(0.022 0.003928034 0.01437358)
(0.022 0.02798986 0.01922726)
(0.022 0.03452913 0.01893278)
(0.022 0.01505788 0.01343214)
(0.022 0.02887993 0.01283285)
(0.022 0.005952908 0.01260699)
(0.022 0.03277147 0.01292533)
(0.022 0.008237453 0.01282546)
(0.022 0.02084445 0.01597501)
(0.022 0.03366858 0.01618627)
(0.022 0.02772968 0.01630748)
(0.022 0.0066 0.0156641)
(0.022 0.0104957 0.01231555)
(0.022 0.01266627 0.01308803)
(0.022 0.01781721 0.01378606)
(0.022 0.02032497 0.01232345)
(0.022 0.02291193 0.01314088)
(0.022 0.02584227 0.01324191)
(0.022 0.01271956 0.01647007)
(0.022 0.009747444 0.01566508)
(0.022 0.02417486 0.0164459)
(0.022 0.03085023 0.01580749)
(0.022 0.01563674 0.01652624)
(0.02 0.001452823 0.009283096)
(0.02 0.001656368 0.01111283)
(0.02 0.001768347 0.01324681)
(0.02 0.001840187 0.01546371)
(0.02 0.001801863 0.01771237)
(0.02 0.001617003 0.01984279)
(0.02 0.00131683 0.02165212)
(0.02 0.002656937 0.007592232)
(0.02 0.007292759 0.007847157)
(0.02 0.01140486 0.007512373)
(0.02 0.01543219 0.00808094)
(0.02 0.02007857 0.007564711)
(0.02 0.02410414 0.007841447)
(0.02 0.02819521 0.00752906)
(0.02 0.03270531 0.008060611)
(0.02 0.03722301 0.007714547)
(0.02 0.03858525 0.01140816)
(0.02 0.03828495 0.01551587)
(0.02 0.03848971 0.01986561)
(0.02 0.03875798 0.02164333)
(0.02 0.003079062 0.02133403)
(0.02 0.00510858 0.02130323)
(0.02 0.007483609 0.02130522)
(0.02 0.009591853 0.0211714)
(0.02 0.01172909 0.0210973)
(0.02 0.0138846 0.02103946)
(0.02 0.01599418 0.02095873)
(0.02 0.01821708 0.02110958)
(0.02 0.02038568 0.02127654)
(0.02 0.02242209 0.02122296)
(0.02 0.02455531 0.02112213)
(0.02 0.02661306 0.02090624)
(0.02 0.02871909 0.02080797)
(0.02 0.03095525 0.02093775)
(0.02 0.03303517 0.02140374)
(0.02 0.03511282 0.02149813)
(0.02 0.03709495 0.02134712)
(0.02 0.009459615 0.007847744)
(0.02 0.004904108 0.007729304)
(0.02 0.01329621 0.007933337)
(0.02 0.01801592 0.008403051)
(0.02 0.02203235 0.007839957)
(0.02 0.02621373 0.007741178)
(0.02 0.03029528 0.008521931)
(0.02 0.03497228 0.00771511)
(0.02 0.03820205 0.009618378)
(0.02 0.03830796 0.0133255)
(0.02 0.03833175 0.01778138)
(0.02 0.01621088 0.01031411)
(0.02 0.00384337 0.0118309)
(0.02 0.004072749 0.01413934)
(0.02 0.004069356 0.01650839)
(0.02 0.003966698 0.01904204)
(0.02 0.008398747 0.01013296)
(0.02 0.02034547 0.009958608)
(0.02 0.03611654 0.01430732)
(0.02 0.0138084 0.01045351)
(0.02 0.0251622 0.01000427)
(0.02 0.0111808 0.01007407)
(0.02 0.03411108 0.01015494)
(0.02 0.03619067 0.009333105)
(0.02 0.03643411 0.01670787)
(0.02 0.005844057 0.00985087)
(0.02 0.03165177 0.01103155)
(0.02 0.03645649 0.0116356)
(0.02 0.003412761 0.009603983)
(0.02 0.02769332 0.009664012)
(0.02 0.006299207 0.01965356)
(0.02 0.008502741 0.01907552)
(0.02 0.01075048 0.0189149)
(0.02 0.01312967 0.01882737)
(0.02 0.01542249 0.01853722)
(0.02 0.01766435 0.01866598)
(0.02 0.01960114 0.01939069)
(0.02 0.02164028 0.01895506)
(0.02 0.02364484 0.01919448)
(0.02 0.02564069 0.01831791)
(0.02 0.02808657 0.01796581)
(0.02 0.03051284 0.01817859)
(0.02 0.03246319 0.01905623)
(0.02 0.03434354 0.01999061)
(0.02 0.02275086 0.01032186)
(0.02 0.01827619 0.01187238)
(0.02 0.0366049 0.01921558)
(0.02 0.02915007 0.01196324)
(0.02 0.03320411 0.01591351)
(0.02 0.02094422 0.01332285)
(0.02 0.006462797 0.0123279)
(0.02 0.03354707 0.01302923)
(0.02 0.006588145 0.01738782)
(0.02 0.01750783 0.01549589)
(0.02 0.03047305 0.0147338)
(0.02 0.02655661 0.01204491)
(0.02 0.00673004 0.01495888)
(0.02 0.01222985 0.0133679)
(0.02 0.01537385 0.01297143)
(0.02 0.0346215 0.01793302)
(0.02 0.009399646 0.01618123)
(0.02 0.01198037 0.01659297)
(0.02 0.0144727 0.01597585)
(0.02 0.02013843 0.01673741)
(0.02 0.02333414 0.01626692)
(0.02 0.02677777 0.01517458)
(0.02 0.02403339 0.01297128)
(0.02 0.009350518 0.01284183)
(0.017 0.001393254 0.009319984)
(0.017 0.001711244 0.01329165)
(0.017 0.001609985 0.01774969)
(0.017 0.002526879 0.007617098)
(0.017 0.00464178 0.007768251)
(0.017 0.006852193 0.007862849)
(0.017 0.008934204 0.007811222)
(0.017 0.01100079 0.007835049)
(0.017 0.01303403 0.007895848)
(0.017 0.01506099 0.007945949)
(0.017 0.01706369 0.007977524)
(0.017 0.01915842 0.007792601)
(0.017 0.02127044 0.007718527)
(0.017 0.02325842 0.007859825)
(0.017 0.02530363 0.007976443)
(0.017 0.02736727 0.008036211)
(0.017 0.02936332 0.007957994)
(0.017 0.03128708 0.007454514)
(0.017 0.03312168 0.007781891)
(0.017 0.03511472 0.007798527)
(0.017 0.03709994 0.007644874)
(0.017 0.03876746 0.007370132)
(0.017 0.03846219 0.009153232)
(0.017 0.0382429 0.01125964)
(0.017 0.038067 0.01345558)
(0.017 0.03819794 0.01576477)
(0.017 0.03843662 0.0180173)
(0.017 0.03849816 0.02020196)
(0.017 0.002528677 0.02131863)
(0.017 0.006880972 0.02091718)
(0.017 0.01097058 0.02103768)
(0.017 0.01513143 0.02115286)
(0.017 0.01940918 0.02079692)
(0.017 0.023218 0.02106828)
(0.017 0.02690827 0.02100836)
(0.017 0.03087596 0.02054261)
(0.017 0.03507888 0.0210518)
(0.017 0.001617728 0.01120764)
(0.017 0.001727464 0.0156129)
(0.017 0.001395733 0.01964596)
(0.017 0.01299818 0.02119097)
(0.017 0.008937818 0.02097232)
(0.017 0.004657418 0.02113418)
(0.017 0.0172857 0.02085536)
(0.017 0.02132986 0.02126782)
(0.017 0.02505596 0.02153786)
(0.017 0.02883612 0.02118459)
(0.017 0.03301698 0.02067136)
(0.017 0.03695661 0.02142125)
(0.017 0.003242131 0.009683008)
(0.017 0.003629579 0.01203763)
(0.017 0.03673762 0.01935817)
(0.017 0.003247051 0.01925345)
(0.017 0.00544033 0.01002374)
(0.017 0.007595353 0.0100408)
(0.017 0.009834631 0.01004066)
(0.017 0.01196487 0.01024841)
(0.017 0.01411977 0.01036536)
(0.017 0.01629241 0.01050379)
(0.017 0.01835401 0.01024762)
(0.017 0.02026129 0.009577578)
(0.017 0.02226384 0.01009931)
(0.017 0.02444463 0.0103497)
(0.017 0.02683787 0.01059002)
(0.017 0.02924833 0.01072261)
(0.017 0.03147187 0.009713862)
(0.017 0.03397451 0.01017865)
(0.017 0.03650784 0.009776983)
(0.017 0.03578111 0.01234747)
(0.017 0.03516062 0.01516872)
(0.017 0.03669955 0.01732029)
(0.017 0.01405898 0.0192737)
(0.017 0.01205641 0.01878837)
(0.017 0.0250541 0.01920964)
(0.017 0.009867765 0.01855213)
(0.017 0.007692678 0.01854586)
(0.017 0.01891559 0.01793279)
(0.017 0.02823201 0.01831848)
(0.017 0.02194604 0.01868414)
(0.017 0.03449375 0.01840343)
(0.017 0.003588611 0.01690659)
(0.017 0.005466876 0.01887371)
(0.017 0.01610386 0.01867082)
(0.017 0.03168618 0.01717729)
(0.017 0.003828803 0.01447197)
(0.017 0.0153449 0.01317556)
(0.017 0.02860914 0.01431286)
(0.017 0.03220043 0.01305471)
(0.017 0.0212317 0.01560564)
(0.017 0.006134387 0.01298696)
(0.017 0.006052754 0.01611165)
(0.017 0.01122943 0.01607904)
(0.017 0.01061633 0.01282485)
(0.017 0.01300493 0.01307013)
(0.017 0.01824925 0.01350877)
(0.017 0.02044798 0.01218138)
(0.017 0.02303996 0.01294047)
(0.017 0.02575041 0.01299372)
(0.017 0.01392449 0.01649443)
(0.017 0.008479199 0.01231813)
(0.017 0.008572692 0.01552494)
(0.017 0.02495965 0.01629508)
(0.017 0.01647617 0.01611863)
(0.015 0.001433987 0.009317381)
(0.015 0.001663773 0.01116532)
(0.015 0.001824823 0.01331959)
(0.015 0.001913823 0.0155183)
(0.015 0.001776435 0.01782358)
(0.015 0.001537141 0.01981008)
(0.015 0.001226503 0.02165309)
(0.015 0.002593003 0.007638429)
(0.015 0.006966764 0.007923278)
(0.015 0.0111424 0.007729506)
(0.015 0.01486855 0.008162401)
(0.015 0.0192816 0.008327059)
(0.015 0.02309583 0.007925822)
(0.015 0.02676816 0.007963273)
(0.015 0.03103086 0.007983231)
(0.015 0.0350762 0.007763437)
(0.015 0.03847825 0.008854758)
(0.015 0.03817873 0.0133193)
(0.015 0.03816188 0.01792835)
(0.015 0.003010694 0.02133353)
(0.015 0.004965233 0.02104283)
(0.015 0.007171577 0.02085534)
(0.015 0.009269566 0.02098353)
(0.015 0.01136789 0.02104184)
(0.015 0.01338372 0.02097094)
(0.015 0.0154251 0.02104224)
(0.015 0.01728977 0.02128663)
(0.015 0.01920472 0.02096331)
(0.015 0.02127967 0.02096116)
(0.015 0.02318349 0.02121571)
(0.015 0.0251195 0.02067846)
(0.015 0.027255 0.02059567)
(0.015 0.02937273 0.02081847)
(0.015 0.03172116 0.02102138)
(0.015 0.03387752 0.02114127)
(0.015 0.03612471 0.02152811)
(0.015 0.03823489 0.02019637)
(0.015 0.009087343 0.007792879)
(0.015 0.004722231 0.007777599)
(0.015 0.01300039 0.007528658)
(0.015 0.01706395 0.008433002)
(0.015 0.02119645 0.007700585)
(0.015 0.02495759 0.007496186)
(0.015 0.02876488 0.007994023)
(0.015 0.0330785 0.007928307)
(0.015 0.03691268 0.007578185)
(0.015 0.03834171 0.01109146)
(0.015 0.03808623 0.01558346)
(0.015 0.003902812 0.01198269)
(0.015 0.004288765 0.0143598)
(0.015 0.00412004 0.01675796)
(0.015 0.003551947 0.01916908)
(0.015 0.003352983 0.009688464)
(0.015 0.01841235 0.01154143)
(0.015 0.01026588 0.009742808)
(0.015 0.03575244 0.01691644)
(0.015 0.02724806 0.01074206)
(0.015 0.02168544 0.01070455)
(0.015 0.03189052 0.01052882)
(0.015 0.01272513 0.01007696)
(0.015 0.01547196 0.01105989)
(0.015 0.03576595 0.01446756)
(0.015 0.03604396 0.01935441)
(0.015 0.02964376 0.0101887)
(0.015 0.005956701 0.01860921)
(0.015 0.008487681 0.01835744)
(0.015 0.01056598 0.01897212)
(0.015 0.01279838 0.01833842)
(0.015 0.01501584 0.01880312)
(0.015 0.01756746 0.01857261)
(0.015 0.0202787 0.01859773)
(0.015 0.02314626 0.01814687)
(0.015 0.02619992 0.01731515)
(0.015 0.02902555 0.01764275)
(0.015 0.03120024 0.01881961)
(0.015 0.03352432 0.018821)
(0.015 0.008055299 0.01015983)
(0.015 0.03615747 0.01197733)
(0.015 0.02471886 0.009978045)
(0.015 0.03659488 0.009636519)
(0.015 0.005688985 0.009988872)
(0.015 0.03432897 0.01013629)
(0.015 0.03321394 0.01292827)
(0.015 0.03244765 0.01599032)
(0.015 0.006650488 0.01262386)
(0.015 0.01565078 0.01540894)
(0.015 0.02463322 0.01373685)
(0.015 0.007282488 0.01566866)
(0.015 0.02025643 0.01514485)
(0.015 0.0292329 0.01366214)
(0.015 0.01092912 0.01605395)
(0.015 0.00989306 0.01262838)
(0.015 0.01305167 0.0130355)
(0.012 0.001401874 0.009308641)
(0.012 0.001750108 0.01328304)
(0.012 0.001620134 0.01774926)
(0.012 0.002538689 0.007616951)
(0.012 0.004660561 0.007772601)
(0.012 0.006877336 0.007868971)
(0.012 0.008941249 0.007779804)
(0.012 0.0109635 0.007679104)
(0.012 0.01302609 0.007760123)
(0.012 0.01499442 0.00797235)
(0.012 0.01698424 0.008030829)
(0.012 0.01910917 0.00778474)
(0.012 0.02116025 0.007689793)
(0.012 0.02313069 0.00780731)
(0.012 0.02512718 0.007854637)
(0.012 0.0271131 0.007813692)
(0.012 0.02916022 0.007883162)
(0.012 0.03123944 0.00792053)
(0.012 0.0332594 0.007828884)
(0.012 0.03521678 0.007788083)
(0.012 0.03714665 0.007634377)
(0.012 0.03878565 0.007359699)
(0.012 0.03850871 0.009136209)
(0.012 0.03834 0.01122886)
(0.012 0.03821841 0.01339487)
(0.012 0.03830384 0.0157257)
(0.012 0.03841122 0.01796052)
(0.012 0.03846383 0.02014215)
(0.012 0.002535588 0.02131551)
(0.012 0.006906071 0.02088513)
(0.012 0.01097128 0.02104552)
(0.012 0.01509125 0.02122193)
(0.012 0.01916461 0.02097423)
(0.012 0.02325567 0.02097654)
(0.012 0.02719218 0.02140588)
(0.012 0.03096075 0.02088287)
(0.012 0.03499267 0.02097582)
(0.012 0.001619054 0.01115566)
(0.012 0.001747412 0.01562625)
(0.012 0.001401821 0.01964363)
(0.012 0.01297139 0.02125044)
(0.012 0.008966984 0.02098212)
(0.012 0.004671938 0.02112136)
(0.012 0.01716827 0.02092738)
(0.012 0.02125565 0.02100153)
(0.012 0.02520724 0.02119228)
(0.012 0.02900306 0.02158297)
(0.012 0.03296622 0.02065323)
(0.012 0.03691122 0.02130408)
(0.012 0.003274963 0.009691534)
(0.012 0.003764333 0.01204098)
(0.012 0.03661187 0.01919895)
(0.012 0.003260793 0.01924398)
(0.012 0.02042946 0.01875753)
(0.012 0.005517507 0.01002168)
(0.012 0.0077081 0.01006422)
(0.012 0.009924967 0.009946507)
(0.012 0.01190766 0.00965689)
(0.012 0.01382994 0.01040102)
(0.012 0.01602196 0.01070139)
(0.012 0.01817864 0.01032886)
(0.012 0.02013122 0.009602804)
(0.012 0.02207182 0.01007117)
(0.012 0.02415787 0.01019578)
(0.012 0.02633283 0.01026296)
(0.012 0.02829175 0.009976375)
(0.012 0.03034081 0.01063692)
(0.012 0.03237572 0.01004538)
(0.012 0.0344842 0.01027069)
(0.012 0.0366545 0.00978117)
(0.012 0.03608167 0.01225711)
(0.012 0.03581715 0.01492204)
(0.012 0.03666751 0.01713771)
(0.012 0.01401801 0.01944062)
(0.012 0.0120786 0.01884815)
(0.012 0.02665717 0.01946286)
(0.012 0.01001023 0.0184008)
(0.012 0.007732959 0.01841666)
(0.012 0.02475571 0.01864274)
(0.012 0.01833674 0.01781377)
(0.012 0.02887314 0.01938507)
(0.012 0.02253671 0.01836666)
(0.012 0.03421536 0.01774258)
(0.012 0.003621068 0.01689735)
(0.012 0.005494436 0.01883692)
(0.012 0.0159614 0.01874934)
(0.012 0.03107287 0.01737771)
(0.012 0.003907745 0.01446747)
(0.012 0.01442953 0.01348029)
(0.012 0.02848186 0.01342342)
(0.012 0.03268642 0.01350882)
(0.012 0.006353923 0.01293656)
(0.012 0.008915801 0.01228576)
(0.012 0.02091056 0.01570976)
(0.012 0.006137832 0.01607889)
(0.012 0.01165331 0.01584909)
(0.012 0.011572 0.01253776)
(0.012 0.01783414 0.01364311)
(0.012 0.02024586 0.01226182)
(0.012 0.02282701 0.01289167)
(0.012 0.02542643 0.01265394)
(0.012 0.01392412 0.01690751)
(0.012 0.0245169 0.01570131)
(0.012 0.008924108 0.01538698)
(0.012 0.02745567 0.01687988)
(0.012 0.01618196 0.01604903)
(0.01 0.001450805 0.009282036)
(0.01 0.001653502 0.01111144)
(0.01 0.001765048 0.01324597)
(0.01 0.001836587 0.01546367)
(0.01 0.001798635 0.01771345)
(0.01 0.00161483 0.01984404)
(0.01 0.001315823 0.02165286)
(0.01 0.002655129 0.007591234)
(0.01 0.00728773 0.007840326)
(0.01 0.01140202 0.007504075)
(0.01 0.01543447 0.008008647)
(0.01 0.02008302 0.007551988)
(0.01 0.02412475 0.007826618)
(0.01 0.02821319 0.007516886)
(0.01 0.03270499 0.008057165)
(0.01 0.03722362 0.007714067)
(0.01 0.03858574 0.01140783)
(0.01 0.03828391 0.01551622)
(0.01 0.03848807 0.01986596)
(0.01 0.03875759 0.02164348)
(0.01 0.003076414 0.02133576)
(0.01 0.005103349 0.02130726)
(0.01 0.007476415 0.02131166)
(0.01 0.009584418 0.0211823)
(0.01 0.01172492 0.02110984)
(0.01 0.01388356 0.02105445)
(0.01 0.01599483 0.02097379)
(0.01 0.01821803 0.02112424)
(0.01 0.02038759 0.02129272)
(0.01 0.02242551 0.02123686)
(0.01 0.02455913 0.02113146)
(0.01 0.02661638 0.02091339)
(0.01 0.02872358 0.02081535)
(0.01 0.03095866 0.02094042)
(0.01 0.03303604 0.02140509)
(0.01 0.03511196 0.02150018)
(0.01 0.03709372 0.02134916)
(0.01 0.009455849 0.007839306)
(0.01 0.004900653 0.00772647)
(0.01 0.01329415 0.007911744)
(0.01 0.01801806 0.008373813)
(0.01 0.02203962 0.007824136)
(0.01 0.02622883 0.007727877)
(0.01 0.03028954 0.008511291)
(0.01 0.0349729 0.007714094)
(0.01 0.03820292 0.00961797)
(0.01 0.03830801 0.0133253)
(0.01 0.03832988 0.01778176)
(0.01 0.016206 0.0102643)
(0.01 0.003834403 0.01182756)
(0.01 0.004064067 0.01413811)
(0.01 0.004059165 0.01650961)
(0.01 0.003958438 0.01904659)
(0.01 0.008382791 0.0101102)
(0.01 0.02036076 0.009924649)
(0.01 0.03611633 0.01430672)
(0.01 0.01381461 0.01039668)
(0.01 0.02518035 0.009966687)
(0.01 0.01117259 0.01004583)
(0.01 0.03411396 0.01015166)
(0.01 0.03619226 0.009331858)
(0.01 0.03643033 0.01670835)
(0.01 0.00583432 0.009842989)
(0.01 0.03165837 0.01101827)
(0.01 0.03645823 0.0116342)
(0.01 0.003408028 0.009601281)
(0.01 0.02771029 0.00963849)
(0.01 0.006286912 0.01966199)
(0.01 0.008484481 0.01909671)
(0.01 0.01073366 0.01894859)
(0.01 0.01312989 0.01886054)
(0.01 0.01542337 0.01857694)
(0.01 0.01766866 0.01869709)
(0.01 0.01960545 0.01942416)
(0.01 0.02164586 0.01899624)
(0.01 0.02364928 0.01921754)
(0.01 0.0256474 0.01833299)
(0.01 0.02810022 0.01799102)
(0.01 0.03052124 0.01818494)
(0.01 0.03246728 0.01905846)
(0.01 0.0343438 0.01999285)
(0.01 0.02276279 0.01027469)
(0.01 0.0182956 0.01177211)
(0.01 0.03660119 0.01921659)
(0.01 0.02916958 0.01191557)
(0.01 0.03320655 0.01591426)
(0.01 0.02100626 0.01326641)
(0.01 0.00644054 0.01231755)
(0.01 0.03355208 0.01302598)
(0.01 0.006561922 0.01739948)
(0.01 0.01746426 0.01559119)
(0.01 0.03049023 0.01472697)
(0.01 0.02661641 0.01195501)
(0.01 0.006712222 0.0149594)
(0.01 0.01226057 0.01324456)
(0.01 0.01533495 0.01293415)
(0.01 0.0346188 0.01793518)
(0.01 0.009326723 0.01623521)
(0.01 0.01196456 0.01668292)
(0.01 0.01451139 0.01600188)
(0.01 0.02016954 0.01680736)
(0.01 0.02331702 0.01631582)
(0.01 0.02685283 0.01521594)
(0.01 0.02400274 0.01290395)
(0.01 0.009301408 0.01278214)
(0.007 0.00139994 0.009328241)
(0.007 0.001719912 0.01331372)
(0.007 0.001611869 0.01775572)
(0.007 0.002531481 0.007623008)
(0.007 0.004648627 0.007775294)
(0.007 0.006861399 0.00787)
(0.007 0.00894523 0.007820424)
(0.007 0.01101126 0.007846041)
(0.007 0.01304323 0.007910839)
(0.007 0.01506612 0.007962684)
(0.007 0.01706816 0.007991513)
(0.007 0.01916045 0.007804464)
(0.007 0.02127187 0.007728266)
(0.007 0.02325669 0.007867959)
(0.007 0.0252999 0.007982821)
(0.007 0.02736174 0.008043733)
(0.007 0.02935887 0.007961297)
(0.007 0.03128461 0.007455948)
(0.007 0.03311964 0.007783339)
(0.007 0.0351135 0.007799278)
(0.007 0.03709933 0.007645226)
(0.007 0.03876721 0.007370313)
(0.007 0.03846169 0.00915356)
(0.007 0.03824214 0.01126)
(0.007 0.03806626 0.01345582)
(0.007 0.03819741 0.01576481)
(0.007 0.03843624 0.01801725)
(0.007 0.03849797 0.0202019)
(0.007 0.002530248 0.02131884)
(0.007 0.006887533 0.02091361)
(0.007 0.01097795 0.02102736)
(0.007 0.01513832 0.02114021)
(0.007 0.01941098 0.02077396)
(0.007 0.02321754 0.02105908)
(0.007 0.02690608 0.020999)
(0.007 0.03087459 0.02053853)
(0.007 0.03507852 0.02105154)
(0.007 0.001626417 0.01122278)
(0.007 0.001730692 0.01563759)
(0.007 0.001396874 0.01964755)
(0.007 0.01300509 0.02118065)
(0.007 0.008946629 0.02096298)
(0.007 0.004661187 0.02113325)
(0.007 0.01729165 0.02083588)
(0.007 0.02132885 0.02125908)
(0.007 0.02505455 0.02152918)
(0.007 0.02883432 0.02117923)
(0.007 0.03301648 0.02067034)
(0.007 0.0369564 0.02142114)
(0.007 0.003256309 0.00969988)
(0.007 0.003650389 0.01206877)
(0.007 0.03673704 0.01935807)
(0.007 0.003250976 0.01925468)
(0.007 0.005459936 0.01003894)
(0.007 0.00762099 0.01005449)
(0.007 0.009862971 0.01006703)
(0.007 0.01198886 0.01027851)
(0.007 0.01413574 0.0104198)
(0.007 0.01630428 0.01053965)
(0.007 0.01836108 0.010284)
(0.007 0.02026718 0.009597136)
(0.007 0.0222666 0.01012994)
(0.007 0.02443651 0.01036553)
(0.007 0.02681965 0.01061269)
(0.007 0.02923595 0.01073137)
(0.007 0.03146575 0.009717263)
(0.007 0.0339709 0.01018059)
(0.007 0.03650629 0.009777742)
(0.007 0.03577851 0.01234852)
(0.007 0.03515861 0.0151692)
(0.007 0.0366986 0.01732031)
(0.007 0.01407235 0.01925279)
(0.007 0.01207325 0.01876525)
(0.007 0.02504427 0.0191807)
(0.007 0.009892811 0.01852025)
(0.007 0.007708957 0.0185384)
(0.007 0.01892053 0.0178394)
(0.007 0.02822167 0.01830038)
(0.007 0.02194109 0.01866308)
(0.007 0.03449242 0.01840287)
(0.007 0.003596484 0.01691333)
(0.007 0.005475895 0.01887142)
(0.007 0.01611925 0.01863283)
(0.007 0.03168195 0.01717444)
(0.007 0.003850961 0.01449077)
(0.007 0.01539829 0.01326297)
(0.007 0.02857875 0.01432034)
(0.007 0.03219113 0.0130583)
(0.007 0.0212195 0.0155797)
(0.007 0.006180034 0.01300584)
(0.007 0.006069883 0.01611337)
(0.007 0.01131011 0.0159992)
(0.007 0.01069048 0.01288796)
(0.007 0.01300631 0.01316956)
(0.007 0.01823905 0.01362622)
(0.007 0.02045135 0.01221564)
(0.007 0.02306585 0.01302055)
(0.007 0.02568742 0.01302512)
(0.007 0.01393511 0.0164592)
(0.007 0.008526271 0.01233918)
(0.007 0.008605137 0.01552706)
(0.007 0.02489124 0.0162084)
(0.007 0.01654399 0.01606445)
(0.005 0.001435075 0.009318044)
(0.005 0.001665135 0.01116621)
(0.005 0.001826192 0.01332046)
(0.005 0.001915031 0.01551907)
(0.005 0.001777471 0.01782409)
(0.005 0.001537743 0.01981019)
(0.005 0.001226675 0.02165307)
(0.005 0.002594054 0.007639105)
(0.005 0.006969745 0.007927969)
(0.005 0.01114248 0.007735206)
(0.005 0.01486413 0.00817125)
(0.005 0.01927549 0.008341103)
(0.005 0.02309232 0.007928532)
(0.005 0.02676553 0.007965422)
(0.005 0.03102924 0.007984329)
(0.005 0.03507564 0.007763744)
(0.005 0.03847806 0.008854873)
(0.005 0.03817843 0.01331941)
(0.005 0.0381616 0.01792834)
(0.005 0.003011237 0.02133373)
(0.005 0.004966678 0.02104315)
(0.005 0.007174781 0.02085288)
(0.005 0.00927254 0.02097699)
(0.005 0.01136837 0.02103458)
(0.005 0.01338183 0.02096595)
(0.005 0.01542089 0.02103856)
(0.005 0.01728445 0.02128448)
(0.005 0.01919793 0.02096022)
(0.005 0.02127237 0.02095594)
(0.005 0.02317764 0.02121198)
(0.005 0.02511382 0.0206741)
(0.005 0.02725173 0.02059253)
(0.005 0.02937076 0.02081758)
(0.005 0.03172003 0.02102101)
(0.005 0.03387686 0.0211411)
(0.005 0.03612445 0.02152801)
(0.005 0.0382347 0.02019632)
(0.005 0.009089506 0.007799422)
(0.005 0.004724245 0.007779531)
(0.005 0.01299896 0.007534071)
(0.005 0.01705655 0.008450328)
(0.005 0.02119208 0.007705161)
(0.005 0.02495513 0.007497773)
(0.005 0.0287629 0.007995379)
(0.005 0.03307744 0.007928926)
(0.005 0.03691241 0.00757837)
(0.005 0.03834145 0.01109159)
(0.005 0.03808592 0.01558352)
(0.005 0.00390706 0.0119854)
(0.005 0.004292042 0.01436206)
(0.005 0.004122794 0.01675988)
(0.005 0.003554057 0.01917032)
(0.005 0.003355516 0.0096903)
(0.005 0.01838609 0.01160098)
(0.005 0.01027164 0.009758835)
(0.005 0.0357516 0.01691647)
(0.005 0.02724241 0.01074584)
(0.005 0.02167302 0.01071414)
(0.005 0.03188827 0.01053027)
(0.005 0.01272043 0.01009697)
(0.005 0.01544206 0.01109029)
(0.005 0.03576511 0.01446778)
(0.005 0.03604328 0.0193543)
(0.005 0.02964017 0.01019108)
(0.005 0.00596106 0.01861118)
(0.005 0.008495336 0.0183437)
(0.005 0.0105698 0.01895108)
(0.005 0.01280088 0.01832102)
(0.005 0.01500882 0.01879174)
(0.005 0.01755303 0.01856568)
(0.005 0.02025766 0.01858647)
(0.005 0.0231275 0.01813394)
(0.005 0.02619063 0.01730937)
(0.005 0.02901985 0.0176414)
(0.005 0.03119755 0.01881901)
(0.005 0.03352276 0.01882075)
(0.005 0.008063861 0.01017467)
(0.005 0.0361567 0.01197764)
(0.005 0.0247124 0.009981986)
(0.005 0.03659432 0.009636801)
(0.005 0.005694117 0.009994457)
(0.005 0.03432777 0.01013687)
(0.005 0.03321219 0.01292898)
(0.005 0.03244548 0.01599046)
(0.005 0.006662175 0.01263259)
(0.005 0.01562057 0.01537425)
(0.005 0.02461372 0.013735)
(0.005 0.007286838 0.01567095)
(0.005 0.02018461 0.0151164)
(0.005 0.02922764 0.01366334)
(0.005 0.01097421 0.01598514)
(0.005 0.009933398 0.0126636)
(0.005 0.01299251 0.01311846)
(0.002 0.001402836 0.009321652)
(0.002 0.001733427 0.01328726)
(0.002 0.001618537 0.01774897)
(0.002 0.002534968 0.007618907)
(0.002 0.004657437 0.007773234)
(0.002 0.006871455 0.007868233)
(0.002 0.008936517 0.007772739)
(0.002 0.01095987 0.007668064)
(0.002 0.01302547 0.007747506)
(0.002 0.0149949 0.007957145)
(0.002 0.01698727 0.008014469)
(0.002 0.0191129 0.007770105)
(0.002 0.0211655 0.007676375)
(0.002 0.02313749 0.00779976)
(0.002 0.02513265 0.007849437)
(0.002 0.02711946 0.007806755)
(0.002 0.02916579 0.007877946)
(0.002 0.03124319 0.007917741)
(0.002 0.03326163 0.007827157)
(0.002 0.03521795 0.007787285)
(0.002 0.03714718 0.007634028)
(0.002 0.03878586 0.007359531)
(0.002 0.03850912 0.009135903)
(0.002 0.03834052 0.0112285)
(0.002 0.03821889 0.01339451)
(0.002 0.03830419 0.01572543)
(0.002 0.03841142 0.01796037)
(0.002 0.03846393 0.02014209)
(0.002 0.002534885 0.02131579)
(0.002 0.00690198 0.02088907)
(0.002 0.01096788 0.02105685)
(0.002 0.01509338 0.02123684)
(0.002 0.01917099 0.02099448)
(0.002 0.02326017 0.02099098)
(0.002 0.02719524 0.02141087)
(0.002 0.03096303 0.02088564)
(0.002 0.03499303 0.02097595)
(0.002 0.001633764 0.01120708)
(0.002 0.001745482 0.01562446)
(0.002 0.001401023 0.01964377)
(0.002 0.01297041 0.02126473)
(0.002 0.008962201 0.02099095)
(0.002 0.004670002 0.02112247)
(0.002 0.01717144 0.02094553)
(0.002 0.02126064 0.02101966)
(0.002 0.02521143 0.02120118)
(0.002 0.02900523 0.02158601)
(0.002 0.03296737 0.02065447)
(0.002 0.03691136 0.02130405)
(0.002 0.003266499 0.00968637)
(0.002 0.003679118 0.01204265)
(0.002 0.03661221 0.01919872)
(0.002 0.003258784 0.01924437)
(0.002 0.02044364 0.01879494)
(0.002 0.005501468 0.01003194)
(0.002 0.007700392 0.01005287)
(0.002 0.00991502 0.009925431)
(0.002 0.01190337 0.009625164)
(0.002 0.01383094 0.01036934)
(0.002 0.01602619 0.01064705)
(0.002 0.01818652 0.01029263)
(0.002 0.02013961 0.009569982)
(0.002 0.022083 0.01004033)
(0.002 0.02417134 0.01019112)
(0.002 0.02635016 0.01024)
(0.002 0.02830415 0.009965265)
(0.002 0.03034943 0.01062906)
(0.002 0.03238073 0.01004144)
(0.002 0.03448698 0.01026884)
(0.002 0.03665573 0.009780425)
(0.002 0.03608316 0.0122561)
(0.002 0.03581836 0.0149211)
(0.002 0.03666805 0.01713724)
(0.002 0.01402 0.01947337)
(0.002 0.01207444 0.01888216)
(0.002 0.02666261 0.01947499)
(0.002 0.009994646 0.01842845)
(0.002 0.007723723 0.01842899)
(0.002 0.02476227 0.0186713)
(0.002 0.01835354 0.01789466)
(0.002 0.02887853 0.01939328)
(0.002 0.02254503 0.01840885)
(0.002 0.03421662 0.01774262)
(0.002 0.003614626 0.01689513)
(0.002 0.005488341 0.01883897)
(0.002 0.01596747 0.01878129)
(0.002 0.03107779 0.01738233)
(0.002 0.003902651 0.0144599)
(0.002 0.01447641 0.01341023)
(0.002 0.02850439 0.01341525)
(0.002 0.03269097 0.01350546)
(0.002 0.006343385 0.01292184)
(0.002 0.008896057 0.01227045)
(0.002 0.020978 0.01576055)
(0.002 0.006118762 0.01608265)
(0.002 0.01160246 0.01594619)
(0.002 0.01155557 0.01244708)
(0.002 0.01779611 0.01354633)
(0.002 0.02026858 0.01219089)
(0.002 0.02280323 0.01286169)
(0.002 0.02549196 0.01262637)
(0.002 0.01393288 0.01697781)
(0.002 0.02452607 0.01577037)
(0.002 0.008864087 0.01539542)
(0.002 0.02746783 0.01689564)
(0.002 0.01613026 0.01606343)
(0.042 0.001402836 0.009321652)
(0.042 0.001733427 0.01328726)
(0.042 0.001618537 0.01774897)
(0.042 0.002534968 0.007618907)
(0.042 0.004657437 0.007773234)
(0.042 0.006871455 0.007868233)
(0.042 0.008936517 0.007772739)
(0.042 0.01095987 0.007668064)
(0.042 0.01302547 0.007747506)
(0.042 0.0149949 0.007957145)
(0.042 0.01698727 0.008014469)
(0.042 0.0191129 0.007770105)
(0.042 0.0211655 0.007676375)
(0.042 0.02313749 0.00779976)
(0.042 0.02513265 0.007849437)
(0.042 0.02711946 0.007806755)
(0.042 0.02916579 0.007877946)
(0.042 0.03124319 0.007917741)
(0.042 0.03326163 0.007827157)
(0.042 0.03521795 0.007787285)
(0.042 0.03714718 0.007634028)
(0.042 0.03878586 0.007359531)
(0.042 0.03850912 0.009135903)
(0.042 0.03834052 0.0112285)
(0.042 0.03821889 0.01339451)
(0.042 0.03830419 0.01572543)
(0.042 0.03841142 0.01796037)
(0.042 0.03846393 0.02014209)
(0.042 0.002534885 0.02131579)
(0.042 0.00690198 0.02088907)
(0.042 0.01096788 0.02105685)
(0.042 0.01509338 0.02123684)
(0.042 0.01917099 0.02099448)
(0.042 0.02326017 0.02099098)
(0.042 0.02719524 0.02141087)
(0.042 0.03096303 0.02088564)
(0.042 0.03499303 0.02097595)
(0.042 0.001633764 0.01120708)
(0.042 0.001745482 0.01562446)
(0.042 0.001401023 0.01964377)
(0.042 0.01297041 0.02126473)
(0.042 0.008962201 0.02099095)
(0.042 0.004670002 0.02112247)
(0.042 0.01717144 0.02094553)
(0.042 0.02126064 0.02101966)
(0.042 0.02521143 0.02120118)
(0.042 0.02900523 0.02158601)
(0.042 0.03296737 0.02065447)
(0.042 0.03691136 0.02130405)
(0.042 0.003266499 0.00968637)
(0.042 0.003679118 0.01204265)
(0.042 0.03661221 0.01919872)
(0.042 0.003258784 0.01924437)
(0.042 0.02044364 0.01879494)
(0.042 0.005501468 0.01003194)
(0.042 0.007700392 0.01005287)
(0.042 0.00991502 0.009925431)
(0.042 0.01190337 0.009625164)
(0.042 0.01383094 0.01036934)
(0.042 0.01602619 0.01064705)
(0.042 0.01818652 0.01029263)
(0.042 0.02013961 0.009569982)
(0.042 0.022083 0.01004033)
(0.042 0.02417134 0.01019112)
(0.042 0.02635016 0.01024)
(0.042 0.02830415 0.009965265)
(0.042 0.03034943 0.01062906)
(0.042 0.03238073 0.01004144)
(0.042 0.03448698 0.01026884)
(0.042 0.03665573 0.009780425)
(0.042 0.03608316 0.0122561)
(0.042 0.03581836 0.0149211)
(0.042 0.03666805 0.01713724)
(0.042 0.01402 0.01947337)
(0.042 0.01207444 0.01888216)
(0.042 0.02666261 0.01947499)
(0.042 0.009994646 0.01842845)
(0.042 0.007723723 0.01842899)
(0.042 0.02476227 0.0186713)
(0.042 0.01835354 0.01789466)
(0.042 0.02887853 0.01939328)
(0.042 0.02254503 0.01840885)
(0.042 0.03421662 0.01774262)
(0.042 0.003614626 0.01689513)
(0.042 0.005488341 0.01883897)
(0.042 0.01596747 0.01878129)
(0.042 0.03107779 0.01738233)
(0.042 0.003902651 0.0144599)
(0.042 0.01447641 0.01341023)
(0.042 0.02850439 0.01341525)
(0.042 0.03269097 0.01350546)
(0.042 0.006343385 0.01292184)
(0.042 0.008896057 0.01227045)
(0.042 0.020978 0.01576055)
(0.042 0.006118762 0.01608265)
(0.042 0.01160246 0.01594619)
(0.042 0.01155557 0.01244708)
(0.042 0.01779611 0.01354633)
(0.042 0.02026858 0.01219089)
(0.042 0.02280323 0.01286169)
(0.042 0.02549196 0.01262637)
(0.042 0.01393288 0.01697781)
(0.042 0.02452607 0.01577037)
(0.042 0.008864087 0.01539542)
(0.042 0.02746783 0.01689564)
(0.042 0.01613026 0.01606343)
(0.03849438 0.002523847 0.006)
(0.03341125 0.002518159 0.006)
(0.02843915 0.002442566 0.006)
(0.02356085 0.002442566 0.006)
(0.01857835 0.002525309 0.006)
(0.0135 0.00246934 0.006)
(0.008495087 0.002573076 0.006)
(0.003439148 0.002442566 0.006)
(0 0.001452823 0.009283096)
(0 0.001656368 0.01111283)
(0 0.001768347 0.01324681)
(0 0.001840187 0.01546371)
(0 0.001801863 0.01771237)
(0 0.001617003 0.01984279)
(0 0.00131683 0.02165212)
(0 0.002656937 0.007592232)
(0 0.007292759 0.007847157)
(0 0.01140486 0.007512373)
(0 0.01543219 0.00808094)
(0 0.02007857 0.007564711)
(0 0.02410414 0.007841447)
(0 0.02819521 0.00752906)
(0 0.03270531 0.008060611)
(0 0.03722301 0.007714547)
(0 0.03858525 0.01140816)
(0 0.03828495 0.01551587)
(0 0.03848971 0.01986561)
(0 0.03875798 0.02164333)
(0 0.003079062 0.02133403)
(0 0.00510858 0.02130323)
(0 0.007483609 0.02130522)
(0 0.009591853 0.0211714)
(0 0.01172909 0.0210973)
(0 0.0138846 0.02103946)
(0 0.01599418 0.02095873)
(0 0.01821708 0.02110958)
(0 0.02038568 0.02127654)
(0 0.02242209 0.02122296)
(0 0.02455531 0.02112213)
(0 0.02661306 0.02090624)
(0 0.02871909 0.02080797)
(0 0.03095525 0.02093775)
(0 0.03303517 0.02140374)
(0 0.03511282 0.02149813)
(0 0.03709495 0.02134712)
(0 0.009459615 0.007847744)
(0 0.004904108 0.007729304)
(0 0.01329621 0.007933337)
(0 0.01801592 0.008403051)
(0 0.02203235 0.007839957)
(0 0.02621373 0.007741178)
(0 0.03029528 0.008521931)
(0 0.03497228 0.00771511)
(0 0.03820205 0.009618378)
(0 0.03830796 0.0133255)
(0 0.03833175 0.01778138)
(0 0.01621088 0.01031411)
(0 0.00384337 0.0118309)
(0 0.004072749 0.01413934)
(0 0.004069356 0.01650839)
(0 0.003966698 0.01904204)
(0 0.008398747 0.01013296)
(0 0.02034547 0.009958608)
(0 0.03611654 0.01430732)
(0 0.0138084 0.01045351)
(0 0.0251622 0.01000427)
(0 0.0111808 0.01007407)
(0 0.03411108 0.01015494)
(0 0.03619067 0.009333105)
(0 0.03643411 0.01670787)
(0 0.005844057 0.00985087)
(0 0.03165177 0.01103155)
(0 0.03645649 0.0116356)
(0 0.003412761 0.009603983)
(0 0.02769332 0.009664012)
(0 0.006299207 0.01965356)
(0 0.008502741 0.01907552)
(0 0.01075048 0.0189149)
(0 0.01312967 0.01882737)
(0 0.01542249 0.01853722)
(0 0.01766435 0.01866598)
(0 0.01960114 0.01939069)
(0 0.02164028 0.01895506)
(0 0.02364484 0.01919448)
(0 0.02564069 0.01831791)
(0 0.02808657 0.01796581)
(0 0.03051284 0.01817859)
(0 0.03246319 0.01905623)
(0 0.03434354 0.01999061)
(0 0.02275086 0.01032186)
(0 0.01827619 0.01187238)
(0 0.0366049 0.01921558)
(0 0.02915007 0.01196324)
(0 0.03320411 0.01591351)
(0 0.02094422 0.01332285)
(0 0.006462797 0.0123279)
(0 0.03354707 0.01302923)
(0 0.006588145 0.01738782)
(0 0.01750783 0.01549589)
(0 0.03047305 0.0147338)
(0 0.02655661 0.01204491)
(0 0.00673004 0.01495888)
(0 0.01222985 0.0133679)
(0 0.01537385 0.01297143)
(0 0.0346215 0.01793302)
(0 0.009399646 0.01618123)
(0 0.01198037 0.01659297)
(0 0.0144727 0.01597585)
(0 0.02013843 0.01673741)
(0 0.02333414 0.01626692)
(0 0.02677777 0.01517458)
(0 0.02403339 0.01297128)
(0 0.009350518 0.01284183)
(-0.02507026 -0.08 0.006929744)
(-0.02507026 -0.08 0.0122)
(-0.02507026 -0.07 0.006929744)
(-0.02507026 -0.08 0.0224)
(-0.02507026 -0.07132633 0.01889276)
(-0.02507026 -0.08 0.0326)
(-0.02507026 -0.08 0.0428)
(-0.02507026 -0.07125544 0.03792622)
(-0.02507026 -0.08 0.053)
(-0.02507026 -0.08 0.0632)
(-0.02507026 -0.07174919 0.058123)
(-0.02507026 -0.08 0.0734)
(-0.02507026 -0.08 0.0836)
(-0.02507026 -0.07127251 0.07823549)
(-0.02507026 -0.08 0.0938)
(-0.02507026 -0.08 0.09907026)
(-0.02507026 -0.07 0.09907026)
(-0.02507026 -0.06 0.09907026)
(-0.02507026 -0.06648938 0.09318067)
(-0.02507026 -0.05 0.09907026)
(-0.02507026 -0.04 0.09907026)
(-0.02507026 -0.04515096 0.09507992)
(-0.02507026 -0.03 0.09907026)
(-0.02507026 -0.02 0.09907026)
(-0.02507026 -0.02494578 0.09482586)
(-0.02507026 -0.01 0.09907026)
(-0.02507026 -2.273737e-16 0.09907026)
(-0.02507026 -0.005015362 0.09466253)
(-0.02507026 0.01 0.09907026)
(-0.02507026 0.02 0.09907026)
(-0.02507026 0.01501113 0.09476949)
(-0.02507026 0.03 0.09907026)
(-0.02507026 0.04 0.09907026)
(-0.02507026 0.03503082 0.09481068)
(-0.02507026 0.05 0.09907026)
(-0.02507026 0.06 0.09907026)
(-0.02507026 0.05503578 0.09482716)
(-0.02507026 0.07 0.09907026)
(-0.02507026 0.08 0.09907026)
(-0.02507026 0.07503942 0.09482632)
(-0.02507026 0.09 0.09907026)
(-0.02507026 0.1 0.09907026)
(-0.02507026 0.09506043 0.0948218)
(-0.02507026 0.11 0.09907026)
(-0.02507026 0.12 0.09907026)
(-0.02507026 0.115053 0.0948464)
(-0.02507026 0.13 0.09907026)
(-0.02507026 0.14 0.09907026)
(-0.02507026 0.1347979 0.09457984)
(-0.02507026 0.15 0.09907026)
(-0.02507026 0.16 0.09907026)
(-0.02507026 0.16 0.0938)
(-0.02507026 0.16 0.0122)
(-0.02507026 0.16 0.006929744)
(-0.02507026 0.15 0.006929744)
(-0.02507026 0.16 0.0224)
(-0.02507026 0.1510382 0.01666261)
(-0.02507026 0.16 0.0326)
(-0.02507026 0.1511742 0.02763877)
(-0.02507026 0.16 0.0428)
(-0.02507026 0.151272 0.038159)
(-0.02507026 0.16 0.053)
(-0.02507026 0.1512382 0.0485299)
(-0.02507026 0.16 0.0632)
(-0.02507026 0.1512564 0.0588107)
(-0.02507026 0.16 0.0734)
(-0.02507026 0.1515873 0.06891118)
(-0.02507026 0.16 0.0836)
(-0.02507026 0.1513983 0.07931318)
(-0.02507026 0.1513267 0.0898626)
(-0.02507026 -0.06 0.006929744)
(-0.02507026 -0.06619182 0.01306188)
(-0.02507026 -0.05 0.006929744)
(-0.02507026 -0.05507806 0.01156654)
(-0.02507026 -0.04 0.006929744)
(-0.02507026 -0.04444875 0.01120258)
(-0.02507026 -0.03 0.006929744)
(-0.02507026 -0.03414811 0.01096867)
(-0.02507026 -0.02 0.006929744)
(-0.02507026 -0.02403393 0.01088032)
(-0.02507026 -0.01 0.006929744)
(-0.02507026 -0.01400732 0.01086732)
(-0.02507026 -2.273737e-16 0.006929744)
(-0.02507026 -0.004021065 0.01089773)
(-0.02507026 0.01 0.006929744)
(-0.02507026 0.005950725 0.01094151)
(-0.02507026 0.02 0.006929744)
(-0.02507026 0.01592462 0.01097631)
(-0.02507026 0.03 0.006929744)
(-0.02507026 0.02590705 0.01099621)
(-0.02507026 0.04 0.006929744)
(-0.02507026 0.03589746 0.01100499)
(-0.02507026 0.05 0.006929744)
(-0.02507026 0.04589294 0.0110085)
(-0.02507026 0.06 0.006929744)
(-0.02507026 0.05589095 0.01101091)
(-0.02507026 0.07 0.006929744)
(-0.02507026 0.06588947 0.0110142)
(-0.02507026 0.08 0.006929744)
(-0.02507026 0.07588568 0.01101723)
(-0.02507026 0.09 0.006929744)
(-0.02507026 0.08587291 0.01101095)
(-0.02507026 0.1 0.006929744)
(-0.02507026 0.09583441 0.01096577)
(-0.02507026 0.11 0.006929744)
(-0.02507026 0.1057377 0.01081054)
(-0.02507026 0.12 0.006929744)
(-0.02507026 0.1155678 0.01048335)
(-0.02507026 0.13 0.006929744)
(-0.02507026 0.1253372 0.01018171)
(-0.02507507 0.14 0.006924926)
(-0.02507026 0.1339753 0.01052451)
(-0.02507026 0.1421629 0.01221652)
(-0.02507026 -0.07083289 0.02795894)
(-0.02507026 -0.07162051 0.04803683)
(-0.02507026 -0.07162303 0.06824229)
(-0.02507026 -0.0716701 0.08726342)
(-0.02507026 -0.05561727 0.09476176)
(-0.02507026 -0.03495624 0.09504117)
(-0.02507026 -0.01498821 0.09468795)
(-0.02507026 0.004994737 0.09472016)
(-0.02507026 0.02502108 0.0947865)
(-0.02507026 0.04503456 0.09481773)
(-0.02507026 0.06503783 0.09481703)
(-0.02507026 0.08504899 0.09481745)
(-0.02507026 0.1050653 0.09481941)
(-0.02507026 0.1250422 0.09471234)
(-0.02507026 0.1436436 0.09527709)
(-0.02507026 -0.06201788 0.03318206)
(-0.02507026 -0.06164888 0.08461835)
(-0.02507026 -0.06349282 0.05325791)
(-0.02507026 -0.03986832 0.08639277)
(-0.02507026 -0.02000629 0.08536176)
(-0.02507026 -0.05023921 0.08620817)
(-0.02507026 -2.081427e-05 0.08537284)
(-0.02507026 0.02004434 0.08554287)
(-0.02507026 0.040069 0.0856162)
(-0.02507026 0.06007316 0.08563826)
(-0.02507026 0.08008107 0.08564058)
(-0.02507026 0.1001447 0.08561335)
(-0.02507026 0.120076 0.08576623)
(-0.02507026 -0.01006053 0.08522894)
(-0.02507026 -0.06302664 0.07326528)
(-0.02507026 -0.06303324 0.04332766)
(-0.02507026 -0.06074653 0.02185249)
(-0.02507026 -0.02990097 0.08583378)
(-0.02507026 0.1422205 0.02284287)
(-0.02507026 0.1411936 0.08461494)
(-0.02507026 0.1426258 0.03349768)
(-0.02507026 0.1425772 0.04393542)
(-0.02507026 0.142406 0.05445768)
(-0.02507026 0.1425215 0.06489217)
(-0.02507026 0.1438599 0.07430786)
(-0.02507026 -0.04881779 0.02053606)
(-0.02507026 -0.03816987 0.01996771)
(-0.02507026 -0.02797695 0.01977073)
(-0.02507026 -0.01794771 0.01971751)
(-0.02507026 -0.007989409 0.01976978)
(-0.02507026 0.001941602 0.0198686)
(-0.02507026 0.01188026 0.01995234)
(-0.02507026 0.02183951 0.02000152)
(-0.02507026 0.03181703 0.02002304)
(-0.02507026 0.04180588 0.02003061)
(-0.02507026 0.05180062 0.02003436)
(-0.02507026 0.06179826 0.02003977)
(-0.02507026 0.071797 0.02004922)
(-0.02507026 0.08179498 0.02005781)
(-0.02507026 0.09178397 0.02004039)
(-0.02507026 0.1017328 0.01991403)
(-0.02507026 0.1115464 0.01944471)
(-0.02507026 0.1212619 0.0184806)
(-0.02507026 0.1323762 0.01836485)
(-0.02507026 -0.06354974 0.06309327)
(-0.02507026 0.1303351 0.08510058)
(-0.02507026 0.03006323 0.08560397)
(-0.02507026 0.01001996 0.0854866)
(-0.02507026 0.05007052 0.0856183)
(-0.02507026 0.07007057 0.08561626)
(-0.02507026 0.09010678 0.08562796)
(-0.02507026 0.1101624 0.08565069)
(-0.02507026 0.1339683 0.07321366)
(-0.02507026 -0.05536389 0.05819427)
(-0.02507026 0.1154031 0.07636631)
(-0.02507026 0.02509141 0.07627862)
(-0.02507026 -0.04442018 0.07827008)
(-0.02507026 0.05510726 0.0763658)
(-0.02507026 -0.05421693 0.03946357)
(-0.02507026 0.04510438 0.07634645)
(-0.02507026 0.01507509 0.07622076)
(-0.02507026 0.07509488 0.07635558)
(-0.02507026 0.09518269 0.07636545)
(-0.02507026 0.1246526 0.07723567)
(-0.02507026 -0.05204675 0.03005135)
(-0.02507026 -0.01524947 0.07550277)
(-0.02507026 0.1340282 0.03918184)
(-0.02507026 0.1338128 0.04964917)
(-0.02507026 0.1332613 0.06079936)
(-0.02507026 -0.04167177 0.02897688)
(-0.02507026 -0.05413641 0.07721007)
(-0.02507026 -0.0316502 0.02873561)
(-0.02507026 -0.02171214 0.02858757)
(-0.02507026 -0.01182305 0.02863553)
(-0.02507026 -0.0019709 0.02881563)
(-0.02507026 0.007906451 0.02897637)
(-0.02507026 0.01782905 0.02907299)
(-0.02507026 0.02778687 0.02911509)
(-0.02507026 0.03776491 0.02912916)
(-0.02507026 0.04775288 0.02913445)
(-0.02507026 0.05774722 0.02913941)
(-0.02507026 0.06774492 0.02915144)
(-0.02507026 0.07775071 0.02917126)
(-0.02507026 0.08777304 0.0291921)
(-0.02507026 0.09782935 0.02916998)
(-0.02507026 0.1079021 0.02897121)
(-0.02507026 0.1175612 0.02779354)
(-0.02507026 -0.05554933 0.06750301)
(-0.02507026 0.1053112 0.07635295)
(-0.02507026 -0.0552978 0.04895078)
(-0.02507026 0.005030603 0.07608928)
(-0.02507026 -0.03493785 0.07722907)
(-0.02507026 0.03510079 0.07632656)
(-0.02507026 0.1340909 0.02907597)
(-0.02507026 0.0650879 0.07633742)
(-0.02507026 0.0851162 0.07636751)
(-0.02507026 -0.005081821 0.07579506)
(-0.02507026 0.1261687 0.02560396)
(-0.02507026 -0.02520746 0.07597311)
(-0.02507026 0.06008668 0.06693008)
(-0.02507026 5.674694e-05 0.06644876)
(-0.02507026 0.08006438 0.06696228)
(-0.02507026 -0.04766898 0.0454967)
(-0.02507026 -0.04451061 0.03777104)
(-0.02507026 -0.0350024 0.03795106)
(-0.02507026 0.1252995 0.03442733)
(-0.02507026 0.04010941 0.06692262)
(-0.02507026 0.07007316 0.06693887)
(-0.02507026 0.02013264 0.06686325)
(-0.02507026 0.1254688 0.04415709)
(-0.02507026 0.03010654 0.06688832)
(-0.02507026 0.1249259 0.05483243)
(-0.02507026 -0.02526533 0.03753625)
(-0.02507026 -0.01548831 0.03747721)
(-0.02507026 -0.005800019 0.03780303)
(-0.02507026 0.003963752 0.0380896)
(-0.02507026 0.01383217 0.03826199)
(-0.02507026 0.02376727 0.03833872)
(-0.02507026 0.03372912 0.03836004)
(-0.02507026 0.04370355 0.03837267)
(-0.02507026 0.05369212 0.03837199)
(-0.02507026 0.0636814 0.03838698)
(-0.02507026 0.07368119 0.03840226)
(-0.02507026 0.08369457 0.03844527)
(-0.02507026 0.09377667 0.03848027)
(-0.02507026 0.1040442 0.03848844)
(-0.02507026 0.115256 0.03856655)
(-0.02507026 -0.01010914 0.06593807)
(-0.02507026 0.01010456 0.06673336)
(-0.02507026 0.05011193 0.06694708)
(-0.02507026 0.1107217 0.06698118)
(-0.02507026 -0.04736691 0.06290493)
(-0.02507026 0.1226294 0.06659163)
(-0.02507026 0.09009862 0.06698222)
(-0.02507026 -0.04828033 0.07107687)
(-0.02507026 -0.02106693 0.06465741)
(-0.02507026 -0.04693502 0.05395084)
(-0.02507026 0.1002611 0.06702059)
(-0.02507026 -0.04029782 0.06929472)
(-0.02507026 0.005124049 0.05704771)
(-0.02507026 0.08490075 0.05743417)
(-0.02507026 -0.004630279 0.05665286)
(-0.02507026 -0.03846024 0.04815501)
(-0.02507026 -0.03130078 0.06721074)
(-0.02507026 -0.02859204 0.04664806)
(-0.02507026 0.1179918 0.04859355)
(-0.02507026 -0.01898582 0.04614965)
(-0.02507026 -0.009690827 0.04683327)
(-0.02507026 -0.0001420033 0.04731664)
(-0.02507026 0.009674567 0.04759398)
(-0.02507026 0.01960976 0.04773023)
(-0.02507026 0.02958584 0.0477586)
(-0.02507026 0.03948729 0.04778819)
(-0.02507026 0.04951738 0.04777331)
(-0.02507026 0.0594449 0.04780212)
(-0.02507026 0.06948763 0.04779373)
(-0.02507026 0.07941301 0.04785071)
(-0.02507026 0.0894531 0.04789998)
(-0.02507026 0.09948918 0.04796652)
(-0.02507026 0.1150597 0.05747969)
(-0.02507026 0.04500051 0.05735581)
(-0.02507026 0.09495596 0.05751842)
(-0.02507026 0.02507866 0.05733072)
(-0.02507026 0.1049893 0.05758343)
(-0.02507026 -0.03882162 0.05951884)
(-0.02507026 0.07493917 0.05739201)
(-0.02507026 0.06499623 0.057361)
(-0.02507026 0.03502901 0.05735038)
(-0.02507026 -0.01407728 0.05586442)
(-0.02507026 0.1092305 0.04806118)
(-0.02507026 0.01505673 0.05727537)
(-0.02507026 0.0549537 0.05736489)
(-0.02507026 -0.02245021 0.05408925)
(-0.02507026 -0.03020461 0.0567788)
(-0.0198 -0.08 0.09907026)
(-0.01923855 -0.06653115 0.09907026)
(-0.02089692 -0.05576688 0.09907026)
(-0.02122895 -0.04540395 0.09907026)
(-0.02114718 -0.03530442 0.09907026)
(-0.02097101 -0.02534437 0.09907026)
(-0.02100717 -0.01532923 0.09907026)
(-0.02115788 -0.005254205 0.09907026)
(-0.02129735 0.004838364 0.09907026)
(-0.02137688 0.01491058 0.09907026)
(-0.0214114 0.02495274 0.09907026)
(-0.0214264 0.03497273 0.09907026)
(-0.02143411 0.04497806 0.09907026)
(-0.02143899 0.05497238 0.09907026)
(-0.02144164 0.06495522 0.09907026)
(-0.02143995 0.07492163 0.09907026)
(-0.02143127 0.08485909 0.09907026)
(-0.02142445 0.09474177 0.09907026)
(-0.02144975 0.1045368 0.09907026)
(-0.02152036 0.1142321 0.09907026)
(-0.01957682 0.1238559 0.09907026)
(-0.01966415 0.1333184 0.09907026)
(-0.01976796 0.1425662 0.09907026)
(-0.01902453 0.1515837 0.09907026)
(-0.0198 0.16 0.09907026)
(-0.0096 -0.08 0.09907026)
(-0.01333751 -0.07171266 0.09907026)
(0.0006 -0.08 0.09907026)
(0.0108 -0.08 0.09907026)
(0.005509473 -0.07155325 0.09907026)
(0.021 -0.08 0.09907026)
(0.0312 -0.08 0.09907026)
(0.02555283 -0.07142035 0.09907026)
(0.0414 -0.08 0.09907026)
(0.0516 -0.08 0.09907026)
(0.04584704 -0.07086803 0.09907026)
(0.0618 -0.08 0.09907026)
(0.06707026 -0.08 0.09907026)
(0.06707026 -0.07 0.09907026)
(0.06707026 -0.06 0.09907026)
(0.06089286 -0.06628243 0.09907026)
(0.06707026 -0.05 0.09907026)
(0.06707026 -0.04 0.09907026)
(0.06286964 -0.04483731 0.09907026)
(0.06707026 -0.03 0.09907026)
(0.06707026 -0.02 0.09907026)
(0.06334732 -0.02466958 0.09907026)
(0.06707026 -0.01 0.09907026)
(0.06707026 -2.273737e-16 0.09907026)
(0.06350896 -0.004835017 0.09907026)
(0.06707026 0.01 0.09907026)
(0.06707026 0.02 0.09907026)
(0.06350473 0.01504745 0.09907026)
(0.06707026 0.03 0.09907026)
(0.06707026 0.04 0.09907026)
(0.06346973 0.03500627 0.09907026)
(0.06707026 0.05 0.09907026)
(0.06707026 0.06 0.09907026)
(0.06345321 0.05502074 0.09907026)
(0.06707026 0.07 0.09907026)
(0.06707026 0.08 0.09907026)
(0.06339139 0.07514141 0.09907026)
(0.06707026 0.09 0.09907026)
(0.06707026 0.1 0.09907026)
(0.06318938 0.09553704 0.09907026)
(0.06707026 0.11 0.09907026)
(0.06707026 0.12 0.09907026)
(0.0632054 0.1161696 0.09907026)
(0.06707026 0.13 0.09907026)
(0.06707026 0.14 0.09907026)
(0.0624208 0.1348477 0.09907026)
(0.06707026 0.15 0.09907026)
(0.06707026 0.16 0.09907026)
(0.0618 0.16 0.09907026)
(-0.0096 0.16 0.09907026)
(-0.01118356 0.152442 0.09907026)
(0.0006 0.16 0.09907026)
(-0.001349686 0.1531228 0.09907026)
(0.0108 0.16 0.09907026)
(0.008671659 0.153409 0.09907026)
(0.021 0.16 0.09907026)
(0.01868516 0.1532429 0.09907026)
(0.0312 0.16 0.09907026)
(0.02830386 0.1529582 0.09907026)
(0.0414 0.16 0.09907026)
(0.03804533 0.1521516 0.09907026)
(0.0516 0.16 0.09907026)
(0.04807135 0.1501897 0.09907026)
(0.06005968 0.1475682 0.09907026)
(-0.004389692 -0.07131404 0.09907026)
(0.01552715 -0.07154857 0.09907026)
(0.03574852 -0.07119282 0.09907026)
(0.05502104 -0.07138807 0.09907026)
(0.06242337 -0.0553113 0.09907026)
(0.06318671 -0.03467369 0.09907026)
(0.06344812 -0.01473808 0.09907026)
(0.06352793 0.00510306 0.09907026)
(0.06348347 0.02502035 0.09907026)
(0.06346096 0.04500528 0.09907026)
(0.0634352 0.06505609 0.09907026)
(0.06330708 0.08530129 0.09907026)
(0.06309835 0.1058657 0.09907026)
(0.06310721 0.125248 0.09907026)
(0.0298631 -0.06279097 0.09907026)
(-0.01250597 -0.05064011 0.09907026)
(-0.01264294 -0.04052285 0.09907026)
(-0.01192923 -0.03079018 0.09907026)
(-0.01182304 -0.02077079 0.09907026)
(-0.01214398 -0.01059736 0.09907026)
(-0.0125152 -0.0003798298 0.09907026)
(-0.01273173 0.009789272 0.09907026)
(-0.01281677 0.01988656 0.09907026)
(-0.01285091 0.02993789 0.09907026)
(-0.01286669 0.03995939 0.09907026)
(-0.01287587 0.04995934 0.09907026)
(-0.01288153 0.05993939 0.09907026)
(-0.01288155 0.06989501 0.09907026)
(-0.01286677 0.07981393 0.09907026)
(-0.01282522 0.08966777 0.09907026)
(-0.01278746 0.09939308 0.09907026)
(-0.01285411 0.1089147 0.09907026)
(-0.01302399 0.1182352 0.09907026)
(-0.01311189 0.1273495 0.09907026)
(-0.01288034 0.136168 0.09907026)
(-0.01225513 0.1444939 0.09907026)
(0.05343407 -0.0494356 0.09907026)
(0.01024542 -0.06321699 0.09907026)
(0.05197226 -0.06099521 0.09907026)
(-0.01075636 -0.06170735 0.09907026)
(0.01983134 -0.06290609 0.09907026)
(0.0521879 0.1385479 0.09907026)
(0.05496489 -0.009533371 0.09907026)
(0.05479306 -0.01930556 0.09907026)
(0.05503576 0.01012582 0.09907026)
(0.05494345 0.03000358 0.09907026)
(0.05492304 0.05000505 0.09907026)
(0.05486825 0.07013194 0.09907026)
(0.05456528 0.09069697 0.09907026)
(0.05421428 0.1124011 0.09907026)
(0.05476934 0.1252225 0.09907026)
(0.0002713585 -0.06304399 0.09907026)
(0.04029737 -0.06214051 0.09907026)
(0.05459708 -0.02911856 0.09907026)
(-0.002979461 0.1460143 0.09907026)
(0.006601896 0.1468787 0.09907026)
(0.01643899 0.1466669 0.09907026)
(0.0259426 0.1456956 0.09907026)
(0.03393831 0.1456817 0.09907026)
(0.0542335 -0.03906992 0.09907026)
(0.05493061 0.03999464 0.09907026)
(0.05505859 0.0002646209 0.09907026)
(0.05498175 0.0200491 0.09907026)
(0.05491271 0.06004819 0.09907026)
(0.05476597 0.08033113 0.09907026)
(0.0543157 0.1013227 0.09907026)
(0.04216059 0.142134 0.09907026)
(0.04660569 -0.00442949 0.09907026)
(-0.002959079 -0.03668583 0.09907026)
(-0.002269806 -0.02658832 0.09907026)
(-0.002740363 -0.01615163 0.09907026)
(-0.003582344 -0.005694642 0.09907026)
(-0.004078527 0.004627643 0.09907026)
(-0.004227631 0.01478428 0.09907026)
(-0.004287977 0.02487812 0.09907026)
(-0.004314519 0.0349296 0.09907026)
(-0.004328219 0.04494764 0.09907026)
(-0.004336768 0.05493617 0.09907026)
(-0.004341552 0.06489302 0.09907026)
(-0.004336084 0.07480871 0.09907026)
(-0.004294035 0.08466569 0.09907026)
(-0.004163453 0.09442504 0.09907026)
(-0.004035889 0.1039546 0.09907026)
(-0.004245816 0.1130975 0.09907026)
(-0.004632944 0.1219774 0.09907026)
(-0.00471631 0.1305226 0.09907026)
(-0.004157523 0.1384937 0.09907026)
(0.0457957 -0.03309908 0.09907026)
(0.04529934 0.1071509 0.09907026)
(0.04641926 0.0349787 0.09907026)
(0.03368962 -0.05430369 0.09907026)
(0.04519046 0.1187708 0.09907026)
(0.04628982 -0.01400408 0.09907026)
(0.04639186 0.06506602 0.09907026)
(0.04651464 0.01508189 0.09907026)
(0.04641192 0.05500548 0.09907026)
(0.04643954 0.02499583 0.09907026)
(0.04571735 0.09613381 0.09907026)
(0.04612286 0.08553297 0.09907026)
(0.005362181 -0.05571395 0.09907026)
(0.04362001 -0.05261216 0.09907026)
(0.04602988 -0.02350233 0.09907026)
(0.004525768 0.1403372 0.09907026)
(0.01377917 0.1405698 0.09907026)
(0.0230484 0.1385123 0.09907026)
(0.04665247 0.005289696 0.09907026)
(0.04412782 0.1308624 0.09907026)
(0.02361254 -0.05443236 0.09907026)
(0.04516272 -0.04274749 0.09907026)
(0.03340838 0.1363711 0.09907026)
(-0.00507604 -0.04537243 0.09907026)
(-0.003186161 -0.05389706 0.09907026)
(0.04641444 0.04498272 0.09907026)
(0.04631882 0.07522334 0.09907026)
(0.01400647 -0.05384531 0.09907026)
(0.0379339 0.03995508 0.09907026)
(0.007619635 -0.02200906 0.09907026)
(0.005787272 -0.01103588 0.09907026)
(0.004506885 -0.0004929073 0.09907026)
(0.004351017 0.009636605 0.09907026)
(0.004252224 0.01977418 0.09907026)
(0.004207517 0.02987412 0.09907026)
(0.004187867 0.03992645 0.09907026)
(0.00417849 0.04993628 0.09907026)
(0.004171353 0.05990518 0.09907026)
(0.004165749 0.06982662 0.09907026)
(0.00417147 0.07968224 0.09907026)
(0.00425085 0.08945664 0.09907026)
(0.004638869 0.09915685 0.09907026)
(0.00503483 0.1085147 0.09907026)
(0.004150259 0.1171107 0.09907026)
(0.00337075 0.1255488 0.09907026)
(0.003370567 0.1330726 0.09907026)
(0.03595185 0.1126065 0.09907026)
(0.03806787 -0.008862045 0.09907026)
(0.03571982 0.1242457 0.09907026)
(0.03719786 -0.01801452 0.09907026)
(0.005140179 -0.04563889 0.09907026)
(0.007560876 -0.03387109 0.09907026)
(0.03733836 -0.02724503 0.09907026)
(0.037795 0.08022002 0.09907026)
(0.03790853 0.07005688 0.09907026)
(0.03604153 -0.04535012 0.09907026)
(0.01057978 0.1352057 0.09907026)
(0.02761394 -0.04730386 0.09907026)
(0.01755381 -0.04336194 0.09907026)
(0.03793312 0.05999559 0.09907026)
(0.03650086 0.1014758 0.09907026)
(0.03849104 0.0006157408 0.09907026)
(0.03793517 0.04997219 0.09907026)
(0.02674456 0.1289189 0.09907026)
(0.03745681 0.09059461 0.09907026)
(0.03798325 0.01997338 0.09907026)
(0.03793896 0.02994674 0.09907026)
(0.01826997 0.1325746 0.09907026)
(0.03811741 0.01011991 0.09907026)
(0.03698293 -0.03646923 0.09907026)
(0.02685684 0.1180117 0.09907026)
(0.02832047 -0.0121109 0.09907026)
(0.01263597 -0.00508471 0.09907026)
(0.01295675 0.004381294 0.09907026)
(0.01277172 0.01459831 0.09907026)
(0.01268835 0.02478196 0.09907026)
(0.01266087 0.03489088 0.09907026)
(0.01265138 0.04493212 0.09907026)
(0.01264939 0.05492724 0.09907026)
(0.01264046 0.0648668 0.09907026)
(0.01262682 0.07474298 0.09907026)
(0.01260364 0.08449519 0.09907026)
(0.01266294 0.09409738 0.09907026)
(0.01396133 0.103937 0.09907026)
(0.01542367 0.1138445 0.09907026)
(0.01098328 0.1215685 0.09907026)
(0.01134006 0.1285783 0.09907026)
(0.02949124 0.04494477 0.09907026)
(0.0288145 0.0951847 0.09907026)
(0.02946034 0.0749534 0.09907026)
(0.02764649 -0.02203359 0.09907026)
(0.0191095 0.1237878 0.09907026)
(0.02931378 0.08497372 0.09907026)
(0.02739814 -0.03891473 0.09907026)
(0.02949672 0.06495566 0.09907026)
(0.02570299 0.1065165 0.09907026)
(0.01882054 -0.02961654 0.09907026)
(0.02944285 -0.03083706 0.09907026)
(0.0174123 -0.01511931 0.09907026)
(0.02949837 0.05495708 0.09907026)
(0.02948388 0.03491084 0.09907026)
(0.02950624 0.02486009 0.09907026)
(0.02957386 0.014822 0.09907026)
(0.03100539 -0.003723097 0.09907026)
(0.02126417 0.009285075 0.09907026)
(0.02108193 0.02984229 0.09907026)
(0.02108363 0.04994216 0.09907026)
(0.02107368 0.06985633 0.09907026)
(0.02090433 0.08927017 0.09907026)
(0.02172547 -0.002500284 0.09907026)
(0.02980163 0.004968389 0.09907026)
(0.02108621 0.05992585 0.09907026)
(0.02113058 0.0196823 0.09907026)
(0.02107523 0.03992224 0.09907026)
(0.02102906 0.07969608 0.09907026)
(0.02056315 0.0980495 0.09907026)
(-0.0198 -0.08 0.003)
(-0.02106867 -0.06627525 0.003)
(-0.02138336 -0.04533902 0.003)
(-0.02185498 -0.02536653 0.003)
(-0.02142774 -0.004746314 0.003)
(-0.01901451 0.01565464 0.003)
(-0.02130744 0.03513327 0.003)
(-0.02198464 0.05501995 0.003)
(-0.0215402 0.07512186 0.003)
(-0.0214193 0.0950443 0.003)
(-0.02171793 0.1148827 0.003)
(-0.02128121 0.134639 0.003)
(-0.0198 0.16 0.003)
(-0.0096 -0.08 0.003)
(-0.01329312 -0.07168283 0.003)
(0.0006 -0.08 0.003)
(-0.004280461 -0.07125465 0.003)
(0.0108 -0.08 0.003)
(0.005636351 -0.07157686 0.003)
(0.021 -0.08 0.003)
(0.01559829 -0.07172137 0.003)
(0.0312 -0.08 0.003)
(0.02542756 -0.07171067 0.003)
(0.0414 -0.08 0.003)
(0.03514611 -0.07163923 0.003)
(0.0516 -0.08 0.003)
(0.04471821 -0.07149949 0.003)
(0.0618 -0.08 0.003)
(0.05409023 -0.07125839 0.003)
(0.06707026 -0.08 0.006929744)
(0.06319442 -0.07082897 0.003)
(0.06728265 -0.07 0.006717353)
(-0.0096 0.16 0.003)
(-0.01598299 0.1511256 0.003)
(0.0006 0.16 0.003)
(0.0108 0.16 0.003)
(0.005359979 0.1510019 0.003)
(0.021 0.16 0.003)
(0.0312 0.16 0.003)
(0.02602378 0.1509277 0.003)
(0.0414 0.16 0.003)
(0.0516 0.16 0.003)
(0.04725364 0.1500271 0.003)
(0.0618 0.16 0.003)
(0.06707026 0.16 0.006929744)
(0.06707026 0.15 0.006929744)
(0.06771692 -0.06 0.006283084)
(0.06414805 -0.06129813 0.003)
(0.0680198 -0.05 0.0059802)
(0.06485125 -0.05162316 0.003)
(0.06823032 -0.04 0.005769684)
(0.06538987 -0.04191404 0.003)
(0.06836962 -0.03 0.005630383)
(0.06580001 -0.03217618 0.003)
(0.06834413 -0.02 0.005655867)
(0.0653549 -0.02198738 0.003040579)
(0.06825155 -0.01 0.005748454)
(0.06479325 -0.01130097 0.003034572)
(0.06797397 -2.273737e-16 0.006026034)
(0.06462655 -0.001056039 0.003)
(0.067787 0.01 0.006213002)
(0.064236 0.009007016 0.003)
(0.06770871 0.02 0.006291293)
(0.06405453 0.01916865 0.003)
(0.067708 0.03 0.006291997)
(0.06410411 0.0288367 0.003)
(0.06781418 0.04 0.006185821)
(0.06445192 0.03827397 0.003)
(0.0678647 0.05 0.006135302)
(0.06471497 0.04779741 0.003)
(0.0675896 0.06 0.006410399)
(0.06416122 0.05770591 0.003)
(0.06755853 0.07 0.006441467)
(0.06410555 0.0676767 0.003)
(0.06751875 0.08 0.006481251)
(0.06405204 0.07759073 0.003)
(0.06749132 0.09 0.006508679)
(0.06403035 0.08749236 0.003)
(0.06749572 0.1 0.006504279)
(0.06408688 0.09737301 0.003)
(0.06754213 0.11 0.006457865)
(0.06429993 0.1071146 0.003)
(0.06763457 0.12 0.006365427)
(0.06480227 0.1165576 0.003)
(0.06745529 0.13 0.006544712)
(0.06452782 0.126317 0.003)
(0.06707026 0.14 0.006929744)
(0.06277645 0.1361689 0.003)
(0.0599076 0.1480524 0.003)
(-0.001 -0.001 0.003)
(0.001956771 -0.001 0.003)
(0.0001102642 -0.002944359 0.003)
(0.003913542 -0.001 0.003)
(0.005870313 -0.001 0.003)
(0.004822019 -0.001842089 0.003)
(0.007827085 -0.001 0.003)
(0.009783856 -0.001 0.003)
(0.008826696 -0.001988152 0.003)
(0.01192479 -0.001 0.003)
(0.01399464 -0.001 0.003)
(0.01297645 -0.001880649 0.003)
(0.01595142 -0.001 0.003)
(0.01790819 -0.001 0.003)
(0.01693851 -0.001877924 0.003)
(0.01986496 -0.001 0.003)
(0.02182173 -0.001 0.003)
(0.02092694 -0.001859882 0.003)
(0.02408378 -0.001 0.003)
(0.02604055 -0.001 0.003)
(0.0249418 -0.002019808 0.003)
(0.02799732 -0.001 0.003)
(0.02995409 -0.001 0.003)
(0.02899196 -0.00192103 0.003)
(0.03191086 -0.001 0.003)
(0.03407001 -0.001 0.003)
(0.03294151 -0.001894616 0.003)
(0.03612969 -0.001 0.003)
(0.03808646 -0.001 0.003)
(0.0372205 -0.001969047 0.003)
(0.04004323 -0.001 0.003)
(0.043 -0.001 0.003)
(0.04241913 -0.002894769 0.003)
(0.043 0.001955241 0.003)
(0.04519271 0.0003543471 0.003)
(0.043 0.003910482 0.003)
(0.043 0.005947493 0.003)
(0.04419897 0.004657276 0.003)
(0.043 0.008119358 0.003)
(0.043 0.0100746 0.003)
(0.04420145 0.009012372 0.003)
(0.043 0.01202984 0.003)
(0.043 0.01398508 0.003)
(0.04420189 0.01272931 0.003)
(0.043 0.01594032 0.003)
(0.043 0.01819396 0.003)
(0.04437889 0.01682685 0.003)
(0.043 0.0201492 0.003)
(0.043 0.02210444 0.003)
(0.04416634 0.02103041 0.003)
(0.043 0.02405968 0.003)
(0.043 0.02601492 0.003)
(0.04397107 0.02496218 0.003)
(0.043 0.02797016 0.003)
(0.043 0.03010643 0.003)
(0.04419921 0.02913681 0.003)
(0.043 0.03217904 0.003)
(0.043 0.03413428 0.003)
(0.04431293 0.03340504 0.003)
(0.043 0.03608952 0.003)
(0.043 0.03804476 0.003)
(0.04496125 0.03724835 0.003)
(0.001956771 0.041 0.003)
(-0.001 0.041 0.003)
(-0.0002148821 0.04295842 0.003)
(0.003913542 0.041 0.003)
(0.002354411 0.04281254 0.003)
(0.005870313 0.041 0.003)
(0.004688903 0.04204416 0.003)
(0.007827085 0.041 0.003)
(0.006707756 0.04186536 0.003)
(0.009783856 0.041 0.003)
(0.008796646 0.04186209 0.003)
(0.01192479 0.041 0.003)
(0.01078193 0.0420226 0.003)
(0.01399464 0.041 0.003)
(0.01297398 0.04206492 0.003)
(0.01595142 0.041 0.003)
(0.01495226 0.04201255 0.003)
(0.01790819 0.041 0.003)
(0.01693954 0.04189436 0.003)
(0.01986496 0.041 0.003)
(0.01894752 0.04188141 0.003)
(0.02182173 0.041 0.003)
(0.02095987 0.04197914 0.003)
(0.02408378 0.041 0.003)
(0.02301579 0.04204795 0.003)
(0.02604055 0.041 0.003)
(0.02507267 0.04198729 0.003)
(0.02799732 0.041 0.003)
(0.02707565 0.04190365 0.003)
(0.02995409 0.041 0.003)
(0.02906134 0.04187524 0.003)
(0.03191086 0.041 0.003)
(0.03095857 0.04187058 0.003)
(0.03407001 0.041 0.003)
(0.03303443 0.04190886 0.003)
(0.03612969 0.041 0.003)
(0.03521337 0.04209968 0.003)
(0.03808646 0.041 0.003)
(0.03729753 0.04211239 0.003)
(0.04004323 0.041 0.003)
(0.03967414 0.0427646 0.003)
(0.043 0.041 0.003)
(0.04244059 0.04293259 0.003)
(-0.001 0.001955241 0.003)
(-0.00277884 -0.0001930015 0.003)
(-0.001 0.003910482 0.003)
(-0.002891259 0.002356343 0.003)
(-0.001 0.005947493 0.003)
(-0.002523245 0.004629434 0.003)
(-0.001 0.008119358 0.003)
(-0.00270976 0.006893488 0.003)
(-0.001 0.0100746 0.003)
(-0.002493099 0.009098382 0.003)
(-0.001 0.01202984 0.003)
(-0.0022316 0.01118123 0.003)
(-0.001 0.01398508 0.003)
(-0.002101912 0.01326081 0.003)
(-0.001 0.01594032 0.003)
(-0.001795516 0.01505808 0.003)
(-0.001 0.01819396 0.003)
(-0.002215473 0.01693415 0.003)
(-0.001 0.0201492 0.003)
(-0.002197225 0.01917441 0.003)
(-0.001 0.02210444 0.003)
(-0.002139649 0.02121079 0.003)
(-0.001 0.02405968 0.003)
(-0.002077627 0.0232641 0.003)
(-0.001 0.02601492 0.003)
(-0.001750185 0.02508396 0.003)
(-0.001 0.02797016 0.003)
(-0.002071755 0.02691317 0.003)
(-0.001 0.03010643 0.003)
(-0.002119051 0.02896667 0.003)
(-0.001 0.03217904 0.003)
(-0.00207148 0.03114484 0.003)
(-0.001 0.03413428 0.003)
(-0.002051502 0.03320311 0.003)
(-0.001 0.03608952 0.003)
(-0.002125597 0.03523793 0.003)
(-0.001 0.03804476 0.003)
(-0.002974552 0.03756911 0.003)
(-0.003190605 0.04005309 0.003)
(-0.0208911 -0.05571387 0.003)
(-0.02167602 -0.03530709 0.003)
(-0.02187948 -0.01516164 0.003)
(-0.01927212 0.005666779 0.003)
(-0.01918896 0.0255343 0.003)
(-0.02191176 0.04485608 0.003)
(-0.02175038 0.06514338 0.003)
(-0.02143583 0.08509642 0.003)
(-0.02151902 0.1049814 0.003)
(-0.02167801 0.1248423 0.003)
(-0.02155849 0.143503 0.003)
(-0.005227438 0.1506954 0.003)
(0.01571265 0.1510908 0.003)
(0.03640637 0.1506214 0.003)
(0.002578129 -0.002825302 0.003)
(0.006871655 -0.001816948 0.003)
(-0.002622822 -0.002886991 0.003)
(0.01083406 -0.002012362 0.003)
(0.01496796 -0.0017988 0.003)
(0.01884984 -0.001801617 0.003)
(0.02292132 -0.002010282 0.003)
(0.02698085 -0.001917024 0.003)
(0.03093716 -0.002025619 0.003)
(0.03519147 -0.001899497 0.003)
(0.03962276 -0.00279251 0.003)
(0.04551836 -0.002363552 0.003)
(0.04443875 0.002669339 0.003)
(0.04442306 0.006882393 0.003)
(0.04374312 0.01091056 0.003)
(0.0443192 0.0147623 0.003)
(0.04427163 0.0189753 0.003)
(0.04419742 0.02294872 0.003)
(0.04399392 0.02712693 0.003)
(0.0444653 0.03132012 0.003)
(0.04461718 0.03534119 0.003)
(0.04547324 0.0427335 0.003)
(0.04518315 0.03992713 0.003)
(-0.003085937 0.04280237 0.003)
(-0.001786556 0.04507576 0.003)
(0.03088375 0.1416286 0.003)
(-0.01388146 -0.02096266 0.003)
(-0.01302835 0.0001726542 0.003)
(-0.01251026 0.02055398 0.003)
(-0.01396979 0.03974945 0.003)
(-0.01375531 0.0602673 0.003)
(-0.012904 0.08021816 0.003)
(-0.01285114 0.1001312 0.003)
(-0.01371154 0.1196859 0.003)
(-0.01141174 0.1406209 0.003)
(-0.01250922 -0.05041448 0.003)
(-0.01071721 -0.06167969 0.003)
(0.0006195075 -0.06294029 0.003)
(0.01063794 -0.06339139 0.003)
(0.02011433 -0.06338986 0.003)
(0.02948592 -0.06328257 0.003)
(0.03865598 -0.06307025 0.003)
(0.0475367 -0.0627046 0.003)
(0.0559795 -0.06215083 0.003)
(0.02386566 -0.004519735 0.003)
(0.01046977 0.1422956 0.003)
(9.088478e-05 0.141855 0.003)
(0.05206569 0.1398863 0.003)
(0.02793215 -0.004029956 0.003)
(0.001512864 -0.004868031 0.003)
(-0.004914617 -0.001737929 0.003)
(0.00582708 -0.003748126 0.003)
(0.05741034 -0.0528234 0.003)
(0.05850071 -0.04344445 0.003)
(0.0593776 -0.03412511 0.003)
(0.06001985 -0.02472608 0.003)
(0.05981838 -0.01464544 0.003)
(0.05814305 -0.00345137 0.003003728)
(0.05657688 0.007982885 0.003)
(0.05638016 0.01821718 0.003)
(0.05615697 0.02833668 0.003)
(0.0568991 0.03715107 0.003)
(0.05811205 0.0448486 0.003)
(0.0562759 0.05507161 0.003)
(0.05623941 0.06533364 0.003)
(0.05608286 0.07511213 0.003)
(0.05600415 0.08494066 0.003)
(0.05604256 0.09482583 0.003)
(0.05624742 0.1046543 0.003)
(0.05686078 0.1140237 0.003)
(0.05828242 0.1221439 0.003)
(-0.001206132 -0.005023994 0.003)
(0.003916399 -0.004361801 0.003)
(0.01792372 -0.004309062 0.003)
(0.01208708 -0.004386531 0.003)
(0.02172925 -0.004388691 0.003)
(0.0158846 -0.004319777 0.003)
(0.02600778 -0.004438615 0.003)
(0.01986239 -0.003843925 0.003)
(0.0320844 -0.004537762 0.003)
(0.03604998 -0.004224021 0.003)
(0.04098129 -0.004841134 0.003)
(0.0464769 0.002648059 0.003)
(0.04742501 0.00793092 0.003)
(0.0463483 0.0106708 0.003)
(0.0469539 0.01546806 0.003)
(0.04740463 0.01768619 0.003)
(0.04737226 0.02192349 0.003)
(0.04582307 0.02600612 0.003)
(0.04728036 0.03021537 0.003)
(0.04689296 0.03551829 0.003)
(0.04678185 0.03823242 0.003)
(0.02068297 0.1421678 0.003)
(-0.01402665 -0.01012238 0.003)
(0.009865065 -0.004628114 0.003)
(0.00344509 0.04460059 0.003)
(0.005735958 0.04426311 0.003)
(0.007721385 0.04384776 0.003)
(0.009608565 0.04440027 0.003)
(0.01174835 0.04438617 0.003)
(0.01398361 0.04438878 0.003)
(0.01607237 0.04446133 0.003)
(0.01797033 0.04387909 0.003)
(0.01988195 0.04438915 0.003)
(0.021974 0.04425595 0.003)
(0.0241951 0.04423874 0.003)
(0.02633413 0.04444274 0.003)
(0.02820646 0.04392596 0.003)
(0.03015478 0.04427463 0.003)
(0.03197005 0.04383494 0.003)
(0.03399598 0.04442331 0.003)
(0.03625899 0.04462575 0.003)
(0.03861809 0.0445297 0.003)
(0.04115097 0.04468576 0.003)
(-0.005545701 0.04156461 0.003)
(-0.01349274 -0.03070008 0.003)
(-0.005141181 0.003019271 0.003)
(-0.005634894 0.005452249 0.003)
(-0.005607861 0.00794226 0.003)
(-0.005163532 0.01042983 0.003)
(-0.004467746 0.0126586 0.003)
(-0.004973559 0.01527671 0.003)
(-0.004440152 0.01790346 0.003)
(-0.004885346 0.02025099 0.003)
(-0.004426933 0.02255555 0.003)
(-0.005030743 0.02517471 0.003)
(-0.004394086 0.02774724 0.003)
(-0.004728534 0.03001738 0.003)
(-0.004143902 0.03215083 0.003)
(-0.004850454 0.03422082 0.003)
(-0.004523432 0.03638327 0.003)
(-0.005284293 0.03865181 0.003)
(0.01395861 -0.003791212 0.003)
(0.001053094 0.04486714 0.003)
(-0.004387278 0.0008376338 0.003)
(0.007795514 -0.004312064 0.003)
(0.04785719 -0.0002478589 0.003)
(0.04415851 0.04513109 0.003)
(-0.01273452 0.01105658 0.003)
(-0.0125789 0.03164591 0.003)
(-0.01444091 0.04975687 0.003)
(-0.01321599 0.0703027 0.003)
(-0.01277467 0.09015719 0.003)
(-0.01315708 0.110005 0.003)
(-0.01316519 0.1296737 0.003)
(-0.004682572 -0.004979906 0.003)
(0.04129039 0.1409881 0.003)
(-0.008298655 0.03598059 0.003)
(0.04813762 -0.004232421 0.003)
(-0.01316703 -0.04029361 0.003)
(0.02988843 -0.004572612 0.003)
(-0.01076021 0.02563096 0.003)
(0.05538769 0.1303501 0.003)
(-0.01047814 0.006292982 0.003)
(-0.005229202 0.04504853 0.003)
(0.04418912 -0.004952231 0.003)
(0.0383779 -0.004488192 0.003)
(0.03408069 -0.003927699 0.003)
(0.04799592 0.04500702 0.003)
(0.04683661 0.005275051 0.003)
(0.0474003 0.01304768 0.003)
(0.04670189 0.01987095 0.003)
(0.04670478 0.02405942 0.003)
(0.04666201 0.02795314 0.003)
(0.04749446 0.03283086 0.003)
(0.04780361 0.04098286 0.003)
(-0.01061801 0.01567623 0.003)
(0.02782857 -0.007285958 0.003)
(-0.004336763 0.1054172 0.003)
(0.02224151 -0.007608145 0.003)
(0.0504366 0.03827701 0.003)
(-0.004473049 0.07546651 0.003)
(-0.004842961 -0.04458679 0.003)
(-0.003591186 0.04935045 0.003)
(0.0519453 -0.002210185 0.003)
(-0.003406779 -0.05411678 0.003)
(-0.006422322 0.124027 0.003)
(0.01529592 -0.05503173 0.003)
(0.02418122 -0.0549553 0.003)
(0.03306351 -0.0547642 0.003)
(0.04163503 -0.05432909 0.003)
(0.04967702 -0.05370391 0.003)
(0.04707662 -0.008759839 0.003)
(0.04268317 -0.008361961 0.003)
(0.05132311 -0.04465836 0.003)
(0.05263336 -0.03573839 0.003)
(0.05383165 -0.02710489 0.003)
(0.05452303 -0.01837049 0.003)
(0.05091745 0.004050443 0.003)
(0.05175786 0.04894449 0.003)
(0.04834355 0.06339767 0.003)
(0.04820607 0.05534456 0.003)
(0.04801264 0.07248472 0.003)
(0.04786845 0.08206864 0.003)
(0.04787487 0.09195784 0.003)
(0.04805771 0.1020086 0.003)
(0.04847053 0.1122371 0.003)
(0.05017658 0.1220952 0.003)
(0.0002133767 -0.008219241 0.003)
(-0.008626778 0.03991854 0.003)
(0.04648746 0.04950363 0.003)
(-0.008925448 -0.00411515 0.003)
(-0.004086725 0.09533141 0.003)
(0.05100896 0.01503062 0.003)
(0.05030397 0.02786359 0.003)
(0.0455193 0.1313304 0.003)
(-0.009685264 0.04391517 0.003)
(0.01151734 -0.00769989 0.003)
(0.03539821 0.1318867 0.003)
(0.007580389 0.04704802 0.003)
(0.01035317 0.04744369 0.003)
(0.01281915 0.04685513 0.003)
(0.01525893 0.04757978 0.003)
(0.01801474 0.04724157 0.003)
(0.02081353 0.04728947 0.003)
(0.02317413 0.04660638 0.003)
(0.02557991 0.04715412 0.003)
(0.02880122 0.04759128 0.003)
(0.03182328 0.0466483 0.003)
(0.03457469 0.04744004 0.003)
(0.03751244 0.04738465 0.003)
(0.04001405 0.04709685 0.003)
(-0.008526684 0.009656897 0.003)
(-0.007850823 0.01278013 0.003)
(-0.007782042 0.0184445 0.003)
(-0.007825197 0.02230184 0.003)
(-0.007793837 0.02840947 0.003)
(-0.007386991 0.0321181 0.003)
(-0.003657899 0.1324532 0.003)
(-0.005042396 0.06560611 0.003)
(-0.005408815 -0.02669124 0.003)
(0.02531001 0.1328393 0.003)
(-0.002923061 -0.008152774 0.003)
(0.01686988 -0.007322584 0.003)
(0.01558057 0.1337312 0.003)
(0.04269067 0.04840987 0.003)
(0.005769503 0.1334015 0.003)
(0.006288056 -0.05528348 0.003)
(-0.006192593 0.05576238 0.003)
(0.03091719 -0.007874302 0.003)
(-0.004975185 0.1152926 0.003)
(0.05318623 -0.008722768 0.003)
(0.05178238 0.03452356 0.003)
(-0.004153834 0.08532786 0.003)
(0.005909105 -0.006324361 0.003)
(0.01967066 -0.006554799 0.003)
(0.05118885 0.02363817 0.003)
(0.0525106 0.04270475 0.003)
(0.003349323 -0.007571163 0.003)
(-0.008267604 0.04896116 0.003)
(0.03404476 -0.006875354 0.003)
(0.03936095 -0.007614327 0.003)
(0.04836463 0.02589216 0.003)
(0.03679407 -0.006679509 0.003)
(0.05017846 0.0195767 0.003)
(0.05028113 0.01001655 0.003)
(0.05058242 0.03109259 0.003)
(-0.00765736 8.173244e-05 0.003)
(0.004960178 0.04693027 0.003)
(0.008532722 -0.007487244 0.003)
(-0.004826769 -0.03557374 0.003)
(0.01409484 -0.006448048 0.003)
(-0.008548948 0.003185159 0.003)
(-0.0003680146 0.04801471 0.003)
(-0.006152216 -0.01758463 0.003)
(0.002431994 0.04797115 0.003)
(0.04056814 0.0606159 0.003)
(0.01913401 -0.04650727 0.003)
(0.04923341 -0.01413853 0.003)
(0.002388066 -0.02335606 0.003)
(0.0277796 -0.04658922 0.003)
(0.0359525 -0.04618997 0.003)
(0.04382498 -0.04557317 0.003)
(0.04427406 -0.01231472 0.003)
(0.004407499 0.08055511 0.003)
(0.02501395 -0.007114157 0.003)
(0.04559853 -0.03698457 0.003)
(0.04706478 -0.02871487 0.003)
(0.04878182 -0.02152062 0.003)
(0.03965148 0.06941428 0.003)
(0.03953285 0.07872155 0.003)
(0.03952436 0.08852715 0.003)
(0.03966154 0.09862821 0.003)
(0.04017925 0.1089449 0.003)
(0.04021528 0.1208833 0.003)
(-0.007242277 -0.009789955 0.003)
(0.003822115 -0.04002558 0.003)
(0.02433644 -0.0114877 0.003)
(0.004017957 0.1112579 0.003)
(0.003872146 0.07084256 0.003)
(0.002576584 0.122684 0.003)
(0.01996641 0.05122455 0.003)
(0.03244612 0.05128959 0.003)
(0.003086463 0.06124297 0.003)
(0.02928894 0.1231577 0.003)
(0.004028406 -0.03133166 0.003)
(0.01961491 0.1241746 0.003)
(0.004599449 0.1007359 0.003)
(0.02868211 -0.0120468 0.003)
(0.01065476 -0.04663673 0.003)
(0.0006013025 0.05252481 0.003)
(0.004657949 0.09047786 0.003)
(0.002424769 -0.01138062 0.003)
(0.002564787 -0.04808386 0.003)
(-0.00215777 -0.0121551 0.003)
(0.006070896 -0.009851191 0.003)
(0.005168019 0.05029008 0.003)
(0.006019628 0.05498937 0.003)
(0.009019976 0.05115029 0.003)
(0.01273733 0.05019686 0.003)
(0.01628897 0.05173831 0.003)
(0.01939745 0.0566543 0.003)
(0.02332274 0.04950577 0.003)
(0.02637648 0.05035809 0.003)
(0.02902071 0.05335945 0.003)
(0.03626813 0.05049131 0.003)
(0.03972812 0.05046023 0.003)
(0.0400546 -0.01141428 0.003)
(0.01098919 0.1261152 0.003)
(0.01984529 -0.01854925 0.003)
(0.01913826 -0.01097533 0.003)
(0.01336263 0.08546315 0.003)
(0.001500327 -0.01673722 0.003)
(0.03649111 -0.009922005 0.003)
(0.03048731 -0.03806384 0.003)
(0.0382365 -0.03781273 0.003)
(0.03284904 -0.01150727 0.003)
(0.04017647 -0.02985349 0.003)
(0.03053592 0.06586356 0.003)
(0.03262254 0.114377 0.003)
(0.03090391 0.07490137 0.003)
(0.0309349 0.0846099 0.003)
(0.03102617 0.09466309 0.003)
(0.03129316 0.104971 0.003)
(0.04097134 -0.0155693 0.003)
(0.01000381 -0.01190043 0.003)
(0.01439608 -0.01021441 0.003)
(0.03145983 -0.01730208 0.003)
(0.01436868 -0.01605167 0.003)
(0.008292527 -0.0185293 0.003)
(0.01295961 0.07577473 0.003)
(0.03635052 -0.01573826 0.003)
(0.01215934 0.06667162 0.003)
(0.02270029 0.1129501 0.003)
(0.0429591 0.05319707 0.003)
(0.01336122 0.1064073 0.003)
(0.01370232 -0.03649874 0.003)
(0.02573957 -0.01833922 0.003)
(0.04509399 -0.01708433 0.003)
(0.04163822 -0.02204491 0.003)
(0.005855398 -0.01373264 0.003)
(0.01225187 0.1169127 0.003)
(0.0260804 0.05927308 0.003)
(0.03281476 0.05809266 0.003)
(0.02274518 -0.03889891 0.003)
(0.01347525 0.09567426 0.003)
(0.01227201 0.05726433 0.003)
(0.02294502 -0.02858662 0.003)
(0.02208373 0.0803592 0.003)
(0.02226617 0.09024771 0.003)
(0.02233243 0.1008496 0.003)
(0.01275936 -0.02517659 0.003)
(0.02393873 0.05375458 0.003)
(0.03745965 0.05475153 0.003)
(0.0200757 0.06342865 0.003)
(0.02156589 0.07125711 0.003)
(0.03280901 -0.03046073 0.003)
(0.03557275 -0.02318227 0.003)
(0.02945513 -0.02379488 0.003)
(0.06707026 -0.08 0.0122)
(0.06707026 -0.08 0.0224)
(0.06707026 -0.07179481 0.01856444)
(0.06707026 -0.08 0.0326)
(0.06707026 -0.07126146 0.02750144)
(0.06707026 -0.08 0.0428)
(0.06707026 -0.0713178 0.03736018)
(0.06707026 -0.08 0.053)
(0.06707026 -0.07132026 0.04727075)
(0.06707026 -0.08 0.0632)
(0.06707026 -0.07146799 0.05716584)
(0.06707026 -0.08 0.0734)
(0.06707026 -0.07157896 0.06700736)
(0.06707026 -0.08 0.0836)
(0.06707026 -0.07149529 0.07667437)
(0.06707026 -0.08 0.0938)
(0.06707026 -0.07122313 0.08606968)
(0.06707026 -0.07071433 0.0932762)
(0.06707026 -0.06105844 0.09376152)
(0.06707026 -0.05123411 0.09400755)
(0.06707026 -0.041341 0.09396827)
(0.06707026 -0.03141623 0.09399963)
(0.06707026 -0.02146753 0.0941032)
(0.06707026 -0.01150868 0.09410787)
(0.06707026 -0.001533134 0.09418022)
(0.06707026 0.008447666 0.09410102)
(0.06707026 0.01844642 0.09404399)
(0.06707026 0.02846279 0.09399753)
(0.06707026 0.03849595 0.09403447)
(0.06707026 0.04852552 0.09405952)
(0.06707026 0.05852926 0.09400032)
(0.06707026 0.06850748 0.09402013)
(0.06707026 0.07846177 0.09416743)
(0.06707026 0.0883863 0.09415787)
(0.06707026 0.09832236 0.09417735)
(0.06707026 0.1082313 0.09408025)
(0.06707026 0.118133 0.09432589)
(0.06707026 0.1277031 0.09423749)
(0.06707026 0.1370249 0.09462742)
(0.06707026 0.1467939 0.09414848)
(0.06707026 0.16 0.0938)
(0.06707026 0.16 0.0122)
(0.06707026 0.16 0.0224)
(0.06707026 0.1517101 0.01644538)
(0.06707026 0.16 0.0326)
(0.06707026 0.16 0.0428)
(0.06707026 0.1512648 0.03764032)
(0.06707026 0.16 0.053)
(0.06707026 0.16 0.0632)
(0.06707026 0.15081 0.05818147)
(0.06707026 0.16 0.0734)
(0.06707026 0.16 0.0836)
(0.06707026 0.1511465 0.07816959)
(0.0670947 -0.06659709 0.01257312)
(0.06707026 -0.04540124 0.01091499)
(0.06707026 -0.02520125 0.01091935)
(0.06707026 -0.005043572 0.01079821)
(0.06707026 0.01502497 0.01071222)
(0.06707026 0.03501863 0.01062335)
(0.06707026 0.05497936 0.01056017)
(0.06707026 0.07495711 0.01062866)
(0.06707026 0.09495796 0.01085268)
(0.06707026 0.1147968 0.01097972)
(0.06707026 0.1338373 0.01036078)
(0.06707026 0.1432248 0.01171427)
(0.06707026 0.1508643 0.06833555)
(0.06707026 0.1517229 0.02735296)
(0.06707026 0.1509572 0.04789232)
(0.06707026 0.1510094 0.08768584)
(0.06707026 -0.05580966 0.01108477)
(0.06707026 -0.03527361 0.01095529)
(0.06707026 -0.01510979 0.01085196)
(0.06707026 0.004999588 0.01075343)
(0.06707026 0.02503098 0.0106723)
(0.06707026 0.04499831 0.01058157)
(0.06707026 0.06496483 0.01057492)
(0.06707026 0.08495385 0.01072134)
(0.06707026 0.1049425 0.01097771)
(0.06707026 0.1244372 0.01072652)
(0.06707026 -0.06276723 0.03201232)
(0.06707026 -0.06244112 0.04182482)
(0.06707026 -0.06261641 0.05153355)
(0.06707026 -0.06305821 0.0611618)
(0.06707026 -0.06313262 0.07054988)
(0.06707026 -0.06271357 0.07950965)
(0.06707026 -0.06200442 0.08788546)
(0.06707026 0.1420478 0.04253023)
(0.06707026 -0.05237134 0.08806308)
(0.06707026 -0.04261246 0.08883563)
(0.06707026 -0.03278759 0.08870338)
(0.06707026 -0.02290228 0.08903786)
(0.06707026 -0.01299874 0.08893269)
(0.06707026 -0.003067596 0.08898931)
(0.06707026 0.006889725 0.08908934)
(0.06707026 0.01686391 0.08893427)
(0.06707026 0.02688441 0.0888546)
(0.06707026 0.03693879 0.08876405)
(0.06707026 0.04700196 0.08861988)
(0.06707026 0.05706959 0.0888309)
(0.06707026 0.06705935 0.08877862)
(0.06707026 0.07699451 0.08903389)
(0.06707026 0.08685458 0.08923816)
(0.06707026 0.09666525 0.08909109)
(0.06707026 0.1064955 0.08870863)
(0.06707026 0.1163379 0.08850031)
(0.06707026 0.1261408 0.08905464)
(0.06707026 0.1349199 0.0892765)
(0.06707026 0.1427288 0.0906371)
(0.06707026 -0.05072654 0.01959081)
(0.06707026 0.1429167 0.03234708)
(0.06707026 0.14183 0.07379763)
(0.06707026 0.1440099 0.02230661)
(0.06707026 -0.06197809 0.0208767)
(0.06707026 0.1414679 0.0636796)
(0.06707026 0.1417045 0.05301801)
(0.06707026 -0.02029228 0.01973698)
(0.06707026 0.01006116 0.0194569)
(0.06707026 -8.512708e-07 0.01953789)
(0.06707026 0.03008524 0.01929796)
(0.06707026 0.0499793 0.01911734)
(0.06707026 0.069881 0.01917172)
(0.06707026 0.08984224 0.01954789)
(0.06707026 0.109943 0.02013059)
(0.06707026 0.1289252 0.01925291)
(0.06707026 -0.03048753 0.01991195)
(0.06707026 0.142615 0.082885)
(0.06707026 -0.01011465 0.01961708)
(0.06707026 -0.04060525 0.01991673)
(0.06707026 0.1197142 0.02003064)
(0.06707026 0.09990911 0.01984879)
(0.06707026 0.04004093 0.01920365)
(0.06707026 0.0200921 0.01938017)
(0.06707026 0.05992689 0.01910522)
(0.06707026 0.07983935 0.01931428)
(0.06707026 0.13708 0.01810279)
(0.06707026 -0.05335255 0.04603219)
(0.06707026 -0.05412631 0.05591058)
(0.06707026 -0.05497098 0.06490722)
(0.06707026 -0.05463075 0.07367547)
(0.06707026 -0.05348154 0.08145161)
(0.06707026 0.1255787 0.02903103)
(0.06707026 -0.01524207 0.02842299)
(0.06707026 -0.04383704 0.08243669)
(0.06707026 -0.03412995 0.08281231)
(0.06707026 -0.02433195 0.08333452)
(0.06707026 -0.01447019 0.08366239)
(0.06707026 -0.004576191 0.0836955)
(0.06707026 0.005300672 0.08352963)
(0.06707026 0.01521979 0.08338162)
(0.06707026 0.02521536 0.08326746)
(0.06707026 0.03529353 0.08315414)
(0.06707026 0.04542537 0.08303719)
(0.06707026 0.05555652 0.08299317)
(0.06707026 0.06562792 0.08308999)
(0.06707026 0.07559516 0.08329617)
(0.06707026 0.08540269 0.08352347)
(0.06707026 0.09505265 0.08373606)
(0.06707026 0.1047549 0.08364433)
(0.06707026 0.1146613 0.08275843)
(0.06707026 0.1242094 0.08118823)
(0.06707026 0.1331991 0.0366042)
(0.06707026 0.01518712 0.02810186)
(0.06707026 0.05491092 0.02757765)
(0.06707026 0.005112813 0.0282292)
(0.06707026 0.1313914 0.07068776)
(0.06707026 0.1325427 0.0584835)
(0.06707026 0.09465205 0.02847393)
(0.06707026 0.08455352 0.02806688)
(0.06707026 0.04503793 0.02768591)
(0.06707026 0.07463994 0.02777732)
(0.06707026 0.06478789 0.02761208)
(0.06707026 0.03516166 0.0278658)
(0.06707026 0.1324445 0.04728857)
(0.06707026 0.1153509 0.02963649)
(0.06707026 -0.02557182 0.02866523)
(0.06707026 -0.005026802 0.02833286)
(0.06707026 0.1335935 0.08076235)
(0.06707026 0.02520318 0.02797818)
(0.06707026 0.1351961 0.02668536)
(0.06707026 -0.0535183 0.03634229)
(0.06707026 0.1048885 0.02903529)
(0.06707026 -0.04606823 0.02884209)
(0.06707026 -0.05503142 0.02747444)
(0.06707026 -0.03601618 0.02913484)
(0.06707026 0.03037167 0.03651128)
(0.06707026 -0.04604758 0.06057725)
(0.06707026 -0.04762932 0.06840348)
(0.06707026 -0.04532152 0.07514478)
(0.06707026 -0.01010868 0.03710979)
(0.06707026 -0.03578976 0.07521524)
(0.06707026 -0.02605547 0.07616479)
(0.06707026 -0.01637347 0.07680336)
(0.06707026 -0.006632181 0.07692562)
(0.06707026 0.003072711 0.07662078)
(0.06707026 0.01288919 0.07639535)
(0.06707026 0.02283594 0.07624596)
(0.06707026 0.03291921 0.07610526)
(0.06707026 0.04313418 0.07590237)
(0.06707026 0.05343857 0.07574977)
(0.06707026 0.06369053 0.0758293)
(0.06707026 0.07378773 0.07612856)
(0.06707026 0.08361302 0.07642949)
(0.06707026 0.09309494 0.0767829)
(0.06707026 0.1022017 0.0771782)
(0.06707026 0.1116873 0.07648034)
(0.06707026 0.1098262 0.03852869)
(0.06707026 0.1219279 0.04034101)
(0.06707026 0.02038357 0.03664994)
(0.06707026 0.1208878 0.07376052)
(0.06707026 0.01031758 0.03682729)
(0.06707026 0.09920174 0.03747081)
(0.06707026 0.04997201 0.03600709)
(0.06707026 0.04024948 0.03632854)
(0.06707026 -0.04287401 0.03946497)
(0.06707026 0.07906118 0.03643906)
(0.06707026 -0.04492 0.05083714)
(0.06707026 -0.02037568 0.0371207)
(0.06707026 0.08899713 0.03686559)
(0.06707026 0.1236228 0.06355667)
(0.06707026 -0.03101686 0.03765815)
(0.06707026 0.0001403079 0.03702212)
(0.06707026 0.0597224 0.03590054)
(0.06707026 0.0693944 0.03608553)
(0.06707026 0.1233915 0.05258332)
(0.06707026 0.1134397 0.04840269)
(0.06707026 0.02564288 0.04509573)
(0.06707026 -0.03812408 0.06670122)
(0.06707026 -0.0277347 0.06859255)
(0.06707026 -0.01851837 0.06977243)
(0.06707026 -0.009141175 0.07020717)
(0.06707026 0.0001851198 0.06958964)
(0.06707026 0.009856331 0.06925152)
(0.06707026 0.0197273 0.06905804)
(0.06707026 0.02978432 0.06892962)
(0.06707026 0.03998423 0.06867464)
(0.06707026 0.05056554 0.06831422)
(0.06707026 0.06123391 0.06823677)
(0.06707026 0.07163824 0.06871834)
(0.06707026 0.08159743 0.06906923)
(0.06707026 0.09113429 0.06948209)
(0.06707026 0.0999585 0.07003065)
(0.06707026 -0.03554326 0.04687081)
(0.06707026 0.01563485 0.04528956)
(0.06707026 0.1030339 0.04647536)
(0.06707026 0.04534136 0.044618)
(0.06707026 -0.01526134 0.04581028)
(0.06707026 -0.0373426 0.05674096)
(0.06707026 0.005457408 0.04552199)
(0.06707026 -0.005003884 0.04585881)
(0.06707026 0.1152548 0.06767521)
(0.06707026 0.1150957 0.05833007)
(0.06707026 0.1076279 0.07101434)
(0.06707026 -0.02535574 0.04536991)
(0.06707026 0.03558261 0.04493021)
(0.06707026 0.05475174 0.0439917)
(0.06707026 0.08298941 0.04511064)
(0.06707026 0.07342095 0.04471397)
(0.06707026 0.09294107 0.04561307)
(0.06707026 -0.01974871 0.06202813)
(0.06707026 -0.01213426 0.06380079)
(0.06707026 -0.003743746 0.06235453)
(0.06707026 0.00594343 0.06188612)
(0.06707026 0.0157101 0.06157131)
(0.06707026 0.02585659 0.06156398)
(0.06707026 0.03578791 0.06121752)
(0.06707026 0.0462853 0.06097027)
(0.06707026 0.05811407 0.06002285)
(0.06707026 0.06922241 0.06099698)
(0.06707026 0.07923795 0.06137394)
(0.06707026 0.08913225 0.06186292)
(0.06707026 0.09839838 0.06233422)
(0.06707026 -0.0296098 0.05275407)
(0.06707026 0.02096567 0.05358605)
(0.06707026 0.1057838 0.05534763)
(0.06707026 0.04087537 0.05316272)
(0.06707026 0.03089477 0.05340268)
(0.06707026 -0.0288249 0.0606549)
(0.06707026 0.0642015 0.04407381)
(0.06707026 0.1071415 0.06363682)
(0.06707026 0.0108885 0.05379691)
(0.06707026 0.08635527 0.0536459)
(0.06707026 0.0961254 0.05419325)
(0.06707026 0.05067018 0.05270809)
(0.06707026 -0.01072146 0.05515069)
(0.06707026 0.07669541 0.05332948)
(0.06707026 0.0005008066 0.05406434)
(0.06707026 0.06733055 0.05281948)
(0.06707026 -0.02110159 0.05372386)
(0.06707026 0.05919097 0.05112444)
(0.043 -0.001 0.004069989)
(0.04004323 -0.001 0.004)
(0.03808646 -0.001 0.004)
(0.03407001 -0.001 0.004)
(0.03191086 -0.001 0.004)
(0.01986496 -0.001 0.004)
(0.01790819 -0.001 0.004)
(0.009783856 -0.001 0.004)
(0.02995409 -0.001 0.004)
(0.01595142 -0.001 0.004)
(0.007827085 -0.001 0.004)
(0.03612969 -0.001 0.004)
(0.02799732 -0.001 0.004)
(0.02604055 -0.001 0.004)
(0.02408378 -0.001 0.004)
(0.02182173 -0.001 0.004)
(0.01399464 -0.001 0.004)
(0.01192479 -0.001 0.004)
(0.005870313 -0.001 0.004)
(0.001956771 -0.001 0.004)
(0.003913542 -0.001 0.004)
(-0.001 -0.001 0.004069989)
(0.043 0.03804476 0.004)
(0.043 0.03608952 0.004)
(0.043 0.03413428 0.004)
(0.043 0.02405968 0.004)
(0.043 0.02210444 0.004)
(0.043 0.0201492 0.004)
(0.043 0.005947493 0.004)
(0.043 0.008119358 0.004)
(0.043 0.0100746 0.004)
(0.043 0.03217904 0.004)
(0.043 0.03010643 0.004)
(0.043 0.02797016 0.004)
(0.043 0.02601492 0.004)
(0.043 0.01819396 0.004)
(0.043 0.01594032 0.004)
(0.043 0.01398508 0.004)
(0.043 0.01202984 0.004)
(0.043 0.001955241 0.004)
(0.043 0.003910482 0.004)
(0.043 0.041 0.004069989)
(0.04004323 0.041 0.004)
(0.03808646 0.041 0.004)
(0.03191086 0.041 0.004)
(0.02995409 0.041 0.004)
(0.02182173 0.041 0.004)
(0.01790819 0.041 0.004)
(0.01595142 0.041 0.004)
(0.005870313 0.041 0.004)
(0.007827085 0.041 0.004)
(0.01986496 0.041 0.004)
(0.009783856 0.041 0.004)
(0.03612969 0.041 0.004)
(0.03407001 0.041 0.004)
(0.02799732 0.041 0.004)
(0.02604055 0.041 0.004)
(0.02408378 0.041 0.004)
(0.01399464 0.041 0.004)
(0.01192479 0.041 0.004)
(0.003913542 0.041 0.004)
(0.001956771 0.041 0.004)
(-0.001 0.041 0.004069989)
(-0.001 0.03608952 0.004)
(-0.001 0.03413428 0.004)
(-0.001 0.02601492 0.004)
(-0.001 0.0201492 0.004)
(-0.001 0.02210444 0.004)
(-0.001 0.008119358 0.004)
(-0.001 0.005947493 0.004)
(-0.001 0.03804476 0.004)
(-0.001 0.02405968 0.004)
(-0.001 0.03217904 0.004)
(-0.001 0.03010643 0.004)
(-0.001 0.02797016 0.004)
(-0.001 0.01819396 0.004)
(-0.001 0.01594032 0.004)
(-0.001 0.01398508 0.004)
(-0.001 0.01202984 0.004)
(-0.001 0.0100746 0.004)
(-0.001 0.003910482 0.004)
(-0.001 0.001955241 0.004)
(-0.001 -0.001 0.006)
(0.0035 -0.001 0.007)
(0.00425 -0.001 0.006625)
(0.00775 -0.001 0.006625)
(0.0085 -0.001 0.007)
(0.00925 -0.001 0.006625)
(0.01275 -0.001 0.006625)
(0.0135 -0.001 0.007)
(0.01425 -0.001 0.006625)
(0.01775 -0.001 0.006625)
(0.0185 -0.001 0.007)
(0.01925 -0.001 0.006625)
(0.0235 -0.001 0.007)
(0.02425 -0.001 0.006625)
(0.02775 -0.001 0.006625)
(0.0285 -0.001 0.007)
(0.02925 -0.001 0.006625)
(0.0335 -0.001 0.007)
(0.03775 -0.001 0.006625)
(0.0385 -0.001 0.007)
(0.043 -0.001 0.006)
(0.03425 -0.001 0.006625)
(0.00275 -0.001 0.006625)
(0.02275 -0.001 0.006625)
(0.03275 -0.001 0.006625)
(0.03925 -0.001 0.006625)
(0.043 0.001955241 0.006)
(0.043 0.003910482 0.006)
(0.043 0.005947493 0.006)
(0.043 0.008119358 0.006)
(0.043 0.0100746 0.006)
(0.043 0.01202984 0.006)
(0.043 0.01398508 0.006)
(0.043 0.01594032 0.006)
(0.043 0.01819396 0.006)
(0.043 0.0201492 0.006)
(0.043 0.02210444 0.006)
(0.043 0.02405968 0.006)
(0.043 0.02601492 0.006)
(0.043 0.02797016 0.006)
(0.043 0.03010643 0.006)
(0.043 0.03217904 0.006)
(0.043 0.03413428 0.006)
(0.043 0.03608952 0.006)
(0.043 0.03804476 0.006)
(0.043 0.041 0.006)
(-0.001 0.041 0.006)
(0.0035 0.041 0.007)
(0.00425 0.041 0.006625)
(0.00775 0.041 0.006625)
(0.0085 0.041 0.007)
(0.01275 0.041 0.006625)
(0.00925 0.041 0.006625)
(0.0135 0.041 0.007)
(0.01425 0.041 0.006625)
(0.01775 0.041 0.006625)
(0.0185 0.041 0.007)
(0.01925 0.041 0.006625)
(0.0235 0.041 0.007)
(0.02425 0.041 0.006625)
(0.02775 0.041 0.006625)
(0.0285 0.041 0.007)
(0.02925 0.041 0.006625)
(0.0335 0.041 0.007)
(0.03775 0.041 0.006625)
(0.0385 0.041 0.007)
(0.03425 0.041 0.006625)
(0.02275 0.041 0.006625)
(0.03275 0.041 0.006625)
(0.03925 0.041 0.006625)
(0.00275 0.041 0.006625)
(-0.001 0.03796317 0.006)
(-0.001 0.03592635 0.006)
(-0.001 0.03388952 0.006)
(-0.001 0.0318527 0.006)
(-0.001 0.02938819 0.006)
(-0.001 0.02727808 0.006)
(-0.001 0.02524126 0.006)
(-0.001 0.02320443 0.006)
(-0.001 0.02116761 0.006)
(-0.001 0.01913078 0.006)
(-0.001 0.0166086 0.006)
(-0.001 0.01455617 0.006)
(-0.001 0.002036825 0.006)
(-0.001 0.00407365 0.006)
(-0.001 0.006250134 0.006)
(-0.001 0.008445694 0.006)
(-0.001 0.01048252 0.006)
(-0.001 0.01251934 0.006)
(-0.001 -0.001 0.008087199)
(-0.001 -0.001 0.0101744)
(0.003 -0.001 0.008087199)
(-0.001 -0.001 0.0122616)
(0.003 -0.001 0.0101744)
(-0.001 -0.001 0.01434879)
(0.003 -0.001 0.0122616)
(-0.001 -0.001 0.0167384)
(0.003 -0.001 0.01434879)
(-0.001 -0.001 0.0188256)
(0.003 -0.001 0.0167384)
(-0.001 -0.001 0.0209128)
(0.003 -0.001 0.0188256)
(0.003 -0.001 0.024)
(0.003 -0.001 0.0209128)
(-0.001 -0.001 0.024)
(0.003 0.001955241 0.007)
(0.003 0.003910482 0.007)
(0.003439148 0.002442566 0.007)
(0.003 0.005947493 0.007)
(0.004 0.003910482 0.007)
(0.004 0.008119358 0.007)
(0.004 0.005947493 0.007)
(0.003 0.008119358 0.007)
(0.003 0.0100746 0.007)
(0.004 0.0100746 0.007)
(0.004 0.01202984 0.007)
(0.003 0.01398508 0.007)
(0.004 0.01398508 0.007)
(0.003 0.01202984 0.007)
(0.003 0.01594032 0.007)
(0.004 0.01594032 0.007)
(0.003 0.01819396 0.007)
(0.004 0.01819396 0.007)
(0.003 0.0201492 0.007)
(0.003 0.02210444 0.007)
(0.004 0.0201492 0.007)
(0.004 0.02210444 0.007)
(0.004 0.02405968 0.007)
(0.003 0.02601492 0.007)
(0.004 0.02601492 0.007)
(0.003 0.02405968 0.007)
(0.004 0.02797016 0.007)
(0.003 0.02797016 0.007)
(0.003 0.03010643 0.007)
(0.003 0.03217904 0.007)
(0.003 0.03413428 0.007)
(0.004 0.03217904 0.007)
(0.003 0.03608952 0.007)
(0.004 0.03413428 0.007)
(0.003 0.03804476 0.007)
(0.004 0.03804476 0.007)
(0.004 0.001955241 0.007)
(0.004 0.03010643 0.007)
(0.004 0.03608952 0.007)
(0.004 -0.001 0.008087199)
(0.004 -0.001 0.0101744)
(0.008 -0.001 0.008087199)
(0.004 -0.001 0.0122616)
(0.008 -0.001 0.0101744)
(0.004 -0.001 0.01434879)
(0.008 -0.001 0.0122616)
(0.004 -0.001 0.0167384)
(0.008 -0.001 0.01434879)
(0.004 -0.001 0.0188256)
(0.008 -0.001 0.0167384)
(0.004 -0.001 0.0209128)
(0.008 -0.001 0.0188256)
(0.008 -0.001 0.024)
(0.008 -0.001 0.0209128)
(0.004 -0.001 0.024)
(0.008 0.001955241 0.007)
(0.008 0.003910482 0.007)
(0.008495087 0.002573076 0.007)
(0.008 0.005947493 0.007)
(0.009 0.00407365 0.007)
(0.008 0.008119358 0.007)
(0.009 0.006250134 0.007)
(0.008 0.0100746 0.007)
(0.009 0.008445694 0.007)
(0.008 0.01202984 0.007)
(0.009 0.01048252 0.007)
(0.008 0.01398508 0.007)
(0.009 0.01251934 0.007)
(0.008 0.01594032 0.007)
(0.009 0.01455617 0.007)
(0.008 0.01819396 0.007)
(0.009 0.0166086 0.007)
(0.008 0.0201492 0.007)
(0.009 0.01913078 0.007)
(0.008 0.02210444 0.007)
(0.009 0.02116761 0.007)
(0.008 0.02405968 0.007)
(0.009 0.02320443 0.007)
(0.008 0.02601492 0.007)
(0.009 0.02524126 0.007)
(0.008 0.02797016 0.007)
(0.009 0.02727808 0.007)
(0.008 0.03010643 0.007)
(0.009 0.02938819 0.007)
(0.008 0.03217904 0.007)
(0.009 0.0318527 0.007)
(0.008 0.03413428 0.007)
(0.009 0.03388952 0.007)
(0.008 0.03608952 0.007)
(0.009 0.03592635 0.007)
(0.008 0.03804476 0.007)
(0.009 0.03796317 0.007)
(0.009 0.002036825 0.007)
(0.009 -0.001 0.008087199)
(0.009 -0.001 0.0101744)
(0.013 -0.001 0.008087199)
(0.009 -0.001 0.0122616)
(0.013 -0.001 0.0101744)
(0.009 -0.001 0.01434879)
(0.013 -0.001 0.0122616)
(0.009 -0.001 0.0167384)
(0.013 -0.001 0.01434879)
(0.009 -0.001 0.0188256)
(0.013 -0.001 0.0167384)
(0.009 -0.001 0.0209128)
(0.013 -0.001 0.0188256)
(0.013 -0.001 0.024)
(0.013 -0.001 0.0209128)
(0.009 -0.001 0.024)
(0.013 0.001955241 0.007)
(0.013 0.003910482 0.007)
(0.0135 0.00246934 0.007)
(0.013 0.005947493 0.007)
(0.014 0.003910482 0.007)
(0.014 0.008119358 0.007)
(0.014 0.005947493 0.007)
(0.013 0.008119358 0.007)
(0.013 0.0100746 0.007)
(0.014 0.0100746 0.007)
(0.014 0.01202984 0.007)
(0.013 0.01398508 0.007)
(0.014 0.01398508 0.007)
(0.013 0.01202984 0.007)
(0.013 0.01594032 0.007)
(0.014 0.01594032 0.007)
(0.013 0.01819396 0.007)
(0.014 0.01819396 0.007)
(0.013 0.0201492 0.007)
(0.013 0.02210444 0.007)
(0.014 0.0201492 0.007)
(0.014 0.02210444 0.007)
(0.014 0.02405968 0.007)
(0.013 0.02601492 0.007)
(0.014 0.02601492 0.007)
(0.013 0.02405968 0.007)
(0.014 0.02797016 0.007)
(0.013 0.02797016 0.007)
(0.013 0.03010643 0.007)
(0.013 0.03217904 0.007)
(0.013 0.03413428 0.007)
(0.014 0.03217904 0.007)
(0.013 0.03608952 0.007)
(0.014 0.03413428 0.007)
(0.013 0.03804476 0.007)
(0.014 0.03804476 0.007)
(0.014 0.001955241 0.007)
(0.014 0.03010643 0.007)
(0.014 0.03608952 0.007)
(0.014 -0.001 0.008087199)
(0.014 -0.001 0.0101744)
(0.018 -0.001 0.008087199)
(0.014 -0.001 0.0122616)
(0.018 -0.001 0.0101744)
(0.014 -0.001 0.01434879)
(0.018 -0.001 0.0122616)
(0.014 -0.001 0.0167384)
(0.018 -0.001 0.01434879)
(0.014 -0.001 0.0188256)
(0.018 -0.001 0.0167384)
(0.014 -0.001 0.0209128)
(0.018 -0.001 0.0188256)
(0.018 -0.001 0.024)
(0.018 -0.001 0.0209128)
(0.014 -0.001 0.024)
(0.018 0.001955241 0.007)
(0.018 0.003910482 0.007)
(0.01857835 0.002525309 0.007)
(0.018 0.005947493 0.007)
(0.019 0.00407365 0.007)
(0.018 0.008119358 0.007)
(0.019 0.006250134 0.007)
(0.018 0.0100746 0.007)
(0.019 0.008445694 0.007)
(0.018 0.01202984 0.007)
(0.019 0.01048252 0.007)
(0.018 0.01398508 0.007)
(0.019 0.01251934 0.007)
(0.018 0.01594032 0.007)
(0.019 0.01455617 0.007)
(0.018 0.01819396 0.007)
(0.019 0.0166086 0.007)
(0.018 0.0201492 0.007)
(0.019 0.01913078 0.007)
(0.018 0.02210444 0.007)
(0.019 0.02116761 0.007)
(0.018 0.02405968 0.007)
(0.019 0.02320443 0.007)
(0.018 0.02601492 0.007)
(0.019 0.02524126 0.007)
(0.018 0.02797016 0.007)
(0.019 0.02727808 0.007)
(0.018 0.03010643 0.007)
(0.019 0.02938819 0.007)
(0.018 0.03217904 0.007)
(0.019 0.0318527 0.007)
(0.018 0.03413428 0.007)
(0.019 0.03388952 0.007)
(0.018 0.03608952 0.007)
(0.019 0.03592635 0.007)
(0.018 0.03804476 0.007)
(0.019 0.03796317 0.007)
(0.019 0.002036825 0.007)
(0.019 -0.001 0.008087199)
(0.019 -0.001 0.0101744)
(0.023 -0.001 0.008087199)
(0.019 -0.001 0.0122616)
(0.023 -0.001 0.0101744)
(0.019 -0.001 0.01434879)
(0.023 -0.001 0.0122616)
(0.019 -0.001 0.0167384)
(0.023 -0.001 0.01434879)
(0.019 -0.001 0.0188256)
(0.023 -0.001 0.0167384)
(0.019 -0.001 0.0209128)
(0.023 -0.001 0.0188256)
(0.023 -0.001 0.024)
(0.023 -0.001 0.0209128)
(0.019 -0.001 0.024)
(0.023 0.001955241 0.007)
(0.023 0.003910482 0.007)
(0.02356085 0.002442566 0.007)
(0.023 0.005947493 0.007)
(0.024 0.003910482 0.007)
(0.024 0.008119358 0.007)
(0.024 0.005947493 0.007)
(0.023 0.008119358 0.007)
(0.023 0.0100746 0.007)
(0.024 0.0100746 0.007)
(0.024 0.01202984 0.007)
(0.023 0.01398508 0.007)
(0.024 0.01398508 0.007)
(0.023 0.01202984 0.007)
(0.023 0.01594032 0.007)
(0.024 0.01594032 0.007)
(0.023 0.01819396 0.007)
(0.024 0.01819396 0.007)
(0.023 0.0201492 0.007)
(0.023 0.02210444 0.007)
(0.024 0.0201492 0.007)
(0.024 0.02210444 0.007)
(0.024 0.02405968 0.007)
(0.023 0.02601492 0.007)
(0.024 0.02601492 0.007)
(0.023 0.02405968 0.007)
(0.024 0.02797016 0.007)
(0.023 0.02797016 0.007)
(0.023 0.03010643 0.007)
(0.023 0.03217904 0.007)
(0.023 0.03413428 0.007)
(0.024 0.03217904 0.007)
(0.023 0.03608952 0.007)
(0.024 0.03413428 0.007)
(0.023 0.03804476 0.007)
(0.024 0.03804476 0.007)
(0.024 0.001955241 0.007)
(0.024 0.03010643 0.007)
(0.024 0.03608952 0.007)
(0.024 -0.001 0.008087199)
(0.024 -0.001 0.0101744)
(0.028 -0.001 0.008087199)
(0.024 -0.001 0.0122616)
(0.028 -0.001 0.0101744)
(0.024 -0.001 0.01434879)
(0.028 -0.001 0.0122616)
(0.024 -0.001 0.0167384)
(0.028 -0.001 0.01434879)
(0.024 -0.001 0.0188256)
(0.028 -0.001 0.0167384)
(0.024 -0.001 0.0209128)
(0.028 -0.001 0.0188256)
(0.028 -0.001 0.024)
(0.028 -0.001 0.0209128)
(0.024 -0.001 0.024)
(0.028 0.001955241 0.007)
(0.028 0.003910482 0.007)
(0.02843915 0.002442566 0.007)
(0.028 0.005947493 0.007)
(0.029 0.003910482 0.007)
(0.029 0.008119358 0.007)
(0.029 0.005947493 0.007)
(0.028 0.008119358 0.007)
(0.028 0.0100746 0.007)
(0.029 0.0100746 0.007)
(0.029 0.01202984 0.007)
(0.028 0.01398508 0.007)
(0.029 0.01398508 0.007)
(0.028 0.01202984 0.007)
(0.028 0.01594032 0.007)
(0.029 0.01594032 0.007)
(0.028 0.01819396 0.007)
(0.029 0.01819396 0.007)
(0.028 0.0201492 0.007)
(0.028 0.02210444 0.007)
(0.029 0.0201492 0.007)
(0.029 0.02210444 0.007)
(0.029 0.02405968 0.007)
(0.028 0.02601492 0.007)
(0.029 0.02601492 0.007)
(0.028 0.02405968 0.007)
(0.029 0.02797016 0.007)
(0.028 0.02797016 0.007)
(0.028 0.03010643 0.007)
(0.028 0.03217904 0.007)
(0.028 0.03413428 0.007)
(0.029 0.03217904 0.007)
(0.028 0.03608952 0.007)
(0.029 0.03413428 0.007)
(0.028 0.03804476 0.007)
(0.029 0.03804476 0.007)
(0.029 0.001955241 0.007)
(0.029 0.03010643 0.007)
(0.029 0.03608952 0.007)
(0.029 -0.001 0.008087199)
(0.029 -0.001 0.0101744)
(0.033 -0.001 0.008087199)
(0.029 -0.001 0.0122616)
(0.033 -0.001 0.0101744)
(0.029 -0.001 0.01434879)
(0.033 -0.001 0.0122616)
(0.029 -0.001 0.0167384)
(0.033 -0.001 0.01434879)
(0.029 -0.001 0.0188256)
(0.033 -0.001 0.0167384)
(0.029 -0.001 0.0209128)
(0.033 -0.001 0.0188256)
(0.033 -0.001 0.024)
(0.033 -0.001 0.0209128)
(0.029 -0.001 0.024)
(0.033 0.001955241 0.007)
(0.033 0.003910482 0.007)
(0.03341125 0.002518159 0.007)
(0.033 0.005947493 0.007)
(0.034 0.00407365 0.007)
(0.033 0.008119358 0.007)
(0.034 0.006250134 0.007)
(0.033 0.0100746 0.007)
(0.034 0.008445694 0.007)
(0.033 0.01202984 0.007)
(0.034 0.01048252 0.007)
(0.033 0.01398508 0.007)
(0.034 0.01251934 0.007)
(0.033 0.01594032 0.007)
(0.034 0.01455617 0.007)
(0.033 0.01819396 0.007)
(0.034 0.0166086 0.007)
(0.033 0.0201492 0.007)
(0.034 0.01913078 0.007)
(0.033 0.02210444 0.007)
(0.034 0.02116761 0.007)
(0.033 0.02405968 0.007)
(0.034 0.02320443 0.007)
(0.033 0.02601492 0.007)
(0.034 0.02524126 0.007)
(0.033 0.02797016 0.007)
(0.034 0.02727808 0.007)
(0.033 0.03010643 0.007)
(0.034 0.02938819 0.007)
(0.033 0.03217904 0.007)
(0.034 0.0318527 0.007)
(0.033 0.03413428 0.007)
(0.034 0.03388952 0.007)
(0.033 0.03608952 0.007)
(0.034 0.03592635 0.007)
(0.033 0.03804476 0.007)
(0.034 0.03796317 0.007)
(0.034 0.002036825 0.007)
(0.034 -0.001 0.008087199)
(0.034 -0.001 0.0101744)
(0.038 -0.001 0.008087199)
(0.034 -0.001 0.0122616)
(0.038 -0.001 0.0101744)
(0.034 -0.001 0.01434879)
(0.038 -0.001 0.0122616)
(0.034 -0.001 0.0167384)
(0.038 -0.001 0.01434879)
(0.034 -0.001 0.0188256)
(0.038 -0.001 0.0167384)
(0.034 -0.001 0.0209128)
(0.038 -0.001 0.0188256)
(0.038 -0.001 0.024)
(0.038 -0.001 0.0209128)
(0.034 -0.001 0.024)
(0.038 0.001955241 0.007)
(0.038 0.003910482 0.007)
(0.03849438 0.002523847 0.007)
(0.038 0.005947493 0.007)
(0.039 0.00407365 0.007)
(0.038 0.008119358 0.007)
(0.039 0.006250134 0.007)
(0.038 0.0100746 0.007)
(0.039 0.008445694 0.007)
(0.038 0.01202984 0.007)
(0.039 0.01048252 0.007)
(0.038 0.01398508 0.007)
(0.039 0.01251934 0.007)
(0.038 0.01594032 0.007)
(0.039 0.01455617 0.007)
(0.038 0.01819396 0.007)
(0.039 0.0166086 0.007)
(0.038 0.0201492 0.007)
(0.039 0.01913078 0.007)
(0.038 0.02210444 0.007)
(0.039 0.02116761 0.007)
(0.038 0.02405968 0.007)
(0.039 0.02320443 0.007)
(0.038 0.02601492 0.007)
(0.039 0.02524126 0.007)
(0.038 0.02797016 0.007)
(0.039 0.02727808 0.007)
(0.038 0.03010643 0.007)
(0.039 0.02938819 0.007)
(0.038 0.03217904 0.007)
(0.039 0.0318527 0.007)
(0.038 0.03413428 0.007)
(0.039 0.03388952 0.007)
(0.038 0.03608952 0.007)
(0.039 0.03592635 0.007)
(0.038 0.03804476 0.007)
(0.039 0.03796317 0.007)
(0.039 0.002036825 0.007)
(0.039 -0.001 0.008087199)
(0.039 -0.001 0.0101744)
(0.043 -0.001 0.008087199)
(0.039 -0.001 0.0122616)
(0.043 -0.001 0.0101744)
(0.039 -0.001 0.01434879)
(0.043 -0.001 0.0122616)
(0.039 -0.001 0.0167384)
(0.043 -0.001 0.01434879)
(0.039 -0.001 0.0188256)
(0.043 -0.001 0.0167384)
(0.039 -0.001 0.0209128)
(0.043 -0.001 0.0188256)
(0.043 -0.001 0.024)
(0.043 -0.001 0.0209128)
(0.039 -0.001 0.024)
(0.043 0.001402836 0.009321652)
(0.043 0.001733427 0.01328726)
(0.043 0.001618537 0.01774897)
(0.043 0.001955241 0.024)
(0.043 0.002534968 0.007618907)
(0.043 0.004657437 0.007773234)
(0.043 0.006871455 0.007868233)
(0.043 0.008936517 0.007772739)
(0.043 0.01095987 0.007668064)
(0.043 0.01302547 0.007747506)
(0.043 0.0149949 0.007957145)
(0.043 0.01698727 0.008014469)
(0.043 0.0191129 0.007770105)
(0.043 0.0211655 0.007676375)
(0.043 0.02313749 0.00779976)
(0.043 0.02513265 0.007849437)
(0.043 0.02711946 0.007806755)
(0.043 0.02916579 0.007877946)
(0.043 0.03124319 0.007917741)
(0.043 0.03326163 0.007827157)
(0.043 0.03521795 0.007787285)
(0.043 0.03714718 0.007634028)
(0.043 0.03878586 0.007359531)
(0.043 0.041 0.008087199)
(0.043 0.041 0.0101744)
(0.043 0.03850912 0.009135903)
(0.043 0.041 0.0122616)
(0.043 0.03834052 0.0112285)
(0.043 0.041 0.01434879)
(0.043 0.03821889 0.01339451)
(0.043 0.041 0.0167384)
(0.043 0.03830419 0.01572543)
(0.043 0.041 0.0188256)
(0.043 0.03841142 0.01796037)
(0.043 0.041 0.0209128)
(0.043 0.03846393 0.02014209)
(0.043 0.041 0.024)
(0.043 0.03804476 0.024)
(0.043 0.003910482 0.024)
(0.043 0.002534885 0.02131579)
(0.043 0.005947493 0.024)
(0.043 0.008119358 0.024)
(0.043 0.00690198 0.02088907)
(0.043 0.0100746 0.024)
(0.043 0.01202984 0.024)
(0.043 0.01096788 0.02105685)
(0.043 0.01398508 0.024)
(0.043 0.01594032 0.024)
(0.043 0.01509338 0.02123684)
(0.043 0.01819396 0.024)
(0.043 0.0201492 0.024)
(0.043 0.01917099 0.02099448)
(0.043 0.02210444 0.024)
(0.043 0.02405968 0.024)
(0.043 0.02326017 0.02099098)
(0.043 0.02601492 0.024)
(0.043 0.02797016 0.024)
(0.043 0.02719524 0.02141087)
(0.043 0.03010643 0.024)
(0.043 0.03217904 0.024)
(0.043 0.03096303 0.02088564)
(0.043 0.03413428 0.024)
(0.043 0.03608952 0.024)
(0.043 0.03499303 0.02097595)
(0.043 0.001633764 0.01120708)
(0.043 0.001745482 0.01562446)
(0.043 0.001401023 0.01964377)
(0.043 0.01297041 0.02126473)
(0.043 0.008962201 0.02099095)
(0.043 0.004670002 0.02112247)
(0.043 0.01717144 0.02094553)
(0.043 0.02126064 0.02101966)
(0.043 0.02521143 0.02120118)
(0.043 0.02900523 0.02158601)
(0.043 0.03296737 0.02065447)
(0.043 0.03691136 0.02130405)
(0.043 0.003266499 0.00968637)
(0.043 0.003679118 0.01204265)
(0.043 0.03661221 0.01919872)
(0.043 0.02887853 0.01939328)
(0.043 0.003258784 0.01924437)
(0.043 0.02044364 0.01879494)
(0.043 0.005501468 0.01003194)
(0.043 0.007700392 0.01005287)
(0.043 0.00991502 0.009925431)
(0.043 0.01190337 0.009625164)
(0.043 0.01383094 0.01036934)
(0.043 0.01602619 0.01064705)
(0.043 0.01818652 0.01029263)
(0.043 0.02013961 0.009569982)
(0.043 0.022083 0.01004033)
(0.043 0.02417134 0.01019112)
(0.043 0.02635016 0.01024)
(0.043 0.02830415 0.009965265)
(0.043 0.03034943 0.01062906)
(0.043 0.03238073 0.01004144)
(0.043 0.03448698 0.01026884)
(0.043 0.03665573 0.009780425)
(0.043 0.03608316 0.0122561)
(0.043 0.03581836 0.0149211)
(0.043 0.03666805 0.01713724)
(0.043 0.01402 0.01947337)
(0.043 0.01207444 0.01888216)
(0.043 0.02666261 0.01947499)
(0.043 0.009994646 0.01842845)
(0.043 0.007723723 0.01842899)
(0.043 0.02476227 0.0186713)
(0.043 0.01835354 0.01789466)
(0.043 0.02254503 0.01840885)
(0.043 0.03421662 0.01774262)
(0.043 0.003614626 0.01689513)
(0.043 0.005488341 0.01883897)
(0.043 0.01596747 0.01878129)
(0.043 0.03107779 0.01738233)
(0.043 0.003902651 0.0144599)
(0.043 0.01447641 0.01341023)
(0.043 0.02850439 0.01341525)
(0.043 0.03269097 0.01350546)
(0.043 0.006343385 0.01292184)
(0.043 0.008896057 0.01227045)
(0.043 0.020978 0.01576055)
(0.043 0.006118762 0.01608265)
(0.043 0.01160246 0.01594619)
(0.043 0.01155557 0.01244708)
(0.043 0.01779611 0.01354633)
(0.043 0.02026858 0.01219089)
(0.043 0.02280323 0.01286169)
(0.043 0.02549196 0.01262637)
(0.043 0.01393288 0.01697781)
(0.043 0.02452607 0.01577037)
(0.043 0.008864087 0.01539542)
(0.043 0.02746783 0.01689564)
(0.043 0.01613026 0.01606343)
(0.003 0.041 0.008087199)
(-0.001 0.041 0.008087199)
(-0.001 0.041 0.0101744)
(-0.001 0.041 0.0122616)
(0.003 0.041 0.0101744)
(-0.001 0.041 0.01434879)
(0.003 0.041 0.0122616)
(-0.001 0.041 0.0167384)
(0.003 0.041 0.01434879)
(-0.001 0.041 0.0188256)
(0.003 0.041 0.0167384)
(-0.001 0.041 0.0209128)
(0.003 0.041 0.0188256)
(0.003 0.041 0.0209128)
(-0.001 0.041 0.024)
(0.003 0.041 0.024)
(0.008 0.041 0.008087199)
(0.004 0.041 0.008087199)
(0.004 0.041 0.0101744)
(0.004 0.041 0.0122616)
(0.008 0.041 0.0101744)
(0.004 0.041 0.01434879)
(0.008 0.041 0.0122616)
(0.004 0.041 0.0167384)
(0.008 0.041 0.01434879)
(0.004 0.041 0.0188256)
(0.008 0.041 0.0167384)
(0.004 0.041 0.0209128)
(0.008 0.041 0.0188256)
(0.008 0.041 0.0209128)
(0.004 0.041 0.024)
(0.008 0.041 0.024)
(0.013 0.041 0.008087199)
(0.009 0.041 0.008087199)
(0.009 0.041 0.0101744)
(0.009 0.041 0.0122616)
(0.013 0.041 0.0101744)
(0.009 0.041 0.01434879)
(0.013 0.041 0.0122616)
(0.009 0.041 0.0167384)
(0.013 0.041 0.01434879)
(0.009 0.041 0.0188256)
(0.013 0.041 0.0167384)
(0.009 0.041 0.0209128)
(0.013 0.041 0.0188256)
(0.013 0.041 0.0209128)
(0.009 0.041 0.024)
(0.013 0.041 0.024)
(0.018 0.041 0.008087199)
(0.014 0.041 0.008087199)
(0.014 0.041 0.0101744)
(0.014 0.041 0.0122616)
(0.018 0.041 0.0101744)
(0.014 0.041 0.01434879)
(0.018 0.041 0.0122616)
(0.014 0.041 0.0167384)
(0.018 0.041 0.01434879)
(0.014 0.041 0.0188256)
(0.018 0.041 0.0167384)
(0.014 0.041 0.0209128)
(0.018 0.041 0.0188256)
(0.018 0.041 0.0209128)
(0.014 0.041 0.024)
(0.018 0.041 0.024)
(0.023 0.041 0.008087199)
(0.019 0.041 0.008087199)
(0.019 0.041 0.0101744)
(0.019 0.041 0.0122616)
(0.023 0.041 0.0101744)
(0.019 0.041 0.01434879)
(0.023 0.041 0.0122616)
(0.019 0.041 0.0167384)
(0.023 0.041 0.01434879)
(0.019 0.041 0.0188256)
(0.023 0.041 0.0167384)
(0.019 0.041 0.0209128)
(0.023 0.041 0.0188256)
(0.023 0.041 0.0209128)
(0.019 0.041 0.024)
(0.023 0.041 0.024)
(0.028 0.041 0.008087199)
(0.024 0.041 0.008087199)
(0.024 0.041 0.0101744)
(0.024 0.041 0.0122616)
(0.028 0.041 0.0101744)
(0.024 0.041 0.01434879)
(0.028 0.041 0.0122616)
(0.024 0.041 0.0167384)
(0.028 0.041 0.01434879)
(0.024 0.041 0.0188256)
(0.028 0.041 0.0167384)
(0.024 0.041 0.0209128)
(0.028 0.041 0.0188256)
(0.028 0.041 0.0209128)
(0.024 0.041 0.024)
(0.028 0.041 0.024)
(0.033 0.041 0.008087199)
(0.029 0.041 0.008087199)
(0.029 0.041 0.0101744)
(0.029 0.041 0.0122616)
(0.033 0.041 0.0101744)
(0.029 0.041 0.01434879)
(0.033 0.041 0.0122616)
(0.029 0.041 0.0167384)
(0.033 0.041 0.01434879)
(0.029 0.041 0.0188256)
(0.033 0.041 0.0167384)
(0.029 0.041 0.0209128)
(0.033 0.041 0.0188256)
(0.033 0.041 0.0209128)
(0.029 0.041 0.024)
(0.033 0.041 0.024)
(0.038 0.041 0.008087199)
(0.034 0.041 0.008087199)
(0.034 0.041 0.0101744)
(0.034 0.041 0.0122616)
(0.038 0.041 0.0101744)
(0.034 0.041 0.01434879)
(0.038 0.041 0.0122616)
(0.034 0.041 0.0167384)
(0.038 0.041 0.01434879)
(0.034 0.041 0.0188256)
(0.038 0.041 0.0167384)
(0.034 0.041 0.0209128)
(0.038 0.041 0.0188256)
(0.038 0.041 0.0209128)
(0.034 0.041 0.024)
(0.038 0.041 0.024)
(0.039 0.041 0.008087199)
(0.039 0.041 0.0101744)
(0.039 0.041 0.0122616)
(0.039 0.041 0.01434879)
(0.039 0.041 0.0167384)
(0.039 0.041 0.0188256)
(0.039 0.041 0.0209128)
(0.039 0.041 0.024)
(-0.001 0.001452823 0.009283096)
(-0.001 0.001656368 0.01111283)
(-0.001 0.001768347 0.01324681)
(-0.001 0.001840187 0.01546371)
(-0.001 0.001801863 0.01771237)
(-0.001 0.001617003 0.01984279)
(-0.001 0.00131683 0.02165212)
(-0.001 0.002036825 0.024)
(-0.001 0.002656937 0.007592232)
(-0.001 0.007292759 0.007847157)
(-0.001 0.01140486 0.007512373)
(-0.001 0.01543219 0.00808094)
(-0.001 0.02007857 0.007564711)
(-0.001 0.02410414 0.007841447)
(-0.001 0.02819521 0.00752906)
(-0.001 0.03270531 0.008060611)
(-0.001 0.03722301 0.007714547)
(-0.001 0.03858525 0.01140816)
(-0.001 0.03828495 0.01551587)
(-0.001 0.03848971 0.01986561)
(-0.001 0.03875798 0.02164333)
(-0.001 0.03796317 0.024)
(-0.001 0.00407365 0.024)
(-0.001 0.003079062 0.02133403)
(-0.001 0.006250134 0.024)
(-0.001 0.00510858 0.02130323)
(-0.001 0.008445694 0.024)
(-0.001 0.007483609 0.02130522)
(-0.001 0.01048252 0.024)
(-0.001 0.009591853 0.0211714)
(-0.001 0.01251934 0.024)
(-0.001 0.01172909 0.0210973)
(-0.001 0.01455617 0.024)
(-0.001 0.0138846 0.02103946)
(-0.001 0.0166086 0.024)
(-0.001 0.01599418 0.02095873)
(-0.001 0.01913078 0.024)
(-0.001 0.01821708 0.02110958)
(-0.001 0.02116761 0.024)
(-0.001 0.02038568 0.02127654)
(-0.001 0.02320443 0.024)
(-0.001 0.02242209 0.02122296)
(-0.001 0.02524126 0.024)
(-0.001 0.02455531 0.02112213)
(-0.001 0.02727808 0.024)
(-0.001 0.02661306 0.02090624)
(-0.001 0.02938819 0.024)
(-0.001 0.02871909 0.02080797)
(-0.001 0.0318527 0.024)
(-0.001 0.03095525 0.02093775)
(-0.001 0.03388952 0.024)
(-0.001 0.03303517 0.02140374)
(-0.001 0.03592635 0.024)
(-0.001 0.03511282 0.02149813)
(-0.001 0.03709495 0.02134712)
(-0.001 0.009459615 0.007847744)
(-0.001 0.004904108 0.007729304)
(-0.001 0.01329621 0.007933337)
(-0.001 0.01801592 0.008403051)
(-0.001 0.02203235 0.007839957)
(-0.001 0.02621373 0.007741178)
(-0.001 0.03029528 0.008521931)
(-0.001 0.03497228 0.00771511)
(-0.001 0.03820205 0.009618378)
(-0.001 0.03830796 0.0133255)
(-0.001 0.03833175 0.01778138)
(-0.001 0.01621088 0.01031411)
(-0.001 0.00384337 0.0118309)
(-0.001 0.004072749 0.01413934)
(-0.001 0.004069356 0.01650839)
(-0.001 0.003966698 0.01904204)
(-0.001 0.008398747 0.01013296)
(-0.001 0.02034547 0.009958608)
(-0.001 0.03611654 0.01430732)
(-0.001 0.0138084 0.01045351)
(-0.001 0.0251622 0.01000427)
(-0.001 0.0111808 0.01007407)
(-0.001 0.03411108 0.01015494)
(-0.001 0.03619067 0.009333105)
(-0.001 0.03643411 0.01670787)
(-0.001 0.005844057 0.00985087)
(-0.001 0.03165177 0.01103155)
(-0.001 0.03645649 0.0116356)
(-0.001 0.003412761 0.009603983)
(-0.001 0.02769332 0.009664012)
(-0.001 0.006299207 0.01965356)
(-0.001 0.008502741 0.01907552)
(-0.001 0.01075048 0.0189149)
(-0.001 0.01312967 0.01882737)
(-0.001 0.01542249 0.01853722)
(-0.001 0.01766435 0.01866598)
(-0.001 0.01960114 0.01939069)
(-0.001 0.02164028 0.01895506)
(-0.001 0.02364484 0.01919448)
(-0.001 0.02564069 0.01831791)
(-0.001 0.02808657 0.01796581)
(-0.001 0.03051284 0.01817859)
(-0.001 0.03246319 0.01905623)
(-0.001 0.03434354 0.01999061)
(-0.001 0.02275086 0.01032186)
(-0.001 0.01827619 0.01187238)
(-0.001 0.0366049 0.01921558)
(-0.001 0.02915007 0.01196324)
(-0.001 0.03320411 0.01591351)
(-0.001 0.02094422 0.01332285)
(-0.001 0.006462797 0.0123279)
(-0.001 0.03354707 0.01302923)
(-0.001 0.006588145 0.01738782)
(-0.001 0.01750783 0.01549589)
(-0.001 0.03047305 0.0147338)
(-0.001 0.02655661 0.01204491)
(-0.001 0.00673004 0.01495888)
(-0.001 0.01222985 0.0133679)
(-0.001 0.01537385 0.01297143)
(-0.001 0.0346215 0.01793302)
(-0.001 0.009399646 0.01618123)
(-0.001 0.01198037 0.01659297)
(-0.001 0.0144727 0.01597585)
(-0.001 0.02013843 0.01673741)
(-0.001 0.02333414 0.01626692)
(-0.001 0.02677777 0.01517458)
(-0.001 0.02403339 0.01297128)
(-0.001 0.009350518 0.01284183)
(0.003 0.001955241 0.024)
(0.003 0.003910482 0.024)
(0.003 0.005947493 0.024)
(0.003 0.008119358 0.024)
(0.003 0.0100746 0.024)
(0.003 0.01202984 0.024)
(0.003 0.01398508 0.024)
(0.003 0.01594032 0.024)
(0.003 0.01819396 0.024)
(0.003 0.0201492 0.024)
(0.003 0.02210444 0.024)
(0.003 0.02405968 0.024)
(0.003 0.02601492 0.024)
(0.003 0.02797016 0.024)
(0.003 0.03010643 0.024)
(0.003 0.03217904 0.024)
(0.003 0.03413428 0.024)
(0.003 0.03608952 0.024)
(0.003 0.03804476 0.024)
(0.003 0.001402836 0.009321652)
(0.003 0.001733427 0.01328726)
(0.003 0.001618537 0.01774897)
(0.003 0.002534968 0.007618907)
(0.003 0.004657437 0.007773234)
(0.003 0.006871455 0.007868233)
(0.003 0.008936517 0.007772739)
(0.003 0.01095987 0.007668064)
(0.003 0.01302547 0.007747506)
(0.003 0.0149949 0.007957145)
(0.003 0.01698727 0.008014469)
(0.003 0.0191129 0.007770105)
(0.003 0.0211655 0.007676375)
(0.003 0.02313749 0.00779976)
(0.003 0.02513265 0.007849437)
(0.003 0.02711946 0.007806755)
(0.003 0.02916579 0.007877946)
(0.003 0.03124319 0.007917741)
(0.003 0.03326163 0.007827157)
(0.003 0.03521795 0.007787285)
(0.003 0.03714718 0.007634028)
(0.003 0.03878586 0.007359531)
(0.003 0.03850912 0.009135903)
(0.003 0.03834052 0.0112285)
(0.003 0.03821889 0.01339451)
(0.003 0.03830419 0.01572543)
(0.003 0.03841142 0.01796037)
(0.003 0.03846393 0.02014209)
(0.003 0.002534885 0.02131579)
(0.003 0.00690198 0.02088907)
(0.003 0.01096788 0.02105685)
(0.003 0.01509338 0.02123684)
(0.003 0.01917099 0.02099448)
(0.003 0.02326017 0.02099098)
(0.003 0.02719524 0.02141087)
(0.003 0.03096303 0.02088564)
(0.003 0.03499303 0.02097595)
(0.003 0.001633764 0.01120708)
(0.003 0.001745482 0.01562446)
(0.003 0.001401023 0.01964377)
(0.003 0.01297041 0.02126473)
(0.003 0.008962201 0.02099095)
(0.003 0.004670002 0.02112247)
(0.003 0.01717144 0.02094553)
(0.003 0.02126064 0.02101966)
(0.003 0.02521143 0.02120118)
(0.003 0.02900523 0.02158601)
(0.003 0.03296737 0.02065447)
(0.003 0.03691136 0.02130405)
(0.003 0.003266499 0.00968637)
(0.003 0.003679118 0.01204265)
(0.003 0.03661221 0.01919872)
(0.003 0.02887853 0.01939328)
(0.003 0.003258784 0.01924437)
(0.003 0.02044364 0.01879494)
(0.003 0.005501468 0.01003194)
(0.003 0.007700392 0.01005287)
(0.003 0.00991502 0.009925431)
(0.003 0.01190337 0.009625164)
(0.003 0.01383094 0.01036934)
(0.003 0.01602619 0.01064705)
(0.003 0.01818652 0.01029263)
(0.003 0.02013961 0.009569982)
(0.003 0.022083 0.01004033)
(0.003 0.02417134 0.01019112)
(0.003 0.02635016 0.01024)
(0.003 0.02830415 0.009965265)
(0.003 0.03034943 0.01062906)
(0.003 0.03238073 0.01004144)
(0.003 0.03448698 0.01026884)
(0.003 0.03665573 0.009780425)
(0.003 0.03608316 0.0122561)
(0.003 0.03581836 0.0149211)
(0.003 0.03666805 0.01713724)
(0.003 0.01402 0.01947337)
(0.003 0.01207444 0.01888216)
(0.003 0.02666261 0.01947499)
(0.003 0.009994646 0.01842845)
(0.003 0.007723723 0.01842899)
(0.003 0.02476227 0.0186713)
(0.003 0.01835354 0.01789466)
(0.003 0.02254503 0.01840885)
(0.003 0.03421662 0.01774262)
(0.003 0.003614626 0.01689513)
(0.003 0.005488341 0.01883897)
(0.003 0.01596747 0.01878129)
(0.003 0.03107779 0.01738233)
(0.003 0.003902651 0.0144599)
(0.003 0.01447641 0.01341023)
(0.003 0.02850439 0.01341525)
(0.003 0.03269097 0.01350546)
(0.003 0.006343385 0.01292184)
(0.003 0.008896057 0.01227045)
(0.003 0.020978 0.01576055)
(0.003 0.006118762 0.01608265)
(0.003 0.01160246 0.01594619)
(0.003 0.01155557 0.01244708)
(0.003 0.01779611 0.01354633)
(0.003 0.02026858 0.01219089)
(0.003 0.02280323 0.01286169)
(0.003 0.02549196 0.01262637)
(0.003 0.01393288 0.01697781)
(0.003 0.02452607 0.01577037)
(0.003 0.008864087 0.01539542)
(0.003 0.02746783 0.01689564)
(0.003 0.01613026 0.01606343)
(0.004 0.001435075 0.009318044)
(0.004 0.001665135 0.01116621)
(0.004 0.001826192 0.01332046)
(0.004 0.001915031 0.01551907)
(0.004 0.001777471 0.01782409)
(0.004 0.001537743 0.01981019)
(0.004 0.001226675 0.02165307)
(0.004 0.001955241 0.024)
(0.004 0.002594054 0.007639105)
(0.004 0.006969745 0.007927969)
(0.004 0.01114248 0.007735206)
(0.004 0.01486413 0.00817125)
(0.004 0.01927549 0.008341103)
(0.004 0.02309232 0.007928532)
(0.004 0.02676553 0.007965422)
(0.004 0.03102924 0.007984329)
(0.004 0.03507564 0.007763744)
(0.004 0.03847806 0.008854873)
(0.004 0.03817843 0.01331941)
(0.004 0.0381616 0.01792834)
(0.004 0.03804476 0.024)
(0.004 0.003910482 0.024)
(0.004 0.003011237 0.02133373)
(0.004 0.005947493 0.024)
(0.004 0.004966678 0.02104315)
(0.004 0.008119358 0.024)
(0.004 0.007174781 0.02085288)
(0.004 0.0100746 0.024)
(0.004 0.00927254 0.02097699)
(0.004 0.01202984 0.024)
(0.004 0.01136837 0.02103458)
(0.004 0.01398508 0.024)
(0.004 0.01338183 0.02096595)
(0.004 0.01594032 0.024)
(0.004 0.01542089 0.02103856)
(0.004 0.01819396 0.024)
(0.004 0.01728445 0.02128448)
(0.004 0.0201492 0.024)
(0.004 0.01919793 0.02096022)
(0.004 0.02210444 0.024)
(0.004 0.02127237 0.02095594)
(0.004 0.02405968 0.024)
(0.004 0.02317764 0.02121198)
(0.004 0.02601492 0.024)
(0.004 0.02511382 0.0206741)
(0.004 0.02797016 0.024)
(0.004 0.02725173 0.02059253)
(0.004 0.03010643 0.024)
(0.004 0.02937076 0.02081758)
(0.004 0.03217904 0.024)
(0.004 0.03172003 0.02102101)
(0.004 0.03413428 0.024)
(0.004 0.03387686 0.0211411)
(0.004 0.03608952 0.024)
(0.004 0.03612445 0.02152801)
(0.004 0.0382347 0.02019632)
(0.004 0.009089506 0.007799422)
(0.004 0.004724245 0.007779531)
(0.004 0.01299896 0.007534071)
(0.004 0.01705655 0.008450328)
(0.004 0.02119208 0.007705161)
(0.004 0.02495513 0.007497773)
(0.004 0.0287629 0.007995379)
(0.004 0.03307744 0.007928926)
(0.004 0.03691241 0.00757837)
(0.004 0.03834145 0.01109159)
(0.004 0.03808592 0.01558352)
(0.004 0.00390706 0.0119854)
(0.004 0.004292042 0.01436206)
(0.004 0.004122794 0.01675988)
(0.004 0.003554057 0.01917032)
(0.004 0.003355516 0.0096903)
(0.004 0.01838609 0.01160098)
(0.004 0.01027164 0.009758835)
(0.004 0.0357516 0.01691647)
(0.004 0.01272043 0.01009697)
(0.004 0.0247124 0.009981986)
(0.004 0.02724241 0.01074584)
(0.004 0.02167302 0.01071414)
(0.004 0.03188827 0.01053027)
(0.004 0.01544206 0.01109029)
(0.004 0.03576511 0.01446778)
(0.004 0.03604328 0.0193543)
(0.004 0.02964017 0.01019108)
(0.004 0.00596106 0.01861118)
(0.004 0.008495336 0.0183437)
(0.004 0.0105698 0.01895108)
(0.004 0.01280088 0.01832102)
(0.004 0.01500882 0.01879174)
(0.004 0.01755303 0.01856568)
(0.004 0.02025766 0.01858647)
(0.004 0.0231275 0.01813394)
(0.004 0.02619063 0.01730937)
(0.004 0.02901985 0.0176414)
(0.004 0.03119755 0.01881901)
(0.004 0.03352276 0.01882075)
(0.004 0.008063861 0.01017467)
(0.004 0.0361567 0.01197764)
(0.004 0.03659432 0.009636801)
(0.004 0.005694117 0.009994457)
(0.004 0.03432777 0.01013687)
(0.004 0.03321219 0.01292898)
(0.004 0.03244548 0.01599046)
(0.004 0.006662175 0.01263259)
(0.004 0.01562057 0.01537425)
(0.004 0.02461372 0.013735)
(0.004 0.02922764 0.01366334)
(0.004 0.007286838 0.01567095)
(0.004 0.02018461 0.0151164)
(0.004 0.01097421 0.01598514)
(0.004 0.009933398 0.0126636)
(0.004 0.01299251 0.01311846)
(0.008 0.001955241 0.024)
(0.008 0.003910482 0.024)
(0.008 0.008119358 0.024)
(0.008 0.005947493 0.024)
(0.008 0.01202984 0.024)
(0.008 0.0100746 0.024)
(0.008 0.01398508 0.024)
(0.008 0.01594032 0.024)
(0.008 0.01819396 0.024)
(0.008 0.02210444 0.024)
(0.008 0.02405968 0.024)
(0.008 0.02797016 0.024)
(0.008 0.02601492 0.024)
(0.008 0.03010643 0.024)
(0.008 0.03413428 0.024)
(0.008 0.03804476 0.024)
(0.008 0.0201492 0.024)
(0.008 0.03217904 0.024)
(0.008 0.03608952 0.024)
(0.008 0.00139994 0.009328241)
(0.008 0.001719912 0.01331372)
(0.008 0.001611869 0.01775572)
(0.008 0.002531481 0.007623008)
(0.008 0.004648627 0.007775294)
(0.008 0.006861399 0.00787)
(0.008 0.00894523 0.007820424)
(0.008 0.01101126 0.007846041)
(0.008 0.01304323 0.007910839)
(0.008 0.01506612 0.007962684)
(0.008 0.01706816 0.007991513)
(0.008 0.01916045 0.007804464)
(0.008 0.02127187 0.007728266)
(0.008 0.02325669 0.007867959)
(0.008 0.0252999 0.007982821)
(0.008 0.02736174 0.008043733)
(0.008 0.02935887 0.007961297)
(0.008 0.03128461 0.007455948)
(0.008 0.03311964 0.007783339)
(0.008 0.0351135 0.007799278)
(0.008 0.03709933 0.007645226)
(0.008 0.03876721 0.007370313)
(0.008 0.03846169 0.00915356)
(0.008 0.03824214 0.01126)
(0.008 0.03806626 0.01345582)
(0.008 0.03819741 0.01576481)
(0.008 0.03843624 0.01801725)
(0.008 0.03849797 0.0202019)
(0.008 0.002530248 0.02131884)
(0.008 0.006887533 0.02091361)
(0.008 0.01097795 0.02102736)
(0.008 0.01513832 0.02114021)
(0.008 0.01941098 0.02077396)
(0.008 0.02321754 0.02105908)
(0.008 0.02690608 0.020999)
(0.008 0.03087459 0.02053853)
(0.008 0.03507852 0.02105154)
(0.008 0.001626417 0.01122278)
(0.008 0.001730692 0.01563759)
(0.008 0.001396874 0.01964755)
(0.008 0.01300509 0.02118065)
(0.008 0.008946629 0.02096298)
(0.008 0.004661187 0.02113325)
(0.008 0.01729165 0.02083588)
(0.008 0.02132885 0.02125908)
(0.008 0.02505455 0.02152918)
(0.008 0.02883432 0.02117923)
(0.008 0.03301648 0.02067034)
(0.008 0.0369564 0.02142114)
(0.008 0.003256309 0.00969988)
(0.008 0.003650389 0.01206877)
(0.008 0.03673704 0.01935807)
(0.008 0.02822167 0.01830038)
(0.008 0.003250976 0.01925468)
(0.008 0.02194109 0.01866308)
(0.008 0.005459936 0.01003894)
(0.008 0.00762099 0.01005449)
(0.008 0.009862971 0.01006703)
(0.008 0.01198886 0.01027851)
(0.008 0.01413574 0.0104198)
(0.008 0.01630428 0.01053965)
(0.008 0.01836108 0.010284)
(0.008 0.02026718 0.009597136)
(0.008 0.0222666 0.01012994)
(0.008 0.02443651 0.01036553)
(0.008 0.02681965 0.01061269)
(0.008 0.02923595 0.01073137)
(0.008 0.03146575 0.009717263)
(0.008 0.0339709 0.01018059)
(0.008 0.03650629 0.009777742)
(0.008 0.03577851 0.01234852)
(0.008 0.03515861 0.0151692)
(0.008 0.0366986 0.01732031)
(0.008 0.01407235 0.01925279)
(0.008 0.01207325 0.01876525)
(0.008 0.02504427 0.0191807)
(0.008 0.009892811 0.01852025)
(0.008 0.007708957 0.0185384)
(0.008 0.01892053 0.0178394)
(0.008 0.03449242 0.01840287)
(0.008 0.003596484 0.01691333)
(0.008 0.005475895 0.01887142)
(0.008 0.01611925 0.01863283)
(0.008 0.03168195 0.01717444)
(0.008 0.003850961 0.01449077)
(0.008 0.01539829 0.01326297)
(0.008 0.02857875 0.01432034)
(0.008 0.03219113 0.0130583)
(0.008 0.0212195 0.0155797)
(0.008 0.006180034 0.01300584)
(0.008 0.006069883 0.01611337)
(0.008 0.01131011 0.0159992)
(0.008 0.01069048 0.01288796)
(0.008 0.01300631 0.01316956)
(0.008 0.01823905 0.01362622)
(0.008 0.02045135 0.01221564)
(0.008 0.02306585 0.01302055)
(0.008 0.02568742 0.01302512)
(0.008 0.01393511 0.0164592)
(0.008 0.008526271 0.01233918)
(0.008 0.008605137 0.01552706)
(0.008 0.02489124 0.0162084)
(0.008 0.01654399 0.01606445)
(0.009 0.001450805 0.009282036)
(0.009 0.001653502 0.01111144)
(0.009 0.001765048 0.01324597)
(0.009 0.001836587 0.01546367)
(0.009 0.001798635 0.01771345)
(0.009 0.00161483 0.01984404)
(0.009 0.001315823 0.02165286)
(0.009 0.002036825 0.024)
(0.009 0.002655129 0.007591234)
(0.009 0.00728773 0.007840326)
(0.009 0.01140202 0.007504075)
(0.009 0.01543447 0.008008647)
(0.009 0.02008302 0.007551988)
(0.009 0.02412475 0.007826618)
(0.009 0.02821319 0.007516886)
(0.009 0.03270499 0.008057165)
(0.009 0.03722362 0.007714067)
(0.009 0.03858574 0.01140783)
(0.009 0.03828391 0.01551622)
(0.009 0.03848807 0.01986596)
(0.009 0.03875759 0.02164348)
(0.009 0.03796317 0.024)
(0.009 0.00407365 0.024)
(0.009 0.003076414 0.02133576)
(0.009 0.006250134 0.024)
(0.009 0.005103349 0.02130726)
(0.009 0.008445694 0.024)
(0.009 0.007476415 0.02131166)
(0.009 0.01048252 0.024)
(0.009 0.009584418 0.0211823)
(0.009 0.01251934 0.024)
(0.009 0.01172492 0.02110984)
(0.009 0.01455617 0.024)
(0.009 0.01388356 0.02105445)
(0.009 0.0166086 0.024)
(0.009 0.01599483 0.02097379)
(0.009 0.01913078 0.024)
(0.009 0.01821803 0.02112424)
(0.009 0.02116761 0.024)
(0.009 0.02038759 0.02129272)
(0.009 0.02320443 0.024)
(0.009 0.02242551 0.02123686)
(0.009 0.02524126 0.024)
(0.009 0.02455913 0.02113146)
(0.009 0.02727808 0.024)
(0.009 0.02661638 0.02091339)
(0.009 0.02938819 0.024)
(0.009 0.02872358 0.02081535)
(0.009 0.0318527 0.024)
(0.009 0.03095866 0.02094042)
(0.009 0.03388952 0.024)
(0.009 0.03303604 0.02140509)
(0.009 0.03592635 0.024)
(0.009 0.03511196 0.02150018)
(0.009 0.03709372 0.02134916)
(0.009 0.009455849 0.007839306)
(0.009 0.004900653 0.00772647)
(0.009 0.01329415 0.007911744)
(0.009 0.01801806 0.008373813)
(0.009 0.02203962 0.007824136)
(0.009 0.02622883 0.007727877)
(0.009 0.03028954 0.008511291)
(0.009 0.0349729 0.007714094)
(0.009 0.03820292 0.00961797)
(0.009 0.03830801 0.0133253)
(0.009 0.03832988 0.01778176)
(0.009 0.016206 0.0102643)
(0.009 0.003834403 0.01182756)
(0.009 0.004064067 0.01413811)
(0.009 0.004059165 0.01650961)
(0.009 0.003958438 0.01904659)
(0.009 0.008382791 0.0101102)
(0.009 0.02036076 0.009924649)
(0.009 0.03611633 0.01430672)
(0.009 0.01381461 0.01039668)
(0.009 0.02518035 0.009966687)
(0.009 0.01117259 0.01004583)
(0.009 0.03411396 0.01015166)
(0.009 0.03619226 0.009331858)
(0.009 0.03643033 0.01670835)
(0.009 0.00583432 0.009842989)
(0.009 0.03165837 0.01101827)
(0.009 0.03645823 0.0116342)
(0.009 0.003408028 0.009601281)
(0.009 0.02771029 0.00963849)
(0.009 0.006286912 0.01966199)
(0.009 0.008484481 0.01909671)
(0.009 0.01073366 0.01894859)
(0.009 0.01312989 0.01886054)
(0.009 0.01542337 0.01857694)
(0.009 0.01766866 0.01869709)
(0.009 0.01960545 0.01942416)
(0.009 0.02164586 0.01899624)
(0.009 0.02364928 0.01921754)
(0.009 0.0256474 0.01833299)
(0.009 0.02810022 0.01799102)
(0.009 0.03052124 0.01818494)
(0.009 0.03246728 0.01905846)
(0.009 0.0343438 0.01999285)
(0.009 0.02276279 0.01027469)
(0.009 0.0182956 0.01177211)
(0.009 0.03660119 0.01921659)
(0.009 0.02916958 0.01191557)
(0.009 0.03320655 0.01591426)
(0.009 0.02100626 0.01326641)
(0.009 0.00644054 0.01231755)
(0.009 0.03355208 0.01302598)
(0.009 0.006561922 0.01739948)
(0.009 0.01746426 0.01559119)
(0.009 0.03049023 0.01472697)
(0.009 0.02661641 0.01195501)
(0.009 0.006712222 0.0149594)
(0.009 0.01226057 0.01324456)
(0.009 0.01533495 0.01293415)
(0.009 0.0346188 0.01793518)
(0.009 0.009326723 0.01623521)
(0.009 0.01196456 0.01668292)
(0.009 0.01451139 0.01600188)
(0.009 0.02016954 0.01680736)
(0.009 0.02331702 0.01631582)
(0.009 0.02685283 0.01521594)
(0.009 0.02400274 0.01290395)
(0.009 0.009301408 0.01278214)
(0.013 0.001955241 0.024)
(0.013 0.003910482 0.024)
(0.013 0.005947493 0.024)
(0.013 0.008119358 0.024)
(0.013 0.0100746 0.024)
(0.013 0.01202984 0.024)
(0.013 0.01398508 0.024)
(0.013 0.01594032 0.024)
(0.013 0.01819396 0.024)
(0.013 0.0201492 0.024)
(0.013 0.02210444 0.024)
(0.013 0.02405968 0.024)
(0.013 0.02601492 0.024)
(0.013 0.02797016 0.024)
(0.013 0.03010643 0.024)
(0.013 0.03217904 0.024)
(0.013 0.03413428 0.024)
(0.013 0.03608952 0.024)
(0.013 0.03804476 0.024)
(0.013 0.001401874 0.009308641)
(0.013 0.001750108 0.01328304)
(0.013 0.001620134 0.01774926)
(0.013 0.002538689 0.007616951)
(0.013 0.004660561 0.007772601)
(0.013 0.006877336 0.007868971)
(0.013 0.008941249 0.007779804)
(0.013 0.0109635 0.007679104)
(0.013 0.01302609 0.007760123)
(0.013 0.01499442 0.00797235)
(0.013 0.01698424 0.008030829)
(0.013 0.01910917 0.00778474)
(0.013 0.02116025 0.007689793)
(0.013 0.02313069 0.00780731)
(0.013 0.02512718 0.007854637)
(0.013 0.0271131 0.007813692)
(0.013 0.02916022 0.007883162)
(0.013 0.03123944 0.00792053)
(0.013 0.0332594 0.007828884)
(0.013 0.03521678 0.007788083)
(0.013 0.03714665 0.007634377)
(0.013 0.03878565 0.007359699)
(0.013 0.03850871 0.009136209)
(0.013 0.03834 0.01122886)
(0.013 0.03821841 0.01339487)
(0.013 0.03830384 0.0157257)
(0.013 0.03841122 0.01796052)
(0.013 0.03846383 0.02014215)
(0.013 0.002535588 0.02131551)
(0.013 0.006906071 0.02088513)
(0.013 0.01097128 0.02104552)
(0.013 0.01509125 0.02122193)
(0.013 0.01916461 0.02097423)
(0.013 0.02325567 0.02097654)
(0.013 0.02719218 0.02140588)
(0.013 0.03096075 0.02088287)
(0.013 0.03499267 0.02097582)
(0.013 0.001619054 0.01115566)
(0.013 0.001747412 0.01562625)
(0.013 0.001401821 0.01964363)
(0.013 0.01297139 0.02125044)
(0.013 0.008966984 0.02098212)
(0.013 0.004671938 0.02112136)
(0.013 0.01716827 0.02092738)
(0.013 0.02125565 0.02100153)
(0.013 0.02520724 0.02119228)
(0.013 0.02900306 0.02158297)
(0.013 0.03296622 0.02065323)
(0.013 0.03691122 0.02130408)
(0.013 0.003274963 0.009691534)
(0.013 0.003764333 0.01204098)
(0.013 0.03661187 0.01919895)
(0.013 0.02887314 0.01938507)
(0.013 0.003260793 0.01924398)
(0.013 0.02042946 0.01875753)
(0.013 0.005517507 0.01002168)
(0.013 0.0077081 0.01006422)
(0.013 0.009924967 0.009946507)
(0.013 0.01190766 0.00965689)
(0.013 0.01382994 0.01040102)
(0.013 0.01602196 0.01070139)
(0.013 0.01817864 0.01032886)
(0.013 0.02013122 0.009602804)
(0.013 0.02207182 0.01007117)
(0.013 0.02415787 0.01019578)
(0.013 0.02633283 0.01026296)
(0.013 0.02829175 0.009976375)
(0.013 0.03034081 0.01063692)
(0.013 0.03237572 0.01004538)
(0.013 0.0344842 0.01027069)
(0.013 0.0366545 0.00978117)
(0.013 0.03608167 0.01225711)
(0.013 0.03581715 0.01492204)
(0.013 0.03666751 0.01713771)
(0.013 0.01401801 0.01944062)
(0.013 0.0120786 0.01884815)
(0.013 0.02665717 0.01946286)
(0.013 0.01001023 0.0184008)
(0.013 0.007732959 0.01841666)
(0.013 0.02475571 0.01864274)
(0.013 0.01833674 0.01781377)
(0.013 0.02253671 0.01836666)
(0.013 0.03421536 0.01774258)
(0.013 0.003621068 0.01689735)
(0.013 0.005494436 0.01883692)
(0.013 0.0159614 0.01874934)
(0.013 0.03107287 0.01737771)
(0.013 0.003907745 0.01446747)
(0.013 0.01442953 0.01348029)
(0.013 0.02848186 0.01342342)
(0.013 0.03268642 0.01350882)
(0.013 0.006353923 0.01293656)
(0.013 0.008915801 0.01228576)
(0.013 0.02091056 0.01570976)
(0.013 0.006137832 0.01607889)
(0.013 0.01165331 0.01584909)
(0.013 0.011572 0.01253776)
(0.013 0.01783414 0.01364311)
(0.013 0.02024586 0.01226182)
(0.013 0.02282701 0.01289167)
(0.013 0.02542643 0.01265394)
(0.013 0.01392412 0.01690751)
(0.013 0.0245169 0.01570131)
(0.013 0.008924108 0.01538698)
(0.013 0.02745567 0.01687988)
(0.013 0.01618196 0.01604903)
(0.014 0.001433987 0.009317381)
(0.014 0.001663773 0.01116532)
(0.014 0.001824823 0.01331959)
(0.014 0.001913823 0.0155183)
(0.014 0.001776435 0.01782358)
(0.014 0.001537141 0.01981008)
(0.014 0.001226503 0.02165309)
(0.014 0.001955241 0.024)
(0.014 0.002593003 0.007638429)
(0.014 0.006966764 0.007923278)
(0.014 0.0111424 0.007729506)
(0.014 0.01486855 0.008162401)
(0.014 0.0192816 0.008327059)
(0.014 0.02309583 0.007925822)
(0.014 0.02676816 0.007963273)
(0.014 0.03103086 0.007983231)
(0.014 0.0350762 0.007763437)
(0.014 0.03847825 0.008854758)
(0.014 0.03817873 0.0133193)
(0.014 0.03816188 0.01792835)
(0.014 0.03804476 0.024)
(0.014 0.003910482 0.024)
(0.014 0.003010694 0.02133353)
(0.014 0.005947493 0.024)
(0.014 0.004965233 0.02104283)
(0.014 0.008119358 0.024)
(0.014 0.007171577 0.02085534)
(0.014 0.0100746 0.024)
(0.014 0.009269566 0.02098353)
(0.014 0.01202984 0.024)
(0.014 0.01136789 0.02104184)
(0.014 0.01398508 0.024)
(0.014 0.01338372 0.02097094)
(0.014 0.01594032 0.024)
(0.014 0.0154251 0.02104224)
(0.014 0.01819396 0.024)
(0.014 0.01728977 0.02128663)
(0.014 0.0201492 0.024)
(0.014 0.01920472 0.02096331)
(0.014 0.02210444 0.024)
(0.014 0.02127967 0.02096116)
(0.014 0.02405968 0.024)
(0.014 0.02318349 0.02121571)
(0.014 0.02601492 0.024)
(0.014 0.0251195 0.02067846)
(0.014 0.02797016 0.024)
(0.014 0.027255 0.02059567)
(0.014 0.03010643 0.024)
(0.014 0.02937273 0.02081847)
(0.014 0.03217904 0.024)
(0.014 0.03172116 0.02102138)
(0.014 0.03413428 0.024)
(0.014 0.03387752 0.02114127)
(0.014 0.03608952 0.024)
(0.014 0.03612471 0.02152811)
(0.014 0.03823489 0.02019637)
(0.014 0.009087343 0.007792879)
(0.014 0.004722231 0.007777599)
(0.014 0.01300039 0.007528658)
(0.014 0.01706395 0.008433002)
(0.014 0.02119645 0.007700585)
(0.014 0.02495759 0.007496186)
(0.014 0.02876488 0.007994023)
(0.014 0.0330785 0.007928307)
(0.014 0.03691268 0.007578185)
(0.014 0.03834171 0.01109146)
(0.014 0.03808623 0.01558346)
(0.014 0.003902812 0.01198269)
(0.014 0.004288765 0.0143598)
(0.014 0.00412004 0.01675796)
(0.014 0.003551947 0.01916908)
(0.014 0.003352983 0.009688464)
(0.014 0.01841235 0.01154143)
(0.014 0.01026588 0.009742808)
(0.014 0.03575244 0.01691644)
(0.014 0.01272513 0.01007696)
(0.014 0.02471886 0.009978045)
(0.014 0.02724806 0.01074206)
(0.014 0.02168544 0.01070455)
(0.014 0.03189052 0.01052882)
(0.014 0.01547196 0.01105989)
(0.014 0.03576595 0.01446756)
(0.014 0.03604396 0.01935441)
(0.014 0.02964376 0.0101887)
(0.014 0.005956701 0.01860921)
(0.014 0.008487681 0.01835744)
(0.014 0.01056598 0.01897212)
(0.014 0.01279838 0.01833842)
(0.014 0.01501584 0.01880312)
(0.014 0.01756746 0.01857261)
(0.014 0.0202787 0.01859773)
(0.014 0.02314626 0.01814687)
(0.014 0.02619992 0.01731515)
(0.014 0.02902555 0.01764275)
(0.014 0.03120024 0.01881961)
(0.014 0.03352432 0.018821)
(0.014 0.008055299 0.01015983)
(0.014 0.03615747 0.01197733)
(0.014 0.03659488 0.009636519)
(0.014 0.005688985 0.009988872)
(0.014 0.03432897 0.01013629)
(0.014 0.03321394 0.01292827)
(0.014 0.03244765 0.01599032)
(0.014 0.006650488 0.01262386)
(0.014 0.01565078 0.01540894)
(0.014 0.02463322 0.01373685)
(0.014 0.0292329 0.01366214)
(0.014 0.007282488 0.01566866)
(0.014 0.02025643 0.01514485)
(0.014 0.01092912 0.01605395)
(0.014 0.00989306 0.01262838)
(0.014 0.01305167 0.0130355)
(0.018 0.001955241 0.024)
(0.018 0.003910482 0.024)
(0.018 0.008119358 0.024)
(0.018 0.005947493 0.024)
(0.018 0.01202984 0.024)
(0.018 0.0100746 0.024)
(0.018 0.01398508 0.024)
(0.018 0.01594032 0.024)
(0.018 0.01819396 0.024)
(0.018 0.02210444 0.024)
(0.018 0.02405968 0.024)
(0.018 0.02797016 0.024)
(0.018 0.02601492 0.024)
(0.018 0.03010643 0.024)
(0.018 0.03413428 0.024)
(0.018 0.03804476 0.024)
(0.018 0.0201492 0.024)
(0.018 0.03217904 0.024)
(0.018 0.03608952 0.024)
(0.018 0.001393254 0.009319984)
(0.018 0.001711244 0.01329165)
(0.018 0.001609985 0.01774969)
(0.018 0.002526879 0.007617098)
(0.018 0.00464178 0.007768251)
(0.018 0.006852193 0.007862849)
(0.018 0.008934204 0.007811222)
(0.018 0.01100079 0.007835049)
(0.018 0.01303403 0.007895848)
(0.018 0.01506099 0.007945949)
(0.018 0.01706369 0.007977524)
(0.018 0.01915842 0.007792601)
(0.018 0.02127044 0.007718527)
(0.018 0.02325842 0.007859825)
(0.018 0.02530363 0.007976443)
(0.018 0.02736727 0.008036211)
(0.018 0.02936332 0.007957994)
(0.018 0.03128708 0.007454514)
(0.018 0.03312168 0.007781891)
(0.018 0.03511472 0.007798527)
(0.018 0.03709994 0.007644874)
(0.018 0.03876746 0.007370132)
(0.018 0.03846219 0.009153232)
(0.018 0.0382429 0.01125964)
(0.018 0.038067 0.01345558)
(0.018 0.03819794 0.01576477)
(0.018 0.03843662 0.0180173)
(0.018 0.03849816 0.02020196)
(0.018 0.002528677 0.02131863)
(0.018 0.006880972 0.02091718)
(0.018 0.01097058 0.02103768)
(0.018 0.01513143 0.02115286)
(0.018 0.01940918 0.02079692)
(0.018 0.023218 0.02106828)
(0.018 0.02690827 0.02100836)
(0.018 0.03087596 0.02054261)
(0.018 0.03507888 0.0210518)
(0.018 0.001617728 0.01120764)
(0.018 0.001727464 0.0156129)
(0.018 0.001395733 0.01964596)
(0.018 0.01299818 0.02119097)
(0.018 0.008937818 0.02097232)
(0.018 0.004657418 0.02113418)
(0.018 0.0172857 0.02085536)
(0.018 0.02132986 0.02126782)
(0.018 0.02505596 0.02153786)
(0.018 0.02883612 0.02118459)
(0.018 0.03301698 0.02067136)
(0.018 0.03695661 0.02142125)
(0.018 0.003242131 0.009683008)
(0.018 0.003629579 0.01203763)
(0.018 0.03673762 0.01935817)
(0.018 0.02823201 0.01831848)
(0.018 0.003247051 0.01925345)
(0.018 0.02194604 0.01868414)
(0.018 0.00544033 0.01002374)
(0.018 0.007595353 0.0100408)
(0.018 0.009834631 0.01004066)
(0.018 0.01196487 0.01024841)
(0.018 0.01411977 0.01036536)
(0.018 0.01629241 0.01050379)
(0.018 0.01835401 0.01024762)
(0.018 0.02026129 0.009577578)
(0.018 0.02226384 0.01009931)
(0.018 0.02444463 0.0103497)
(0.018 0.02683787 0.01059002)
(0.018 0.02924833 0.01072261)
(0.018 0.03147187 0.009713862)
(0.018 0.03397451 0.01017865)
(0.018 0.03650784 0.009776983)
(0.018 0.03578111 0.01234747)
(0.018 0.03516062 0.01516872)
(0.018 0.03669955 0.01732029)
(0.018 0.01405898 0.0192737)
(0.018 0.01205641 0.01878837)
(0.018 0.0250541 0.01920964)
(0.018 0.009867765 0.01855213)
(0.018 0.007692678 0.01854586)
(0.018 0.01891559 0.01793279)
(0.018 0.03449375 0.01840343)
(0.018 0.003588611 0.01690659)
(0.018 0.005466876 0.01887371)
(0.018 0.01610386 0.01867082)
(0.018 0.03168618 0.01717729)
(0.018 0.003828803 0.01447197)
(0.018 0.0153449 0.01317556)
(0.018 0.02860914 0.01431286)
(0.018 0.03220043 0.01305471)
(0.018 0.0212317 0.01560564)
(0.018 0.006134387 0.01298696)
(0.018 0.006052754 0.01611165)
(0.018 0.01122943 0.01607904)
(0.018 0.01061633 0.01282485)
(0.018 0.01300493 0.01307013)
(0.018 0.01824925 0.01350877)
(0.018 0.02044798 0.01218138)
(0.018 0.02303996 0.01294047)
(0.018 0.02575041 0.01299372)
(0.018 0.01392449 0.01649443)
(0.018 0.008479199 0.01231813)
(0.018 0.008572692 0.01552494)
(0.018 0.02495965 0.01629508)
(0.018 0.01647617 0.01611863)
(0.019 0.001452823 0.009283096)
(0.019 0.001656368 0.01111283)
(0.019 0.001768347 0.01324681)
(0.019 0.001840187 0.01546371)
(0.019 0.001801863 0.01771237)
(0.019 0.001617003 0.01984279)
(0.019 0.00131683 0.02165212)
(0.019 0.002036825 0.024)
(0.019 0.002656937 0.007592232)
(0.019 0.007292759 0.007847157)
(0.019 0.01140486 0.007512373)
(0.019 0.01543219 0.00808094)
(0.019 0.02007857 0.007564711)
(0.019 0.02410414 0.007841447)
(0.019 0.02819521 0.00752906)
(0.019 0.03270531 0.008060611)
(0.019 0.03722301 0.007714547)
(0.019 0.03858525 0.01140816)
(0.019 0.03828495 0.01551587)
(0.019 0.03848971 0.01986561)
(0.019 0.03875798 0.02164333)
(0.019 0.03796317 0.024)
(0.019 0.00407365 0.024)
(0.019 0.003079062 0.02133403)
(0.019 0.006250134 0.024)
(0.019 0.00510858 0.02130323)
(0.019 0.008445694 0.024)
(0.019 0.007483609 0.02130522)
(0.019 0.01048252 0.024)
(0.019 0.009591853 0.0211714)
(0.019 0.01251934 0.024)
(0.019 0.01172909 0.0210973)
(0.019 0.01455617 0.024)
(0.019 0.0138846 0.02103946)
(0.019 0.0166086 0.024)
(0.019 0.01599418 0.02095873)
(0.019 0.01913078 0.024)
(0.019 0.01821708 0.02110958)
(0.019 0.02116761 0.024)
(0.019 0.02038568 0.02127654)
(0.019 0.02320443 0.024)
(0.019 0.02242209 0.02122296)
(0.019 0.02524126 0.024)
(0.019 0.02455531 0.02112213)
(0.019 0.02727808 0.024)
(0.019 0.02661306 0.02090624)
(0.019 0.02938819 0.024)
(0.019 0.02871909 0.02080797)
(0.019 0.0318527 0.024)
(0.019 0.03095525 0.02093775)
(0.019 0.03388952 0.024)
(0.019 0.03303517 0.02140374)
(0.019 0.03592635 0.024)
(0.019 0.03511282 0.02149813)
(0.019 0.03709495 0.02134712)
(0.019 0.009459615 0.007847744)
(0.019 0.004904108 0.007729304)
(0.019 0.01329621 0.007933337)
(0.019 0.01801592 0.008403051)
(0.019 0.02203235 0.007839957)
(0.019 0.02621373 0.007741178)
(0.019 0.03029528 0.008521931)
(0.019 0.03497228 0.00771511)
(0.019 0.03820205 0.009618378)
(0.019 0.03830796 0.0133255)
(0.019 0.03833175 0.01778138)
(0.019 0.01621088 0.01031411)
(0.019 0.00384337 0.0118309)
(0.019 0.004072749 0.01413934)
(0.019 0.004069356 0.01650839)
(0.019 0.003966698 0.01904204)
(0.019 0.008398747 0.01013296)
(0.019 0.02034547 0.009958608)
(0.019 0.03611654 0.01430732)
(0.019 0.0138084 0.01045351)
(0.019 0.0251622 0.01000427)
(0.019 0.0111808 0.01007407)
(0.019 0.03411108 0.01015494)
(0.019 0.03619067 0.009333105)
(0.019 0.03643411 0.01670787)
(0.019 0.005844057 0.00985087)
(0.019 0.03165177 0.01103155)
(0.019 0.03645649 0.0116356)
(0.019 0.003412761 0.009603983)
(0.019 0.02769332 0.009664012)
(0.019 0.006299207 0.01965356)
(0.019 0.008502741 0.01907552)
(0.019 0.01075048 0.0189149)
(0.019 0.01312967 0.01882737)
(0.019 0.01542249 0.01853722)
(0.019 0.01766435 0.01866598)
(0.019 0.01960114 0.01939069)
(0.019 0.02164028 0.01895506)
(0.019 0.02364484 0.01919448)
(0.019 0.02564069 0.01831791)
(0.019 0.02808657 0.01796581)
(0.019 0.03051284 0.01817859)
(0.019 0.03246319 0.01905623)
(0.019 0.03434354 0.01999061)
(0.019 0.02275086 0.01032186)
(0.019 0.01827619 0.01187238)
(0.019 0.0366049 0.01921558)
(0.019 0.02915007 0.01196324)
(0.019 0.03320411 0.01591351)
(0.019 0.02094422 0.01332285)
(0.019 0.006462797 0.0123279)
(0.019 0.03354707 0.01302923)
(0.019 0.006588145 0.01738782)
(0.019 0.01750783 0.01549589)
(0.019 0.03047305 0.0147338)
(0.019 0.02655661 0.01204491)
(0.019 0.00673004 0.01495888)
(0.019 0.01222985 0.0133679)
(0.019 0.01537385 0.01297143)
(0.019 0.0346215 0.01793302)
(0.019 0.009399646 0.01618123)
(0.019 0.01198037 0.01659297)
(0.019 0.0144727 0.01597585)
(0.019 0.02013843 0.01673741)
(0.019 0.02333414 0.01626692)
(0.019 0.02677777 0.01517458)
(0.019 0.02403339 0.01297128)
(0.019 0.009350518 0.01284183)
(0.023 0.001955241 0.024)
(0.023 0.003910482 0.024)
(0.023 0.005947493 0.024)
(0.023 0.008119358 0.024)
(0.023 0.0100746 0.024)
(0.023 0.01202984 0.024)
(0.023 0.01398508 0.024)
(0.023 0.01594032 0.024)
(0.023 0.01819396 0.024)
(0.023 0.0201492 0.024)
(0.023 0.02210444 0.024)
(0.023 0.02405968 0.024)
(0.023 0.02601492 0.024)
(0.023 0.02797016 0.024)
(0.023 0.03010643 0.024)
(0.023 0.03217904 0.024)
(0.023 0.03413428 0.024)
(0.023 0.03608952 0.024)
(0.023 0.03804476 0.024)
(0.023 0.001381862 0.009310024)
(0.023 0.001715813 0.01326018)
(0.023 0.001659644 0.01774708)
(0.023 0.002545335 0.007624544)
(0.023 0.004634732 0.007743636)
(0.023 0.006844035 0.00785835)
(0.023 0.008898933 0.00779847)
(0.023 0.01096608 0.007818691)
(0.023 0.01302143 0.007881103)
(0.023 0.01504424 0.007963243)
(0.023 0.01704361 0.007997613)
(0.023 0.01911359 0.007740139)
(0.023 0.02119888 0.007709237)
(0.023 0.02317885 0.007873381)
(0.023 0.02515394 0.007919363)
(0.023 0.02711512 0.00780628)
(0.023 0.02916899 0.00780496)
(0.023 0.03125944 0.007824305)
(0.023 0.03327475 0.007749246)
(0.023 0.03521118 0.007749074)
(0.023 0.03709702 0.007638642)
(0.023 0.03882549 0.00735888)
(0.023 0.03851838 0.009162992)
(0.023 0.03834975 0.01121424)
(0.023 0.03820785 0.01338455)
(0.023 0.03820659 0.0156555)
(0.023 0.03835133 0.0179563)
(0.023 0.03851092 0.02016049)
(0.023 0.002604545 0.0212717)
(0.023 0.006992762 0.0208526)
(0.023 0.01103087 0.02116557)
(0.023 0.01507071 0.021206)
(0.023 0.01910489 0.02105152)
(0.023 0.02305266 0.02121706)
(0.023 0.02699873 0.02120939)
(0.023 0.0311767 0.02098085)
(0.023 0.03514435 0.02120855)
(0.023 0.001595751 0.01118544)
(0.023 0.001769903 0.01552907)
(0.023 0.001447664 0.01962324)
(0.023 0.01309251 0.02124601)
(0.023 0.009044223 0.02095638)
(0.023 0.004747305 0.02106829)
(0.023 0.0171777 0.02104175)
(0.023 0.02112728 0.02114013)
(0.023 0.025078 0.02123396)
(0.023 0.02904726 0.02113234)
(0.023 0.0331818 0.02105862)
(0.023 0.03694835 0.021431)
(0.023 0.003214896 0.009652466)
(0.023 0.003556366 0.01195995)
(0.023 0.00337046 0.01916828)
(0.023 0.003872055 0.01678895)
(0.023 0.0201796 0.01900371)
(0.023 0.005394348 0.00992658)
(0.023 0.007557105 0.01009349)
(0.023 0.009692551 0.01000805)
(0.023 0.01191997 0.01012672)
(0.023 0.01405137 0.01041247)
(0.023 0.01620948 0.01058163)
(0.023 0.01829407 0.01033147)
(0.023 0.02020635 0.009615238)
(0.023 0.02215983 0.01018101)
(0.023 0.02427847 0.01045544)
(0.023 0.02643437 0.01039867)
(0.023 0.02834819 0.009822271)
(0.023 0.03041608 0.01033965)
(0.023 0.03242177 0.009830841)
(0.023 0.03450954 0.01012463)
(0.023 0.0366642 0.009736893)
(0.023 0.03612026 0.01210534)
(0.023 0.03589049 0.0145703)
(0.023 0.03636926 0.017139)
(0.023 0.0367199 0.01935724)
(0.023 0.01413667 0.0189449)
(0.023 0.01217305 0.01929366)
(0.023 0.02602165 0.01880446)
(0.023 0.01025847 0.01859565)
(0.023 0.008027702 0.01839497)
(0.023 0.02408906 0.01930669)
(0.023 0.0181853 0.01814594)
(0.023 0.02218614 0.01872923)
(0.023 0.03223656 0.01863328)
(0.023 0.02998275 0.01863831)
(0.023 0.005700814 0.01869568)
(0.023 0.01614015 0.01917812)
(0.023 0.003928034 0.01437358)
(0.023 0.02798986 0.01922726)
(0.023 0.03452913 0.01893278)
(0.023 0.01505788 0.01343214)
(0.023 0.02887993 0.01283285)
(0.023 0.005952908 0.01260699)
(0.023 0.03277147 0.01292533)
(0.023 0.008237453 0.01282546)
(0.023 0.02084445 0.01597501)
(0.023 0.03366858 0.01618627)
(0.023 0.02772968 0.01630748)
(0.023 0.0066 0.0156641)
(0.023 0.0104957 0.01231555)
(0.023 0.01266627 0.01308803)
(0.023 0.01781721 0.01378606)
(0.023 0.02032497 0.01232345)
(0.023 0.02291193 0.01314088)
(0.023 0.02584227 0.01324191)
(0.023 0.01271956 0.01647007)
(0.023 0.009747444 0.01566508)
(0.023 0.02417486 0.0164459)
(0.023 0.03085023 0.01580749)
(0.023 0.01563674 0.01652624)
(0.024 0.001437805 0.009317277)
(0.024 0.001675117 0.01117167)
(0.024 0.001837748 0.01333758)
(0.024 0.001902989 0.01556117)
(0.024 0.001760287 0.01781694)
(0.024 0.001536298 0.01984806)
(0.024 0.001261308 0.02165978)
(0.024 0.001955241 0.024)
(0.024 0.002570823 0.007620715)
(0.024 0.007011995 0.007914642)
(0.024 0.01115515 0.007741416)
(0.024 0.01488 0.008148092)
(0.024 0.01915462 0.007920784)
(0.024 0.02317545 0.008212346)
(0.024 0.02690481 0.007907753)
(0.024 0.03114745 0.007866296)
(0.024 0.03513767 0.007736296)
(0.024 0.03848484 0.008815663)
(0.024 0.03820122 0.01329826)
(0.024 0.03813979 0.01789697)
(0.024 0.03804476 0.024)
(0.024 0.003910482 0.024)
(0.024 0.00294726 0.02136283)
(0.024 0.005947493 0.024)
(0.024 0.004942767 0.02106135)
(0.024 0.008119358 0.024)
(0.024 0.007170098 0.02085364)
(0.024 0.0100746 0.024)
(0.024 0.009185234 0.02108529)
(0.024 0.01202984 0.024)
(0.024 0.01126454 0.02121754)
(0.024 0.01398508 0.024)
(0.024 0.01335868 0.02105568)
(0.024 0.01594032 0.024)
(0.024 0.01538705 0.02087113)
(0.024 0.01819396 0.024)
(0.024 0.01729432 0.02122456)
(0.024 0.0201492 0.024)
(0.024 0.01924236 0.02095723)
(0.024 0.02210444 0.024)
(0.024 0.02113274 0.02140938)
(0.024 0.02405968 0.024)
(0.024 0.0230207 0.0208477)
(0.024 0.02601492 0.024)
(0.024 0.02500598 0.02105155)
(0.024 0.02797016 0.024)
(0.024 0.02700307 0.02044241)
(0.024 0.03010643 0.024)
(0.024 0.0292112 0.0206476)
(0.024 0.03217904 0.024)
(0.024 0.03162791 0.02090808)
(0.024 0.03413428 0.024)
(0.024 0.03383213 0.02109638)
(0.024 0.03608952 0.024)
(0.024 0.03613295 0.02151446)
(0.024 0.03820581 0.02020981)
(0.024 0.009083537 0.007790256)
(0.024 0.004733649 0.007780837)
(0.024 0.01301386 0.007528296)
(0.024 0.01702079 0.008381596)
(0.024 0.02110281 0.008440577)
(0.024 0.02504301 0.007562296)
(0.024 0.02889558 0.007888373)
(0.024 0.03315961 0.007858664)
(0.024 0.03697085 0.007557752)
(0.024 0.03832154 0.01105235)
(0.024 0.0380822 0.01559463)
(0.024 0.003937079 0.0119995)
(0.024 0.004325116 0.01438924)
(0.024 0.004155965 0.01679184)
(0.024 0.003547599 0.01919426)
(0.024 0.003367187 0.009688619)
(0.024 0.01899317 0.01113471)
(0.024 0.01032856 0.009785758)
(0.024 0.03577732 0.01686422)
(0.024 0.01281905 0.01008815)
(0.024 0.02520675 0.01011629)
(0.024 0.02771609 0.01050097)
(0.024 0.02255881 0.01195815)
(0.024 0.0321044 0.01031097)
(0.024 0.01567837 0.01099826)
(0.024 0.03582205 0.0144015)
(0.024 0.03600653 0.0193229)
(0.024 0.02995311 0.00992175)
(0.024 0.0060114 0.0186749)
(0.024 0.008462671 0.01841694)
(0.024 0.0104626 0.01917671)
(0.024 0.01247558 0.0190752)
(0.024 0.01469411 0.01812306)
(0.024 0.01776861 0.01843078)
(0.024 0.02098764 0.01880027)
(0.024 0.02436851 0.01753664)
(0.024 0.02836444 0.01704579)
(0.024 0.03095721 0.018548)
(0.024 0.03342289 0.01871121)
(0.024 0.008118979 0.01021181)
(0.024 0.03628338 0.01187298)
(0.024 0.03667958 0.009643673)
(0.024 0.005729752 0.01000507)
(0.024 0.03445075 0.01004747)
(0.024 0.03341829 0.01275299)
(0.024 0.0324448 0.01579859)
(0.024 0.006738268 0.01266958)
(0.024 0.01628188 0.01485477)
(0.024 0.02624549 0.01350286)
(0.024 0.007418065 0.01570511)
(0.024 0.02021675 0.01531945)
(0.024 0.02994227 0.01305245)
(0.024 0.01156808 0.01618585)
(0.024 0.01013014 0.01275591)
(0.024 0.01336633 0.0130459)
(0.028 0.001955241 0.024)
(0.028 0.003910482 0.024)
(0.028 0.008119358 0.024)
(0.028 0.005947493 0.024)
(0.028 0.01202984 0.024)
(0.028 0.0100746 0.024)
(0.028 0.01398508 0.024)
(0.028 0.01594032 0.024)
(0.028 0.01819396 0.024)
(0.028 0.02210444 0.024)
(0.028 0.02405968 0.024)
(0.028 0.02797016 0.024)
(0.028 0.02601492 0.024)
(0.028 0.03010643 0.024)
(0.028 0.03413428 0.024)
(0.028 0.03804476 0.024)
(0.028 0.0201492 0.024)
(0.028 0.03217904 0.024)
(0.028 0.03608952 0.024)
(0.028 0.001402836 0.009321652)
(0.028 0.001733427 0.01328726)
(0.028 0.001618537 0.01774897)
(0.028 0.002534968 0.007618907)
(0.028 0.004657437 0.007773234)
(0.028 0.006871455 0.007868233)
(0.028 0.008936517 0.007772739)
(0.028 0.01095987 0.007668064)
(0.028 0.01302547 0.007747506)
(0.028 0.0149949 0.007957145)
(0.028 0.01698727 0.008014469)
(0.028 0.0191129 0.007770105)
(0.028 0.0211655 0.007676375)
(0.028 0.02313749 0.00779976)
(0.028 0.02513265 0.007849437)
(0.028 0.02711946 0.007806755)
(0.028 0.02916579 0.007877946)
(0.028 0.03124319 0.007917741)
(0.028 0.03326163 0.007827157)
(0.028 0.03521795 0.007787285)
(0.028 0.03714718 0.007634028)
(0.028 0.03878586 0.007359531)
(0.028 0.03850912 0.009135903)
(0.028 0.03834052 0.0112285)
(0.028 0.03821889 0.01339451)
(0.028 0.03830419 0.01572543)
(0.028 0.03841142 0.01796037)
(0.028 0.03846393 0.02014209)
(0.028 0.002534885 0.02131579)
(0.028 0.00690198 0.02088907)
(0.028 0.01096788 0.02105685)
(0.028 0.01509338 0.02123684)
(0.028 0.01917099 0.02099448)
(0.028 0.02326017 0.02099098)
(0.028 0.02719524 0.02141087)
(0.028 0.03096303 0.02088564)
(0.028 0.03499303 0.02097595)
(0.028 0.001633764 0.01120708)
(0.028 0.001745482 0.01562446)
(0.028 0.001401023 0.01964377)
(0.028 0.01297041 0.02126473)
(0.028 0.008962201 0.02099095)
(0.028 0.004670002 0.02112247)
(0.028 0.01717144 0.02094553)
(0.028 0.02126064 0.02101966)
(0.028 0.02521143 0.02120118)
(0.028 0.02900523 0.02158601)
(0.028 0.03296737 0.02065447)
(0.028 0.03691136 0.02130405)
(0.028 0.003266499 0.00968637)
(0.028 0.003679118 0.01204265)
(0.028 0.03661221 0.01919872)
(0.028 0.02887853 0.01939328)
(0.028 0.003258784 0.01924437)
(0.028 0.02044364 0.01879494)
(0.028 0.005501468 0.01003194)
(0.028 0.007700392 0.01005287)
(0.028 0.00991502 0.009925431)
(0.028 0.01190337 0.009625164)
(0.028 0.01383094 0.01036934)
(0.028 0.01602619 0.01064705)
(0.028 0.01818652 0.01029263)
(0.028 0.02013961 0.009569982)
(0.028 0.022083 0.01004033)
(0.028 0.02417134 0.01019112)
(0.028 0.02635016 0.01024)
(0.028 0.02830415 0.009965265)
(0.028 0.03034943 0.01062906)
(0.028 0.03238073 0.01004144)
(0.028 0.03448698 0.01026884)
(0.028 0.03665573 0.009780425)
(0.028 0.03608316 0.0122561)
(0.028 0.03581836 0.0149211)
(0.028 0.03666805 0.01713724)
(0.028 0.01402 0.01947337)
(0.028 0.01207444 0.01888216)
(0.028 0.02666261 0.01947499)
(0.028 0.009994646 0.01842845)
(0.028 0.007723723 0.01842899)
(0.028 0.02476227 0.0186713)
(0.028 0.01835354 0.01789466)
(0.028 0.02254503 0.01840885)
(0.028 0.03421662 0.01774262)
(0.028 0.003614626 0.01689513)
(0.028 0.005488341 0.01883897)
(0.028 0.01596747 0.01878129)
(0.028 0.03107779 0.01738233)
(0.028 0.003902651 0.0144599)
(0.028 0.01447641 0.01341023)
(0.028 0.02850439 0.01341525)
(0.028 0.03269097 0.01350546)
(0.028 0.006343385 0.01292184)
(0.028 0.008896057 0.01227045)
(0.028 0.020978 0.01576055)
(0.028 0.006118762 0.01608265)
(0.028 0.01160246 0.01594619)
(0.028 0.01155557 0.01244708)
(0.028 0.01779611 0.01354633)
(0.028 0.02026858 0.01219089)
(0.028 0.02280323 0.01286169)
(0.028 0.02549196 0.01262637)
(0.028 0.01393288 0.01697781)
(0.028 0.02452607 0.01577037)
(0.028 0.008864087 0.01539542)
(0.028 0.02746783 0.01689564)
(0.028 0.01613026 0.01606343)
(0.029 0.001435075 0.009318044)
(0.029 0.001665135 0.01116621)
(0.029 0.001826192 0.01332046)
(0.029 0.001915031 0.01551907)
(0.029 0.001777471 0.01782409)
(0.029 0.001537743 0.01981019)
(0.029 0.001226675 0.02165307)
(0.029 0.001955241 0.024)
(0.029 0.002594054 0.007639105)
(0.029 0.006969745 0.007927969)
(0.029 0.01114248 0.007735206)
(0.029 0.01486413 0.00817125)
(0.029 0.01927549 0.008341103)
(0.029 0.02309232 0.007928532)
(0.029 0.02676553 0.007965422)
(0.029 0.03102924 0.007984329)
(0.029 0.03507564 0.007763744)
(0.029 0.03847806 0.008854873)
(0.029 0.03817843 0.01331941)
(0.029 0.0381616 0.01792834)
(0.029 0.03804476 0.024)
(0.029 0.003910482 0.024)
(0.029 0.003011237 0.02133373)
(0.029 0.005947493 0.024)
(0.029 0.004966678 0.02104315)
(0.029 0.008119358 0.024)
(0.029 0.007174781 0.02085288)
(0.029 0.0100746 0.024)
(0.029 0.00927254 0.02097699)
(0.029 0.01202984 0.024)
(0.029 0.01136837 0.02103458)
(0.029 0.01398508 0.024)
(0.029 0.01338183 0.02096595)
(0.029 0.01594032 0.024)
(0.029 0.01542089 0.02103856)
(0.029 0.01819396 0.024)
(0.029 0.01728445 0.02128448)
(0.029 0.0201492 0.024)
(0.029 0.01919793 0.02096022)
(0.029 0.02210444 0.024)
(0.029 0.02127237 0.02095594)
(0.029 0.02405968 0.024)
(0.029 0.02317764 0.02121198)
(0.029 0.02601492 0.024)
(0.029 0.02511382 0.0206741)
(0.029 0.02797016 0.024)
(0.029 0.02725173 0.02059253)
(0.029 0.03010643 0.024)
(0.029 0.02937076 0.02081758)
(0.029 0.03217904 0.024)
(0.029 0.03172003 0.02102101)
(0.029 0.03413428 0.024)
(0.029 0.03387686 0.0211411)
(0.029 0.03608952 0.024)
(0.029 0.03612445 0.02152801)
(0.029 0.0382347 0.02019632)
(0.029 0.009089506 0.007799422)
(0.029 0.004724245 0.007779531)
(0.029 0.01299896 0.007534071)
(0.029 0.01705655 0.008450328)
(0.029 0.02119208 0.007705161)
(0.029 0.02495513 0.007497773)
(0.029 0.0287629 0.007995379)
(0.029 0.03307744 0.007928926)
(0.029 0.03691241 0.00757837)
(0.029 0.03834145 0.01109159)
(0.029 0.03808592 0.01558352)
(0.029 0.00390706 0.0119854)
(0.029 0.004292042 0.01436206)
(0.029 0.004122794 0.01675988)
(0.029 0.003554057 0.01917032)
(0.029 0.003355516 0.0096903)
(0.029 0.01838609 0.01160098)
(0.029 0.01027164 0.009758835)
(0.029 0.0357516 0.01691647)
(0.029 0.01272043 0.01009697)
(0.029 0.0247124 0.009981986)
(0.029 0.02724241 0.01074584)
(0.029 0.02167302 0.01071414)
(0.029 0.03188827 0.01053027)
(0.029 0.01544206 0.01109029)
(0.029 0.03576511 0.01446778)
(0.029 0.03604328 0.0193543)
(0.029 0.02964017 0.01019108)
(0.029 0.00596106 0.01861118)
(0.029 0.008495336 0.0183437)
(0.029 0.0105698 0.01895108)
(0.029 0.01280088 0.01832102)
(0.029 0.01500882 0.01879174)
(0.029 0.01755303 0.01856568)
(0.029 0.02025766 0.01858647)
(0.029 0.0231275 0.01813394)
(0.029 0.02619063 0.01730937)
(0.029 0.02901985 0.0176414)
(0.029 0.03119755 0.01881901)
(0.029 0.03352276 0.01882075)
(0.029 0.008063861 0.01017467)
(0.029 0.0361567 0.01197764)
(0.029 0.03659432 0.009636801)
(0.029 0.005694117 0.009994457)
(0.029 0.03432777 0.01013687)
(0.029 0.03321219 0.01292898)
(0.029 0.03244548 0.01599046)
(0.029 0.006662175 0.01263259)
(0.029 0.01562057 0.01537425)
(0.029 0.02461372 0.013735)
(0.029 0.02922764 0.01366334)
(0.029 0.007286838 0.01567095)
(0.029 0.02018461 0.0151164)
(0.029 0.01097421 0.01598514)
(0.029 0.009933398 0.0126636)
(0.029 0.01299251 0.01311846)
(0.033 0.001955241 0.024)
(0.033 0.003910482 0.024)
(0.033 0.008119358 0.024)
(0.033 0.005947493 0.024)
(0.033 0.01202984 0.024)
(0.033 0.0100746 0.024)
(0.033 0.01398508 0.024)
(0.033 0.01594032 0.024)
(0.033 0.01819396 0.024)
(0.033 0.02210444 0.024)
(0.033 0.02405968 0.024)
(0.033 0.02797016 0.024)
(0.033 0.02601492 0.024)
(0.033 0.03010643 0.024)
(0.033 0.03413428 0.024)
(0.033 0.03804476 0.024)
(0.033 0.0201492 0.024)
(0.033 0.03217904 0.024)
(0.033 0.03608952 0.024)
(0.033 0.00139994 0.009328241)
(0.033 0.001719912 0.01331372)
(0.033 0.001611869 0.01775572)
(0.033 0.002531481 0.007623008)
(0.033 0.004648627 0.007775294)
(0.033 0.006861399 0.00787)
(0.033 0.00894523 0.007820424)
(0.033 0.01101126 0.007846041)
(0.033 0.01304323 0.007910839)
(0.033 0.01506612 0.007962684)
(0.033 0.01706816 0.007991513)
(0.033 0.01916045 0.007804464)
(0.033 0.02127187 0.007728266)
(0.033 0.02325669 0.007867959)
(0.033 0.0252999 0.007982821)
(0.033 0.02736174 0.008043733)
(0.033 0.02935887 0.007961297)
(0.033 0.03128461 0.007455948)
(0.033 0.03311964 0.007783339)
(0.033 0.0351135 0.007799278)
(0.033 0.03709933 0.007645226)
(0.033 0.03876721 0.007370313)
(0.033 0.03846169 0.00915356)
(0.033 0.03824214 0.01126)
(0.033 0.03806626 0.01345582)
(0.033 0.03819741 0.01576481)
(0.033 0.03843624 0.01801725)
(0.033 0.03849797 0.0202019)
(0.033 0.002530248 0.02131884)
(0.033 0.006887533 0.02091361)
(0.033 0.01097795 0.02102736)
(0.033 0.01513832 0.02114021)
(0.033 0.01941098 0.02077396)
(0.033 0.02321754 0.02105908)
(0.033 0.02690608 0.020999)
(0.033 0.03087459 0.02053853)
(0.033 0.03507852 0.02105154)
(0.033 0.001626417 0.01122278)
(0.033 0.001730692 0.01563759)
(0.033 0.001396874 0.01964755)
(0.033 0.01300509 0.02118065)
(0.033 0.008946629 0.02096298)
(0.033 0.004661187 0.02113325)
(0.033 0.01729165 0.02083588)
(0.033 0.02132885 0.02125908)
(0.033 0.02505455 0.02152918)
(0.033 0.02883432 0.02117923)
(0.033 0.03301648 0.02067034)
(0.033 0.0369564 0.02142114)
(0.033 0.003256309 0.00969988)
(0.033 0.003650389 0.01206877)
(0.033 0.03673704 0.01935807)
(0.033 0.02822167 0.01830038)
(0.033 0.003250976 0.01925468)
(0.033 0.02194109 0.01866308)
(0.033 0.005459936 0.01003894)
(0.033 0.00762099 0.01005449)
(0.033 0.009862971 0.01006703)
(0.033 0.01198886 0.01027851)
(0.033 0.01413574 0.0104198)
(0.033 0.01630428 0.01053965)
(0.033 0.01836108 0.010284)
(0.033 0.02026718 0.009597136)
(0.033 0.0222666 0.01012994)
(0.033 0.02443651 0.01036553)
(0.033 0.02681965 0.01061269)
(0.033 0.02923595 0.01073137)
(0.033 0.03146575 0.009717263)
(0.033 0.0339709 0.01018059)
(0.033 0.03650629 0.009777742)
(0.033 0.03577851 0.01234852)
(0.033 0.03515861 0.0151692)
(0.033 0.0366986 0.01732031)
(0.033 0.01407235 0.01925279)
(0.033 0.01207325 0.01876525)
(0.033 0.02504427 0.0191807)
(0.033 0.009892811 0.01852025)
(0.033 0.007708957 0.0185384)
(0.033 0.01892053 0.0178394)
(0.033 0.03449242 0.01840287)
(0.033 0.003596484 0.01691333)
(0.033 0.005475895 0.01887142)
(0.033 0.01611925 0.01863283)
(0.033 0.03168195 0.01717444)
(0.033 0.003850961 0.01449077)
(0.033 0.01539829 0.01326297)
(0.033 0.02857875 0.01432034)
(0.033 0.03219113 0.0130583)
(0.033 0.0212195 0.0155797)
(0.033 0.006180034 0.01300584)
(0.033 0.006069883 0.01611337)
(0.033 0.01131011 0.0159992)
(0.033 0.01069048 0.01288796)
(0.033 0.01300631 0.01316956)
(0.033 0.01823905 0.01362622)
(0.033 0.02045135 0.01221564)
(0.033 0.02306585 0.01302055)
(0.033 0.02568742 0.01302512)
(0.033 0.01393511 0.0164592)
(0.033 0.008526271 0.01233918)
(0.033 0.008605137 0.01552706)
(0.033 0.02489124 0.0162084)
(0.033 0.01654399 0.01606445)
(0.034 0.001451137 0.009282161)
(0.034 0.001653991 0.01111159)
(0.034 0.00176571 0.01324602)
(0.034 0.001837303 0.01546357)
(0.034 0.001799227 0.01771324)
(0.034 0.00161517 0.01984385)
(0.034 0.001315979 0.02165275)
(0.034 0.002036825 0.024)
(0.034 0.002655436 0.007591346)
(0.034 0.007289083 0.00784097)
(0.034 0.01140461 0.007505705)
(0.034 0.01543879 0.008020704)
(0.034 0.02008164 0.007557349)
(0.034 0.02410515 0.007831306)
(0.034 0.02813147 0.007542282)
(0.034 0.03270361 0.008058068)
(0.034 0.0372232 0.007714406)
(0.034 0.03858534 0.01140811)
(0.034 0.03828504 0.01551582)
(0.034 0.03848981 0.01986566)
(0.034 0.03875803 0.02164336)
(0.034 0.03796317 0.024)
(0.034 0.00407365 0.024)
(0.034 0.003076829 0.02133551)
(0.034 0.006250134 0.024)
(0.034 0.005104223 0.0213067)
(0.034 0.008445694 0.024)
(0.034 0.007477925 0.02131083)
(0.034 0.01048252 0.024)
(0.034 0.009586763 0.02118046)
(0.034 0.01251934 0.024)
(0.034 0.01172804 0.02110669)
(0.034 0.01455617 0.024)
(0.034 0.01388727 0.02104952)
(0.034 0.0166086 0.024)
(0.034 0.01599681 0.02096844)
(0.034 0.01913078 0.024)
(0.034 0.01821856 0.02111761)
(0.034 0.02116761 0.024)
(0.034 0.02038746 0.02128209)
(0.034 0.02320443 0.024)
(0.034 0.02242282 0.02122868)
(0.034 0.02524126 0.024)
(0.034 0.02455836 0.0211307)
(0.034 0.02727808 0.024)
(0.034 0.02661705 0.02091235)
(0.034 0.02938819 0.024)
(0.034 0.02872183 0.02080967)
(0.034 0.0318527 0.024)
(0.034 0.03095665 0.02093815)
(0.034 0.03388952 0.024)
(0.034 0.03303579 0.02140391)
(0.034 0.03592635 0.024)
(0.034 0.03511312 0.02149828)
(0.034 0.03709506 0.02134719)
(0.034 0.009457914 0.007840645)
(0.034 0.004901318 0.007726764)
(0.034 0.01329758 0.007922991)
(0.034 0.01801866 0.008390764)
(0.034 0.02203918 0.007833503)
(0.034 0.02625841 0.007736949)
(0.034 0.03028675 0.008512343)
(0.034 0.03497211 0.007714603)
(0.034 0.03820222 0.009618296)
(0.034 0.03830803 0.01332543)
(0.034 0.03833189 0.01778141)
(0.034 0.01621669 0.01029076)
(0.034 0.003835965 0.01182778)
(0.034 0.004065943 0.01413801)
(0.034 0.004061026 0.01650918)
(0.034 0.003959732 0.01904598)
(0.034 0.008386636 0.0101116)
(0.034 0.02034579 0.009936269)
(0.034 0.03611662 0.01430706)
(0.034 0.01382414 0.01041762)
(0.034 0.02517789 0.009973361)
(0.034 0.01117999 0.0100494)
(0.034 0.03411185 0.01015314)
(0.034 0.03619107 0.00933271)
(0.034 0.03643443 0.01670787)
(0.034 0.005836199 0.009843619)
(0.034 0.03165366 0.01102152)
(0.034 0.03645672 0.01163543)
(0.034 0.003408837 0.009601552)
(0.034 0.02768751 0.009560366)
(0.034 0.006289049 0.01966095)
(0.034 0.008488241 0.01909445)
(0.034 0.01073985 0.01894346)
(0.034 0.01313854 0.0188522)
(0.034 0.01543447 0.0185576)
(0.034 0.01766543 0.01868498)
(0.034 0.01960127 0.01940543)
(0.034 0.0216429 0.01896166)
(0.034 0.02365136 0.01921564)
(0.034 0.02565287 0.01833818)
(0.034 0.02809328 0.01796751)
(0.034 0.03051598 0.01817784)
(0.034 0.03246462 0.01905669)
(0.034 0.03434425 0.01999079)
(0.034 0.02276027 0.0103024)
(0.034 0.0182719 0.01184299)
(0.034 0.03660522 0.01921568)
(0.034 0.02915628 0.0119244)
(0.034 0.03320449 0.01591301)
(0.034 0.02090394 0.01325229)
(0.034 0.006444405 0.01231796)
(0.034 0.03354732 0.01302771)
(0.034 0.00656545 0.01739815)
(0.034 0.017524 0.01549666)
(0.034 0.03047346 0.01472392)
(0.034 0.02658926 0.01199064)
(0.034 0.006716482 0.01495857)
(0.034 0.01228363 0.01324359)
(0.034 0.01539745 0.01294743)
(0.034 0.03462211 0.017933)
(0.034 0.009335183 0.01623163)
(0.034 0.01197933 0.01667614)
(0.034 0.01453728 0.0159857)
(0.034 0.02010714 0.0167695)
(0.034 0.02339246 0.01632223)
(0.034 0.02679267 0.01516316)
(0.034 0.02408249 0.01291666)
(0.034 0.009310916 0.01278284)
(0.038 0.001955241 0.024)
(0.038 0.003910482 0.024)
(0.038 0.005947493 0.024)
(0.038 0.008119358 0.024)
(0.038 0.0100746 0.024)
(0.038 0.01202984 0.024)
(0.038 0.01398508 0.024)
(0.038 0.01594032 0.024)
(0.038 0.01819396 0.024)
(0.038 0.0201492 0.024)
(0.038 0.02210444 0.024)
(0.038 0.02405968 0.024)
(0.038 0.02601492 0.024)
(0.038 0.02797016 0.024)
(0.038 0.03010643 0.024)
(0.038 0.03217904 0.024)
(0.038 0.03413428 0.024)
(0.038 0.03608952 0.024)
(0.038 0.03804476 0.024)
(0.038 0.00144494 0.009279462)
(0.038 0.001716174 0.01325808)
(0.038 0.001658004 0.01774628)
(0.038 0.002531001 0.007589594)
(0.038 0.00462502 0.007739602)
(0.038 0.006842638 0.007860937)
(0.038 0.008900656 0.007807011)
(0.038 0.01096561 0.007829181)
(0.038 0.01301855 0.007895405)
(0.038 0.01503959 0.007986061)
(0.038 0.0170451 0.008029751)
(0.038 0.0191557 0.007811561)
(0.038 0.02120333 0.007734508)
(0.038 0.02317244 0.007887145)
(0.038 0.02514945 0.007930027)
(0.038 0.02710992 0.007815398)
(0.038 0.02916566 0.007811091)
(0.038 0.03126029 0.007826816)
(0.038 0.03328313 0.007749147)
(0.038 0.03523553 0.007741278)
(0.038 0.03715912 0.007612944)
(0.038 0.03879197 0.007350932)
(0.038 0.03851937 0.009114964)
(0.038 0.03835247 0.01119756)
(0.038 0.03822357 0.01337449)
(0.038 0.03822213 0.01565881)
(0.038 0.03835151 0.01795577)
(0.038 0.03851047 0.02016014)
(0.038 0.002603355 0.02127171)
(0.038 0.007000908 0.02088114)
(0.038 0.01103422 0.0211527)
(0.038 0.01507265 0.0211947)
(0.038 0.01909973 0.02103035)
(0.038 0.0230479 0.02120068)
(0.038 0.02699413 0.02120348)
(0.038 0.0311722 0.02097607)
(0.038 0.0351429 0.02120732)
(0.038 0.001595326 0.01118182)
(0.038 0.001770406 0.01552843)
(0.038 0.001444309 0.01962384)
(0.038 0.01309768 0.02123352)
(0.038 0.00904658 0.0209905)
(0.038 0.004747184 0.02106347)
(0.038 0.01718193 0.02102836)
(0.038 0.02112233 0.02112087)
(0.038 0.02507188 0.02122291)
(0.038 0.02904274 0.02112618)
(0.038 0.03317908 0.02105616)
(0.038 0.03694764 0.02143041)
(0.038 0.003208987 0.009640671)
(0.038 0.003556258 0.01195449)
(0.038 0.003359064 0.01916746)
(0.038 0.003873178 0.01678799)
(0.038 0.02016319 0.01896291)
(0.038 0.005392614 0.009923842)
(0.038 0.007560745 0.01010109)
(0.038 0.00969919 0.01003639)
(0.038 0.01191525 0.0101547)
(0.038 0.01403361 0.01046043)
(0.038 0.01619389 0.01064727)
(0.038 0.01828193 0.01038303)
(0.038 0.02020658 0.009672782)
(0.038 0.02215493 0.01022624)
(0.038 0.02426981 0.01047996)
(0.038 0.02642225 0.0104329)
(0.038 0.0283387 0.009835867)
(0.038 0.03041117 0.01034763)
(0.038 0.03242336 0.00983203)
(0.038 0.03451881 0.01011594)
(0.038 0.03667966 0.009713089)
(0.038 0.03612513 0.01209408)
(0.038 0.0359811 0.01457135)
(0.038 0.03637184 0.01713824)
(0.038 0.03671858 0.01935639)
(0.038 0.01414809 0.01890628)
(0.038 0.0121921 0.0192662)
(0.038 0.02601329 0.01879031)
(0.038 0.01031138 0.01852028)
(0.038 0.008047704 0.01825958)
(0.038 0.02408233 0.01927417)
(0.038 0.01816339 0.01804695)
(0.038 0.02217777 0.01868273)
(0.038 0.03222948 0.01862724)
(0.038 0.02997045 0.01862406)
(0.038 0.005650244 0.01864923)
(0.038 0.01614698 0.01916182)
(0.038 0.003928412 0.01437037)
(0.038 0.02797971 0.0192148)
(0.038 0.03452544 0.01893004)
(0.038 0.01505319 0.01347427)
(0.038 0.02885735 0.01284527)
(0.038 0.005956756 0.01260492)
(0.038 0.03276973 0.01292353)
(0.038 0.00824817 0.012836)
(0.038 0.02077878 0.01593256)
(0.038 0.03366226 0.01618201)
(0.038 0.02767785 0.01628111)
(0.038 0.006604088 0.01565185)
(0.038 0.01051609 0.01237945)
(0.038 0.01260943 0.01315354)
(0.038 0.01786028 0.01389492)
(0.038 0.02030252 0.01240478)
(0.038 0.02293416 0.01319693)
(0.038 0.02578598 0.01332364)
(0.038 0.01272111 0.01642274)
(0.038 0.009819104 0.01559572)
(0.038 0.02419679 0.0163688)
(0.038 0.03083361 0.01580151)
(0.038 0.01574581 0.01650317)
(0.039 0.001450805 0.009282036)
(0.039 0.001653502 0.01111144)
(0.039 0.001765048 0.01324597)
(0.039 0.001836587 0.01546367)
(0.039 0.001798635 0.01771345)
(0.039 0.00161483 0.01984404)
(0.039 0.001315823 0.02165286)
(0.039 0.002036825 0.024)
(0.039 0.002655129 0.007591234)
(0.039 0.00728773 0.007840326)
(0.039 0.01140202 0.007504075)
(0.039 0.01543447 0.008008647)
(0.039 0.02008302 0.007551988)
(0.039 0.02412475 0.007826618)
(0.039 0.02821319 0.007516886)
(0.039 0.03270499 0.008057165)
(0.039 0.03722362 0.007714067)
(0.039 0.03858574 0.01140783)
(0.039 0.03828391 0.01551622)
(0.039 0.03848807 0.01986596)
(0.039 0.03875759 0.02164348)
(0.039 0.03796317 0.024)
(0.039 0.00407365 0.024)
(0.039 0.003076414 0.02133576)
(0.039 0.006250134 0.024)
(0.039 0.005103349 0.02130726)
(0.039 0.008445694 0.024)
(0.039 0.007476415 0.02131166)
(0.039 0.01048252 0.024)
(0.039 0.009584418 0.0211823)
(0.039 0.01251934 0.024)
(0.039 0.01172492 0.02110984)
(0.039 0.01455617 0.024)
(0.039 0.01388356 0.02105445)
(0.039 0.0166086 0.024)
(0.039 0.01599483 0.02097379)
(0.039 0.01913078 0.024)
(0.039 0.01821803 0.02112424)
(0.039 0.02116761 0.024)
(0.039 0.02038759 0.02129272)
(0.039 0.02320443 0.024)
(0.039 0.02242551 0.02123686)
(0.039 0.02524126 0.024)
(0.039 0.02455913 0.02113146)
(0.039 0.02727808 0.024)
(0.039 0.02661638 0.02091339)
(0.039 0.02938819 0.024)
(0.039 0.02872358 0.02081535)
(0.039 0.0318527 0.024)
(0.039 0.03095866 0.02094042)
(0.039 0.03388952 0.024)
(0.039 0.03303604 0.02140509)
(0.039 0.03592635 0.024)
(0.039 0.03511196 0.02150018)
(0.039 0.03709372 0.02134916)
(0.039 0.009455849 0.007839306)
(0.039 0.004900653 0.00772647)
(0.039 0.01329415 0.007911744)
(0.039 0.01801806 0.008373813)
(0.039 0.02203962 0.007824136)
(0.039 0.02622883 0.007727877)
(0.039 0.03028954 0.008511291)
(0.039 0.0349729 0.007714094)
(0.039 0.03820292 0.00961797)
(0.039 0.03830801 0.0133253)
(0.039 0.03832988 0.01778176)
(0.039 0.016206 0.0102643)
(0.039 0.003834403 0.01182756)
(0.039 0.004064067 0.01413811)
(0.039 0.004059165 0.01650961)
(0.039 0.003958438 0.01904659)
(0.039 0.008382791 0.0101102)
(0.039 0.02036076 0.009924649)
(0.039 0.03611633 0.01430672)
(0.039 0.01381461 0.01039668)
(0.039 0.02518035 0.009966687)
(0.039 0.01117259 0.01004583)
(0.039 0.03411396 0.01015166)
(0.039 0.03619226 0.009331858)
(0.039 0.03643033 0.01670835)
(0.039 0.00583432 0.009842989)
(0.039 0.03165837 0.01101827)
(0.039 0.03645823 0.0116342)
(0.039 0.003408028 0.009601281)
(0.039 0.02771029 0.00963849)
(0.039 0.006286912 0.01966199)
(0.039 0.008484481 0.01909671)
(0.039 0.01073366 0.01894859)
(0.039 0.01312989 0.01886054)
(0.039 0.01542337 0.01857694)
(0.039 0.01766866 0.01869709)
(0.039 0.01960545 0.01942416)
(0.039 0.02164586 0.01899624)
(0.039 0.02364928 0.01921754)
(0.039 0.0256474 0.01833299)
(0.039 0.02810022 0.01799102)
(0.039 0.03052124 0.01818494)
(0.039 0.03246728 0.01905846)
(0.039 0.0343438 0.01999285)
(0.039 0.02276279 0.01027469)
(0.039 0.0182956 0.01177211)
(0.039 0.03660119 0.01921659)
(0.039 0.02916958 0.01191557)
(0.039 0.03320655 0.01591426)
(0.039 0.02100626 0.01326641)
(0.039 0.00644054 0.01231755)
(0.039 0.03355208 0.01302598)
(0.039 0.006561922 0.01739948)
(0.039 0.01746426 0.01559119)
(0.039 0.03049023 0.01472697)
(0.039 0.02661641 0.01195501)
(0.039 0.006712222 0.0149594)
(0.039 0.01226057 0.01324456)
(0.039 0.01533495 0.01293415)
(0.039 0.0346188 0.01793518)
(0.039 0.009326723 0.01623521)
(0.039 0.01196456 0.01668292)
(0.039 0.01451139 0.01600188)
(0.039 0.02016954 0.01680736)
(0.039 0.02331702 0.01631582)
(0.039 0.02685283 0.01521594)
(0.039 0.02400274 0.01290395)
(0.039 0.009301408 0.01278214)
(-0.0002105263 -0.0002105263 0.002210526)
(-0.0005263158 -0.0005263158 0.002526316)
(-0.0002105263 -0.0002105263 0.004)
(-0.0005263158 -0.0005263158 0.004)
(-0.0002105263 0.001955241 0.002210526)
(-0.0005263158 0.001955241 0.002526316)
(-0.0002105263 0.003910482 0.002210526)
(-0.0005263158 0.003910482 0.002526316)
(-0.0002105263 0.005947493 0.002210526)
(-0.0005263158 0.005947493 0.002526316)
(-0.0002105263 0.008119358 0.002210526)
(-0.0005263158 0.008119358 0.002526316)
(-0.0002105263 0.0100746 0.002210526)
(-0.0005263158 0.0100746 0.002526316)
(-0.0002105263 0.01202984 0.002210526)
(-0.0005263158 0.01202984 0.002526316)
(-0.0002105263 0.01398508 0.002210526)
(-0.0005263158 0.01398508 0.002526316)
(-0.0002105263 0.01594032 0.002210526)
(-0.0005263158 0.01594032 0.002526316)
(-0.0002105263 0.01819396 0.002210526)
(-0.0005263158 0.01819396 0.002526316)
(-0.0002105263 0.0201492 0.002210526)
(-0.0005263158 0.0201492 0.002526316)
(-0.0002105263 0.02210444 0.002210526)
(-0.0005263158 0.02210444 0.002526316)
(-0.0002105263 0.02405968 0.002210526)
(-0.0005263158 0.02405968 0.002526316)
(-0.0002105263 0.02601492 0.002210526)
(-0.0005263158 0.02601492 0.002526316)
(-0.0002105263 0.02797016 0.002210526)
(-0.0005263158 0.02797016 0.002526316)
(-0.0002105263 0.03010643 0.002210526)
(-0.0005263158 0.03010643 0.002526316)
(-0.0002105263 0.03217904 0.002210526)
(-0.0005263158 0.03217904 0.002526316)
(-0.0002105263 0.03413428 0.002210526)
(-0.0005263158 0.03413428 0.002526316)
(-0.0002105263 0.03608952 0.002210526)
(-0.0005263158 0.03608952 0.002526316)
(-0.0002105263 0.03804476 0.002210526)
(-0.0005263158 0.03804476 0.002526316)
(-0.0002105263 0.04021053 0.002210526)
(-0.0005263158 0.04052632 0.002526316)
(-0.0002105263 0.04021053 0.004)
(-0.0005263158 0.04052632 0.004)
(-0.0002105263 0.03608952 0.004)
(-0.0005263158 0.03608952 0.004)
(-0.0002105263 0.03413428 0.004)
(-0.0005263158 0.03413428 0.004)
(-0.0002105263 0.02601492 0.004)
(-0.0005263158 0.02601492 0.004)
(-0.0002105263 0.0201492 0.004)
(-0.0005263158 0.0201492 0.004)
(-0.0002105263 0.02210444 0.004)
(-0.0005263158 0.02210444 0.004)
(-0.0002105263 0.008119358 0.004)
(-0.0005263158 0.008119358 0.004)
(-0.0002105263 0.005947493 0.004)
(-0.0005263158 0.005947493 0.004)
(-0.0002105263 0.03804476 0.004)
(-0.0005263158 0.03804476 0.004)
(-0.0002105263 0.02405968 0.004)
(-0.0005263158 0.02405968 0.004)
(-0.0002105263 0.03217904 0.004)
(-0.0005263158 0.03217904 0.004)
(-0.0002105263 0.03010643 0.004)
(-0.0005263158 0.03010643 0.004)
(-0.0002105263 0.02797016 0.004)
(-0.0005263158 0.02797016 0.004)
(-0.0002105263 0.01819396 0.004)
(-0.0005263158 0.01819396 0.004)
(-0.0002105263 0.01594032 0.004)
(-0.0005263158 0.01594032 0.004)
(-0.0002105263 0.01398508 0.004)
(-0.0005263158 0.01398508 0.004)
(-0.0002105263 0.01202984 0.004)
(-0.0005263158 0.01202984 0.004)
(-0.0002105263 0.0100746 0.004)
(-0.0005263158 0.0100746 0.004)
(-0.0002105263 0.003910482 0.004)
(-0.0005263158 0.003910482 0.004)
(-0.0002105263 0.001955241 0.004)
(-0.0005263158 0.001955241 0.004)
(0.04221053 -0.0002105263 0.002210526)
(0.04252632 -0.0005263158 0.002526316)
(0.04221053 -0.0002105263 0.004)
(0.04252632 -0.0005263158 0.004)
(0.04221053 0.001955241 0.002210526)
(0.04252632 0.001955241 0.002526316)
(0.04221053 0.003910482 0.002210526)
(0.04252632 0.003910482 0.002526316)
(0.04221053 0.005947493 0.002210526)
(0.04252632 0.005947493 0.002526316)
(0.04221053 0.008119358 0.002210526)
(0.04252632 0.008119358 0.002526316)
(0.04221053 0.0100746 0.002210526)
(0.04252632 0.0100746 0.002526316)
(0.04221053 0.01202984 0.002210526)
(0.04252632 0.01202984 0.002526316)
(0.04221053 0.01398508 0.002210526)
(0.04252632 0.01398508 0.002526316)
(0.04221053 0.01594032 0.002210526)
(0.04252632 0.01594032 0.002526316)
(0.04221053 0.01819396 0.002210526)
(0.04252632 0.01819396 0.002526316)
(0.04221053 0.0201492 0.002210526)
(0.04252632 0.0201492 0.002526316)
(0.04221053 0.02210444 0.002210526)
(0.04252632 0.02210444 0.002526316)
(0.04221053 0.02405968 0.002210526)
(0.04252632 0.02405968 0.002526316)
(0.04221053 0.02601492 0.002210526)
(0.04252632 0.02601492 0.002526316)
(0.04221053 0.02797016 0.002210526)
(0.04252632 0.02797016 0.002526316)
(0.04221053 0.03010643 0.002210526)
(0.04252632 0.03010643 0.002526316)
(0.04221053 0.03217904 0.002210526)
(0.04252632 0.03217904 0.002526316)
(0.04221053 0.03413428 0.002210526)
(0.04252632 0.03413428 0.002526316)
(0.04221053 0.03608952 0.002210526)
(0.04252632 0.03608952 0.002526316)
(0.04221053 0.03804476 0.002210526)
(0.04252632 0.03804476 0.002526316)
(0.04221053 0.04021053 0.002210526)
(0.04252632 0.04052632 0.002526316)
(0.04221053 0.04021053 0.004)
(0.04252632 0.04052632 0.004)
(0.04221053 0.03804476 0.004)
(0.04252632 0.03804476 0.004)
(0.04221053 0.03608952 0.004)
(0.04252632 0.03608952 0.004)
(0.04221053 0.03413428 0.004)
(0.04252632 0.03413428 0.004)
(0.04221053 0.02405968 0.004)
(0.04252632 0.02405968 0.004)
(0.04221053 0.02210444 0.004)
(0.04252632 0.02210444 0.004)
(0.04221053 0.0201492 0.004)
(0.04252632 0.0201492 0.004)
(0.04221053 0.005947493 0.004)
(0.04252632 0.005947493 0.004)
(0.04221053 0.008119358 0.004)
(0.04252632 0.008119358 0.004)
(0.04221053 0.0100746 0.004)
(0.04252632 0.0100746 0.004)
(0.04221053 0.03217904 0.004)
(0.04252632 0.03217904 0.004)
(0.04221053 0.03010643 0.004)
(0.04252632 0.03010643 0.004)
(0.04221053 0.02797016 0.004)
(0.04252632 0.02797016 0.004)
(0.04221053 0.02601492 0.004)
(0.04252632 0.02601492 0.004)
(0.04221053 0.01819396 0.004)
(0.04252632 0.01819396 0.004)
(0.04221053 0.01594032 0.004)
(0.04252632 0.01594032 0.004)
(0.04221053 0.01398508 0.004)
(0.04252632 0.01398508 0.004)
(0.04221053 0.01202984 0.004)
(0.04252632 0.01202984 0.004)
(0.04221053 0.001955241 0.004)
(0.04252632 0.001955241 0.004)
(0.04221053 0.003910482 0.004)
(0.04252632 0.003910482 0.004)
(0.001956771 -0.0002105263 0.002210526)
(0.001956771 -0.0005263158 0.002526316)
(0.003913542 -0.0002105263 0.002210526)
(0.003913542 -0.0005263158 0.002526316)
(0.005870313 -0.0002105263 0.002210526)
(0.005870313 -0.0005263158 0.002526316)
(0.007827085 -0.0002105263 0.002210526)
(0.007827085 -0.0005263158 0.002526316)
(0.009783856 -0.0002105263 0.002210526)
(0.009783856 -0.0005263158 0.002526316)
(0.01192479 -0.0002105263 0.002210526)
(0.01192479 -0.0005263158 0.002526316)
(0.01399464 -0.0002105263 0.002210526)
(0.01399464 -0.0005263158 0.002526316)
(0.01595142 -0.0002105263 0.002210526)
(0.01595142 -0.0005263158 0.002526316)
(0.01790819 -0.0002105263 0.002210526)
(0.01790819 -0.0005263158 0.002526316)
(0.01986496 -0.0002105263 0.002210526)
(0.01986496 -0.0005263158 0.002526316)
(0.02182173 -0.0002105263 0.002210526)
(0.02182173 -0.0005263158 0.002526316)
(0.02408378 -0.0002105263 0.002210526)
(0.02408378 -0.0005263158 0.002526316)
(0.02604055 -0.0002105263 0.002210526)
(0.02604055 -0.0005263158 0.002526316)
(0.02799732 -0.0002105263 0.002210526)
(0.02799732 -0.0005263158 0.002526316)
(0.02995409 -0.0002105263 0.002210526)
(0.02995409 -0.0005263158 0.002526316)
(0.03191086 -0.0002105263 0.002210526)
(0.03191086 -0.0005263158 0.002526316)
(0.03407001 -0.0002105263 0.002210526)
(0.03407001 -0.0005263158 0.002526316)
(0.03612969 -0.0002105263 0.002210526)
(0.03612969 -0.0005263158 0.002526316)
(0.03808646 -0.0002105263 0.002210526)
(0.03808646 -0.0005263158 0.002526316)
(0.04004323 -0.0002105263 0.002210526)
(0.04004323 -0.0005263158 0.002526316)
(0.04004323 -0.0002105263 0.004)
(0.04004323 -0.0005263158 0.004)
(0.03808646 -0.0002105263 0.004)
(0.03808646 -0.0005263158 0.004)
(0.03407001 -0.0002105263 0.004)
(0.03407001 -0.0005263158 0.004)
(0.03191086 -0.0002105263 0.004)
(0.03191086 -0.0005263158 0.004)
(0.01986496 -0.0002105263 0.004)
(0.01986496 -0.0005263158 0.004)
(0.01790819 -0.0002105263 0.004)
(0.01790819 -0.0005263158 0.004)
(0.009783856 -0.0002105263 0.004)
(0.009783856 -0.0005263158 0.004)
(0.02995409 -0.0002105263 0.004)
(0.02995409 -0.0005263158 0.004)
(0.01595142 -0.0002105263 0.004)
(0.01595142 -0.0005263158 0.004)
(0.007827085 -0.0002105263 0.004)
(0.007827085 -0.0005263158 0.004)
(0.03612969 -0.0002105263 0.004)
(0.03612969 -0.0005263158 0.004)
(0.02799732 -0.0002105263 0.004)
(0.02799732 -0.0005263158 0.004)
(0.02604055 -0.0002105263 0.004)
(0.02604055 -0.0005263158 0.004)
(0.02408378 -0.0002105263 0.004)
(0.02408378 -0.0005263158 0.004)
(0.02182173 -0.0002105263 0.004)
(0.02182173 -0.0005263158 0.004)
(0.01399464 -0.0002105263 0.004)
(0.01399464 -0.0005263158 0.004)
(0.01192479 -0.0002105263 0.004)
(0.01192479 -0.0005263158 0.004)
(0.005870313 -0.0002105263 0.004)
(0.005870313 -0.0005263158 0.004)
(0.001956771 -0.0002105263 0.004)
(0.001956771 -0.0005263158 0.004)
(0.003913542 -0.0002105263 0.004)
(0.003913542 -0.0005263158 0.004)
(0.001956771 0.04021053 0.002210526)
(0.001956771 0.04052632 0.002526316)
(0.003913542 0.04021053 0.002210526)
(0.003913542 0.04052632 0.002526316)
(0.005870313 0.04021053 0.002210526)
(0.005870313 0.04052632 0.002526316)
(0.007827085 0.04021053 0.002210526)
(0.007827085 0.04052632 0.002526316)
(0.009783856 0.04021053 0.002210526)
(0.009783856 0.04052632 0.002526316)
(0.01192479 0.04021053 0.002210526)
(0.01192479 0.04052632 0.002526316)
(0.01399464 0.04021053 0.002210526)
(0.01399464 0.04052632 0.002526316)
(0.01595142 0.04021053 0.002210526)
(0.01595142 0.04052632 0.002526316)
(0.01790819 0.04021053 0.002210526)
(0.01790819 0.04052632 0.002526316)
(0.01986496 0.04021053 0.002210526)
(0.01986496 0.04052632 0.002526316)
(0.02182173 0.04021053 0.002210526)
(0.02182173 0.04052632 0.002526316)
(0.02408378 0.04021053 0.002210526)
(0.02408378 0.04052632 0.002526316)
(0.02604055 0.04021053 0.002210526)
(0.02604055 0.04052632 0.002526316)
(0.02799732 0.04021053 0.002210526)
(0.02799732 0.04052632 0.002526316)
(0.02995409 0.04021053 0.002210526)
(0.02995409 0.04052632 0.002526316)
(0.03191086 0.04021053 0.002210526)
(0.03191086 0.04052632 0.002526316)
(0.03407001 0.04021053 0.002210526)
(0.03407001 0.04052632 0.002526316)
(0.03612969 0.04021053 0.002210526)
(0.03612969 0.04052632 0.002526316)
(0.03808646 0.04021053 0.002210526)
(0.03808646 0.04052632 0.002526316)
(0.04004323 0.04021053 0.002210526)
(0.04004323 0.04052632 0.002526316)
(0.04004323 0.04021053 0.004)
(0.04004323 0.04052632 0.004)
(0.03808646 0.04021053 0.004)
(0.03808646 0.04052632 0.004)
(0.03191086 0.04021053 0.004)
(0.03191086 0.04052632 0.004)
(0.02995409 0.04021053 0.004)
(0.02995409 0.04052632 0.004)
(0.02182173 0.04021053 0.004)
(0.02182173 0.04052632 0.004)
(0.01790819 0.04021053 0.004)
(0.01790819 0.04052632 0.004)
(0.01595142 0.04021053 0.004)
(0.01595142 0.04052632 0.004)
(0.005870313 0.04021053 0.004)
(0.005870313 0.04052632 0.004)
(0.007827085 0.04021053 0.004)
(0.007827085 0.04052632 0.004)
(0.01986496 0.04021053 0.004)
(0.01986496 0.04052632 0.004)
(0.009783856 0.04021053 0.004)
(0.009783856 0.04052632 0.004)
(0.03612969 0.04021053 0.004)
(0.03612969 0.04052632 0.004)
(0.03407001 0.04021053 0.004)
(0.03407001 0.04052632 0.004)
(0.02799732 0.04021053 0.004)
(0.02799732 0.04052632 0.004)
(0.02604055 0.04021053 0.004)
(0.02604055 0.04052632 0.004)
(0.02408378 0.04021053 0.004)
(0.02408378 0.04052632 0.004)
(0.01399464 0.04021053 0.004)
(0.01399464 0.04052632 0.004)
(0.01192479 0.04021053 0.004)
(0.01192479 0.04052632 0.004)
(0.003913542 0.04021053 0.004)
(0.003913542 0.04052632 0.004)
(0.001956771 0.04021053 0.004)
(0.001956771 0.04052632 0.004)
(-0.0002105263 -0.0002105263 0.006)
(-0.0005263158 -0.0005263158 0.006)
(-0.0002105263 0.04021053 0.006)
(-0.0005263158 0.04052632 0.006)
(-0.0002105263 0.03796317 0.006)
(-0.0005263158 0.03796317 0.006)
(-0.0002105263 0.03592635 0.006)
(-0.0005263158 0.03592635 0.006)
(-0.0002105263 0.03388952 0.006)
(-0.0005263158 0.03388952 0.006)
(-0.0002105263 0.0318527 0.006)
(-0.0005263158 0.0318527 0.006)
(-0.0002105263 0.02938819 0.006)
(-0.0005263158 0.02938819 0.006)
(-0.0002105263 0.02727808 0.006)
(-0.0005263158 0.02727808 0.006)
(-0.0002105263 0.02524126 0.006)
(-0.0005263158 0.02524126 0.006)
(-0.0002105263 0.02320443 0.006)
(-0.0005263158 0.02320443 0.006)
(-0.0002105263 0.02116761 0.006)
(-0.0005263158 0.02116761 0.006)
(-0.0002105263 0.01913078 0.006)
(-0.0005263158 0.01913078 0.006)
(-0.0002105263 0.0166086 0.006)
(-0.0005263158 0.0166086 0.006)
(-0.0002105263 0.01455617 0.006)
(-0.0005263158 0.01455617 0.006)
(-0.0002105263 0.002036825 0.006)
(-0.0005263158 0.002036825 0.006)
(-0.0002105263 0.00407365 0.006)
(-0.0005263158 0.00407365 0.006)
(-0.0002105263 0.006250134 0.006)
(-0.0005263158 0.006250134 0.006)
(-0.0002105263 0.008445694 0.006)
(-0.0005263158 0.008445694 0.006)
(-0.0002105263 0.01048252 0.006)
(-0.0005263158 0.01048252 0.006)
(-0.0002105263 0.01251934 0.006)
(-0.0005263158 0.01251934 0.006)
(0.002157895 -0.0002105263 0.006131579)
(0.002394737 -0.0005263158 0.006328947)
(0.0035 -0.0002105263 0.006210526)
(0.0035 -0.0005263158 0.006526316)
(0.004842105 -0.0002105263 0.006131579)
(0.004605263 -0.0005263158 0.006328947)
(0.007157895 -0.0002105263 0.006131579)
(0.007394737 -0.0005263158 0.006328947)
(0.0085 -0.0002105263 0.006210526)
(0.0085 -0.0005263158 0.006526316)
(0.009842105 -0.0002105263 0.006131579)
(0.009605263 -0.0005263158 0.006328947)
(0.01215789 -0.0002105263 0.006131579)
(0.01239474 -0.0005263158 0.006328947)
(0.0135 -0.0002105263 0.006210526)
(0.0135 -0.0005263158 0.006526316)
(0.01484211 -0.0002105263 0.006131579)
(0.01460526 -0.0005263158 0.006328947)
(0.01715789 -0.0002105263 0.006131579)
(0.01739474 -0.0005263158 0.006328947)
(0.0185 -0.0002105263 0.006210526)
(0.0185 -0.0005263158 0.006526316)
(0.01984211 -0.0002105263 0.006131579)
(0.01960526 -0.0005263158 0.006328947)
(0.02215789 -0.0002105263 0.006131579)
(0.02239474 -0.0005263158 0.006328947)
(0.0235 -0.0002105263 0.006210526)
(0.0235 -0.0005263158 0.006526316)
(0.02484211 -0.0002105263 0.006131579)
(0.02460526 -0.0005263158 0.006328947)
(0.02715789 -0.0002105263 0.006131579)
(0.02739474 -0.0005263158 0.006328947)
(0.0285 -0.0002105263 0.006210526)
(0.0285 -0.0005263158 0.006526316)
(0.02984211 -0.0002105263 0.006131579)
(0.02960526 -0.0005263158 0.006328947)
(0.03215789 -0.0002105263 0.006131579)
(0.03239474 -0.0005263158 0.006328947)
(0.0335 -0.0002105263 0.006210526)
(0.0335 -0.0005263158 0.006526316)
(0.03484211 -0.0002105263 0.006131579)
(0.03460526 -0.0005263158 0.006328947)
(0.03715789 -0.0002105263 0.006131579)
(0.03739474 -0.0005263158 0.006328947)
(0.0385 -0.0002105263 0.006210526)
(0.0385 -0.0005263158 0.006526316)
(0.03984211 -0.0002105263 0.006131579)
(0.03960526 -0.0005263158 0.006328947)
(0.04221053 -0.0002105263 0.006)
(0.04252632 -0.0005263158 0.006)
(-0.0002105263 0.001452823 0.009283096)
(-0.0005263158 0.001452823 0.009283096)
(-0.0002105263 0.001656368 0.01111283)
(-0.0005263158 0.001656368 0.01111283)
(-0.0002105263 0.001768347 0.01324681)
(-0.0005263158 0.001768347 0.01324681)
(-0.0002105263 0.001840187 0.01546371)
(-0.0005263158 0.001840187 0.01546371)
(-0.0002105263 0.001801863 0.01771237)
(-0.0005263158 0.001801863 0.01771237)
(-0.0002105263 0.001617003 0.01984279)
(-0.0005263158 0.001617003 0.01984279)
(-0.0002105263 0.00131683 0.02165212)
(-0.0005263158 0.00131683 0.02165212)
(-0.0002105263 0.002656937 0.007592232)
(-0.0005263158 0.002656937 0.007592232)
(-0.0002105263 0.007292759 0.007847157)
(-0.0005263158 0.007292759 0.007847157)
(-0.0002105263 0.01140486 0.007512373)
(-0.0005263158 0.01140486 0.007512373)
(-0.0002105263 0.01543219 0.00808094)
(-0.0005263158 0.01543219 0.00808094)
(-0.0002105263 0.02007857 0.007564711)
(-0.0005263158 0.02007857 0.007564711)
(-0.0002105263 0.02410414 0.007841447)
(-0.0005263158 0.02410414 0.007841447)
(-0.0002105263 0.02819521 0.00752906)
(-0.0005263158 0.02819521 0.00752906)
(-0.0002105263 0.03270531 0.008060611)
(-0.0005263158 0.03270531 0.008060611)
(-0.0002105263 0.03722301 0.007714547)
(-0.0005263158 0.03722301 0.007714547)
(-0.0002105263 0.03858525 0.01140816)
(-0.0005263158 0.03858525 0.01140816)
(-0.0002105263 0.03828495 0.01551587)
(-0.0005263158 0.03828495 0.01551587)
(-0.0002105263 0.03848971 0.01986561)
(-0.0005263158 0.03848971 0.01986561)
(-0.0002105263 0.03875798 0.02164333)
(-0.0005263158 0.03875798 0.02164333)
(-0.0002105263 0.003079062 0.02133403)
(-0.0005263158 0.003079062 0.02133403)
(-0.0002105263 0.00510858 0.02130323)
(-0.0005263158 0.00510858 0.02130323)
(-0.0002105263 0.007483609 0.02130522)
(-0.0005263158 0.007483609 0.02130522)
(-0.0002105263 0.009591853 0.0211714)
(-0.0005263158 0.009591853 0.0211714)
(-0.0002105263 0.01172909 0.0210973)
(-0.0005263158 0.01172909 0.0210973)
(-0.0002105263 0.0138846 0.02103946)
(-0.0005263158 0.0138846 0.02103946)
(-0.0002105263 0.01599418 0.02095873)
(-0.0005263158 0.01599418 0.02095873)
(-0.0002105263 0.01821708 0.02110958)
(-0.0005263158 0.01821708 0.02110958)
(-0.0002105263 0.02038568 0.02127654)
(-0.0005263158 0.02038568 0.02127654)
(-0.0002105263 0.02242209 0.02122296)
(-0.0005263158 0.02242209 0.02122296)
(-0.0002105263 0.02455531 0.02112213)
(-0.0005263158 0.02455531 0.02112213)
(-0.0002105263 0.02661306 0.02090624)
(-0.0005263158 0.02661306 0.02090624)
(-0.0002105263 0.02871909 0.02080797)
(-0.0005263158 0.02871909 0.02080797)
(-0.0002105263 0.03095525 0.02093775)
(-0.0005263158 0.03095525 0.02093775)
(-0.0002105263 0.03303517 0.02140374)
(-0.0005263158 0.03303517 0.02140374)
(-0.0002105263 0.03511282 0.02149813)
(-0.0005263158 0.03511282 0.02149813)
(-0.0002105263 0.03709495 0.02134712)
(-0.0005263158 0.03709495 0.02134712)
(-0.0002105263 0.009459615 0.007847744)
(-0.0005263158 0.009459615 0.007847744)
(-0.0002105263 0.004904108 0.007729304)
(-0.0005263158 0.004904108 0.007729304)
(-0.0002105263 0.01329621 0.007933337)
(-0.0005263158 0.01329621 0.007933337)
(-0.0002105263 0.01801592 0.008403051)
(-0.0005263158 0.01801592 0.008403051)
(-0.0002105263 0.02203235 0.007839957)
(-0.0005263158 0.02203235 0.007839957)
(-0.0002105263 0.02621373 0.007741178)
(-0.0005263158 0.02621373 0.007741178)
(-0.0002105263 0.03029528 0.008521931)
(-0.0005263158 0.03029528 0.008521931)
(-0.0002105263 0.03497228 0.00771511)
(-0.0005263158 0.03497228 0.00771511)
(-0.0002105263 0.03820205 0.009618378)
(-0.0005263158 0.03820205 0.009618378)
(-0.0002105263 0.03830796 0.0133255)
(-0.0005263158 0.03830796 0.0133255)
(-0.0002105263 0.03833175 0.01778138)
(-0.0005263158 0.03833175 0.01778138)
(-0.0002105263 0.01621088 0.01031411)
(-0.0005263158 0.01621088 0.01031411)
(-0.0002105263 0.00384337 0.0118309)
(-0.0005263158 0.00384337 0.0118309)
(-0.0002105263 0.004072749 0.01413934)
(-0.0005263158 0.004072749 0.01413934)
(-0.0002105263 0.004069356 0.01650839)
(-0.0005263158 0.004069356 0.01650839)
(-0.0002105263 0.003966698 0.01904204)
(-0.0005263158 0.003966698 0.01904204)
(-0.0002105263 0.008398747 0.01013296)
(-0.0005263158 0.008398747 0.01013296)
(-0.0002105263 0.02034547 0.009958608)
(-0.0005263158 0.02034547 0.009958608)
(-0.0002105263 0.03611654 0.01430732)
(-0.0005263158 0.03611654 0.01430732)
(-0.0002105263 0.0138084 0.01045351)
(-0.0005263158 0.0138084 0.01045351)
(-0.0002105263 0.0251622 0.01000427)
(-0.0005263158 0.0251622 0.01000427)
(-0.0002105263 0.0111808 0.01007407)
(-0.0005263158 0.0111808 0.01007407)
(-0.0002105263 0.03411108 0.01015494)
(-0.0005263158 0.03411108 0.01015494)
(-0.0002105263 0.03619067 0.009333105)
(-0.0005263158 0.03619067 0.009333105)
(-0.0002105263 0.03643411 0.01670787)
(-0.0005263158 0.03643411 0.01670787)
(-0.0002105263 0.005844057 0.00985087)
(-0.0005263158 0.005844057 0.00985087)
(-0.0002105263 0.03165177 0.01103155)
(-0.0005263158 0.03165177 0.01103155)
(-0.0002105263 0.03645649 0.0116356)
(-0.0005263158 0.03645649 0.0116356)
(-0.0002105263 0.003412761 0.009603983)
(-0.0005263158 0.003412761 0.009603983)
(-0.0002105263 0.02769332 0.009664012)
(-0.0005263158 0.02769332 0.009664012)
(-0.0002105263 0.006299207 0.01965356)
(-0.0005263158 0.006299207 0.01965356)
(-0.0002105263 0.008502741 0.01907552)
(-0.0005263158 0.008502741 0.01907552)
(-0.0002105263 0.01075048 0.0189149)
(-0.0005263158 0.01075048 0.0189149)
(-0.0002105263 0.01312967 0.01882737)
(-0.0005263158 0.01312967 0.01882737)
(-0.0002105263 0.01542249 0.01853722)
(-0.0005263158 0.01542249 0.01853722)
(-0.0002105263 0.01766435 0.01866598)
(-0.0005263158 0.01766435 0.01866598)
(-0.0002105263 0.01960114 0.01939069)
(-0.0005263158 0.01960114 0.01939069)
(-0.0002105263 0.02164028 0.01895506)
(-0.0005263158 0.02164028 0.01895506)
(-0.0002105263 0.02364484 0.01919448)
(-0.0005263158 0.02364484 0.01919448)
(-0.0002105263 0.02564069 0.01831791)
(-0.0005263158 0.02564069 0.01831791)
(-0.0002105263 0.02808657 0.01796581)
(-0.0005263158 0.02808657 0.01796581)
(-0.0002105263 0.03051284 0.01817859)
(-0.0005263158 0.03051284 0.01817859)
(-0.0002105263 0.03246319 0.01905623)
(-0.0005263158 0.03246319 0.01905623)
(-0.0002105263 0.03434354 0.01999061)
(-0.0005263158 0.03434354 0.01999061)
(-0.0002105263 0.02275086 0.01032186)
(-0.0005263158 0.02275086 0.01032186)
(-0.0002105263 0.01827619 0.01187238)
(-0.0005263158 0.01827619 0.01187238)
(-0.0002105263 0.0366049 0.01921558)
(-0.0005263158 0.0366049 0.01921558)
(-0.0002105263 0.02915007 0.01196324)
(-0.0005263158 0.02915007 0.01196324)
(-0.0002105263 0.03320411 0.01591351)
(-0.0005263158 0.03320411 0.01591351)
(-0.0002105263 0.02094422 0.01332285)
(-0.0005263158 0.02094422 0.01332285)
(-0.0002105263 0.006462797 0.0123279)
(-0.0005263158 0.006462797 0.0123279)
(-0.0002105263 0.03354707 0.01302923)
(-0.0005263158 0.03354707 0.01302923)
(-0.0002105263 0.006588145 0.01738782)
(-0.0005263158 0.006588145 0.01738782)
(-0.0002105263 0.01750783 0.01549589)
(-0.0005263158 0.01750783 0.01549589)
(-0.0002105263 0.03047305 0.0147338)
(-0.0005263158 0.03047305 0.0147338)
(-0.0002105263 0.02655661 0.01204491)
(-0.0005263158 0.02655661 0.01204491)
(-0.0002105263 0.00673004 0.01495888)
(-0.0005263158 0.00673004 0.01495888)
(-0.0002105263 0.01222985 0.0133679)
(-0.0005263158 0.01222985 0.0133679)
(-0.0002105263 0.01537385 0.01297143)
(-0.0005263158 0.01537385 0.01297143)
(-0.0002105263 0.0346215 0.01793302)
(-0.0005263158 0.0346215 0.01793302)
(-0.0002105263 0.009399646 0.01618123)
(-0.0005263158 0.009399646 0.01618123)
(-0.0002105263 0.01198037 0.01659297)
(-0.0005263158 0.01198037 0.01659297)
(-0.0002105263 0.0144727 0.01597585)
(-0.0005263158 0.0144727 0.01597585)
(-0.0002105263 0.02013843 0.01673741)
(-0.0005263158 0.02013843 0.01673741)
(-0.0002105263 0.02333414 0.01626692)
(-0.0005263158 0.02333414 0.01626692)
(-0.0002105263 0.02677777 0.01517458)
(-0.0005263158 0.02677777 0.01517458)
(-0.0002105263 0.02403339 0.01297128)
(-0.0005263158 0.02403339 0.01297128)
(-0.0002105263 0.009350518 0.01284183)
(-0.0005263158 0.009350518 0.01284183)
(-0.0002105263 -0.0002105263 0.008087199)
(-0.0005263158 -0.0005263158 0.008087199)
(-0.0002105263 -0.0002105263 0.0101744)
(-0.0005263158 -0.0005263158 0.0101744)
(-0.0002105263 -0.0002105263 0.0122616)
(-0.0005263158 -0.0005263158 0.0122616)
(-0.0002105263 -0.0002105263 0.01434879)
(-0.0005263158 -0.0005263158 0.01434879)
(-0.0002105263 -0.0002105263 0.0167384)
(-0.0005263158 -0.0005263158 0.0167384)
(-0.0002105263 -0.0002105263 0.0188256)
(-0.0005263158 -0.0005263158 0.0188256)
(-0.0002105263 -0.0002105263 0.0209128)
(-0.0005263158 -0.0005263158 0.0209128)
(-0.0002105263 -0.0002105263 0.02321053)
(-0.0005263158 -0.0005263158 0.02352632)
(-0.0002105263 0.04021053 0.008087199)
(-0.0005263158 0.04052632 0.008087199)
(-0.0002105263 0.04021053 0.0101744)
(-0.0005263158 0.04052632 0.0101744)
(-0.0002105263 0.04021053 0.0122616)
(-0.0005263158 0.04052632 0.0122616)
(-0.0002105263 0.04021053 0.01434879)
(-0.0005263158 0.04052632 0.01434879)
(-0.0002105263 0.04021053 0.0167384)
(-0.0005263158 0.04052632 0.0167384)
(-0.0002105263 0.04021053 0.0188256)
(-0.0005263158 0.04052632 0.0188256)
(-0.0002105263 0.04021053 0.0209128)
(-0.0005263158 0.04052632 0.0209128)
(-0.0002105263 0.04021053 0.02321053)
(-0.0005263158 0.04052632 0.02352632)
(-0.0002105263 0.002036825 0.02321053)
(-0.0005263158 0.002036825 0.02352632)
(-0.0002105263 0.03796317 0.02321053)
(-0.0005263158 0.03796317 0.02352632)
(-0.0002105263 0.00407365 0.02321053)
(-0.0005263158 0.00407365 0.02352632)
(-0.0002105263 0.006250134 0.02321053)
(-0.0005263158 0.006250134 0.02352632)
(-0.0002105263 0.008445694 0.02321053)
(-0.0005263158 0.008445694 0.02352632)
(-0.0002105263 0.01048252 0.02321053)
(-0.0005263158 0.01048252 0.02352632)
(-0.0002105263 0.01251934 0.02321053)
(-0.0005263158 0.01251934 0.02352632)
(-0.0002105263 0.01455617 0.02321053)
(-0.0005263158 0.01455617 0.02352632)
(-0.0002105263 0.0166086 0.02321053)
(-0.0005263158 0.0166086 0.02352632)
(-0.0002105263 0.01913078 0.02321053)
(-0.0005263158 0.01913078 0.02352632)
(-0.0002105263 0.02116761 0.02321053)
(-0.0005263158 0.02116761 0.02352632)
(-0.0002105263 0.02320443 0.02321053)
(-0.0005263158 0.02320443 0.02352632)
(-0.0002105263 0.02524126 0.02321053)
(-0.0005263158 0.02524126 0.02352632)
(-0.0002105263 0.02727808 0.02321053)
(-0.0005263158 0.02727808 0.02352632)
(-0.0002105263 0.02938819 0.02321053)
(-0.0005263158 0.02938819 0.02352632)
(-0.0002105263 0.0318527 0.02321053)
(-0.0005263158 0.0318527 0.02352632)
(-0.0002105263 0.03388952 0.02321053)
(-0.0005263158 0.03388952 0.02352632)
(-0.0002105263 0.03592635 0.02321053)
(-0.0005263158 0.03592635 0.02352632)
(0.002157895 0.04021053 0.006131579)
(0.002394737 0.04052632 0.006328947)
(0.0035 0.04021053 0.006210526)
(0.0035 0.04052632 0.006526316)
(0.004842105 0.04021053 0.006131579)
(0.004605263 0.04052632 0.006328947)
(0.007157895 0.04021053 0.006131579)
(0.007394737 0.04052632 0.006328947)
(0.0085 0.04021053 0.006210526)
(0.0085 0.04052632 0.006526316)
(0.009842105 0.04021053 0.006131579)
(0.009605263 0.04052632 0.006328947)
(0.01215789 0.04021053 0.006131579)
(0.01239474 0.04052632 0.006328947)
(0.0135 0.04021053 0.006210526)
(0.0135 0.04052632 0.006526316)
(0.01484211 0.04021053 0.006131579)
(0.01460526 0.04052632 0.006328947)
(0.01715789 0.04021053 0.006131579)
(0.01739474 0.04052632 0.006328947)
(0.0185 0.04021053 0.006210526)
(0.0185 0.04052632 0.006526316)
(0.01984211 0.04021053 0.006131579)
(0.01960526 0.04052632 0.006328947)
(0.02215789 0.04021053 0.006131579)
(0.02239474 0.04052632 0.006328947)
(0.0235 0.04021053 0.006210526)
(0.0235 0.04052632 0.006526316)
(0.02484211 0.04021053 0.006131579)
(0.02460526 0.04052632 0.006328947)
(0.02715789 0.04021053 0.006131579)
(0.02739474 0.04052632 0.006328947)
(0.0285 0.04021053 0.006210526)
(0.0285 0.04052632 0.006526316)
(0.02984211 0.04021053 0.006131579)
(0.02960526 0.04052632 0.006328947)
(0.03215789 0.04021053 0.006131579)
(0.03239474 0.04052632 0.006328947)
(0.0335 0.04021053 0.006210526)
(0.0335 0.04052632 0.006526316)
(0.03484211 0.04021053 0.006131579)
(0.03460526 0.04052632 0.006328947)
(0.03715789 0.04021053 0.006131579)
(0.03739474 0.04052632 0.006328947)
(0.0385 0.04021053 0.006210526)
(0.0385 0.04052632 0.006526316)
(0.03984211 0.04021053 0.006131579)
(0.03960526 0.04052632 0.006328947)
(0.04221053 0.04021053 0.006)
(0.04252632 0.04052632 0.006)
(0.04221053 0.001955241 0.006)
(0.04252632 0.001955241 0.006)
(0.04221053 0.003910482 0.006)
(0.04252632 0.003910482 0.006)
(0.04221053 0.005947493 0.006)
(0.04252632 0.005947493 0.006)
(0.04221053 0.008119358 0.006)
(0.04252632 0.008119358 0.006)
(0.04221053 0.0100746 0.006)
(0.04252632 0.0100746 0.006)
(0.04221053 0.01202984 0.006)
(0.04252632 0.01202984 0.006)
(0.04221053 0.01398508 0.006)
(0.04252632 0.01398508 0.006)
(0.04221053 0.01594032 0.006)
(0.04252632 0.01594032 0.006)
(0.04221053 0.01819396 0.006)
(0.04252632 0.01819396 0.006)
(0.04221053 0.0201492 0.006)
(0.04252632 0.0201492 0.006)
(0.04221053 0.02210444 0.006)
(0.04252632 0.02210444 0.006)
(0.04221053 0.02405968 0.006)
(0.04252632 0.02405968 0.006)
(0.04221053 0.02601492 0.006)
(0.04252632 0.02601492 0.006)
(0.04221053 0.02797016 0.006)
(0.04252632 0.02797016 0.006)
(0.04221053 0.03010643 0.006)
(0.04252632 0.03010643 0.006)
(0.04221053 0.03217904 0.006)
(0.04252632 0.03217904 0.006)
(0.04221053 0.03413428 0.006)
(0.04252632 0.03413428 0.006)
(0.04221053 0.03608952 0.006)
(0.04252632 0.03608952 0.006)
(0.04221053 0.03804476 0.006)
(0.04252632 0.03804476 0.006)
(0.002210526 -0.0002105263 0.02321053)
(0.002526316 -0.0005263158 0.02352632)
(0.002210526 -0.0002105263 0.008087199)
(0.002526316 -0.0005263158 0.008087199)
(0.002210526 -0.0002105263 0.0101744)
(0.002526316 -0.0005263158 0.0101744)
(0.002210526 -0.0002105263 0.0122616)
(0.002526316 -0.0005263158 0.0122616)
(0.002210526 -0.0002105263 0.01434879)
(0.002526316 -0.0005263158 0.01434879)
(0.002210526 -0.0002105263 0.0167384)
(0.002526316 -0.0005263158 0.0167384)
(0.002210526 -0.0002105263 0.0188256)
(0.002526316 -0.0005263158 0.0188256)
(0.002210526 -0.0002105263 0.0209128)
(0.002526316 -0.0005263158 0.0209128)
(0.003439148 0.002442566 0.006210526)
(0.003439148 0.002442566 0.006526316)
(0.002210526 0.001955241 0.006210526)
(0.002526316 0.001955241 0.006526316)
(0.002210526 0.003910482 0.006210526)
(0.002526316 0.003910482 0.006526316)
(0.002210526 0.005947493 0.006210526)
(0.002526316 0.005947493 0.006526316)
(0.002210526 0.008119358 0.006210526)
(0.002526316 0.008119358 0.006526316)
(0.002210526 0.0100746 0.006210526)
(0.002526316 0.0100746 0.006526316)
(0.002210526 0.01398508 0.006210526)
(0.002526316 0.01398508 0.006526316)
(0.002210526 0.01202984 0.006210526)
(0.002526316 0.01202984 0.006526316)
(0.002210526 0.01594032 0.006210526)
(0.002526316 0.01594032 0.006526316)
(0.002210526 0.01819396 0.006210526)
(0.002526316 0.01819396 0.006526316)
(0.002210526 0.0201492 0.006210526)
(0.002526316 0.0201492 0.006526316)
(0.002210526 0.02210444 0.006210526)
(0.002526316 0.02210444 0.006526316)
(0.002210526 0.02601492 0.006210526)
(0.002526316 0.02601492 0.006526316)
(0.002210526 0.02405968 0.006210526)
(0.002526316 0.02405968 0.006526316)
(0.002210526 0.02797016 0.006210526)
(0.002526316 0.02797016 0.006526316)
(0.002210526 0.03010643 0.006210526)
(0.002526316 0.03010643 0.006526316)
(0.002210526 0.03217904 0.006210526)
(0.002526316 0.03217904 0.006526316)
(0.002210526 0.03413428 0.006210526)
(0.002526316 0.03413428 0.006526316)
(0.002210526 0.03608952 0.006210526)
(0.002526316 0.03608952 0.006526316)
(0.002210526 0.03804476 0.006210526)
(0.002526316 0.03804476 0.006526316)
(0.004789474 0.003910482 0.006210526)
(0.004473684 0.003910482 0.006526316)
(0.004789474 0.008119358 0.006210526)
(0.004473684 0.008119358 0.006526316)
(0.004789474 0.005947493 0.006210526)
(0.004473684 0.005947493 0.006526316)
(0.004789474 0.0100746 0.006210526)
(0.004473684 0.0100746 0.006526316)
(0.004789474 0.01202984 0.006210526)
(0.004473684 0.01202984 0.006526316)
(0.004789474 0.01398508 0.006210526)
(0.004473684 0.01398508 0.006526316)
(0.004789474 0.01594032 0.006210526)
(0.004473684 0.01594032 0.006526316)
(0.004789474 0.01819396 0.006210526)
(0.004473684 0.01819396 0.006526316)
(0.004789474 0.0201492 0.006210526)
(0.004473684 0.0201492 0.006526316)
(0.004789474 0.02210444 0.006210526)
(0.004473684 0.02210444 0.006526316)
(0.004789474 0.02405968 0.006210526)
(0.004473684 0.02405968 0.006526316)
(0.004789474 0.02601492 0.006210526)
(0.004473684 0.02601492 0.006526316)
(0.004789474 0.02797016 0.006210526)
(0.004473684 0.02797016 0.006526316)
(0.004789474 0.03217904 0.006210526)
(0.004473684 0.03217904 0.006526316)
(0.004789474 0.03413428 0.006210526)
(0.004473684 0.03413428 0.006526316)
(0.004789474 0.03804476 0.006210526)
(0.004473684 0.03804476 0.006526316)
(0.004789474 0.001955241 0.006210526)
(0.004473684 0.001955241 0.006526316)
(0.004789474 0.03010643 0.006210526)
(0.004473684 0.03010643 0.006526316)
(0.004789474 0.03608952 0.006210526)
(0.004473684 0.03608952 0.006526316)
(0.004789474 -0.0002105263 0.008087199)
(0.004473684 -0.0005263158 0.008087199)
(0.004789474 -0.0002105263 0.0101744)
(0.004473684 -0.0005263158 0.0101744)
(0.004789474 -0.0002105263 0.0122616)
(0.004473684 -0.0005263158 0.0122616)
(0.004789474 -0.0002105263 0.01434879)
(0.004473684 -0.0005263158 0.01434879)
(0.004789474 -0.0002105263 0.0167384)
(0.004473684 -0.0005263158 0.0167384)
(0.004789474 -0.0002105263 0.0188256)
(0.004473684 -0.0005263158 0.0188256)
(0.004789474 -0.0002105263 0.0209128)
(0.004473684 -0.0005263158 0.0209128)
(0.004789474 -0.0002105263 0.02321053)
(0.004473684 -0.0005263158 0.02352632)
(0.007210526 -0.0002105263 0.02321053)
(0.007526316 -0.0005263158 0.02352632)
(0.007210526 -0.0002105263 0.008087199)
(0.007526316 -0.0005263158 0.008087199)
(0.007210526 -0.0002105263 0.0101744)
(0.007526316 -0.0005263158 0.0101744)
(0.007210526 -0.0002105263 0.0122616)
(0.007526316 -0.0005263158 0.0122616)
(0.007210526 -0.0002105263 0.01434879)
(0.007526316 -0.0005263158 0.01434879)
(0.007210526 -0.0002105263 0.0167384)
(0.007526316 -0.0005263158 0.0167384)
(0.007210526 -0.0002105263 0.0188256)
(0.007526316 -0.0005263158 0.0188256)
(0.007210526 -0.0002105263 0.0209128)
(0.007526316 -0.0005263158 0.0209128)
(0.008495087 0.002573076 0.006210526)
(0.008495087 0.002573076 0.006526316)
(0.007210526 0.001955241 0.006210526)
(0.007526316 0.001955241 0.006526316)
(0.007210526 0.003910482 0.006210526)
(0.007526316 0.003910482 0.006526316)
(0.007210526 0.005947493 0.006210526)
(0.007526316 0.005947493 0.006526316)
(0.007210526 0.008119358 0.006210526)
(0.007526316 0.008119358 0.006526316)
(0.007210526 0.0100746 0.006210526)
(0.007526316 0.0100746 0.006526316)
(0.007210526 0.01202984 0.006210526)
(0.007526316 0.01202984 0.006526316)
(0.007210526 0.01398508 0.006210526)
(0.007526316 0.01398508 0.006526316)
(0.007210526 0.01594032 0.006210526)
(0.007526316 0.01594032 0.006526316)
(0.007210526 0.01819396 0.006210526)
(0.007526316 0.01819396 0.006526316)
(0.007210526 0.0201492 0.006210526)
(0.007526316 0.0201492 0.006526316)
(0.007210526 0.02210444 0.006210526)
(0.007526316 0.02210444 0.006526316)
(0.007210526 0.02405968 0.006210526)
(0.007526316 0.02405968 0.006526316)
(0.007210526 0.02601492 0.006210526)
(0.007526316 0.02601492 0.006526316)
(0.007210526 0.02797016 0.006210526)
(0.007526316 0.02797016 0.006526316)
(0.007210526 0.03010643 0.006210526)
(0.007526316 0.03010643 0.006526316)
(0.007210526 0.03217904 0.006210526)
(0.007526316 0.03217904 0.006526316)
(0.007210526 0.03413428 0.006210526)
(0.007526316 0.03413428 0.006526316)
(0.007210526 0.03608952 0.006210526)
(0.007526316 0.03608952 0.006526316)
(0.007210526 0.03804476 0.006210526)
(0.007526316 0.03804476 0.006526316)
(0.009789474 0.00407365 0.006210526)
(0.009473684 0.00407365 0.006526316)
(0.009789474 0.006250134 0.006210526)
(0.009473684 0.006250134 0.006526316)
(0.009789474 0.008445694 0.006210526)
(0.009473684 0.008445694 0.006526316)
(0.009789474 0.01048252 0.006210526)
(0.009473684 0.01048252 0.006526316)
(0.009789474 0.01251934 0.006210526)
(0.009473684 0.01251934 0.006526316)
(0.009789474 0.01455617 0.006210526)
(0.009473684 0.01455617 0.006526316)
(0.009789474 0.0166086 0.006210526)
(0.009473684 0.0166086 0.006526316)
(0.009789474 0.01913078 0.006210526)
(0.009473684 0.01913078 0.006526316)
(0.009789474 0.02116761 0.006210526)
(0.009473684 0.02116761 0.006526316)
(0.009789474 0.02320443 0.006210526)
(0.009473684 0.02320443 0.006526316)
(0.009789474 0.02524126 0.006210526)
(0.009473684 0.02524126 0.006526316)
(0.009789474 0.02727808 0.006210526)
(0.009473684 0.02727808 0.006526316)
(0.009789474 0.02938819 0.006210526)
(0.009473684 0.02938819 0.006526316)
(0.009789474 0.0318527 0.006210526)
(0.009473684 0.0318527 0.006526316)
(0.009789474 0.03388952 0.006210526)
(0.009473684 0.03388952 0.006526316)
(0.009789474 0.03592635 0.006210526)
(0.009473684 0.03592635 0.006526316)
(0.009789474 0.03796317 0.006210526)
(0.009473684 0.03796317 0.006526316)
(0.009789474 0.002036825 0.006210526)
(0.009473684 0.002036825 0.006526316)
(0.009789474 -0.0002105263 0.008087199)
(0.009473684 -0.0005263158 0.008087199)
(0.009789474 -0.0002105263 0.0101744)
(0.009473684 -0.0005263158 0.0101744)
(0.009789474 -0.0002105263 0.0122616)
(0.009473684 -0.0005263158 0.0122616)
(0.009789474 -0.0002105263 0.01434879)
(0.009473684 -0.0005263158 0.01434879)
(0.009789474 -0.0002105263 0.0167384)
(0.009473684 -0.0005263158 0.0167384)
(0.009789474 -0.0002105263 0.0188256)
(0.009473684 -0.0005263158 0.0188256)
(0.009789474 -0.0002105263 0.0209128)
(0.009473684 -0.0005263158 0.0209128)
(0.009789474 -0.0002105263 0.02321053)
(0.009473684 -0.0005263158 0.02352632)
(0.01221053 -0.0002105263 0.02321053)
(0.01252632 -0.0005263158 0.02352632)
(0.01221053 -0.0002105263 0.008087199)
(0.01252632 -0.0005263158 0.008087199)
(0.01221053 -0.0002105263 0.0101744)
(0.01252632 -0.0005263158 0.0101744)
(0.01221053 -0.0002105263 0.0122616)
(0.01252632 -0.0005263158 0.0122616)
(0.01221053 -0.0002105263 0.01434879)
(0.01252632 -0.0005263158 0.01434879)
(0.01221053 -0.0002105263 0.0167384)
(0.01252632 -0.0005263158 0.0167384)
(0.01221053 -0.0002105263 0.0188256)
(0.01252632 -0.0005263158 0.0188256)
(0.01221053 -0.0002105263 0.0209128)
(0.01252632 -0.0005263158 0.0209128)
(0.0135 0.00246934 0.006210526)
(0.0135 0.00246934 0.006526316)
(0.01221053 0.001955241 0.006210526)
(0.01252632 0.001955241 0.006526316)
(0.01221053 0.003910482 0.006210526)
(0.01252632 0.003910482 0.006526316)
(0.01221053 0.005947493 0.006210526)
(0.01252632 0.005947493 0.006526316)
(0.01221053 0.008119358 0.006210526)
(0.01252632 0.008119358 0.006526316)
(0.01221053 0.0100746 0.006210526)
(0.01252632 0.0100746 0.006526316)
(0.01221053 0.01398508 0.006210526)
(0.01252632 0.01398508 0.006526316)
(0.01221053 0.01202984 0.006210526)
(0.01252632 0.01202984 0.006526316)
(0.01221053 0.01594032 0.006210526)
(0.01252632 0.01594032 0.006526316)
(0.01221053 0.01819396 0.006210526)
(0.01252632 0.01819396 0.006526316)
(0.01221053 0.0201492 0.006210526)
(0.01252632 0.0201492 0.006526316)
(0.01221053 0.02210444 0.006210526)
(0.01252632 0.02210444 0.006526316)
(0.01221053 0.02601492 0.006210526)
(0.01252632 0.02601492 0.006526316)
(0.01221053 0.02405968 0.006210526)
(0.01252632 0.02405968 0.006526316)
(0.01221053 0.02797016 0.006210526)
(0.01252632 0.02797016 0.006526316)
(0.01221053 0.03010643 0.006210526)
(0.01252632 0.03010643 0.006526316)
(0.01221053 0.03217904 0.006210526)
(0.01252632 0.03217904 0.006526316)
(0.01221053 0.03413428 0.006210526)
(0.01252632 0.03413428 0.006526316)
(0.01221053 0.03608952 0.006210526)
(0.01252632 0.03608952 0.006526316)
(0.01221053 0.03804476 0.006210526)
(0.01252632 0.03804476 0.006526316)
(0.01478947 0.003910482 0.006210526)
(0.01447368 0.003910482 0.006526316)
(0.01478947 0.008119358 0.006210526)
(0.01447368 0.008119358 0.006526316)
(0.01478947 0.005947493 0.006210526)
(0.01447368 0.005947493 0.006526316)
(0.01478947 0.0100746 0.006210526)
(0.01447368 0.0100746 0.006526316)
(0.01478947 0.01202984 0.006210526)
(0.01447368 0.01202984 0.006526316)
(0.01478947 0.01398508 0.006210526)
(0.01447368 0.01398508 0.006526316)
(0.01478947 0.01594032 0.006210526)
(0.01447368 0.01594032 0.006526316)
(0.01478947 0.01819396 0.006210526)
(0.01447368 0.01819396 0.006526316)
(0.01478947 0.0201492 0.006210526)
(0.01447368 0.0201492 0.006526316)
(0.01478947 0.02210444 0.006210526)
(0.01447368 0.02210444 0.006526316)
(0.01478947 0.02405968 0.006210526)
(0.01447368 0.02405968 0.006526316)
(0.01478947 0.02601492 0.006210526)
(0.01447368 0.02601492 0.006526316)
(0.01478947 0.02797016 0.006210526)
(0.01447368 0.02797016 0.006526316)
(0.01478947 0.03217904 0.006210526)
(0.01447368 0.03217904 0.006526316)
(0.01478947 0.03413428 0.006210526)
(0.01447368 0.03413428 0.006526316)
(0.01478947 0.03804476 0.006210526)
(0.01447368 0.03804476 0.006526316)
(0.01478947 0.001955241 0.006210526)
(0.01447368 0.001955241 0.006526316)
(0.01478947 0.03010643 0.006210526)
(0.01447368 0.03010643 0.006526316)
(0.01478947 0.03608952 0.006210526)
(0.01447368 0.03608952 0.006526316)
(0.01478947 -0.0002105263 0.008087199)
(0.01447368 -0.0005263158 0.008087199)
(0.01478947 -0.0002105263 0.0101744)
(0.01447368 -0.0005263158 0.0101744)
(0.01478947 -0.0002105263 0.0122616)
(0.01447368 -0.0005263158 0.0122616)
(0.01478947 -0.0002105263 0.01434879)
(0.01447368 -0.0005263158 0.01434879)
(0.01478947 -0.0002105263 0.0167384)
(0.01447368 -0.0005263158 0.0167384)
(0.01478947 -0.0002105263 0.0188256)
(0.01447368 -0.0005263158 0.0188256)
(0.01478947 -0.0002105263 0.0209128)
(0.01447368 -0.0005263158 0.0209128)
(0.01478947 -0.0002105263 0.02321053)
(0.01447368 -0.0005263158 0.02352632)
(0.01721053 -0.0002105263 0.02321053)
(0.01752632 -0.0005263158 0.02352632)
(0.01721053 -0.0002105263 0.008087199)
(0.01752632 -0.0005263158 0.008087199)
(0.01721053 -0.0002105263 0.0101744)
(0.01752632 -0.0005263158 0.0101744)
(0.01721053 -0.0002105263 0.0122616)
(0.01752632 -0.0005263158 0.0122616)
(0.01721053 -0.0002105263 0.01434879)
(0.01752632 -0.0005263158 0.01434879)
(0.01721053 -0.0002105263 0.0167384)
(0.01752632 -0.0005263158 0.0167384)
(0.01721053 -0.0002105263 0.0188256)
(0.01752632 -0.0005263158 0.0188256)
(0.01721053 -0.0002105263 0.0209128)
(0.01752632 -0.0005263158 0.0209128)
(0.01857835 0.002525309 0.006210526)
(0.01857835 0.002525309 0.006526316)
(0.01721053 0.001955241 0.006210526)
(0.01752632 0.001955241 0.006526316)
(0.01721053 0.003910482 0.006210526)
(0.01752632 0.003910482 0.006526316)
(0.01721053 0.005947493 0.006210526)
(0.01752632 0.005947493 0.006526316)
(0.01721053 0.008119358 0.006210526)
(0.01752632 0.008119358 0.006526316)
(0.01721053 0.0100746 0.006210526)
(0.01752632 0.0100746 0.006526316)
(0.01721053 0.01202984 0.006210526)
(0.01752632 0.01202984 0.006526316)
(0.01721053 0.01398508 0.006210526)
(0.01752632 0.01398508 0.006526316)
(0.01721053 0.01594032 0.006210526)
(0.01752632 0.01594032 0.006526316)
(0.01721053 0.01819396 0.006210526)
(0.01752632 0.01819396 0.006526316)
(0.01721053 0.0201492 0.006210526)
(0.01752632 0.0201492 0.006526316)
(0.01721053 0.02210444 0.006210526)
(0.01752632 0.02210444 0.006526316)
(0.01721053 0.02405968 0.006210526)
(0.01752632 0.02405968 0.006526316)
(0.01721053 0.02601492 0.006210526)
(0.01752632 0.02601492 0.006526316)
(0.01721053 0.02797016 0.006210526)
(0.01752632 0.02797016 0.006526316)
(0.01721053 0.03010643 0.006210526)
(0.01752632 0.03010643 0.006526316)
(0.01721053 0.03217904 0.006210526)
(0.01752632 0.03217904 0.006526316)
(0.01721053 0.03413428 0.006210526)
(0.01752632 0.03413428 0.006526316)
(0.01721053 0.03608952 0.006210526)
(0.01752632 0.03608952 0.006526316)
(0.01721053 0.03804476 0.006210526)
(0.01752632 0.03804476 0.006526316)
(0.01978947 0.00407365 0.006210526)
(0.01947368 0.00407365 0.006526316)
(0.01978947 0.006250134 0.006210526)
(0.01947368 0.006250134 0.006526316)
(0.01978947 0.008445694 0.006210526)
(0.01947368 0.008445694 0.006526316)
(0.01978947 0.01048252 0.006210526)
(0.01947368 0.01048252 0.006526316)
(0.01978947 0.01251934 0.006210526)
(0.01947368 0.01251934 0.006526316)
(0.01978947 0.01455617 0.006210526)
(0.01947368 0.01455617 0.006526316)
(0.01978947 0.0166086 0.006210526)
(0.01947368 0.0166086 0.006526316)
(0.01978947 0.01913078 0.006210526)
(0.01947368 0.01913078 0.006526316)
(0.01978947 0.02116761 0.006210526)
(0.01947368 0.02116761 0.006526316)
(0.01978947 0.02320443 0.006210526)
(0.01947368 0.02320443 0.006526316)
(0.01978947 0.02524126 0.006210526)
(0.01947368 0.02524126 0.006526316)
(0.01978947 0.02727808 0.006210526)
(0.01947368 0.02727808 0.006526316)
(0.01978947 0.02938819 0.006210526)
(0.01947368 0.02938819 0.006526316)
(0.01978947 0.0318527 0.006210526)
(0.01947368 0.0318527 0.006526316)
(0.01978947 0.03388952 0.006210526)
(0.01947368 0.03388952 0.006526316)
(0.01978947 0.03592635 0.006210526)
(0.01947368 0.03592635 0.006526316)
(0.01978947 0.03796317 0.006210526)
(0.01947368 0.03796317 0.006526316)
(0.01978947 0.002036825 0.006210526)
(0.01947368 0.002036825 0.006526316)
(0.01978947 -0.0002105263 0.008087199)
(0.01947368 -0.0005263158 0.008087199)
(0.01978947 -0.0002105263 0.0101744)
(0.01947368 -0.0005263158 0.0101744)
(0.01978947 -0.0002105263 0.0122616)
(0.01947368 -0.0005263158 0.0122616)
(0.01978947 -0.0002105263 0.01434879)
(0.01947368 -0.0005263158 0.01434879)
(0.01978947 -0.0002105263 0.0167384)
(0.01947368 -0.0005263158 0.0167384)
(0.01978947 -0.0002105263 0.0188256)
(0.01947368 -0.0005263158 0.0188256)
(0.01978947 -0.0002105263 0.0209128)
(0.01947368 -0.0005263158 0.0209128)
(0.01978947 -0.0002105263 0.02321053)
(0.01947368 -0.0005263158 0.02352632)
(0.02221053 -0.0002105263 0.02321053)
(0.02252632 -0.0005263158 0.02352632)
(0.02221053 -0.0002105263 0.008087199)
(0.02252632 -0.0005263158 0.008087199)
(0.02221053 -0.0002105263 0.0101744)
(0.02252632 -0.0005263158 0.0101744)
(0.02221053 -0.0002105263 0.0122616)
(0.02252632 -0.0005263158 0.0122616)
(0.02221053 -0.0002105263 0.01434879)
(0.02252632 -0.0005263158 0.01434879)
(0.02221053 -0.0002105263 0.0167384)
(0.02252632 -0.0005263158 0.0167384)
(0.02221053 -0.0002105263 0.0188256)
(0.02252632 -0.0005263158 0.0188256)
(0.02221053 -0.0002105263 0.0209128)
(0.02252632 -0.0005263158 0.0209128)
(0.02356085 0.002442566 0.006210526)
(0.02356085 0.002442566 0.006526316)
(0.02221053 0.001955241 0.006210526)
(0.02252632 0.001955241 0.006526316)
(0.02221053 0.003910482 0.006210526)
(0.02252632 0.003910482 0.006526316)
(0.02221053 0.005947493 0.006210526)
(0.02252632 0.005947493 0.006526316)
(0.02221053 0.008119358 0.006210526)
(0.02252632 0.008119358 0.006526316)
(0.02221053 0.0100746 0.006210526)
(0.02252632 0.0100746 0.006526316)
(0.02221053 0.01398508 0.006210526)
(0.02252632 0.01398508 0.006526316)
(0.02221053 0.01202984 0.006210526)
(0.02252632 0.01202984 0.006526316)
(0.02221053 0.01594032 0.006210526)
(0.02252632 0.01594032 0.006526316)
(0.02221053 0.01819396 0.006210526)
(0.02252632 0.01819396 0.006526316)
(0.02221053 0.0201492 0.006210526)
(0.02252632 0.0201492 0.006526316)
(0.02221053 0.02210444 0.006210526)
(0.02252632 0.02210444 0.006526316)
(0.02221053 0.02601492 0.006210526)
(0.02252632 0.02601492 0.006526316)
(0.02221053 0.02405968 0.006210526)
(0.02252632 0.02405968 0.006526316)
(0.02221053 0.02797016 0.006210526)
(0.02252632 0.02797016 0.006526316)
(0.02221053 0.03010643 0.006210526)
(0.02252632 0.03010643 0.006526316)
(0.02221053 0.03217904 0.006210526)
(0.02252632 0.03217904 0.006526316)
(0.02221053 0.03413428 0.006210526)
(0.02252632 0.03413428 0.006526316)
(0.02221053 0.03608952 0.006210526)
(0.02252632 0.03608952 0.006526316)
(0.02221053 0.03804476 0.006210526)
(0.02252632 0.03804476 0.006526316)
(0.02478947 0.003910482 0.006210526)
(0.02447368 0.003910482 0.006526316)
(0.02478947 0.008119358 0.006210526)
(0.02447368 0.008119358 0.006526316)
(0.02478947 0.005947493 0.006210526)
(0.02447368 0.005947493 0.006526316)
(0.02478947 0.0100746 0.006210526)
(0.02447368 0.0100746 0.006526316)
(0.02478947 0.01202984 0.006210526)
(0.02447368 0.01202984 0.006526316)
(0.02478947 0.01398508 0.006210526)
(0.02447368 0.01398508 0.006526316)
(0.02478947 0.01594032 0.006210526)
(0.02447368 0.01594032 0.006526316)
(0.02478947 0.01819396 0.006210526)
(0.02447368 0.01819396 0.006526316)
(0.02478947 0.0201492 0.006210526)
(0.02447368 0.0201492 0.006526316)
(0.02478947 0.02210444 0.006210526)
(0.02447368 0.02210444 0.006526316)
(0.02478947 0.02405968 0.006210526)
(0.02447368 0.02405968 0.006526316)
(0.02478947 0.02601492 0.006210526)
(0.02447368 0.02601492 0.006526316)
(0.02478947 0.02797016 0.006210526)
(0.02447368 0.02797016 0.006526316)
(0.02478947 0.03217904 0.006210526)
(0.02447368 0.03217904 0.006526316)
(0.02478947 0.03413428 0.006210526)
(0.02447368 0.03413428 0.006526316)
(0.02478947 0.03804476 0.006210526)
(0.02447368 0.03804476 0.006526316)
(0.02478947 0.001955241 0.006210526)
(0.02447368 0.001955241 0.006526316)
(0.02478947 0.03010643 0.006210526)
(0.02447368 0.03010643 0.006526316)
(0.02478947 0.03608952 0.006210526)
(0.02447368 0.03608952 0.006526316)
(0.02478947 -0.0002105263 0.008087199)
(0.02447368 -0.0005263158 0.008087199)
(0.02478947 -0.0002105263 0.0101744)
(0.02447368 -0.0005263158 0.0101744)
(0.02478947 -0.0002105263 0.0122616)
(0.02447368 -0.0005263158 0.0122616)
(0.02478947 -0.0002105263 0.01434879)
(0.02447368 -0.0005263158 0.01434879)
(0.02478947 -0.0002105263 0.0167384)
(0.02447368 -0.0005263158 0.0167384)
(0.02478947 -0.0002105263 0.0188256)
(0.02447368 -0.0005263158 0.0188256)
(0.02478947 -0.0002105263 0.0209128)
(0.02447368 -0.0005263158 0.0209128)
(0.02478947 -0.0002105263 0.02321053)
(0.02447368 -0.0005263158 0.02352632)
(0.02721053 -0.0002105263 0.02321053)
(0.02752632 -0.0005263158 0.02352632)
(0.02721053 -0.0002105263 0.008087199)
(0.02752632 -0.0005263158 0.008087199)
(0.02721053 -0.0002105263 0.0101744)
(0.02752632 -0.0005263158 0.0101744)
(0.02721053 -0.0002105263 0.0122616)
(0.02752632 -0.0005263158 0.0122616)
(0.02721053 -0.0002105263 0.01434879)
(0.02752632 -0.0005263158 0.01434879)
(0.02721053 -0.0002105263 0.0167384)
(0.02752632 -0.0005263158 0.0167384)
(0.02721053 -0.0002105263 0.0188256)
(0.02752632 -0.0005263158 0.0188256)
(0.02721053 -0.0002105263 0.0209128)
(0.02752632 -0.0005263158 0.0209128)
(0.02843915 0.002442566 0.006210526)
(0.02843915 0.002442566 0.006526316)
(0.02721053 0.001955241 0.006210526)
(0.02752632 0.001955241 0.006526316)
(0.02721053 0.003910482 0.006210526)
(0.02752632 0.003910482 0.006526316)
(0.02721053 0.005947493 0.006210526)
(0.02752632 0.005947493 0.006526316)
(0.02721053 0.008119358 0.006210526)
(0.02752632 0.008119358 0.006526316)
(0.02721053 0.0100746 0.006210526)
(0.02752632 0.0100746 0.006526316)
(0.02721053 0.01398508 0.006210526)
(0.02752632 0.01398508 0.006526316)
(0.02721053 0.01202984 0.006210526)
(0.02752632 0.01202984 0.006526316)
(0.02721053 0.01594032 0.006210526)
(0.02752632 0.01594032 0.006526316)
(0.02721053 0.01819396 0.006210526)
(0.02752632 0.01819396 0.006526316)
(0.02721053 0.0201492 0.006210526)
(0.02752632 0.0201492 0.006526316)
(0.02721053 0.02210444 0.006210526)
(0.02752632 0.02210444 0.006526316)
(0.02721053 0.02601492 0.006210526)
(0.02752632 0.02601492 0.006526316)
(0.02721053 0.02405968 0.006210526)
(0.02752632 0.02405968 0.006526316)
(0.02721053 0.02797016 0.006210526)
(0.02752632 0.02797016 0.006526316)
(0.02721053 0.03010643 0.006210526)
(0.02752632 0.03010643 0.006526316)
(0.02721053 0.03217904 0.006210526)
(0.02752632 0.03217904 0.006526316)
(0.02721053 0.03413428 0.006210526)
(0.02752632 0.03413428 0.006526316)
(0.02721053 0.03608952 0.006210526)
(0.02752632 0.03608952 0.006526316)
(0.02721053 0.03804476 0.006210526)
(0.02752632 0.03804476 0.006526316)
(0.02978947 0.003910482 0.006210526)
(0.02947368 0.003910482 0.006526316)
(0.02978947 0.008119358 0.006210526)
(0.02947368 0.008119358 0.006526316)
(0.02978947 0.005947493 0.006210526)
(0.02947368 0.005947493 0.006526316)
(0.02978947 0.0100746 0.006210526)
(0.02947368 0.0100746 0.006526316)
(0.02978947 0.01202984 0.006210526)
(0.02947368 0.01202984 0.006526316)
(0.02978947 0.01398508 0.006210526)
(0.02947368 0.01398508 0.006526316)
(0.02978947 0.01594032 0.006210526)
(0.02947368 0.01594032 0.006526316)
(0.02978947 0.01819396 0.006210526)
(0.02947368 0.01819396 0.006526316)
(0.02978947 0.0201492 0.006210526)
(0.02947368 0.0201492 0.006526316)
(0.02978947 0.02210444 0.006210526)
(0.02947368 0.02210444 0.006526316)
(0.02978947 0.02405968 0.006210526)
(0.02947368 0.02405968 0.006526316)
(0.02978947 0.02601492 0.006210526)
(0.02947368 0.02601492 0.006526316)
(0.02978947 0.02797016 0.006210526)
(0.02947368 0.02797016 0.006526316)
(0.02978947 0.03217904 0.006210526)
(0.02947368 0.03217904 0.006526316)
(0.02978947 0.03413428 0.006210526)
(0.02947368 0.03413428 0.006526316)
(0.02978947 0.03804476 0.006210526)
(0.02947368 0.03804476 0.006526316)
(0.02978947 0.001955241 0.006210526)
(0.02947368 0.001955241 0.006526316)
(0.02978947 0.03010643 0.006210526)
(0.02947368 0.03010643 0.006526316)
(0.02978947 0.03608952 0.006210526)
(0.02947368 0.03608952 0.006526316)
(0.02978947 -0.0002105263 0.008087199)
(0.02947368 -0.0005263158 0.008087199)
(0.02978947 -0.0002105263 0.0101744)
(0.02947368 -0.0005263158 0.0101744)
(0.02978947 -0.0002105263 0.0122616)
(0.02947368 -0.0005263158 0.0122616)
(0.02978947 -0.0002105263 0.01434879)
(0.02947368 -0.0005263158 0.01434879)
(0.02978947 -0.0002105263 0.0167384)
(0.02947368 -0.0005263158 0.0167384)
(0.02978947 -0.0002105263 0.0188256)
(0.02947368 -0.0005263158 0.0188256)
(0.02978947 -0.0002105263 0.0209128)
(0.02947368 -0.0005263158 0.0209128)
(0.02978947 -0.0002105263 0.02321053)
(0.02947368 -0.0005263158 0.02352632)
(0.03221053 -0.0002105263 0.02321053)
(0.03252632 -0.0005263158 0.02352632)
(0.03221053 -0.0002105263 0.008087199)
(0.03252632 -0.0005263158 0.008087199)
(0.03221053 -0.0002105263 0.0101744)
(0.03252632 -0.0005263158 0.0101744)
(0.03221053 -0.0002105263 0.0122616)
(0.03252632 -0.0005263158 0.0122616)
(0.03221053 -0.0002105263 0.01434879)
(0.03252632 -0.0005263158 0.01434879)
(0.03221053 -0.0002105263 0.0167384)
(0.03252632 -0.0005263158 0.0167384)
(0.03221053 -0.0002105263 0.0188256)
(0.03252632 -0.0005263158 0.0188256)
(0.03221053 -0.0002105263 0.0209128)
(0.03252632 -0.0005263158 0.0209128)
(0.03341125 0.002518159 0.006210526)
(0.03341125 0.002518159 0.006526316)
(0.03221053 0.001955241 0.006210526)
(0.03252632 0.001955241 0.006526316)
(0.03221053 0.003910482 0.006210526)
(0.03252632 0.003910482 0.006526316)
(0.03221053 0.005947493 0.006210526)
(0.03252632 0.005947493 0.006526316)
(0.03221053 0.008119358 0.006210526)
(0.03252632 0.008119358 0.006526316)
(0.03221053 0.0100746 0.006210526)
(0.03252632 0.0100746 0.006526316)
(0.03221053 0.01202984 0.006210526)
(0.03252632 0.01202984 0.006526316)
(0.03221053 0.01398508 0.006210526)
(0.03252632 0.01398508 0.006526316)
(0.03221053 0.01594032 0.006210526)
(0.03252632 0.01594032 0.006526316)
(0.03221053 0.01819396 0.006210526)
(0.03252632 0.01819396 0.006526316)
(0.03221053 0.0201492 0.006210526)
(0.03252632 0.0201492 0.006526316)
(0.03221053 0.02210444 0.006210526)
(0.03252632 0.02210444 0.006526316)
(0.03221053 0.02405968 0.006210526)
(0.03252632 0.02405968 0.006526316)
(0.03221053 0.02601492 0.006210526)
(0.03252632 0.02601492 0.006526316)
(0.03221053 0.02797016 0.006210526)
(0.03252632 0.02797016 0.006526316)
(0.03221053 0.03010643 0.006210526)
(0.03252632 0.03010643 0.006526316)
(0.03221053 0.03217904 0.006210526)
(0.03252632 0.03217904 0.006526316)
(0.03221053 0.03413428 0.006210526)
(0.03252632 0.03413428 0.006526316)
(0.03221053 0.03608952 0.006210526)
(0.03252632 0.03608952 0.006526316)
(0.03221053 0.03804476 0.006210526)
(0.03252632 0.03804476 0.006526316)
(0.03478947 0.00407365 0.006210526)
(0.03447368 0.00407365 0.006526316)
(0.03478947 0.006250134 0.006210526)
(0.03447368 0.006250134 0.006526316)
(0.03478947 0.008445694 0.006210526)
(0.03447368 0.008445694 0.006526316)
(0.03478947 0.01048252 0.006210526)
(0.03447368 0.01048252 0.006526316)
(0.03478947 0.01251934 0.006210526)
(0.03447368 0.01251934 0.006526316)
(0.03478947 0.01455617 0.006210526)
(0.03447368 0.01455617 0.006526316)
(0.03478947 0.0166086 0.006210526)
(0.03447368 0.0166086 0.006526316)
(0.03478947 0.01913078 0.006210526)
(0.03447368 0.01913078 0.006526316)
(0.03478947 0.02116761 0.006210526)
(0.03447368 0.02116761 0.006526316)
(0.03478947 0.02320443 0.006210526)
(0.03447368 0.02320443 0.006526316)
(0.03478947 0.02524126 0.006210526)
(0.03447368 0.02524126 0.006526316)
(0.03478947 0.02727808 0.006210526)
(0.03447368 0.02727808 0.006526316)
(0.03478947 0.02938819 0.006210526)
(0.03447368 0.02938819 0.006526316)
(0.03478947 0.0318527 0.006210526)
(0.03447368 0.0318527 0.006526316)
(0.03478947 0.03388952 0.006210526)
(0.03447368 0.03388952 0.006526316)
(0.03478947 0.03592635 0.006210526)
(0.03447368 0.03592635 0.006526316)
(0.03478947 0.03796317 0.006210526)
(0.03447368 0.03796317 0.006526316)
(0.03478947 0.002036825 0.006210526)
(0.03447368 0.002036825 0.006526316)
(0.03478947 -0.0002105263 0.008087199)
(0.03447368 -0.0005263158 0.008087199)
(0.03478947 -0.0002105263 0.0101744)
(0.03447368 -0.0005263158 0.0101744)
(0.03478947 -0.0002105263 0.0122616)
(0.03447368 -0.0005263158 0.0122616)
(0.03478947 -0.0002105263 0.01434879)
(0.03447368 -0.0005263158 0.01434879)
(0.03478947 -0.0002105263 0.0167384)
(0.03447368 -0.0005263158 0.0167384)
(0.03478947 -0.0002105263 0.0188256)
(0.03447368 -0.0005263158 0.0188256)
(0.03478947 -0.0002105263 0.0209128)
(0.03447368 -0.0005263158 0.0209128)
(0.03478947 -0.0002105263 0.02321053)
(0.03447368 -0.0005263158 0.02352632)
(0.03721053 -0.0002105263 0.02321053)
(0.03752632 -0.0005263158 0.02352632)
(0.03721053 -0.0002105263 0.008087199)
(0.03752632 -0.0005263158 0.008087199)
(0.03721053 -0.0002105263 0.0101744)
(0.03752632 -0.0005263158 0.0101744)
(0.03721053 -0.0002105263 0.0122616)
(0.03752632 -0.0005263158 0.0122616)
(0.03721053 -0.0002105263 0.01434879)
(0.03752632 -0.0005263158 0.01434879)
(0.03721053 -0.0002105263 0.0167384)
(0.03752632 -0.0005263158 0.0167384)
(0.03721053 -0.0002105263 0.0188256)
(0.03752632 -0.0005263158 0.0188256)
(0.03721053 -0.0002105263 0.0209128)
(0.03752632 -0.0005263158 0.0209128)
(0.03849438 0.002523847 0.006210526)
(0.03849438 0.002523847 0.006526316)
(0.03721053 0.001955241 0.006210526)
(0.03752632 0.001955241 0.006526316)
(0.03721053 0.003910482 0.006210526)
(0.03752632 0.003910482 0.006526316)
(0.03721053 0.005947493 0.006210526)
(0.03752632 0.005947493 0.006526316)
(0.03721053 0.008119358 0.006210526)
(0.03752632 0.008119358 0.006526316)
(0.03721053 0.0100746 0.006210526)
(0.03752632 0.0100746 0.006526316)
(0.03721053 0.01202984 0.006210526)
(0.03752632 0.01202984 0.006526316)
(0.03721053 0.01398508 0.006210526)
(0.03752632 0.01398508 0.006526316)
(0.03721053 0.01594032 0.006210526)
(0.03752632 0.01594032 0.006526316)
(0.03721053 0.01819396 0.006210526)
(0.03752632 0.01819396 0.006526316)
(0.03721053 0.0201492 0.006210526)
(0.03752632 0.0201492 0.006526316)
(0.03721053 0.02210444 0.006210526)
(0.03752632 0.02210444 0.006526316)
(0.03721053 0.02405968 0.006210526)
(0.03752632 0.02405968 0.006526316)
(0.03721053 0.02601492 0.006210526)
(0.03752632 0.02601492 0.006526316)
(0.03721053 0.02797016 0.006210526)
(0.03752632 0.02797016 0.006526316)
(0.03721053 0.03010643 0.006210526)
(0.03752632 0.03010643 0.006526316)
(0.03721053 0.03217904 0.006210526)
(0.03752632 0.03217904 0.006526316)
(0.03721053 0.03413428 0.006210526)
(0.03752632 0.03413428 0.006526316)
(0.03721053 0.03608952 0.006210526)
(0.03752632 0.03608952 0.006526316)
(0.03721053 0.03804476 0.006210526)
(0.03752632 0.03804476 0.006526316)
(0.03978947 0.00407365 0.006210526)
(0.03947368 0.00407365 0.006526316)
(0.03978947 0.006250134 0.006210526)
(0.03947368 0.006250134 0.006526316)
(0.03978947 0.008445694 0.006210526)
(0.03947368 0.008445694 0.006526316)
(0.03978947 0.01048252 0.006210526)
(0.03947368 0.01048252 0.006526316)
(0.03978947 0.01251934 0.006210526)
(0.03947368 0.01251934 0.006526316)
(0.03978947 0.01455617 0.006210526)
(0.03947368 0.01455617 0.006526316)
(0.03978947 0.0166086 0.006210526)
(0.03947368 0.0166086 0.006526316)
(0.03978947 0.01913078 0.006210526)
(0.03947368 0.01913078 0.006526316)
(0.03978947 0.02116761 0.006210526)
(0.03947368 0.02116761 0.006526316)
(0.03978947 0.02320443 0.006210526)
(0.03947368 0.02320443 0.006526316)
(0.03978947 0.02524126 0.006210526)
(0.03947368 0.02524126 0.006526316)
(0.03978947 0.02727808 0.006210526)
(0.03947368 0.02727808 0.006526316)
(0.03978947 0.02938819 0.006210526)
(0.03947368 0.02938819 0.006526316)
(0.03978947 0.0318527 0.006210526)
(0.03947368 0.0318527 0.006526316)
(0.03978947 0.03388952 0.006210526)
(0.03947368 0.03388952 0.006526316)
(0.03978947 0.03592635 0.006210526)
(0.03947368 0.03592635 0.006526316)
(0.03978947 0.03796317 0.006210526)
(0.03947368 0.03796317 0.006526316)
(0.03978947 0.002036825 0.006210526)
(0.03947368 0.002036825 0.006526316)
(0.03978947 -0.0002105263 0.008087199)
(0.03947368 -0.0005263158 0.008087199)
(0.03978947 -0.0002105263 0.0101744)
(0.03947368 -0.0005263158 0.0101744)
(0.03978947 -0.0002105263 0.0122616)
(0.03947368 -0.0005263158 0.0122616)
(0.03978947 -0.0002105263 0.01434879)
(0.03947368 -0.0005263158 0.01434879)
(0.03978947 -0.0002105263 0.0167384)
(0.03947368 -0.0005263158 0.0167384)
(0.03978947 -0.0002105263 0.0188256)
(0.03947368 -0.0005263158 0.0188256)
(0.03978947 -0.0002105263 0.0209128)
(0.03947368 -0.0005263158 0.0209128)
(0.03978947 -0.0002105263 0.02321053)
(0.03947368 -0.0005263158 0.02352632)
(0.04221053 -0.0002105263 0.02321053)
(0.04252632 -0.0005263158 0.02352632)
(0.04221053 -0.0002105263 0.008087199)
(0.04252632 -0.0005263158 0.008087199)
(0.04221053 -0.0002105263 0.0101744)
(0.04252632 -0.0005263158 0.0101744)
(0.04221053 -0.0002105263 0.0122616)
(0.04252632 -0.0005263158 0.0122616)
(0.04221053 -0.0002105263 0.01434879)
(0.04252632 -0.0005263158 0.01434879)
(0.04221053 -0.0002105263 0.0167384)
(0.04252632 -0.0005263158 0.0167384)
(0.04221053 -0.0002105263 0.0188256)
(0.04252632 -0.0005263158 0.0188256)
(0.04221053 -0.0002105263 0.0209128)
(0.04252632 -0.0005263158 0.0209128)
(0.002210526 0.001955241 0.02321053)
(0.002526316 0.001955241 0.02352632)
(0.002210526 0.003910482 0.02321053)
(0.002526316 0.003910482 0.02352632)
(0.002210526 0.005947493 0.02321053)
(0.002526316 0.005947493 0.02352632)
(0.002210526 0.008119358 0.02321053)
(0.002526316 0.008119358 0.02352632)
(0.002210526 0.0100746 0.02321053)
(0.002526316 0.0100746 0.02352632)
(0.002210526 0.01202984 0.02321053)
(0.002526316 0.01202984 0.02352632)
(0.002210526 0.01398508 0.02321053)
(0.002526316 0.01398508 0.02352632)
(0.002210526 0.01594032 0.02321053)
(0.002526316 0.01594032 0.02352632)
(0.002210526 0.01819396 0.02321053)
(0.002526316 0.01819396 0.02352632)
(0.002210526 0.0201492 0.02321053)
(0.002526316 0.0201492 0.02352632)
(0.002210526 0.02210444 0.02321053)
(0.002526316 0.02210444 0.02352632)
(0.002210526 0.02405968 0.02321053)
(0.002526316 0.02405968 0.02352632)
(0.002210526 0.02601492 0.02321053)
(0.002526316 0.02601492 0.02352632)
(0.002210526 0.02797016 0.02321053)
(0.002526316 0.02797016 0.02352632)
(0.002210526 0.03010643 0.02321053)
(0.002526316 0.03010643 0.02352632)
(0.002210526 0.03217904 0.02321053)
(0.002526316 0.03217904 0.02352632)
(0.002210526 0.03413428 0.02321053)
(0.002526316 0.03413428 0.02352632)
(0.002210526 0.03608952 0.02321053)
(0.002526316 0.03608952 0.02352632)
(0.002210526 0.03804476 0.02321053)
(0.002526316 0.03804476 0.02352632)
(0.002210526 0.04021053 0.02321053)
(0.002526316 0.04052632 0.02352632)
(0.002210526 0.04021053 0.008087199)
(0.002526316 0.04052632 0.008087199)
(0.002210526 0.04021053 0.0101744)
(0.002526316 0.04052632 0.0101744)
(0.002210526 0.04021053 0.0122616)
(0.002526316 0.04052632 0.0122616)
(0.002210526 0.04021053 0.01434879)
(0.002526316 0.04052632 0.01434879)
(0.002210526 0.04021053 0.0167384)
(0.002526316 0.04052632 0.0167384)
(0.002210526 0.04021053 0.0188256)
(0.002526316 0.04052632 0.0188256)
(0.002210526 0.04021053 0.0209128)
(0.002526316 0.04052632 0.0209128)
(0.004789474 0.04021053 0.008087199)
(0.004473684 0.04052632 0.008087199)
(0.004789474 0.04021053 0.0101744)
(0.004473684 0.04052632 0.0101744)
(0.004789474 0.04021053 0.0122616)
(0.004473684 0.04052632 0.0122616)
(0.004789474 0.04021053 0.01434879)
(0.004473684 0.04052632 0.01434879)
(0.004789474 0.04021053 0.0167384)
(0.004473684 0.04052632 0.0167384)
(0.004789474 0.04021053 0.0188256)
(0.004473684 0.04052632 0.0188256)
(0.004789474 0.04021053 0.0209128)
(0.004473684 0.04052632 0.0209128)
(0.004789474 0.04021053 0.02321053)
(0.004473684 0.04052632 0.02352632)
(0.007210526 0.04021053 0.02321053)
(0.007526316 0.04052632 0.02352632)
(0.007210526 0.04021053 0.008087199)
(0.007526316 0.04052632 0.008087199)
(0.007210526 0.04021053 0.0101744)
(0.007526316 0.04052632 0.0101744)
(0.007210526 0.04021053 0.0122616)
(0.007526316 0.04052632 0.0122616)
(0.007210526 0.04021053 0.01434879)
(0.007526316 0.04052632 0.01434879)
(0.007210526 0.04021053 0.0167384)
(0.007526316 0.04052632 0.0167384)
(0.007210526 0.04021053 0.0188256)
(0.007526316 0.04052632 0.0188256)
(0.007210526 0.04021053 0.0209128)
(0.007526316 0.04052632 0.0209128)
(0.009789474 0.04021053 0.008087199)
(0.009473684 0.04052632 0.008087199)
(0.009789474 0.04021053 0.0101744)
(0.009473684 0.04052632 0.0101744)
(0.009789474 0.04021053 0.0122616)
(0.009473684 0.04052632 0.0122616)
(0.009789474 0.04021053 0.01434879)
(0.009473684 0.04052632 0.01434879)
(0.009789474 0.04021053 0.0167384)
(0.009473684 0.04052632 0.0167384)
(0.009789474 0.04021053 0.0188256)
(0.009473684 0.04052632 0.0188256)
(0.009789474 0.04021053 0.0209128)
(0.009473684 0.04052632 0.0209128)
(0.009789474 0.04021053 0.02321053)
(0.009473684 0.04052632 0.02352632)
(0.01221053 0.04021053 0.02321053)
(0.01252632 0.04052632 0.02352632)
(0.01221053 0.04021053 0.008087199)
(0.01252632 0.04052632 0.008087199)
(0.01221053 0.04021053 0.0101744)
(0.01252632 0.04052632 0.0101744)
(0.01221053 0.04021053 0.0122616)
(0.01252632 0.04052632 0.0122616)
(0.01221053 0.04021053 0.01434879)
(0.01252632 0.04052632 0.01434879)
(0.01221053 0.04021053 0.0167384)
(0.01252632 0.04052632 0.0167384)
(0.01221053 0.04021053 0.0188256)
(0.01252632 0.04052632 0.0188256)
(0.01221053 0.04021053 0.0209128)
(0.01252632 0.04052632 0.0209128)
(0.01478947 0.04021053 0.008087199)
(0.01447368 0.04052632 0.008087199)
(0.01478947 0.04021053 0.0101744)
(0.01447368 0.04052632 0.0101744)
(0.01478947 0.04021053 0.0122616)
(0.01447368 0.04052632 0.0122616)
(0.01478947 0.04021053 0.01434879)
(0.01447368 0.04052632 0.01434879)
(0.01478947 0.04021053 0.0167384)
(0.01447368 0.04052632 0.0167384)
(0.01478947 0.04021053 0.0188256)
(0.01447368 0.04052632 0.0188256)
(0.01478947 0.04021053 0.0209128)
(0.01447368 0.04052632 0.0209128)
(0.01478947 0.04021053 0.02321053)
(0.01447368 0.04052632 0.02352632)
(0.01721053 0.04021053 0.02321053)
(0.01752632 0.04052632 0.02352632)
(0.01721053 0.04021053 0.008087199)
(0.01752632 0.04052632 0.008087199)
(0.01721053 0.04021053 0.0101744)
(0.01752632 0.04052632 0.0101744)
(0.01721053 0.04021053 0.0122616)
(0.01752632 0.04052632 0.0122616)
(0.01721053 0.04021053 0.01434879)
(0.01752632 0.04052632 0.01434879)
(0.01721053 0.04021053 0.0167384)
(0.01752632 0.04052632 0.0167384)
(0.01721053 0.04021053 0.0188256)
(0.01752632 0.04052632 0.0188256)
(0.01721053 0.04021053 0.0209128)
(0.01752632 0.04052632 0.0209128)
(0.01978947 0.04021053 0.008087199)
(0.01947368 0.04052632 0.008087199)
(0.01978947 0.04021053 0.0101744)
(0.01947368 0.04052632 0.0101744)
(0.01978947 0.04021053 0.0122616)
(0.01947368 0.04052632 0.0122616)
(0.01978947 0.04021053 0.01434879)
(0.01947368 0.04052632 0.01434879)
(0.01978947 0.04021053 0.0167384)
(0.01947368 0.04052632 0.0167384)
(0.01978947 0.04021053 0.0188256)
(0.01947368 0.04052632 0.0188256)
(0.01978947 0.04021053 0.0209128)
(0.01947368 0.04052632 0.0209128)
(0.01978947 0.04021053 0.02321053)
(0.01947368 0.04052632 0.02352632)
(0.02221053 0.04021053 0.02321053)
(0.02252632 0.04052632 0.02352632)
(0.02221053 0.04021053 0.008087199)
(0.02252632 0.04052632 0.008087199)
(0.02221053 0.04021053 0.0101744)
(0.02252632 0.04052632 0.0101744)
(0.02221053 0.04021053 0.0122616)
(0.02252632 0.04052632 0.0122616)
(0.02221053 0.04021053 0.01434879)
(0.02252632 0.04052632 0.01434879)
(0.02221053 0.04021053 0.0167384)
(0.02252632 0.04052632 0.0167384)
(0.02221053 0.04021053 0.0188256)
(0.02252632 0.04052632 0.0188256)
(0.02221053 0.04021053 0.0209128)
(0.02252632 0.04052632 0.0209128)
(0.02478947 0.04021053 0.008087199)
(0.02447368 0.04052632 0.008087199)
(0.02478947 0.04021053 0.0101744)
(0.02447368 0.04052632 0.0101744)
(0.02478947 0.04021053 0.0122616)
(0.02447368 0.04052632 0.0122616)
(0.02478947 0.04021053 0.01434879)
(0.02447368 0.04052632 0.01434879)
(0.02478947 0.04021053 0.0167384)
(0.02447368 0.04052632 0.0167384)
(0.02478947 0.04021053 0.0188256)
(0.02447368 0.04052632 0.0188256)
(0.02478947 0.04021053 0.0209128)
(0.02447368 0.04052632 0.0209128)
(0.02478947 0.04021053 0.02321053)
(0.02447368 0.04052632 0.02352632)
(0.02721053 0.04021053 0.02321053)
(0.02752632 0.04052632 0.02352632)
(0.02721053 0.04021053 0.008087199)
(0.02752632 0.04052632 0.008087199)
(0.02721053 0.04021053 0.0101744)
(0.02752632 0.04052632 0.0101744)
(0.02721053 0.04021053 0.0122616)
(0.02752632 0.04052632 0.0122616)
(0.02721053 0.04021053 0.01434879)
(0.02752632 0.04052632 0.01434879)
(0.02721053 0.04021053 0.0167384)
(0.02752632 0.04052632 0.0167384)
(0.02721053 0.04021053 0.0188256)
(0.02752632 0.04052632 0.0188256)
(0.02721053 0.04021053 0.0209128)
(0.02752632 0.04052632 0.0209128)
(0.02978947 0.04021053 0.008087199)
(0.02947368 0.04052632 0.008087199)
(0.02978947 0.04021053 0.0101744)
(0.02947368 0.04052632 0.0101744)
(0.02978947 0.04021053 0.0122616)
(0.02947368 0.04052632 0.0122616)
(0.02978947 0.04021053 0.01434879)
(0.02947368 0.04052632 0.01434879)
(0.02978947 0.04021053 0.0167384)
(0.02947368 0.04052632 0.0167384)
(0.02978947 0.04021053 0.0188256)
(0.02947368 0.04052632 0.0188256)
(0.02978947 0.04021053 0.0209128)
(0.02947368 0.04052632 0.0209128)
(0.02978947 0.04021053 0.02321053)
(0.02947368 0.04052632 0.02352632)
(0.03221053 0.04021053 0.02321053)
(0.03252632 0.04052632 0.02352632)
(0.03221053 0.04021053 0.008087199)
(0.03252632 0.04052632 0.008087199)
(0.03221053 0.04021053 0.0101744)
(0.03252632 0.04052632 0.0101744)
(0.03221053 0.04021053 0.0122616)
(0.03252632 0.04052632 0.0122616)
(0.03221053 0.04021053 0.01434879)
(0.03252632 0.04052632 0.01434879)
(0.03221053 0.04021053 0.0167384)
(0.03252632 0.04052632 0.0167384)
(0.03221053 0.04021053 0.0188256)
(0.03252632 0.04052632 0.0188256)
(0.03221053 0.04021053 0.0209128)
(0.03252632 0.04052632 0.0209128)
(0.03478947 0.04021053 0.008087199)
(0.03447368 0.04052632 0.008087199)
(0.03478947 0.04021053 0.0101744)
(0.03447368 0.04052632 0.0101744)
(0.03478947 0.04021053 0.0122616)
(0.03447368 0.04052632 0.0122616)
(0.03478947 0.04021053 0.01434879)
(0.03447368 0.04052632 0.01434879)
(0.03478947 0.04021053 0.0167384)
(0.03447368 0.04052632 0.0167384)
(0.03478947 0.04021053 0.0188256)
(0.03447368 0.04052632 0.0188256)
(0.03478947 0.04021053 0.0209128)
(0.03447368 0.04052632 0.0209128)
(0.03478947 0.04021053 0.02321053)
(0.03447368 0.04052632 0.02352632)
(0.03721053 0.04021053 0.02321053)
(0.03752632 0.04052632 0.02352632)
(0.03721053 0.04021053 0.008087199)
(0.03752632 0.04052632 0.008087199)
(0.03721053 0.04021053 0.0101744)
(0.03752632 0.04052632 0.0101744)
(0.03721053 0.04021053 0.0122616)
(0.03752632 0.04052632 0.0122616)
(0.03721053 0.04021053 0.01434879)
(0.03752632 0.04052632 0.01434879)
(0.03721053 0.04021053 0.0167384)
(0.03752632 0.04052632 0.0167384)
(0.03721053 0.04021053 0.0188256)
(0.03752632 0.04052632 0.0188256)
(0.03721053 0.04021053 0.0209128)
(0.03752632 0.04052632 0.0209128)
(0.03978947 0.04021053 0.008087199)
(0.03947368 0.04052632 0.008087199)
(0.03978947 0.04021053 0.0101744)
(0.03947368 0.04052632 0.0101744)
(0.03978947 0.04021053 0.0122616)
(0.03947368 0.04052632 0.0122616)
(0.03978947 0.04021053 0.01434879)
(0.03947368 0.04052632 0.01434879)
(0.03978947 0.04021053 0.0167384)
(0.03947368 0.04052632 0.0167384)
(0.03978947 0.04021053 0.0188256)
(0.03947368 0.04052632 0.0188256)
(0.03978947 0.04021053 0.0209128)
(0.03947368 0.04052632 0.0209128)
(0.03978947 0.04021053 0.02321053)
(0.03947368 0.04052632 0.02352632)
(0.04221053 0.04021053 0.02321053)
(0.04252632 0.04052632 0.02352632)
(0.04221053 0.04021053 0.008087199)
(0.04252632 0.04052632 0.008087199)
(0.04221053 0.04021053 0.0101744)
(0.04252632 0.04052632 0.0101744)
(0.04221053 0.04021053 0.0122616)
(0.04252632 0.04052632 0.0122616)
(0.04221053 0.04021053 0.01434879)
(0.04252632 0.04052632 0.01434879)
(0.04221053 0.04021053 0.0167384)
(0.04252632 0.04052632 0.0167384)
(0.04221053 0.04021053 0.0188256)
(0.04252632 0.04052632 0.0188256)
(0.04221053 0.04021053 0.0209128)
(0.04252632 0.04052632 0.0209128)
(0.04221053 0.001402836 0.009321652)
(0.04252632 0.001402836 0.009321652)
(0.04221053 0.001733427 0.01328726)
(0.04252632 0.001733427 0.01328726)
(0.04221053 0.001618537 0.01774897)
(0.04252632 0.001618537 0.01774897)
(0.04221053 0.002534968 0.007618907)
(0.04252632 0.002534968 0.007618907)
(0.04221053 0.004657437 0.007773234)
(0.04252632 0.004657437 0.007773234)
(0.04221053 0.006871455 0.007868233)
(0.04252632 0.006871455 0.007868233)
(0.04221053 0.008936517 0.007772739)
(0.04252632 0.008936517 0.007772739)
(0.04221053 0.01095987 0.007668064)
(0.04252632 0.01095987 0.007668064)
(0.04221053 0.01302547 0.007747506)
(0.04252632 0.01302547 0.007747506)
(0.04221053 0.0149949 0.007957145)
(0.04252632 0.0149949 0.007957145)
(0.04221053 0.01698727 0.008014469)
(0.04252632 0.01698727 0.008014469)
(0.04221053 0.0191129 0.007770105)
(0.04252632 0.0191129 0.007770105)
(0.04221053 0.0211655 0.007676375)
(0.04252632 0.0211655 0.007676375)
(0.04221053 0.02313749 0.00779976)
(0.04252632 0.02313749 0.00779976)
(0.04221053 0.02513265 0.007849437)
(0.04252632 0.02513265 0.007849437)
(0.04221053 0.02711946 0.007806755)
(0.04252632 0.02711946 0.007806755)
(0.04221053 0.02916579 0.007877946)
(0.04252632 0.02916579 0.007877946)
(0.04221053 0.03124319 0.007917741)
(0.04252632 0.03124319 0.007917741)
(0.04221053 0.03326163 0.007827157)
(0.04252632 0.03326163 0.007827157)
(0.04221053 0.03521795 0.007787285)
(0.04252632 0.03521795 0.007787285)
(0.04221053 0.03714718 0.007634028)
(0.04252632 0.03714718 0.007634028)
(0.04221053 0.03878586 0.007359531)
(0.04252632 0.03878586 0.007359531)
(0.04221053 0.03850912 0.009135903)
(0.04252632 0.03850912 0.009135903)
(0.04221053 0.03834052 0.0112285)
(0.04252632 0.03834052 0.0112285)
(0.04221053 0.03821889 0.01339451)
(0.04252632 0.03821889 0.01339451)
(0.04221053 0.03830419 0.01572543)
(0.04252632 0.03830419 0.01572543)
(0.04221053 0.03841142 0.01796037)
(0.04252632 0.03841142 0.01796037)
(0.04221053 0.03846393 0.02014209)
(0.04252632 0.03846393 0.02014209)
(0.04221053 0.002534885 0.02131579)
(0.04252632 0.002534885 0.02131579)
(0.04221053 0.00690198 0.02088907)
(0.04252632 0.00690198 0.02088907)
(0.04221053 0.01096788 0.02105685)
(0.04252632 0.01096788 0.02105685)
(0.04221053 0.01509338 0.02123684)
(0.04252632 0.01509338 0.02123684)
(0.04221053 0.01917099 0.02099448)
(0.04252632 0.01917099 0.02099448)
(0.04221053 0.02326017 0.02099098)
(0.04252632 0.02326017 0.02099098)
(0.04221053 0.02719524 0.02141087)
(0.04252632 0.02719524 0.02141087)
(0.04221053 0.03096303 0.02088564)
(0.04252632 0.03096303 0.02088564)
(0.04221053 0.03499303 0.02097595)
(0.04252632 0.03499303 0.02097595)
(0.04221053 0.001633764 0.01120708)
(0.04252632 0.001633764 0.01120708)
(0.04221053 0.001745482 0.01562446)
(0.04252632 0.001745482 0.01562446)
(0.04221053 0.001401023 0.01964377)
(0.04252632 0.001401023 0.01964377)
(0.04221053 0.01297041 0.02126473)
(0.04252632 0.01297041 0.02126473)
(0.04221053 0.008962201 0.02099095)
(0.04252632 0.008962201 0.02099095)
(0.04221053 0.004670002 0.02112247)
(0.04252632 0.004670002 0.02112247)
(0.04221053 0.01717144 0.02094553)
(0.04252632 0.01717144 0.02094553)
(0.04221053 0.02126064 0.02101966)
(0.04252632 0.02126064 0.02101966)
(0.04221053 0.02521143 0.02120118)
(0.04252632 0.02521143 0.02120118)
(0.04221053 0.02900523 0.02158601)
(0.04252632 0.02900523 0.02158601)
(0.04221053 0.03296737 0.02065447)
(0.04252632 0.03296737 0.02065447)
(0.04221053 0.03691136 0.02130405)
(0.04252632 0.03691136 0.02130405)
(0.04221053 0.003266499 0.00968637)
(0.04252632 0.003266499 0.00968637)
(0.04221053 0.003679118 0.01204265)
(0.04252632 0.003679118 0.01204265)
(0.04221053 0.03661221 0.01919872)
(0.04252632 0.03661221 0.01919872)
(0.04221053 0.02887853 0.01939328)
(0.04252632 0.02887853 0.01939328)
(0.04221053 0.003258784 0.01924437)
(0.04252632 0.003258784 0.01924437)
(0.04221053 0.02044364 0.01879494)
(0.04252632 0.02044364 0.01879494)
(0.04221053 0.005501468 0.01003194)
(0.04252632 0.005501468 0.01003194)
(0.04221053 0.007700392 0.01005287)
(0.04252632 0.007700392 0.01005287)
(0.04221053 0.00991502 0.009925431)
(0.04252632 0.00991502 0.009925431)
(0.04221053 0.01190337 0.009625164)
(0.04252632 0.01190337 0.009625164)
(0.04221053 0.01383094 0.01036934)
(0.04252632 0.01383094 0.01036934)
(0.04221053 0.01602619 0.01064705)
(0.04252632 0.01602619 0.01064705)
(0.04221053 0.01818652 0.01029263)
(0.04252632 0.01818652 0.01029263)
(0.04221053 0.02013961 0.009569982)
(0.04252632 0.02013961 0.009569982)
(0.04221053 0.022083 0.01004033)
(0.04252632 0.022083 0.01004033)
(0.04221053 0.02417134 0.01019112)
(0.04252632 0.02417134 0.01019112)
(0.04221053 0.02635016 0.01024)
(0.04252632 0.02635016 0.01024)
(0.04221053 0.02830415 0.009965265)
(0.04252632 0.02830415 0.009965265)
(0.04221053 0.03034943 0.01062906)
(0.04252632 0.03034943 0.01062906)
(0.04221053 0.03238073 0.01004144)
(0.04252632 0.03238073 0.01004144)
(0.04221053 0.03448698 0.01026884)
(0.04252632 0.03448698 0.01026884)
(0.04221053 0.03665573 0.009780425)
(0.04252632 0.03665573 0.009780425)
(0.04221053 0.03608316 0.0122561)
(0.04252632 0.03608316 0.0122561)
(0.04221053 0.03581836 0.0149211)
(0.04252632 0.03581836 0.0149211)
(0.04221053 0.03666805 0.01713724)
(0.04252632 0.03666805 0.01713724)
(0.04221053 0.01402 0.01947337)
(0.04252632 0.01402 0.01947337)
(0.04221053 0.01207444 0.01888216)
(0.04252632 0.01207444 0.01888216)
(0.04221053 0.02666261 0.01947499)
(0.04252632 0.02666261 0.01947499)
(0.04221053 0.009994646 0.01842845)
(0.04252632 0.009994646 0.01842845)
(0.04221053 0.007723723 0.01842899)
(0.04252632 0.007723723 0.01842899)
(0.04221053 0.02476227 0.0186713)
(0.04252632 0.02476227 0.0186713)
(0.04221053 0.01835354 0.01789466)
(0.04252632 0.01835354 0.01789466)
(0.04221053 0.02254503 0.01840885)
(0.04252632 0.02254503 0.01840885)
(0.04221053 0.03421662 0.01774262)
(0.04252632 0.03421662 0.01774262)
(0.04221053 0.003614626 0.01689513)
(0.04252632 0.003614626 0.01689513)
(0.04221053 0.005488341 0.01883897)
(0.04252632 0.005488341 0.01883897)
(0.04221053 0.01596747 0.01878129)
(0.04252632 0.01596747 0.01878129)
(0.04221053 0.03107779 0.01738233)
(0.04252632 0.03107779 0.01738233)
(0.04221053 0.003902651 0.0144599)
(0.04252632 0.003902651 0.0144599)
(0.04221053 0.01447641 0.01341023)
(0.04252632 0.01447641 0.01341023)
(0.04221053 0.02850439 0.01341525)
(0.04252632 0.02850439 0.01341525)
(0.04221053 0.03269097 0.01350546)
(0.04252632 0.03269097 0.01350546)
(0.04221053 0.006343385 0.01292184)
(0.04252632 0.006343385 0.01292184)
(0.04221053 0.008896057 0.01227045)
(0.04252632 0.008896057 0.01227045)
(0.04221053 0.020978 0.01576055)
(0.04252632 0.020978 0.01576055)
(0.04221053 0.006118762 0.01608265)
(0.04252632 0.006118762 0.01608265)
(0.04221053 0.01160246 0.01594619)
(0.04252632 0.01160246 0.01594619)
(0.04221053 0.01155557 0.01244708)
(0.04252632 0.01155557 0.01244708)
(0.04221053 0.01779611 0.01354633)
(0.04252632 0.01779611 0.01354633)
(0.04221053 0.02026858 0.01219089)
(0.04252632 0.02026858 0.01219089)
(0.04221053 0.02280323 0.01286169)
(0.04252632 0.02280323 0.01286169)
(0.04221053 0.02549196 0.01262637)
(0.04252632 0.02549196 0.01262637)
(0.04221053 0.01393288 0.01697781)
(0.04252632 0.01393288 0.01697781)
(0.04221053 0.02452607 0.01577037)
(0.04252632 0.02452607 0.01577037)
(0.04221053 0.008864087 0.01539542)
(0.04252632 0.008864087 0.01539542)
(0.04221053 0.02746783 0.01689564)
(0.04252632 0.02746783 0.01689564)
(0.04221053 0.01613026 0.01606343)
(0.04252632 0.01613026 0.01606343)
(0.04221053 0.001955241 0.02321053)
(0.04252632 0.001955241 0.02352632)
(0.04221053 0.03804476 0.02321053)
(0.04252632 0.03804476 0.02352632)
(0.04221053 0.003910482 0.02321053)
(0.04252632 0.003910482 0.02352632)
(0.04221053 0.005947493 0.02321053)
(0.04252632 0.005947493 0.02352632)
(0.04221053 0.008119358 0.02321053)
(0.04252632 0.008119358 0.02352632)
(0.04221053 0.0100746 0.02321053)
(0.04252632 0.0100746 0.02352632)
(0.04221053 0.01202984 0.02321053)
(0.04252632 0.01202984 0.02352632)
(0.04221053 0.01398508 0.02321053)
(0.04252632 0.01398508 0.02352632)
(0.04221053 0.01594032 0.02321053)
(0.04252632 0.01594032 0.02352632)
(0.04221053 0.01819396 0.02321053)
(0.04252632 0.01819396 0.02352632)
(0.04221053 0.0201492 0.02321053)
(0.04252632 0.0201492 0.02352632)
(0.04221053 0.02210444 0.02321053)
(0.04252632 0.02210444 0.02352632)
(0.04221053 0.02405968 0.02321053)
(0.04252632 0.02405968 0.02352632)
(0.04221053 0.02601492 0.02321053)
(0.04252632 0.02601492 0.02352632)
(0.04221053 0.02797016 0.02321053)
(0.04252632 0.02797016 0.02352632)
(0.04221053 0.03010643 0.02321053)
(0.04252632 0.03010643 0.02352632)
(0.04221053 0.03217904 0.02321053)
(0.04252632 0.03217904 0.02352632)
(0.04221053 0.03413428 0.02321053)
(0.04252632 0.03413428 0.02352632)
(0.04221053 0.03608952 0.02321053)
(0.04252632 0.03608952 0.02352632)
(0.002210526 0.001402836 0.009321652)
(0.002526316 0.001402836 0.009321652)
(0.002210526 0.001733427 0.01328726)
(0.002526316 0.001733427 0.01328726)
(0.002210526 0.001618537 0.01774897)
(0.002526316 0.001618537 0.01774897)
(0.002210526 0.002534968 0.007618907)
(0.002526316 0.002534968 0.007618907)
(0.002210526 0.004657437 0.007773234)
(0.002526316 0.004657437 0.007773234)
(0.002210526 0.006871455 0.007868233)
(0.002526316 0.006871455 0.007868233)
(0.002210526 0.008936517 0.007772739)
(0.002526316 0.008936517 0.007772739)
(0.002210526 0.01095987 0.007668064)
(0.002526316 0.01095987 0.007668064)
(0.002210526 0.01302547 0.007747506)
(0.002526316 0.01302547 0.007747506)
(0.002210526 0.0149949 0.007957145)
(0.002526316 0.0149949 0.007957145)
(0.002210526 0.01698727 0.008014469)
(0.002526316 0.01698727 0.008014469)
(0.002210526 0.0191129 0.007770105)
(0.002526316 0.0191129 0.007770105)
(0.002210526 0.0211655 0.007676375)
(0.002526316 0.0211655 0.007676375)
(0.002210526 0.02313749 0.00779976)
(0.002526316 0.02313749 0.00779976)
(0.002210526 0.02513265 0.007849437)
(0.002526316 0.02513265 0.007849437)
(0.002210526 0.02711946 0.007806755)
(0.002526316 0.02711946 0.007806755)
(0.002210526 0.02916579 0.007877946)
(0.002526316 0.02916579 0.007877946)
(0.002210526 0.03124319 0.007917741)
(0.002526316 0.03124319 0.007917741)
(0.002210526 0.03326163 0.007827157)
(0.002526316 0.03326163 0.007827157)
(0.002210526 0.03521795 0.007787285)
(0.002526316 0.03521795 0.007787285)
(0.002210526 0.03714718 0.007634028)
(0.002526316 0.03714718 0.007634028)
(0.002210526 0.03878586 0.007359531)
(0.002526316 0.03878586 0.007359531)
(0.002210526 0.03850912 0.009135903)
(0.002526316 0.03850912 0.009135903)
(0.002210526 0.03834052 0.0112285)
(0.002526316 0.03834052 0.0112285)
(0.002210526 0.03821889 0.01339451)
(0.002526316 0.03821889 0.01339451)
(0.002210526 0.03830419 0.01572543)
(0.002526316 0.03830419 0.01572543)
(0.002210526 0.03841142 0.01796037)
(0.002526316 0.03841142 0.01796037)
(0.002210526 0.03846393 0.02014209)
(0.002526316 0.03846393 0.02014209)
(0.002210526 0.002534885 0.02131579)
(0.002526316 0.002534885 0.02131579)
(0.002210526 0.00690198 0.02088907)
(0.002526316 0.00690198 0.02088907)
(0.002210526 0.01096788 0.02105685)
(0.002526316 0.01096788 0.02105685)
(0.002210526 0.01509338 0.02123684)
(0.002526316 0.01509338 0.02123684)
(0.002210526 0.01917099 0.02099448)
(0.002526316 0.01917099 0.02099448)
(0.002210526 0.02326017 0.02099098)
(0.002526316 0.02326017 0.02099098)
(0.002210526 0.02719524 0.02141087)
(0.002526316 0.02719524 0.02141087)
(0.002210526 0.03096303 0.02088564)
(0.002526316 0.03096303 0.02088564)
(0.002210526 0.03499303 0.02097595)
(0.002526316 0.03499303 0.02097595)
(0.002210526 0.001633764 0.01120708)
(0.002526316 0.001633764 0.01120708)
(0.002210526 0.001745482 0.01562446)
(0.002526316 0.001745482 0.01562446)
(0.002210526 0.001401023 0.01964377)
(0.002526316 0.001401023 0.01964377)
(0.002210526 0.01297041 0.02126473)
(0.002526316 0.01297041 0.02126473)
(0.002210526 0.008962201 0.02099095)
(0.002526316 0.008962201 0.02099095)
(0.002210526 0.004670002 0.02112247)
(0.002526316 0.004670002 0.02112247)
(0.002210526 0.01717144 0.02094553)
(0.002526316 0.01717144 0.02094553)
(0.002210526 0.02126064 0.02101966)
(0.002526316 0.02126064 0.02101966)
(0.002210526 0.02521143 0.02120118)
(0.002526316 0.02521143 0.02120118)
(0.002210526 0.02900523 0.02158601)
(0.002526316 0.02900523 0.02158601)
(0.002210526 0.03296737 0.02065447)
(0.002526316 0.03296737 0.02065447)
(0.002210526 0.03691136 0.02130405)
(0.002526316 0.03691136 0.02130405)
(0.002210526 0.003266499 0.00968637)
(0.002526316 0.003266499 0.00968637)
(0.002210526 0.003679118 0.01204265)
(0.002526316 0.003679118 0.01204265)
(0.002210526 0.03661221 0.01919872)
(0.002526316 0.03661221 0.01919872)
(0.002210526 0.02887853 0.01939328)
(0.002526316 0.02887853 0.01939328)
(0.002210526 0.003258784 0.01924437)
(0.002526316 0.003258784 0.01924437)
(0.002210526 0.02044364 0.01879494)
(0.002526316 0.02044364 0.01879494)
(0.002210526 0.005501468 0.01003194)
(0.002526316 0.005501468 0.01003194)
(0.002210526 0.007700392 0.01005287)
(0.002526316 0.007700392 0.01005287)
(0.002210526 0.00991502 0.009925431)
(0.002526316 0.00991502 0.009925431)
(0.002210526 0.01190337 0.009625164)
(0.002526316 0.01190337 0.009625164)
(0.002210526 0.01383094 0.01036934)
(0.002526316 0.01383094 0.01036934)
(0.002210526 0.01602619 0.01064705)
(0.002526316 0.01602619 0.01064705)
(0.002210526 0.01818652 0.01029263)
(0.002526316 0.01818652 0.01029263)
(0.002210526 0.02013961 0.009569982)
(0.002526316 0.02013961 0.009569982)
(0.002210526 0.022083 0.01004033)
(0.002526316 0.022083 0.01004033)
(0.002210526 0.02417134 0.01019112)
(0.002526316 0.02417134 0.01019112)
(0.002210526 0.02635016 0.01024)
(0.002526316 0.02635016 0.01024)
(0.002210526 0.02830415 0.009965265)
(0.002526316 0.02830415 0.009965265)
(0.002210526 0.03034943 0.01062906)
(0.002526316 0.03034943 0.01062906)
(0.002210526 0.03238073 0.01004144)
(0.002526316 0.03238073 0.01004144)
(0.002210526 0.03448698 0.01026884)
(0.002526316 0.03448698 0.01026884)
(0.002210526 0.03665573 0.009780425)
(0.002526316 0.03665573 0.009780425)
(0.002210526 0.03608316 0.0122561)
(0.002526316 0.03608316 0.0122561)
(0.002210526 0.03581836 0.0149211)
(0.002526316 0.03581836 0.0149211)
(0.002210526 0.03666805 0.01713724)
(0.002526316 0.03666805 0.01713724)
(0.002210526 0.01402 0.01947337)
(0.002526316 0.01402 0.01947337)
(0.002210526 0.01207444 0.01888216)
(0.002526316 0.01207444 0.01888216)
(0.002210526 0.02666261 0.01947499)
(0.002526316 0.02666261 0.01947499)
(0.002210526 0.009994646 0.01842845)
(0.002526316 0.009994646 0.01842845)
(0.002210526 0.007723723 0.01842899)
(0.002526316 0.007723723 0.01842899)
(0.002210526 0.02476227 0.0186713)
(0.002526316 0.02476227 0.0186713)
(0.002210526 0.01835354 0.01789466)
(0.002526316 0.01835354 0.01789466)
(0.002210526 0.02254503 0.01840885)
(0.002526316 0.02254503 0.01840885)
(0.002210526 0.03421662 0.01774262)
(0.002526316 0.03421662 0.01774262)
(0.002210526 0.003614626 0.01689513)
(0.002526316 0.003614626 0.01689513)
(0.002210526 0.005488341 0.01883897)
(0.002526316 0.005488341 0.01883897)
(0.002210526 0.01596747 0.01878129)
(0.002526316 0.01596747 0.01878129)
(0.002210526 0.03107779 0.01738233)
(0.002526316 0.03107779 0.01738233)
(0.002210526 0.003902651 0.0144599)
(0.002526316 0.003902651 0.0144599)
(0.002210526 0.01447641 0.01341023)
(0.002526316 0.01447641 0.01341023)
(0.002210526 0.02850439 0.01341525)
(0.002526316 0.02850439 0.01341525)
(0.002210526 0.03269097 0.01350546)
(0.002526316 0.03269097 0.01350546)
(0.002210526 0.006343385 0.01292184)
(0.002526316 0.006343385 0.01292184)
(0.002210526 0.008896057 0.01227045)
(0.002526316 0.008896057 0.01227045)
(0.002210526 0.020978 0.01576055)
(0.002526316 0.020978 0.01576055)
(0.002210526 0.006118762 0.01608265)
(0.002526316 0.006118762 0.01608265)
(0.002210526 0.01160246 0.01594619)
(0.002526316 0.01160246 0.01594619)
(0.002210526 0.01155557 0.01244708)
(0.002526316 0.01155557 0.01244708)
(0.002210526 0.01779611 0.01354633)
(0.002526316 0.01779611 0.01354633)
(0.002210526 0.02026858 0.01219089)
(0.002526316 0.02026858 0.01219089)
(0.002210526 0.02280323 0.01286169)
(0.002526316 0.02280323 0.01286169)
(0.002210526 0.02549196 0.01262637)
(0.002526316 0.02549196 0.01262637)
(0.002210526 0.01393288 0.01697781)
(0.002526316 0.01393288 0.01697781)
(0.002210526 0.02452607 0.01577037)
(0.002526316 0.02452607 0.01577037)
(0.002210526 0.008864087 0.01539542)
(0.002526316 0.008864087 0.01539542)
(0.002210526 0.02746783 0.01689564)
(0.002526316 0.02746783 0.01689564)
(0.002210526 0.01613026 0.01606343)
(0.002526316 0.01613026 0.01606343)
(0.004789474 0.001435075 0.009318044)
(0.004473684 0.001435075 0.009318044)
(0.004789474 0.001665135 0.01116621)
(0.004473684 0.001665135 0.01116621)
(0.004789474 0.001826192 0.01332046)
(0.004473684 0.001826192 0.01332046)
(0.004789474 0.001915031 0.01551907)
(0.004473684 0.001915031 0.01551907)
(0.004789474 0.001777471 0.01782409)
(0.004473684 0.001777471 0.01782409)
(0.004789474 0.001537743 0.01981019)
(0.004473684 0.001537743 0.01981019)
(0.004789474 0.001226675 0.02165307)
(0.004473684 0.001226675 0.02165307)
(0.004789474 0.002594054 0.007639105)
(0.004473684 0.002594054 0.007639105)
(0.004789474 0.006969745 0.007927969)
(0.004473684 0.006969745 0.007927969)
(0.004789474 0.01114248 0.007735206)
(0.004473684 0.01114248 0.007735206)
(0.004789474 0.01486413 0.00817125)
(0.004473684 0.01486413 0.00817125)
(0.004789474 0.01927549 0.008341103)
(0.004473684 0.01927549 0.008341103)
(0.004789474 0.02309232 0.007928532)
(0.004473684 0.02309232 0.007928532)
(0.004789474 0.02676553 0.007965422)
(0.004473684 0.02676553 0.007965422)
(0.004789474 0.03102924 0.007984329)
(0.004473684 0.03102924 0.007984329)
(0.004789474 0.03507564 0.007763744)
(0.004473684 0.03507564 0.007763744)
(0.004789474 0.03847806 0.008854873)
(0.004473684 0.03847806 0.008854873)
(0.004789474 0.03817843 0.01331941)
(0.004473684 0.03817843 0.01331941)
(0.004789474 0.0381616 0.01792834)
(0.004473684 0.0381616 0.01792834)
(0.004789474 0.003011237 0.02133373)
(0.004473684 0.003011237 0.02133373)
(0.004789474 0.004966678 0.02104315)
(0.004473684 0.004966678 0.02104315)
(0.004789474 0.007174781 0.02085288)
(0.004473684 0.007174781 0.02085288)
(0.004789474 0.00927254 0.02097699)
(0.004473684 0.00927254 0.02097699)
(0.004789474 0.01136837 0.02103458)
(0.004473684 0.01136837 0.02103458)
(0.004789474 0.01338183 0.02096595)
(0.004473684 0.01338183 0.02096595)
(0.004789474 0.01542089 0.02103856)
(0.004473684 0.01542089 0.02103856)
(0.004789474 0.01728445 0.02128448)
(0.004473684 0.01728445 0.02128448)
(0.004789474 0.01919793 0.02096022)
(0.004473684 0.01919793 0.02096022)
(0.004789474 0.02127237 0.02095594)
(0.004473684 0.02127237 0.02095594)
(0.004789474 0.02317764 0.02121198)
(0.004473684 0.02317764 0.02121198)
(0.004789474 0.02511382 0.0206741)
(0.004473684 0.02511382 0.0206741)
(0.004789474 0.02725173 0.02059253)
(0.004473684 0.02725173 0.02059253)
(0.004789474 0.02937076 0.02081758)
(0.004473684 0.02937076 0.02081758)
(0.004789474 0.03172003 0.02102101)
(0.004473684 0.03172003 0.02102101)
(0.004789474 0.03387686 0.0211411)
(0.004473684 0.03387686 0.0211411)
(0.004789474 0.03612445 0.02152801)
(0.004473684 0.03612445 0.02152801)
(0.004789474 0.0382347 0.02019632)
(0.004473684 0.0382347 0.02019632)
(0.004789474 0.009089506 0.007799422)
(0.004473684 0.009089506 0.007799422)
(0.004789474 0.004724245 0.007779531)
(0.004473684 0.004724245 0.007779531)
(0.004789474 0.01299896 0.007534071)
(0.004473684 0.01299896 0.007534071)
(0.004789474 0.01705655 0.008450328)
(0.004473684 0.01705655 0.008450328)
(0.004789474 0.02119208 0.007705161)
(0.004473684 0.02119208 0.007705161)
(0.004789474 0.02495513 0.007497773)
(0.004473684 0.02495513 0.007497773)
(0.004789474 0.0287629 0.007995379)
(0.004473684 0.0287629 0.007995379)
(0.004789474 0.03307744 0.007928926)
(0.004473684 0.03307744 0.007928926)
(0.004789474 0.03691241 0.00757837)
(0.004473684 0.03691241 0.00757837)
(0.004789474 0.03834145 0.01109159)
(0.004473684 0.03834145 0.01109159)
(0.004789474 0.03808592 0.01558352)
(0.004473684 0.03808592 0.01558352)
(0.004789474 0.00390706 0.0119854)
(0.004473684 0.00390706 0.0119854)
(0.004789474 0.004292042 0.01436206)
(0.004473684 0.004292042 0.01436206)
(0.004789474 0.004122794 0.01675988)
(0.004473684 0.004122794 0.01675988)
(0.004789474 0.003554057 0.01917032)
(0.004473684 0.003554057 0.01917032)
(0.004789474 0.003355516 0.0096903)
(0.004473684 0.003355516 0.0096903)
(0.004789474 0.01838609 0.01160098)
(0.004473684 0.01838609 0.01160098)
(0.004789474 0.01027164 0.009758835)
(0.004473684 0.01027164 0.009758835)
(0.004789474 0.0357516 0.01691647)
(0.004473684 0.0357516 0.01691647)
(0.004789474 0.01272043 0.01009697)
(0.004473684 0.01272043 0.01009697)
(0.004789474 0.0247124 0.009981986)
(0.004473684 0.0247124 0.009981986)
(0.004789474 0.02724241 0.01074584)
(0.004473684 0.02724241 0.01074584)
(0.004789474 0.02167302 0.01071414)
(0.004473684 0.02167302 0.01071414)
(0.004789474 0.03188827 0.01053027)
(0.004473684 0.03188827 0.01053027)
(0.004789474 0.01544206 0.01109029)
(0.004473684 0.01544206 0.01109029)
(0.004789474 0.03576511 0.01446778)
(0.004473684 0.03576511 0.01446778)
(0.004789474 0.03604328 0.0193543)
(0.004473684 0.03604328 0.0193543)
(0.004789474 0.02964017 0.01019108)
(0.004473684 0.02964017 0.01019108)
(0.004789474 0.00596106 0.01861118)
(0.004473684 0.00596106 0.01861118)
(0.004789474 0.008495336 0.0183437)
(0.004473684 0.008495336 0.0183437)
(0.004789474 0.0105698 0.01895108)
(0.004473684 0.0105698 0.01895108)
(0.004789474 0.01280088 0.01832102)
(0.004473684 0.01280088 0.01832102)
(0.004789474 0.01500882 0.01879174)
(0.004473684 0.01500882 0.01879174)
(0.004789474 0.01755303 0.01856568)
(0.004473684 0.01755303 0.01856568)
(0.004789474 0.02025766 0.01858647)
(0.004473684 0.02025766 0.01858647)
(0.004789474 0.0231275 0.01813394)
(0.004473684 0.0231275 0.01813394)
(0.004789474 0.02619063 0.01730937)
(0.004473684 0.02619063 0.01730937)
(0.004789474 0.02901985 0.0176414)
(0.004473684 0.02901985 0.0176414)
(0.004789474 0.03119755 0.01881901)
(0.004473684 0.03119755 0.01881901)
(0.004789474 0.03352276 0.01882075)
(0.004473684 0.03352276 0.01882075)
(0.004789474 0.008063861 0.01017467)
(0.004473684 0.008063861 0.01017467)
(0.004789474 0.0361567 0.01197764)
(0.004473684 0.0361567 0.01197764)
(0.004789474 0.03659432 0.009636801)
(0.004473684 0.03659432 0.009636801)
(0.004789474 0.005694117 0.009994457)
(0.004473684 0.005694117 0.009994457)
(0.004789474 0.03432777 0.01013687)
(0.004473684 0.03432777 0.01013687)
(0.004789474 0.03321219 0.01292898)
(0.004473684 0.03321219 0.01292898)
(0.004789474 0.03244548 0.01599046)
(0.004473684 0.03244548 0.01599046)
(0.004789474 0.006662175 0.01263259)
(0.004473684 0.006662175 0.01263259)
(0.004789474 0.01562057 0.01537425)
(0.004473684 0.01562057 0.01537425)
(0.004789474 0.02461372 0.013735)
(0.004473684 0.02461372 0.013735)
(0.004789474 0.02922764 0.01366334)
(0.004473684 0.02922764 0.01366334)
(0.004789474 0.007286838 0.01567095)
(0.004473684 0.007286838 0.01567095)
(0.004789474 0.02018461 0.0151164)
(0.004473684 0.02018461 0.0151164)
(0.004789474 0.01097421 0.01598514)
(0.004473684 0.01097421 0.01598514)
(0.004789474 0.009933398 0.0126636)
(0.004473684 0.009933398 0.0126636)
(0.004789474 0.01299251 0.01311846)
(0.004473684 0.01299251 0.01311846)
(0.004789474 0.001955241 0.02321053)
(0.004473684 0.001955241 0.02352632)
(0.004789474 0.03804476 0.02321053)
(0.004473684 0.03804476 0.02352632)
(0.004789474 0.003910482 0.02321053)
(0.004473684 0.003910482 0.02352632)
(0.004789474 0.005947493 0.02321053)
(0.004473684 0.005947493 0.02352632)
(0.004789474 0.008119358 0.02321053)
(0.004473684 0.008119358 0.02352632)
(0.004789474 0.0100746 0.02321053)
(0.004473684 0.0100746 0.02352632)
(0.004789474 0.01202984 0.02321053)
(0.004473684 0.01202984 0.02352632)
(0.004789474 0.01398508 0.02321053)
(0.004473684 0.01398508 0.02352632)
(0.004789474 0.01594032 0.02321053)
(0.004473684 0.01594032 0.02352632)
(0.004789474 0.01819396 0.02321053)
(0.004473684 0.01819396 0.02352632)
(0.004789474 0.0201492 0.02321053)
(0.004473684 0.0201492 0.02352632)
(0.004789474 0.02210444 0.02321053)
(0.004473684 0.02210444 0.02352632)
(0.004789474 0.02405968 0.02321053)
(0.004473684 0.02405968 0.02352632)
(0.004789474 0.02601492 0.02321053)
(0.004473684 0.02601492 0.02352632)
(0.004789474 0.02797016 0.02321053)
(0.004473684 0.02797016 0.02352632)
(0.004789474 0.03010643 0.02321053)
(0.004473684 0.03010643 0.02352632)
(0.004789474 0.03217904 0.02321053)
(0.004473684 0.03217904 0.02352632)
(0.004789474 0.03413428 0.02321053)
(0.004473684 0.03413428 0.02352632)
(0.004789474 0.03608952 0.02321053)
(0.004473684 0.03608952 0.02352632)
(0.007210526 0.00139994 0.009328241)
(0.007526316 0.00139994 0.009328241)
(0.007210526 0.001719912 0.01331372)
(0.007526316 0.001719912 0.01331372)
(0.007210526 0.001611869 0.01775572)
(0.007526316 0.001611869 0.01775572)
(0.007210526 0.002531481 0.007623008)
(0.007526316 0.002531481 0.007623008)
(0.007210526 0.004648627 0.007775294)
(0.007526316 0.004648627 0.007775294)
(0.007210526 0.006861399 0.00787)
(0.007526316 0.006861399 0.00787)
(0.007210526 0.00894523 0.007820424)
(0.007526316 0.00894523 0.007820424)
(0.007210526 0.01101126 0.007846041)
(0.007526316 0.01101126 0.007846041)
(0.007210526 0.01304323 0.007910839)
(0.007526316 0.01304323 0.007910839)
(0.007210526 0.01506612 0.007962684)
(0.007526316 0.01506612 0.007962684)
(0.007210526 0.01706816 0.007991513)
(0.007526316 0.01706816 0.007991513)
(0.007210526 0.01916045 0.007804464)
(0.007526316 0.01916045 0.007804464)
(0.007210526 0.02127187 0.007728266)
(0.007526316 0.02127187 0.007728266)
(0.007210526 0.02325669 0.007867959)
(0.007526316 0.02325669 0.007867959)
(0.007210526 0.0252999 0.007982821)
(0.007526316 0.0252999 0.007982821)
(0.007210526 0.02736174 0.008043733)
(0.007526316 0.02736174 0.008043733)
(0.007210526 0.02935887 0.007961297)
(0.007526316 0.02935887 0.007961297)
(0.007210526 0.03128461 0.007455948)
(0.007526316 0.03128461 0.007455948)
(0.007210526 0.03311964 0.007783339)
(0.007526316 0.03311964 0.007783339)
(0.007210526 0.0351135 0.007799278)
(0.007526316 0.0351135 0.007799278)
(0.007210526 0.03709933 0.007645226)
(0.007526316 0.03709933 0.007645226)
(0.007210526 0.03876721 0.007370313)
(0.007526316 0.03876721 0.007370313)
(0.007210526 0.03846169 0.00915356)
(0.007526316 0.03846169 0.00915356)
(0.007210526 0.03824214 0.01126)
(0.007526316 0.03824214 0.01126)
(0.007210526 0.03806626 0.01345582)
(0.007526316 0.03806626 0.01345582)
(0.007210526 0.03819741 0.01576481)
(0.007526316 0.03819741 0.01576481)
(0.007210526 0.03843624 0.01801725)
(0.007526316 0.03843624 0.01801725)
(0.007210526 0.03849797 0.0202019)
(0.007526316 0.03849797 0.0202019)
(0.007210526 0.002530248 0.02131884)
(0.007526316 0.002530248 0.02131884)
(0.007210526 0.006887533 0.02091361)
(0.007526316 0.006887533 0.02091361)
(0.007210526 0.01097795 0.02102736)
(0.007526316 0.01097795 0.02102736)
(0.007210526 0.01513832 0.02114021)
(0.007526316 0.01513832 0.02114021)
(0.007210526 0.01941098 0.02077396)
(0.007526316 0.01941098 0.02077396)
(0.007210526 0.02321754 0.02105908)
(0.007526316 0.02321754 0.02105908)
(0.007210526 0.02690608 0.020999)
(0.007526316 0.02690608 0.020999)
(0.007210526 0.03087459 0.02053853)
(0.007526316 0.03087459 0.02053853)
(0.007210526 0.03507852 0.02105154)
(0.007526316 0.03507852 0.02105154)
(0.007210526 0.001626417 0.01122278)
(0.007526316 0.001626417 0.01122278)
(0.007210526 0.001730692 0.01563759)
(0.007526316 0.001730692 0.01563759)
(0.007210526 0.001396874 0.01964755)
(0.007526316 0.001396874 0.01964755)
(0.007210526 0.01300509 0.02118065)
(0.007526316 0.01300509 0.02118065)
(0.007210526 0.008946629 0.02096298)
(0.007526316 0.008946629 0.02096298)
(0.007210526 0.004661187 0.02113325)
(0.007526316 0.004661187 0.02113325)
(0.007210526 0.01729165 0.02083588)
(0.007526316 0.01729165 0.02083588)
(0.007210526 0.02132885 0.02125908)
(0.007526316 0.02132885 0.02125908)
(0.007210526 0.02505455 0.02152918)
(0.007526316 0.02505455 0.02152918)
(0.007210526 0.02883432 0.02117923)
(0.007526316 0.02883432 0.02117923)
(0.007210526 0.03301648 0.02067034)
(0.007526316 0.03301648 0.02067034)
(0.007210526 0.0369564 0.02142114)
(0.007526316 0.0369564 0.02142114)
(0.007210526 0.003256309 0.00969988)
(0.007526316 0.003256309 0.00969988)
(0.007210526 0.003650389 0.01206877)
(0.007526316 0.003650389 0.01206877)
(0.007210526 0.03673704 0.01935807)
(0.007526316 0.03673704 0.01935807)
(0.007210526 0.02822167 0.01830038)
(0.007526316 0.02822167 0.01830038)
(0.007210526 0.003250976 0.01925468)
(0.007526316 0.003250976 0.01925468)
(0.007210526 0.02194109 0.01866308)
(0.007526316 0.02194109 0.01866308)
(0.007210526 0.005459936 0.01003894)
(0.007526316 0.005459936 0.01003894)
(0.007210526 0.00762099 0.01005449)
(0.007526316 0.00762099 0.01005449)
(0.007210526 0.009862971 0.01006703)
(0.007526316 0.009862971 0.01006703)
(0.007210526 0.01198886 0.01027851)
(0.007526316 0.01198886 0.01027851)
(0.007210526 0.01413574 0.0104198)
(0.007526316 0.01413574 0.0104198)
(0.007210526 0.01630428 0.01053965)
(0.007526316 0.01630428 0.01053965)
(0.007210526 0.01836108 0.010284)
(0.007526316 0.01836108 0.010284)
(0.007210526 0.02026718 0.009597136)
(0.007526316 0.02026718 0.009597136)
(0.007210526 0.0222666 0.01012994)
(0.007526316 0.0222666 0.01012994)
(0.007210526 0.02443651 0.01036553)
(0.007526316 0.02443651 0.01036553)
(0.007210526 0.02681965 0.01061269)
(0.007526316 0.02681965 0.01061269)
(0.007210526 0.02923595 0.01073137)
(0.007526316 0.02923595 0.01073137)
(0.007210526 0.03146575 0.009717263)
(0.007526316 0.03146575 0.009717263)
(0.007210526 0.0339709 0.01018059)
(0.007526316 0.0339709 0.01018059)
(0.007210526 0.03650629 0.009777742)
(0.007526316 0.03650629 0.009777742)
(0.007210526 0.03577851 0.01234852)
(0.007526316 0.03577851 0.01234852)
(0.007210526 0.03515861 0.0151692)
(0.007526316 0.03515861 0.0151692)
(0.007210526 0.0366986 0.01732031)
(0.007526316 0.0366986 0.01732031)
(0.007210526 0.01407235 0.01925279)
(0.007526316 0.01407235 0.01925279)
(0.007210526 0.01207325 0.01876525)
(0.007526316 0.01207325 0.01876525)
(0.007210526 0.02504427 0.0191807)
(0.007526316 0.02504427 0.0191807)
(0.007210526 0.009892811 0.01852025)
(0.007526316 0.009892811 0.01852025)
(0.007210526 0.007708957 0.0185384)
(0.007526316 0.007708957 0.0185384)
(0.007210526 0.01892053 0.0178394)
(0.007526316 0.01892053 0.0178394)
(0.007210526 0.03449242 0.01840287)
(0.007526316 0.03449242 0.01840287)
(0.007210526 0.003596484 0.01691333)
(0.007526316 0.003596484 0.01691333)
(0.007210526 0.005475895 0.01887142)
(0.007526316 0.005475895 0.01887142)
(0.007210526 0.01611925 0.01863283)
(0.007526316 0.01611925 0.01863283)
(0.007210526 0.03168195 0.01717444)
(0.007526316 0.03168195 0.01717444)
(0.007210526 0.003850961 0.01449077)
(0.007526316 0.003850961 0.01449077)
(0.007210526 0.01539829 0.01326297)
(0.007526316 0.01539829 0.01326297)
(0.007210526 0.02857875 0.01432034)
(0.007526316 0.02857875 0.01432034)
(0.007210526 0.03219113 0.0130583)
(0.007526316 0.03219113 0.0130583)
(0.007210526 0.0212195 0.0155797)
(0.007526316 0.0212195 0.0155797)
(0.007210526 0.006180034 0.01300584)
(0.007526316 0.006180034 0.01300584)
(0.007210526 0.006069883 0.01611337)
(0.007526316 0.006069883 0.01611337)
(0.007210526 0.01131011 0.0159992)
(0.007526316 0.01131011 0.0159992)
(0.007210526 0.01069048 0.01288796)
(0.007526316 0.01069048 0.01288796)
(0.007210526 0.01300631 0.01316956)
(0.007526316 0.01300631 0.01316956)
(0.007210526 0.01823905 0.01362622)
(0.007526316 0.01823905 0.01362622)
(0.007210526 0.02045135 0.01221564)
(0.007526316 0.02045135 0.01221564)
(0.007210526 0.02306585 0.01302055)
(0.007526316 0.02306585 0.01302055)
(0.007210526 0.02568742 0.01302512)
(0.007526316 0.02568742 0.01302512)
(0.007210526 0.01393511 0.0164592)
(0.007526316 0.01393511 0.0164592)
(0.007210526 0.008526271 0.01233918)
(0.007526316 0.008526271 0.01233918)
(0.007210526 0.008605137 0.01552706)
(0.007526316 0.008605137 0.01552706)
(0.007210526 0.02489124 0.0162084)
(0.007526316 0.02489124 0.0162084)
(0.007210526 0.01654399 0.01606445)
(0.007526316 0.01654399 0.01606445)
(0.007210526 0.001955241 0.02321053)
(0.007526316 0.001955241 0.02352632)
(0.007210526 0.003910482 0.02321053)
(0.007526316 0.003910482 0.02352632)
(0.007210526 0.008119358 0.02321053)
(0.007526316 0.008119358 0.02352632)
(0.007210526 0.005947493 0.02321053)
(0.007526316 0.005947493 0.02352632)
(0.007210526 0.01202984 0.02321053)
(0.007526316 0.01202984 0.02352632)
(0.007210526 0.0100746 0.02321053)
(0.007526316 0.0100746 0.02352632)
(0.007210526 0.01398508 0.02321053)
(0.007526316 0.01398508 0.02352632)
(0.007210526 0.01594032 0.02321053)
(0.007526316 0.01594032 0.02352632)
(0.007210526 0.01819396 0.02321053)
(0.007526316 0.01819396 0.02352632)
(0.007210526 0.02210444 0.02321053)
(0.007526316 0.02210444 0.02352632)
(0.007210526 0.02405968 0.02321053)
(0.007526316 0.02405968 0.02352632)
(0.007210526 0.02797016 0.02321053)
(0.007526316 0.02797016 0.02352632)
(0.007210526 0.02601492 0.02321053)
(0.007526316 0.02601492 0.02352632)
(0.007210526 0.03010643 0.02321053)
(0.007526316 0.03010643 0.02352632)
(0.007210526 0.03413428 0.02321053)
(0.007526316 0.03413428 0.02352632)
(0.007210526 0.03804476 0.02321053)
(0.007526316 0.03804476 0.02352632)
(0.007210526 0.0201492 0.02321053)
(0.007526316 0.0201492 0.02352632)
(0.007210526 0.03217904 0.02321053)
(0.007526316 0.03217904 0.02352632)
(0.007210526 0.03608952 0.02321053)
(0.007526316 0.03608952 0.02352632)
(0.009789474 0.001450805 0.009282036)
(0.009473684 0.001450805 0.009282036)
(0.009789474 0.001653502 0.01111144)
(0.009473684 0.001653502 0.01111144)
(0.009789474 0.001765048 0.01324597)
(0.009473684 0.001765048 0.01324597)
(0.009789474 0.001836587 0.01546367)
(0.009473684 0.001836587 0.01546367)
(0.009789474 0.001798635 0.01771345)
(0.009473684 0.001798635 0.01771345)
(0.009789474 0.00161483 0.01984404)
(0.009473684 0.00161483 0.01984404)
(0.009789474 0.001315823 0.02165286)
(0.009473684 0.001315823 0.02165286)
(0.009789474 0.002655129 0.007591234)
(0.009473684 0.002655129 0.007591234)
(0.009789474 0.00728773 0.007840326)
(0.009473684 0.00728773 0.007840326)
(0.009789474 0.01140202 0.007504075)
(0.009473684 0.01140202 0.007504075)
(0.009789474 0.01543447 0.008008647)
(0.009473684 0.01543447 0.008008647)
(0.009789474 0.02008302 0.007551988)
(0.009473684 0.02008302 0.007551988)
(0.009789474 0.02412475 0.007826618)
(0.009473684 0.02412475 0.007826618)
(0.009789474 0.02821319 0.007516886)
(0.009473684 0.02821319 0.007516886)
(0.009789474 0.03270499 0.008057165)
(0.009473684 0.03270499 0.008057165)
(0.009789474 0.03722362 0.007714067)
(0.009473684 0.03722362 0.007714067)
(0.009789474 0.03858574 0.01140783)
(0.009473684 0.03858574 0.01140783)
(0.009789474 0.03828391 0.01551622)
(0.009473684 0.03828391 0.01551622)
(0.009789474 0.03848807 0.01986596)
(0.009473684 0.03848807 0.01986596)
(0.009789474 0.03875759 0.02164348)
(0.009473684 0.03875759 0.02164348)
(0.009789474 0.003076414 0.02133576)
(0.009473684 0.003076414 0.02133576)
(0.009789474 0.005103349 0.02130726)
(0.009473684 0.005103349 0.02130726)
(0.009789474 0.007476415 0.02131166)
(0.009473684 0.007476415 0.02131166)
(0.009789474 0.009584418 0.0211823)
(0.009473684 0.009584418 0.0211823)
(0.009789474 0.01172492 0.02110984)
(0.009473684 0.01172492 0.02110984)
(0.009789474 0.01388356 0.02105445)
(0.009473684 0.01388356 0.02105445)
(0.009789474 0.01599483 0.02097379)
(0.009473684 0.01599483 0.02097379)
(0.009789474 0.01821803 0.02112424)
(0.009473684 0.01821803 0.02112424)
(0.009789474 0.02038759 0.02129272)
(0.009473684 0.02038759 0.02129272)
(0.009789474 0.02242551 0.02123686)
(0.009473684 0.02242551 0.02123686)
(0.009789474 0.02455913 0.02113146)
(0.009473684 0.02455913 0.02113146)
(0.009789474 0.02661638 0.02091339)
(0.009473684 0.02661638 0.02091339)
(0.009789474 0.02872358 0.02081535)
(0.009473684 0.02872358 0.02081535)
(0.009789474 0.03095866 0.02094042)
(0.009473684 0.03095866 0.02094042)
(0.009789474 0.03303604 0.02140509)
(0.009473684 0.03303604 0.02140509)
(0.009789474 0.03511196 0.02150018)
(0.009473684 0.03511196 0.02150018)
(0.009789474 0.03709372 0.02134916)
(0.009473684 0.03709372 0.02134916)
(0.009789474 0.009455849 0.007839306)
(0.009473684 0.009455849 0.007839306)
(0.009789474 0.004900653 0.00772647)
(0.009473684 0.004900653 0.00772647)
(0.009789474 0.01329415 0.007911744)
(0.009473684 0.01329415 0.007911744)
(0.009789474 0.01801806 0.008373813)
(0.009473684 0.01801806 0.008373813)
(0.009789474 0.02203962 0.007824136)
(0.009473684 0.02203962 0.007824136)
(0.009789474 0.02622883 0.007727877)
(0.009473684 0.02622883 0.007727877)
(0.009789474 0.03028954 0.008511291)
(0.009473684 0.03028954 0.008511291)
(0.009789474 0.0349729 0.007714094)
(0.009473684 0.0349729 0.007714094)
(0.009789474 0.03820292 0.00961797)
(0.009473684 0.03820292 0.00961797)
(0.009789474 0.03830801 0.0133253)
(0.009473684 0.03830801 0.0133253)
(0.009789474 0.03832988 0.01778176)
(0.009473684 0.03832988 0.01778176)
(0.009789474 0.016206 0.0102643)
(0.009473684 0.016206 0.0102643)
(0.009789474 0.003834403 0.01182756)
(0.009473684 0.003834403 0.01182756)
(0.009789474 0.004064067 0.01413811)
(0.009473684 0.004064067 0.01413811)
(0.009789474 0.004059165 0.01650961)
(0.009473684 0.004059165 0.01650961)
(0.009789474 0.003958438 0.01904659)
(0.009473684 0.003958438 0.01904659)
(0.009789474 0.008382791 0.0101102)
(0.009473684 0.008382791 0.0101102)
(0.009789474 0.02036076 0.009924649)
(0.009473684 0.02036076 0.009924649)
(0.009789474 0.03611633 0.01430672)
(0.009473684 0.03611633 0.01430672)
(0.009789474 0.01381461 0.01039668)
(0.009473684 0.01381461 0.01039668)
(0.009789474 0.02518035 0.009966687)
(0.009473684 0.02518035 0.009966687)
(0.009789474 0.01117259 0.01004583)
(0.009473684 0.01117259 0.01004583)
(0.009789474 0.03411396 0.01015166)
(0.009473684 0.03411396 0.01015166)
(0.009789474 0.03619226 0.009331858)
(0.009473684 0.03619226 0.009331858)
(0.009789474 0.03643033 0.01670835)
(0.009473684 0.03643033 0.01670835)
(0.009789474 0.00583432 0.009842989)
(0.009473684 0.00583432 0.009842989)
(0.009789474 0.03165837 0.01101827)
(0.009473684 0.03165837 0.01101827)
(0.009789474 0.03645823 0.0116342)
(0.009473684 0.03645823 0.0116342)
(0.009789474 0.003408028 0.009601281)
(0.009473684 0.003408028 0.009601281)
(0.009789474 0.02771029 0.00963849)
(0.009473684 0.02771029 0.00963849)
(0.009789474 0.006286912 0.01966199)
(0.009473684 0.006286912 0.01966199)
(0.009789474 0.008484481 0.01909671)
(0.009473684 0.008484481 0.01909671)
(0.009789474 0.01073366 0.01894859)
(0.009473684 0.01073366 0.01894859)
(0.009789474 0.01312989 0.01886054)
(0.009473684 0.01312989 0.01886054)
(0.009789474 0.01542337 0.01857694)
(0.009473684 0.01542337 0.01857694)
(0.009789474 0.01766866 0.01869709)
(0.009473684 0.01766866 0.01869709)
(0.009789474 0.01960545 0.01942416)
(0.009473684 0.01960545 0.01942416)
(0.009789474 0.02164586 0.01899624)
(0.009473684 0.02164586 0.01899624)
(0.009789474 0.02364928 0.01921754)
(0.009473684 0.02364928 0.01921754)
(0.009789474 0.0256474 0.01833299)
(0.009473684 0.0256474 0.01833299)
(0.009789474 0.02810022 0.01799102)
(0.009473684 0.02810022 0.01799102)
(0.009789474 0.03052124 0.01818494)
(0.009473684 0.03052124 0.01818494)
(0.009789474 0.03246728 0.01905846)
(0.009473684 0.03246728 0.01905846)
(0.009789474 0.0343438 0.01999285)
(0.009473684 0.0343438 0.01999285)
(0.009789474 0.02276279 0.01027469)
(0.009473684 0.02276279 0.01027469)
(0.009789474 0.0182956 0.01177211)
(0.009473684 0.0182956 0.01177211)
(0.009789474 0.03660119 0.01921659)
(0.009473684 0.03660119 0.01921659)
(0.009789474 0.02916958 0.01191557)
(0.009473684 0.02916958 0.01191557)
(0.009789474 0.03320655 0.01591426)
(0.009473684 0.03320655 0.01591426)
(0.009789474 0.02100626 0.01326641)
(0.009473684 0.02100626 0.01326641)
(0.009789474 0.00644054 0.01231755)
(0.009473684 0.00644054 0.01231755)
(0.009789474 0.03355208 0.01302598)
(0.009473684 0.03355208 0.01302598)
(0.009789474 0.006561922 0.01739948)
(0.009473684 0.006561922 0.01739948)
(0.009789474 0.01746426 0.01559119)
(0.009473684 0.01746426 0.01559119)
(0.009789474 0.03049023 0.01472697)
(0.009473684 0.03049023 0.01472697)
(0.009789474 0.02661641 0.01195501)
(0.009473684 0.02661641 0.01195501)
(0.009789474 0.006712222 0.0149594)
(0.009473684 0.006712222 0.0149594)
(0.009789474 0.01226057 0.01324456)
(0.009473684 0.01226057 0.01324456)
(0.009789474 0.01533495 0.01293415)
(0.009473684 0.01533495 0.01293415)
(0.009789474 0.0346188 0.01793518)
(0.009473684 0.0346188 0.01793518)
(0.009789474 0.009326723 0.01623521)
(0.009473684 0.009326723 0.01623521)
(0.009789474 0.01196456 0.01668292)
(0.009473684 0.01196456 0.01668292)
(0.009789474 0.01451139 0.01600188)
(0.009473684 0.01451139 0.01600188)
(0.009789474 0.02016954 0.01680736)
(0.009473684 0.02016954 0.01680736)
(0.009789474 0.02331702 0.01631582)
(0.009473684 0.02331702 0.01631582)
(0.009789474 0.02685283 0.01521594)
(0.009473684 0.02685283 0.01521594)
(0.009789474 0.02400274 0.01290395)
(0.009473684 0.02400274 0.01290395)
(0.009789474 0.009301408 0.01278214)
(0.009473684 0.009301408 0.01278214)
(0.009789474 0.002036825 0.02321053)
(0.009473684 0.002036825 0.02352632)
(0.009789474 0.03796317 0.02321053)
(0.009473684 0.03796317 0.02352632)
(0.009789474 0.00407365 0.02321053)
(0.009473684 0.00407365 0.02352632)
(0.009789474 0.006250134 0.02321053)
(0.009473684 0.006250134 0.02352632)
(0.009789474 0.008445694 0.02321053)
(0.009473684 0.008445694 0.02352632)
(0.009789474 0.01048252 0.02321053)
(0.009473684 0.01048252 0.02352632)
(0.009789474 0.01251934 0.02321053)
(0.009473684 0.01251934 0.02352632)
(0.009789474 0.01455617 0.02321053)
(0.009473684 0.01455617 0.02352632)
(0.009789474 0.0166086 0.02321053)
(0.009473684 0.0166086 0.02352632)
(0.009789474 0.01913078 0.02321053)
(0.009473684 0.01913078 0.02352632)
(0.009789474 0.02116761 0.02321053)
(0.009473684 0.02116761 0.02352632)
(0.009789474 0.02320443 0.02321053)
(0.009473684 0.02320443 0.02352632)
(0.009789474 0.02524126 0.02321053)
(0.009473684 0.02524126 0.02352632)
(0.009789474 0.02727808 0.02321053)
(0.009473684 0.02727808 0.02352632)
(0.009789474 0.02938819 0.02321053)
(0.009473684 0.02938819 0.02352632)
(0.009789474 0.0318527 0.02321053)
(0.009473684 0.0318527 0.02352632)
(0.009789474 0.03388952 0.02321053)
(0.009473684 0.03388952 0.02352632)
(0.009789474 0.03592635 0.02321053)
(0.009473684 0.03592635 0.02352632)
(0.01221053 0.001401874 0.009308641)
(0.01252632 0.001401874 0.009308641)
(0.01221053 0.001750108 0.01328304)
(0.01252632 0.001750108 0.01328304)
(0.01221053 0.001620134 0.01774926)
(0.01252632 0.001620134 0.01774926)
(0.01221053 0.002538689 0.007616951)
(0.01252632 0.002538689 0.007616951)
(0.01221053 0.004660561 0.007772601)
(0.01252632 0.004660561 0.007772601)
(0.01221053 0.006877336 0.007868971)
(0.01252632 0.006877336 0.007868971)
(0.01221053 0.008941249 0.007779804)
(0.01252632 0.008941249 0.007779804)
(0.01221053 0.0109635 0.007679104)
(0.01252632 0.0109635 0.007679104)
(0.01221053 0.01302609 0.007760123)
(0.01252632 0.01302609 0.007760123)
(0.01221053 0.01499442 0.00797235)
(0.01252632 0.01499442 0.00797235)
(0.01221053 0.01698424 0.008030829)
(0.01252632 0.01698424 0.008030829)
(0.01221053 0.01910917 0.00778474)
(0.01252632 0.01910917 0.00778474)
(0.01221053 0.02116025 0.007689793)
(0.01252632 0.02116025 0.007689793)
(0.01221053 0.02313069 0.00780731)
(0.01252632 0.02313069 0.00780731)
(0.01221053 0.02512718 0.007854637)
(0.01252632 0.02512718 0.007854637)
(0.01221053 0.0271131 0.007813692)
(0.01252632 0.0271131 0.007813692)
(0.01221053 0.02916022 0.007883162)
(0.01252632 0.02916022 0.007883162)
(0.01221053 0.03123944 0.00792053)
(0.01252632 0.03123944 0.00792053)
(0.01221053 0.0332594 0.007828884)
(0.01252632 0.0332594 0.007828884)
(0.01221053 0.03521678 0.007788083)
(0.01252632 0.03521678 0.007788083)
(0.01221053 0.03714665 0.007634377)
(0.01252632 0.03714665 0.007634377)
(0.01221053 0.03878565 0.007359699)
(0.01252632 0.03878565 0.007359699)
(0.01221053 0.03850871 0.009136209)
(0.01252632 0.03850871 0.009136209)
(0.01221053 0.03834 0.01122886)
(0.01252632 0.03834 0.01122886)
(0.01221053 0.03821841 0.01339487)
(0.01252632 0.03821841 0.01339487)
(0.01221053 0.03830384 0.0157257)
(0.01252632 0.03830384 0.0157257)
(0.01221053 0.03841122 0.01796052)
(0.01252632 0.03841122 0.01796052)
(0.01221053 0.03846383 0.02014215)
(0.01252632 0.03846383 0.02014215)
(0.01221053 0.002535588 0.02131551)
(0.01252632 0.002535588 0.02131551)
(0.01221053 0.006906071 0.02088513)
(0.01252632 0.006906071 0.02088513)
(0.01221053 0.01097128 0.02104552)
(0.01252632 0.01097128 0.02104552)
(0.01221053 0.01509125 0.02122193)
(0.01252632 0.01509125 0.02122193)
(0.01221053 0.01916461 0.02097423)
(0.01252632 0.01916461 0.02097423)
(0.01221053 0.02325567 0.02097654)
(0.01252632 0.02325567 0.02097654)
(0.01221053 0.02719218 0.02140588)
(0.01252632 0.02719218 0.02140588)
(0.01221053 0.03096075 0.02088287)
(0.01252632 0.03096075 0.02088287)
(0.01221053 0.03499267 0.02097582)
(0.01252632 0.03499267 0.02097582)
(0.01221053 0.001619054 0.01115566)
(0.01252632 0.001619054 0.01115566)
(0.01221053 0.001747412 0.01562625)
(0.01252632 0.001747412 0.01562625)
(0.01221053 0.001401821 0.01964363)
(0.01252632 0.001401821 0.01964363)
(0.01221053 0.01297139 0.02125044)
(0.01252632 0.01297139 0.02125044)
(0.01221053 0.008966984 0.02098212)
(0.01252632 0.008966984 0.02098212)
(0.01221053 0.004671938 0.02112136)
(0.01252632 0.004671938 0.02112136)
(0.01221053 0.01716827 0.02092738)
(0.01252632 0.01716827 0.02092738)
(0.01221053 0.02125565 0.02100153)
(0.01252632 0.02125565 0.02100153)
(0.01221053 0.02520724 0.02119228)
(0.01252632 0.02520724 0.02119228)
(0.01221053 0.02900306 0.02158297)
(0.01252632 0.02900306 0.02158297)
(0.01221053 0.03296622 0.02065323)
(0.01252632 0.03296622 0.02065323)
(0.01221053 0.03691122 0.02130408)
(0.01252632 0.03691122 0.02130408)
(0.01221053 0.003274963 0.009691534)
(0.01252632 0.003274963 0.009691534)
(0.01221053 0.003764333 0.01204098)
(0.01252632 0.003764333 0.01204098)
(0.01221053 0.03661187 0.01919895)
(0.01252632 0.03661187 0.01919895)
(0.01221053 0.02887314 0.01938507)
(0.01252632 0.02887314 0.01938507)
(0.01221053 0.003260793 0.01924398)
(0.01252632 0.003260793 0.01924398)
(0.01221053 0.02042946 0.01875753)
(0.01252632 0.02042946 0.01875753)
(0.01221053 0.005517507 0.01002168)
(0.01252632 0.005517507 0.01002168)
(0.01221053 0.0077081 0.01006422)
(0.01252632 0.0077081 0.01006422)
(0.01221053 0.009924967 0.009946507)
(0.01252632 0.009924967 0.009946507)
(0.01221053 0.01190766 0.00965689)
(0.01252632 0.01190766 0.00965689)
(0.01221053 0.01382994 0.01040102)
(0.01252632 0.01382994 0.01040102)
(0.01221053 0.01602196 0.01070139)
(0.01252632 0.01602196 0.01070139)
(0.01221053 0.01817864 0.01032886)
(0.01252632 0.01817864 0.01032886)
(0.01221053 0.02013122 0.009602804)
(0.01252632 0.02013122 0.009602804)
(0.01221053 0.02207182 0.01007117)
(0.01252632 0.02207182 0.01007117)
(0.01221053 0.02415787 0.01019578)
(0.01252632 0.02415787 0.01019578)
(0.01221053 0.02633283 0.01026296)
(0.01252632 0.02633283 0.01026296)
(0.01221053 0.02829175 0.009976375)
(0.01252632 0.02829175 0.009976375)
(0.01221053 0.03034081 0.01063692)
(0.01252632 0.03034081 0.01063692)
(0.01221053 0.03237572 0.01004538)
(0.01252632 0.03237572 0.01004538)
(0.01221053 0.0344842 0.01027069)
(0.01252632 0.0344842 0.01027069)
(0.01221053 0.0366545 0.00978117)
(0.01252632 0.0366545 0.00978117)
(0.01221053 0.03608167 0.01225711)
(0.01252632 0.03608167 0.01225711)
(0.01221053 0.03581715 0.01492204)
(0.01252632 0.03581715 0.01492204)
(0.01221053 0.03666751 0.01713771)
(0.01252632 0.03666751 0.01713771)
(0.01221053 0.01401801 0.01944062)
(0.01252632 0.01401801 0.01944062)
(0.01221053 0.0120786 0.01884815)
(0.01252632 0.0120786 0.01884815)
(0.01221053 0.02665717 0.01946286)
(0.01252632 0.02665717 0.01946286)
(0.01221053 0.01001023 0.0184008)
(0.01252632 0.01001023 0.0184008)
(0.01221053 0.007732959 0.01841666)
(0.01252632 0.007732959 0.01841666)
(0.01221053 0.02475571 0.01864274)
(0.01252632 0.02475571 0.01864274)
(0.01221053 0.01833674 0.01781377)
(0.01252632 0.01833674 0.01781377)
(0.01221053 0.02253671 0.01836666)
(0.01252632 0.02253671 0.01836666)
(0.01221053 0.03421536 0.01774258)
(0.01252632 0.03421536 0.01774258)
(0.01221053 0.003621068 0.01689735)
(0.01252632 0.003621068 0.01689735)
(0.01221053 0.005494436 0.01883692)
(0.01252632 0.005494436 0.01883692)
(0.01221053 0.0159614 0.01874934)
(0.01252632 0.0159614 0.01874934)
(0.01221053 0.03107287 0.01737771)
(0.01252632 0.03107287 0.01737771)
(0.01221053 0.003907745 0.01446747)
(0.01252632 0.003907745 0.01446747)
(0.01221053 0.01442953 0.01348029)
(0.01252632 0.01442953 0.01348029)
(0.01221053 0.02848186 0.01342342)
(0.01252632 0.02848186 0.01342342)
(0.01221053 0.03268642 0.01350882)
(0.01252632 0.03268642 0.01350882)
(0.01221053 0.006353923 0.01293656)
(0.01252632 0.006353923 0.01293656)
(0.01221053 0.008915801 0.01228576)
(0.01252632 0.008915801 0.01228576)
(0.01221053 0.02091056 0.01570976)
(0.01252632 0.02091056 0.01570976)
(0.01221053 0.006137832 0.01607889)
(0.01252632 0.006137832 0.01607889)
(0.01221053 0.01165331 0.01584909)
(0.01252632 0.01165331 0.01584909)
(0.01221053 0.011572 0.01253776)
(0.01252632 0.011572 0.01253776)
(0.01221053 0.01783414 0.01364311)
(0.01252632 0.01783414 0.01364311)
(0.01221053 0.02024586 0.01226182)
(0.01252632 0.02024586 0.01226182)
(0.01221053 0.02282701 0.01289167)
(0.01252632 0.02282701 0.01289167)
(0.01221053 0.02542643 0.01265394)
(0.01252632 0.02542643 0.01265394)
(0.01221053 0.01392412 0.01690751)
(0.01252632 0.01392412 0.01690751)
(0.01221053 0.0245169 0.01570131)
(0.01252632 0.0245169 0.01570131)
(0.01221053 0.008924108 0.01538698)
(0.01252632 0.008924108 0.01538698)
(0.01221053 0.02745567 0.01687988)
(0.01252632 0.02745567 0.01687988)
(0.01221053 0.01618196 0.01604903)
(0.01252632 0.01618196 0.01604903)
(0.01221053 0.001955241 0.02321053)
(0.01252632 0.001955241 0.02352632)
(0.01221053 0.003910482 0.02321053)
(0.01252632 0.003910482 0.02352632)
(0.01221053 0.005947493 0.02321053)
(0.01252632 0.005947493 0.02352632)
(0.01221053 0.008119358 0.02321053)
(0.01252632 0.008119358 0.02352632)
(0.01221053 0.0100746 0.02321053)
(0.01252632 0.0100746 0.02352632)
(0.01221053 0.01202984 0.02321053)
(0.01252632 0.01202984 0.02352632)
(0.01221053 0.01398508 0.02321053)
(0.01252632 0.01398508 0.02352632)
(0.01221053 0.01594032 0.02321053)
(0.01252632 0.01594032 0.02352632)
(0.01221053 0.01819396 0.02321053)
(0.01252632 0.01819396 0.02352632)
(0.01221053 0.0201492 0.02321053)
(0.01252632 0.0201492 0.02352632)
(0.01221053 0.02210444 0.02321053)
(0.01252632 0.02210444 0.02352632)
(0.01221053 0.02405968 0.02321053)
(0.01252632 0.02405968 0.02352632)
(0.01221053 0.02601492 0.02321053)
(0.01252632 0.02601492 0.02352632)
(0.01221053 0.02797016 0.02321053)
(0.01252632 0.02797016 0.02352632)
(0.01221053 0.03010643 0.02321053)
(0.01252632 0.03010643 0.02352632)
(0.01221053 0.03217904 0.02321053)
(0.01252632 0.03217904 0.02352632)
(0.01221053 0.03413428 0.02321053)
(0.01252632 0.03413428 0.02352632)
(0.01221053 0.03608952 0.02321053)
(0.01252632 0.03608952 0.02352632)
(0.01221053 0.03804476 0.02321053)
(0.01252632 0.03804476 0.02352632)
(0.01478947 0.001433987 0.009317381)
(0.01447368 0.001433987 0.009317381)
(0.01478947 0.001663773 0.01116532)
(0.01447368 0.001663773 0.01116532)
(0.01478947 0.001824823 0.01331959)
(0.01447368 0.001824823 0.01331959)
(0.01478947 0.001913823 0.0155183)
(0.01447368 0.001913823 0.0155183)
(0.01478947 0.001776435 0.01782358)
(0.01447368 0.001776435 0.01782358)
(0.01478947 0.001537141 0.01981008)
(0.01447368 0.001537141 0.01981008)
(0.01478947 0.001226503 0.02165309)
(0.01447368 0.001226503 0.02165309)
(0.01478947 0.002593003 0.007638429)
(0.01447368 0.002593003 0.007638429)
(0.01478947 0.006966764 0.007923278)
(0.01447368 0.006966764 0.007923278)
(0.01478947 0.0111424 0.007729506)
(0.01447368 0.0111424 0.007729506)
(0.01478947 0.01486855 0.008162401)
(0.01447368 0.01486855 0.008162401)
(0.01478947 0.0192816 0.008327059)
(0.01447368 0.0192816 0.008327059)
(0.01478947 0.02309583 0.007925822)
(0.01447368 0.02309583 0.007925822)
(0.01478947 0.02676816 0.007963273)
(0.01447368 0.02676816 0.007963273)
(0.01478947 0.03103086 0.007983231)
(0.01447368 0.03103086 0.007983231)
(0.01478947 0.0350762 0.007763437)
(0.01447368 0.0350762 0.007763437)
(0.01478947 0.03847825 0.008854758)
(0.01447368 0.03847825 0.008854758)
(0.01478947 0.03817873 0.0133193)
(0.01447368 0.03817873 0.0133193)
(0.01478947 0.03816188 0.01792835)
(0.01447368 0.03816188 0.01792835)
(0.01478947 0.003010694 0.02133353)
(0.01447368 0.003010694 0.02133353)
(0.01478947 0.004965233 0.02104283)
(0.01447368 0.004965233 0.02104283)
(0.01478947 0.007171577 0.02085534)
(0.01447368 0.007171577 0.02085534)
(0.01478947 0.009269566 0.02098353)
(0.01447368 0.009269566 0.02098353)
(0.01478947 0.01136789 0.02104184)
(0.01447368 0.01136789 0.02104184)
(0.01478947 0.01338372 0.02097094)
(0.01447368 0.01338372 0.02097094)
(0.01478947 0.0154251 0.02104224)
(0.01447368 0.0154251 0.02104224)
(0.01478947 0.01728977 0.02128663)
(0.01447368 0.01728977 0.02128663)
(0.01478947 0.01920472 0.02096331)
(0.01447368 0.01920472 0.02096331)
(0.01478947 0.02127967 0.02096116)
(0.01447368 0.02127967 0.02096116)
(0.01478947 0.02318349 0.02121571)
(0.01447368 0.02318349 0.02121571)
(0.01478947 0.0251195 0.02067846)
(0.01447368 0.0251195 0.02067846)
(0.01478947 0.027255 0.02059567)
(0.01447368 0.027255 0.02059567)
(0.01478947 0.02937273 0.02081847)
(0.01447368 0.02937273 0.02081847)
(0.01478947 0.03172116 0.02102138)
(0.01447368 0.03172116 0.02102138)
(0.01478947 0.03387752 0.02114127)
(0.01447368 0.03387752 0.02114127)
(0.01478947 0.03612471 0.02152811)
(0.01447368 0.03612471 0.02152811)
(0.01478947 0.03823489 0.02019637)
(0.01447368 0.03823489 0.02019637)
(0.01478947 0.009087343 0.007792879)
(0.01447368 0.009087343 0.007792879)
(0.01478947 0.004722231 0.007777599)
(0.01447368 0.004722231 0.007777599)
(0.01478947 0.01300039 0.007528658)
(0.01447368 0.01300039 0.007528658)
(0.01478947 0.01706395 0.008433002)
(0.01447368 0.01706395 0.008433002)
(0.01478947 0.02119645 0.007700585)
(0.01447368 0.02119645 0.007700585)
(0.01478947 0.02495759 0.007496186)
(0.01447368 0.02495759 0.007496186)
(0.01478947 0.02876488 0.007994023)
(0.01447368 0.02876488 0.007994023)
(0.01478947 0.0330785 0.007928307)
(0.01447368 0.0330785 0.007928307)
(0.01478947 0.03691268 0.007578185)
(0.01447368 0.03691268 0.007578185)
(0.01478947 0.03834171 0.01109146)
(0.01447368 0.03834171 0.01109146)
(0.01478947 0.03808623 0.01558346)
(0.01447368 0.03808623 0.01558346)
(0.01478947 0.003902812 0.01198269)
(0.01447368 0.003902812 0.01198269)
(0.01478947 0.004288765 0.0143598)
(0.01447368 0.004288765 0.0143598)
(0.01478947 0.00412004 0.01675796)
(0.01447368 0.00412004 0.01675796)
(0.01478947 0.003551947 0.01916908)
(0.01447368 0.003551947 0.01916908)
(0.01478947 0.003352983 0.009688464)
(0.01447368 0.003352983 0.009688464)
(0.01478947 0.01841235 0.01154143)
(0.01447368 0.01841235 0.01154143)
(0.01478947 0.01026588 0.009742808)
(0.01447368 0.01026588 0.009742808)
(0.01478947 0.03575244 0.01691644)
(0.01447368 0.03575244 0.01691644)
(0.01478947 0.01272513 0.01007696)
(0.01447368 0.01272513 0.01007696)
(0.01478947 0.02471886 0.009978045)
(0.01447368 0.02471886 0.009978045)
(0.01478947 0.02724806 0.01074206)
(0.01447368 0.02724806 0.01074206)
(0.01478947 0.02168544 0.01070455)
(0.01447368 0.02168544 0.01070455)
(0.01478947 0.03189052 0.01052882)
(0.01447368 0.03189052 0.01052882)
(0.01478947 0.01547196 0.01105989)
(0.01447368 0.01547196 0.01105989)
(0.01478947 0.03576595 0.01446756)
(0.01447368 0.03576595 0.01446756)
(0.01478947 0.03604396 0.01935441)
(0.01447368 0.03604396 0.01935441)
(0.01478947 0.02964376 0.0101887)
(0.01447368 0.02964376 0.0101887)
(0.01478947 0.005956701 0.01860921)
(0.01447368 0.005956701 0.01860921)
(0.01478947 0.008487681 0.01835744)
(0.01447368 0.008487681 0.01835744)
(0.01478947 0.01056598 0.01897212)
(0.01447368 0.01056598 0.01897212)
(0.01478947 0.01279838 0.01833842)
(0.01447368 0.01279838 0.01833842)
(0.01478947 0.01501584 0.01880312)
(0.01447368 0.01501584 0.01880312)
(0.01478947 0.01756746 0.01857261)
(0.01447368 0.01756746 0.01857261)
(0.01478947 0.0202787 0.01859773)
(0.01447368 0.0202787 0.01859773)
(0.01478947 0.02314626 0.01814687)
(0.01447368 0.02314626 0.01814687)
(0.01478947 0.02619992 0.01731515)
(0.01447368 0.02619992 0.01731515)
(0.01478947 0.02902555 0.01764275)
(0.01447368 0.02902555 0.01764275)
(0.01478947 0.03120024 0.01881961)
(0.01447368 0.03120024 0.01881961)
(0.01478947 0.03352432 0.018821)
(0.01447368 0.03352432 0.018821)
(0.01478947 0.008055299 0.01015983)
(0.01447368 0.008055299 0.01015983)
(0.01478947 0.03615747 0.01197733)
(0.01447368 0.03615747 0.01197733)
(0.01478947 0.03659488 0.009636519)
(0.01447368 0.03659488 0.009636519)
(0.01478947 0.005688985 0.009988872)
(0.01447368 0.005688985 0.009988872)
(0.01478947 0.03432897 0.01013629)
(0.01447368 0.03432897 0.01013629)
(0.01478947 0.03321394 0.01292827)
(0.01447368 0.03321394 0.01292827)
(0.01478947 0.03244765 0.01599032)
(0.01447368 0.03244765 0.01599032)
(0.01478947 0.006650488 0.01262386)
(0.01447368 0.006650488 0.01262386)
(0.01478947 0.01565078 0.01540894)
(0.01447368 0.01565078 0.01540894)
(0.01478947 0.02463322 0.01373685)
(0.01447368 0.02463322 0.01373685)
(0.01478947 0.0292329 0.01366214)
(0.01447368 0.0292329 0.01366214)
(0.01478947 0.007282488 0.01566866)
(0.01447368 0.007282488 0.01566866)
(0.01478947 0.02025643 0.01514485)
(0.01447368 0.02025643 0.01514485)
(0.01478947 0.01092912 0.01605395)
(0.01447368 0.01092912 0.01605395)
(0.01478947 0.00989306 0.01262838)
(0.01447368 0.00989306 0.01262838)
(0.01478947 0.01305167 0.0130355)
(0.01447368 0.01305167 0.0130355)
(0.01478947 0.001955241 0.02321053)
(0.01447368 0.001955241 0.02352632)
(0.01478947 0.03804476 0.02321053)
(0.01447368 0.03804476 0.02352632)
(0.01478947 0.003910482 0.02321053)
(0.01447368 0.003910482 0.02352632)
(0.01478947 0.005947493 0.02321053)
(0.01447368 0.005947493 0.02352632)
(0.01478947 0.008119358 0.02321053)
(0.01447368 0.008119358 0.02352632)
(0.01478947 0.0100746 0.02321053)
(0.01447368 0.0100746 0.02352632)
(0.01478947 0.01202984 0.02321053)
(0.01447368 0.01202984 0.02352632)
(0.01478947 0.01398508 0.02321053)
(0.01447368 0.01398508 0.02352632)
(0.01478947 0.01594032 0.02321053)
(0.01447368 0.01594032 0.02352632)
(0.01478947 0.01819396 0.02321053)
(0.01447368 0.01819396 0.02352632)
(0.01478947 0.0201492 0.02321053)
(0.01447368 0.0201492 0.02352632)
(0.01478947 0.02210444 0.02321053)
(0.01447368 0.02210444 0.02352632)
(0.01478947 0.02405968 0.02321053)
(0.01447368 0.02405968 0.02352632)
(0.01478947 0.02601492 0.02321053)
(0.01447368 0.02601492 0.02352632)
(0.01478947 0.02797016 0.02321053)
(0.01447368 0.02797016 0.02352632)
(0.01478947 0.03010643 0.02321053)
(0.01447368 0.03010643 0.02352632)
(0.01478947 0.03217904 0.02321053)
(0.01447368 0.03217904 0.02352632)
(0.01478947 0.03413428 0.02321053)
(0.01447368 0.03413428 0.02352632)
(0.01478947 0.03608952 0.02321053)
(0.01447368 0.03608952 0.02352632)
(0.01721053 0.001393254 0.009319984)
(0.01752632 0.001393254 0.009319984)
(0.01721053 0.001711244 0.01329165)
(0.01752632 0.001711244 0.01329165)
(0.01721053 0.001609985 0.01774969)
(0.01752632 0.001609985 0.01774969)
(0.01721053 0.002526879 0.007617098)
(0.01752632 0.002526879 0.007617098)
(0.01721053 0.00464178 0.007768251)
(0.01752632 0.00464178 0.007768251)
(0.01721053 0.006852193 0.007862849)
(0.01752632 0.006852193 0.007862849)
(0.01721053 0.008934204 0.007811222)
(0.01752632 0.008934204 0.007811222)
(0.01721053 0.01100079 0.007835049)
(0.01752632 0.01100079 0.007835049)
(0.01721053 0.01303403 0.007895848)
(0.01752632 0.01303403 0.007895848)
(0.01721053 0.01506099 0.007945949)
(0.01752632 0.01506099 0.007945949)
(0.01721053 0.01706369 0.007977524)
(0.01752632 0.01706369 0.007977524)
(0.01721053 0.01915842 0.007792601)
(0.01752632 0.01915842 0.007792601)
(0.01721053 0.02127044 0.007718527)
(0.01752632 0.02127044 0.007718527)
(0.01721053 0.02325842 0.007859825)
(0.01752632 0.02325842 0.007859825)
(0.01721053 0.02530363 0.007976443)
(0.01752632 0.02530363 0.007976443)
(0.01721053 0.02736727 0.008036211)
(0.01752632 0.02736727 0.008036211)
(0.01721053 0.02936332 0.007957994)
(0.01752632 0.02936332 0.007957994)
(0.01721053 0.03128708 0.007454514)
(0.01752632 0.03128708 0.007454514)
(0.01721053 0.03312168 0.007781891)
(0.01752632 0.03312168 0.007781891)
(0.01721053 0.03511472 0.007798527)
(0.01752632 0.03511472 0.007798527)
(0.01721053 0.03709994 0.007644874)
(0.01752632 0.03709994 0.007644874)
(0.01721053 0.03876746 0.007370132)
(0.01752632 0.03876746 0.007370132)
(0.01721053 0.03846219 0.009153232)
(0.01752632 0.03846219 0.009153232)
(0.01721053 0.0382429 0.01125964)
(0.01752632 0.0382429 0.01125964)
(0.01721053 0.038067 0.01345558)
(0.01752632 0.038067 0.01345558)
(0.01721053 0.03819794 0.01576477)
(0.01752632 0.03819794 0.01576477)
(0.01721053 0.03843662 0.0180173)
(0.01752632 0.03843662 0.0180173)
(0.01721053 0.03849816 0.02020196)
(0.01752632 0.03849816 0.02020196)
(0.01721053 0.002528677 0.02131863)
(0.01752632 0.002528677 0.02131863)
(0.01721053 0.006880972 0.02091718)
(0.01752632 0.006880972 0.02091718)
(0.01721053 0.01097058 0.02103768)
(0.01752632 0.01097058 0.02103768)
(0.01721053 0.01513143 0.02115286)
(0.01752632 0.01513143 0.02115286)
(0.01721053 0.01940918 0.02079692)
(0.01752632 0.01940918 0.02079692)
(0.01721053 0.023218 0.02106828)
(0.01752632 0.023218 0.02106828)
(0.01721053 0.02690827 0.02100836)
(0.01752632 0.02690827 0.02100836)
(0.01721053 0.03087596 0.02054261)
(0.01752632 0.03087596 0.02054261)
(0.01721053 0.03507888 0.0210518)
(0.01752632 0.03507888 0.0210518)
(0.01721053 0.001617728 0.01120764)
(0.01752632 0.001617728 0.01120764)
(0.01721053 0.001727464 0.0156129)
(0.01752632 0.001727464 0.0156129)
(0.01721053 0.001395733 0.01964596)
(0.01752632 0.001395733 0.01964596)
(0.01721053 0.01299818 0.02119097)
(0.01752632 0.01299818 0.02119097)
(0.01721053 0.008937818 0.02097232)
(0.01752632 0.008937818 0.02097232)
(0.01721053 0.004657418 0.02113418)
(0.01752632 0.004657418 0.02113418)
(0.01721053 0.0172857 0.02085536)
(0.01752632 0.0172857 0.02085536)
(0.01721053 0.02132986 0.02126782)
(0.01752632 0.02132986 0.02126782)
(0.01721053 0.02505596 0.02153786)
(0.01752632 0.02505596 0.02153786)
(0.01721053 0.02883612 0.02118459)
(0.01752632 0.02883612 0.02118459)
(0.01721053 0.03301698 0.02067136)
(0.01752632 0.03301698 0.02067136)
(0.01721053 0.03695661 0.02142125)
(0.01752632 0.03695661 0.02142125)
(0.01721053 0.003242131 0.009683008)
(0.01752632 0.003242131 0.009683008)
(0.01721053 0.003629579 0.01203763)
(0.01752632 0.003629579 0.01203763)
(0.01721053 0.03673762 0.01935817)
(0.01752632 0.03673762 0.01935817)
(0.01721053 0.02823201 0.01831848)
(0.01752632 0.02823201 0.01831848)
(0.01721053 0.003247051 0.01925345)
(0.01752632 0.003247051 0.01925345)
(0.01721053 0.02194604 0.01868414)
(0.01752632 0.02194604 0.01868414)
(0.01721053 0.00544033 0.01002374)
(0.01752632 0.00544033 0.01002374)
(0.01721053 0.007595353 0.0100408)
(0.01752632 0.007595353 0.0100408)
(0.01721053 0.009834631 0.01004066)
(0.01752632 0.009834631 0.01004066)
(0.01721053 0.01196487 0.01024841)
(0.01752632 0.01196487 0.01024841)
(0.01721053 0.01411977 0.01036536)
(0.01752632 0.01411977 0.01036536)
(0.01721053 0.01629241 0.01050379)
(0.01752632 0.01629241 0.01050379)
(0.01721053 0.01835401 0.01024762)
(0.01752632 0.01835401 0.01024762)
(0.01721053 0.02026129 0.009577578)
(0.01752632 0.02026129 0.009577578)
(0.01721053 0.02226384 0.01009931)
(0.01752632 0.02226384 0.01009931)
(0.01721053 0.02444463 0.0103497)
(0.01752632 0.02444463 0.0103497)
(0.01721053 0.02683787 0.01059002)
(0.01752632 0.02683787 0.01059002)
(0.01721053 0.02924833 0.01072261)
(0.01752632 0.02924833 0.01072261)
(0.01721053 0.03147187 0.009713862)
(0.01752632 0.03147187 0.009713862)
(0.01721053 0.03397451 0.01017865)
(0.01752632 0.03397451 0.01017865)
(0.01721053 0.03650784 0.009776983)
(0.01752632 0.03650784 0.009776983)
(0.01721053 0.03578111 0.01234747)
(0.01752632 0.03578111 0.01234747)
(0.01721053 0.03516062 0.01516872)
(0.01752632 0.03516062 0.01516872)
(0.01721053 0.03669955 0.01732029)
(0.01752632 0.03669955 0.01732029)
(0.01721053 0.01405898 0.0192737)
(0.01752632 0.01405898 0.0192737)
(0.01721053 0.01205641 0.01878837)
(0.01752632 0.01205641 0.01878837)
(0.01721053 0.0250541 0.01920964)
(0.01752632 0.0250541 0.01920964)
(0.01721053 0.009867765 0.01855213)
(0.01752632 0.009867765 0.01855213)
(0.01721053 0.007692678 0.01854586)
(0.01752632 0.007692678 0.01854586)
(0.01721053 0.01891559 0.01793279)
(0.01752632 0.01891559 0.01793279)
(0.01721053 0.03449375 0.01840343)
(0.01752632 0.03449375 0.01840343)
(0.01721053 0.003588611 0.01690659)
(0.01752632 0.003588611 0.01690659)
(0.01721053 0.005466876 0.01887371)
(0.01752632 0.005466876 0.01887371)
(0.01721053 0.01610386 0.01867082)
(0.01752632 0.01610386 0.01867082)
(0.01721053 0.03168618 0.01717729)
(0.01752632 0.03168618 0.01717729)
(0.01721053 0.003828803 0.01447197)
(0.01752632 0.003828803 0.01447197)
(0.01721053 0.0153449 0.01317556)
(0.01752632 0.0153449 0.01317556)
(0.01721053 0.02860914 0.01431286)
(0.01752632 0.02860914 0.01431286)
(0.01721053 0.03220043 0.01305471)
(0.01752632 0.03220043 0.01305471)
(0.01721053 0.0212317 0.01560564)
(0.01752632 0.0212317 0.01560564)
(0.01721053 0.006134387 0.01298696)
(0.01752632 0.006134387 0.01298696)
(0.01721053 0.006052754 0.01611165)
(0.01752632 0.006052754 0.01611165)
(0.01721053 0.01122943 0.01607904)
(0.01752632 0.01122943 0.01607904)
(0.01721053 0.01061633 0.01282485)
(0.01752632 0.01061633 0.01282485)
(0.01721053 0.01300493 0.01307013)
(0.01752632 0.01300493 0.01307013)
(0.01721053 0.01824925 0.01350877)
(0.01752632 0.01824925 0.01350877)
(0.01721053 0.02044798 0.01218138)
(0.01752632 0.02044798 0.01218138)
(0.01721053 0.02303996 0.01294047)
(0.01752632 0.02303996 0.01294047)
(0.01721053 0.02575041 0.01299372)
(0.01752632 0.02575041 0.01299372)
(0.01721053 0.01392449 0.01649443)
(0.01752632 0.01392449 0.01649443)
(0.01721053 0.008479199 0.01231813)
(0.01752632 0.008479199 0.01231813)
(0.01721053 0.008572692 0.01552494)
(0.01752632 0.008572692 0.01552494)
(0.01721053 0.02495965 0.01629508)
(0.01752632 0.02495965 0.01629508)
(0.01721053 0.01647617 0.01611863)
(0.01752632 0.01647617 0.01611863)
(0.01721053 0.001955241 0.02321053)
(0.01752632 0.001955241 0.02352632)
(0.01721053 0.003910482 0.02321053)
(0.01752632 0.003910482 0.02352632)
(0.01721053 0.008119358 0.02321053)
(0.01752632 0.008119358 0.02352632)
(0.01721053 0.005947493 0.02321053)
(0.01752632 0.005947493 0.02352632)
(0.01721053 0.01202984 0.02321053)
(0.01752632 0.01202984 0.02352632)
(0.01721053 0.0100746 0.02321053)
(0.01752632 0.0100746 0.02352632)
(0.01721053 0.01398508 0.02321053)
(0.01752632 0.01398508 0.02352632)
(0.01721053 0.01594032 0.02321053)
(0.01752632 0.01594032 0.02352632)
(0.01721053 0.01819396 0.02321053)
(0.01752632 0.01819396 0.02352632)
(0.01721053 0.02210444 0.02321053)
(0.01752632 0.02210444 0.02352632)
(0.01721053 0.02405968 0.02321053)
(0.01752632 0.02405968 0.02352632)
(0.01721053 0.02797016 0.02321053)
(0.01752632 0.02797016 0.02352632)
(0.01721053 0.02601492 0.02321053)
(0.01752632 0.02601492 0.02352632)
(0.01721053 0.03010643 0.02321053)
(0.01752632 0.03010643 0.02352632)
(0.01721053 0.03413428 0.02321053)
(0.01752632 0.03413428 0.02352632)
(0.01721053 0.03804476 0.02321053)
(0.01752632 0.03804476 0.02352632)
(0.01721053 0.0201492 0.02321053)
(0.01752632 0.0201492 0.02352632)
(0.01721053 0.03217904 0.02321053)
(0.01752632 0.03217904 0.02352632)
(0.01721053 0.03608952 0.02321053)
(0.01752632 0.03608952 0.02352632)
(0.01978947 0.001452823 0.009283096)
(0.01947368 0.001452823 0.009283096)
(0.01978947 0.001656368 0.01111283)
(0.01947368 0.001656368 0.01111283)
(0.01978947 0.001768347 0.01324681)
(0.01947368 0.001768347 0.01324681)
(0.01978947 0.001840187 0.01546371)
(0.01947368 0.001840187 0.01546371)
(0.01978947 0.001801863 0.01771237)
(0.01947368 0.001801863 0.01771237)
(0.01978947 0.001617003 0.01984279)
(0.01947368 0.001617003 0.01984279)
(0.01978947 0.00131683 0.02165212)
(0.01947368 0.00131683 0.02165212)
(0.01978947 0.002656937 0.007592232)
(0.01947368 0.002656937 0.007592232)
(0.01978947 0.007292759 0.007847157)
(0.01947368 0.007292759 0.007847157)
(0.01978947 0.01140486 0.007512373)
(0.01947368 0.01140486 0.007512373)
(0.01978947 0.01543219 0.00808094)
(0.01947368 0.01543219 0.00808094)
(0.01978947 0.02007857 0.007564711)
(0.01947368 0.02007857 0.007564711)
(0.01978947 0.02410414 0.007841447)
(0.01947368 0.02410414 0.007841447)
(0.01978947 0.02819521 0.00752906)
(0.01947368 0.02819521 0.00752906)
(0.01978947 0.03270531 0.008060611)
(0.01947368 0.03270531 0.008060611)
(0.01978947 0.03722301 0.007714547)
(0.01947368 0.03722301 0.007714547)
(0.01978947 0.03858525 0.01140816)
(0.01947368 0.03858525 0.01140816)
(0.01978947 0.03828495 0.01551587)
(0.01947368 0.03828495 0.01551587)
(0.01978947 0.03848971 0.01986561)
(0.01947368 0.03848971 0.01986561)
(0.01978947 0.03875798 0.02164333)
(0.01947368 0.03875798 0.02164333)
(0.01978947 0.003079062 0.02133403)
(0.01947368 0.003079062 0.02133403)
(0.01978947 0.00510858 0.02130323)
(0.01947368 0.00510858 0.02130323)
(0.01978947 0.007483609 0.02130522)
(0.01947368 0.007483609 0.02130522)
(0.01978947 0.009591853 0.0211714)
(0.01947368 0.009591853 0.0211714)
(0.01978947 0.01172909 0.0210973)
(0.01947368 0.01172909 0.0210973)
(0.01978947 0.0138846 0.02103946)
(0.01947368 0.0138846 0.02103946)
(0.01978947 0.01599418 0.02095873)
(0.01947368 0.01599418 0.02095873)
(0.01978947 0.01821708 0.02110958)
(0.01947368 0.01821708 0.02110958)
(0.01978947 0.02038568 0.02127654)
(0.01947368 0.02038568 0.02127654)
(0.01978947 0.02242209 0.02122296)
(0.01947368 0.02242209 0.02122296)
(0.01978947 0.02455531 0.02112213)
(0.01947368 0.02455531 0.02112213)
(0.01978947 0.02661306 0.02090624)
(0.01947368 0.02661306 0.02090624)
(0.01978947 0.02871909 0.02080797)
(0.01947368 0.02871909 0.02080797)
(0.01978947 0.03095525 0.02093775)
(0.01947368 0.03095525 0.02093775)
(0.01978947 0.03303517 0.02140374)
(0.01947368 0.03303517 0.02140374)
(0.01978947 0.03511282 0.02149813)
(0.01947368 0.03511282 0.02149813)
(0.01978947 0.03709495 0.02134712)
(0.01947368 0.03709495 0.02134712)
(0.01978947 0.009459615 0.007847744)
(0.01947368 0.009459615 0.007847744)
(0.01978947 0.004904108 0.007729304)
(0.01947368 0.004904108 0.007729304)
(0.01978947 0.01329621 0.007933337)
(0.01947368 0.01329621 0.007933337)
(0.01978947 0.01801592 0.008403051)
(0.01947368 0.01801592 0.008403051)
(0.01978947 0.02203235 0.007839957)
(0.01947368 0.02203235 0.007839957)
(0.01978947 0.02621373 0.007741178)
(0.01947368 0.02621373 0.007741178)
(0.01978947 0.03029528 0.008521931)
(0.01947368 0.03029528 0.008521931)
(0.01978947 0.03497228 0.00771511)
(0.01947368 0.03497228 0.00771511)
(0.01978947 0.03820205 0.009618378)
(0.01947368 0.03820205 0.009618378)
(0.01978947 0.03830796 0.0133255)
(0.01947368 0.03830796 0.0133255)
(0.01978947 0.03833175 0.01778138)
(0.01947368 0.03833175 0.01778138)
(0.01978947 0.01621088 0.01031411)
(0.01947368 0.01621088 0.01031411)
(0.01978947 0.00384337 0.0118309)
(0.01947368 0.00384337 0.0118309)
(0.01978947 0.004072749 0.01413934)
(0.01947368 0.004072749 0.01413934)
(0.01978947 0.004069356 0.01650839)
(0.01947368 0.004069356 0.01650839)
(0.01978947 0.003966698 0.01904204)
(0.01947368 0.003966698 0.01904204)
(0.01978947 0.008398747 0.01013296)
(0.01947368 0.008398747 0.01013296)
(0.01978947 0.02034547 0.009958608)
(0.01947368 0.02034547 0.009958608)
(0.01978947 0.03611654 0.01430732)
(0.01947368 0.03611654 0.01430732)
(0.01978947 0.0138084 0.01045351)
(0.01947368 0.0138084 0.01045351)
(0.01978947 0.0251622 0.01000427)
(0.01947368 0.0251622 0.01000427)
(0.01978947 0.0111808 0.01007407)
(0.01947368 0.0111808 0.01007407)
(0.01978947 0.03411108 0.01015494)
(0.01947368 0.03411108 0.01015494)
(0.01978947 0.03619067 0.009333105)
(0.01947368 0.03619067 0.009333105)
(0.01978947 0.03643411 0.01670787)
(0.01947368 0.03643411 0.01670787)
(0.01978947 0.005844057 0.00985087)
(0.01947368 0.005844057 0.00985087)
(0.01978947 0.03165177 0.01103155)
(0.01947368 0.03165177 0.01103155)
(0.01978947 0.03645649 0.0116356)
(0.01947368 0.03645649 0.0116356)
(0.01978947 0.003412761 0.009603983)
(0.01947368 0.003412761 0.009603983)
(0.01978947 0.02769332 0.009664012)
(0.01947368 0.02769332 0.009664012)
(0.01978947 0.006299207 0.01965356)
(0.01947368 0.006299207 0.01965356)
(0.01978947 0.008502741 0.01907552)
(0.01947368 0.008502741 0.01907552)
(0.01978947 0.01075048 0.0189149)
(0.01947368 0.01075048 0.0189149)
(0.01978947 0.01312967 0.01882737)
(0.01947368 0.01312967 0.01882737)
(0.01978947 0.01542249 0.01853722)
(0.01947368 0.01542249 0.01853722)
(0.01978947 0.01766435 0.01866598)
(0.01947368 0.01766435 0.01866598)
(0.01978947 0.01960114 0.01939069)
(0.01947368 0.01960114 0.01939069)
(0.01978947 0.02164028 0.01895506)
(0.01947368 0.02164028 0.01895506)
(0.01978947 0.02364484 0.01919448)
(0.01947368 0.02364484 0.01919448)
(0.01978947 0.02564069 0.01831791)
(0.01947368 0.02564069 0.01831791)
(0.01978947 0.02808657 0.01796581)
(0.01947368 0.02808657 0.01796581)
(0.01978947 0.03051284 0.01817859)
(0.01947368 0.03051284 0.01817859)
(0.01978947 0.03246319 0.01905623)
(0.01947368 0.03246319 0.01905623)
(0.01978947 0.03434354 0.01999061)
(0.01947368 0.03434354 0.01999061)
(0.01978947 0.02275086 0.01032186)
(0.01947368 0.02275086 0.01032186)
(0.01978947 0.01827619 0.01187238)
(0.01947368 0.01827619 0.01187238)
(0.01978947 0.0366049 0.01921558)
(0.01947368 0.0366049 0.01921558)
(0.01978947 0.02915007 0.01196324)
(0.01947368 0.02915007 0.01196324)
(0.01978947 0.03320411 0.01591351)
(0.01947368 0.03320411 0.01591351)
(0.01978947 0.02094422 0.01332285)
(0.01947368 0.02094422 0.01332285)
(0.01978947 0.006462797 0.0123279)
(0.01947368 0.006462797 0.0123279)
(0.01978947 0.03354707 0.01302923)
(0.01947368 0.03354707 0.01302923)
(0.01978947 0.006588145 0.01738782)
(0.01947368 0.006588145 0.01738782)
(0.01978947 0.01750783 0.01549589)
(0.01947368 0.01750783 0.01549589)
(0.01978947 0.03047305 0.0147338)
(0.01947368 0.03047305 0.0147338)
(0.01978947 0.02655661 0.01204491)
(0.01947368 0.02655661 0.01204491)
(0.01978947 0.00673004 0.01495888)
(0.01947368 0.00673004 0.01495888)
(0.01978947 0.01222985 0.0133679)
(0.01947368 0.01222985 0.0133679)
(0.01978947 0.01537385 0.01297143)
(0.01947368 0.01537385 0.01297143)
(0.01978947 0.0346215 0.01793302)
(0.01947368 0.0346215 0.01793302)
(0.01978947 0.009399646 0.01618123)
(0.01947368 0.009399646 0.01618123)
(0.01978947 0.01198037 0.01659297)
(0.01947368 0.01198037 0.01659297)
(0.01978947 0.0144727 0.01597585)
(0.01947368 0.0144727 0.01597585)
(0.01978947 0.02013843 0.01673741)
(0.01947368 0.02013843 0.01673741)
(0.01978947 0.02333414 0.01626692)
(0.01947368 0.02333414 0.01626692)
(0.01978947 0.02677777 0.01517458)
(0.01947368 0.02677777 0.01517458)
(0.01978947 0.02403339 0.01297128)
(0.01947368 0.02403339 0.01297128)
(0.01978947 0.009350518 0.01284183)
(0.01947368 0.009350518 0.01284183)
(0.01978947 0.002036825 0.02321053)
(0.01947368 0.002036825 0.02352632)
(0.01978947 0.03796317 0.02321053)
(0.01947368 0.03796317 0.02352632)
(0.01978947 0.00407365 0.02321053)
(0.01947368 0.00407365 0.02352632)
(0.01978947 0.006250134 0.02321053)
(0.01947368 0.006250134 0.02352632)
(0.01978947 0.008445694 0.02321053)
(0.01947368 0.008445694 0.02352632)
(0.01978947 0.01048252 0.02321053)
(0.01947368 0.01048252 0.02352632)
(0.01978947 0.01251934 0.02321053)
(0.01947368 0.01251934 0.02352632)
(0.01978947 0.01455617 0.02321053)
(0.01947368 0.01455617 0.02352632)
(0.01978947 0.0166086 0.02321053)
(0.01947368 0.0166086 0.02352632)
(0.01978947 0.01913078 0.02321053)
(0.01947368 0.01913078 0.02352632)
(0.01978947 0.02116761 0.02321053)
(0.01947368 0.02116761 0.02352632)
(0.01978947 0.02320443 0.02321053)
(0.01947368 0.02320443 0.02352632)
(0.01978947 0.02524126 0.02321053)
(0.01947368 0.02524126 0.02352632)
(0.01978947 0.02727808 0.02321053)
(0.01947368 0.02727808 0.02352632)
(0.01978947 0.02938819 0.02321053)
(0.01947368 0.02938819 0.02352632)
(0.01978947 0.0318527 0.02321053)
(0.01947368 0.0318527 0.02352632)
(0.01978947 0.03388952 0.02321053)
(0.01947368 0.03388952 0.02352632)
(0.01978947 0.03592635 0.02321053)
(0.01947368 0.03592635 0.02352632)
(0.02221053 0.001381862 0.009310024)
(0.02252632 0.001381862 0.009310024)
(0.02221053 0.001715813 0.01326018)
(0.02252632 0.001715813 0.01326018)
(0.02221053 0.001659644 0.01774708)
(0.02252632 0.001659644 0.01774708)
(0.02221053 0.002545335 0.007624544)
(0.02252632 0.002545335 0.007624544)
(0.02221053 0.004634732 0.007743636)
(0.02252632 0.004634732 0.007743636)
(0.02221053 0.006844035 0.00785835)
(0.02252632 0.006844035 0.00785835)
(0.02221053 0.008898933 0.00779847)
(0.02252632 0.008898933 0.00779847)
(0.02221053 0.01096608 0.007818691)
(0.02252632 0.01096608 0.007818691)
(0.02221053 0.01302143 0.007881103)
(0.02252632 0.01302143 0.007881103)
(0.02221053 0.01504424 0.007963243)
(0.02252632 0.01504424 0.007963243)
(0.02221053 0.01704361 0.007997613)
(0.02252632 0.01704361 0.007997613)
(0.02221053 0.01911359 0.007740139)
(0.02252632 0.01911359 0.007740139)
(0.02221053 0.02119888 0.007709237)
(0.02252632 0.02119888 0.007709237)
(0.02221053 0.02317885 0.007873381)
(0.02252632 0.02317885 0.007873381)
(0.02221053 0.02515394 0.007919363)
(0.02252632 0.02515394 0.007919363)
(0.02221053 0.02711512 0.00780628)
(0.02252632 0.02711512 0.00780628)
(0.02221053 0.02916899 0.00780496)
(0.02252632 0.02916899 0.00780496)
(0.02221053 0.03125944 0.007824305)
(0.02252632 0.03125944 0.007824305)
(0.02221053 0.03327475 0.007749246)
(0.02252632 0.03327475 0.007749246)
(0.02221053 0.03521118 0.007749074)
(0.02252632 0.03521118 0.007749074)
(0.02221053 0.03709702 0.007638642)
(0.02252632 0.03709702 0.007638642)
(0.02221053 0.03882549 0.00735888)
(0.02252632 0.03882549 0.00735888)
(0.02221053 0.03851838 0.009162992)
(0.02252632 0.03851838 0.009162992)
(0.02221053 0.03834975 0.01121424)
(0.02252632 0.03834975 0.01121424)
(0.02221053 0.03820785 0.01338455)
(0.02252632 0.03820785 0.01338455)
(0.02221053 0.03820659 0.0156555)
(0.02252632 0.03820659 0.0156555)
(0.02221053 0.03835133 0.0179563)
(0.02252632 0.03835133 0.0179563)
(0.02221053 0.03851092 0.02016049)
(0.02252632 0.03851092 0.02016049)
(0.02221053 0.002604545 0.0212717)
(0.02252632 0.002604545 0.0212717)
(0.02221053 0.006992762 0.0208526)
(0.02252632 0.006992762 0.0208526)
(0.02221053 0.01103087 0.02116557)
(0.02252632 0.01103087 0.02116557)
(0.02221053 0.01507071 0.021206)
(0.02252632 0.01507071 0.021206)
(0.02221053 0.01910489 0.02105152)
(0.02252632 0.01910489 0.02105152)
(0.02221053 0.02305266 0.02121706)
(0.02252632 0.02305266 0.02121706)
(0.02221053 0.02699873 0.02120939)
(0.02252632 0.02699873 0.02120939)
(0.02221053 0.0311767 0.02098085)
(0.02252632 0.0311767 0.02098085)
(0.02221053 0.03514435 0.02120855)
(0.02252632 0.03514435 0.02120855)
(0.02221053 0.001595751 0.01118544)
(0.02252632 0.001595751 0.01118544)
(0.02221053 0.001769903 0.01552907)
(0.02252632 0.001769903 0.01552907)
(0.02221053 0.001447664 0.01962324)
(0.02252632 0.001447664 0.01962324)
(0.02221053 0.01309251 0.02124601)
(0.02252632 0.01309251 0.02124601)
(0.02221053 0.009044223 0.02095638)
(0.02252632 0.009044223 0.02095638)
(0.02221053 0.004747305 0.02106829)
(0.02252632 0.004747305 0.02106829)
(0.02221053 0.0171777 0.02104175)
(0.02252632 0.0171777 0.02104175)
(0.02221053 0.02112728 0.02114013)
(0.02252632 0.02112728 0.02114013)
(0.02221053 0.025078 0.02123396)
(0.02252632 0.025078 0.02123396)
(0.02221053 0.02904726 0.02113234)
(0.02252632 0.02904726 0.02113234)
(0.02221053 0.0331818 0.02105862)
(0.02252632 0.0331818 0.02105862)
(0.02221053 0.03694835 0.021431)
(0.02252632 0.03694835 0.021431)
(0.02221053 0.003214896 0.009652466)
(0.02252632 0.003214896 0.009652466)
(0.02221053 0.003556366 0.01195995)
(0.02252632 0.003556366 0.01195995)
(0.02221053 0.00337046 0.01916828)
(0.02252632 0.00337046 0.01916828)
(0.02221053 0.003872055 0.01678895)
(0.02252632 0.003872055 0.01678895)
(0.02221053 0.0201796 0.01900371)
(0.02252632 0.0201796 0.01900371)
(0.02221053 0.005394348 0.00992658)
(0.02252632 0.005394348 0.00992658)
(0.02221053 0.007557105 0.01009349)
(0.02252632 0.007557105 0.01009349)
(0.02221053 0.009692551 0.01000805)
(0.02252632 0.009692551 0.01000805)
(0.02221053 0.01191997 0.01012672)
(0.02252632 0.01191997 0.01012672)
(0.02221053 0.01405137 0.01041247)
(0.02252632 0.01405137 0.01041247)
(0.02221053 0.01620948 0.01058163)
(0.02252632 0.01620948 0.01058163)
(0.02221053 0.01829407 0.01033147)
(0.02252632 0.01829407 0.01033147)
(0.02221053 0.02020635 0.009615238)
(0.02252632 0.02020635 0.009615238)
(0.02221053 0.02215983 0.01018101)
(0.02252632 0.02215983 0.01018101)
(0.02221053 0.02427847 0.01045544)
(0.02252632 0.02427847 0.01045544)
(0.02221053 0.02643437 0.01039867)
(0.02252632 0.02643437 0.01039867)
(0.02221053 0.02834819 0.009822271)
(0.02252632 0.02834819 0.009822271)
(0.02221053 0.03041608 0.01033965)
(0.02252632 0.03041608 0.01033965)
(0.02221053 0.03242177 0.009830841)
(0.02252632 0.03242177 0.009830841)
(0.02221053 0.03450954 0.01012463)
(0.02252632 0.03450954 0.01012463)
(0.02221053 0.0366642 0.009736893)
(0.02252632 0.0366642 0.009736893)
(0.02221053 0.03612026 0.01210534)
(0.02252632 0.03612026 0.01210534)
(0.02221053 0.03589049 0.0145703)
(0.02252632 0.03589049 0.0145703)
(0.02221053 0.03636926 0.017139)
(0.02252632 0.03636926 0.017139)
(0.02221053 0.0367199 0.01935724)
(0.02252632 0.0367199 0.01935724)
(0.02221053 0.01413667 0.0189449)
(0.02252632 0.01413667 0.0189449)
(0.02221053 0.01217305 0.01929366)
(0.02252632 0.01217305 0.01929366)
(0.02221053 0.02602165 0.01880446)
(0.02252632 0.02602165 0.01880446)
(0.02221053 0.01025847 0.01859565)
(0.02252632 0.01025847 0.01859565)
(0.02221053 0.008027702 0.01839497)
(0.02252632 0.008027702 0.01839497)
(0.02221053 0.02408906 0.01930669)
(0.02252632 0.02408906 0.01930669)
(0.02221053 0.0181853 0.01814594)
(0.02252632 0.0181853 0.01814594)
(0.02221053 0.02218614 0.01872923)
(0.02252632 0.02218614 0.01872923)
(0.02221053 0.03223656 0.01863328)
(0.02252632 0.03223656 0.01863328)
(0.02221053 0.02998275 0.01863831)
(0.02252632 0.02998275 0.01863831)
(0.02221053 0.005700814 0.01869568)
(0.02252632 0.005700814 0.01869568)
(0.02221053 0.01614015 0.01917812)
(0.02252632 0.01614015 0.01917812)
(0.02221053 0.003928034 0.01437358)
(0.02252632 0.003928034 0.01437358)
(0.02221053 0.02798986 0.01922726)
(0.02252632 0.02798986 0.01922726)
(0.02221053 0.03452913 0.01893278)
(0.02252632 0.03452913 0.01893278)
(0.02221053 0.01505788 0.01343214)
(0.02252632 0.01505788 0.01343214)
(0.02221053 0.02887993 0.01283285)
(0.02252632 0.02887993 0.01283285)
(0.02221053 0.005952908 0.01260699)
(0.02252632 0.005952908 0.01260699)
(0.02221053 0.03277147 0.01292533)
(0.02252632 0.03277147 0.01292533)
(0.02221053 0.008237453 0.01282546)
(0.02252632 0.008237453 0.01282546)
(0.02221053 0.02084445 0.01597501)
(0.02252632 0.02084445 0.01597501)
(0.02221053 0.03366858 0.01618627)
(0.02252632 0.03366858 0.01618627)
(0.02221053 0.02772968 0.01630748)
(0.02252632 0.02772968 0.01630748)
(0.02221053 0.0066 0.0156641)
(0.02252632 0.0066 0.0156641)
(0.02221053 0.0104957 0.01231555)
(0.02252632 0.0104957 0.01231555)
(0.02221053 0.01266627 0.01308803)
(0.02252632 0.01266627 0.01308803)
(0.02221053 0.01781721 0.01378606)
(0.02252632 0.01781721 0.01378606)
(0.02221053 0.02032497 0.01232345)
(0.02252632 0.02032497 0.01232345)
(0.02221053 0.02291193 0.01314088)
(0.02252632 0.02291193 0.01314088)
(0.02221053 0.02584227 0.01324191)
(0.02252632 0.02584227 0.01324191)
(0.02221053 0.01271956 0.01647007)
(0.02252632 0.01271956 0.01647007)
(0.02221053 0.009747444 0.01566508)
(0.02252632 0.009747444 0.01566508)
(0.02221053 0.02417486 0.0164459)
(0.02252632 0.02417486 0.0164459)
(0.02221053 0.03085023 0.01580749)
(0.02252632 0.03085023 0.01580749)
(0.02221053 0.01563674 0.01652624)
(0.02252632 0.01563674 0.01652624)
(0.02221053 0.001955241 0.02321053)
(0.02252632 0.001955241 0.02352632)
(0.02221053 0.003910482 0.02321053)
(0.02252632 0.003910482 0.02352632)
(0.02221053 0.005947493 0.02321053)
(0.02252632 0.005947493 0.02352632)
(0.02221053 0.008119358 0.02321053)
(0.02252632 0.008119358 0.02352632)
(0.02221053 0.0100746 0.02321053)
(0.02252632 0.0100746 0.02352632)
(0.02221053 0.01202984 0.02321053)
(0.02252632 0.01202984 0.02352632)
(0.02221053 0.01398508 0.02321053)
(0.02252632 0.01398508 0.02352632)
(0.02221053 0.01594032 0.02321053)
(0.02252632 0.01594032 0.02352632)
(0.02221053 0.01819396 0.02321053)
(0.02252632 0.01819396 0.02352632)
(0.02221053 0.0201492 0.02321053)
(0.02252632 0.0201492 0.02352632)
(0.02221053 0.02210444 0.02321053)
(0.02252632 0.02210444 0.02352632)
(0.02221053 0.02405968 0.02321053)
(0.02252632 0.02405968 0.02352632)
(0.02221053 0.02601492 0.02321053)
(0.02252632 0.02601492 0.02352632)
(0.02221053 0.02797016 0.02321053)
(0.02252632 0.02797016 0.02352632)
(0.02221053 0.03010643 0.02321053)
(0.02252632 0.03010643 0.02352632)
(0.02221053 0.03217904 0.02321053)
(0.02252632 0.03217904 0.02352632)
(0.02221053 0.03413428 0.02321053)
(0.02252632 0.03413428 0.02352632)
(0.02221053 0.03608952 0.02321053)
(0.02252632 0.03608952 0.02352632)
(0.02221053 0.03804476 0.02321053)
(0.02252632 0.03804476 0.02352632)
(0.02478947 0.001437805 0.009317277)
(0.02447368 0.001437805 0.009317277)
(0.02478947 0.001675117 0.01117167)
(0.02447368 0.001675117 0.01117167)
(0.02478947 0.001837748 0.01333758)
(0.02447368 0.001837748 0.01333758)
(0.02478947 0.001902989 0.01556117)
(0.02447368 0.001902989 0.01556117)
(0.02478947 0.001760287 0.01781694)
(0.02447368 0.001760287 0.01781694)
(0.02478947 0.001536298 0.01984806)
(0.02447368 0.001536298 0.01984806)
(0.02478947 0.001261308 0.02165978)
(0.02447368 0.001261308 0.02165978)
(0.02478947 0.002570823 0.007620715)
(0.02447368 0.002570823 0.007620715)
(0.02478947 0.007011995 0.007914642)
(0.02447368 0.007011995 0.007914642)
(0.02478947 0.01115515 0.007741416)
(0.02447368 0.01115515 0.007741416)
(0.02478947 0.01488 0.008148092)
(0.02447368 0.01488 0.008148092)
(0.02478947 0.01915462 0.007920784)
(0.02447368 0.01915462 0.007920784)
(0.02478947 0.02317545 0.008212346)
(0.02447368 0.02317545 0.008212346)
(0.02478947 0.02690481 0.007907753)
(0.02447368 0.02690481 0.007907753)
(0.02478947 0.03114745 0.007866296)
(0.02447368 0.03114745 0.007866296)
(0.02478947 0.03513767 0.007736296)
(0.02447368 0.03513767 0.007736296)
(0.02478947 0.03848484 0.008815663)
(0.02447368 0.03848484 0.008815663)
(0.02478947 0.03820122 0.01329826)
(0.02447368 0.03820122 0.01329826)
(0.02478947 0.03813979 0.01789697)
(0.02447368 0.03813979 0.01789697)
(0.02478947 0.00294726 0.02136283)
(0.02447368 0.00294726 0.02136283)
(0.02478947 0.004942767 0.02106135)
(0.02447368 0.004942767 0.02106135)
(0.02478947 0.007170098 0.02085364)
(0.02447368 0.007170098 0.02085364)
(0.02478947 0.009185234 0.02108529)
(0.02447368 0.009185234 0.02108529)
(0.02478947 0.01126454 0.02121754)
(0.02447368 0.01126454 0.02121754)
(0.02478947 0.01335868 0.02105568)
(0.02447368 0.01335868 0.02105568)
(0.02478947 0.01538705 0.02087113)
(0.02447368 0.01538705 0.02087113)
(0.02478947 0.01729432 0.02122456)
(0.02447368 0.01729432 0.02122456)
(0.02478947 0.01924236 0.02095723)
(0.02447368 0.01924236 0.02095723)
(0.02478947 0.02113274 0.02140938)
(0.02447368 0.02113274 0.02140938)
(0.02478947 0.0230207 0.0208477)
(0.02447368 0.0230207 0.0208477)
(0.02478947 0.02500598 0.02105155)
(0.02447368 0.02500598 0.02105155)
(0.02478947 0.02700307 0.02044241)
(0.02447368 0.02700307 0.02044241)
(0.02478947 0.0292112 0.0206476)
(0.02447368 0.0292112 0.0206476)
(0.02478947 0.03162791 0.02090808)
(0.02447368 0.03162791 0.02090808)
(0.02478947 0.03383213 0.02109638)
(0.02447368 0.03383213 0.02109638)
(0.02478947 0.03613295 0.02151446)
(0.02447368 0.03613295 0.02151446)
(0.02478947 0.03820581 0.02020981)
(0.02447368 0.03820581 0.02020981)
(0.02478947 0.009083537 0.007790256)
(0.02447368 0.009083537 0.007790256)
(0.02478947 0.004733649 0.007780837)
(0.02447368 0.004733649 0.007780837)
(0.02478947 0.01301386 0.007528296)
(0.02447368 0.01301386 0.007528296)
(0.02478947 0.01702079 0.008381596)
(0.02447368 0.01702079 0.008381596)
(0.02478947 0.02110281 0.008440577)
(0.02447368 0.02110281 0.008440577)
(0.02478947 0.02504301 0.007562296)
(0.02447368 0.02504301 0.007562296)
(0.02478947 0.02889558 0.007888373)
(0.02447368 0.02889558 0.007888373)
(0.02478947 0.03315961 0.007858664)
(0.02447368 0.03315961 0.007858664)
(0.02478947 0.03697085 0.007557752)
(0.02447368 0.03697085 0.007557752)
(0.02478947 0.03832154 0.01105235)
(0.02447368 0.03832154 0.01105235)
(0.02478947 0.0380822 0.01559463)
(0.02447368 0.0380822 0.01559463)
(0.02478947 0.003937079 0.0119995)
(0.02447368 0.003937079 0.0119995)
(0.02478947 0.004325116 0.01438924)
(0.02447368 0.004325116 0.01438924)
(0.02478947 0.004155965 0.01679184)
(0.02447368 0.004155965 0.01679184)
(0.02478947 0.003547599 0.01919426)
(0.02447368 0.003547599 0.01919426)
(0.02478947 0.003367187 0.009688619)
(0.02447368 0.003367187 0.009688619)
(0.02478947 0.01899317 0.01113471)
(0.02447368 0.01899317 0.01113471)
(0.02478947 0.01032856 0.009785758)
(0.02447368 0.01032856 0.009785758)
(0.02478947 0.03577732 0.01686422)
(0.02447368 0.03577732 0.01686422)
(0.02478947 0.01281905 0.01008815)
(0.02447368 0.01281905 0.01008815)
(0.02478947 0.02520675 0.01011629)
(0.02447368 0.02520675 0.01011629)
(0.02478947 0.02771609 0.01050097)
(0.02447368 0.02771609 0.01050097)
(0.02478947 0.02255881 0.01195815)
(0.02447368 0.02255881 0.01195815)
(0.02478947 0.0321044 0.01031097)
(0.02447368 0.0321044 0.01031097)
(0.02478947 0.01567837 0.01099826)
(0.02447368 0.01567837 0.01099826)
(0.02478947 0.03582205 0.0144015)
(0.02447368 0.03582205 0.0144015)
(0.02478947 0.03600653 0.0193229)
(0.02447368 0.03600653 0.0193229)
(0.02478947 0.02995311 0.00992175)
(0.02447368 0.02995311 0.00992175)
(0.02478947 0.0060114 0.0186749)
(0.02447368 0.0060114 0.0186749)
(0.02478947 0.008462671 0.01841694)
(0.02447368 0.008462671 0.01841694)
(0.02478947 0.0104626 0.01917671)
(0.02447368 0.0104626 0.01917671)
(0.02478947 0.01247558 0.0190752)
(0.02447368 0.01247558 0.0190752)
(0.02478947 0.01469411 0.01812306)
(0.02447368 0.01469411 0.01812306)
(0.02478947 0.01776861 0.01843078)
(0.02447368 0.01776861 0.01843078)
(0.02478947 0.02098764 0.01880027)
(0.02447368 0.02098764 0.01880027)
(0.02478947 0.02436851 0.01753664)
(0.02447368 0.02436851 0.01753664)
(0.02478947 0.02836444 0.01704579)
(0.02447368 0.02836444 0.01704579)
(0.02478947 0.03095721 0.018548)
(0.02447368 0.03095721 0.018548)
(0.02478947 0.03342289 0.01871121)
(0.02447368 0.03342289 0.01871121)
(0.02478947 0.008118979 0.01021181)
(0.02447368 0.008118979 0.01021181)
(0.02478947 0.03628338 0.01187298)
(0.02447368 0.03628338 0.01187298)
(0.02478947 0.03667958 0.009643673)
(0.02447368 0.03667958 0.009643673)
(0.02478947 0.005729752 0.01000507)
(0.02447368 0.005729752 0.01000507)
(0.02478947 0.03445075 0.01004747)
(0.02447368 0.03445075 0.01004747)
(0.02478947 0.03341829 0.01275299)
(0.02447368 0.03341829 0.01275299)
(0.02478947 0.0324448 0.01579859)
(0.02447368 0.0324448 0.01579859)
(0.02478947 0.006738268 0.01266958)
(0.02447368 0.006738268 0.01266958)
(0.02478947 0.01628188 0.01485477)
(0.02447368 0.01628188 0.01485477)
(0.02478947 0.02624549 0.01350286)
(0.02447368 0.02624549 0.01350286)
(0.02478947 0.007418065 0.01570511)
(0.02447368 0.007418065 0.01570511)
(0.02478947 0.02021675 0.01531945)
(0.02447368 0.02021675 0.01531945)
(0.02478947 0.02994227 0.01305245)
(0.02447368 0.02994227 0.01305245)
(0.02478947 0.01156808 0.01618585)
(0.02447368 0.01156808 0.01618585)
(0.02478947 0.01013014 0.01275591)
(0.02447368 0.01013014 0.01275591)
(0.02478947 0.01336633 0.0130459)
(0.02447368 0.01336633 0.0130459)
(0.02478947 0.001955241 0.02321053)
(0.02447368 0.001955241 0.02352632)
(0.02478947 0.03804476 0.02321053)
(0.02447368 0.03804476 0.02352632)
(0.02478947 0.003910482 0.02321053)
(0.02447368 0.003910482 0.02352632)
(0.02478947 0.005947493 0.02321053)
(0.02447368 0.005947493 0.02352632)
(0.02478947 0.008119358 0.02321053)
(0.02447368 0.008119358 0.02352632)
(0.02478947 0.0100746 0.02321053)
(0.02447368 0.0100746 0.02352632)
(0.02478947 0.01202984 0.02321053)
(0.02447368 0.01202984 0.02352632)
(0.02478947 0.01398508 0.02321053)
(0.02447368 0.01398508 0.02352632)
(0.02478947 0.01594032 0.02321053)
(0.02447368 0.01594032 0.02352632)
(0.02478947 0.01819396 0.02321053)
(0.02447368 0.01819396 0.02352632)
(0.02478947 0.0201492 0.02321053)
(0.02447368 0.0201492 0.02352632)
(0.02478947 0.02210444 0.02321053)
(0.02447368 0.02210444 0.02352632)
(0.02478947 0.02405968 0.02321053)
(0.02447368 0.02405968 0.02352632)
(0.02478947 0.02601492 0.02321053)
(0.02447368 0.02601492 0.02352632)
(0.02478947 0.02797016 0.02321053)
(0.02447368 0.02797016 0.02352632)
(0.02478947 0.03010643 0.02321053)
(0.02447368 0.03010643 0.02352632)
(0.02478947 0.03217904 0.02321053)
(0.02447368 0.03217904 0.02352632)
(0.02478947 0.03413428 0.02321053)
(0.02447368 0.03413428 0.02352632)
(0.02478947 0.03608952 0.02321053)
(0.02447368 0.03608952 0.02352632)
(0.02721053 0.001402836 0.009321652)
(0.02752632 0.001402836 0.009321652)
(0.02721053 0.001733427 0.01328726)
(0.02752632 0.001733427 0.01328726)
(0.02721053 0.001618537 0.01774897)
(0.02752632 0.001618537 0.01774897)
(0.02721053 0.002534968 0.007618907)
(0.02752632 0.002534968 0.007618907)
(0.02721053 0.004657437 0.007773234)
(0.02752632 0.004657437 0.007773234)
(0.02721053 0.006871455 0.007868233)
(0.02752632 0.006871455 0.007868233)
(0.02721053 0.008936517 0.007772739)
(0.02752632 0.008936517 0.007772739)
(0.02721053 0.01095987 0.007668064)
(0.02752632 0.01095987 0.007668064)
(0.02721053 0.01302547 0.007747506)
(0.02752632 0.01302547 0.007747506)
(0.02721053 0.0149949 0.007957145)
(0.02752632 0.0149949 0.007957145)
(0.02721053 0.01698727 0.008014469)
(0.02752632 0.01698727 0.008014469)
(0.02721053 0.0191129 0.007770105)
(0.02752632 0.0191129 0.007770105)
(0.02721053 0.0211655 0.007676375)
(0.02752632 0.0211655 0.007676375)
(0.02721053 0.02313749 0.00779976)
(0.02752632 0.02313749 0.00779976)
(0.02721053 0.02513265 0.007849437)
(0.02752632 0.02513265 0.007849437)
(0.02721053 0.02711946 0.007806755)
(0.02752632 0.02711946 0.007806755)
(0.02721053 0.02916579 0.007877946)
(0.02752632 0.02916579 0.007877946)
(0.02721053 0.03124319 0.007917741)
(0.02752632 0.03124319 0.007917741)
(0.02721053 0.03326163 0.007827157)
(0.02752632 0.03326163 0.007827157)
(0.02721053 0.03521795 0.007787285)
(0.02752632 0.03521795 0.007787285)
(0.02721053 0.03714718 0.007634028)
(0.02752632 0.03714718 0.007634028)
(0.02721053 0.03878586 0.007359531)
(0.02752632 0.03878586 0.007359531)
(0.02721053 0.03850912 0.009135903)
(0.02752632 0.03850912 0.009135903)
(0.02721053 0.03834052 0.0112285)
(0.02752632 0.03834052 0.0112285)
(0.02721053 0.03821889 0.01339451)
(0.02752632 0.03821889 0.01339451)
(0.02721053 0.03830419 0.01572543)
(0.02752632 0.03830419 0.01572543)
(0.02721053 0.03841142 0.01796037)
(0.02752632 0.03841142 0.01796037)
(0.02721053 0.03846393 0.02014209)
(0.02752632 0.03846393 0.02014209)
(0.02721053 0.002534885 0.02131579)
(0.02752632 0.002534885 0.02131579)
(0.02721053 0.00690198 0.02088907)
(0.02752632 0.00690198 0.02088907)
(0.02721053 0.01096788 0.02105685)
(0.02752632 0.01096788 0.02105685)
(0.02721053 0.01509338 0.02123684)
(0.02752632 0.01509338 0.02123684)
(0.02721053 0.01917099 0.02099448)
(0.02752632 0.01917099 0.02099448)
(0.02721053 0.02326017 0.02099098)
(0.02752632 0.02326017 0.02099098)
(0.02721053 0.02719524 0.02141087)
(0.02752632 0.02719524 0.02141087)
(0.02721053 0.03096303 0.02088564)
(0.02752632 0.03096303 0.02088564)
(0.02721053 0.03499303 0.02097595)
(0.02752632 0.03499303 0.02097595)
(0.02721053 0.001633764 0.01120708)
(0.02752632 0.001633764 0.01120708)
(0.02721053 0.001745482 0.01562446)
(0.02752632 0.001745482 0.01562446)
(0.02721053 0.001401023 0.01964377)
(0.02752632 0.001401023 0.01964377)
(0.02721053 0.01297041 0.02126473)
(0.02752632 0.01297041 0.02126473)
(0.02721053 0.008962201 0.02099095)
(0.02752632 0.008962201 0.02099095)
(0.02721053 0.004670002 0.02112247)
(0.02752632 0.004670002 0.02112247)
(0.02721053 0.01717144 0.02094553)
(0.02752632 0.01717144 0.02094553)
(0.02721053 0.02126064 0.02101966)
(0.02752632 0.02126064 0.02101966)
(0.02721053 0.02521143 0.02120118)
(0.02752632 0.02521143 0.02120118)
(0.02721053 0.02900523 0.02158601)
(0.02752632 0.02900523 0.02158601)
(0.02721053 0.03296737 0.02065447)
(0.02752632 0.03296737 0.02065447)
(0.02721053 0.03691136 0.02130405)
(0.02752632 0.03691136 0.02130405)
(0.02721053 0.003266499 0.00968637)
(0.02752632 0.003266499 0.00968637)
(0.02721053 0.003679118 0.01204265)
(0.02752632 0.003679118 0.01204265)
(0.02721053 0.03661221 0.01919872)
(0.02752632 0.03661221 0.01919872)
(0.02721053 0.02887853 0.01939328)
(0.02752632 0.02887853 0.01939328)
(0.02721053 0.003258784 0.01924437)
(0.02752632 0.003258784 0.01924437)
(0.02721053 0.02044364 0.01879494)
(0.02752632 0.02044364 0.01879494)
(0.02721053 0.005501468 0.01003194)
(0.02752632 0.005501468 0.01003194)
(0.02721053 0.007700392 0.01005287)
(0.02752632 0.007700392 0.01005287)
(0.02721053 0.00991502 0.009925431)
(0.02752632 0.00991502 0.009925431)
(0.02721053 0.01190337 0.009625164)
(0.02752632 0.01190337 0.009625164)
(0.02721053 0.01383094 0.01036934)
(0.02752632 0.01383094 0.01036934)
(0.02721053 0.01602619 0.01064705)
(0.02752632 0.01602619 0.01064705)
(0.02721053 0.01818652 0.01029263)
(0.02752632 0.01818652 0.01029263)
(0.02721053 0.02013961 0.009569982)
(0.02752632 0.02013961 0.009569982)
(0.02721053 0.022083 0.01004033)
(0.02752632 0.022083 0.01004033)
(0.02721053 0.02417134 0.01019112)
(0.02752632 0.02417134 0.01019112)
(0.02721053 0.02635016 0.01024)
(0.02752632 0.02635016 0.01024)
(0.02721053 0.02830415 0.009965265)
(0.02752632 0.02830415 0.009965265)
(0.02721053 0.03034943 0.01062906)
(0.02752632 0.03034943 0.01062906)
(0.02721053 0.03238073 0.01004144)
(0.02752632 0.03238073 0.01004144)
(0.02721053 0.03448698 0.01026884)
(0.02752632 0.03448698 0.01026884)
(0.02721053 0.03665573 0.009780425)
(0.02752632 0.03665573 0.009780425)
(0.02721053 0.03608316 0.0122561)
(0.02752632 0.03608316 0.0122561)
(0.02721053 0.03581836 0.0149211)
(0.02752632 0.03581836 0.0149211)
(0.02721053 0.03666805 0.01713724)
(0.02752632 0.03666805 0.01713724)
(0.02721053 0.01402 0.01947337)
(0.02752632 0.01402 0.01947337)
(0.02721053 0.01207444 0.01888216)
(0.02752632 0.01207444 0.01888216)
(0.02721053 0.02666261 0.01947499)
(0.02752632 0.02666261 0.01947499)
(0.02721053 0.009994646 0.01842845)
(0.02752632 0.009994646 0.01842845)
(0.02721053 0.007723723 0.01842899)
(0.02752632 0.007723723 0.01842899)
(0.02721053 0.02476227 0.0186713)
(0.02752632 0.02476227 0.0186713)
(0.02721053 0.01835354 0.01789466)
(0.02752632 0.01835354 0.01789466)
(0.02721053 0.02254503 0.01840885)
(0.02752632 0.02254503 0.01840885)
(0.02721053 0.03421662 0.01774262)
(0.02752632 0.03421662 0.01774262)
(0.02721053 0.003614626 0.01689513)
(0.02752632 0.003614626 0.01689513)
(0.02721053 0.005488341 0.01883897)
(0.02752632 0.005488341 0.01883897)
(0.02721053 0.01596747 0.01878129)
(0.02752632 0.01596747 0.01878129)
(0.02721053 0.03107779 0.01738233)
(0.02752632 0.03107779 0.01738233)
(0.02721053 0.003902651 0.0144599)
(0.02752632 0.003902651 0.0144599)
(0.02721053 0.01447641 0.01341023)
(0.02752632 0.01447641 0.01341023)
(0.02721053 0.02850439 0.01341525)
(0.02752632 0.02850439 0.01341525)
(0.02721053 0.03269097 0.01350546)
(0.02752632 0.03269097 0.01350546)
(0.02721053 0.006343385 0.01292184)
(0.02752632 0.006343385 0.01292184)
(0.02721053 0.008896057 0.01227045)
(0.02752632 0.008896057 0.01227045)
(0.02721053 0.020978 0.01576055)
(0.02752632 0.020978 0.01576055)
(0.02721053 0.006118762 0.01608265)
(0.02752632 0.006118762 0.01608265)
(0.02721053 0.01160246 0.01594619)
(0.02752632 0.01160246 0.01594619)
(0.02721053 0.01155557 0.01244708)
(0.02752632 0.01155557 0.01244708)
(0.02721053 0.01779611 0.01354633)
(0.02752632 0.01779611 0.01354633)
(0.02721053 0.02026858 0.01219089)
(0.02752632 0.02026858 0.01219089)
(0.02721053 0.02280323 0.01286169)
(0.02752632 0.02280323 0.01286169)
(0.02721053 0.02549196 0.01262637)
(0.02752632 0.02549196 0.01262637)
(0.02721053 0.01393288 0.01697781)
(0.02752632 0.01393288 0.01697781)
(0.02721053 0.02452607 0.01577037)
(0.02752632 0.02452607 0.01577037)
(0.02721053 0.008864087 0.01539542)
(0.02752632 0.008864087 0.01539542)
(0.02721053 0.02746783 0.01689564)
(0.02752632 0.02746783 0.01689564)
(0.02721053 0.01613026 0.01606343)
(0.02752632 0.01613026 0.01606343)
(0.02721053 0.001955241 0.02321053)
(0.02752632 0.001955241 0.02352632)
(0.02721053 0.003910482 0.02321053)
(0.02752632 0.003910482 0.02352632)
(0.02721053 0.008119358 0.02321053)
(0.02752632 0.008119358 0.02352632)
(0.02721053 0.005947493 0.02321053)
(0.02752632 0.005947493 0.02352632)
(0.02721053 0.01202984 0.02321053)
(0.02752632 0.01202984 0.02352632)
(0.02721053 0.0100746 0.02321053)
(0.02752632 0.0100746 0.02352632)
(0.02721053 0.01398508 0.02321053)
(0.02752632 0.01398508 0.02352632)
(0.02721053 0.01594032 0.02321053)
(0.02752632 0.01594032 0.02352632)
(0.02721053 0.01819396 0.02321053)
(0.02752632 0.01819396 0.02352632)
(0.02721053 0.02210444 0.02321053)
(0.02752632 0.02210444 0.02352632)
(0.02721053 0.02405968 0.02321053)
(0.02752632 0.02405968 0.02352632)
(0.02721053 0.02797016 0.02321053)
(0.02752632 0.02797016 0.02352632)
(0.02721053 0.02601492 0.02321053)
(0.02752632 0.02601492 0.02352632)
(0.02721053 0.03010643 0.02321053)
(0.02752632 0.03010643 0.02352632)
(0.02721053 0.03413428 0.02321053)
(0.02752632 0.03413428 0.02352632)
(0.02721053 0.03804476 0.02321053)
(0.02752632 0.03804476 0.02352632)
(0.02721053 0.0201492 0.02321053)
(0.02752632 0.0201492 0.02352632)
(0.02721053 0.03217904 0.02321053)
(0.02752632 0.03217904 0.02352632)
(0.02721053 0.03608952 0.02321053)
(0.02752632 0.03608952 0.02352632)
(0.02978947 0.001435075 0.009318044)
(0.02947368 0.001435075 0.009318044)
(0.02978947 0.001665135 0.01116621)
(0.02947368 0.001665135 0.01116621)
(0.02978947 0.001826192 0.01332046)
(0.02947368 0.001826192 0.01332046)
(0.02978947 0.001915031 0.01551907)
(0.02947368 0.001915031 0.01551907)
(0.02978947 0.001777471 0.01782409)
(0.02947368 0.001777471 0.01782409)
(0.02978947 0.001537743 0.01981019)
(0.02947368 0.001537743 0.01981019)
(0.02978947 0.001226675 0.02165307)
(0.02947368 0.001226675 0.02165307)
(0.02978947 0.002594054 0.007639105)
(0.02947368 0.002594054 0.007639105)
(0.02978947 0.006969745 0.007927969)
(0.02947368 0.006969745 0.007927969)
(0.02978947 0.01114248 0.007735206)
(0.02947368 0.01114248 0.007735206)
(0.02978947 0.01486413 0.00817125)
(0.02947368 0.01486413 0.00817125)
(0.02978947 0.01927549 0.008341103)
(0.02947368 0.01927549 0.008341103)
(0.02978947 0.02309232 0.007928532)
(0.02947368 0.02309232 0.007928532)
(0.02978947 0.02676553 0.007965422)
(0.02947368 0.02676553 0.007965422)
(0.02978947 0.03102924 0.007984329)
(0.02947368 0.03102924 0.007984329)
(0.02978947 0.03507564 0.007763744)
(0.02947368 0.03507564 0.007763744)
(0.02978947 0.03847806 0.008854873)
(0.02947368 0.03847806 0.008854873)
(0.02978947 0.03817843 0.01331941)
(0.02947368 0.03817843 0.01331941)
(0.02978947 0.0381616 0.01792834)
(0.02947368 0.0381616 0.01792834)
(0.02978947 0.003011237 0.02133373)
(0.02947368 0.003011237 0.02133373)
(0.02978947 0.004966678 0.02104315)
(0.02947368 0.004966678 0.02104315)
(0.02978947 0.007174781 0.02085288)
(0.02947368 0.007174781 0.02085288)
(0.02978947 0.00927254 0.02097699)
(0.02947368 0.00927254 0.02097699)
(0.02978947 0.01136837 0.02103458)
(0.02947368 0.01136837 0.02103458)
(0.02978947 0.01338183 0.02096595)
(0.02947368 0.01338183 0.02096595)
(0.02978947 0.01542089 0.02103856)
(0.02947368 0.01542089 0.02103856)
(0.02978947 0.01728445 0.02128448)
(0.02947368 0.01728445 0.02128448)
(0.02978947 0.01919793 0.02096022)
(0.02947368 0.01919793 0.02096022)
(0.02978947 0.02127237 0.02095594)
(0.02947368 0.02127237 0.02095594)
(0.02978947 0.02317764 0.02121198)
(0.02947368 0.02317764 0.02121198)
(0.02978947 0.02511382 0.0206741)
(0.02947368 0.02511382 0.0206741)
(0.02978947 0.02725173 0.02059253)
(0.02947368 0.02725173 0.02059253)
(0.02978947 0.02937076 0.02081758)
(0.02947368 0.02937076 0.02081758)
(0.02978947 0.03172003 0.02102101)
(0.02947368 0.03172003 0.02102101)
(0.02978947 0.03387686 0.0211411)
(0.02947368 0.03387686 0.0211411)
(0.02978947 0.03612445 0.02152801)
(0.02947368 0.03612445 0.02152801)
(0.02978947 0.0382347 0.02019632)
(0.02947368 0.0382347 0.02019632)
(0.02978947 0.009089506 0.007799422)
(0.02947368 0.009089506 0.007799422)
(0.02978947 0.004724245 0.007779531)
(0.02947368 0.004724245 0.007779531)
(0.02978947 0.01299896 0.007534071)
(0.02947368 0.01299896 0.007534071)
(0.02978947 0.01705655 0.008450328)
(0.02947368 0.01705655 0.008450328)
(0.02978947 0.02119208 0.007705161)
(0.02947368 0.02119208 0.007705161)
(0.02978947 0.02495513 0.007497773)
(0.02947368 0.02495513 0.007497773)
(0.02978947 0.0287629 0.007995379)
(0.02947368 0.0287629 0.007995379)
(0.02978947 0.03307744 0.007928926)
(0.02947368 0.03307744 0.007928926)
(0.02978947 0.03691241 0.00757837)
(0.02947368 0.03691241 0.00757837)
(0.02978947 0.03834145 0.01109159)
(0.02947368 0.03834145 0.01109159)
(0.02978947 0.03808592 0.01558352)
(0.02947368 0.03808592 0.01558352)
(0.02978947 0.00390706 0.0119854)
(0.02947368 0.00390706 0.0119854)
(0.02978947 0.004292042 0.01436206)
(0.02947368 0.004292042 0.01436206)
(0.02978947 0.004122794 0.01675988)
(0.02947368 0.004122794 0.01675988)
(0.02978947 0.003554057 0.01917032)
(0.02947368 0.003554057 0.01917032)
(0.02978947 0.003355516 0.0096903)
(0.02947368 0.003355516 0.0096903)
(0.02978947 0.01838609 0.01160098)
(0.02947368 0.01838609 0.01160098)
(0.02978947 0.01027164 0.009758835)
(0.02947368 0.01027164 0.009758835)
(0.02978947 0.0357516 0.01691647)
(0.02947368 0.0357516 0.01691647)
(0.02978947 0.01272043 0.01009697)
(0.02947368 0.01272043 0.01009697)
(0.02978947 0.0247124 0.009981986)
(0.02947368 0.0247124 0.009981986)
(0.02978947 0.02724241 0.01074584)
(0.02947368 0.02724241 0.01074584)
(0.02978947 0.02167302 0.01071414)
(0.02947368 0.02167302 0.01071414)
(0.02978947 0.03188827 0.01053027)
(0.02947368 0.03188827 0.01053027)
(0.02978947 0.01544206 0.01109029)
(0.02947368 0.01544206 0.01109029)
(0.02978947 0.03576511 0.01446778)
(0.02947368 0.03576511 0.01446778)
(0.02978947 0.03604328 0.0193543)
(0.02947368 0.03604328 0.0193543)
(0.02978947 0.02964017 0.01019108)
(0.02947368 0.02964017 0.01019108)
(0.02978947 0.00596106 0.01861118)
(0.02947368 0.00596106 0.01861118)
(0.02978947 0.008495336 0.0183437)
(0.02947368 0.008495336 0.0183437)
(0.02978947 0.0105698 0.01895108)
(0.02947368 0.0105698 0.01895108)
(0.02978947 0.01280088 0.01832102)
(0.02947368 0.01280088 0.01832102)
(0.02978947 0.01500882 0.01879174)
(0.02947368 0.01500882 0.01879174)
(0.02978947 0.01755303 0.01856568)
(0.02947368 0.01755303 0.01856568)
(0.02978947 0.02025766 0.01858647)
(0.02947368 0.02025766 0.01858647)
(0.02978947 0.0231275 0.01813394)
(0.02947368 0.0231275 0.01813394)
(0.02978947 0.02619063 0.01730937)
(0.02947368 0.02619063 0.01730937)
(0.02978947 0.02901985 0.0176414)
(0.02947368 0.02901985 0.0176414)
(0.02978947 0.03119755 0.01881901)
(0.02947368 0.03119755 0.01881901)
(0.02978947 0.03352276 0.01882075)
(0.02947368 0.03352276 0.01882075)
(0.02978947 0.008063861 0.01017467)
(0.02947368 0.008063861 0.01017467)
(0.02978947 0.0361567 0.01197764)
(0.02947368 0.0361567 0.01197764)
(0.02978947 0.03659432 0.009636801)
(0.02947368 0.03659432 0.009636801)
(0.02978947 0.005694117 0.009994457)
(0.02947368 0.005694117 0.009994457)
(0.02978947 0.03432777 0.01013687)
(0.02947368 0.03432777 0.01013687)
(0.02978947 0.03321219 0.01292898)
(0.02947368 0.03321219 0.01292898)
(0.02978947 0.03244548 0.01599046)
(0.02947368 0.03244548 0.01599046)
(0.02978947 0.006662175 0.01263259)
(0.02947368 0.006662175 0.01263259)
(0.02978947 0.01562057 0.01537425)
(0.02947368 0.01562057 0.01537425)
(0.02978947 0.02461372 0.013735)
(0.02947368 0.02461372 0.013735)
(0.02978947 0.02922764 0.01366334)
(0.02947368 0.02922764 0.01366334)
(0.02978947 0.007286838 0.01567095)
(0.02947368 0.007286838 0.01567095)
(0.02978947 0.02018461 0.0151164)
(0.02947368 0.02018461 0.0151164)
(0.02978947 0.01097421 0.01598514)
(0.02947368 0.01097421 0.01598514)
(0.02978947 0.009933398 0.0126636)
(0.02947368 0.009933398 0.0126636)
(0.02978947 0.01299251 0.01311846)
(0.02947368 0.01299251 0.01311846)
(0.02978947 0.001955241 0.02321053)
(0.02947368 0.001955241 0.02352632)
(0.02978947 0.03804476 0.02321053)
(0.02947368 0.03804476 0.02352632)
(0.02978947 0.003910482 0.02321053)
(0.02947368 0.003910482 0.02352632)
(0.02978947 0.005947493 0.02321053)
(0.02947368 0.005947493 0.02352632)
(0.02978947 0.008119358 0.02321053)
(0.02947368 0.008119358 0.02352632)
(0.02978947 0.0100746 0.02321053)
(0.02947368 0.0100746 0.02352632)
(0.02978947 0.01202984 0.02321053)
(0.02947368 0.01202984 0.02352632)
(0.02978947 0.01398508 0.02321053)
(0.02947368 0.01398508 0.02352632)
(0.02978947 0.01594032 0.02321053)
(0.02947368 0.01594032 0.02352632)
(0.02978947 0.01819396 0.02321053)
(0.02947368 0.01819396 0.02352632)
(0.02978947 0.0201492 0.02321053)
(0.02947368 0.0201492 0.02352632)
(0.02978947 0.02210444 0.02321053)
(0.02947368 0.02210444 0.02352632)
(0.02978947 0.02405968 0.02321053)
(0.02947368 0.02405968 0.02352632)
(0.02978947 0.02601492 0.02321053)
(0.02947368 0.02601492 0.02352632)
(0.02978947 0.02797016 0.02321053)
(0.02947368 0.02797016 0.02352632)
(0.02978947 0.03010643 0.02321053)
(0.02947368 0.03010643 0.02352632)
(0.02978947 0.03217904 0.02321053)
(0.02947368 0.03217904 0.02352632)
(0.02978947 0.03413428 0.02321053)
(0.02947368 0.03413428 0.02352632)
(0.02978947 0.03608952 0.02321053)
(0.02947368 0.03608952 0.02352632)
(0.03221053 0.00139994 0.009328241)
(0.03252632 0.00139994 0.009328241)
(0.03221053 0.001719912 0.01331372)
(0.03252632 0.001719912 0.01331372)
(0.03221053 0.001611869 0.01775572)
(0.03252632 0.001611869 0.01775572)
(0.03221053 0.002531481 0.007623008)
(0.03252632 0.002531481 0.007623008)
(0.03221053 0.004648627 0.007775294)
(0.03252632 0.004648627 0.007775294)
(0.03221053 0.006861399 0.00787)
(0.03252632 0.006861399 0.00787)
(0.03221053 0.00894523 0.007820424)
(0.03252632 0.00894523 0.007820424)
(0.03221053 0.01101126 0.007846041)
(0.03252632 0.01101126 0.007846041)
(0.03221053 0.01304323 0.007910839)
(0.03252632 0.01304323 0.007910839)
(0.03221053 0.01506612 0.007962684)
(0.03252632 0.01506612 0.007962684)
(0.03221053 0.01706816 0.007991513)
(0.03252632 0.01706816 0.007991513)
(0.03221053 0.01916045 0.007804464)
(0.03252632 0.01916045 0.007804464)
(0.03221053 0.02127187 0.007728266)
(0.03252632 0.02127187 0.007728266)
(0.03221053 0.02325669 0.007867959)
(0.03252632 0.02325669 0.007867959)
(0.03221053 0.0252999 0.007982821)
(0.03252632 0.0252999 0.007982821)
(0.03221053 0.02736174 0.008043733)
(0.03252632 0.02736174 0.008043733)
(0.03221053 0.02935887 0.007961297)
(0.03252632 0.02935887 0.007961297)
(0.03221053 0.03128461 0.007455948)
(0.03252632 0.03128461 0.007455948)
(0.03221053 0.03311964 0.007783339)
(0.03252632 0.03311964 0.007783339)
(0.03221053 0.0351135 0.007799278)
(0.03252632 0.0351135 0.007799278)
(0.03221053 0.03709933 0.007645226)
(0.03252632 0.03709933 0.007645226)
(0.03221053 0.03876721 0.007370313)
(0.03252632 0.03876721 0.007370313)
(0.03221053 0.03846169 0.00915356)
(0.03252632 0.03846169 0.00915356)
(0.03221053 0.03824214 0.01126)
(0.03252632 0.03824214 0.01126)
(0.03221053 0.03806626 0.01345582)
(0.03252632 0.03806626 0.01345582)
(0.03221053 0.03819741 0.01576481)
(0.03252632 0.03819741 0.01576481)
(0.03221053 0.03843624 0.01801725)
(0.03252632 0.03843624 0.01801725)
(0.03221053 0.03849797 0.0202019)
(0.03252632 0.03849797 0.0202019)
(0.03221053 0.002530248 0.02131884)
(0.03252632 0.002530248 0.02131884)
(0.03221053 0.006887533 0.02091361)
(0.03252632 0.006887533 0.02091361)
(0.03221053 0.01097795 0.02102736)
(0.03252632 0.01097795 0.02102736)
(0.03221053 0.01513832 0.02114021)
(0.03252632 0.01513832 0.02114021)
(0.03221053 0.01941098 0.02077396)
(0.03252632 0.01941098 0.02077396)
(0.03221053 0.02321754 0.02105908)
(0.03252632 0.02321754 0.02105908)
(0.03221053 0.02690608 0.020999)
(0.03252632 0.02690608 0.020999)
(0.03221053 0.03087459 0.02053853)
(0.03252632 0.03087459 0.02053853)
(0.03221053 0.03507852 0.02105154)
(0.03252632 0.03507852 0.02105154)
(0.03221053 0.001626417 0.01122278)
(0.03252632 0.001626417 0.01122278)
(0.03221053 0.001730692 0.01563759)
(0.03252632 0.001730692 0.01563759)
(0.03221053 0.001396874 0.01964755)
(0.03252632 0.001396874 0.01964755)
(0.03221053 0.01300509 0.02118065)
(0.03252632 0.01300509 0.02118065)
(0.03221053 0.008946629 0.02096298)
(0.03252632 0.008946629 0.02096298)
(0.03221053 0.004661187 0.02113325)
(0.03252632 0.004661187 0.02113325)
(0.03221053 0.01729165 0.02083588)
(0.03252632 0.01729165 0.02083588)
(0.03221053 0.02132885 0.02125908)
(0.03252632 0.02132885 0.02125908)
(0.03221053 0.02505455 0.02152918)
(0.03252632 0.02505455 0.02152918)
(0.03221053 0.02883432 0.02117923)
(0.03252632 0.02883432 0.02117923)
(0.03221053 0.03301648 0.02067034)
(0.03252632 0.03301648 0.02067034)
(0.03221053 0.0369564 0.02142114)
(0.03252632 0.0369564 0.02142114)
(0.03221053 0.003256309 0.00969988)
(0.03252632 0.003256309 0.00969988)
(0.03221053 0.003650389 0.01206877)
(0.03252632 0.003650389 0.01206877)
(0.03221053 0.03673704 0.01935807)
(0.03252632 0.03673704 0.01935807)
(0.03221053 0.02822167 0.01830038)
(0.03252632 0.02822167 0.01830038)
(0.03221053 0.003250976 0.01925468)
(0.03252632 0.003250976 0.01925468)
(0.03221053 0.02194109 0.01866308)
(0.03252632 0.02194109 0.01866308)
(0.03221053 0.005459936 0.01003894)
(0.03252632 0.005459936 0.01003894)
(0.03221053 0.00762099 0.01005449)
(0.03252632 0.00762099 0.01005449)
(0.03221053 0.009862971 0.01006703)
(0.03252632 0.009862971 0.01006703)
(0.03221053 0.01198886 0.01027851)
(0.03252632 0.01198886 0.01027851)
(0.03221053 0.01413574 0.0104198)
(0.03252632 0.01413574 0.0104198)
(0.03221053 0.01630428 0.01053965)
(0.03252632 0.01630428 0.01053965)
(0.03221053 0.01836108 0.010284)
(0.03252632 0.01836108 0.010284)
(0.03221053 0.02026718 0.009597136)
(0.03252632 0.02026718 0.009597136)
(0.03221053 0.0222666 0.01012994)
(0.03252632 0.0222666 0.01012994)
(0.03221053 0.02443651 0.01036553)
(0.03252632 0.02443651 0.01036553)
(0.03221053 0.02681965 0.01061269)
(0.03252632 0.02681965 0.01061269)
(0.03221053 0.02923595 0.01073137)
(0.03252632 0.02923595 0.01073137)
(0.03221053 0.03146575 0.009717263)
(0.03252632 0.03146575 0.009717263)
(0.03221053 0.0339709 0.01018059)
(0.03252632 0.0339709 0.01018059)
(0.03221053 0.03650629 0.009777742)
(0.03252632 0.03650629 0.009777742)
(0.03221053 0.03577851 0.01234852)
(0.03252632 0.03577851 0.01234852)
(0.03221053 0.03515861 0.0151692)
(0.03252632 0.03515861 0.0151692)
(0.03221053 0.0366986 0.01732031)
(0.03252632 0.0366986 0.01732031)
(0.03221053 0.01407235 0.01925279)
(0.03252632 0.01407235 0.01925279)
(0.03221053 0.01207325 0.01876525)
(0.03252632 0.01207325 0.01876525)
(0.03221053 0.02504427 0.0191807)
(0.03252632 0.02504427 0.0191807)
(0.03221053 0.009892811 0.01852025)
(0.03252632 0.009892811 0.01852025)
(0.03221053 0.007708957 0.0185384)
(0.03252632 0.007708957 0.0185384)
(0.03221053 0.01892053 0.0178394)
(0.03252632 0.01892053 0.0178394)
(0.03221053 0.03449242 0.01840287)
(0.03252632 0.03449242 0.01840287)
(0.03221053 0.003596484 0.01691333)
(0.03252632 0.003596484 0.01691333)
(0.03221053 0.005475895 0.01887142)
(0.03252632 0.005475895 0.01887142)
(0.03221053 0.01611925 0.01863283)
(0.03252632 0.01611925 0.01863283)
(0.03221053 0.03168195 0.01717444)
(0.03252632 0.03168195 0.01717444)
(0.03221053 0.003850961 0.01449077)
(0.03252632 0.003850961 0.01449077)
(0.03221053 0.01539829 0.01326297)
(0.03252632 0.01539829 0.01326297)
(0.03221053 0.02857875 0.01432034)
(0.03252632 0.02857875 0.01432034)
(0.03221053 0.03219113 0.0130583)
(0.03252632 0.03219113 0.0130583)
(0.03221053 0.0212195 0.0155797)
(0.03252632 0.0212195 0.0155797)
(0.03221053 0.006180034 0.01300584)
(0.03252632 0.006180034 0.01300584)
(0.03221053 0.006069883 0.01611337)
(0.03252632 0.006069883 0.01611337)
(0.03221053 0.01131011 0.0159992)
(0.03252632 0.01131011 0.0159992)
(0.03221053 0.01069048 0.01288796)
(0.03252632 0.01069048 0.01288796)
(0.03221053 0.01300631 0.01316956)
(0.03252632 0.01300631 0.01316956)
(0.03221053 0.01823905 0.01362622)
(0.03252632 0.01823905 0.01362622)
(0.03221053 0.02045135 0.01221564)
(0.03252632 0.02045135 0.01221564)
(0.03221053 0.02306585 0.01302055)
(0.03252632 0.02306585 0.01302055)
(0.03221053 0.02568742 0.01302512)
(0.03252632 0.02568742 0.01302512)
(0.03221053 0.01393511 0.0164592)
(0.03252632 0.01393511 0.0164592)
(0.03221053 0.008526271 0.01233918)
(0.03252632 0.008526271 0.01233918)
(0.03221053 0.008605137 0.01552706)
(0.03252632 0.008605137 0.01552706)
(0.03221053 0.02489124 0.0162084)
(0.03252632 0.02489124 0.0162084)
(0.03221053 0.01654399 0.01606445)
(0.03252632 0.01654399 0.01606445)
(0.03221053 0.001955241 0.02321053)
(0.03252632 0.001955241 0.02352632)
(0.03221053 0.003910482 0.02321053)
(0.03252632 0.003910482 0.02352632)
(0.03221053 0.008119358 0.02321053)
(0.03252632 0.008119358 0.02352632)
(0.03221053 0.005947493 0.02321053)
(0.03252632 0.005947493 0.02352632)
(0.03221053 0.01202984 0.02321053)
(0.03252632 0.01202984 0.02352632)
(0.03221053 0.0100746 0.02321053)
(0.03252632 0.0100746 0.02352632)
(0.03221053 0.01398508 0.02321053)
(0.03252632 0.01398508 0.02352632)
(0.03221053 0.01594032 0.02321053)
(0.03252632 0.01594032 0.02352632)
(0.03221053 0.01819396 0.02321053)
(0.03252632 0.01819396 0.02352632)
(0.03221053 0.02210444 0.02321053)
(0.03252632 0.02210444 0.02352632)
(0.03221053 0.02405968 0.02321053)
(0.03252632 0.02405968 0.02352632)
(0.03221053 0.02797016 0.02321053)
(0.03252632 0.02797016 0.02352632)
(0.03221053 0.02601492 0.02321053)
(0.03252632 0.02601492 0.02352632)
(0.03221053 0.03010643 0.02321053)
(0.03252632 0.03010643 0.02352632)
(0.03221053 0.03413428 0.02321053)
(0.03252632 0.03413428 0.02352632)
(0.03221053 0.03804476 0.02321053)
(0.03252632 0.03804476 0.02352632)
(0.03221053 0.0201492 0.02321053)
(0.03252632 0.0201492 0.02352632)
(0.03221053 0.03217904 0.02321053)
(0.03252632 0.03217904 0.02352632)
(0.03221053 0.03608952 0.02321053)
(0.03252632 0.03608952 0.02352632)
(0.03478947 0.001451137 0.009282161)
(0.03447368 0.001451137 0.009282161)
(0.03478947 0.001653991 0.01111159)
(0.03447368 0.001653991 0.01111159)
(0.03478947 0.00176571 0.01324602)
(0.03447368 0.00176571 0.01324602)
(0.03478947 0.001837303 0.01546357)
(0.03447368 0.001837303 0.01546357)
(0.03478947 0.001799227 0.01771324)
(0.03447368 0.001799227 0.01771324)
(0.03478947 0.00161517 0.01984385)
(0.03447368 0.00161517 0.01984385)
(0.03478947 0.001315979 0.02165275)
(0.03447368 0.001315979 0.02165275)
(0.03478947 0.002655436 0.007591346)
(0.03447368 0.002655436 0.007591346)
(0.03478947 0.007289083 0.00784097)
(0.03447368 0.007289083 0.00784097)
(0.03478947 0.01140461 0.007505705)
(0.03447368 0.01140461 0.007505705)
(0.03478947 0.01543879 0.008020704)
(0.03447368 0.01543879 0.008020704)
(0.03478947 0.02008164 0.007557349)
(0.03447368 0.02008164 0.007557349)
(0.03478947 0.02410515 0.007831306)
(0.03447368 0.02410515 0.007831306)
(0.03478947 0.02813147 0.007542282)
(0.03447368 0.02813147 0.007542282)
(0.03478947 0.03270361 0.008058068)
(0.03447368 0.03270361 0.008058068)
(0.03478947 0.0372232 0.007714406)
(0.03447368 0.0372232 0.007714406)
(0.03478947 0.03858534 0.01140811)
(0.03447368 0.03858534 0.01140811)
(0.03478947 0.03828504 0.01551582)
(0.03447368 0.03828504 0.01551582)
(0.03478947 0.03848981 0.01986566)
(0.03447368 0.03848981 0.01986566)
(0.03478947 0.03875803 0.02164336)
(0.03447368 0.03875803 0.02164336)
(0.03478947 0.003076829 0.02133551)
(0.03447368 0.003076829 0.02133551)
(0.03478947 0.005104223 0.0213067)
(0.03447368 0.005104223 0.0213067)
(0.03478947 0.007477925 0.02131083)
(0.03447368 0.007477925 0.02131083)
(0.03478947 0.009586763 0.02118046)
(0.03447368 0.009586763 0.02118046)
(0.03478947 0.01172804 0.02110669)
(0.03447368 0.01172804 0.02110669)
(0.03478947 0.01388727 0.02104952)
(0.03447368 0.01388727 0.02104952)
(0.03478947 0.01599681 0.02096844)
(0.03447368 0.01599681 0.02096844)
(0.03478947 0.01821856 0.02111761)
(0.03447368 0.01821856 0.02111761)
(0.03478947 0.02038746 0.02128209)
(0.03447368 0.02038746 0.02128209)
(0.03478947 0.02242282 0.02122868)
(0.03447368 0.02242282 0.02122868)
(0.03478947 0.02455836 0.0211307)
(0.03447368 0.02455836 0.0211307)
(0.03478947 0.02661705 0.02091235)
(0.03447368 0.02661705 0.02091235)
(0.03478947 0.02872183 0.02080967)
(0.03447368 0.02872183 0.02080967)
(0.03478947 0.03095665 0.02093815)
(0.03447368 0.03095665 0.02093815)
(0.03478947 0.03303579 0.02140391)
(0.03447368 0.03303579 0.02140391)
(0.03478947 0.03511312 0.02149828)
(0.03447368 0.03511312 0.02149828)
(0.03478947 0.03709506 0.02134719)
(0.03447368 0.03709506 0.02134719)
(0.03478947 0.009457914 0.007840645)
(0.03447368 0.009457914 0.007840645)
(0.03478947 0.004901318 0.007726764)
(0.03447368 0.004901318 0.007726764)
(0.03478947 0.01329758 0.007922991)
(0.03447368 0.01329758 0.007922991)
(0.03478947 0.01801866 0.008390764)
(0.03447368 0.01801866 0.008390764)
(0.03478947 0.02203918 0.007833503)
(0.03447368 0.02203918 0.007833503)
(0.03478947 0.02625841 0.007736949)
(0.03447368 0.02625841 0.007736949)
(0.03478947 0.03028675 0.008512343)
(0.03447368 0.03028675 0.008512343)
(0.03478947 0.03497211 0.007714603)
(0.03447368 0.03497211 0.007714603)
(0.03478947 0.03820222 0.009618296)
(0.03447368 0.03820222 0.009618296)
(0.03478947 0.03830803 0.01332543)
(0.03447368 0.03830803 0.01332543)
(0.03478947 0.03833189 0.01778141)
(0.03447368 0.03833189 0.01778141)
(0.03478947 0.01621669 0.01029076)
(0.03447368 0.01621669 0.01029076)
(0.03478947 0.003835965 0.01182778)
(0.03447368 0.003835965 0.01182778)
(0.03478947 0.004065943 0.01413801)
(0.03447368 0.004065943 0.01413801)
(0.03478947 0.004061026 0.01650918)
(0.03447368 0.004061026 0.01650918)
(0.03478947 0.003959732 0.01904598)
(0.03447368 0.003959732 0.01904598)
(0.03478947 0.008386636 0.0101116)
(0.03447368 0.008386636 0.0101116)
(0.03478947 0.02034579 0.009936269)
(0.03447368 0.02034579 0.009936269)
(0.03478947 0.03611662 0.01430706)
(0.03447368 0.03611662 0.01430706)
(0.03478947 0.01382414 0.01041762)
(0.03447368 0.01382414 0.01041762)
(0.03478947 0.02517789 0.009973361)
(0.03447368 0.02517789 0.009973361)
(0.03478947 0.01117999 0.0100494)
(0.03447368 0.01117999 0.0100494)
(0.03478947 0.03411185 0.01015314)
(0.03447368 0.03411185 0.01015314)
(0.03478947 0.03619107 0.00933271)
(0.03447368 0.03619107 0.00933271)
(0.03478947 0.03643443 0.01670787)
(0.03447368 0.03643443 0.01670787)
(0.03478947 0.005836199 0.009843619)
(0.03447368 0.005836199 0.009843619)
(0.03478947 0.03165366 0.01102152)
(0.03447368 0.03165366 0.01102152)
(0.03478947 0.03645672 0.01163543)
(0.03447368 0.03645672 0.01163543)
(0.03478947 0.003408837 0.009601552)
(0.03447368 0.003408837 0.009601552)
(0.03478947 0.02768751 0.009560366)
(0.03447368 0.02768751 0.009560366)
(0.03478947 0.006289049 0.01966095)
(0.03447368 0.006289049 0.01966095)
(0.03478947 0.008488241 0.01909445)
(0.03447368 0.008488241 0.01909445)
(0.03478947 0.01073985 0.01894346)
(0.03447368 0.01073985 0.01894346)
(0.03478947 0.01313854 0.0188522)
(0.03447368 0.01313854 0.0188522)
(0.03478947 0.01543447 0.0185576)
(0.03447368 0.01543447 0.0185576)
(0.03478947 0.01766543 0.01868498)
(0.03447368 0.01766543 0.01868498)
(0.03478947 0.01960127 0.01940543)
(0.03447368 0.01960127 0.01940543)
(0.03478947 0.0216429 0.01896166)
(0.03447368 0.0216429 0.01896166)
(0.03478947 0.02365136 0.01921564)
(0.03447368 0.02365136 0.01921564)
(0.03478947 0.02565287 0.01833818)
(0.03447368 0.02565287 0.01833818)
(0.03478947 0.02809328 0.01796751)
(0.03447368 0.02809328 0.01796751)
(0.03478947 0.03051598 0.01817784)
(0.03447368 0.03051598 0.01817784)
(0.03478947 0.03246462 0.01905669)
(0.03447368 0.03246462 0.01905669)
(0.03478947 0.03434425 0.01999079)
(0.03447368 0.03434425 0.01999079)
(0.03478947 0.02276027 0.0103024)
(0.03447368 0.02276027 0.0103024)
(0.03478947 0.0182719 0.01184299)
(0.03447368 0.0182719 0.01184299)
(0.03478947 0.03660522 0.01921568)
(0.03447368 0.03660522 0.01921568)
(0.03478947 0.02915628 0.0119244)
(0.03447368 0.02915628 0.0119244)
(0.03478947 0.03320449 0.01591301)
(0.03447368 0.03320449 0.01591301)
(0.03478947 0.02090394 0.01325229)
(0.03447368 0.02090394 0.01325229)
(0.03478947 0.006444405 0.01231796)
(0.03447368 0.006444405 0.01231796)
(0.03478947 0.03354732 0.01302771)
(0.03447368 0.03354732 0.01302771)
(0.03478947 0.00656545 0.01739815)
(0.03447368 0.00656545 0.01739815)
(0.03478947 0.017524 0.01549666)
(0.03447368 0.017524 0.01549666)
(0.03478947 0.03047346 0.01472392)
(0.03447368 0.03047346 0.01472392)
(0.03478947 0.02658926 0.01199064)
(0.03447368 0.02658926 0.01199064)
(0.03478947 0.006716482 0.01495857)
(0.03447368 0.006716482 0.01495857)
(0.03478947 0.01228363 0.01324359)
(0.03447368 0.01228363 0.01324359)
(0.03478947 0.01539745 0.01294743)
(0.03447368 0.01539745 0.01294743)
(0.03478947 0.03462211 0.017933)
(0.03447368 0.03462211 0.017933)
(0.03478947 0.009335183 0.01623163)
(0.03447368 0.009335183 0.01623163)
(0.03478947 0.01197933 0.01667614)
(0.03447368 0.01197933 0.01667614)
(0.03478947 0.01453728 0.0159857)
(0.03447368 0.01453728 0.0159857)
(0.03478947 0.02010714 0.0167695)
(0.03447368 0.02010714 0.0167695)
(0.03478947 0.02339246 0.01632223)
(0.03447368 0.02339246 0.01632223)
(0.03478947 0.02679267 0.01516316)
(0.03447368 0.02679267 0.01516316)
(0.03478947 0.02408249 0.01291666)
(0.03447368 0.02408249 0.01291666)
(0.03478947 0.009310916 0.01278284)
(0.03447368 0.009310916 0.01278284)
(0.03478947 0.002036825 0.02321053)
(0.03447368 0.002036825 0.02352632)
(0.03478947 0.03796317 0.02321053)
(0.03447368 0.03796317 0.02352632)
(0.03478947 0.00407365 0.02321053)
(0.03447368 0.00407365 0.02352632)
(0.03478947 0.006250134 0.02321053)
(0.03447368 0.006250134 0.02352632)
(0.03478947 0.008445694 0.02321053)
(0.03447368 0.008445694 0.02352632)
(0.03478947 0.01048252 0.02321053)
(0.03447368 0.01048252 0.02352632)
(0.03478947 0.01251934 0.02321053)
(0.03447368 0.01251934 0.02352632)
(0.03478947 0.01455617 0.02321053)
(0.03447368 0.01455617 0.02352632)
(0.03478947 0.0166086 0.02321053)
(0.03447368 0.0166086 0.02352632)
(0.03478947 0.01913078 0.02321053)
(0.03447368 0.01913078 0.02352632)
(0.03478947 0.02116761 0.02321053)
(0.03447368 0.02116761 0.02352632)
(0.03478947 0.02320443 0.02321053)
(0.03447368 0.02320443 0.02352632)
(0.03478947 0.02524126 0.02321053)
(0.03447368 0.02524126 0.02352632)
(0.03478947 0.02727808 0.02321053)
(0.03447368 0.02727808 0.02352632)
(0.03478947 0.02938819 0.02321053)
(0.03447368 0.02938819 0.02352632)
(0.03478947 0.0318527 0.02321053)
(0.03447368 0.0318527 0.02352632)
(0.03478947 0.03388952 0.02321053)
(0.03447368 0.03388952 0.02352632)
(0.03478947 0.03592635 0.02321053)
(0.03447368 0.03592635 0.02352632)
(0.03721053 0.00144494 0.009279462)
(0.03752632 0.00144494 0.009279462)
(0.03721053 0.001716174 0.01325808)
(0.03752632 0.001716174 0.01325808)
(0.03721053 0.001658004 0.01774628)
(0.03752632 0.001658004 0.01774628)
(0.03721053 0.002531001 0.007589594)
(0.03752632 0.002531001 0.007589594)
(0.03721053 0.00462502 0.007739602)
(0.03752632 0.00462502 0.007739602)
(0.03721053 0.006842638 0.007860937)
(0.03752632 0.006842638 0.007860937)
(0.03721053 0.008900656 0.007807011)
(0.03752632 0.008900656 0.007807011)
(0.03721053 0.01096561 0.007829181)
(0.03752632 0.01096561 0.007829181)
(0.03721053 0.01301855 0.007895405)
(0.03752632 0.01301855 0.007895405)
(0.03721053 0.01503959 0.007986061)
(0.03752632 0.01503959 0.007986061)
(0.03721053 0.0170451 0.008029751)
(0.03752632 0.0170451 0.008029751)
(0.03721053 0.0191557 0.007811561)
(0.03752632 0.0191557 0.007811561)
(0.03721053 0.02120333 0.007734508)
(0.03752632 0.02120333 0.007734508)
(0.03721053 0.02317244 0.007887145)
(0.03752632 0.02317244 0.007887145)
(0.03721053 0.02514945 0.007930027)
(0.03752632 0.02514945 0.007930027)
(0.03721053 0.02710992 0.007815398)
(0.03752632 0.02710992 0.007815398)
(0.03721053 0.02916566 0.007811091)
(0.03752632 0.02916566 0.007811091)
(0.03721053 0.03126029 0.007826816)
(0.03752632 0.03126029 0.007826816)
(0.03721053 0.03328313 0.007749147)
(0.03752632 0.03328313 0.007749147)
(0.03721053 0.03523553 0.007741278)
(0.03752632 0.03523553 0.007741278)
(0.03721053 0.03715912 0.007612944)
(0.03752632 0.03715912 0.007612944)
(0.03721053 0.03879197 0.007350932)
(0.03752632 0.03879197 0.007350932)
(0.03721053 0.03851937 0.009114964)
(0.03752632 0.03851937 0.009114964)
(0.03721053 0.03835247 0.01119756)
(0.03752632 0.03835247 0.01119756)
(0.03721053 0.03822357 0.01337449)
(0.03752632 0.03822357 0.01337449)
(0.03721053 0.03822213 0.01565881)
(0.03752632 0.03822213 0.01565881)
(0.03721053 0.03835151 0.01795577)
(0.03752632 0.03835151 0.01795577)
(0.03721053 0.03851047 0.02016014)
(0.03752632 0.03851047 0.02016014)
(0.03721053 0.002603355 0.02127171)
(0.03752632 0.002603355 0.02127171)
(0.03721053 0.007000908 0.02088114)
(0.03752632 0.007000908 0.02088114)
(0.03721053 0.01103422 0.0211527)
(0.03752632 0.01103422 0.0211527)
(0.03721053 0.01507265 0.0211947)
(0.03752632 0.01507265 0.0211947)
(0.03721053 0.01909973 0.02103035)
(0.03752632 0.01909973 0.02103035)
(0.03721053 0.0230479 0.02120068)
(0.03752632 0.0230479 0.02120068)
(0.03721053 0.02699413 0.02120348)
(0.03752632 0.02699413 0.02120348)
(0.03721053 0.0311722 0.02097607)
(0.03752632 0.0311722 0.02097607)
(0.03721053 0.0351429 0.02120732)
(0.03752632 0.0351429 0.02120732)
(0.03721053 0.001595326 0.01118182)
(0.03752632 0.001595326 0.01118182)
(0.03721053 0.001770406 0.01552843)
(0.03752632 0.001770406 0.01552843)
(0.03721053 0.001444309 0.01962384)
(0.03752632 0.001444309 0.01962384)
(0.03721053 0.01309768 0.02123352)
(0.03752632 0.01309768 0.02123352)
(0.03721053 0.00904658 0.0209905)
(0.03752632 0.00904658 0.0209905)
(0.03721053 0.004747184 0.02106347)
(0.03752632 0.004747184 0.02106347)
(0.03721053 0.01718193 0.02102836)
(0.03752632 0.01718193 0.02102836)
(0.03721053 0.02112233 0.02112087)
(0.03752632 0.02112233 0.02112087)
(0.03721053 0.02507188 0.02122291)
(0.03752632 0.02507188 0.02122291)
(0.03721053 0.02904274 0.02112618)
(0.03752632 0.02904274 0.02112618)
(0.03721053 0.03317908 0.02105616)
(0.03752632 0.03317908 0.02105616)
(0.03721053 0.03694764 0.02143041)
(0.03752632 0.03694764 0.02143041)
(0.03721053 0.003208987 0.009640671)
(0.03752632 0.003208987 0.009640671)
(0.03721053 0.003556258 0.01195449)
(0.03752632 0.003556258 0.01195449)
(0.03721053 0.003359064 0.01916746)
(0.03752632 0.003359064 0.01916746)
(0.03721053 0.003873178 0.01678799)
(0.03752632 0.003873178 0.01678799)
(0.03721053 0.02016319 0.01896291)
(0.03752632 0.02016319 0.01896291)
(0.03721053 0.005392614 0.009923842)
(0.03752632 0.005392614 0.009923842)
(0.03721053 0.007560745 0.01010109)
(0.03752632 0.007560745 0.01010109)
(0.03721053 0.00969919 0.01003639)
(0.03752632 0.00969919 0.01003639)
(0.03721053 0.01191525 0.0101547)
(0.03752632 0.01191525 0.0101547)
(0.03721053 0.01403361 0.01046043)
(0.03752632 0.01403361 0.01046043)
(0.03721053 0.01619389 0.01064727)
(0.03752632 0.01619389 0.01064727)
(0.03721053 0.01828193 0.01038303)
(0.03752632 0.01828193 0.01038303)
(0.03721053 0.02020658 0.009672782)
(0.03752632 0.02020658 0.009672782)
(0.03721053 0.02215493 0.01022624)
(0.03752632 0.02215493 0.01022624)
(0.03721053 0.02426981 0.01047996)
(0.03752632 0.02426981 0.01047996)
(0.03721053 0.02642225 0.0104329)
(0.03752632 0.02642225 0.0104329)
(0.03721053 0.0283387 0.009835867)
(0.03752632 0.0283387 0.009835867)
(0.03721053 0.03041117 0.01034763)
(0.03752632 0.03041117 0.01034763)
(0.03721053 0.03242336 0.00983203)
(0.03752632 0.03242336 0.00983203)
(0.03721053 0.03451881 0.01011594)
(0.03752632 0.03451881 0.01011594)
(0.03721053 0.03667966 0.009713089)
(0.03752632 0.03667966 0.009713089)
(0.03721053 0.03612513 0.01209408)
(0.03752632 0.03612513 0.01209408)
(0.03721053 0.0359811 0.01457135)
(0.03752632 0.0359811 0.01457135)
(0.03721053 0.03637184 0.01713824)
(0.03752632 0.03637184 0.01713824)
(0.03721053 0.03671858 0.01935639)
(0.03752632 0.03671858 0.01935639)
(0.03721053 0.01414809 0.01890628)
(0.03752632 0.01414809 0.01890628)
(0.03721053 0.0121921 0.0192662)
(0.03752632 0.0121921 0.0192662)
(0.03721053 0.02601329 0.01879031)
(0.03752632 0.02601329 0.01879031)
(0.03721053 0.01031138 0.01852028)
(0.03752632 0.01031138 0.01852028)
(0.03721053 0.008047704 0.01825958)
(0.03752632 0.008047704 0.01825958)
(0.03721053 0.02408233 0.01927417)
(0.03752632 0.02408233 0.01927417)
(0.03721053 0.01816339 0.01804695)
(0.03752632 0.01816339 0.01804695)
(0.03721053 0.02217777 0.01868273)
(0.03752632 0.02217777 0.01868273)
(0.03721053 0.03222948 0.01862724)
(0.03752632 0.03222948 0.01862724)
(0.03721053 0.02997045 0.01862406)
(0.03752632 0.02997045 0.01862406)
(0.03721053 0.005650244 0.01864923)
(0.03752632 0.005650244 0.01864923)
(0.03721053 0.01614698 0.01916182)
(0.03752632 0.01614698 0.01916182)
(0.03721053 0.003928412 0.01437037)
(0.03752632 0.003928412 0.01437037)
(0.03721053 0.02797971 0.0192148)
(0.03752632 0.02797971 0.0192148)
(0.03721053 0.03452544 0.01893004)
(0.03752632 0.03452544 0.01893004)
(0.03721053 0.01505319 0.01347427)
(0.03752632 0.01505319 0.01347427)
(0.03721053 0.02885735 0.01284527)
(0.03752632 0.02885735 0.01284527)
(0.03721053 0.005956756 0.01260492)
(0.03752632 0.005956756 0.01260492)
(0.03721053 0.03276973 0.01292353)
(0.03752632 0.03276973 0.01292353)
(0.03721053 0.00824817 0.012836)
(0.03752632 0.00824817 0.012836)
(0.03721053 0.02077878 0.01593256)
(0.03752632 0.02077878 0.01593256)
(0.03721053 0.03366226 0.01618201)
(0.03752632 0.03366226 0.01618201)
(0.03721053 0.02767785 0.01628111)
(0.03752632 0.02767785 0.01628111)
(0.03721053 0.006604088 0.01565185)
(0.03752632 0.006604088 0.01565185)
(0.03721053 0.01051609 0.01237945)
(0.03752632 0.01051609 0.01237945)
(0.03721053 0.01260943 0.01315354)
(0.03752632 0.01260943 0.01315354)
(0.03721053 0.01786028 0.01389492)
(0.03752632 0.01786028 0.01389492)
(0.03721053 0.02030252 0.01240478)
(0.03752632 0.02030252 0.01240478)
(0.03721053 0.02293416 0.01319693)
(0.03752632 0.02293416 0.01319693)
(0.03721053 0.02578598 0.01332364)
(0.03752632 0.02578598 0.01332364)
(0.03721053 0.01272111 0.01642274)
(0.03752632 0.01272111 0.01642274)
(0.03721053 0.009819104 0.01559572)
(0.03752632 0.009819104 0.01559572)
(0.03721053 0.02419679 0.0163688)
(0.03752632 0.02419679 0.0163688)
(0.03721053 0.03083361 0.01580151)
(0.03752632 0.03083361 0.01580151)
(0.03721053 0.01574581 0.01650317)
(0.03752632 0.01574581 0.01650317)
(0.03721053 0.001955241 0.02321053)
(0.03752632 0.001955241 0.02352632)
(0.03721053 0.003910482 0.02321053)
(0.03752632 0.003910482 0.02352632)
(0.03721053 0.005947493 0.02321053)
(0.03752632 0.005947493 0.02352632)
(0.03721053 0.008119358 0.02321053)
(0.03752632 0.008119358 0.02352632)
(0.03721053 0.0100746 0.02321053)
(0.03752632 0.0100746 0.02352632)
(0.03721053 0.01202984 0.02321053)
(0.03752632 0.01202984 0.02352632)
(0.03721053 0.01398508 0.02321053)
(0.03752632 0.01398508 0.02352632)
(0.03721053 0.01594032 0.02321053)
(0.03752632 0.01594032 0.02352632)
(0.03721053 0.01819396 0.02321053)
(0.03752632 0.01819396 0.02352632)
(0.03721053 0.0201492 0.02321053)
(0.03752632 0.0201492 0.02352632)
(0.03721053 0.02210444 0.02321053)
(0.03752632 0.02210444 0.02352632)
(0.03721053 0.02405968 0.02321053)
(0.03752632 0.02405968 0.02352632)
(0.03721053 0.02601492 0.02321053)
(0.03752632 0.02601492 0.02352632)
(0.03721053 0.02797016 0.02321053)
(0.03752632 0.02797016 0.02352632)
(0.03721053 0.03010643 0.02321053)
(0.03752632 0.03010643 0.02352632)
(0.03721053 0.03217904 0.02321053)
(0.03752632 0.03217904 0.02352632)
(0.03721053 0.03413428 0.02321053)
(0.03752632 0.03413428 0.02352632)
(0.03721053 0.03608952 0.02321053)
(0.03752632 0.03608952 0.02352632)
(0.03721053 0.03804476 0.02321053)
(0.03752632 0.03804476 0.02352632)
(0.03978947 0.001450805 0.009282036)
(0.03947368 0.001450805 0.009282036)
(0.03978947 0.001653502 0.01111144)
(0.03947368 0.001653502 0.01111144)
(0.03978947 0.001765048 0.01324597)
(0.03947368 0.001765048 0.01324597)
(0.03978947 0.001836587 0.01546367)
(0.03947368 0.001836587 0.01546367)
(0.03978947 0.001798635 0.01771345)
(0.03947368 0.001798635 0.01771345)
(0.03978947 0.00161483 0.01984404)
(0.03947368 0.00161483 0.01984404)
(0.03978947 0.001315823 0.02165286)
(0.03947368 0.001315823 0.02165286)
(0.03978947 0.002655129 0.007591234)
(0.03947368 0.002655129 0.007591234)
(0.03978947 0.00728773 0.007840326)
(0.03947368 0.00728773 0.007840326)
(0.03978947 0.01140202 0.007504075)
(0.03947368 0.01140202 0.007504075)
(0.03978947 0.01543447 0.008008647)
(0.03947368 0.01543447 0.008008647)
(0.03978947 0.02008302 0.007551988)
(0.03947368 0.02008302 0.007551988)
(0.03978947 0.02412475 0.007826618)
(0.03947368 0.02412475 0.007826618)
(0.03978947 0.02821319 0.007516886)
(0.03947368 0.02821319 0.007516886)
(0.03978947 0.03270499 0.008057165)
(0.03947368 0.03270499 0.008057165)
(0.03978947 0.03722362 0.007714067)
(0.03947368 0.03722362 0.007714067)
(0.03978947 0.03858574 0.01140783)
(0.03947368 0.03858574 0.01140783)
(0.03978947 0.03828391 0.01551622)
(0.03947368 0.03828391 0.01551622)
(0.03978947 0.03848807 0.01986596)
(0.03947368 0.03848807 0.01986596)
(0.03978947 0.03875759 0.02164348)
(0.03947368 0.03875759 0.02164348)
(0.03978947 0.003076414 0.02133576)
(0.03947368 0.003076414 0.02133576)
(0.03978947 0.005103349 0.02130726)
(0.03947368 0.005103349 0.02130726)
(0.03978947 0.007476415 0.02131166)
(0.03947368 0.007476415 0.02131166)
(0.03978947 0.009584418 0.0211823)
(0.03947368 0.009584418 0.0211823)
(0.03978947 0.01172492 0.02110984)
(0.03947368 0.01172492 0.02110984)
(0.03978947 0.01388356 0.02105445)
(0.03947368 0.01388356 0.02105445)
(0.03978947 0.01599483 0.02097379)
(0.03947368 0.01599483 0.02097379)
(0.03978947 0.01821803 0.02112424)
(0.03947368 0.01821803 0.02112424)
(0.03978947 0.02038759 0.02129272)
(0.03947368 0.02038759 0.02129272)
(0.03978947 0.02242551 0.02123686)
(0.03947368 0.02242551 0.02123686)
(0.03978947 0.02455913 0.02113146)
(0.03947368 0.02455913 0.02113146)
(0.03978947 0.02661638 0.02091339)
(0.03947368 0.02661638 0.02091339)
(0.03978947 0.02872358 0.02081535)
(0.03947368 0.02872358 0.02081535)
(0.03978947 0.03095866 0.02094042)
(0.03947368 0.03095866 0.02094042)
(0.03978947 0.03303604 0.02140509)
(0.03947368 0.03303604 0.02140509)
(0.03978947 0.03511196 0.02150018)
(0.03947368 0.03511196 0.02150018)
(0.03978947 0.03709372 0.02134916)
(0.03947368 0.03709372 0.02134916)
(0.03978947 0.009455849 0.007839306)
(0.03947368 0.009455849 0.007839306)
(0.03978947 0.004900653 0.00772647)
(0.03947368 0.004900653 0.00772647)
(0.03978947 0.01329415 0.007911744)
(0.03947368 0.01329415 0.007911744)
(0.03978947 0.01801806 0.008373813)
(0.03947368 0.01801806 0.008373813)
(0.03978947 0.02203962 0.007824136)
(0.03947368 0.02203962 0.007824136)
(0.03978947 0.02622883 0.007727877)
(0.03947368 0.02622883 0.007727877)
(0.03978947 0.03028954 0.008511291)
(0.03947368 0.03028954 0.008511291)
(0.03978947 0.0349729 0.007714094)
(0.03947368 0.0349729 0.007714094)
(0.03978947 0.03820292 0.00961797)
(0.03947368 0.03820292 0.00961797)
(0.03978947 0.03830801 0.0133253)
(0.03947368 0.03830801 0.0133253)
(0.03978947 0.03832988 0.01778176)
(0.03947368 0.03832988 0.01778176)
(0.03978947 0.016206 0.0102643)
(0.03947368 0.016206 0.0102643)
(0.03978947 0.003834403 0.01182756)
(0.03947368 0.003834403 0.01182756)
(0.03978947 0.004064067 0.01413811)
(0.03947368 0.004064067 0.01413811)
(0.03978947 0.004059165 0.01650961)
(0.03947368 0.004059165 0.01650961)
(0.03978947 0.003958438 0.01904659)
(0.03947368 0.003958438 0.01904659)
(0.03978947 0.008382791 0.0101102)
(0.03947368 0.008382791 0.0101102)
(0.03978947 0.02036076 0.009924649)
(0.03947368 0.02036076 0.009924649)
(0.03978947 0.03611633 0.01430672)
(0.03947368 0.03611633 0.01430672)
(0.03978947 0.01381461 0.01039668)
(0.03947368 0.01381461 0.01039668)
(0.03978947 0.02518035 0.009966687)
(0.03947368 0.02518035 0.009966687)
(0.03978947 0.01117259 0.01004583)
(0.03947368 0.01117259 0.01004583)
(0.03978947 0.03411396 0.01015166)
(0.03947368 0.03411396 0.01015166)
(0.03978947 0.03619226 0.009331858)
(0.03947368 0.03619226 0.009331858)
(0.03978947 0.03643033 0.01670835)
(0.03947368 0.03643033 0.01670835)
(0.03978947 0.00583432 0.009842989)
(0.03947368 0.00583432 0.009842989)
(0.03978947 0.03165837 0.01101827)
(0.03947368 0.03165837 0.01101827)
(0.03978947 0.03645823 0.0116342)
(0.03947368 0.03645823 0.0116342)
(0.03978947 0.003408028 0.009601281)
(0.03947368 0.003408028 0.009601281)
(0.03978947 0.02771029 0.00963849)
(0.03947368 0.02771029 0.00963849)
(0.03978947 0.006286912 0.01966199)
(0.03947368 0.006286912 0.01966199)
(0.03978947 0.008484481 0.01909671)
(0.03947368 0.008484481 0.01909671)
(0.03978947 0.01073366 0.01894859)
(0.03947368 0.01073366 0.01894859)
(0.03978947 0.01312989 0.01886054)
(0.03947368 0.01312989 0.01886054)
(0.03978947 0.01542337 0.01857694)
(0.03947368 0.01542337 0.01857694)
(0.03978947 0.01766866 0.01869709)
(0.03947368 0.01766866 0.01869709)
(0.03978947 0.01960545 0.01942416)
(0.03947368 0.01960545 0.01942416)
(0.03978947 0.02164586 0.01899624)
(0.03947368 0.02164586 0.01899624)
(0.03978947 0.02364928 0.01921754)
(0.03947368 0.02364928 0.01921754)
(0.03978947 0.0256474 0.01833299)
(0.03947368 0.0256474 0.01833299)
(0.03978947 0.02810022 0.01799102)
(0.03947368 0.02810022 0.01799102)
(0.03978947 0.03052124 0.01818494)
(0.03947368 0.03052124 0.01818494)
(0.03978947 0.03246728 0.01905846)
(0.03947368 0.03246728 0.01905846)
(0.03978947 0.0343438 0.01999285)
(0.03947368 0.0343438 0.01999285)
(0.03978947 0.02276279 0.01027469)
(0.03947368 0.02276279 0.01027469)
(0.03978947 0.0182956 0.01177211)
(0.03947368 0.0182956 0.01177211)
(0.03978947 0.03660119 0.01921659)
(0.03947368 0.03660119 0.01921659)
(0.03978947 0.02916958 0.01191557)
(0.03947368 0.02916958 0.01191557)
(0.03978947 0.03320655 0.01591426)
(0.03947368 0.03320655 0.01591426)
(0.03978947 0.02100626 0.01326641)
(0.03947368 0.02100626 0.01326641)
(0.03978947 0.00644054 0.01231755)
(0.03947368 0.00644054 0.01231755)
(0.03978947 0.03355208 0.01302598)
(0.03947368 0.03355208 0.01302598)
(0.03978947 0.006561922 0.01739948)
(0.03947368 0.006561922 0.01739948)
(0.03978947 0.01746426 0.01559119)
(0.03947368 0.01746426 0.01559119)
(0.03978947 0.03049023 0.01472697)
(0.03947368 0.03049023 0.01472697)
(0.03978947 0.02661641 0.01195501)
(0.03947368 0.02661641 0.01195501)
(0.03978947 0.006712222 0.0149594)
(0.03947368 0.006712222 0.0149594)
(0.03978947 0.01226057 0.01324456)
(0.03947368 0.01226057 0.01324456)
(0.03978947 0.01533495 0.01293415)
(0.03947368 0.01533495 0.01293415)
(0.03978947 0.0346188 0.01793518)
(0.03947368 0.0346188 0.01793518)
(0.03978947 0.009326723 0.01623521)
(0.03947368 0.009326723 0.01623521)
(0.03978947 0.01196456 0.01668292)
(0.03947368 0.01196456 0.01668292)
(0.03978947 0.01451139 0.01600188)
(0.03947368 0.01451139 0.01600188)
(0.03978947 0.02016954 0.01680736)
(0.03947368 0.02016954 0.01680736)
(0.03978947 0.02331702 0.01631582)
(0.03947368 0.02331702 0.01631582)
(0.03978947 0.02685283 0.01521594)
(0.03947368 0.02685283 0.01521594)
(0.03978947 0.02400274 0.01290395)
(0.03947368 0.02400274 0.01290395)
(0.03978947 0.009301408 0.01278214)
(0.03947368 0.009301408 0.01278214)
(0.03978947 0.002036825 0.02321053)
(0.03947368 0.002036825 0.02352632)
(0.03978947 0.03796317 0.02321053)
(0.03947368 0.03796317 0.02352632)
(0.03978947 0.00407365 0.02321053)
(0.03947368 0.00407365 0.02352632)
(0.03978947 0.006250134 0.02321053)
(0.03947368 0.006250134 0.02352632)
(0.03978947 0.008445694 0.02321053)
(0.03947368 0.008445694 0.02352632)
(0.03978947 0.01048252 0.02321053)
(0.03947368 0.01048252 0.02352632)
(0.03978947 0.01251934 0.02321053)
(0.03947368 0.01251934 0.02352632)
(0.03978947 0.01455617 0.02321053)
(0.03947368 0.01455617 0.02352632)
(0.03978947 0.0166086 0.02321053)
(0.03947368 0.0166086 0.02352632)
(0.03978947 0.01913078 0.02321053)
(0.03947368 0.01913078 0.02352632)
(0.03978947 0.02116761 0.02321053)
(0.03947368 0.02116761 0.02352632)
(0.03978947 0.02320443 0.02321053)
(0.03947368 0.02320443 0.02352632)
(0.03978947 0.02524126 0.02321053)
(0.03947368 0.02524126 0.02352632)
(0.03978947 0.02727808 0.02321053)
(0.03947368 0.02727808 0.02352632)
(0.03978947 0.02938819 0.02321053)
(0.03947368 0.02938819 0.02352632)
(0.03978947 0.0318527 0.02321053)
(0.03947368 0.0318527 0.02352632)
(0.03978947 0.03388952 0.02321053)
(0.03947368 0.03388952 0.02352632)
(0.03978947 0.03592635 0.02321053)
(0.03947368 0.03592635 0.02352632)
(-0.02896216 -0.08 0.003037841)
(-0.0274054 -0.08 0.004594602)
(-0.02896216 0.16 0.003037841)
(-0.0274054 0.16 0.004594602)
(-0.02896216 -0.07 0.003037841)
(-0.0274054 -0.07 0.004594602)
(-0.02896216 0.15 0.003037841)
(-0.0274054 0.15 0.004594602)
(-0.02896216 -0.06 0.003037841)
(-0.0274054 -0.06 0.004594602)
(-0.02896216 -0.05 0.003037841)
(-0.0274054 -0.05 0.004594602)
(-0.02896216 -0.04 0.003037841)
(-0.0274054 -0.04 0.004594602)
(-0.02896216 -0.03 0.003037841)
(-0.0274054 -0.03 0.004594602)
(-0.02896216 -0.02 0.003037841)
(-0.0274054 -0.02 0.004594602)
(-0.02896216 -0.01 0.003037841)
(-0.0274054 -0.01 0.004594602)
(-0.02896216 -2.273737e-16 0.003037841)
(-0.0274054 -2.273737e-16 0.004594602)
(-0.02896216 0.01 0.003037841)
(-0.0274054 0.01 0.004594602)
(-0.02896216 0.02 0.003037841)
(-0.0274054 0.02 0.004594602)
(-0.02896216 0.03 0.003037841)
(-0.0274054 0.03 0.004594602)
(-0.02896216 0.04 0.003037841)
(-0.0274054 0.04 0.004594602)
(-0.02896216 0.05 0.003037841)
(-0.0274054 0.05 0.004594602)
(-0.02896216 0.06 0.003037841)
(-0.0274054 0.06 0.004594602)
(-0.02896216 0.07 0.003037841)
(-0.0274054 0.07 0.004594602)
(-0.02896216 0.08 0.003037841)
(-0.0274054 0.08 0.004594602)
(-0.02896216 0.09 0.003037841)
(-0.0274054 0.09 0.004594602)
(-0.02896216 0.1 0.003037841)
(-0.0274054 0.1 0.004594602)
(-0.02896216 0.11 0.003037841)
(-0.0274054 0.11 0.004594602)
(-0.02896216 0.12 0.003037841)
(-0.0274054 0.12 0.004594602)
(-0.02896216 0.13 0.003037841)
(-0.0274054 0.13 0.004594602)
(-0.02896317 0.14 0.003036826)
(-0.02740793 0.14 0.004592066)
(0.07096216 -0.08 0.003037841)
(0.0694054 -0.08 0.004594602)
(0.07096216 0.16 0.003037841)
(0.0694054 0.16 0.004594602)
(0.07100687 -0.07 0.002993127)
(0.06951718 -0.07 0.004482817)
(0.07096216 0.15 0.003037841)
(0.0694054 0.15 0.004594602)
(0.0710983 -0.06 0.002901702)
(0.06974575 -0.06 0.004254255)
(0.07116206 -0.05 0.002837937)
(0.06990516 -0.05 0.004094842)
(0.07120638 -0.04 0.002793618)
(0.07001596 -0.04 0.003984044)
(0.07123571 -0.03 0.002764291)
(0.07008927 -0.03 0.003910728)
(0.07123034 -0.02 0.002769656)
(0.07007586 -0.02 0.00392414)
(0.07121085 -0.01 0.002789148)
(0.07002713 -0.01 0.00397287)
(0.07115241 -2.273737e-16 0.002847586)
(0.06988103 -2.273737e-16 0.004118965)
(0.07111305 0.01 0.002886948)
(0.06978263 0.01 0.004217369)
(0.07109657 0.02 0.00290343)
(0.06974142 0.02 0.004258575)
(0.07109642 0.03 0.002903578)
(0.06974105 0.03 0.004258946)
(0.07111877 0.04 0.002881225)
(0.06979694 0.04 0.004203064)
(0.07112941 0.05 0.00287059)
(0.06982353 0.05 0.004176475)
(0.07107149 0.06 0.002928505)
(0.06967874 0.06 0.004321263)
(0.07106495 0.07 0.002935046)
(0.06966239 0.07 0.004337614)
(0.07105658 0.08 0.002943421)
(0.06964145 0.08 0.004358553)
(0.0710508 0.09 0.002949196)
(0.06962701 0.09 0.004372989)
(0.07105173 0.1 0.002948269)
(0.06962933 0.1 0.004370673)
(0.0710615 0.11 0.002938498)
(0.06965376 0.11 0.004346245)
(0.07108096 0.12 0.002919037)
(0.06970241 0.12 0.004297593)
(0.07104322 0.13 0.002956781)
(0.06960805 0.13 0.004391953)
(0.07096216 0.14 0.003037841)
(0.0694054 0.14 0.004594602)
(-0.0198 -0.08 0.002210526)
(-0.0198 -0.08 0.002526316)
(-0.0096 -0.08 0.002210526)
(-0.0096 -0.08 0.002526316)
(0.0006 -0.08 0.002210526)
(0.0006 -0.08 0.002526316)
(0.0108 -0.08 0.002210526)
(0.0108 -0.08 0.002526316)
(0.021 -0.08 0.002210526)
(0.021 -0.08 0.002526316)
(0.0312 -0.08 0.002210526)
(0.0312 -0.08 0.002526316)
(0.0414 -0.08 0.002210526)
(0.0414 -0.08 0.002526316)
(0.0516 -0.08 0.002210526)
(0.0516 -0.08 0.002526316)
(0.0618 -0.08 0.002210526)
(0.0618 -0.08 0.002526316)
(-0.0198 0.16 0.002210526)
(-0.0198 0.16 0.002526316)
(-0.0096 0.16 0.002210526)
(-0.0096 0.16 0.002526316)
(0.0006 0.16 0.002210526)
(0.0006 0.16 0.002526316)
(0.0108 0.16 0.002210526)
(0.0108 0.16 0.002526316)
(0.021 0.16 0.002210526)
(0.021 0.16 0.002526316)
(0.0312 0.16 0.002210526)
(0.0312 0.16 0.002526316)
(0.0414 0.16 0.002210526)
(0.0414 0.16 0.002526316)
(0.0516 0.16 0.002210526)
(0.0516 0.16 0.002526316)
(0.0618 0.16 0.002210526)
(0.0618 0.16 0.002526316)
(-0.02106867 -0.06627525 0.002210526)
(-0.02106867 -0.06627525 0.002526316)
(-0.02138336 -0.04533902 0.002210526)
(-0.02138336 -0.04533902 0.002526316)
(-0.02185498 -0.02536653 0.002210526)
(-0.02185498 -0.02536653 0.002526316)
(-0.02142774 -0.004746314 0.002210526)
(-0.02142774 -0.004746314 0.002526316)
(-0.01901451 0.01565464 0.002210526)
(-0.01901451 0.01565464 0.002526316)
(-0.02130744 0.03513327 0.002210526)
(-0.02130744 0.03513327 0.002526316)
(-0.02198464 0.05501995 0.002210526)
(-0.02198464 0.05501995 0.002526316)
(-0.0215402 0.07512186 0.002210526)
(-0.0215402 0.07512186 0.002526316)
(-0.0214193 0.0950443 0.002210526)
(-0.0214193 0.0950443 0.002526316)
(-0.02171793 0.1148827 0.002210526)
(-0.02171793 0.1148827 0.002526316)
(-0.02128121 0.134639 0.002210526)
(-0.02128121 0.134639 0.002526316)
(-0.01329312 -0.07168283 0.002210526)
(-0.01329312 -0.07168283 0.002526316)
(-0.004280461 -0.07125465 0.002210526)
(-0.004280461 -0.07125465 0.002526316)
(0.005636351 -0.07157686 0.002210526)
(0.005636351 -0.07157686 0.002526316)
(0.01559829 -0.07172137 0.002210526)
(0.01559829 -0.07172137 0.002526316)
(0.02542756 -0.07171067 0.002210526)
(0.02542756 -0.07171067 0.002526316)
(0.03514611 -0.07163923 0.002210526)
(0.03514611 -0.07163923 0.002526316)
(0.04471821 -0.07149949 0.002210526)
(0.04471821 -0.07149949 0.002526316)
(0.05409023 -0.07125839 0.002210526)
(0.05409023 -0.07125839 0.002526316)
(0.06319442 -0.07082897 0.002210526)
(0.06319442 -0.07082897 0.002526316)
(-0.01598299 0.1511256 0.002210526)
(-0.01598299 0.1511256 0.002526316)
(0.005359979 0.1510019 0.002210526)
(0.005359979 0.1510019 0.002526316)
(0.02602378 0.1509277 0.002210526)
(0.02602378 0.1509277 0.002526316)
(0.04725364 0.1500271 0.002210526)
(0.04725364 0.1500271 0.002526316)
(0.06414805 -0.06129813 0.002210526)
(0.06414805 -0.06129813 0.002526316)
(0.06485125 -0.05162316 0.002210526)
(0.06485125 -0.05162316 0.002526316)
(0.06538987 -0.04191404 0.002210526)
(0.06538987 -0.04191404 0.002526316)
(0.06580001 -0.03217618 0.002210526)
(0.06580001 -0.03217618 0.002526316)
(0.06587384 -0.02219122 0.002219069)
(0.06573755 -0.02213769 0.002547673)
(0.06546818 -0.01174695 0.002217805)
(0.06529129 -0.01163006 0.002544512)
(0.06462655 -0.001056039 0.002210526)
(0.06462655 -0.001056039 0.002526316)
(0.064236 0.009007016 0.002210526)
(0.064236 0.009007016 0.002526316)
(0.06405453 0.01916865 0.002210526)
(0.06405453 0.01916865 0.002526316)
(0.06410411 0.0288367 0.002210526)
(0.06410411 0.0288367 0.002526316)
(0.06445192 0.03827397 0.002210526)
(0.06445192 0.03827397 0.002526316)
(0.06471497 0.04779741 0.002210526)
(0.06471497 0.04779741 0.002526316)
(0.06416122 0.05770591 0.002210526)
(0.06416122 0.05770591 0.002526316)
(0.06410555 0.0676767 0.002210526)
(0.06410555 0.0676767 0.002526316)
(0.06405204 0.07759073 0.002210526)
(0.06405204 0.07759073 0.002526316)
(0.06403035 0.08749236 0.002210526)
(0.06403035 0.08749236 0.002526316)
(0.06408688 0.09737301 0.002210526)
(0.06408688 0.09737301 0.002526316)
(0.06429993 0.1071146 0.002210526)
(0.06429993 0.1071146 0.002526316)
(0.06480227 0.1165576 0.002210526)
(0.06480227 0.1165576 0.002526316)
(0.06452782 0.126317 0.002210526)
(0.06452782 0.126317 0.002526316)
(0.06277645 0.1361689 0.002210526)
(0.06277645 0.1361689 0.002526316)
(0.0599076 0.1480524 0.002210526)
(0.0599076 0.1480524 0.002526316)
(0.0004503104 -0.002401007 0.002210526)
(0.0003134835 -0.002620023 0.002526316)
(0.004822019 -0.001842089 0.002210526)
(0.004822019 -0.001842089 0.002526316)
(0.008826696 -0.001988152 0.002210526)
(0.008826696 -0.001988152 0.002526316)
(0.01297645 -0.001880649 0.002210526)
(0.01297645 -0.001880649 0.002526316)
(0.01693851 -0.001877924 0.002210526)
(0.01693851 -0.001877924 0.002526316)
(0.02092694 -0.001859882 0.002210526)
(0.02092694 -0.001859882 0.002526316)
(0.0249418 -0.002019808 0.002210526)
(0.0249418 -0.002019808 0.002526316)
(0.02899196 -0.00192103 0.002210526)
(0.02899196 -0.00192103 0.002526316)
(0.03294151 -0.001894616 0.002210526)
(0.03294151 -0.001894616 0.002526316)
(0.0372205 -0.001969047 0.002210526)
(0.0372205 -0.001969047 0.002526316)
(0.04191112 -0.002346758 0.002210526)
(0.04212288 -0.002572226 0.002526316)
(0.04452656 0.0006648212 0.002210526)
(0.04480223 0.0005368337 0.002526316)
(0.04419897 0.004657276 0.002210526)
(0.04419897 0.004657276 0.002526316)
(0.04420145 0.009012372 0.002210526)
(0.04420145 0.009012372 0.002526316)
(0.04420189 0.01272931 0.002210526)
(0.04420189 0.01272931 0.002526316)
(0.04437889 0.01682685 0.002210526)
(0.04437889 0.01682685 0.002526316)
(0.04416634 0.02103041 0.002210526)
(0.04416634 0.02103041 0.002526316)
(0.04397107 0.02496218 0.002210526)
(0.04397107 0.02496218 0.002526316)
(0.04419921 0.02913681 0.002210526)
(0.04419921 0.02913681 0.002526316)
(0.04431293 0.03340504 0.002210526)
(0.04431293 0.03340504 0.002526316)
(0.0442622 0.03720339 0.002210526)
(0.04444326 0.03721504 0.002526316)
(0.0001802455 0.04247957 0.002210526)
(1.658528e-05 0.04267528 0.002526316)
(0.002485395 0.042329 0.002210526)
(0.002429697 0.04253461 0.002526316)
(0.004688903 0.04204416 0.002210526)
(0.004688903 0.04204416 0.002526316)
(0.006707756 0.04186536 0.002210526)
(0.006707756 0.04186536 0.002526316)
(0.008796646 0.04186209 0.002210526)
(0.008796646 0.04186209 0.002526316)
(0.01078193 0.0420226 0.002210526)
(0.01078193 0.0420226 0.002526316)
(0.01297398 0.04206492 0.002210526)
(0.01297398 0.04206492 0.002526316)
(0.01495226 0.04201255 0.002210526)
(0.01495226 0.04201255 0.002526316)
(0.01693954 0.04189436 0.002210526)
(0.01693954 0.04189436 0.002526316)
(0.01894752 0.04188141 0.002210526)
(0.01894752 0.04188141 0.002526316)
(0.02095987 0.04197914 0.002210526)
(0.02095987 0.04197914 0.002526316)
(0.02301579 0.04204795 0.002210526)
(0.02301579 0.04204795 0.002526316)
(0.02507267 0.04198729 0.002210526)
(0.02507267 0.04198729 0.002526316)
(0.02707565 0.04190365 0.002210526)
(0.02707565 0.04190365 0.002526316)
(0.02906134 0.04187524 0.002210526)
(0.02906134 0.04187524 0.002526316)
(0.03095857 0.04187058 0.002210526)
(0.03095857 0.04187058 0.002526316)
(0.03303443 0.04190886 0.002210526)
(0.03303443 0.04190886 0.002526316)
(0.03521337 0.04209968 0.002210526)
(0.03521337 0.04209968 0.002526316)
(0.03729753 0.04211239 0.002210526)
(0.03729753 0.04211239 0.002526316)
(0.0395213 0.04227795 0.002210526)
(0.03958629 0.04248489 0.002526316)
(0.04192825 0.04239044 0.002210526)
(0.04214194 0.04261155 0.002526316)
(-0.002244671 0.0001398341 0.002210526)
(-0.002460958 1.273768e-06 0.002526316)
(-0.002323526 0.002488968 0.002210526)
(-0.002470574 0.002454617 0.002526316)
(-0.002523245 0.004629434 0.002210526)
(-0.002523245 0.004629434 0.002526316)
(-0.00270976 0.006893488 0.002210526)
(-0.00270976 0.006893488 0.002526316)
(-0.002493099 0.009098382 0.002210526)
(-0.002493099 0.009098382 0.002526316)
(-0.0022316 0.01118123 0.002210526)
(-0.0022316 0.01118123 0.002526316)
(-0.002101912 0.01326081 0.002210526)
(-0.002101912 0.01326081 0.002526316)
(-0.001795516 0.01505808 0.002210526)
(-0.001795516 0.01505808 0.002526316)
(-0.002215473 0.01693415 0.002210526)
(-0.002215473 0.01693415 0.002526316)
(-0.002197225 0.01917441 0.002210526)
(-0.002197225 0.01917441 0.002526316)
(-0.002139649 0.02121079 0.002210526)
(-0.002139649 0.02121079 0.002526316)
(-0.002077627 0.0232641 0.002210526)
(-0.002077627 0.0232641 0.002526316)
(-0.001750185 0.02508396 0.002210526)
(-0.001750185 0.02508396 0.002526316)
(-0.002071755 0.02691317 0.002210526)
(-0.002071755 0.02691317 0.002526316)
(-0.002119051 0.02896667 0.002210526)
(-0.002119051 0.02896667 0.002526316)
(-0.00207148 0.03114484 0.002210526)
(-0.00207148 0.03114484 0.002526316)
(-0.002051502 0.03320311 0.002210526)
(-0.002051502 0.03320311 0.002526316)
(-0.002125597 0.03523793 0.002210526)
(-0.002125597 0.03523793 0.002526316)
(-0.002338592 0.03741564 0.002210526)
(-0.002503312 0.03745539 0.002526316)
(-0.002647735 0.03970185 0.002210526)
(-0.002867209 0.03984354 0.002526316)
(-0.0208911 -0.05571387 0.002210526)
(-0.0208911 -0.05571387 0.002526316)
(-0.02167602 -0.03530709 0.002210526)
(-0.02167602 -0.03530709 0.002526316)
(-0.02187948 -0.01516164 0.002210526)
(-0.02187948 -0.01516164 0.002526316)
(-0.01927212 0.005666779 0.002210526)
(-0.01927212 0.005666779 0.002526316)
(-0.01918896 0.0255343 0.002210526)
(-0.01918896 0.0255343 0.002526316)
(-0.02191176 0.04485608 0.002210526)
(-0.02191176 0.04485608 0.002526316)
(-0.02175038 0.06514338 0.002210526)
(-0.02175038 0.06514338 0.002526316)
(-0.02143583 0.08509642 0.002210526)
(-0.02143583 0.08509642 0.002526316)
(-0.02151902 0.1049814 0.002210526)
(-0.02151902 0.1049814 0.002526316)
(-0.02167801 0.1248423 0.002210526)
(-0.02167801 0.1248423 0.002526316)
(-0.02155849 0.143503 0.002210526)
(-0.02155849 0.143503 0.002526316)
(-0.005227438 0.1506954 0.002210526)
(-0.005227438 0.1506954 0.002526316)
(0.01571265 0.1510908 0.002210526)
(0.01571265 0.1510908 0.002526316)
(0.03640637 0.1506214 0.002210526)
(0.03640637 0.1506214 0.002526316)
(0.002719037 -0.002158681 0.002210526)
(0.002682541 -0.002331342 0.002526316)
(0.006871655 -0.001816948 0.002210526)
(0.006871655 -0.001816948 0.002526316)
(-0.002126103 -0.002361807 0.002210526)
(-0.002330738 -0.002579711 0.002526316)
(0.01083406 -0.002012362 0.002210526)
(0.01083406 -0.002012362 0.002526316)
(0.01496796 -0.0017988 0.002210526)
(0.01496796 -0.0017988 0.002526316)
(0.01884984 -0.001801617 0.002210526)
(0.01884984 -0.001801617 0.002526316)
(0.02292132 -0.002010282 0.002210526)
(0.02292132 -0.002010282 0.002526316)
(0.02698085 -0.001917024 0.002210526)
(0.02698085 -0.001917024 0.002526316)
(0.03093716 -0.002025619 0.002210526)
(0.03093716 -0.002025619 0.002526316)
(0.03519147 -0.001899497 0.002210526)
(0.03519147 -0.001899497 0.002526316)
(0.03945726 -0.002237685 0.002210526)
(0.03952764 -0.002473612 0.002526316)
(0.04488053 -0.001846949 0.002210526)
(0.04514554 -0.00206164 0.002526316)
(0.04390788 0.002747307 0.002210526)
(0.04413363 0.002714153 0.002526316)
(0.04442306 0.006882393 0.002210526)
(0.04442306 0.006882393 0.002526316)
(0.04374312 0.01091056 0.002210526)
(0.04374312 0.01091056 0.002526316)
(0.0443192 0.0147623 0.002210526)
(0.0443192 0.0147623 0.002526316)
(0.04427163 0.0189753 0.002210526)
(0.04427163 0.0189753 0.002526316)
(0.04419742 0.02294872 0.002210526)
(0.04419742 0.02294872 0.002526316)
(0.04399392 0.02712693 0.002210526)
(0.04399392 0.02712693 0.002526316)
(0.0444653 0.03132012 0.002210526)
(0.0444653 0.03132012 0.002526316)
(0.04392493 0.03526832 0.002210526)
(0.04410423 0.03528719 0.002526316)
(0.04479428 0.04220201 0.002210526)
(0.04507672 0.0424222 0.002526316)
(0.04459677 0.03956164 0.002210526)
(0.04483533 0.03971117 0.002526316)
(-0.002588402 0.04235451 0.002210526)
(-0.002793813 0.04253829 0.002526316)
(-0.001786556 0.04507576 0.002210526)
(-0.001786556 0.04507576 0.002526316)
(0.03088375 0.1416286 0.002210526)
(0.03088375 0.1416286 0.002526316)
(-0.01388146 -0.02096266 0.002210526)
(-0.01388146 -0.02096266 0.002526316)
(-0.01302835 0.0001726542 0.002210526)
(-0.01302835 0.0001726542 0.002526316)
(-0.01251026 0.02055398 0.002210526)
(-0.01251026 0.02055398 0.002526316)
(-0.01396979 0.03974945 0.002210526)
(-0.01396979 0.03974945 0.002526316)
(-0.01375531 0.0602673 0.002210526)
(-0.01375531 0.0602673 0.002526316)
(-0.012904 0.08021816 0.002210526)
(-0.012904 0.08021816 0.002526316)
(-0.01285114 0.1001312 0.002210526)
(-0.01285114 0.1001312 0.002526316)
(-0.01371154 0.1196859 0.002210526)
(-0.01371154 0.1196859 0.002526316)
(-0.01141174 0.1406209 0.002210526)
(-0.01141174 0.1406209 0.002526316)
(-0.01250922 -0.05041448 0.002210526)
(-0.01250922 -0.05041448 0.002526316)
(-0.01071721 -0.06167969 0.002210526)
(-0.01071721 -0.06167969 0.002526316)
(0.0006195075 -0.06294029 0.002210526)
(0.0006195075 -0.06294029 0.002526316)
(0.01063794 -0.06339139 0.002210526)
(0.01063794 -0.06339139 0.002526316)
(0.02011433 -0.06338986 0.002210526)
(0.02011433 -0.06338986 0.002526316)
(0.02948592 -0.06328257 0.002210526)
(0.02948592 -0.06328257 0.002526316)
(0.03865598 -0.06307025 0.002210526)
(0.03865598 -0.06307025 0.002526316)
(0.0475367 -0.0627046 0.002210526)
(0.0475367 -0.0627046 0.002526316)
(0.0559795 -0.06215083 0.002210526)
(0.0559795 -0.06215083 0.002526316)
(0.02386566 -0.004519735 0.002210526)
(0.02386566 -0.004519735 0.002526316)
(0.01046977 0.1422956 0.002210526)
(0.01046977 0.1422956 0.002526316)
(9.088478e-05 0.141855 0.002210526)
(9.088478e-05 0.141855 0.002526316)
(0.05206569 0.1398863 0.002210526)
(0.05206569 0.1398863 0.002526316)
(0.02793215 -0.004029956 0.002210526)
(0.02793215 -0.004029956 0.002526316)
(0.001512864 -0.004868031 0.002210526)
(0.001512864 -0.004868031 0.002526316)
(-0.004914617 -0.001737929 0.002210526)
(-0.004914617 -0.001737929 0.002526316)
(0.00582708 -0.003748126 0.002210526)
(0.00582708 -0.003748126 0.002526316)
(0.05741034 -0.0528234 0.002210526)
(0.05741034 -0.0528234 0.002526316)
(0.05850071 -0.04344445 0.002210526)
(0.05850071 -0.04344445 0.002526316)
(0.0593776 -0.03412511 0.002210526)
(0.0593776 -0.03412511 0.002526316)
(0.06001985 -0.02472608 0.002210526)
(0.06001985 -0.02472608 0.002526316)
(0.05981838 -0.01464544 0.002210526)
(0.05981838 -0.01464544 0.002526316)
(0.05794672 -0.002769558 0.002211311)
(0.05799764 -0.002946386 0.002528278)
(0.05657688 0.007982885 0.002210526)
(0.05657688 0.007982885 0.002526316)
(0.05638016 0.01821718 0.002210526)
(0.05638016 0.01821718 0.002526316)
(0.05615697 0.02833668 0.002210526)
(0.05615697 0.02833668 0.002526316)
(0.0568991 0.03715107 0.002210526)
(0.0568991 0.03715107 0.002526316)
(0.05811205 0.0448486 0.002210526)
(0.05811205 0.0448486 0.002526316)
(0.0562759 0.05507161 0.002210526)
(0.0562759 0.05507161 0.002526316)
(0.05623941 0.06533364 0.002210526)
(0.05623941 0.06533364 0.002526316)
(0.05608286 0.07511213 0.002210526)
(0.05608286 0.07511213 0.002526316)
(0.05600415 0.08494066 0.002210526)
(0.05600415 0.08494066 0.002526316)
(0.05604256 0.09482583 0.002210526)
(0.05604256 0.09482583 0.002526316)
(0.05624742 0.1046543 0.002210526)
(0.05624742 0.1046543 0.002526316)
(0.05686078 0.1140237 0.002210526)
(0.05686078 0.1140237 0.002526316)
(0.05828242 0.1221439 0.002210526)
(0.05828242 0.1221439 0.002526316)
(-0.001206132 -0.005023994 0.002210526)
(-0.001206132 -0.005023994 0.002526316)
(0.003916399 -0.004361801 0.002210526)
(0.003916399 -0.004361801 0.002526316)
(0.01792372 -0.004309062 0.002210526)
(0.01792372 -0.004309062 0.002526316)
(0.01208708 -0.004386531 0.002210526)
(0.01208708 -0.004386531 0.002526316)
(0.02172925 -0.004388691 0.002210526)
(0.02172925 -0.004388691 0.002526316)
(0.0158846 -0.004319777 0.002210526)
(0.0158846 -0.004319777 0.002526316)
(0.02600778 -0.004438615 0.002210526)
(0.02600778 -0.004438615 0.002526316)
(0.01986239 -0.003843925 0.002210526)
(0.01986239 -0.003843925 0.002526316)
(0.0320844 -0.004537762 0.002210526)
(0.0320844 -0.004537762 0.002526316)
(0.03604998 -0.004224021 0.002210526)
(0.03604998 -0.004224021 0.002526316)
(0.04098129 -0.004841134 0.002210526)
(0.04098129 -0.004841134 0.002526316)
(0.0464769 0.002648059 0.002210526)
(0.0464769 0.002648059 0.002526316)
(0.04742501 0.00793092 0.002210526)
(0.04742501 0.00793092 0.002526316)
(0.0463483 0.0106708 0.002210526)
(0.0463483 0.0106708 0.002526316)
(0.0469539 0.01546806 0.002210526)
(0.0469539 0.01546806 0.002526316)
(0.04740463 0.01768619 0.002210526)
(0.04740463 0.01768619 0.002526316)
(0.04737226 0.02192349 0.002210526)
(0.04737226 0.02192349 0.002526316)
(0.04582307 0.02600612 0.002210526)
(0.04582307 0.02600612 0.002526316)
(0.04728036 0.03021537 0.002210526)
(0.04728036 0.03021537 0.002526316)
(0.04689296 0.03551829 0.002210526)
(0.04689296 0.03551829 0.002526316)
(0.04678185 0.03823242 0.002210526)
(0.04678185 0.03823242 0.002526316)
(0.02068297 0.1421678 0.002210526)
(0.02068297 0.1421678 0.002526316)
(-0.01402665 -0.01012238 0.002210526)
(-0.01402665 -0.01012238 0.002526316)
(0.009865065 -0.004628114 0.002210526)
(0.009865065 -0.004628114 0.002526316)
(0.00344509 0.04460059 0.002210526)
(0.00344509 0.04460059 0.002526316)
(0.005735958 0.04426311 0.002210526)
(0.005735958 0.04426311 0.002526316)
(0.007721385 0.04384776 0.002210526)
(0.007721385 0.04384776 0.002526316)
(0.009608565 0.04440027 0.002210526)
(0.009608565 0.04440027 0.002526316)
(0.01174835 0.04438617 0.002210526)
(0.01174835 0.04438617 0.002526316)
(0.01398361 0.04438878 0.002210526)
(0.01398361 0.04438878 0.002526316)
(0.01607237 0.04446133 0.002210526)
(0.01607237 0.04446133 0.002526316)
(0.01797033 0.04387909 0.002210526)
(0.01797033 0.04387909 0.002526316)
(0.01988195 0.04438915 0.002210526)
(0.01988195 0.04438915 0.002526316)
(0.021974 0.04425595 0.002210526)
(0.021974 0.04425595 0.002526316)
(0.0241951 0.04423874 0.002210526)
(0.0241951 0.04423874 0.002526316)
(0.02633413 0.04444274 0.002210526)
(0.02633413 0.04444274 0.002526316)
(0.02820646 0.04392596 0.002210526)
(0.02820646 0.04392596 0.002526316)
(0.03015478 0.04427463 0.002210526)
(0.03015478 0.04427463 0.002526316)
(0.03197005 0.04383494 0.002210526)
(0.03197005 0.04383494 0.002526316)
(0.03399598 0.04442331 0.002210526)
(0.03399598 0.04442331 0.002526316)
(0.03625899 0.04462575 0.002210526)
(0.03625899 0.04462575 0.002526316)
(0.03861809 0.0445297 0.002210526)
(0.03861809 0.0445297 0.002526316)
(0.04115097 0.04468576 0.002210526)
(0.04115097 0.04468576 0.002526316)
(-0.005545701 0.04156461 0.002210526)
(-0.005545701 0.04156461 0.002526316)
(-0.01349274 -0.03070008 0.002210526)
(-0.01349274 -0.03070008 0.002526316)
(-0.005141181 0.003019271 0.002210526)
(-0.005141181 0.003019271 0.002526316)
(-0.005634894 0.005452249 0.002210526)
(-0.005634894 0.005452249 0.002526316)
(-0.005607861 0.00794226 0.002210526)
(-0.005607861 0.00794226 0.002526316)
(-0.005163532 0.01042983 0.002210526)
(-0.005163532 0.01042983 0.002526316)
(-0.004467746 0.0126586 0.002210526)
(-0.004467746 0.0126586 0.002526316)
(-0.004973559 0.01527671 0.002210526)
(-0.004973559 0.01527671 0.002526316)
(-0.004440152 0.01790346 0.002210526)
(-0.004440152 0.01790346 0.002526316)
(-0.004885346 0.02025099 0.002210526)
(-0.004885346 0.02025099 0.002526316)
(-0.004426933 0.02255555 0.002210526)
(-0.004426933 0.02255555 0.002526316)
(-0.005030743 0.02517471 0.002210526)
(-0.005030743 0.02517471 0.002526316)
(-0.004394086 0.02774724 0.002210526)
(-0.004394086 0.02774724 0.002526316)
(-0.004728534 0.03001738 0.002210526)
(-0.004728534 0.03001738 0.002526316)
(-0.004143902 0.03215083 0.002210526)
(-0.004143902 0.03215083 0.002526316)
(-0.004850454 0.03422082 0.002210526)
(-0.004850454 0.03422082 0.002526316)
(-0.004523432 0.03638327 0.002210526)
(-0.004523432 0.03638327 0.002526316)
(-0.005284293 0.03865181 0.002210526)
(-0.005284293 0.03865181 0.002526316)
(0.01395861 -0.003791212 0.002210526)
(0.01395861 -0.003791212 0.002526316)
(0.001053094 0.04486714 0.002210526)
(0.001053094 0.04486714 0.002526316)
(-0.004387278 0.0008376338 0.002210526)
(-0.004387278 0.0008376338 0.002526316)
(0.007795514 -0.004312064 0.002210526)
(0.007795514 -0.004312064 0.002526316)
(0.04785719 -0.0002478589 0.002210526)
(0.04785719 -0.0002478589 0.002526316)
(0.04415851 0.04513109 0.002210526)
(0.04415851 0.04513109 0.002526316)
(-0.01273452 0.01105658 0.002210526)
(-0.01273452 0.01105658 0.002526316)
(-0.0125789 0.03164591 0.002210526)
(-0.0125789 0.03164591 0.002526316)
(-0.01444091 0.04975687 0.002210526)
(-0.01444091 0.04975687 0.002526316)
(-0.01321599 0.0703027 0.002210526)
(-0.01321599 0.0703027 0.002526316)
(-0.01277467 0.09015719 0.002210526)
(-0.01277467 0.09015719 0.002526316)
(-0.01315708 0.110005 0.002210526)
(-0.01315708 0.110005 0.002526316)
(-0.01316519 0.1296737 0.002210526)
(-0.01316519 0.1296737 0.002526316)
(-0.004682572 -0.004979906 0.002210526)
(-0.004682572 -0.004979906 0.002526316)
(0.04129039 0.1409881 0.002210526)
(0.04129039 0.1409881 0.002526316)
(-0.008298655 0.03598059 0.002210526)
(-0.008298655 0.03598059 0.002526316)
(0.04813762 -0.004232421 0.002210526)
(0.04813762 -0.004232421 0.002526316)
(-0.01316703 -0.04029361 0.002210526)
(-0.01316703 -0.04029361 0.002526316)
(0.02988843 -0.004572612 0.002210526)
(0.02988843 -0.004572612 0.002526316)
(-0.01076021 0.02563096 0.002210526)
(-0.01076021 0.02563096 0.002526316)
(0.05538769 0.1303501 0.002210526)
(0.05538769 0.1303501 0.002526316)
(-0.01047814 0.006292982 0.002210526)
(-0.01047814 0.006292982 0.002526316)
(-0.005229202 0.04504853 0.002210526)
(-0.005229202 0.04504853 0.002526316)
(0.04418912 -0.004952231 0.002210526)
(0.04418912 -0.004952231 0.002526316)
(0.0383779 -0.004488192 0.002210526)
(0.0383779 -0.004488192 0.002526316)
(0.03408069 -0.003927699 0.002210526)
(0.03408069 -0.003927699 0.002526316)
(0.04799592 0.04500702 0.002210526)
(0.04799592 0.04500702 0.002526316)
(0.04683661 0.005275051 0.002210526)
(0.04683661 0.005275051 0.002526316)
(0.0474003 0.01304768 0.002210526)
(0.0474003 0.01304768 0.002526316)
(0.04670189 0.01987095 0.002210526)
(0.04670189 0.01987095 0.002526316)
(0.04670478 0.02405942 0.002210526)
(0.04670478 0.02405942 0.002526316)
(0.04666201 0.02795314 0.002210526)
(0.04666201 0.02795314 0.002526316)
(0.04749446 0.03283086 0.002210526)
(0.04749446 0.03283086 0.002526316)
(0.04780361 0.04098286 0.002210526)
(0.04780361 0.04098286 0.002526316)
(-0.01061801 0.01567623 0.002210526)
(-0.01061801 0.01567623 0.002526316)
(0.02782857 -0.007285958 0.002210526)
(0.02782857 -0.007285958 0.002526316)
(-0.004336763 0.1054172 0.002210526)
(-0.004336763 0.1054172 0.002526316)
(0.02224151 -0.007608145 0.002210526)
(0.02224151 -0.007608145 0.002526316)
(0.0504366 0.03827701 0.002210526)
(0.0504366 0.03827701 0.002526316)
(-0.004473049 0.07546651 0.002210526)
(-0.004473049 0.07546651 0.002526316)
(-0.004842961 -0.04458679 0.002210526)
(-0.004842961 -0.04458679 0.002526316)
(-0.003591186 0.04935045 0.002210526)
(-0.003591186 0.04935045 0.002526316)
(0.0519453 -0.002210185 0.002210526)
(0.0519453 -0.002210185 0.002526316)
(-0.003406779 -0.05411678 0.002210526)
(-0.003406779 -0.05411678 0.002526316)
(-0.006422322 0.124027 0.002210526)
(-0.006422322 0.124027 0.002526316)
(0.01529592 -0.05503173 0.002210526)
(0.01529592 -0.05503173 0.002526316)
(0.02418122 -0.0549553 0.002210526)
(0.02418122 -0.0549553 0.002526316)
(0.03306351 -0.0547642 0.002210526)
(0.03306351 -0.0547642 0.002526316)
(0.04163503 -0.05432909 0.002210526)
(0.04163503 -0.05432909 0.002526316)
(0.04967702 -0.05370391 0.002210526)
(0.04967702 -0.05370391 0.002526316)
(0.04707662 -0.008759839 0.002210526)
(0.04707662 -0.008759839 0.002526316)
(0.04268317 -0.008361961 0.002210526)
(0.04268317 -0.008361961 0.002526316)
(0.05132311 -0.04465836 0.002210526)
(0.05132311 -0.04465836 0.002526316)
(0.05263336 -0.03573839 0.002210526)
(0.05263336 -0.03573839 0.002526316)
(0.05383165 -0.02710489 0.002210526)
(0.05383165 -0.02710489 0.002526316)
(0.05452303 -0.01837049 0.002210526)
(0.05452303 -0.01837049 0.002526316)
(0.05091745 0.004050443 0.002210526)
(0.05091745 0.004050443 0.002526316)
(0.05175786 0.04894449 0.002210526)
(0.05175786 0.04894449 0.002526316)
(0.04834355 0.06339767 0.002210526)
(0.04834355 0.06339767 0.002526316)
(0.04820607 0.05534456 0.002210526)
(0.04820607 0.05534456 0.002526316)
(0.04801264 0.07248472 0.002210526)
(0.04801264 0.07248472 0.002526316)
(0.04786845 0.08206864 0.002210526)
(0.04786845 0.08206864 0.002526316)
(0.04787487 0.09195784 0.002210526)
(0.04787487 0.09195784 0.002526316)
(0.04805771 0.1020086 0.002210526)
(0.04805771 0.1020086 0.002526316)
(0.04847053 0.1122371 0.002210526)
(0.04847053 0.1122371 0.002526316)
(0.05017658 0.1220952 0.002210526)
(0.05017658 0.1220952 0.002526316)
(0.0002133767 -0.008219241 0.002210526)
(0.0002133767 -0.008219241 0.002526316)
(-0.008626778 0.03991854 0.002210526)
(-0.008626778 0.03991854 0.002526316)
(0.04648746 0.04950363 0.002210526)
(0.04648746 0.04950363 0.002526316)
(-0.008925448 -0.00411515 0.002210526)
(-0.008925448 -0.00411515 0.002526316)
(-0.004086725 0.09533141 0.002210526)
(-0.004086725 0.09533141 0.002526316)
(0.05100896 0.01503062 0.002210526)
(0.05100896 0.01503062 0.002526316)
(0.05030397 0.02786359 0.002210526)
(0.05030397 0.02786359 0.002526316)
(0.0455193 0.1313304 0.002210526)
(0.0455193 0.1313304 0.002526316)
(-0.009685264 0.04391517 0.002210526)
(-0.009685264 0.04391517 0.002526316)
(0.01151734 -0.00769989 0.002210526)
(0.01151734 -0.00769989 0.002526316)
(0.03539821 0.1318867 0.002210526)
(0.03539821 0.1318867 0.002526316)
(0.007580389 0.04704802 0.002210526)
(0.007580389 0.04704802 0.002526316)
(0.01035317 0.04744369 0.002210526)
(0.01035317 0.04744369 0.002526316)
(0.01281915 0.04685513 0.002210526)
(0.01281915 0.04685513 0.002526316)
(0.01525893 0.04757978 0.002210526)
(0.01525893 0.04757978 0.002526316)
(0.01801474 0.04724157 0.002210526)
(0.01801474 0.04724157 0.002526316)
(0.02081353 0.04728947 0.002210526)
(0.02081353 0.04728947 0.002526316)
(0.02317413 0.04660638 0.002210526)
(0.02317413 0.04660638 0.002526316)
(0.02557991 0.04715412 0.002210526)
(0.02557991 0.04715412 0.002526316)
(0.02880122 0.04759128 0.002210526)
(0.02880122 0.04759128 0.002526316)
(0.03182328 0.0466483 0.002210526)
(0.03182328 0.0466483 0.002526316)
(0.03457469 0.04744004 0.002210526)
(0.03457469 0.04744004 0.002526316)
(0.03751244 0.04738465 0.002210526)
(0.03751244 0.04738465 0.002526316)
(0.04001405 0.04709685 0.002210526)
(0.04001405 0.04709685 0.002526316)
(-0.008526684 0.009656897 0.002210526)
(-0.008526684 0.009656897 0.002526316)
(-0.007850823 0.01278013 0.002210526)
(-0.007850823 0.01278013 0.002526316)
(-0.007782042 0.0184445 0.002210526)
(-0.007782042 0.0184445 0.002526316)
(-0.007825197 0.02230184 0.002210526)
(-0.007825197 0.02230184 0.002526316)
(-0.007793837 0.02840947 0.002210526)
(-0.007793837 0.02840947 0.002526316)
(-0.007386991 0.0321181 0.002210526)
(-0.007386991 0.0321181 0.002526316)
(-0.003657899 0.1324532 0.002210526)
(-0.003657899 0.1324532 0.002526316)
(-0.005042396 0.06560611 0.002210526)
(-0.005042396 0.06560611 0.002526316)
(-0.005408815 -0.02669124 0.002210526)
(-0.005408815 -0.02669124 0.002526316)
(0.02531001 0.1328393 0.002210526)
(0.02531001 0.1328393 0.002526316)
(-0.002923061 -0.008152774 0.002210526)
(-0.002923061 -0.008152774 0.002526316)
(0.01686988 -0.007322584 0.002210526)
(0.01686988 -0.007322584 0.002526316)
(0.01558057 0.1337312 0.002210526)
(0.01558057 0.1337312 0.002526316)
(0.04269067 0.04840987 0.002210526)
(0.04269067 0.04840987 0.002526316)
(0.005769503 0.1334015 0.002210526)
(0.005769503 0.1334015 0.002526316)
(0.006288056 -0.05528348 0.002210526)
(0.006288056 -0.05528348 0.002526316)
(-0.006192593 0.05576238 0.002210526)
(-0.006192593 0.05576238 0.002526316)
(0.03091719 -0.007874302 0.002210526)
(0.03091719 -0.007874302 0.002526316)
(-0.004975185 0.1152926 0.002210526)
(-0.004975185 0.1152926 0.002526316)
(0.05318623 -0.008722768 0.002210526)
(0.05318623 -0.008722768 0.002526316)
(0.05178238 0.03452356 0.002210526)
(0.05178238 0.03452356 0.002526316)
(-0.004153834 0.08532786 0.002210526)
(-0.004153834 0.08532786 0.002526316)
(0.005909105 -0.006324361 0.002210526)
(0.005909105 -0.006324361 0.002526316)
(0.01967066 -0.006554799 0.002210526)
(0.01967066 -0.006554799 0.002526316)
(0.05118885 0.02363817 0.002210526)
(0.05118885 0.02363817 0.002526316)
(0.0525106 0.04270475 0.002210526)
(0.0525106 0.04270475 0.002526316)
(0.003349323 -0.007571163 0.002210526)
(0.003349323 -0.007571163 0.002526316)
(-0.008267604 0.04896116 0.002210526)
(-0.008267604 0.04896116 0.002526316)
(0.03404476 -0.006875354 0.002210526)
(0.03404476 -0.006875354 0.002526316)
(0.03936095 -0.007614327 0.002210526)
(0.03936095 -0.007614327 0.002526316)
(0.04836463 0.02589216 0.002210526)
(0.04836463 0.02589216 0.002526316)
(0.03679407 -0.006679509 0.002210526)
(0.03679407 -0.006679509 0.002526316)
(0.05017846 0.0195767 0.002210526)
(0.05017846 0.0195767 0.002526316)
(0.05028113 0.01001655 0.002210526)
(0.05028113 0.01001655 0.002526316)
(0.05058242 0.03109259 0.002210526)
(0.05058242 0.03109259 0.002526316)
(-0.00765736 8.173244e-05 0.002210526)
(-0.00765736 8.173244e-05 0.002526316)
(0.004960178 0.04693027 0.002210526)
(0.004960178 0.04693027 0.002526316)
(0.008532722 -0.007487244 0.002210526)
(0.008532722 -0.007487244 0.002526316)
(-0.004826769 -0.03557374 0.002210526)
(-0.004826769 -0.03557374 0.002526316)
(0.01409484 -0.006448048 0.002210526)
(0.01409484 -0.006448048 0.002526316)
(-0.008548948 0.003185159 0.002210526)
(-0.008548948 0.003185159 0.002526316)
(-0.0003680146 0.04801471 0.002210526)
(-0.0003680146 0.04801471 0.002526316)
(-0.006152216 -0.01758463 0.002210526)
(-0.006152216 -0.01758463 0.002526316)
(0.002431994 0.04797115 0.002210526)
(0.002431994 0.04797115 0.002526316)
(0.04056814 0.0606159 0.002210526)
(0.04056814 0.0606159 0.002526316)
(0.01913401 -0.04650727 0.002210526)
(0.01913401 -0.04650727 0.002526316)
(0.04923341 -0.01413853 0.002210526)
(0.04923341 -0.01413853 0.002526316)
(0.002388066 -0.02335606 0.002210526)
(0.002388066 -0.02335606 0.002526316)
(0.0277796 -0.04658922 0.002210526)
(0.0277796 -0.04658922 0.002526316)
(0.0359525 -0.04618997 0.002210526)
(0.0359525 -0.04618997 0.002526316)
(0.04382498 -0.04557317 0.002210526)
(0.04382498 -0.04557317 0.002526316)
(0.04427406 -0.01231472 0.002210526)
(0.04427406 -0.01231472 0.002526316)
(0.004407499 0.08055511 0.002210526)
(0.004407499 0.08055511 0.002526316)
(0.02501395 -0.007114157 0.002210526)
(0.02501395 -0.007114157 0.002526316)
(0.04559853 -0.03698457 0.002210526)
(0.04559853 -0.03698457 0.002526316)
(0.04706478 -0.02871487 0.002210526)
(0.04706478 -0.02871487 0.002526316)
(0.04878182 -0.02152062 0.002210526)
(0.04878182 -0.02152062 0.002526316)
(0.03965148 0.06941428 0.002210526)
(0.03965148 0.06941428 0.002526316)
(0.03953285 0.07872155 0.002210526)
(0.03953285 0.07872155 0.002526316)
(0.03952436 0.08852715 0.002210526)
(0.03952436 0.08852715 0.002526316)
(0.03966154 0.09862821 0.002210526)
(0.03966154 0.09862821 0.002526316)
(0.04017925 0.1089449 0.002210526)
(0.04017925 0.1089449 0.002526316)
(0.04021528 0.1208833 0.002210526)
(0.04021528 0.1208833 0.002526316)
(-0.007242277 -0.009789955 0.002210526)
(-0.007242277 -0.009789955 0.002526316)
(0.003822115 -0.04002558 0.002210526)
(0.003822115 -0.04002558 0.002526316)
(0.02433644 -0.0114877 0.002210526)
(0.02433644 -0.0114877 0.002526316)
(0.004017957 0.1112579 0.002210526)
(0.004017957 0.1112579 0.002526316)
(0.003872146 0.07084256 0.002210526)
(0.003872146 0.07084256 0.002526316)
(0.002576584 0.122684 0.002210526)
(0.002576584 0.122684 0.002526316)
(0.01996641 0.05122455 0.002210526)
(0.01996641 0.05122455 0.002526316)
(0.03244612 0.05128959 0.002210526)
(0.03244612 0.05128959 0.002526316)
(0.003086463 0.06124297 0.002210526)
(0.003086463 0.06124297 0.002526316)
(0.02928894 0.1231577 0.002210526)
(0.02928894 0.1231577 0.002526316)
(0.004028406 -0.03133166 0.002210526)
(0.004028406 -0.03133166 0.002526316)
(0.01961491 0.1241746 0.002210526)
(0.01961491 0.1241746 0.002526316)
(0.004599449 0.1007359 0.002210526)
(0.004599449 0.1007359 0.002526316)
(0.02868211 -0.0120468 0.002210526)
(0.02868211 -0.0120468 0.002526316)
(0.01065476 -0.04663673 0.002210526)
(0.01065476 -0.04663673 0.002526316)
(0.0006013025 0.05252481 0.002210526)
(0.0006013025 0.05252481 0.002526316)
(0.004657949 0.09047786 0.002210526)
(0.004657949 0.09047786 0.002526316)
(0.002424769 -0.01138062 0.002210526)
(0.002424769 -0.01138062 0.002526316)
(0.002564787 -0.04808386 0.002210526)
(0.002564787 -0.04808386 0.002526316)
(-0.00215777 -0.0121551 0.002210526)
(-0.00215777 -0.0121551 0.002526316)
(0.006070896 -0.009851191 0.002210526)
(0.006070896 -0.009851191 0.002526316)
(0.005168019 0.05029008 0.002210526)
(0.005168019 0.05029008 0.002526316)
(0.006019628 0.05498937 0.002210526)
(0.006019628 0.05498937 0.002526316)
(0.009019976 0.05115029 0.002210526)
(0.009019976 0.05115029 0.002526316)
(0.01273733 0.05019686 0.002210526)
(0.01273733 0.05019686 0.002526316)
(0.01628897 0.05173831 0.002210526)
(0.01628897 0.05173831 0.002526316)
(0.01939745 0.0566543 0.002210526)
(0.01939745 0.0566543 0.002526316)
(0.02332274 0.04950577 0.002210526)
(0.02332274 0.04950577 0.002526316)
(0.02637648 0.05035809 0.002210526)
(0.02637648 0.05035809 0.002526316)
(0.02902071 0.05335945 0.002210526)
(0.02902071 0.05335945 0.002526316)
(0.03626813 0.05049131 0.002210526)
(0.03626813 0.05049131 0.002526316)
(0.03972812 0.05046023 0.002210526)
(0.03972812 0.05046023 0.002526316)
(0.0400546 -0.01141428 0.002210526)
(0.0400546 -0.01141428 0.002526316)
(0.01098919 0.1261152 0.002210526)
(0.01098919 0.1261152 0.002526316)
(0.01984529 -0.01854925 0.002210526)
(0.01984529 -0.01854925 0.002526316)
(0.01913826 -0.01097533 0.002210526)
(0.01913826 -0.01097533 0.002526316)
(0.01336263 0.08546315 0.002210526)
(0.01336263 0.08546315 0.002526316)
(0.001500327 -0.01673722 0.002210526)
(0.001500327 -0.01673722 0.002526316)
(0.03649111 -0.009922005 0.002210526)
(0.03649111 -0.009922005 0.002526316)
(0.03048731 -0.03806384 0.002210526)
(0.03048731 -0.03806384 0.002526316)
(0.0382365 -0.03781273 0.002210526)
(0.0382365 -0.03781273 0.002526316)
(0.03284904 -0.01150727 0.002210526)
(0.03284904 -0.01150727 0.002526316)
(0.04017647 -0.02985349 0.002210526)
(0.04017647 -0.02985349 0.002526316)
(0.03053592 0.06586356 0.002210526)
(0.03053592 0.06586356 0.002526316)
(0.03262254 0.114377 0.002210526)
(0.03262254 0.114377 0.002526316)
(0.03090391 0.07490137 0.002210526)
(0.03090391 0.07490137 0.002526316)
(0.0309349 0.0846099 0.002210526)
(0.0309349 0.0846099 0.002526316)
(0.03102617 0.09466309 0.002210526)
(0.03102617 0.09466309 0.002526316)
(0.03129316 0.104971 0.002210526)
(0.03129316 0.104971 0.002526316)
(0.04097134 -0.0155693 0.002210526)
(0.04097134 -0.0155693 0.002526316)
(0.01000381 -0.01190043 0.002210526)
(0.01000381 -0.01190043 0.002526316)
(0.01439608 -0.01021441 0.002210526)
(0.01439608 -0.01021441 0.002526316)
(0.03145983 -0.01730208 0.002210526)
(0.03145983 -0.01730208 0.002526316)
(0.01436868 -0.01605167 0.002210526)
(0.01436868 -0.01605167 0.002526316)
(0.008292527 -0.0185293 0.002210526)
(0.008292527 -0.0185293 0.002526316)
(0.01295961 0.07577473 0.002210526)
(0.01295961 0.07577473 0.002526316)
(0.03635052 -0.01573826 0.002210526)
(0.03635052 -0.01573826 0.002526316)
(0.01215934 0.06667162 0.002210526)
(0.01215934 0.06667162 0.002526316)
(0.02270029 0.1129501 0.002210526)
(0.02270029 0.1129501 0.002526316)
(0.0429591 0.05319707 0.002210526)
(0.0429591 0.05319707 0.002526316)
(0.01336122 0.1064073 0.002210526)
(0.01336122 0.1064073 0.002526316)
(0.01370232 -0.03649874 0.002210526)
(0.01370232 -0.03649874 0.002526316)
(0.02573957 -0.01833922 0.002210526)
(0.02573957 -0.01833922 0.002526316)
(0.04509399 -0.01708433 0.002210526)
(0.04509399 -0.01708433 0.002526316)
(0.04163822 -0.02204491 0.002210526)
(0.04163822 -0.02204491 0.002526316)
(0.005855398 -0.01373264 0.002210526)
(0.005855398 -0.01373264 0.002526316)
(0.01225187 0.1169127 0.002210526)
(0.01225187 0.1169127 0.002526316)
(0.0260804 0.05927308 0.002210526)
(0.0260804 0.05927308 0.002526316)
(0.03281476 0.05809266 0.002210526)
(0.03281476 0.05809266 0.002526316)
(0.02274518 -0.03889891 0.002210526)
(0.02274518 -0.03889891 0.002526316)
(0.01347525 0.09567426 0.002210526)
(0.01347525 0.09567426 0.002526316)
(0.01227201 0.05726433 0.002210526)
(0.01227201 0.05726433 0.002526316)
(0.02294502 -0.02858662 0.002210526)
(0.02294502 -0.02858662 0.002526316)
(0.02208373 0.0803592 0.002210526)
(0.02208373 0.0803592 0.002526316)
(0.02226617 0.09024771 0.002210526)
(0.02226617 0.09024771 0.002526316)
(0.02233243 0.1008496 0.002210526)
(0.02233243 0.1008496 0.002526316)
(0.01275936 -0.02517659 0.002210526)
(0.01275936 -0.02517659 0.002526316)
(0.02393873 0.05375458 0.002210526)
(0.02393873 0.05375458 0.002526316)
(0.03745965 0.05475153 0.002210526)
(0.03745965 0.05475153 0.002526316)
(0.0200757 0.06342865 0.002210526)
(0.0200757 0.06342865 0.002526316)
(0.02156589 0.07125711 0.002210526)
(0.02156589 0.07125711 0.002526316)
(0.03280901 -0.03046073 0.002210526)
(0.03280901 -0.03046073 0.002526316)
(0.03557275 -0.02318227 0.002210526)
(0.03557275 -0.02318227 0.002526316)
(0.02945513 -0.02379488 0.002210526)
(0.02945513 -0.02379488 0.002526316)
(-0.02896216 -0.07132633 0.01889276)
(-0.0274054 -0.07132633 0.01889276)
(-0.02896216 -0.07125544 0.03792622)
(-0.0274054 -0.07125544 0.03792622)
(-0.02896216 -0.07174919 0.058123)
(-0.0274054 -0.07174919 0.058123)
(-0.02896216 -0.07127251 0.07823549)
(-0.0274054 -0.07127251 0.07823549)
(-0.02896216 -0.06625207 0.0950364)
(-0.0274054 -0.06627711 0.09489336)
(-0.02896216 -0.04515096 0.09507992)
(-0.0274054 -0.04515096 0.09507992)
(-0.02896216 -0.02494578 0.09482586)
(-0.0274054 -0.02494578 0.09482586)
(-0.02896216 -0.005015362 0.09466253)
(-0.0274054 -0.005015362 0.09466253)
(-0.02896216 0.01501113 0.09476949)
(-0.0274054 0.01501113 0.09476949)
(-0.02896216 0.03503082 0.09481068)
(-0.0274054 0.03503082 0.09481068)
(-0.02896216 0.05503578 0.09482716)
(-0.0274054 0.05503578 0.09482716)
(-0.02896216 0.07503942 0.09482632)
(-0.0274054 0.07503942 0.09482632)
(-0.02896216 0.09506043 0.0948218)
(-0.0274054 0.09506043 0.0948218)
(-0.02896216 0.115053 0.0948464)
(-0.0274054 0.115053 0.0948464)
(-0.02896216 0.1347979 0.09457984)
(-0.0274054 0.1347979 0.09457984)
(-0.02896216 0.1510382 0.01666261)
(-0.0274054 0.1510382 0.01666261)
(-0.02896216 0.1511742 0.02763877)
(-0.0274054 0.1511742 0.02763877)
(-0.02896216 0.151272 0.038159)
(-0.0274054 0.151272 0.038159)
(-0.02896216 0.1512382 0.0485299)
(-0.0274054 0.1512382 0.0485299)
(-0.02896216 0.1512564 0.0588107)
(-0.0274054 0.1512564 0.0588107)
(-0.02896216 0.1515873 0.06891118)
(-0.0274054 0.1515873 0.06891118)
(-0.02896216 0.1513983 0.07931318)
(-0.0274054 0.1513983 0.07931318)
(-0.02896216 0.1513267 0.0898626)
(-0.0274054 0.1513267 0.0898626)
(-0.02896216 -0.06593537 0.01108281)
(-0.0274054 -0.0659462 0.01114524)
(-0.02896216 -0.05507806 0.01156654)
(-0.0274054 -0.05507806 0.01156654)
(-0.02896216 -0.04444875 0.01120258)
(-0.0274054 -0.04444875 0.01120258)
(-0.02896216 -0.03414811 0.01096867)
(-0.0274054 -0.03414811 0.01096867)
(-0.02896216 -0.02403393 0.01088032)
(-0.0274054 -0.02403393 0.01088032)
(-0.02896216 -0.01400732 0.01086732)
(-0.0274054 -0.01400732 0.01086732)
(-0.02896216 -0.004021065 0.01089773)
(-0.0274054 -0.004021065 0.01089773)
(-0.02896216 0.005950725 0.01094151)
(-0.0274054 0.005950725 0.01094151)
(-0.02896216 0.01592462 0.01097631)
(-0.0274054 0.01592462 0.01097631)
(-0.02896216 0.02590705 0.01099621)
(-0.0274054 0.02590705 0.01099621)
(-0.02896216 0.03589746 0.01100499)
(-0.0274054 0.03589746 0.01100499)
(-0.02896216 0.04589294 0.0110085)
(-0.0274054 0.04589294 0.0110085)
(-0.02896216 0.05589095 0.01101091)
(-0.0274054 0.05589095 0.01101091)
(-0.02896216 0.06588947 0.0110142)
(-0.0274054 0.06588947 0.0110142)
(-0.02896216 0.07588568 0.01101723)
(-0.0274054 0.07588568 0.01101723)
(-0.02896216 0.08587291 0.01101095)
(-0.0274054 0.08587291 0.01101095)
(-0.02896216 0.09583441 0.01096577)
(-0.0274054 0.09583441 0.01096577)
(-0.02896216 0.1057377 0.01081054)
(-0.0274054 0.1057377 0.01081054)
(-0.02896216 0.1155678 0.01048335)
(-0.0274054 0.1155678 0.01048335)
(-0.02896216 0.1253372 0.01018171)
(-0.0274054 0.1253372 0.01018171)
(-0.02896216 0.1340665 0.009140153)
(-0.0274054 0.1340665 0.009140153)
(-0.02896216 0.1421629 0.01221652)
(-0.0274054 0.1421629 0.01221652)
(-0.02896216 -0.07083289 0.02795894)
(-0.0274054 -0.07083289 0.02795894)
(-0.02896216 -0.07162051 0.04803683)
(-0.0274054 -0.07162051 0.04803683)
(-0.02896216 -0.07162303 0.06824229)
(-0.0274054 -0.07162303 0.06824229)
(-0.02896216 -0.0716701 0.08726342)
(-0.0274054 -0.0716701 0.08726342)
(-0.02896216 -0.05561727 0.09476176)
(-0.0274054 -0.05561727 0.09476176)
(-0.02896216 -0.03495624 0.09504117)
(-0.0274054 -0.03495624 0.09504117)
(-0.02896216 -0.01498821 0.09468795)
(-0.0274054 -0.01498821 0.09468795)
(-0.02896216 0.004994737 0.09472016)
(-0.0274054 0.004994737 0.09472016)
(-0.02896216 0.02502108 0.0947865)
(-0.0274054 0.02502108 0.0947865)
(-0.02896216 0.04503456 0.09481773)
(-0.0274054 0.04503456 0.09481773)
(-0.02896216 0.06503783 0.09481703)
(-0.0274054 0.06503783 0.09481703)
(-0.02896216 0.08504899 0.09481745)
(-0.0274054 0.08504899 0.09481745)
(-0.02896216 0.1050653 0.09481941)
(-0.0274054 0.1050653 0.09481941)
(-0.02896216 0.1250422 0.09471234)
(-0.0274054 0.1250422 0.09471234)
(-0.02896216 0.1436436 0.09527709)
(-0.0274054 0.1436436 0.09527709)
(-0.02896216 -0.06201788 0.03318206)
(-0.0274054 -0.06201788 0.03318206)
(-0.02896216 -0.06164888 0.08461835)
(-0.0274054 -0.06164888 0.08461835)
(-0.02896216 -0.06349282 0.05325791)
(-0.0274054 -0.06349282 0.05325791)
(-0.02896216 -0.03986832 0.08639277)
(-0.0274054 -0.03986832 0.08639277)
(-0.02896216 -0.02000629 0.08536176)
(-0.0274054 -0.02000629 0.08536176)
(-0.02896216 -0.05023921 0.08620817)
(-0.0274054 -0.05023921 0.08620817)
(-0.02896216 -2.081427e-05 0.08537284)
(-0.0274054 -2.081427e-05 0.08537284)
(-0.02896216 0.02004434 0.08554287)
(-0.0274054 0.02004434 0.08554287)
(-0.02896216 0.040069 0.0856162)
(-0.0274054 0.040069 0.0856162)
(-0.02896216 0.06007316 0.08563826)
(-0.0274054 0.06007316 0.08563826)
(-0.02896216 0.08008107 0.08564058)
(-0.0274054 0.08008107 0.08564058)
(-0.02896216 0.1001447 0.08561335)
(-0.0274054 0.1001447 0.08561335)
(-0.02896216 0.120076 0.08576623)
(-0.0274054 0.120076 0.08576623)
(-0.02896216 -0.01006053 0.08522894)
(-0.0274054 -0.01006053 0.08522894)
(-0.02896216 -0.06302664 0.07326528)
(-0.0274054 -0.06302664 0.07326528)
(-0.02896216 -0.06303324 0.04332766)
(-0.0274054 -0.06303324 0.04332766)
(-0.02896216 -0.06074653 0.02185249)
(-0.0274054 -0.06074653 0.02185249)
(-0.02896216 -0.02990097 0.08583378)
(-0.0274054 -0.02990097 0.08583378)
(-0.02896216 0.1422205 0.02284287)
(-0.0274054 0.1422205 0.02284287)
(-0.02896216 0.1411936 0.08461494)
(-0.0274054 0.1411936 0.08461494)
(-0.02896216 0.1426258 0.03349768)
(-0.0274054 0.1426258 0.03349768)
(-0.02896216 0.1425772 0.04393542)
(-0.0274054 0.1425772 0.04393542)
(-0.02896216 0.142406 0.05445768)
(-0.0274054 0.142406 0.05445768)
(-0.02896216 0.1425215 0.06489217)
(-0.0274054 0.1425215 0.06489217)
(-0.02896216 0.1438599 0.07430786)
(-0.0274054 0.1438599 0.07430786)
(-0.02896216 -0.04881779 0.02053606)
(-0.0274054 -0.04881779 0.02053606)
(-0.02896216 -0.03816987 0.01996771)
(-0.0274054 -0.03816987 0.01996771)
(-0.02896216 -0.02797695 0.01977073)
(-0.0274054 -0.02797695 0.01977073)
(-0.02896216 -0.01794771 0.01971751)
(-0.0274054 -0.01794771 0.01971751)
(-0.02896216 -0.007989409 0.01976978)
(-0.0274054 -0.007989409 0.01976978)
(-0.02896216 0.001941602 0.0198686)
(-0.0274054 0.001941602 0.0198686)
(-0.02896216 0.01188026 0.01995234)
(-0.0274054 0.01188026 0.01995234)
(-0.02896216 0.02183951 0.02000152)
(-0.0274054 0.02183951 0.02000152)
(-0.02896216 0.03181703 0.02002304)
(-0.0274054 0.03181703 0.02002304)
(-0.02896216 0.04180588 0.02003061)
(-0.0274054 0.04180588 0.02003061)
(-0.02896216 0.05180062 0.02003436)
(-0.0274054 0.05180062 0.02003436)
(-0.02896216 0.06179826 0.02003977)
(-0.0274054 0.06179826 0.02003977)
(-0.02896216 0.071797 0.02004922)
(-0.0274054 0.071797 0.02004922)
(-0.02896216 0.08179498 0.02005781)
(-0.0274054 0.08179498 0.02005781)
(-0.02896216 0.09178397 0.02004039)
(-0.0274054 0.09178397 0.02004039)
(-0.02896216 0.1017328 0.01991403)
(-0.0274054 0.1017328 0.01991403)
(-0.02896216 0.1115464 0.01944471)
(-0.0274054 0.1115464 0.01944471)
(-0.02896216 0.1212619 0.0184806)
(-0.0274054 0.1212619 0.0184806)
(-0.02896216 0.1323762 0.01836485)
(-0.0274054 0.1323762 0.01836485)
(-0.02896216 -0.06354974 0.06309327)
(-0.0274054 -0.06354974 0.06309327)
(-0.02896216 0.1303351 0.08510058)
(-0.0274054 0.1303351 0.08510058)
(-0.02896216 0.03006323 0.08560397)
(-0.0274054 0.03006323 0.08560397)
(-0.02896216 0.01001996 0.0854866)
(-0.0274054 0.01001996 0.0854866)
(-0.02896216 0.05007052 0.0856183)
(-0.0274054 0.05007052 0.0856183)
(-0.02896216 0.07007057 0.08561626)
(-0.0274054 0.07007057 0.08561626)
(-0.02896216 0.09010678 0.08562796)
(-0.0274054 0.09010678 0.08562796)
(-0.02896216 0.1101624 0.08565069)
(-0.0274054 0.1101624 0.08565069)
(-0.02896216 0.1339683 0.07321366)
(-0.0274054 0.1339683 0.07321366)
(-0.02896216 -0.05536389 0.05819427)
(-0.0274054 -0.05536389 0.05819427)
(-0.02896216 0.1154031 0.07636631)
(-0.0274054 0.1154031 0.07636631)
(-0.02896216 0.02509141 0.07627862)
(-0.0274054 0.02509141 0.07627862)
(-0.02896216 -0.04442018 0.07827008)
(-0.0274054 -0.04442018 0.07827008)
(-0.02896216 0.05510726 0.0763658)
(-0.0274054 0.05510726 0.0763658)
(-0.02896216 -0.05421693 0.03946357)
(-0.0274054 -0.05421693 0.03946357)
(-0.02896216 0.04510438 0.07634645)
(-0.0274054 0.04510438 0.07634645)
(-0.02896216 0.01507509 0.07622076)
(-0.0274054 0.01507509 0.07622076)
(-0.02896216 0.07509488 0.07635558)
(-0.0274054 0.07509488 0.07635558)
(-0.02896216 0.09518269 0.07636545)
(-0.0274054 0.09518269 0.07636545)
(-0.02896216 0.1246526 0.07723567)
(-0.0274054 0.1246526 0.07723567)
(-0.02896216 -0.05204675 0.03005135)
(-0.0274054 -0.05204675 0.03005135)
(-0.02896216 -0.01524947 0.07550277)
(-0.0274054 -0.01524947 0.07550277)
(-0.02896216 0.1340282 0.03918184)
(-0.0274054 0.1340282 0.03918184)
(-0.02896216 0.1338128 0.04964917)
(-0.0274054 0.1338128 0.04964917)
(-0.02896216 0.1332613 0.06079936)
(-0.0274054 0.1332613 0.06079936)
(-0.02896216 -0.04167177 0.02897688)
(-0.0274054 -0.04167177 0.02897688)
(-0.02896216 -0.05413641 0.07721007)
(-0.0274054 -0.05413641 0.07721007)
(-0.02896216 -0.0316502 0.02873561)
(-0.0274054 -0.0316502 0.02873561)
(-0.02896216 -0.02171214 0.02858757)
(-0.0274054 -0.02171214 0.02858757)
(-0.02896216 -0.01182305 0.02863553)
(-0.0274054 -0.01182305 0.02863553)
(-0.02896216 -0.0019709 0.02881563)
(-0.0274054 -0.0019709 0.02881563)
(-0.02896216 0.007906451 0.02897637)
(-0.0274054 0.007906451 0.02897637)
(-0.02896216 0.01782905 0.02907299)
(-0.0274054 0.01782905 0.02907299)
(-0.02896216 0.02778687 0.02911509)
(-0.0274054 0.02778687 0.02911509)
(-0.02896216 0.03776491 0.02912916)
(-0.0274054 0.03776491 0.02912916)
(-0.02896216 0.04775288 0.02913445)
(-0.0274054 0.04775288 0.02913445)
(-0.02896216 0.05774722 0.02913941)
(-0.0274054 0.05774722 0.02913941)
(-0.02896216 0.06774492 0.02915144)
(-0.0274054 0.06774492 0.02915144)
(-0.02896216 0.07775071 0.02917126)
(-0.0274054 0.07775071 0.02917126)
(-0.02896216 0.08777304 0.0291921)
(-0.0274054 0.08777304 0.0291921)
(-0.02896216 0.09782935 0.02916998)
(-0.0274054 0.09782935 0.02916998)
(-0.02896216 0.1079021 0.02897121)
(-0.0274054 0.1079021 0.02897121)
(-0.02896216 0.1175612 0.02779354)
(-0.0274054 0.1175612 0.02779354)
(-0.02896216 -0.05554933 0.06750301)
(-0.0274054 -0.05554933 0.06750301)
(-0.02896216 0.1053112 0.07635295)
(-0.0274054 0.1053112 0.07635295)
(-0.02896216 -0.0552978 0.04895078)
(-0.0274054 -0.0552978 0.04895078)
(-0.02896216 0.005030603 0.07608928)
(-0.0274054 0.005030603 0.07608928)
(-0.02896216 -0.03493785 0.07722907)
(-0.0274054 -0.03493785 0.07722907)
(-0.02896216 0.03510079 0.07632656)
(-0.0274054 0.03510079 0.07632656)
(-0.02896216 0.1340909 0.02907597)
(-0.0274054 0.1340909 0.02907597)
(-0.02896216 0.0650879 0.07633742)
(-0.0274054 0.0650879 0.07633742)
(-0.02896216 0.0851162 0.07636751)
(-0.0274054 0.0851162 0.07636751)
(-0.02896216 -0.005081821 0.07579506)
(-0.0274054 -0.005081821 0.07579506)
(-0.02896216 0.1261687 0.02560396)
(-0.0274054 0.1261687 0.02560396)
(-0.02896216 -0.02520746 0.07597311)
(-0.0274054 -0.02520746 0.07597311)
(-0.02896216 0.06008668 0.06693008)
(-0.0274054 0.06008668 0.06693008)
(-0.02896216 5.674694e-05 0.06644876)
(-0.0274054 5.674694e-05 0.06644876)
(-0.02896216 0.08006438 0.06696228)
(-0.0274054 0.08006438 0.06696228)
(-0.02896216 -0.04766898 0.0454967)
(-0.0274054 -0.04766898 0.0454967)
(-0.02896216 -0.04451061 0.03777104)
(-0.0274054 -0.04451061 0.03777104)
(-0.02896216 -0.0350024 0.03795106)
(-0.0274054 -0.0350024 0.03795106)
(-0.02896216 0.1252995 0.03442733)
(-0.0274054 0.1252995 0.03442733)
(-0.02896216 0.04010941 0.06692262)
(-0.0274054 0.04010941 0.06692262)
(-0.02896216 0.07007316 0.06693887)
(-0.0274054 0.07007316 0.06693887)
(-0.02896216 0.02013264 0.06686325)
(-0.0274054 0.02013264 0.06686325)
(-0.02896216 0.1254688 0.04415709)
(-0.0274054 0.1254688 0.04415709)
(-0.02896216 0.03010654 0.06688832)
(-0.0274054 0.03010654 0.06688832)
(-0.02896216 0.1249259 0.05483243)
(-0.0274054 0.1249259 0.05483243)
(-0.02896216 -0.02526533 0.03753625)
(-0.0274054 -0.02526533 0.03753625)
(-0.02896216 -0.01548831 0.03747721)
(-0.0274054 -0.01548831 0.03747721)
(-0.02896216 -0.005800019 0.03780303)
(-0.0274054 -0.005800019 0.03780303)
(-0.02896216 0.003963752 0.0380896)
(-0.0274054 0.003963752 0.0380896)
(-0.02896216 0.01383217 0.03826199)
(-0.0274054 0.01383217 0.03826199)
(-0.02896216 0.02376727 0.03833872)
(-0.0274054 0.02376727 0.03833872)
(-0.02896216 0.03372912 0.03836004)
(-0.0274054 0.03372912 0.03836004)
(-0.02896216 0.04370355 0.03837267)
(-0.0274054 0.04370355 0.03837267)
(-0.02896216 0.05369212 0.03837199)
(-0.0274054 0.05369212 0.03837199)
(-0.02896216 0.0636814 0.03838698)
(-0.0274054 0.0636814 0.03838698)
(-0.02896216 0.07368119 0.03840226)
(-0.0274054 0.07368119 0.03840226)
(-0.02896216 0.08369457 0.03844527)
(-0.0274054 0.08369457 0.03844527)
(-0.02896216 0.09377667 0.03848027)
(-0.0274054 0.09377667 0.03848027)
(-0.02896216 0.1040442 0.03848844)
(-0.0274054 0.1040442 0.03848844)
(-0.02896216 0.115256 0.03856655)
(-0.0274054 0.115256 0.03856655)
(-0.02896216 -0.01010914 0.06593807)
(-0.0274054 -0.01010914 0.06593807)
(-0.02896216 0.01010456 0.06673336)
(-0.0274054 0.01010456 0.06673336)
(-0.02896216 0.05011193 0.06694708)
(-0.0274054 0.05011193 0.06694708)
(-0.02896216 0.1107217 0.06698118)
(-0.0274054 0.1107217 0.06698118)
(-0.02896216 -0.04736691 0.06290493)
(-0.0274054 -0.04736691 0.06290493)
(-0.02896216 0.1226294 0.06659163)
(-0.0274054 0.1226294 0.06659163)
(-0.02896216 0.09009862 0.06698222)
(-0.0274054 0.09009862 0.06698222)
(-0.02896216 -0.04828033 0.07107687)
(-0.0274054 -0.04828033 0.07107687)
(-0.02896216 -0.02106693 0.06465741)
(-0.0274054 -0.02106693 0.06465741)
(-0.02896216 -0.04693502 0.05395084)
(-0.0274054 -0.04693502 0.05395084)
(-0.02896216 0.1002611 0.06702059)
(-0.0274054 0.1002611 0.06702059)
(-0.02896216 -0.04029782 0.06929472)
(-0.0274054 -0.04029782 0.06929472)
(-0.02896216 0.005124049 0.05704771)
(-0.0274054 0.005124049 0.05704771)
(-0.02896216 0.08490075 0.05743417)
(-0.0274054 0.08490075 0.05743417)
(-0.02896216 -0.004630279 0.05665286)
(-0.0274054 -0.004630279 0.05665286)
(-0.02896216 -0.03846024 0.04815501)
(-0.0274054 -0.03846024 0.04815501)
(-0.02896216 -0.03130078 0.06721074)
(-0.0274054 -0.03130078 0.06721074)
(-0.02896216 -0.02859204 0.04664806)
(-0.0274054 -0.02859204 0.04664806)
(-0.02896216 0.1179918 0.04859355)
(-0.0274054 0.1179918 0.04859355)
(-0.02896216 -0.01898582 0.04614965)
(-0.0274054 -0.01898582 0.04614965)
(-0.02896216 -0.009690827 0.04683327)
(-0.0274054 -0.009690827 0.04683327)
(-0.02896216 -0.0001420033 0.04731664)
(-0.0274054 -0.0001420033 0.04731664)
(-0.02896216 0.009674567 0.04759398)
(-0.0274054 0.009674567 0.04759398)
(-0.02896216 0.01960976 0.04773023)
(-0.0274054 0.01960976 0.04773023)
(-0.02896216 0.02958584 0.0477586)
(-0.0274054 0.02958584 0.0477586)
(-0.02896216 0.03948729 0.04778819)
(-0.0274054 0.03948729 0.04778819)
(-0.02896216 0.04951738 0.04777331)
(-0.0274054 0.04951738 0.04777331)
(-0.02896216 0.0594449 0.04780212)
(-0.0274054 0.0594449 0.04780212)
(-0.02896216 0.06948763 0.04779373)
(-0.0274054 0.06948763 0.04779373)
(-0.02896216 0.07941301 0.04785071)
(-0.0274054 0.07941301 0.04785071)
(-0.02896216 0.0894531 0.04789998)
(-0.0274054 0.0894531 0.04789998)
(-0.02896216 0.09948918 0.04796652)
(-0.0274054 0.09948918 0.04796652)
(-0.02896216 0.1150597 0.05747969)
(-0.0274054 0.1150597 0.05747969)
(-0.02896216 0.04500051 0.05735581)
(-0.0274054 0.04500051 0.05735581)
(-0.02896216 0.09495596 0.05751842)
(-0.0274054 0.09495596 0.05751842)
(-0.02896216 0.02507866 0.05733072)
(-0.0274054 0.02507866 0.05733072)
(-0.02896216 0.1049893 0.05758343)
(-0.0274054 0.1049893 0.05758343)
(-0.02896216 -0.03882162 0.05951884)
(-0.0274054 -0.03882162 0.05951884)
(-0.02896216 0.07493917 0.05739201)
(-0.0274054 0.07493917 0.05739201)
(-0.02896216 0.06499623 0.057361)
(-0.0274054 0.06499623 0.057361)
(-0.02896216 0.03502901 0.05735038)
(-0.0274054 0.03502901 0.05735038)
(-0.02896216 -0.01407728 0.05586442)
(-0.0274054 -0.01407728 0.05586442)
(-0.02896216 0.1092305 0.04806118)
(-0.0274054 0.1092305 0.04806118)
(-0.02896216 0.01505673 0.05727537)
(-0.0274054 0.01505673 0.05727537)
(-0.02896216 0.0549537 0.05736489)
(-0.0274054 0.0549537 0.05736489)
(-0.02896216 -0.02245021 0.05408925)
(-0.0274054 -0.02245021 0.05408925)
(-0.02896216 -0.03020461 0.0567788)
(-0.0274054 -0.03020461 0.0567788)
(-0.02896216 -0.08 0.0122)
(-0.0274054 -0.08 0.0122)
(-0.02896216 -0.08 0.0224)
(-0.0274054 -0.08 0.0224)
(-0.02896216 -0.08 0.0326)
(-0.0274054 -0.08 0.0326)
(-0.02896216 -0.08 0.0428)
(-0.0274054 -0.08 0.0428)
(-0.02896216 -0.08 0.053)
(-0.0274054 -0.08 0.053)
(-0.02896216 -0.08 0.0632)
(-0.0274054 -0.08 0.0632)
(-0.02896216 -0.08 0.0734)
(-0.0274054 -0.08 0.0734)
(-0.02896216 -0.08 0.0836)
(-0.0274054 -0.08 0.0836)
(-0.02896216 -0.08 0.0938)
(-0.0274054 -0.08 0.0938)
(-0.02896216 -0.08 0.1029622)
(-0.0274054 -0.08 0.1014054)
(-0.02896216 -0.07 0.1029622)
(-0.0274054 -0.07 0.1014054)
(-0.02896216 -0.06 0.1029622)
(-0.0274054 -0.06 0.1014054)
(-0.02896216 -0.05 0.1029622)
(-0.0274054 -0.05 0.1014054)
(-0.02896216 -0.04 0.1029622)
(-0.0274054 -0.04 0.1014054)
(-0.02896216 -0.03 0.1029622)
(-0.0274054 -0.03 0.1014054)
(-0.02896216 -0.02 0.1029622)
(-0.0274054 -0.02 0.1014054)
(-0.02896216 -0.01 0.1029622)
(-0.0274054 -0.01 0.1014054)
(-0.02896216 -2.273737e-16 0.1029622)
(-0.0274054 -2.273737e-16 0.1014054)
(-0.02896216 0.01 0.1029622)
(-0.0274054 0.01 0.1014054)
(-0.02896216 0.02 0.1029622)
(-0.0274054 0.02 0.1014054)
(-0.02896216 0.03 0.1029622)
(-0.0274054 0.03 0.1014054)
(-0.02896216 0.04 0.1029622)
(-0.0274054 0.04 0.1014054)
(-0.02896216 0.05 0.1029622)
(-0.0274054 0.05 0.1014054)
(-0.02896216 0.06 0.1029622)
(-0.0274054 0.06 0.1014054)
(-0.02896216 0.07 0.1029622)
(-0.0274054 0.07 0.1014054)
(-0.02896216 0.08 0.1029622)
(-0.0274054 0.08 0.1014054)
(-0.02896216 0.09 0.1029622)
(-0.0274054 0.09 0.1014054)
(-0.02896216 0.1 0.1029622)
(-0.0274054 0.1 0.1014054)
(-0.02896216 0.11 0.1029622)
(-0.0274054 0.11 0.1014054)
(-0.02896216 0.12 0.1029622)
(-0.0274054 0.12 0.1014054)
(-0.02896216 0.13 0.1029622)
(-0.0274054 0.13 0.1014054)
(-0.02896216 0.14 0.1029622)
(-0.0274054 0.14 0.1014054)
(-0.02896216 0.15 0.1029622)
(-0.0274054 0.15 0.1014054)
(-0.02896216 0.16 0.1029622)
(-0.0274054 0.16 0.1014054)
(-0.02896216 0.16 0.0122)
(-0.0274054 0.16 0.0122)
(-0.02896216 0.16 0.0224)
(-0.0274054 0.16 0.0224)
(-0.02896216 0.16 0.0326)
(-0.0274054 0.16 0.0326)
(-0.02896216 0.16 0.0428)
(-0.0274054 0.16 0.0428)
(-0.02896216 0.16 0.053)
(-0.0274054 0.16 0.053)
(-0.02896216 0.16 0.0632)
(-0.0274054 0.16 0.0632)
(-0.02896216 0.16 0.0734)
(-0.0274054 0.16 0.0734)
(-0.02896216 0.16 0.0836)
(-0.0274054 0.16 0.0836)
(-0.02896216 0.16 0.0938)
(-0.0274054 0.16 0.0938)
(0.07096216 -0.08 0.0122)
(0.0694054 -0.08 0.0122)
(0.07096216 -0.08 0.0224)
(0.0694054 -0.08 0.0224)
(0.07096216 -0.08 0.0326)
(0.0694054 -0.08 0.0326)
(0.07096216 -0.08 0.0428)
(0.0694054 -0.08 0.0428)
(0.07096216 -0.08 0.053)
(0.0694054 -0.08 0.053)
(0.07096216 -0.08 0.0632)
(0.0694054 -0.08 0.0632)
(0.07096216 -0.08 0.0734)
(0.0694054 -0.08 0.0734)
(0.07096216 -0.08 0.0836)
(0.0694054 -0.08 0.0836)
(0.07096216 -0.08 0.0938)
(0.0694054 -0.08 0.0938)
(0.07096216 -0.08 0.1029622)
(0.0694054 -0.08 0.1014054)
(-0.0198 -0.08 0.1029622)
(-0.0198 -0.08 0.1014054)
(-0.0096 -0.08 0.1029622)
(-0.0096 -0.08 0.1014054)
(0.0006 -0.08 0.1029622)
(0.0006 -0.08 0.1014054)
(0.0108 -0.08 0.1029622)
(0.0108 -0.08 0.1014054)
(0.021 -0.08 0.1029622)
(0.021 -0.08 0.1014054)
(0.0312 -0.08 0.1029622)
(0.0312 -0.08 0.1014054)
(0.0414 -0.08 0.1029622)
(0.0414 -0.08 0.1014054)
(0.0516 -0.08 0.1029622)
(0.0516 -0.08 0.1014054)
(0.0618 -0.08 0.1029622)
(0.0618 -0.08 0.1014054)
(-0.0210902 -0.06629773 0.1029622)
(-0.02094759 -0.06632236 0.1014054)
(-0.02089692 -0.05576688 0.1029622)
(-0.02089692 -0.05576688 0.1014054)
(-0.02122895 -0.04540395 0.1029622)
(-0.02122895 -0.04540395 0.1014054)
(-0.02114718 -0.03530442 0.1029622)
(-0.02114718 -0.03530442 0.1014054)
(-0.02097101 -0.02534437 0.1029622)
(-0.02097101 -0.02534437 0.1014054)
(-0.02100717 -0.01532923 0.1029622)
(-0.02100717 -0.01532923 0.1014054)
(-0.02115788 -0.005254205 0.1029622)
(-0.02115788 -0.005254205 0.1014054)
(-0.02129735 0.004838364 0.1029622)
(-0.02129735 0.004838364 0.1014054)
(-0.02137688 0.01491058 0.1029622)
(-0.02137688 0.01491058 0.1014054)
(-0.0214114 0.02495274 0.1029622)
(-0.0214114 0.02495274 0.1014054)
(-0.0214264 0.03497273 0.1029622)
(-0.0214264 0.03497273 0.1014054)
(-0.02143411 0.04497806 0.1029622)
(-0.02143411 0.04497806 0.1014054)
(-0.02143899 0.05497238 0.1029622)
(-0.02143899 0.05497238 0.1014054)
(-0.02144164 0.06495522 0.1029622)
(-0.02144164 0.06495522 0.1014054)
(-0.02143995 0.07492163 0.1029622)
(-0.02143995 0.07492163 0.1014054)
(-0.02143127 0.08485909 0.1029622)
(-0.02143127 0.08485909 0.1014054)
(-0.02142445 0.09474177 0.1029622)
(-0.02142445 0.09474177 0.1014054)
(-0.02144975 0.1045368 0.1029622)
(-0.02144975 0.1045368 0.1014054)
(-0.02152036 0.1142321 0.1029622)
(-0.02152036 0.1142321 0.1014054)
(-0.02158418 0.1238267 0.1029622)
(-0.02158264 0.1238267 0.1014054)
(-0.02153875 0.1332854 0.1029622)
(-0.02153875 0.1332854 0.1014054)
(-0.0213007 0.1425256 0.1029622)
(-0.0213007 0.1425256 0.1014054)
(-0.02079301 0.15145 0.1029622)
(-0.02079301 0.15145 0.1014054)
(-0.01333751 -0.07171266 0.1029622)
(-0.01333751 -0.07171266 0.1014054)
(0.005509473 -0.07155325 0.1029622)
(0.005509473 -0.07155325 0.1014054)
(0.02555283 -0.07142035 0.1029622)
(0.02555283 -0.07142035 0.1014054)
(0.04584704 -0.07086803 0.1029622)
(0.04584704 -0.07086803 0.1014054)
(0.06286363 -0.06603343 0.1029622)
(0.06280156 -0.06604394 0.1014054)
(0.06286964 -0.04483731 0.1029622)
(0.06286964 -0.04483731 0.1014054)
(0.06334732 -0.02466958 0.1029622)
(0.06334732 -0.02466958 0.1014054)
(0.06350896 -0.004835017 0.1029622)
(0.06350896 -0.004835017 0.1014054)
(0.06350473 0.01504745 0.1029622)
(0.06350473 0.01504745 0.1014054)
(0.06346973 0.03500627 0.1029622)
(0.06346973 0.03500627 0.1014054)
(0.06345321 0.05502074 0.1029622)
(0.06345321 0.05502074 0.1014054)
(0.06339139 0.07514141 0.1029622)
(0.06339139 0.07514141 0.1014054)
(0.06318938 0.09553704 0.1029622)
(0.06318938 0.09553704 0.1014054)
(0.0632054 0.1161696 0.1029622)
(0.0632054 0.1161696 0.1014054)
(0.0624208 0.1348477 0.1029622)
(0.0624208 0.1348477 0.1014054)
(-0.01118356 0.152442 0.1029622)
(-0.01118356 0.152442 0.1014054)
(-0.001349686 0.1531228 0.1029622)
(-0.001349686 0.1531228 0.1014054)
(0.008671659 0.153409 0.1029622)
(0.008671659 0.153409 0.1014054)
(0.01868516 0.1532429 0.1029622)
(0.01868516 0.1532429 0.1014054)
(0.02830386 0.1529582 0.1029622)
(0.02830386 0.1529582 0.1014054)
(0.03804533 0.1521516 0.1029622)
(0.03804533 0.1521516 0.1014054)
(0.04807135 0.1501897 0.1029622)
(0.04807135 0.1501897 0.1014054)
(0.06005968 0.1475682 0.1029622)
(0.06005968 0.1475682 0.1014054)
(-0.004389692 -0.07131404 0.1029622)
(-0.004389692 -0.07131404 0.1014054)
(0.01552715 -0.07154857 0.1029622)
(0.01552715 -0.07154857 0.1014054)
(0.03574852 -0.07119282 0.1029622)
(0.03574852 -0.07119282 0.1014054)
(0.05502104 -0.07138807 0.1029622)
(0.05502104 -0.07138807 0.1014054)
(0.06242337 -0.0553113 0.1029622)
(0.06242337 -0.0553113 0.1014054)
(0.06318671 -0.03467369 0.1029622)
(0.06318671 -0.03467369 0.1014054)
(0.06344812 -0.01473808 0.1029622)
(0.06344812 -0.01473808 0.1014054)
(0.06352793 0.00510306 0.1029622)
(0.06352793 0.00510306 0.1014054)
(0.06348347 0.02502035 0.1029622)
(0.06348347 0.02502035 0.1014054)
(0.06346096 0.04500528 0.1029622)
(0.06346096 0.04500528 0.1014054)
(0.0634352 0.06505609 0.1029622)
(0.0634352 0.06505609 0.1014054)
(0.06330708 0.08530129 0.1029622)
(0.06330708 0.08530129 0.1014054)
(0.06309835 0.1058657 0.1029622)
(0.06309835 0.1058657 0.1014054)
(0.06460545 0.1253127 0.1029622)
(0.06460545 0.1253127 0.1014054)
(0.0298631 -0.06279097 0.1029622)
(0.0298631 -0.06279097 0.1014054)
(-0.01250597 -0.05064011 0.1029622)
(-0.01250597 -0.05064011 0.1014054)
(-0.01264294 -0.04052285 0.1029622)
(-0.01264294 -0.04052285 0.1014054)
(-0.01192923 -0.03079018 0.1029622)
(-0.01192923 -0.03079018 0.1014054)
(-0.01182304 -0.02077079 0.1029622)
(-0.01182304 -0.02077079 0.1014054)
(-0.01214398 -0.01059736 0.1029622)
(-0.01214398 -0.01059736 0.1014054)
(-0.0125152 -0.0003798298 0.1029622)
(-0.0125152 -0.0003798298 0.1014054)
(-0.01273173 0.009789272 0.1029622)
(-0.01273173 0.009789272 0.1014054)
(-0.01281677 0.01988656 0.1029622)
(-0.01281677 0.01988656 0.1014054)
(-0.01285091 0.02993789 0.1029622)
(-0.01285091 0.02993789 0.1014054)
(-0.01286669 0.03995939 0.1029622)
(-0.01286669 0.03995939 0.1014054)
(-0.01287587 0.04995934 0.1029622)
(-0.01287587 0.04995934 0.1014054)
(-0.01288153 0.05993939 0.1029622)
(-0.01288153 0.05993939 0.1014054)
(-0.01288155 0.06989501 0.1029622)
(-0.01288155 0.06989501 0.1014054)
(-0.01286677 0.07981393 0.1029622)
(-0.01286677 0.07981393 0.1014054)
(-0.01282522 0.08966777 0.1029622)
(-0.01282522 0.08966777 0.1014054)
(-0.01278746 0.09939308 0.1029622)
(-0.01278746 0.09939308 0.1014054)
(-0.01285411 0.1089147 0.1029622)
(-0.01285411 0.1089147 0.1014054)
(-0.01302399 0.1182352 0.1029622)
(-0.01302399 0.1182352 0.1014054)
(-0.01311189 0.1273495 0.1029622)
(-0.01311189 0.1273495 0.1014054)
(-0.01288034 0.136168 0.1029622)
(-0.01288034 0.136168 0.1014054)
(-0.01225513 0.1444939 0.1029622)
(-0.01225513 0.1444939 0.1014054)
(0.05343407 -0.0494356 0.1029622)
(0.05343407 -0.0494356 0.1014054)
(0.01024542 -0.06321699 0.1029622)
(0.01024542 -0.06321699 0.1014054)
(0.05197226 -0.06099521 0.1029622)
(0.05197226 -0.06099521 0.1014054)
(-0.01075636 -0.06170735 0.1029622)
(-0.01075636 -0.06170735 0.1014054)
(0.01983134 -0.06290609 0.1029622)
(0.01983134 -0.06290609 0.1014054)
(0.0521879 0.1385479 0.1029622)
(0.0521879 0.1385479 0.1014054)
(0.05496489 -0.009533371 0.1029622)
(0.05496489 -0.009533371 0.1014054)
(0.05479306 -0.01930556 0.1029622)
(0.05479306 -0.01930556 0.1014054)
(0.05503576 0.01012582 0.1029622)
(0.05503576 0.01012582 0.1014054)
(0.05494345 0.03000358 0.1029622)
(0.05494345 0.03000358 0.1014054)
(0.05492304 0.05000505 0.1029622)
(0.05492304 0.05000505 0.1014054)
(0.05486825 0.07013194 0.1029622)
(0.05486825 0.07013194 0.1014054)
(0.05456528 0.09069697 0.1029622)
(0.05456528 0.09069697 0.1014054)
(0.05421428 0.1124011 0.1029622)
(0.05421428 0.1124011 0.1014054)
(0.05476934 0.1252225 0.1029622)
(0.05476934 0.1252225 0.1014054)
(0.0002713585 -0.06304399 0.1029622)
(0.0002713585 -0.06304399 0.1014054)
(0.04029737 -0.06214051 0.1029622)
(0.04029737 -0.06214051 0.1014054)
(0.05459708 -0.02911856 0.1029622)
(0.05459708 -0.02911856 0.1014054)
(-0.002979461 0.1460143 0.1029622)
(-0.002979461 0.1460143 0.1014054)
(0.006601896 0.1468787 0.1029622)
(0.006601896 0.1468787 0.1014054)
(0.01643899 0.1466669 0.1029622)
(0.01643899 0.1466669 0.1014054)
(0.0259426 0.1456956 0.1029622)
(0.0259426 0.1456956 0.1014054)
(0.03393831 0.1456817 0.1029622)
(0.03393831 0.1456817 0.1014054)
(0.0542335 -0.03906992 0.1029622)
(0.0542335 -0.03906992 0.1014054)
(0.05493061 0.03999464 0.1029622)
(0.05493061 0.03999464 0.1014054)
(0.05505859 0.0002646209 0.1029622)
(0.05505859 0.0002646209 0.1014054)
(0.05498175 0.0200491 0.1029622)
(0.05498175 0.0200491 0.1014054)
(0.05491271 0.06004819 0.1029622)
(0.05491271 0.06004819 0.1014054)
(0.05476597 0.08033113 0.1029622)
(0.05476597 0.08033113 0.1014054)
(0.0543157 0.1013227 0.1029622)
(0.0543157 0.1013227 0.1014054)
(0.04216059 0.142134 0.1029622)
(0.04216059 0.142134 0.1014054)
(0.04660569 -0.00442949 0.1029622)
(0.04660569 -0.00442949 0.1014054)
(-0.002959079 -0.03668583 0.1029622)
(-0.002959079 -0.03668583 0.1014054)
(-0.002269806 -0.02658832 0.1029622)
(-0.002269806 -0.02658832 0.1014054)
(-0.002740363 -0.01615163 0.1029622)
(-0.002740363 -0.01615163 0.1014054)
(-0.003582344 -0.005694642 0.1029622)
(-0.003582344 -0.005694642 0.1014054)
(-0.004078527 0.004627643 0.1029622)
(-0.004078527 0.004627643 0.1014054)
(-0.004227631 0.01478428 0.1029622)
(-0.004227631 0.01478428 0.1014054)
(-0.004287977 0.02487812 0.1029622)
(-0.004287977 0.02487812 0.1014054)
(-0.004314519 0.0349296 0.1029622)
(-0.004314519 0.0349296 0.1014054)
(-0.004328219 0.04494764 0.1029622)
(-0.004328219 0.04494764 0.1014054)
(-0.004336768 0.05493617 0.1029622)
(-0.004336768 0.05493617 0.1014054)
(-0.004341552 0.06489302 0.1029622)
(-0.004341552 0.06489302 0.1014054)
(-0.004336084 0.07480871 0.1029622)
(-0.004336084 0.07480871 0.1014054)
(-0.004294035 0.08466569 0.1029622)
(-0.004294035 0.08466569 0.1014054)
(-0.004163453 0.09442504 0.1029622)
(-0.004163453 0.09442504 0.1014054)
(-0.004035889 0.1039546 0.1029622)
(-0.004035889 0.1039546 0.1014054)
(-0.004245816 0.1130975 0.1029622)
(-0.004245816 0.1130975 0.1014054)
(-0.004632944 0.1219774 0.1029622)
(-0.004632944 0.1219774 0.1014054)
(-0.00471631 0.1305226 0.1029622)
(-0.00471631 0.1305226 0.1014054)
(-0.004157523 0.1384937 0.1029622)
(-0.004157523 0.1384937 0.1014054)
(0.0457957 -0.03309908 0.1029622)
(0.0457957 -0.03309908 0.1014054)
(0.04529934 0.1071509 0.1029622)
(0.04529934 0.1071509 0.1014054)
(0.04641926 0.0349787 0.1029622)
(0.04641926 0.0349787 0.1014054)
(0.03368962 -0.05430369 0.1029622)
(0.03368962 -0.05430369 0.1014054)
(0.04519046 0.1187708 0.1029622)
(0.04519046 0.1187708 0.1014054)
(0.04628982 -0.01400408 0.1029622)
(0.04628982 -0.01400408 0.1014054)
(0.04639186 0.06506602 0.1029622)
(0.04639186 0.06506602 0.1014054)
(0.04651464 0.01508189 0.1029622)
(0.04651464 0.01508189 0.1014054)
(0.04641192 0.05500548 0.1029622)
(0.04641192 0.05500548 0.1014054)
(0.04643954 0.02499583 0.1029622)
(0.04643954 0.02499583 0.1014054)
(0.04571735 0.09613381 0.1029622)
(0.04571735 0.09613381 0.1014054)
(0.04612286 0.08553297 0.1029622)
(0.04612286 0.08553297 0.1014054)
(0.005362181 -0.05571395 0.1029622)
(0.005362181 -0.05571395 0.1014054)
(0.04362001 -0.05261216 0.1029622)
(0.04362001 -0.05261216 0.1014054)
(0.04602988 -0.02350233 0.1029622)
(0.04602988 -0.02350233 0.1014054)
(0.004525768 0.1403372 0.1029622)
(0.004525768 0.1403372 0.1014054)
(0.01377917 0.1405698 0.1029622)
(0.01377917 0.1405698 0.1014054)
(0.0230484 0.1385123 0.1029622)
(0.0230484 0.1385123 0.1014054)
(0.04665247 0.005289696 0.1029622)
(0.04665247 0.005289696 0.1014054)
(0.04412782 0.1308624 0.1029622)
(0.04412782 0.1308624 0.1014054)
(0.02361254 -0.05443236 0.1029622)
(0.02361254 -0.05443236 0.1014054)
(0.04516272 -0.04274749 0.1029622)
(0.04516272 -0.04274749 0.1014054)
(0.03340838 0.1363711 0.1029622)
(0.03340838 0.1363711 0.1014054)
(-0.00507604 -0.04537243 0.1029622)
(-0.00507604 -0.04537243 0.1014054)
(-0.003186161 -0.05389706 0.1029622)
(-0.003186161 -0.05389706 0.1014054)
(0.04641444 0.04498272 0.1029622)
(0.04641444 0.04498272 0.1014054)
(0.04631882 0.07522334 0.1029622)
(0.04631882 0.07522334 0.1014054)
(0.01400647 -0.05384531 0.1029622)
(0.01400647 -0.05384531 0.1014054)
(0.0379339 0.03995508 0.1029622)
(0.0379339 0.03995508 0.1014054)
(0.007619635 -0.02200906 0.1029622)
(0.007619635 -0.02200906 0.1014054)
(0.005787272 -0.01103588 0.1029622)
(0.005787272 -0.01103588 0.1014054)
(0.004506885 -0.0004929073 0.1029622)
(0.004506885 -0.0004929073 0.1014054)
(0.004351017 0.009636605 0.1029622)
(0.004351017 0.009636605 0.1014054)
(0.004252224 0.01977418 0.1029622)
(0.004252224 0.01977418 0.1014054)
(0.004207517 0.02987412 0.1029622)
(0.004207517 0.02987412 0.1014054)
(0.004187867 0.03992645 0.1029622)
(0.004187867 0.03992645 0.1014054)
(0.00417849 0.04993628 0.1029622)
(0.00417849 0.04993628 0.1014054)
(0.004171353 0.05990518 0.1029622)
(0.004171353 0.05990518 0.1014054)
(0.004165749 0.06982662 0.1029622)
(0.004165749 0.06982662 0.1014054)
(0.00417147 0.07968224 0.1029622)
(0.00417147 0.07968224 0.1014054)
(0.00425085 0.08945664 0.1029622)
(0.00425085 0.08945664 0.1014054)
(0.004638869 0.09915685 0.1029622)
(0.004638869 0.09915685 0.1014054)
(0.00503483 0.1085147 0.1029622)
(0.00503483 0.1085147 0.1014054)
(0.004150259 0.1171107 0.1029622)
(0.004150259 0.1171107 0.1014054)
(0.00337075 0.1255488 0.1029622)
(0.00337075 0.1255488 0.1014054)
(0.003370567 0.1330726 0.1029622)
(0.003370567 0.1330726 0.1014054)
(0.03595185 0.1126065 0.1029622)
(0.03595185 0.1126065 0.1014054)
(0.03806787 -0.008862045 0.1029622)
(0.03806787 -0.008862045 0.1014054)
(0.03571982 0.1242457 0.1029622)
(0.03571982 0.1242457 0.1014054)
(0.03719786 -0.01801452 0.1029622)
(0.03719786 -0.01801452 0.1014054)
(0.005140179 -0.04563889 0.1029622)
(0.005140179 -0.04563889 0.1014054)
(0.007560876 -0.03387109 0.1029622)
(0.007560876 -0.03387109 0.1014054)
(0.03733836 -0.02724503 0.1029622)
(0.03733836 -0.02724503 0.1014054)
(0.037795 0.08022002 0.1029622)
(0.037795 0.08022002 0.1014054)
(0.03790853 0.07005688 0.1029622)
(0.03790853 0.07005688 0.1014054)
(0.03604153 -0.04535012 0.1029622)
(0.03604153 -0.04535012 0.1014054)
(0.01057978 0.1352057 0.1029622)
(0.01057978 0.1352057 0.1014054)
(0.02761394 -0.04730386 0.1029622)
(0.02761394 -0.04730386 0.1014054)
(0.01755381 -0.04336194 0.1029622)
(0.01755381 -0.04336194 0.1014054)
(0.03793312 0.05999559 0.1029622)
(0.03793312 0.05999559 0.1014054)
(0.03650086 0.1014758 0.1029622)
(0.03650086 0.1014758 0.1014054)
(0.03849104 0.0006157408 0.1029622)
(0.03849104 0.0006157408 0.1014054)
(0.03793517 0.04997219 0.1029622)
(0.03793517 0.04997219 0.1014054)
(0.02674456 0.1289189 0.1029622)
(0.02674456 0.1289189 0.1014054)
(0.03745681 0.09059461 0.1029622)
(0.03745681 0.09059461 0.1014054)
(0.03798325 0.01997338 0.1029622)
(0.03798325 0.01997338 0.1014054)
(0.03793896 0.02994674 0.1029622)
(0.03793896 0.02994674 0.1014054)
(0.01826997 0.1325746 0.1029622)
(0.01826997 0.1325746 0.1014054)
(0.03811741 0.01011991 0.1029622)
(0.03811741 0.01011991 0.1014054)
(0.03698293 -0.03646923 0.1029622)
(0.03698293 -0.03646923 0.1014054)
(0.02685684 0.1180117 0.1029622)
(0.02685684 0.1180117 0.1014054)
(0.02832047 -0.0121109 0.1029622)
(0.02832047 -0.0121109 0.1014054)
(0.01263597 -0.00508471 0.1029622)
(0.01263597 -0.00508471 0.1014054)
(0.01295675 0.004381294 0.1029622)
(0.01295675 0.004381294 0.1014054)
(0.01277172 0.01459831 0.1029622)
(0.01277172 0.01459831 0.1014054)
(0.01268835 0.02478196 0.1029622)
(0.01268835 0.02478196 0.1014054)
(0.01266087 0.03489088 0.1029622)
(0.01266087 0.03489088 0.1014054)
(0.01265138 0.04493212 0.1029622)
(0.01265138 0.04493212 0.1014054)
(0.01264939 0.05492724 0.1029622)
(0.01264939 0.05492724 0.1014054)
(0.01264046 0.0648668 0.1029622)
(0.01264046 0.0648668 0.1014054)
(0.01262682 0.07474298 0.1029622)
(0.01262682 0.07474298 0.1014054)
(0.01260364 0.08449519 0.1029622)
(0.01260364 0.08449519 0.1014054)
(0.01266294 0.09409738 0.1029622)
(0.01266294 0.09409738 0.1014054)
(0.01396133 0.103937 0.1029622)
(0.01396133 0.103937 0.1014054)
(0.01542367 0.1138445 0.1029622)
(0.01542367 0.1138445 0.1014054)
(0.01098328 0.1215685 0.1029622)
(0.01098328 0.1215685 0.1014054)
(0.01134006 0.1285783 0.1029622)
(0.01134006 0.1285783 0.1014054)
(0.02949124 0.04494477 0.1029622)
(0.02949124 0.04494477 0.1014054)
(0.0288145 0.0951847 0.1029622)
(0.0288145 0.0951847 0.1014054)
(0.02946034 0.0749534 0.1029622)
(0.02946034 0.0749534 0.1014054)
(0.02764649 -0.02203359 0.1029622)
(0.02764649 -0.02203359 0.1014054)
(0.0191095 0.1237878 0.1029622)
(0.0191095 0.1237878 0.1014054)
(0.02931378 0.08497372 0.1029622)
(0.02931378 0.08497372 0.1014054)
(0.02739814 -0.03891473 0.1029622)
(0.02739814 -0.03891473 0.1014054)
(0.02949672 0.06495566 0.1029622)
(0.02949672 0.06495566 0.1014054)
(0.02570299 0.1065165 0.1029622)
(0.02570299 0.1065165 0.1014054)
(0.01882054 -0.02961654 0.1029622)
(0.01882054 -0.02961654 0.1014054)
(0.02944285 -0.03083706 0.1029622)
(0.02944285 -0.03083706 0.1014054)
(0.0174123 -0.01511931 0.1029622)
(0.0174123 -0.01511931 0.1014054)
(0.02949837 0.05495708 0.1029622)
(0.02949837 0.05495708 0.1014054)
(0.02948388 0.03491084 0.1029622)
(0.02948388 0.03491084 0.1014054)
(0.02950624 0.02486009 0.1029622)
(0.02950624 0.02486009 0.1014054)
(0.02957386 0.014822 0.1029622)
(0.02957386 0.014822 0.1014054)
(0.03100539 -0.003723097 0.1029622)
(0.03100539 -0.003723097 0.1014054)
(0.02126417 0.009285075 0.1029622)
(0.02126417 0.009285075 0.1014054)
(0.02108193 0.02984229 0.1029622)
(0.02108193 0.02984229 0.1014054)
(0.02108363 0.04994216 0.1029622)
(0.02108363 0.04994216 0.1014054)
(0.02107368 0.06985633 0.1029622)
(0.02107368 0.06985633 0.1014054)
(0.02090433 0.08927017 0.1029622)
(0.02090433 0.08927017 0.1014054)
(0.02172547 -0.002500284 0.1029622)
(0.02172547 -0.002500284 0.1014054)
(0.02980163 0.004968389 0.1029622)
(0.02980163 0.004968389 0.1014054)
(0.02108621 0.05992585 0.1029622)
(0.02108621 0.05992585 0.1014054)
(0.02113058 0.0196823 0.1029622)
(0.02113058 0.0196823 0.1014054)
(0.02107523 0.03992224 0.1029622)
(0.02107523 0.03992224 0.1014054)
(0.02102906 0.07969608 0.1029622)
(0.02102906 0.07969608 0.1014054)
(0.02056315 0.0980495 0.1029622)
(0.02056315 0.0980495 0.1014054)
(0.07096216 -0.07 0.1029622)
(0.0694054 -0.07 0.1014054)
(0.07096216 -0.06 0.1029622)
(0.0694054 -0.06 0.1014054)
(0.07096216 -0.05 0.1029622)
(0.0694054 -0.05 0.1014054)
(0.07096216 -0.04 0.1029622)
(0.0694054 -0.04 0.1014054)
(0.07096216 -0.03 0.1029622)
(0.0694054 -0.03 0.1014054)
(0.07096216 -0.02 0.1029622)
(0.0694054 -0.02 0.1014054)
(0.07096216 -0.01 0.1029622)
(0.0694054 -0.01 0.1014054)
(0.07096216 -2.273737e-16 0.1029622)
(0.0694054 -2.273737e-16 0.1014054)
(0.07096216 0.01 0.1029622)
(0.0694054 0.01 0.1014054)
(0.07096216 0.02 0.1029622)
(0.0694054 0.02 0.1014054)
(0.07096216 0.03 0.1029622)
(0.0694054 0.03 0.1014054)
(0.07096216 0.04 0.1029622)
(0.0694054 0.04 0.1014054)
(0.07096216 0.05 0.1029622)
(0.0694054 0.05 0.1014054)
(0.07096216 0.06 0.1029622)
(0.0694054 0.06 0.1014054)
(0.07096216 0.07 0.1029622)
(0.0694054 0.07 0.1014054)
(0.07096216 0.08 0.1029622)
(0.0694054 0.08 0.1014054)
(0.07096216 0.09 0.1029622)
(0.0694054 0.09 0.1014054)
(0.07096216 0.1 0.1029622)
(0.0694054 0.1 0.1014054)
(0.07096216 0.11 0.1029622)
(0.0694054 0.11 0.1014054)
(0.07096216 0.12 0.1029622)
(0.0694054 0.12 0.1014054)
(0.07096216 0.13 0.1029622)
(0.0694054 0.13 0.1014054)
(0.07096216 0.14 0.1029622)
(0.0694054 0.14 0.1014054)
(0.07096216 0.15 0.1029622)
(0.0694054 0.15 0.1014054)
(0.07096216 0.16 0.1029622)
(0.0694054 0.16 0.1014054)
(-0.0198 0.16 0.1029622)
(-0.0198 0.16 0.1014054)
(-0.0096 0.16 0.1029622)
(-0.0096 0.16 0.1014054)
(0.0006 0.16 0.1029622)
(0.0006 0.16 0.1014054)
(0.0108 0.16 0.1029622)
(0.0108 0.16 0.1014054)
(0.021 0.16 0.1029622)
(0.021 0.16 0.1014054)
(0.0312 0.16 0.1029622)
(0.0312 0.16 0.1014054)
(0.0414 0.16 0.1029622)
(0.0414 0.16 0.1014054)
(0.0516 0.16 0.1029622)
(0.0516 0.16 0.1014054)
(0.0618 0.16 0.1029622)
(0.0618 0.16 0.1014054)
(0.07096216 0.16 0.0122)
(0.0694054 0.16 0.0122)
(0.07096216 0.16 0.0224)
(0.0694054 0.16 0.0224)
(0.07096216 0.16 0.0326)
(0.0694054 0.16 0.0326)
(0.07096216 0.16 0.0428)
(0.0694054 0.16 0.0428)
(0.07096216 0.16 0.053)
(0.0694054 0.16 0.053)
(0.07096216 0.16 0.0632)
(0.0694054 0.16 0.0632)
(0.07096216 0.16 0.0734)
(0.0694054 0.16 0.0734)
(0.07096216 0.16 0.0836)
(0.0694054 0.16 0.0836)
(0.07096216 0.16 0.0938)
(0.0694054 0.16 0.0938)
(0.07096216 -0.07179481 0.01856444)
(0.0694054 -0.07179481 0.01856444)
(0.07096216 -0.07126146 0.02750144)
(0.0694054 -0.07126146 0.02750144)
(0.07096216 -0.0713178 0.03736018)
(0.0694054 -0.0713178 0.03736018)
(0.07096216 -0.07132026 0.04727075)
(0.0694054 -0.07132026 0.04727075)
(0.07096216 -0.07146799 0.05716584)
(0.0694054 -0.07146799 0.05716584)
(0.07096216 -0.07157896 0.06700736)
(0.0694054 -0.07157896 0.06700736)
(0.07096216 -0.07149529 0.07667437)
(0.0694054 -0.07149529 0.07667437)
(0.07096216 -0.07122313 0.08606968)
(0.0694054 -0.07122313 0.08606968)
(0.07096216 -0.07076983 0.09515881)
(0.0694054 -0.07076983 0.09515881)
(0.07096216 -0.06113701 0.09604137)
(0.0694054 -0.0611129 0.09567319)
(0.07096216 -0.05127978 0.0965915)
(0.0694054 -0.05124558 0.09586186)
(0.07096216 -0.04132586 0.09688763)
(0.0694054 -0.04131893 0.09607373)
(0.07096216 -0.03136355 0.09704575)
(0.0694054 -0.03136895 0.09603322)
(0.07096216 -0.02139008 0.09716773)
(0.0694054 -0.02140254 0.09622582)
(0.07096216 -0.01139823 0.09722927)
(0.0694054 -0.01142388 0.09619199)
(0.07096216 -0.001402192 0.09722348)
(0.0694054 -0.001442265 0.09616566)
(0.07096216 0.008587292 0.09717921)
(0.0694054 0.008542255 0.09612148)
(0.07096216 0.01858144 0.09713346)
(0.0694054 0.01854104 0.09620098)
(0.07096216 0.02859084 0.09709386)
(0.0694054 0.02855411 0.09615129)
(0.07096216 0.03861236 0.09706035)
(0.0694054 0.03857572 0.09605014)
(0.07096216 0.04863197 0.09704117)
(0.0694054 0.04860129 0.0960932)
(0.07096216 0.05863621 0.09705224)
(0.0694054 0.05860752 0.0960342)
(0.07096216 0.06861868 0.09709926)
(0.0694054 0.06859216 0.09616415)
(0.07096216 0.07857887 0.09716739)
(0.0694054 0.07854725 0.09614745)
(0.07096216 0.08852683 0.09722289)
(0.0694054 0.08848647 0.09616975)
(0.07096216 0.09848948 0.09721119)
(0.0694054 0.0984345 0.0962402)
(0.07096216 0.1084586 0.09706819)
(0.0694054 0.1083751 0.09616536)
(0.07096216 0.118314 0.09681755)
(0.0694054 0.1182021 0.09599786)
(0.07096216 0.1278632 0.09669328)
(0.0694054 0.1278143 0.09629174)
(0.07096216 0.1371077 0.09702088)
(0.0694054 0.1370778 0.0964342)
(0.07096216 0.1468802 0.09600777)
(0.0694054 0.1468046 0.09533073)
(0.07096216 0.1517101 0.01644538)
(0.0694054 0.1517101 0.01644538)
(0.07096216 0.1512648 0.03764032)
(0.0694054 0.1512648 0.03764032)
(0.07096216 0.15081 0.05818147)
(0.0694054 0.15081 0.05818147)
(0.07096216 0.1511465 0.07816959)
(0.0694054 0.1511465 0.07816959)
(0.07096731 -0.0663695 0.01082946)
(0.06941826 -0.06639164 0.01096092)
(0.07096216 -0.04540124 0.01091499)
(0.0694054 -0.04540124 0.01091499)
(0.07096216 -0.02520125 0.01091935)
(0.0694054 -0.02520125 0.01091935)
(0.07096216 -0.005043572 0.01079821)
(0.0694054 -0.005043572 0.01079821)
(0.07096216 0.01502497 0.01071222)
(0.0694054 0.01502497 0.01071222)
(0.07096216 0.03501863 0.01062335)
(0.0694054 0.03501863 0.01062335)
(0.07096216 0.05497936 0.01056017)
(0.0694054 0.05497936 0.01056017)
(0.07096216 0.07495711 0.01062866)
(0.0694054 0.07495711 0.01062866)
(0.07096216 0.09495796 0.01085268)
(0.0694054 0.09495796 0.01085268)
(0.07096216 0.1147968 0.01097972)
(0.0694054 0.1147968 0.01097972)
(0.07096216 0.1338373 0.01036078)
(0.0694054 0.1338373 0.01036078)
(0.07096216 0.1432248 0.01171427)
(0.0694054 0.1432248 0.01171427)
(0.07096216 0.1508643 0.06833555)
(0.0694054 0.1508643 0.06833555)
(0.07096216 0.1517229 0.02735296)
(0.0694054 0.1517229 0.02735296)
(0.07096216 0.1509572 0.04789232)
(0.0694054 0.1509572 0.04789232)
(0.07096216 0.1510094 0.08768584)
(0.0694054 0.1510094 0.08768584)
(0.07096216 -0.05580966 0.01108477)
(0.0694054 -0.05580966 0.01108477)
(0.07096216 -0.03527361 0.01095529)
(0.0694054 -0.03527361 0.01095529)
(0.07096216 -0.01510979 0.01085196)
(0.0694054 -0.01510979 0.01085196)
(0.07096216 0.004999588 0.01075343)
(0.0694054 0.004999588 0.01075343)
(0.07096216 0.02503098 0.0106723)
(0.0694054 0.02503098 0.0106723)
(0.07096216 0.04499831 0.01058157)
(0.0694054 0.04499831 0.01058157)
(0.07096216 0.06496483 0.01057492)
(0.0694054 0.06496483 0.01057492)
(0.07096216 0.08495385 0.01072134)
(0.0694054 0.08495385 0.01072134)
(0.07096216 0.1049425 0.01097771)
(0.0694054 0.1049425 0.01097771)
(0.07096216 0.1244372 0.01072652)
(0.0694054 0.1244372 0.01072652)
(0.07096216 -0.06276723 0.03201232)
(0.0694054 -0.06276723 0.03201232)
(0.07096216 -0.06244112 0.04182482)
(0.0694054 -0.06244112 0.04182482)
(0.07096216 -0.06261641 0.05153355)
(0.0694054 -0.06261641 0.05153355)
(0.07096216 -0.06305821 0.0611618)
(0.0694054 -0.06305821 0.0611618)
(0.07096216 -0.06313262 0.07054988)
(0.0694054 -0.06313262 0.07054988)
(0.07096216 -0.06271357 0.07950965)
(0.0694054 -0.06271357 0.07950965)
(0.07096216 -0.06200442 0.08788546)
(0.0694054 -0.06200442 0.08788546)
(0.07096216 0.1420478 0.04253023)
(0.0694054 0.1420478 0.04253023)
(0.07096216 -0.05239792 0.0890805)
(0.0694054 -0.05239792 0.0890805)
(0.07096216 -0.04256555 0.08971033)
(0.0694054 -0.04256555 0.08971033)
(0.07096216 -0.03269893 0.09001891)
(0.0694054 -0.03269893 0.09001891)
(0.07096216 -0.02279308 0.09029959)
(0.0694054 -0.02279308 0.09029959)
(0.07096216 -0.01284356 0.09045889)
(0.0694054 -0.01284356 0.09045889)
(0.07096216 -0.00287828 0.09046195)
(0.0694054 -0.00287828 0.09046195)
(0.07096216 0.007077868 0.09036917)
(0.0694054 0.007077868 0.09036917)
(0.07096216 0.01705073 0.09027696)
(0.0694054 0.01705073 0.09027696)
(0.07096216 0.02706288 0.09019953)
(0.0694054 0.02706288 0.09019953)
(0.07096216 0.03711294 0.09012772)
(0.0694054 0.03711294 0.09012772)
(0.07096216 0.04717511 0.09007209)
(0.0694054 0.04717511 0.09007209)
(0.07096216 0.05721712 0.09007233)
(0.0694054 0.05721712 0.09007233)
(0.07096216 0.06721537 0.09015186)
(0.0694054 0.06721537 0.09015186)
(0.07096216 0.07715408 0.09028692)
(0.0694054 0.07715408 0.09028692)
(0.07096216 0.08702528 0.09042353)
(0.0694054 0.08702528 0.09042353)
(0.07096216 0.09688075 0.09047473)
(0.0694054 0.09688075 0.09047473)
(0.07096216 0.1067961 0.09025753)
(0.0694054 0.1067961 0.09025753)
(0.07096216 0.1166633 0.08967259)
(0.0694054 0.1166633 0.08967259)
(0.07096216 0.1261408 0.08905464)
(0.0694054 0.1261408 0.08905464)
(0.07096216 0.1349199 0.0892765)
(0.0694054 0.1349199 0.0892765)
(0.07096216 0.1427288 0.0906371)
(0.0694054 0.1427288 0.0906371)
(0.07096216 -0.05072654 0.01959081)
(0.0694054 -0.05072654 0.01959081)
(0.07096216 0.1429167 0.03234708)
(0.0694054 0.1429167 0.03234708)
(0.07096216 0.14183 0.07379763)
(0.0694054 0.14183 0.07379763)
(0.07096216 0.1440099 0.02230661)
(0.0694054 0.1440099 0.02230661)
(0.07096216 -0.06197809 0.0208767)
(0.0694054 -0.06197809 0.0208767)
(0.07096216 0.1414679 0.0636796)
(0.0694054 0.1414679 0.0636796)
(0.07096216 0.1417045 0.05301801)
(0.0694054 0.1417045 0.05301801)
(0.07096216 -0.02029228 0.01973698)
(0.0694054 -0.02029228 0.01973698)
(0.07096216 0.01006116 0.0194569)
(0.0694054 0.01006116 0.0194569)
(0.07096216 -8.512708e-07 0.01953789)
(0.0694054 -8.512708e-07 0.01953789)
(0.07096216 0.03008524 0.01929796)
(0.0694054 0.03008524 0.01929796)
(0.07096216 0.0499793 0.01911734)
(0.0694054 0.0499793 0.01911734)
(0.07096216 0.069881 0.01917172)
(0.0694054 0.069881 0.01917172)
(0.07096216 0.08984224 0.01954789)
(0.0694054 0.08984224 0.01954789)
(0.07096216 0.109943 0.02013059)
(0.0694054 0.109943 0.02013059)
(0.07096216 0.1289252 0.01925291)
(0.0694054 0.1289252 0.01925291)
(0.07096216 -0.03048753 0.01991195)
(0.0694054 -0.03048753 0.01991195)
(0.07096216 0.142615 0.082885)
(0.0694054 0.142615 0.082885)
(0.07096216 -0.01011465 0.01961708)
(0.0694054 -0.01011465 0.01961708)
(0.07096216 -0.04060525 0.01991673)
(0.0694054 -0.04060525 0.01991673)
(0.07096216 0.1197142 0.02003064)
(0.0694054 0.1197142 0.02003064)
(0.07096216 0.09990911 0.01984879)
(0.0694054 0.09990911 0.01984879)
(0.07096216 0.04004093 0.01920365)
(0.0694054 0.04004093 0.01920365)
(0.07096216 0.0200921 0.01938017)
(0.0694054 0.0200921 0.01938017)
(0.07096216 0.05992689 0.01910522)
(0.0694054 0.05992689 0.01910522)
(0.07096216 0.07983935 0.01931428)
(0.0694054 0.07983935 0.01931428)
(0.07096216 0.13708 0.01810279)
(0.0694054 0.13708 0.01810279)
(0.07096216 -0.05335255 0.04603219)
(0.0694054 -0.05335255 0.04603219)
(0.07096216 -0.05412631 0.05591058)
(0.0694054 -0.05412631 0.05591058)
(0.07096216 -0.05497098 0.06490722)
(0.0694054 -0.05497098 0.06490722)
(0.07096216 -0.05463075 0.07367547)
(0.0694054 -0.05463075 0.07367547)
(0.07096216 -0.05348154 0.08145161)
(0.0694054 -0.05348154 0.08145161)
(0.07096216 0.1255787 0.02903103)
(0.0694054 0.1255787 0.02903103)
(0.07096216 -0.01524207 0.02842299)
(0.0694054 -0.01524207 0.02842299)
(0.07096216 -0.04383704 0.08243669)
(0.0694054 -0.04383704 0.08243669)
(0.07096216 -0.03412995 0.08281231)
(0.0694054 -0.03412995 0.08281231)
(0.07096216 -0.02433195 0.08333452)
(0.0694054 -0.02433195 0.08333452)
(0.07096216 -0.01447019 0.08366239)
(0.0694054 -0.01447019 0.08366239)
(0.07096216 -0.004576191 0.0836955)
(0.0694054 -0.004576191 0.0836955)
(0.07096216 0.005300672 0.08352963)
(0.0694054 0.005300672 0.08352963)
(0.07096216 0.01521979 0.08338162)
(0.0694054 0.01521979 0.08338162)
(0.07096216 0.02521536 0.08326746)
(0.0694054 0.02521536 0.08326746)
(0.07096216 0.03529353 0.08315414)
(0.0694054 0.03529353 0.08315414)
(0.07096216 0.04542537 0.08303719)
(0.0694054 0.04542537 0.08303719)
(0.07096216 0.05555652 0.08299317)
(0.0694054 0.05555652 0.08299317)
(0.07096216 0.06562792 0.08308999)
(0.0694054 0.06562792 0.08308999)
(0.07096216 0.07559516 0.08329617)
(0.0694054 0.07559516 0.08329617)
(0.07096216 0.08540269 0.08352347)
(0.0694054 0.08540269 0.08352347)
(0.07096216 0.09505265 0.08373606)
(0.0694054 0.09505265 0.08373606)
(0.07096216 0.1047549 0.08364433)
(0.0694054 0.1047549 0.08364433)
(0.07096216 0.1146613 0.08275843)
(0.0694054 0.1146613 0.08275843)
(0.07096216 0.1242094 0.08118823)
(0.0694054 0.1242094 0.08118823)
(0.07096216 0.1331991 0.0366042)
(0.0694054 0.1331991 0.0366042)
(0.07096216 0.01518712 0.02810186)
(0.0694054 0.01518712 0.02810186)
(0.07096216 0.05491092 0.02757765)
(0.0694054 0.05491092 0.02757765)
(0.07096216 0.005112813 0.0282292)
(0.0694054 0.005112813 0.0282292)
(0.07096216 0.1313914 0.07068776)
(0.0694054 0.1313914 0.07068776)
(0.07096216 0.1325427 0.0584835)
(0.0694054 0.1325427 0.0584835)
(0.07096216 0.09465205 0.02847393)
(0.0694054 0.09465205 0.02847393)
(0.07096216 0.08455352 0.02806688)
(0.0694054 0.08455352 0.02806688)
(0.07096216 0.04503793 0.02768591)
(0.0694054 0.04503793 0.02768591)
(0.07096216 0.07463994 0.02777732)
(0.0694054 0.07463994 0.02777732)
(0.07096216 0.06478789 0.02761208)
(0.0694054 0.06478789 0.02761208)
(0.07096216 0.03516166 0.0278658)
(0.0694054 0.03516166 0.0278658)
(0.07096216 0.1324445 0.04728857)
(0.0694054 0.1324445 0.04728857)
(0.07096216 0.1153509 0.02963649)
(0.0694054 0.1153509 0.02963649)
(0.07096216 -0.02557182 0.02866523)
(0.0694054 -0.02557182 0.02866523)
(0.07096216 -0.005026802 0.02833286)
(0.0694054 -0.005026802 0.02833286)
(0.07096216 0.1335935 0.08076235)
(0.0694054 0.1335935 0.08076235)
(0.07096216 0.02520318 0.02797818)
(0.0694054 0.02520318 0.02797818)
(0.07096216 0.1351961 0.02668536)
(0.0694054 0.1351961 0.02668536)
(0.07096216 -0.0535183 0.03634229)
(0.0694054 -0.0535183 0.03634229)
(0.07096216 0.1048885 0.02903529)
(0.0694054 0.1048885 0.02903529)
(0.07096216 -0.04606823 0.02884209)
(0.0694054 -0.04606823 0.02884209)
(0.07096216 -0.05503142 0.02747444)
(0.0694054 -0.05503142 0.02747444)
(0.07096216 -0.03601618 0.02913484)
(0.0694054 -0.03601618 0.02913484)
(0.07096216 0.03037167 0.03651128)
(0.0694054 0.03037167 0.03651128)
(0.07096216 -0.04604758 0.06057725)
(0.0694054 -0.04604758 0.06057725)
(0.07096216 -0.04762932 0.06840348)
(0.0694054 -0.04762932 0.06840348)
(0.07096216 -0.04532152 0.07514478)
(0.0694054 -0.04532152 0.07514478)
(0.07096216 -0.01010868 0.03710979)
(0.0694054 -0.01010868 0.03710979)
(0.07096216 -0.03578976 0.07521524)
(0.0694054 -0.03578976 0.07521524)
(0.07096216 -0.02605547 0.07616479)
(0.0694054 -0.02605547 0.07616479)
(0.07096216 -0.01637347 0.07680336)
(0.0694054 -0.01637347 0.07680336)
(0.07096216 -0.006632181 0.07692562)
(0.0694054 -0.006632181 0.07692562)
(0.07096216 0.003072711 0.07662078)
(0.0694054 0.003072711 0.07662078)
(0.07096216 0.01288919 0.07639535)
(0.0694054 0.01288919 0.07639535)
(0.07096216 0.02283594 0.07624596)
(0.0694054 0.02283594 0.07624596)
(0.07096216 0.03291921 0.07610526)
(0.0694054 0.03291921 0.07610526)
(0.07096216 0.04313418 0.07590237)
(0.0694054 0.04313418 0.07590237)
(0.07096216 0.05343857 0.07574977)
(0.0694054 0.05343857 0.07574977)
(0.07096216 0.06369053 0.0758293)
(0.0694054 0.06369053 0.0758293)
(0.07096216 0.07378773 0.07612856)
(0.0694054 0.07378773 0.07612856)
(0.07096216 0.08361302 0.07642949)
(0.0694054 0.08361302 0.07642949)
(0.07096216 0.09309494 0.0767829)
(0.0694054 0.09309494 0.0767829)
(0.07096216 0.1022017 0.0771782)
(0.0694054 0.1022017 0.0771782)
(0.07096216 0.1116873 0.07648034)
(0.0694054 0.1116873 0.07648034)
(0.07096216 0.1098262 0.03852869)
(0.0694054 0.1098262 0.03852869)
(0.07096216 0.1219279 0.04034101)
(0.0694054 0.1219279 0.04034101)
(0.07096216 0.02038357 0.03664994)
(0.0694054 0.02038357 0.03664994)
(0.07096216 0.1208878 0.07376052)
(0.0694054 0.1208878 0.07376052)
(0.07096216 0.01031758 0.03682729)
(0.0694054 0.01031758 0.03682729)
(0.07096216 0.09920174 0.03747081)
(0.0694054 0.09920174 0.03747081)
(0.07096216 0.04997201 0.03600709)
(0.0694054 0.04997201 0.03600709)
(0.07096216 0.04024948 0.03632854)
(0.0694054 0.04024948 0.03632854)
(0.07096216 -0.04287401 0.03946497)
(0.0694054 -0.04287401 0.03946497)
(0.07096216 0.07906118 0.03643906)
(0.0694054 0.07906118 0.03643906)
(0.07096216 -0.04492 0.05083714)
(0.0694054 -0.04492 0.05083714)
(0.07096216 -0.02037568 0.0371207)
(0.0694054 -0.02037568 0.0371207)
(0.07096216 0.08899713 0.03686559)
(0.0694054 0.08899713 0.03686559)
(0.07096216 0.1236228 0.06355667)
(0.0694054 0.1236228 0.06355667)
(0.07096216 -0.03101686 0.03765815)
(0.0694054 -0.03101686 0.03765815)
(0.07096216 0.0001403079 0.03702212)
(0.0694054 0.0001403079 0.03702212)
(0.07096216 0.0597224 0.03590054)
(0.0694054 0.0597224 0.03590054)
(0.07096216 0.0693944 0.03608553)
(0.0694054 0.0693944 0.03608553)
(0.07096216 0.1233915 0.05258332)
(0.0694054 0.1233915 0.05258332)
(0.07096216 0.1134397 0.04840269)
(0.0694054 0.1134397 0.04840269)
(0.07096216 0.02564288 0.04509573)
(0.0694054 0.02564288 0.04509573)
(0.07096216 -0.03812408 0.06670122)
(0.0694054 -0.03812408 0.06670122)
(0.07096216 -0.0277347 0.06859255)
(0.0694054 -0.0277347 0.06859255)
(0.07096216 -0.01851837 0.06977243)
(0.0694054 -0.01851837 0.06977243)
(0.07096216 -0.009141175 0.07020717)
(0.0694054 -0.009141175 0.07020717)
(0.07096216 0.0001851198 0.06958964)
(0.0694054 0.0001851198 0.06958964)
(0.07096216 0.009856331 0.06925152)
(0.0694054 0.009856331 0.06925152)
(0.07096216 0.0197273 0.06905804)
(0.0694054 0.0197273 0.06905804)
(0.07096216 0.02978432 0.06892962)
(0.0694054 0.02978432 0.06892962)
(0.07096216 0.03998423 0.06867464)
(0.0694054 0.03998423 0.06867464)
(0.07096216 0.05056554 0.06831422)
(0.0694054 0.05056554 0.06831422)
(0.07096216 0.06123391 0.06823677)
(0.0694054 0.06123391 0.06823677)
(0.07096216 0.07163824 0.06871834)
(0.0694054 0.07163824 0.06871834)
(0.07096216 0.08159743 0.06906923)
(0.0694054 0.08159743 0.06906923)
(0.07096216 0.09113429 0.06948209)
(0.0694054 0.09113429 0.06948209)
(0.07096216 0.0999585 0.07003065)
(0.0694054 0.0999585 0.07003065)
(0.07096216 -0.03554326 0.04687081)
(0.0694054 -0.03554326 0.04687081)
(0.07096216 0.01563485 0.04528956)
(0.0694054 0.01563485 0.04528956)
(0.07096216 0.1030339 0.04647536)
(0.0694054 0.1030339 0.04647536)
(0.07096216 0.04534136 0.044618)
(0.0694054 0.04534136 0.044618)
(0.07096216 -0.01526134 0.04581028)
(0.0694054 -0.01526134 0.04581028)
(0.07096216 -0.0373426 0.05674096)
(0.0694054 -0.0373426 0.05674096)
(0.07096216 0.005457408 0.04552199)
(0.0694054 0.005457408 0.04552199)
(0.07096216 -0.005003884 0.04585881)
(0.0694054 -0.005003884 0.04585881)
(0.07096216 0.1152548 0.06767521)
(0.0694054 0.1152548 0.06767521)
(0.07096216 0.1150957 0.05833007)
(0.0694054 0.1150957 0.05833007)
(0.07096216 0.1076279 0.07101434)
(0.0694054 0.1076279 0.07101434)
(0.07096216 -0.02535574 0.04536991)
(0.0694054 -0.02535574 0.04536991)
(0.07096216 0.03558261 0.04493021)
(0.0694054 0.03558261 0.04493021)
(0.07096216 0.05475174 0.0439917)
(0.0694054 0.05475174 0.0439917)
(0.07096216 0.08298941 0.04511064)
(0.0694054 0.08298941 0.04511064)
(0.07096216 0.07342095 0.04471397)
(0.0694054 0.07342095 0.04471397)
(0.07096216 0.09294107 0.04561307)
(0.0694054 0.09294107 0.04561307)
(0.07096216 -0.01974871 0.06202813)
(0.0694054 -0.01974871 0.06202813)
(0.07096216 -0.01213426 0.06380079)
(0.0694054 -0.01213426 0.06380079)
(0.07096216 -0.003743746 0.06235453)
(0.0694054 -0.003743746 0.06235453)
(0.07096216 0.00594343 0.06188612)
(0.0694054 0.00594343 0.06188612)
(0.07096216 0.0157101 0.06157131)
(0.0694054 0.0157101 0.06157131)
(0.07096216 0.02585659 0.06156398)
(0.0694054 0.02585659 0.06156398)
(0.07096216 0.03578791 0.06121752)
(0.0694054 0.03578791 0.06121752)
(0.07096216 0.0462853 0.06097027)
(0.0694054 0.0462853 0.06097027)
(0.07096216 0.05811407 0.06002285)
(0.0694054 0.05811407 0.06002285)
(0.07096216 0.06922241 0.06099698)
(0.0694054 0.06922241 0.06099698)
(0.07096216 0.07923795 0.06137394)
(0.0694054 0.07923795 0.06137394)
(0.07096216 0.08913225 0.06186292)
(0.0694054 0.08913225 0.06186292)
(0.07096216 0.09839838 0.06233422)
(0.0694054 0.09839838 0.06233422)
(0.07096216 -0.0296098 0.05275407)
(0.0694054 -0.0296098 0.05275407)
(0.07096216 0.02096567 0.05358605)
(0.0694054 0.02096567 0.05358605)
(0.07096216 0.1057838 0.05534763)
(0.0694054 0.1057838 0.05534763)
(0.07096216 0.04087537 0.05316272)
(0.0694054 0.04087537 0.05316272)
(0.07096216 0.03089477 0.05340268)
(0.0694054 0.03089477 0.05340268)
(0.07096216 -0.0288249 0.0606549)
(0.0694054 -0.0288249 0.0606549)
(0.07096216 0.0642015 0.04407381)
(0.0694054 0.0642015 0.04407381)
(0.07096216 0.1071415 0.06363682)
(0.0694054 0.1071415 0.06363682)
(0.07096216 0.0108885 0.05379691)
(0.0694054 0.0108885 0.05379691)
(0.07096216 0.08635527 0.0536459)
(0.0694054 0.08635527 0.0536459)
(0.07096216 0.0961254 0.05419325)
(0.0694054 0.0961254 0.05419325)
(0.07096216 0.05067018 0.05270809)
(0.0694054 0.05067018 0.05270809)
(0.07096216 -0.01072146 0.05515069)
(0.0694054 -0.01072146 0.05515069)
(0.07096216 0.07669541 0.05332948)
(0.0694054 0.07669541 0.05332948)
(0.07096216 0.0005008066 0.05406434)
(0.0694054 0.0005008066 0.05406434)
(0.07096216 0.06733055 0.05281948)
(0.0694054 0.06733055 0.05281948)
(0.07096216 -0.02110159 0.05372386)
(0.0694054 -0.02110159 0.05372386)
(0.07096216 0.05919097 0.05112444)
(0.0694054 0.05919097 0.05112444)
(0.02760815 0.1199081 0.04999944)
(0.0270338 0.06662286 0.0548326)
(0.02455641 0.01734499 0.04700995)
(0.03824245 0.1332227 0.03724773)
(0.05359487 0.1464037 0.02073778)
(0.04380744 0.1521584 0.01956947)
(0.05723678 0.1369769 0.02540196)
(0.05797955 0.1453834 0.03267738)
(0.03301163 0.1086765 0.04354507)
(0.04256249 0.07726941 0.03974892)
(0.01742569 -0.03481502 0.05879831)
(0.04253009 0.1301776 0.06611707)
(0.01463217 0.1318102 0.04127975)
(0.04095902 0.1516525 0.04032984)
(0.04453311 0.1413695 0.03190637)
(0.05774056 0.1373256 0.0361824)
(0.05734042 0.1507017 0.05399877)
(0.04409848 0.1512457 0.05204262)
(0.05277489 0.1385749 0.04813703)
(0.04103893 0.1532045 0.06044123)
(0.04386999 0.142437 0.05784099)
(0.01214338 0.1314642 0.07225679)
(0.03876066 0.1049777 0.0654718)
(0.05760964 0.1418178 0.0646211)
(0.05217679 0.1498678 0.06963611)
(0.04017515 0.1530069 0.07000124)
(0.05289235 0.1374021 0.07751262)
(0.06072045 0.1525564 0.09236281)
(0.04313352 0.1485651 0.08760086)
(0.04192708 0.134309 0.08497003)
(0.05828936 0.1349387 0.09005942)
(-0.0133051 0.1525074 0.09033486)
(0.01021302 0.1493357 0.08369303)
(-0.01158517 0.1386425 0.08158178)
(-0.006909381 0.1475845 0.07138296)
(0.01896198 0.1496547 0.08934937)
(0.0278017 0.1483426 0.08788289)
(0.0147357 0.10119 0.05974644)
(0.02002177 0.1367885 0.08599973)
(0.01967662 0.1507477 0.07428012)
(0.003406642 0.1384634 0.07810504)
(0.004858553 0.1513965 0.07481206)
(0.03187981 0.1391111 0.0897406)
(0.04411794 -0.04489632 0.06893506)
(0.04605258 -0.05330975 0.09015059)
(0.03684432 0.01109575 0.07248438)
(0.03436947 -0.02417691 0.07325111)
(0.04646942 -0.04017286 0.08723472)
(0.04462705 -0.02752928 0.08744206)
(0.01062683 -0.01768467 0.07152895)
(0.007930808 0.00414506 0.05944368)
(0.04749521 -0.01441138 0.09069602)
(0.04677923 -0.01288768 0.07281844)
(0.03874941 -0.02321596 0.03740314)
(0.03799687 0.03188672 0.06697418)
(0.03627213 0.005745903 0.03918988)
(0.04490213 -0.003856037 0.08510245)
(0.04599686 0.01029142 0.08690334)
(0.009200049 0.02657533 0.06556816)
(0.0385938 0.0521892 0.06770732)
(0.04670803 0.02316828 0.08972894)
(0.04677487 0.02106709 0.07327497)
(0.03658799 0.02832306 0.03979146)
(0.04836247 0.0346669 0.09098276)
(0.04809805 0.04616716 0.08969303)
(0.05420621 0.03186123 0.06998048)
(0.03702056 0.0747154 0.06349218)
(0.04832749 0.05916962 0.08819038)
(0.0131973 0.07918389 0.06805675)
(0.0126825 0.05487765 0.06934466)
(0.04086709 0.07372986 0.08833951)
(0.04832943 0.07116619 0.07615288)
(0.03726 0.05549013 0.04241629)
(0.05683507 0.08947517 0.08882219)
(0.0561325 0.075514 0.0861906)
(0.04424778 0.0846538 0.09027124)
(0.04677961 0.09917592 0.08827444)
(0.04629182 0.08414289 0.07393171)
(0.05449127 0.1086945 0.08649558)
(0.0530793 0.1222817 0.08621792)
(0.05332099 0.1233045 0.07405224)
(0.01056265 -0.04627922 0.06659409)
(0.004310531 -0.06738706 0.09071458)
(0.01950015 -0.06547935 0.09104402)
(0.04157325 -0.06962972 0.08411279)
(0.02904312 -0.06134975 0.08613015)
(0.04145164 -0.04719638 0.04128475)
(0.0537085 -0.06867127 0.01938365)
(0.007426591 -0.0376661 0.03986176)
(0.05290851 -0.06654181 0.03493643)
(0.05691686 -0.05293898 0.03599937)
(0.05470049 -0.06813074 0.04828212)
(0.05571514 -0.06759935 0.05776104)
(0.03976887 -0.06877787 0.07299755)
(0.04873035 -0.05452393 0.0747699)
(0.05520341 -0.06926634 0.07096114)
(-0.01226793 0.148988 0.0222035)
(-0.0133556 0.1418823 0.03456805)
(0.007420204 0.1366179 0.0335547)
(0.006245588 0.09887428 0.0428498)
(-0.009491254 0.1445467 0.04901649)
(-0.01222437 0.1500938 0.06140722)
(-0.01027697 -0.05254042 0.08998002)
(-0.007353386 -0.05635601 0.07492424)
(-0.01148599 -0.03909264 0.08613704)
(-0.0106625 -0.02687943 0.08597295)
(-0.01443701 -0.004093691 0.08771018)
(-0.01468865 0.01191208 0.09119796)
(-0.01568718 0.02385122 0.08993119)
(-0.01179895 0.03556566 0.09069496)
(-0.01712006 0.04434078 0.0884226)
(-0.01593549 0.05951145 0.08782203)
(-0.0155987 0.07317617 0.08920635)
(-0.01372225 0.08600661 0.08982792)
(-0.01678276 0.09881656 0.08822951)
(-0.01004637 0.1081335 0.08490692)
(-0.01042399 0.1234986 0.08735061)
(-0.01522774 -0.06258764 0.02705141)
(-0.01347238 -0.06569389 0.03677925)
(-0.01294139 -0.07105639 0.04562322)
(-0.00948803 -0.06396638 0.05874705)
(-0.007799926 -0.0707365 0.07026587)
(0.01691202 0.1522921 0.02181279)
(0.003744772 0.148674 0.01505333)
(0.004682232 0.1333343 0.01677101)
(0.03074548 0.1505702 0.01610062)
(0.04795253 0.134827 0.02055043)
(0.0001615334 -0.06343307 0.02274469)
(0.01684099 -0.06574701 0.01726834)
(0.02855887 -0.06938156 0.02593477)
(0.03987264 -0.0678714 0.01467522)
(0.0548784 -0.05320971 0.01639434)
(0.05849251 -0.03786672 0.01571667)
(0.05735742 -0.02935581 0.02484422)
(0.007144917 -0.02022527 0.03726243)
(0.05768604 -0.01511332 0.02082296)
(0.05427228 -0.002329005 0.02157731)
(0.05447263 0.008803371 0.02130675)
(0.01112494 0.03061499 0.04072603)
(0.05407353 0.02084794 0.02047238)
(0.05463483 0.03527249 0.02196912)
(0.05684622 0.0503182 0.01985349)
(0.05721619 0.05974329 0.01821536)
(0.01325665 0.08231073 0.04323209)
(0.05157093 0.07024688 0.01889271)
(0.05345741 0.0881047 0.01519014)
(0.05709085 0.1002681 0.01647636)
(0.04949594 0.1091119 0.01873192)
(0.05525113 0.1255072 0.01806682)
(0.01173886 0.003971288 0.0393355)
(-0.006810639 -0.01480271 0.0272522)
(-0.00962899 0.02260919 0.02387497)
(0.0101028 0.05441651 0.04315368)
(-0.006499823 0.03662308 0.02323874)
(-0.01529762 0.07006943 0.0186584)
(-0.0121466 0.09101101 0.02258225)
(-0.006947 0.1255467 0.02256043)
(0.04408077 0.02327978 0.03459147)
(0.0430217 0.01010724 0.03388841)
(0.003026017 0.01168961 0.0372875)
(0.02058532 0.008472957 0.03564529)
(0.02962489 0.02127343 0.03418003)
(0.02965494 0.01189117 0.03639653)
(0.02965208 -0.003729225 0.03362926)
(0.03198568 -0.01737716 0.03303651)
(0.02871818 0.009706403 0.05087731)
(0.04453059 -0.001490456 0.03782074)
(0.0558406 -0.001450605 0.03537505)
(0.04667362 -0.01839111 0.03722611)
(0.0460869 -0.004034314 0.05211064)
(0.01748229 -0.004051421 0.03393091)
(0.004485651 -0.003489935 0.03496752)
(0.01736795 -0.01602889 0.03406322)
(0.0164866 -0.003808684 0.04905611)
(0.01641647 0.00221153 0.05460698)
(0.02668509 -0.02542088 0.03294505)
(0.03233254 -0.01759639 0.04713778)
(0.03036293 -0.01201118 0.02287214)
(0.02893004 -0.003187683 0.05241776)
(0.06092884 0.01009868 0.03509135)
(0.04683777 0.008002527 0.04958819)
(0.05988098 0.02457183 0.03546773)
(0.0596425 0.009795331 0.04761836)
(0.04263104 0.03612372 0.03470958)
(0.04056597 0.04609703 0.03306682)
(0.04025107 0.02521723 0.05634979)
(0.04296867 0.01130527 0.05714709)
(0.03805298 0.0002252904 0.02927447)
(0.05577449 -0.0123108 0.03245313)
(0.05859748 -0.003996633 0.04779575)
(0.04765797 -0.01577197 0.0478373)
(0.04233746 -0.01327233 0.02355941)
(0.05883259 0.03284013 0.03979418)
(0.05825924 0.02053849 0.04749689)
(0.04626577 0.04669222 0.02490049)
(0.0157656 0.02418297 0.03620299)
(0.02740062 0.03715583 0.035319)
(0.03217937 0.02433624 0.04514247)
(0.04318767 0.03549077 0.04749022)
(0.03001074 0.04831759 0.02234301)
(0.003674011 0.02410271 0.03810496)
(0.01715005 0.03565663 0.03645564)
(0.01437071 0.04565133 0.03440649)
(0.0183958 0.02216483 0.05341058)
(0.03032348 0.04711665 0.03357344)
(0.03068815 0.03397446 0.05195622)
(0.02994644 0.02032791 0.05502321)
(0.05641402 0.04838969 0.03591763)
(0.05824053 0.03281807 0.05408653)
(0.0421004 0.06159505 0.01916472)
(0.04225487 0.05849973 0.03489553)
(0.05439957 0.07275199 0.03255952)
(0.04568044 0.04917751 0.04707065)
(0.04735026 0.03577858 0.05692161)
(0.01782235 0.04693749 0.02137409)
(0.0308021 0.06224088 0.0191293)
(0.004646723 0.03463347 0.0343044)
(0.01668417 0.03354323 0.05263553)
(0.03181659 0.05796149 0.03318395)
(0.03155829 0.04973757 0.04797779)
(0.03952051 0.04514286 0.02632393)
(0.004973272 0.04703152 0.02419544)
(0.01434382 0.06482224 0.01695471)
(0.03103833 0.07529553 0.02536926)
(0.0540134 0.06260345 0.03505052)
(0.05689915 0.04963027 0.04552075)
(0.04749574 0.05966178 0.04555001)
(0.04598155 0.04804547 0.06167287)
(0.03411093 0.004929708 0.03167018)
(0.01560969 0.01293142 0.0489033)
(-0.006463131 -0.004735616 0.02091816)
(0.00561044 -0.0134029 0.02266998)
(0.01628641 -0.01190763 0.02314796)
(0.01570007 -0.0270411 0.01758345)
(-0.01007504 0.01090477 0.02105634)
(-0.007189098 -0.001161732 0.03354985)
(-0.0009506204 -0.001831336 0.0534402)
(0.01458868 -0.02785473 0.03193512)
(0.0196385 -0.03816004 0.03789755)
(0.01757133 -0.01488274 0.05404029)
(-0.008378715 0.02190075 0.03605725)
(0.001026707 0.02760229 0.04413753)
(-0.007938937 0.03834657 0.03216337)
(0.006620667 0.04630914 0.03304251)
(0.002768611 0.03732547 0.049399)
(0.01740674 0.06024492 0.03497359)
(0.02142782 0.07251218 0.03161987)
(0.0173556 0.04762462 0.04874429)
(0.01545822 0.04952068 0.06021293)
(0.02127236 0.007209822 0.0317154)
(-0.01021747 0.009821698 0.03544728)
(0.001826003 0.01054852 0.05516656)
(0.01309239 0.01456666 0.05924885)
(0.02056759 0.04683472 0.02415615)
(-0.005501837 0.04727711 0.0227074)
(0.003263043 0.06315628 0.02384231)
(0.0162469 0.07989986 0.01615822)
(-0.008096779 0.05175654 0.03878931)
(0.005378367 0.06035089 0.03541945)
(0.00606645 0.05064262 0.05128066)
(0.02041623 0.05748422 0.04823166)
(0.003638774 -0.02595372 0.01377375)
(-0.01361369 -0.01686817 0.03761517)
(-0.01224873 -0.0007454884 0.04905398)
(-0.001562008 -0.02636869 0.03458646)
(0.002735468 -0.01506425 0.05562842)
(-0.01197534 0.02184309 0.04554156)
(0.003227072 0.02381398 0.05571073)
(-0.009985665 0.03694483 0.04410035)
(0.002923166 0.03461924 0.05953919)
(0.009036834 0.005513728 0.03092652)
(-0.01163984 0.0108951 0.04322679)
(0.007549173 0.0460533 0.02705209)
(-0.01395503 0.062814 0.02325526)
(-0.001017969 0.06975946 0.01560433)
(-0.01384419 0.06207631 0.03523091)
(-0.01304304 0.04638333 0.04825403)
(-0.003192181 0.07097177 0.03541077)
(-0.002998898 0.0587201 0.04637738)
(0.002081617 0.04642558 0.06088462)
(0.04675818 0.03766139 0.02490597)
(0.05252785 0.03795477 0.02749108)
(0.05226081 0.03110373 0.0257007)
(0.04930157 0.0348714 0.02244544)
(0.05362533 0.02532188 0.02469051)
(0.05626433 0.02233326 0.05941953)
(0.04816319 0.02591451 0.03363132)
(0.04766018 0.03293526 0.03425946)
(0.05381203 0.03189807 0.03282011)
(0.040023 0.03118172 0.03120698)
(0.04671314 0.03946086 0.03095003)
(0.05002414 0.0336149 0.0407)
(0.0512301 0.03357715 0.01715185)
(0.06032858 0.03457386 0.0176976)
(0.06019087 0.02489917 0.01960519)
(0.05943294 0.03118593 0.02718846)
(0.05554245 0.03174323 0.009988792)
(0.05054958 0.03990266 0.02079912)
(0.05363013 0.03911184 0.01168005)
(0.05416321 0.02471396 0.01778647)
(0.04959494 0.0213493 0.01930876)
(0.0596981 0.03982344 0.02507575)
(0.06034638 0.03930838 0.01058523)
(0.04768769 0.04395425 0.0182753)
(0.05182506 0.04610368 0.01736062)
(0.03802672 0.04384963 0.01785446)
(0.04879963 0.05386705 0.01823339)
(0.0449794 0.04418582 0.01163707)
(0.04540602 0.03415762 0.02363707)
(0.04609869 0.0339422 0.01937448)
(0.04557547 0.03780413 0.02115918)
(0.03150834 0.04389595 0.0241157)
(0.02791784 0.046416 0.02771443)
(0.03377573 0.07161856 0.03464034)
(0.03345602 0.06047248 0.04911074)
(0.03471302 0.04616581 0.05785903)
(0.03366188 0.05241654 0.02750714)
(0.03381316 0.08290421 0.01497718)
(0.0320131 0.04370815 0.02016977)
(0.03368997 0.03139439 0.03005566)
(0.03225144 0.03765659 0.03240407)
(0.04095916 0.03807795 0.03073963)
(0.02546046 0.04014817 0.03223453)
(0.03151166 0.03884478 0.03774747)
(0.03434993 0.04088199 0.0752315)
(0.03368064 0.02797522 0.0306692)
(0.02827782 0.03111263 0.03034382)
(0.03255654 0.03324636 0.03869327)
(0.03027044 0.0438243 0.01771598)
(0.03290096 0.05439332 0.01737177)
(0.03110235 0.04691516 0.01193869)
(0.04586659 0.05163387 0.02653889)
(0.04572593 0.04548371 0.0304962)
(0.05546074 0.04893614 0.05780434)
(0.03815991 0.05034959 0.02609888)
(0.03932225 0.05192662 0.03126908)
(0.04374401 0.07995528 0.02705277)
(0.04696963 0.1000024 0.03600068)
(0.05596046 0.07415276 0.04498609)
(0.04795545 0.05978269 0.05895833)
(0.03712644 0.05107512 0.0216846)
(0.03804766 0.0452882 0.03693061)
(0.05304064 0.04595065 0.07214482)
(0.03913587 0.04414139 0.01305052)
(0.03685913 0.03566193 0.03712777)
(0.04069427 0.02498565 0.02958869)
(0.04158257 0.03135055 0.03888767)
(0.04111019 0.03670855 0.0269299)
(0.04685141 0.05273863 0.03175517)
(0.04645996 0.04400842 0.03808694)
(0.04508367 0.03768272 0.03901345)
(0.03823561 0.02050095 0.03067485)
(0.03964717 0.02436524 0.03654067)
(0.06071233 0.02353285 0.02653072)
(0.05102219 0.01977221 0.02473301)
(0.04771921 0.01903447 0.03311282)
(0.04632329 0.02688242 0.03952157)
(0.04249763 0.03417289 0.0265972)
(0.04322126 0.03399537 0.03033744)
(0.0439598 0.03826623 0.02737305)
(0.04463823 0.04409722 0.02140438)
(0.04729915 0.05167179 0.01219928)
(0.0382253 0.05095043 0.01209886)
(0.05262459 0.04513703 0.02395392)
(0.04629095 0.04136435 0.02114863)
(0.06203569 0.04363139 0.01913243)
(0.05736833 0.04510205 0.01317911)
(0.05972388 0.04731531 0.02672191)
(0.05229741 0.05141994 0.02570424)
(0.05163589 0.04539858 0.03035758)
(0.04871074 0.04421295 0.0217758)
(0.04656765 0.04045772 0.01818469)
(0.04117294 0.04377094 0.01983642)
(0.04155163 0.04778924 0.02143114)
(0.0429482 0.05221083 0.02236461)
(0.02693425 0.05454504 0.01753145)
(0.03315199 0.05015021 0.0140847)
(0.03902371 0.05539562 0.01756357)
(0.04786873 0.05876321 0.02588793)
(0.04567133 0.05098607 0.03821573)
(0.04440057 0.04306448 0.01728092)
(0.0423177 0.04344747 0.01378652)
(0.02653527 0.0433665 0.0132251)
(0.03877556 0.03731436 0.02767473)
(0.04076854 0.03930022 0.02682404)
(0.03393292 0.04280681 0.02000473)
(0.02105689 0.04467521 0.0187808)
(0.02518726 0.05038618 0.02555376)
(0.03480596 0.04648984 0.03325151)
(0.03841564 0.04328411 0.02175795)
(0.04114205 0.04414258 0.02348954)
(0.0402165 0.04622226 0.01750073)
(0.01270352 0.04363096 0.02422654)
(0.02073377 0.05049833 0.0269056)
(0.02104935 0.04559546 0.0345177)
(0.0192491 0.03197334 0.03330584)
(0.02142656 0.03962193 0.02997449)
(0.01456193 0.04054885 0.03330218)
(0.01933968 0.04566806 0.07542412)
(0.02615687 0.04548875 0.03247566)
(0.02672235 0.03740111 0.04127806)
(0.03105429 0.03882901 0.02595846)
(0.03095971 0.03959687 0.02882657)
(0.02894498 0.02726408 0.03044063)
(0.02300483 0.03422524 0.03655352)
(0.03286899 0.05090665 0.032324)
(0.0344839 0.08472852 0.03253279)
(0.03387734 0.07260709 0.04702371)
(0.03412326 0.06103084 0.06145636)
(0.03290923 0.04401483 0.03740622)
(0.03147723 0.04172962 0.04353079)
(0.0345866 0.04336696 0.02251655)
(0.03762821 0.04297741 0.02573856)
(0.04012131 0.0564247 0.02663567)
(0.03784158 0.05148236 0.03666134)
(0.03453141 0.05775947 0.0238532)
(0.02004555 0.05531397 0.01742183)
(0.02643926 0.05433027 0.008912208)
(0.03433748 0.04332262 0.02625239)
(0.0340623 0.03679129 0.02607739)
(0.03428595 0.03959351 0.02641946)
(0.038019 0.03964856 0.0263359)
(0.03379005 0.04069516 0.0299774)
(0.0373315 0.04648325 0.02424503)
(0.03782509 0.04369761 0.03028063)
(0.03754931 0.04056294 0.029509)
(0.03894216 0.03473541 0.02619857)
(0.03812158 0.04595198 0.02068529)
(0.04780587 0.04204347 0.02554116)
(0.04431536 0.04333114 0.02644262)
(0.04188557 0.04749428 0.02711787)
(0.04109618 0.04267369 0.02807629)
(0.03728674 0.04695684 0.02896468)
(0.03869665 0.04327378 0.01505296)
(0.04249192 0.04171659 0.03262561)
(0.04043698 0.0404384 0.03697531)
(0.05467614 0.0401242 0.03761826)
(0.05253504 0.03980311 0.04696911)
(0.05831001 0.06239907 0.06095285)
(0.04335236 0.04167269 0.04391978)
(0.03740389 0.03780629 0.0428792)
(0.03834516 0.04555435 0.04229127)
(0.03858143 0.0414526 0.03355053)
(0.04176185 0.02908031 0.02814914)
(0.02819827 0.04337635 0.02341602)
(0.02947241 0.04356304 0.02156222)
(0.01413384 0.04367664 0.01834992)
(0.02830951 0.0395932 0.02645234)
(0.03275146 0.04713313 0.02327797)
(0.03073114 0.04263653 0.0268949)
(0.03183793 0.03619565 0.0272393)
(0.02938437 0.03728789 0.02686129)
(0.03343757 0.01850563 0.02967105)
(0.03306045 0.02731043 0.03631272)
(0.03110126 0.02329232 0.07533956)
(0.02143352 0.02483847 0.03196501)
(0.02777432 0.0193552 0.03231207)
(0.02461809 0.02773495 0.03738885)
(0.03261773 0.03258043 0.02610258)
(0.03177306 0.03387089 0.03014613)
(0.01583088 0.02974979 0.03027481)
(0.0200929 0.03082207 0.03829329)
(0.007945194 0.04458153 0.01861096)
(0.01241769 0.05404307 0.01892757)
(0.02111305 0.04487898 0.01301726)
(0.02993525 0.04670464 0.01983454)
(0.0341554 0.03443059 0.02603053)
(0.03513116 0.03729057 0.02915799)
(0.03471954 0.0460643 0.02014425)
(0.03378135 0.04336445 0.01792779)
(0.03244765 0.04702149 0.02771621)
(0.03437026 0.04392633 0.02984105)
(0.03348409 0.04644391 0.01691331)
(0.03319754 0.043303 0.01462902)
(0.03529502 0.04240874 0.0331614)
(0.03569958 0.04061586 0.03717028)
(0.02687346 0.0431735 0.03719839)
(0.02113996 0.04419479 0.04126864)
(0.01938944 0.07254167 0.04686607)
(0.02124047 0.07294065 0.06214014)
(0.01802682 0.06074924 0.06150796)
(0.0329614 0.04900823 0.03887432)
(0.03500925 0.03063221 0.02663443)
(0.03502863 0.03388836 0.02865395)
(0.0371977 0.03787714 0.03274314)
(0.01546411 0.05242019 0.02711868)
(0.007114306 0.03844411 0.03388697)
(0.01229663 0.03660337 0.03986481)
(-0.0002226573 0.04612796 0.02497343)
(0.007679523 0.05018516 0.02829734)
(0.005446457 0.08913495 0.01501218)
(0.0115001 0.05162901 0.03321172)
(0.02104284 0.08423639 0.03130906)
(0.01487529 0.09615827 0.02629303)
(0.01323161 0.04311109 0.0395694)
(0.01814973 0.04356925 0.02292253)
(0.02074256 0.05179992 0.03257849)
(0.02233468 0.0434323 0.02522925)
(0.02293997 0.03997461 0.02635812)
(0.02548557 0.03937218 0.0285524)
(0.01711031 0.04998506 0.03993337)
(0.02567088 0.04367519 0.02360645)
(0.02478389 0.04709795 0.02394241)
(0.02861093 0.05498356 0.02388398)
(0.02729156 0.05124981 0.02992309)
(0.02110315 0.05682796 0.02473161)
(0.02703871 0.04240951 0.0262381)
(0.02769777 0.04225032 0.02963843)
(0.02702254 0.0434799 0.01988903)
(0.02743795 0.03631395 0.02624424)
(0.02577677 0.03885354 0.02585491)
(0.02878424 0.04611203 0.02415133)
(0.0285564 0.03825002 0.03016362)
(0.02936472 0.03402166 0.02671097)
(0.03207017 0.05070783 0.02078662)
(0.03108186 0.04385462 0.0306056)
(0.02948449 0.04982142 0.02511491)
(0.02941718 0.04318245 0.01403001)
(0.03046142 0.04165477 0.03359418)
(0.02619385 0.05150287 0.03896147)
(0.03086421 0.03050861 0.02757044)
(0.02355755 0.03714399 0.02620749)
(0.02605452 0.03374074 0.02595303)
(0.02598436 0.03639851 0.03087023)
(0.02328656 0.04343974 0.0211911)
(0.02614738 0.0462416 0.02114266)
(0.02606098 0.04344483 0.01655724)
(0.002457941 0.03767935 0.03219861)
(-0.007793545 0.04187681 0.06290839)
(0.00761995 0.03087319 0.03231963)
(0.007875945 0.03761144 0.03809886)
(0.003834902 0.03688976 0.07237984)
(0.0006815892 0.05465223 0.02656801)
(0.0004372442 0.04627128 0.03294253)
(-0.01444964 0.0724924 0.0317437)
(-0.01303264 0.06247514 0.05809145)
(-0.01663518 0.0505301 0.06032755)
(0.002084094 0.04335046 0.01960088)
(0.004968983 0.08338142 0.03253759)
(0.002968785 0.07393214 0.04646883)
(0.0009190609 0.05634897 0.0615349)
(0.006911551 0.0522132 0.01965275)
(0.009499101 0.04193139 0.03687974)
(0.004421923 0.04811157 0.07262683)
(0.01589636 0.04479499 0.02509539)
(0.01596799 0.04416428 0.02021169)
(0.01298252 0.04355927 0.01121009)
(0.01555122 0.0258054 0.03140517)
(0.01465564 0.03101944 0.03698355)
(0.01818579 0.04081875 0.02718221)
(0.01365482 0.04005006 0.02929833)
(0.01050114 0.04781048 0.03987551)
(0.0187386 0.04350833 0.02546426)
(0.01950945 0.04341572 0.02076724)
(0.01979045 0.0377637 0.02647553)
(0.02143817 0.01957973 0.03035624)
(0.0202301 0.02627838 0.03668687)
(0.01677 0.02021585 0.07370329)
(0.02353174 0.03404539 0.02633616)
(0.02286336 0.0365805 0.02920637)
(0.02183435 0.04698171 0.02014866)
(0.02330947 0.05101372 0.02176971)
(0.02145132 0.05589497 0.009791933)
(0.02346855 0.04394749 0.01801277)
(0.02235079 0.04400317 0.01520266)
(0.02389541 0.04640897 0.02814737)
(0.01845113 0.04626187 0.02885882)
(0.02276942 0.04279468 0.02945448)
(0.02632278 0.04696477 0.01752242)
(0.02444439 0.04620921 0.01440338)
(0.02233665 0.04155769 0.03307284)
(0.02202933 0.03962544 0.03691766)
(0.02008675 0.03771449 0.04347626)
(0.02551812 0.03101153 0.02747687)
(0.02595819 0.03360488 0.02920492)
(0.01340137 0.03952091 0.02607059)
(0.01645666 0.04837292 0.02478398)
(0.0006747132 0.05061527 0.01879616)
(0.01479345 0.04983831 0.01183965)
(0.01677141 0.03802733 0.02631582)
(0.007394212 0.04474141 0.01371985)
(0.002847475 0.03109496 0.03183464)
(0.008535561 0.02522316 0.0319522)
(0.007415266 0.03332076 0.03799562)
(0.01275122 0.03626493 0.02624172)
(0.015578 0.01864596 0.03218163)
(0.01219681 0.02700543 0.03879487)
(0.01594561 0.03423083 0.02660265)
(0.01624642 0.03377758 0.02960139)
(0.01497785 0.03668276 0.03054751)
(0.008625309 0.04348254 0.02041981)
(0.01271646 0.04340229 0.02009242)
(0.016123 0.04365003 0.01682799)
(0.01865568 0.03415168 0.02605607)
(0.01854612 0.03712871 0.02903242)
(0.01968338 0.04300619 0.0169627)
(0.01947222 0.05039331 0.02250707)
(0.01855916 0.04542845 0.01813614)
(0.01865716 0.04342952 0.01427534)
(0.01817512 0.04145578 0.03181313)
(0.01802263 0.03123934 0.02605865)
(0.01982628 0.03398888 0.02943473)
(0.01926445 0.03691623 0.03273402)
(-0.003915903 0.03694604 0.02419085)
(-0.01072826 0.04082844 0.0268246)
(-0.01568085 0.03800292 0.02407506)
(-0.004325585 0.04325193 0.02619616)
(-0.003096217 0.03405273 0.02615519)
(-0.006577633 0.03943371 0.01834314)
(-0.00664277 0.0382622 0.0143629)
(0.003418047 0.05227416 0.03218458)
(0.003153027 0.04443248 0.03781926)
(0.002290372 0.03881035 0.03864573)
(0.006795649 0.043899 0.02338213)
(0.006480979 0.03983169 0.02694381)
(0.006584715 0.04222669 0.02984479)
(0.001504355 0.02573633 0.03097623)
(-0.01276823 0.0220723 0.0587784)
(-5.224717e-05 0.03312868 0.04023423)
(0.009709 0.04336073 0.0229634)
(0.009644892 0.04646314 0.02388525)
(0.007860201 0.04964947 0.02417701)
(0.009128785 0.05610187 0.02546835)
(0.008149283 0.057464 0.01951523)
(0.007714658 0.05652181 0.01189905)
(0.008833928 0.04304758 0.02609064)
(0.008609435 0.03649851 0.02618336)
(0.009898 0.04007631 0.02628174)
(0.009753377 0.04118249 0.02890092)
(0.001994412 0.04500686 0.01299614)
(0.0134162 0.04654088 0.02197451)
(0.01240103 0.04270819 0.02718388)
(0.01322888 0.03340605 0.02615875)
(0.01255023 0.04322532 0.01659752)
(0.01467014 0.04302801 0.0225969)
(0.01241138 0.04703346 0.02718947)
(0.01508915 0.04351817 0.02932076)
(0.01226185 0.05040232 0.02437451)
(0.0155428 0.05046106 0.02073029)
(0.01635015 0.04708105 0.01831677)
(0.01447867 0.04363517 0.01426439)
(0.01658083 0.04040146 0.03747028)
(0.01402128 0.04094216 0.04524747)
(0.0140302 0.03059191 0.02648419)
(0.003130096 0.04399256 0.02459426)
(0.003928905 0.0433153 0.02170507)
(-0.00485329 0.04701039 0.01778785)
(-0.005611273 0.03345192 0.01861601)
(0.003528711 0.03917627 0.02631114)
(0.005757622 0.04336941 0.02608936)
(0.006076328 0.04355881 0.01966524)
(0.005829996 0.03687622 0.02634896)
(0.003470214 0.03733213 0.02853836)
(0.006691867 0.01856616 0.0312255)
(0.007491388 0.02771586 0.0388928)
(0.001849257 0.02440632 0.07553164)
(-0.002996631 0.02595882 0.02688439)
(0.0009164944 0.01918427 0.03188983)
(-0.0003648673 0.02700321 0.03832385)
(0.005844187 0.03408447 0.0269464)
(0.006074662 0.03311097 0.03022243)
(-0.006012217 0.03192381 0.0323122)
(0.005691962 0.03730397 0.0304449)
(-0.003933644 0.04068479 0.02028542)
(-0.0103979 0.03968584 0.02092323)
(-0.01177177 0.04526223 0.02014232)
(-0.003903889 0.05169481 0.01969247)
(-0.004974446 0.05809409 0.01897464)
(-0.004883167 0.04561373 0.01309564)
(0.0009994514 0.05067154 0.01168759)
(0.007220617 0.04660786 0.02124695)
(0.006686455 0.04341357 0.01645854)
(0.009226237 0.03374228 0.02601521)
(0.009225193 0.03735847 0.02966543)
(0.01024344 0.04614427 0.01979944)
(0.009664306 0.04305409 0.01824614)
(0.01074838 0.04445761 0.03023239)
(0.01034958 0.04991559 0.0213302)
(0.009673352 0.04575463 0.01588327)
(0.0089637 0.04315152 0.01480445)
(0.009767477 0.04141591 0.03267974)
(0.00713233 0.04325185 0.0438709)
(0.002397697 0.05103356 0.03913806)
(0.01075808 0.03037994 0.02873421)
(0.009661661 0.03351406 0.02877775)
(-0.003561768 0.04031249 0.02361507)
(-0.006413521 0.04019524 0.0232225)
(-0.008929011 0.04592785 0.02683854)
(-0.01040714 0.03378075 0.02763596)
(-0.01498486 0.04287522 0.03347097)
(-0.01777249 0.04562208 0.02494942)
(-0.01333652 0.05282213 0.02814228)
(-0.006232838 0.04514335 0.03150922)
(-0.01667915 0.03655317 0.01730877)
(-0.01688899 0.03905665 0.01016018)
(-0.01145182 0.0299985 0.01651817)
(-0.007542137 0.04340659 0.02352641)
(-0.005405045 0.05242241 0.02660176)
(-0.003111385 0.04317228 0.02319086)
(-0.003573971 0.02554479 0.01709241)
(-0.003811495 0.02544544 0.01394266)
(-0.003412808 0.03151535 0.01348403)
(-0.003333562 0.03957665 0.02641357)
(-0.003512085 0.04093904 0.02956271)
(-0.004669595 0.04398301 0.0379297)
(-0.009739562 0.03647484 0.07503284)
(-0.01403105 0.0707953 0.04699454)
(-0.01548336 0.04734279 0.07462367)
(-0.003326471 0.05101029 0.03317055)
(-0.003395506 0.05824649 0.03382862)
(-0.01466304 0.09676438 0.03426555)
(-0.0002145858 0.04320532 0.02731092)
(6.506037e-06 0.04943111 0.02284888)
(-0.006338069 0.06206086 0.02710169)
(0.001896152 0.05505944 0.01940886)
(2.478423e-05 0.04432895 0.02196171)
(-0.001668468 0.03671824 0.02666889)
(0.0004655659 0.03915882 0.02748056)
(0.003437365 0.04202212 0.0269131)
(0.003204369 0.04036882 0.02966331)
(0.003242816 0.04612608 0.02117147)
(0.00390784 0.04461082 0.01795007)
(0.004209757 0.05160771 0.02402844)
(0.00319925 0.04693795 0.02799104)
(0.002851488 0.04361338 0.030507)
(0.003771098 0.04921694 0.01986488)
(0.00631011 0.04697697 0.01782035)
(0.004211464 0.04363566 0.01437535)
(-0.00281968 0.03602539 0.02054915)
(0.004434947 0.04171695 0.03357513)
(-0.001364733 0.04564662 0.04481442)
(0.007119739 0.03051076 0.02669168)
(-0.002567622 0.03907398 0.02229833)
(-0.006537803 0.04094152 0.02761114)
(-0.003964563 0.04343925 0.02023777)
(-0.00316149 0.03917722 0.01587696)
(-0.01012756 0.04815114 0.01046412)
(-0.004703268 0.05137292 0.01079576)
(-0.009307427 0.03719497 0.02426373)
(-0.01503726 0.03147143 0.02307656)
(-0.01838787 0.0261137 0.02412062)
(-0.01122611 0.02678277 0.02483695)
(-0.01383915 0.02942925 0.03340472)
(-0.01651516 0.0318382 0.01014814)
(-0.009070946 0.02479886 0.01990803)
(-0.006312469 0.03414304 0.02478244)
(-0.00627774 0.03707323 0.02674058)
(-0.007374772 0.03698467 0.02059141)
(-0.004055719 0.03068603 0.02338135)
(-0.003654494 0.02695501 0.02320985)
(-0.00432869 0.02118371 0.02463822)
(-0.005579807 0.0256043 0.03305573)
(-0.004446272 0.01979403 0.01915289)
(-0.002788267 0.03274517 0.02982128)
(-0.00485331 0.03530083 0.03669237)
(-0.003010625 0.03365749 0.02035822)
(-0.003647406 0.03683691 0.0299395)
(-0.004469322 0.03656184 0.01799156)
(-0.01910099 0.04397135 0.01704634)
(-0.01233524 0.05242345 0.01834135)
(-0.00740082 0.0428261 0.01931415)
(-0.00394062 0.04239046 0.01603671)
(-2.265288e-05 0.03377558 0.02679865)
(-8.860384e-05 0.03517897 0.02967908)
(-0.001084621 0.04395401 0.01825873)
(-0.002128445 0.04811338 0.02795752)
(0.0005223591 0.0470952 0.01816613)
(-0.001119603 0.04471208 0.01449697)
(-0.0009020418 0.04059811 0.0328441)
(0.0005936875 0.02940215 0.02628265)
(-0.0003403824 0.03497464 0.03392984)
(-0.005946716 0.001558611 0.02476845)
(-0.009464519 -0.02846445 0.02087636)
(-0.0146337 -0.02884641 0.03614327)
(-0.01250586 -0.01106261 0.05070351)
(-0.009206442 -0.001501005 0.06239859)
(0.04613543 0.002831426 0.02381288)
(0.05071153 0.001015041 0.02433018)
(0.0519997 0.007592988 0.02466304)
(0.04954045 0.0047952 0.02285724)
(0.03757077 0.008520161 0.02914642)
(0.04722689 0.01310266 0.03249461)
(0.05646836 0.01206706 0.05565124)
(0.047296 0.00748088 0.03157921)
(0.04840642 0.001651185 0.03235887)
(0.04861713 -0.03106231 0.03181515)
(0.05786308 -0.01768206 0.04367709)
(0.05517134 -0.000582548 0.05887152)
(0.04714196 0.006920889 0.03759365)
(0.05385187 0.007147667 0.01717685)
(0.05979238 0.006263682 0.01773099)
(0.05895429 -0.0007048865 0.01866656)
(0.05770981 0.006968252 0.01088471)
(0.05261304 0.01287057 0.02016076)
(0.0515462 0.001652616 0.0199306)
(0.05446501 0.000553182 0.008608665)
(0.05220811 0.007481138 0.01278514)
(0.06109394 0.0005042995 0.01240149)
(0.05407811 -0.006533596 0.01834835)
(0.05129463 -0.01167558 0.01747041)
(0.04266196 -0.02854981 0.01698523)
(0.02870212 -0.02693596 0.0160755)
(0.04784486 -0.03944538 0.01581649)
(0.05340826 -0.006087129 0.01312359)
(0.04594921 -0.004809764 0.02080985)
(0.04617452 -0.004379142 0.01183577)
(0.0457199 0.00557599 0.02178734)
(0.04809612 0.002576879 0.0204342)
(0.03339531 -0.004044808 0.02381058)
(0.03342123 -0.01212262 0.02663973)
(0.03725847 -0.03798789 0.01292942)
(0.03176348 -0.03702678 0.03323826)
(0.02924328 -0.02837585 0.046258)
(0.03359124 -0.01315361 0.0610341)
(0.03244525 -0.006266786 0.03216339)
(0.03336213 0.002023945 0.03220726)
(0.02639211 -0.0002079602 0.02956302)
(0.03103522 0.002371228 0.03871004)
(0.02935728 -0.003076973 0.07181331)
(0.0349674 0.01410005 0.02966398)
(0.02656978 0.005793448 0.03229163)
(0.03176816 0.006512679 0.03717562)
(0.03542764 -0.004029833 0.01785299)
(0.03029439 -0.004939945 0.01138264)
(0.04020033 0.01243701 0.03207907)
(0.0362201 0.01014432 0.03594026)
(0.04028739 -0.005120127 0.02517341)
(0.04443134 -0.00596075 0.02825076)
(0.04667615 -0.00702731 0.03278051)
(0.04127576 -0.0359021 0.03903094)
(0.04734197 -0.02667436 0.04707457)
(0.04581817 -0.01654069 0.05980852)
(0.04012801 -0.01228553 0.02766852)
(0.03835843 -0.006344727 0.0352121)
(0.05004672 0.0005421674 0.0722031)
(0.03969699 -0.00598947 0.01989409)
(0.03855769 -0.003516306 0.01066972)
(0.03758603 0.0002576333 0.03868357)
(0.04041357 0.003034661 0.02742872)
(0.05206926 -0.001753897 0.0289257)
(0.04884467 -0.008655341 0.04061786)
(0.04142442 0.01250522 0.03753564)
(0.05221238 0.01478366 0.024563)
(0.04782881 0.01438566 0.03705281)
(0.0433256 0.006071789 0.02645608)
(0.04423669 0.003226524 0.02839854)
(0.05299691 0.006804779 0.03015116)
(0.042401 -0.004025586 0.01991446)
(0.04656783 -0.01673688 0.01923747)
(0.03980909 -0.01501541 0.01777184)
(0.05188713 -0.006874267 0.02461619)
(0.04686869 -0.01162308 0.02649206)
(0.04572408 -0.0004140496 0.0212924)
(0.04937419 -0.001423433 0.02025464)
(0.04968424 -0.006020413 0.02041378)
(0.05970208 -0.006231501 0.02403637)
(0.05971057 -0.007504969 0.0119645)
(0.05523488 -0.04066643 0.03147216)
(0.05936019 -0.02752205 0.04742076)
(0.05776289 -0.01616776 0.05555578)
(0.04536417 0.001289561 0.01777395)
(0.04392298 -0.007489364 0.01980788)
(0.04640561 -0.009498109 0.0216892)
(0.05342654 -0.02753499 0.01263716)
(0.04539991 -0.01550728 0.01016329)
(0.03310033 -0.01497688 0.01930306)
(0.03747266 -0.01375588 0.01138247)
(0.04911534 -0.02133309 0.02730285)
(0.04574048 -0.01330977 0.03207398)
(0.04294158 -0.003452099 0.01405452)
(0.03755715 0.002831626 0.02648252)
(0.04148334 -0.000455987 0.02818472)
(0.03401109 -0.003261673 0.02038765)
(0.02506528 -0.005028704 0.0176773)
(0.02150939 -0.006010727 0.01879394)
(0.02514761 -0.006278871 0.02401565)
(0.01951239 -0.005459046 0.02620611)
(0.02606897 -0.006916827 0.03290874)
(0.03141747 -0.006777355 0.03642681)
(0.03801816 -0.003353799 0.02081062)
(0.04065374 -0.007409025 0.02191983)
(0.03893291 -0.003639974 0.01780379)
(0.01373968 -0.005763836 0.02709278)
(0.01982239 -0.007855765 0.03216807)
(0.01491002 -0.02879448 0.04625813)
(0.02088338 5.660037e-05 0.03136255)
(0.015604 4.189784e-05 0.03282442)
(0.02054372 0.001545445 0.04059464)
(0.0156324 -0.0008703507 0.07284964)
(0.02395008 0.003273612 0.03637706)
(0.02726041 -0.01040004 0.02502968)
(0.02605261 -0.005383775 0.03817882)
(0.03091654 -0.003819674 0.02275286)
(0.02899111 -0.0005217815 0.02689901)
(0.0303488 -0.0007898585 0.03133187)
(0.02846688 0.01353763 0.02920737)
(0.02771169 0.006476825 0.03598718)
(0.03235237 -0.01072225 0.03249456)
(0.03412035 0.00413528 0.02624502)
(0.03760094 -0.004121747 0.02451207)
(0.03501279 -0.007655478 0.02384423)
(0.03391489 -0.01031228 0.02169661)
(0.0400783 -0.01800138 0.02651128)
(0.03823029 -0.01311898 0.03207722)
(0.02978957 -0.01674172 0.02591467)
(0.03410326 -0.02264245 0.02284368)
(0.0300569 -0.04941125 0.0198458)
(0.03309778 -0.05246803 0.03406048)
(0.02794176 -0.03991296 0.04968709)
(0.03881162 -0.02758974 0.05774669)
(0.02654885 -0.01460324 0.02020202)
(0.03226994 -0.01304049 0.01270627)
(0.03459993 -0.00253689 0.02610272)
(0.03381948 2.501668e-05 0.02883719)
(0.03807831 -0.002312198 0.02686536)
(0.03833883 0.005684807 0.02629234)
(0.03793871 -0.007172316 0.02363211)
(0.03749868 -0.003523085 0.03042095)
(0.03797558 -0.005868953 0.02144695)
(0.04020021 -0.003906822 0.0224821)
(0.04739245 -0.004213289 0.02529952)
(0.04363365 -0.006274575 0.02383478)
(0.04236363 -0.003438012 0.02727221)
(0.04503936 -0.001694912 0.03044685)
(0.04174802 -0.009519966 0.02467703)
(0.04085337 -0.007800376 0.02848319)
(0.04204282 -0.004275402 0.03149079)
(0.03805493 -0.01129969 0.02374325)
(0.03566611 -0.007022682 0.02764112)
(0.04234046 -0.01066882 0.02069081)
(0.04098117 -0.008112066 0.01786244)
(0.04015727 -0.004931089 0.01419191)
(0.03866604 0.0005499911 0.02613973)
(0.04618256 4.494579e-05 0.02652515)
(0.03986312 -0.001291115 0.03319846)
(0.05133231 0.002660258 0.04552103)
(0.05565752 0.01079724 0.06812059)
(0.03967169 0.002825234 0.04612741)
(0.03786445 -0.01230627 0.03827429)
(0.04031407 -0.009353848 0.0457988)
(0.0408761 -0.03650112 0.04997878)
(0.03525111 -0.01313003 0.07564203)
(0.04380429 0.009908684 0.0266468)
(0.04026245 0.006002459 0.02944089)
(0.04240819 0.002248791 0.03248723)
(0.02803934 -0.003723428 0.02530402)
(0.0277754 -0.00348993 0.02091159)
(0.01556846 -0.004229688 0.01995427)
(0.03155135 0.002207446 0.02628723)
(0.03157944 -0.007781117 0.02372509)
(0.03128667 -0.003605594 0.02643104)
(0.03126663 -0.004375497 0.01992487)
(0.0292652 0.002803243 0.02734229)
(0.0346165 0.01514662 0.03830275)
(0.01992445 0.01515571 0.02974755)
(0.02510826 0.01558253 0.03667199)
(0.03060615 0.005510263 0.02655767)
(0.03242828 0.006225826 0.02930231)
(0.01365451 0.008105553 0.03143244)
(0.03114687 0.002619216 0.02975785)
(0.00649686 -0.004065444 0.02033145)
(0.003706477 -0.03574552 0.01995294)
(0.01965597 -0.0148427 0.02026287)
(0.02128796 -0.01611689 0.0122268)
(0.02090902 -0.004290926 0.01267437)
(0.02794732 -0.01604985 0.01120466)
(0.03149749 -0.005615409 0.01731652)
(0.03639722 0.00564389 0.02918588)
(0.03459691 0.003322966 0.02942345)
(0.03459662 -0.006405448 0.02046732)
(0.03585048 -0.003422898 0.0226152)
(0.03282437 -0.003602937 0.02994166)
(0.03404688 -0.003932079 0.01458734)
(0.03482966 0.0004600752 0.02607001)
(0.03427652 -0.001410126 0.03422425)
(0.03266653 0.006385468 0.04293538)
(0.01931987 -0.007604411 0.03733146)
(0.03256293 -0.00493635 0.04219874)
(0.03418732 0.009829319 0.02908246)
(0.008303883 -0.006844555 0.02395158)
(0.005988524 -0.00037209 0.03217629)
(0.01368919 -0.006920128 0.0323804)
(0.0008873779 -0.004777218 0.0261613)
(0.008716423 -0.007014433 0.03334417)
(-0.001500041 -0.03992333 0.02897521)
(0.001741367 -0.03083148 0.0512822)
(0.01369407 -0.01098558 0.02649302)
(0.01300132 -0.004894446 0.03752467)
(0.01881191 -0.003557912 0.02417735)
(0.01918699 -0.01255468 0.02818988)
(0.02140411 -0.003005329 0.02294468)
(0.02173346 -0.001404495 0.02886004)
(0.02705148 0.002482734 0.02639829)
(0.02625901 -0.01146847 0.02985058)
(0.02326382 -0.01710419 0.02783895)
(0.02283701 -0.02250081 0.02266764)
(0.01822886 -0.04790209 0.01451023)
(0.02352921 -0.04713286 0.03037191)
(0.0157041 -0.05008596 0.04503278)
(0.02476918 -0.002802745 0.02626496)
(0.02399098 -0.004178654 0.02960057)
(0.02487018 -0.004820221 0.02073692)
(0.02393168 0.0002250735 0.02628242)
(0.0287228 -0.006418971 0.0243312)
(0.02822708 -0.007488716 0.02073953)
(0.02871426 -0.00492105 0.01788213)
(0.03014242 -0.007364451 0.02820293)
(0.02826697 -0.003861012 0.02962841)
(0.0313638 -0.009432554 0.01967649)
(0.02998445 -0.004537539 0.01472009)
(0.02894357 -0.001409542 0.0371413)
(0.02654662 -0.0002952708 0.04274978)
(0.02574513 -0.01280386 0.03714105)
(0.02604453 -0.009516831 0.04507963)
(0.03065493 0.008935812 0.02789232)
(0.03014054 0.002094786 0.03452853)
(0.02351007 0.002969517 0.02629384)
(0.02405669 0.00569679 0.02633968)
(0.0228721 -0.003359122 0.02015937)
(0.002309919 -0.000679197 0.03187414)
(0.008924087 8.862075e-05 0.03775059)
(0.003416246 -0.005594961 0.07522282)
(-0.003052397 -0.005541685 0.02646206)
(-0.01488237 -0.04118515 0.02637476)
(0.003481277 -0.007296486 0.0330661)
(0.001435431 -0.006051007 0.02008662)
(0.007144379 -0.01225582 0.02672294)
(0.006587177 -0.005779698 0.0394479)
(-0.003584389 0.0004570125 0.01766525)
(0.013522 0.01523724 0.03307433)
(0.01564607 0.005545061 0.03696577)
(0.01442263 -0.003337538 0.02309423)
(0.01890536 -0.003414734 0.02096024)
(0.01337685 -0.01233443 0.01849867)
(0.0135926 -0.003546495 0.01100113)
(0.01763743 -0.001782672 0.02665606)
(0.01628952 0.0002466454 0.02948681)
(0.01460033 -0.01085733 0.03062734)
(0.01838933 0.002715932 0.02630197)
(0.01706212 -0.005784728 0.02406368)
(0.019158 0.0004235028 0.02933662)
(0.01965824 0.01488313 0.03971859)
(0.02221693 0.005894677 0.02899303)
(0.02252253 0.001833467 0.02970364)
(0.02141181 -0.005958801 0.02299537)
(0.02154654 -0.00319282 0.02590479)
(0.02409867 -0.00898921 0.02060734)
(0.02290077 -0.003221873 0.01758553)
(0.02330783 -0.003393656 0.01449897)
(0.02422453 -0.003186487 0.02300234)
(0.02642882 -0.006589247 0.02757981)
(0.022182 -0.01092029 0.02425345)
(0.02243648 -0.007451563 0.02752105)
(0.02729347 -0.003128224 0.01356823)
(0.02629048 -0.001484883 0.03351251)
(0.02263186 -0.002278476 0.03204359)
(0.02183939 -0.002133641 0.03659437)
(0.02124905 0.003238918 0.04738145)
(0.01888324 -0.01645017 0.04209243)
(0.02336897 -0.01639198 0.07255987)
(0.01982706 -0.005663111 0.04312096)
(0.02453287 0.009268292 0.02662772)
(0.02490878 0.004404713 0.02967851)
(0.02463265 0.00188158 0.03201462)
(0.01313828 -0.002232835 0.02698673)
(0.01593743 0.003815504 0.02645527)
(0.01359952 -0.007745661 0.02297032)
(0.01379596 -0.01717907 0.02634897)
(0.006219056 -0.01117428 0.01871054)
(0.008447763 -0.01310985 0.01493341)
(0.0143538 -0.0176247 0.01891457)
(0.01211715 -0.01058153 0.01303242)
(0.007511755 -0.0051089 0.01326218)
(0.009729353 0.01366571 0.0323419)
(0.003239218 0.008441336 0.03009473)
(-0.01261856 0.01180616 0.06293148)
(0.0070848 0.006671092 0.03820126)
(-0.002893751 0.01541084 0.08174343)
(0.01299715 0.002438185 0.02605331)
(0.01068642 0.01715808 0.0366389)
(0.01360337 0.005165171 0.02626554)
(0.0158216 0.00579222 0.02868447)
(0.01630934 0.003099918 0.03085212)
(0.008948159 -0.003226817 0.0203341)
(-0.00428491 -0.007416309 0.01678959)
(0.01237558 -0.003327808 0.02032375)
(0.01628937 -0.003492573 0.01648193)
(0.0186826 0.005374716 0.02639437)
(0.01920188 0.004005785 0.02950613)
(0.0189791 -0.008438115 0.02090086)
(0.01967601 -0.003047033 0.01686097)
(0.01851525 -0.008905659 0.0249759)
(0.01715 -0.007353855 0.02805565)
(0.01951874 -0.003781862 0.02958876)
(0.01802569 -0.006105957 0.01722313)
(0.01889565 -0.003474544 0.01420798)
(0.02023927 0.0006940346 0.02630771)
(0.01905058 -0.001344735 0.03237152)
(0.01818632 0.009108056 0.02631443)
(0.01906608 0.001903032 0.03338007)
(-0.01524057 0.00028094 0.02945099)
(-0.01081869 -0.008074245 0.02465891)
(-0.01553358 0.001094423 0.02010715)
(-0.003339615 0.008445181 0.02629994)
(-0.004577301 -0.007034058 0.03205755)
(-0.006391883 -0.03731676 0.04183136)
(-0.01520099 -0.02611428 0.05224431)
(-0.0131659 -0.01556349 0.06093836)
(-0.004621366 0.0006595785 0.03966714)
(-0.01372682 -0.001068471 0.07608484)
(0.001718569 -0.01683175 0.02592312)
(-0.0004983783 -0.00677832 0.03774749)
(0.005765043 -0.004133846 0.02392456)
(0.006640906 -0.001721567 0.02743139)
(-0.0009068444 0.01574072 0.0329453)
(0.002071042 0.005423842 0.03784988)
(0.008172305 -0.01244455 0.0313306)
(0.008106467 0.003484707 0.02649634)
(0.009367875 -0.003552254 0.02389375)
(0.009782248 -0.0116447 0.02266897)
(0.00771356 -0.01746986 0.02616963)
(0.006461051 -0.02588427 0.02497801)
(0.003514588 -0.04811012 0.02131036)
(-0.003820381 -0.05729228 0.03230438)
(0.001220073 -0.0428105 0.0498274)
(0.003135236 -0.03762011 0.06278023)
(0.00296163 -0.01545767 0.01746869)
(0.00857455 -0.01719218 0.01941592)
(0.008689196 -0.0004185442 0.0264888)
(0.00988497 -0.000203191 0.02972759)
(0.001313039 -0.005301513 0.01417808)
(0.01258355 0.002778528 0.0295586)
(0.01350387 -0.003035985 0.01766043)
(0.01570398 -0.003789223 0.03034486)
(0.009680184 -0.004085797 0.02942668)
(0.01597693 -0.00927364 0.01934609)
(0.01527445 -0.006603283 0.01352746)
(0.01471386 0.0005595897 0.02631406)
(0.01623315 -0.0004581575 0.03700125)
(0.01502361 0.0008201134 0.04293631)
(0.01293058 -0.01107275 0.03721811)
(0.01229213 -0.006728807 0.04394281)
(0.01259386 -0.001964195 0.03262766)
(0.01437285 0.008562898 0.02698292)
(0.01533587 0.003204805 0.03354041)
(-0.004103353 0.005753278 0.01846419)
(-0.00432257 0.006261162 0.01294324)
(0.003244202 -0.003953628 0.02428842)
(0.002910015 -0.003398321 0.02084063)
(-0.009723361 -0.006990932 0.01782412)
(0.003411821 -0.001837369 0.02668822)
(0.005598921 0.001375092 0.02659303)
(0.006976512 -0.004620285 0.0269177)
(0.002434474 0.001928217 0.02617223)
(0.006511887 0.0143683 0.03816541)
(-0.002944092 0.0144824 0.02638544)
(0.005511345 0.005184637 0.02819339)
(-0.006542139 0.005597338 0.03315112)
(0.006868688 0.002118959 0.02985006)
(-0.003315638 -0.0007133789 0.02078498)
(-0.004624706 0.0003115649 0.01282496)
(-0.009436644 -0.01400731 0.01805045)
(-0.00899583 -0.01027274 0.009715837)
(-0.003401042 -0.006914014 0.01070862)
(0.003372954 -0.01184202 0.01408117)
(0.00621859 -0.006777717 0.0218602)
(0.007302735 -0.003294316 0.01626625)
(0.009240628 0.006263522 0.02699578)
(0.009691002 -0.00700102 0.02055802)
(0.009125635 -0.003938316 0.01814141)
(0.01059782 -0.007907748 0.02735975)
(0.00985991 -0.005053134 0.0148655)
(0.01114925 0.0003054333 0.02609452)
(0.0086936 -0.002808937 0.03390558)
(0.006872536 0.001016865 0.04539621)
(-0.008797554 -0.007285715 0.04040707)
(0.00514218 -0.01126356 0.03669301)
(0.005713421 -0.011878 0.0435667)
(0.007747886 -0.005984787 0.05117632)
(0.008101748 0.01053726 0.02634991)
(0.00965287 0.001727427 0.03283258)
(-0.005367862 -0.001773628 0.02361208)
(-0.01107042 -0.002365 0.0214947)
(-0.01274359 0.007226168 0.02975497)
(-0.01442637 -0.008353745 0.03250066)
(-0.01428038 0.002362056 0.03884049)
(-0.01848691 -0.00564412 0.02441338)
(-0.01693752 -0.01585963 0.02409887)
(-0.01759857 -0.008041884 0.04158809)
(-0.01744202 0.001009249 0.01020901)
(-0.009263721 0.005850975 0.02123812)
(-0.003528267 0.002850558 0.02511612)
(-0.005094611 0.005556846 0.02386431)
(-0.003376314 0.01449167 0.01853091)
(-0.002102974 -0.004335896 0.02110117)
(-0.003379528 -0.000226409 0.02617698)
(-0.003441112 -0.002254831 0.02996532)
(-0.003286133 -0.01476289 0.03709176)
(-0.0009230515 0.002561602 0.02711115)
(0.0006793373 -0.003826806 0.02339863)
(-0.000393871 -0.007361525 0.02429512)
(-0.001331104 -0.01116641 0.02515167)
(0.0001369228 -0.01123922 0.03122364)
(-0.009351485 -0.05525736 0.01941279)
(-0.01265721 -0.05180231 0.03489441)
(-0.01163323 -0.03898752 0.05651116)
(-0.01006603 -0.02767738 0.06173191)
(-0.0001134118 -0.0008380551 0.02781039)
(0.0007213142 -0.004404413 0.02966614)
(0.002569567 0.004795703 0.02679776)
(0.00299864 0.001790085 0.02935927)
(0.003403529 -0.007118998 0.02413968)
(0.003872783 -0.0007280105 0.02902298)
(0.00359564 -0.006741601 0.02125564)
(0.004211037 -0.005466471 0.01792497)
(-0.00408968 0.002996725 0.02108617)
(0.005972101 -0.009544078 0.02215325)
(0.006785944 -0.007931117 0.02731831)
(0.005018834 -0.004153585 0.03057357)
(0.003018215 -0.01029861 0.0240435)
(0.00278366 -0.007523056 0.02782414)
(0.006660744 -0.007029788 0.01838354)
(0.00423505 -0.003782229 0.01409577)
(0.002464676 -0.0002227847 0.03740457)
(-0.001513786 0.004450261 0.04557208)
(-0.001104569 -0.006128085 0.04550401)
(0.006964356 0.008561089 0.02914803)
(0.00649057 0.002973727 0.03436068)
(-0.003592786 0.0006442708 0.02320442)
(-0.00792839 -0.002254905 0.02746896)
(-0.006473702 -2.961477e-05 0.02055412)
(-0.004921957 -0.009229426 0.02186584)
(-0.003323001 -0.001226651 0.01469432)
(-0.009908133 0.002044793 0.02369188)
(-0.01663508 0.005749116 0.02460609)
(-0.01829002 0.008787699 0.03409809)
(-0.01487868 0.0123669 0.02568667)
(-0.01567707 0.007970893 0.01851924)
(-0.01667964 0.01596872 0.01931764)
(-0.0142822 0.006953918 0.01094934)
(-0.007320257 0.004829008 0.02735992)
(-0.003084153 0.008753225 0.02329159)
(-0.003921168 0.01148162 0.02551148)
(-0.005587671 0.01246225 0.03275529)
(-0.003199866 0.0122347 0.0119012)
(-0.003113591 0.005084847 0.02619395)
(-0.003618815 0.007236837 0.02978766)
(-0.00398375 0.007818923 0.03790223)
(-0.01544328 0.01071659 0.07536623)
(-0.003390471 0.007463303 0.02108216)
(-0.004044608 0.002249772 0.02888208)
(-0.003020149 0.002971379 0.0175896)
(-0.01661515 -0.006681844 0.01697198)
(-0.007850995 -0.001571788 0.01766361)
(-0.003048363 -0.01894184 0.01796092)
(-0.003951388 -0.002878327 0.01764026)
(-0.0006634036 0.006091478 0.02771115)
(-0.000125175 -0.008433783 0.02113674)
(-0.0001998512 -0.005581818 0.01747948)
(-0.002398363 -0.01370801 0.02110857)
(-0.001680632 -0.004023873 0.01444719)
(-0.0003495627 -0.002882993 0.033491)
(0.0002570274 0.009435733 0.02791922)
(-0.001099697 0.00241059 0.03204388)
(0.03673247 0.04311558 0.005686818)
(0.04973617 0.03756694 0.008262207)
(0.03315415 0.04555368 0.006564121)
(0.03784089 0.04288485 0.008340488)
(0.04207139 0.04284018 0.00434875)
(0.04598471 0.04336362 0.007352888)
(0.04049457 0.04369029 0.008028118)
(0.04366833 0.04688241 0.006054584)
(0.04110388 0.04916571 0.007129424)
(0.04017727 0.04544887 0.01095748)
(0.04912879 0.04124149 0.007061619)
(0.05022864 0.04131068 0.01151801)
(0.05315085 0.05108117 0.01044184)
(0.04702953 0.04122069 0.01116788)
(0.0356424 0.04297359 0.008162905)
(0.03758993 0.04596441 0.0068994)
(0.03743636 0.04340916 0.01083734)
(0.02474259 0.04338178 0.006040879)
(0.02837408 0.04464421 0.005093242)
(0.0320362 0.04363671 0.004576919)
(0.03204285 0.04282292 0.007139699)
(0.02941271 0.0430555 0.007057058)
(0.03280859 0.04362748 0.0107877)
(0.03778141 0.05050131 0.006106562)
(0.03928777 0.05729942 0.009742634)
(0.03233756 0.05781912 0.01050469)
(0.02196027 0.04276477 0.004886809)
(0.02526687 0.04328347 0.008958016)
(0.02847619 0.04594814 0.008138543)
(0.02895632 0.04387283 0.01171067)
(0.03310877 0.05091196 0.00704207)
(0.02189813 0.04320593 0.01016891)
(0.02465336 0.04611593 0.007942584)
(0.02380288 0.04352164 0.01249517)
(0.01462715 0.04351891 0.005167683)
(0.01714854 0.04257949 0.00441501)
(0.01896757 0.04284856 0.006625492)
(0.02113255 0.04581377 0.007507237)
(0.02519116 0.05036123 0.005896441)
(0.02403679 0.0503059 0.0100762)
(0.02639844 0.0466731 0.01118679)
(0.013038 0.04271953 0.00494086)
(0.01596423 0.04363856 0.007144485)
(0.0137079 0.04301989 0.009027667)
(0.01472591 0.04328104 0.01120568)
(0.01792807 0.04616499 0.00680958)
(0.01879729 0.04347367 0.01041096)
(0.0177208 0.05060201 0.007616596)
(0.005606019 0.04397916 0.004914031)
(0.01074374 0.04448726 0.005357573)
(0.008818056 0.042922 0.007825332)
(0.01268837 0.04579027 0.007384324)
(0.01459139 0.05528502 0.01077934)
(0.01530958 0.04610391 0.01078085)
(0.003335484 0.04285351 0.004802017)
(0.006438372 0.04383264 0.007972909)
(0.003957661 0.0431412 0.008523957)
(0.005538079 0.04438193 0.01128182)
(0.008565092 0.04314003 0.0113091)
(0.0107739 0.04237658 0.005583626)
(0.008046213 0.04824942 0.007049304)
(0.01126715 0.04901099 0.0106463)
(0.009471036 0.04585052 0.01141532)
(-0.003422779 0.03708919 0.005513812)
(-0.003984833 0.03450259 0.005073711)
(-0.003654128 0.03954608 0.009028601)
(8.320175e-05 0.04407179 0.00812684)
(0.00348661 0.04583944 0.007318157)
(0.002418783 0.04318254 0.01043732)
(0.004951744 0.04261747 0.006009664)
(-0.005413981 0.03671619 0.007336521)
(-0.003797688 0.03995418 0.005869281)
(-0.007410179 0.03964817 0.006610524)
(-0.0031621 0.04335227 0.006781662)
(-0.003982848 0.04150398 0.0118224)
(-0.004001001 0.02971041 0.005170548)
(-0.005059592 0.03313095 0.008015841)
(-0.003183758 0.03371005 0.01124694)
(-0.004123283 0.03689595 0.01159473)
(-0.01137617 0.04066833 0.00681566)
(-0.01027398 0.04139004 0.01092978)
(-0.01708765 0.04678113 0.009829437)
(-0.006737001 0.04336234 0.007996807)
(-0.006667662 0.03973409 0.01047512)
(-0.003977918 0.04703226 0.006265883)
(-0.0004084525 0.04574767 0.005749102)
(-0.0004712887 0.04392017 0.0114431)
(0.001103867 0.04253177 0.004403218)
(-0.000194595 0.04997299 0.007165497)
(0.0007181847 0.05556628 0.01050532)
(-0.008978919 0.06024644 0.01059709)
(0.0005350868 0.04721486 0.01070957)
(0.03850941 -0.0040046 0.005535172)
(0.04572084 0.0003632094 0.007560732)
(0.03471743 -0.003107227 0.004926736)
(0.03823808 -0.002789816 0.008021932)
(0.0420473 -0.003029207 0.004568709)
(0.04514713 -0.00330991 0.007407319)
(0.03996408 -0.005208798 0.007954882)
(0.04355245 -0.006706373 0.0073276)
(0.04216275 -0.00391681 0.01078626)
(0.04910379 -0.001547221 0.006992498)
(0.05003586 -0.002642516 0.01255852)
(0.05426036 -0.01215885 0.009692326)
(0.04642763 -0.001532633 0.0104866)
(0.03342306 -0.002499585 0.008077507)
(0.0373058 -0.006154567 0.007280089)
(0.02448802 -0.004686099 0.005241067)
(0.02756944 -0.004791685 0.005052605)
(0.03294266 -0.002824513 0.005939699)
(0.03118899 -0.003124326 0.008346456)
(0.02849088 -0.002308356 0.008120418)
(0.03367142 -0.006000807 0.006993704)
(0.03312184 -0.003346118 0.01098471)
(0.03698444 -0.002423538 0.005555394)
(0.03966904 -0.01019626 0.007322301)
(0.04051106 -0.02220832 0.01010872)
(0.03377989 -0.01960173 0.01066254)
(0.03562029 -0.007910592 0.01100602)
(0.03763614 -0.00326745 0.01551765)
(0.02139615 -0.003566289 0.006041638)
(0.02551633 -0.003582221 0.008715328)
(0.02876995 -0.006205686 0.007629774)
(0.02938742 -0.002848779 0.006575737)
(0.03292306 -0.01127044 0.007115341)
(0.02316077 -0.00241577 0.008021812)
(0.02558709 -0.00656861 0.006586769)
(0.02743379 -0.003093323 0.01065395)
(0.01508799 -0.002412328 0.004582871)
(0.01770425 -0.004040257 0.006172076)
(0.01841643 -0.002664593 0.0080831)
(0.02269895 -0.005986206 0.007983579)
(0.02362645 -0.003377352 0.01117505)
(0.02426922 -0.002507777 0.006539291)
(0.02546927 -0.01042932 0.00707264)
(0.02327555 -0.009676276 0.01196195)
(0.02592042 -0.006600579 0.01018951)
(0.01268214 -0.002917788 0.005671421)
(0.0158854 -0.002699791 0.008226189)
(0.01353888 -0.002713456 0.007893072)
(0.0155467 -0.005355048 0.007366799)
(0.01647916 -0.004287139 0.01060885)
(0.01916343 -0.005870947 0.007352683)
(0.01887973 -0.003503965 0.01119839)
(0.01883712 -0.002753955 0.006114804)
(0.01981319 -0.01131407 0.006777844)
(0.01914314 -0.008406656 0.01052317)
(0.006073771 -0.003165026 0.005037959)
(0.007617948 -0.004822316 0.004807612)
(0.01085755 -0.00265125 0.007157319)
(0.01258635 -0.005732936 0.006989706)
(0.01442104 -0.002815186 0.006652015)
(0.01547086 -0.009966952 0.00912106)
(0.01448686 -0.01752857 0.01176046)
(0.003118274 -0.002735308 0.005858169)
(0.007693913 -0.002943013 0.007182864)
(0.003642681 -0.002870607 0.007800648)
(0.006003064 -0.006176638 0.006563883)
(0.00589439 -0.004420736 0.01050227)
(0.009324348 -0.006191857 0.007611206)
(0.008981554 -0.003282343 0.01057714)
(0.009855604 -0.01105831 0.007030322)
(0.007750019 -0.01688887 0.01022366)
(0.01115449 -0.006851281 0.01105597)
(-0.003907457 0.001276667 0.004968251)
(-0.003106783 0.006620938 0.004817598)
(-0.003160876 -0.0002616204 0.007985644)
(-0.001659521 -0.003374047 0.008772428)
(0.002980374 -0.006222545 0.007379997)
(0.002765312 -0.005900087 0.01153055)
(-0.005471594 0.00194875 0.007554884)
(0.00519645 -0.002552495 0.006302432)
(-0.002970994 -0.0005587869 0.005226306)
(-0.005987372 -0.001792658 0.006298752)
(-0.003237699 -0.003973881 0.006259973)
(-0.003835043 -0.00246868 0.0111877)
(-0.002871643 0.009257276 0.004704374)
(-0.004473377 0.005790367 0.007101723)
(-0.002918184 0.004151496 0.01183431)
(-0.003772573 0.001908934 0.01164963)
(-0.01061091 -0.002169519 0.00812356)
(-0.01777984 -0.006352066 0.008400349)
(-0.01793753 -0.01320018 0.01090946)
(-0.006622056 -0.005080627 0.007917816)
(-0.006598635 -0.0003638952 0.01055517)
(-0.004657305 -0.008207201 0.006606001)
(-0.0004043682 -0.006350441 0.007549174)
(-0.0005120446 -0.004661227 0.01146803)
(0.0008161404 -0.003282014 0.007333593)
(-0.001011396 -0.01127705 0.008797937)
(0.00185324 -0.0164164 0.009527165)
(-0.005440497 -0.01870683 0.009898044)
(0.0009474533 -0.008081444 0.009836882)
(0.03935349 0.008415077 0.02641563)
(0.0459647 0.008681963 0.02275565)
(0.04783318 0.004767876 0.02688423)
(0.05095051 0.005208204 0.01939136)
(0.04641827 0.005414747 0.0176954)
(0.05793897 0.01912253 0.02404168)
(0.04617998 0.02114107 0.03890839)
(0.04142418 0.01833472 0.03810308)
(0.04280169 0.01300115 0.02784272)
(0.05279246 0.01310764 0.03250433)
(0.04123407 0.009662336 0.02935384)
(0.03846759 0.0130667 0.02572411)
(0.0540121 0.0121871 0.01206572)
(0.04207599 0.006480981 0.03251375)
(0.04032539 0.005878975 0.0368634)
(0.05568255 0.00664753 0.04001056)
(0.03971793 0.01080422 0.04402301)
(0.03757443 0.006298081 0.03257013)
(0.04543821 0.01189154 0.02379176)
(0.04909812 0.01182381 0.02238806)
(0.05892407 0.01234335 0.02390372)
(0.05969538 0.01826406 0.01842792)
(0.04735477 0.008558387 0.02652737)
(0.04441436 0.007870349 0.02933169)
(0.04989499 0.008837333 0.01972618)
(0.04596352 0.01047541 0.01825476)
(0.04236028 0.01766326 0.02696013)
(0.03441397 0.02146286 0.0369344)
(0.03352225 0.01321589 0.02626231)
(0.03861556 0.0152241 0.02604408)
(0.0383724 0.01224972 0.02863039)
(0.0390343 0.009149266 0.0321224)
(0.04593693 0.0148726 0.0230907)
(0.0477783 0.01209017 0.02778716)
(0.04468654 0.01526447 0.02636233)
(0.04444206 0.01158711 0.03051755)
(0.0404535 0.01862744 0.02980506)
(0.0537125 0.01951006 0.02947165)
(0.03948304 0.01548086 0.02911113)
(0.0337525 0.0162939 0.02655064)
(0.03825502 0.017995 0.02630371)
(0.05095001 0.02215278 0.01391791)
(0.03969842 0.01099771 0.02591536)
(0.05746094 0.01540202 0.03971414)
(0.04948207 0.01356965 0.04345776)
(0.03070664 0.013904 0.02635818)
(0.04623142 0.01799939 0.02454037)
(0.04895905 0.01607744 0.02803049)
(0.04478769 0.01629375 0.0298298)
(0.04914933 0.01698309 0.02069346)
(0.04544414 0.01795895 0.02114802)
(0.04602126 0.01610419 0.01756811)
(0.04167402 0.02137281 0.02703353)
(0.02182832 0.02118515 0.03687934)
(0.03867465 0.02158257 0.02737711)
(0.03676448 0.01810971 0.02890736)
(0.04088216 0.01415665 0.02605998)
(0.04289282 0.0148603 0.03298469)
(0.03789127 0.01536933 0.03298027)
(0.04603332 0.0209141 0.02242382)
(0.04727112 0.01965797 0.0275034)
(0.04478729 0.02147292 0.02611478)
(0.04881519 0.02313377 0.0237697)
(0.0536424 0.0256052 0.03112613)
(0.05390607 0.02679535 0.01146356)
(0.04548165 0.02465559 0.02451226)
(0.04220387 0.02448435 0.02666642)
(0.04452 0.02620269 0.03020565)
(0.04413489 0.02170659 0.03010526)
(0.03386637 0.02121523 0.02589458)
(0.03797507 0.02441369 0.0267228)
(0.03999561 0.01957403 0.02587151)
(0.04256408 0.01873478 0.03290047)
(0.05256985 0.02047695 0.03786549)
(0.0470346 0.01999316 0.04736537)
(0.03716931 0.01778623 0.04699883)
(0.02918333 0.01739027 0.02644533)
(0.03774261 0.01924066 0.03346652)
(0.04076015 0.02172086 0.03201328)
(0.03494887 0.02505658 0.02927489)
(0.03906789 0.02750169 0.02613617)
(0.04578355 0.02389212 0.02108392)
(0.04516752 0.0273302 0.02279268)
(0.04820189 0.02402055 0.02806101)
(0.04523542 0.02773165 0.02619932)
(0.05068456 0.02540573 0.02067322)
(0.04786297 0.02736435 0.02040068)
(0.04692521 0.02483972 0.01748796)
(0.03927047 0.03127023 0.02626529)
(0.03772754 0.0275128 0.02889831)
(0.04148005 0.02483383 0.03263514)
(0.05377533 0.02669936 0.04040249)
(0.04838634 0.02966912 0.04763275)
(0.04057312 0.02430109 0.04333237)
(0.02979407 0.0243955 0.02690267)
(0.03810802 0.02362183 0.03176276)
(0.04852573 0.02688459 0.02393427)
(0.04622543 0.03067155 0.02262822)
(0.04885759 0.02887111 0.02837883)
(0.04451143 0.03125433 0.0263313)
(0.04530873 0.03010992 0.03020813)
(0.04662945 0.02957931 0.01763913)
(0.03719443 0.03068968 0.02949586)
(0.04265057 0.02926012 0.0335834)
(0.03257375 0.02757985 0.02634617)
(0.03812652 0.02748558 0.03282706)
(0.04757214 0.03388529 0.02763099)
(0.0504922 0.03036658 0.02097633)
(0.0387358 0.03423959 0.02930817)
(0.03761019 0.03079704 0.04471815)
(0.0366813 0.03129201 0.03348645)
(0.03754239 0.002814963 0.03186417)
(0.02793629 0.01103594 0.02644862)
(0.03113634 0.02123102 0.02716274)
(0.03457109 0.02148269 0.02823495)
(0.03675331 0.02038327 0.02585518)
(0.02830817 0.02058291 0.02629477)
(0.02912483 0.02184721 0.02967503)
(0.03539471 0.02156765 0.03128206)
(0.03083095 0.01774816 0.04366799)
(0.03707784 0.03315806 0.02610563)
(0.03963959 0.03404147 0.03331898)
(0.03482784 0.03433203 0.03264609)
(0.03089061 0.03102055 0.04314537)
(0.03706649 0.03626475 0.02605911)
(0.03461477 0.004546677 0.0351092)
(0.03576841 0.00773831 0.02642679)
(0.03517978 0.008255441 0.0319993)
(0.03119006 0.01202846 0.02890758)
(0.03620585 0.01103319 0.02636281)
(0.03627594 0.01140817 0.03165668)
(0.03300607 0.01273245 0.04384569)
(0.03145231 0.01517577 0.03013003)
(0.03620107 0.01458479 0.02629504)
(0.03403204 0.01379824 0.03387506)
(0.03507268 0.01819139 0.02608435)
(0.03375487 0.01746172 0.03378245)
(0.03159322 0.02463088 0.02889224)
(0.0357302 0.02336488 0.02586891)
(0.0350969 0.02494981 0.0333092)
(0.02782975 0.02768156 0.02650344)
(0.03592158 0.02733607 0.02636596)
(0.02809319 0.005558491 0.02891378)
(0.03026729 0.005217423 0.03249451)
(0.02833065 0.009117063 0.030268)
(0.03252456 0.007850366 0.02602754)
(0.03198109 0.008131474 0.03305193)
(0.02508373 0.01178577 0.02792293)
(0.03269555 0.01057034 0.02623518)
(0.03225981 0.01135172 0.03207221)
(0.02363421 0.01414296 0.02614373)
(0.03055205 0.01563203 0.03368399)
(0.02604542 0.01811326 0.02634694)
(0.02872643 0.01807401 0.02965068)
(0.02580617 0.0213654 0.02612495)
(0.03215541 0.01880013 0.02610625)
(0.03129697 0.01936389 0.03238452)
(0.0253754 0.02456643 0.02700957)
(0.02783007 0.02461682 0.02912664)
(0.03254764 0.02406744 0.02610566)
(0.03182253 0.02353558 0.03183084)
(0.02384037 0.02944721 0.02628)
(0.02890824 0.02737212 0.03409172)
(0.02904642 0.03524747 0.02930689)
(0.03159194 0.03093849 0.03288661)
(0.03149032 0.03508289 0.03474698)
(0.02773461 0.002777962 0.03170534)
(0.02768306 0.005068876 0.02598232)
(0.02637826 0.00671175 0.04084771)
(0.0223026 0.008078477 0.02621384)
(0.02519267 0.008303287 0.02912357)
(0.02256237 0.0115496 0.02641342)
(0.02216479 0.00959376 0.02891663)
(0.0275937 0.007959136 0.0261151)
(0.02813216 0.009242347 0.03349716)
(0.02415822 0.007961887 0.03255132)
(0.02933128 0.01255958 0.03194357)
(0.02713623 0.01322552 0.04156585)
(0.01861529 0.01194426 0.02597115)
(0.02612873 0.01491374 0.02897353)
(0.02578281 0.01220464 0.03204615)
(0.02758379 0.01403997 0.02607614)
(0.02719888 0.0155452 0.03246268)
(0.01975194 0.01458319 0.02619157)
(0.0225898 0.01717087 0.02729171)
(0.01343571 0.02056447 0.03723198)
(0.02272443 0.01370919 0.02896556)
(0.02515889 0.0176196 0.02937599)
(0.02263604 0.02181987 0.02811079)
(0.02611617 0.02121718 0.02929487)
(0.02872458 0.01815339 0.03661514)
(0.0253708 0.01943852 0.04131308)
(0.01838646 0.01762825 0.02656561)
(0.02407992 0.01877564 0.03224404)
(0.02310319 0.024881 0.02630014)
(0.02158672 0.02494594 0.02864468)
(0.02458413 0.02484877 0.03036137)
(0.0276024 0.02394482 0.0260364)
(0.02759755 0.02346583 0.03225473)
(0.0286188 0.02404722 0.03763957)
(0.02452679 0.02586364 0.0439237)
(0.01805797 0.02529863 0.02615493)
(0.02517908 0.02770956 0.02898874)
(0.02484534 0.02519268 0.03408073)
(0.01853791 0.02791126 0.0259143)
(0.02247683 0.02738126 0.02943564)
(0.02419562 0.02946437 0.03268647)
(0.02795264 0.03197693 0.02601652)
(0.02823855 0.03129777 0.03683323)
(0.02339407 0.03210847 0.04314308)
(0.02223153 0.03122108 0.02953217)
(0.02880834 0.03455993 0.03239579)
(0.01941442 0.02112913 0.02608615)
(0.02347402 0.01992714 0.02592854)
(0.02600522 0.02134403 0.03428677)
(0.01627284 0.02123898 0.02586464)
(0.01610866 0.02183302 0.02923071)
(0.00779393 0.02002336 0.0385634)
(0.02310065 0.02198267 0.03233357)
(0.02008563 0.02023257 0.0440168)
(0.01704441 0.02671896 0.04257796)
(0.02573259 0.03377987 0.03336456)
(0.02265975 0.03406712 0.03199426)
(0.02236969 0.000587905 0.03357434)
(0.02108458 0.00405877 0.02621884)
(0.02245368 0.004364832 0.03233654)
(0.02029552 0.008362068 0.04190154)
(0.01897657 0.008189672 0.02980976)
(0.01857805 0.005423213 0.0332456)
(0.01591371 0.01275735 0.02644484)
(0.01463732 0.01179275 0.02931497)
(0.01570799 0.008970283 0.0297849)
(0.01913908 0.01185705 0.02877838)
(0.02053903 0.01020841 0.02598771)
(0.02224773 0.01128046 0.03166316)
(0.0241414 0.01133169 0.03635796)
(0.01576579 0.01536709 0.0266756)
(0.01789306 0.01293891 0.03302969)
(0.02281117 0.01518652 0.03264172)
(0.01405473 0.0174416 0.02638837)
(0.01661719 0.01553926 0.02949761)
(0.01923685 0.01937267 0.02869217)
(0.02092119 0.01838049 0.02583432)
(0.01624329 0.01865745 0.02906834)
(0.01975148 0.01772406 0.03239898)
(0.01550869 0.02550528 0.02800723)
(0.0189451 0.02384377 0.02879738)
(0.02069124 0.02386224 0.02607758)
(0.01352883 0.02412372 0.02586821)
(0.01608435 0.02817803 0.0263986)
(0.01916834 0.02753502 0.02901869)
(0.01829212 0.02442739 0.03265071)
(0.02080164 0.02681183 0.02618572)
(0.01820491 0.03116633 0.02882872)
(0.01912151 0.02827318 0.03298475)
(0.02079931 0.03174171 0.02636377)
(0.02126468 0.03560696 0.02603516)
(0.02328782 0.03724845 0.03321488)
(0.0135826 0.02131939 0.02658888)
(0.01888071 0.02111554 0.03203415)
(0.01284145 0.006378592 0.02893354)
(0.01552418 0.006079495 0.03182279)
(0.01340874 0.008048824 0.04326611)
(0.01132077 0.008921869 0.02948638)
(0.01670448 0.007097045 0.02612919)
(0.01621122 0.008920409 0.03352443)
(0.009783785 0.01252769 0.02833662)
(0.01517551 0.01162554 0.03700954)
(0.01053171 0.01509364 0.0421379)
(0.00955839 0.01673193 0.02646259)
(0.01246762 0.01471288 0.02913784)
(-0.002739431 0.0215452 0.04055271)
(0.00969669 0.01828686 0.0295722)
(0.01320558 0.01808804 0.0296607)
(0.007921641 0.02289129 0.02620032)
(0.01213005 0.021247 0.0301835)
(0.01633233 0.01918184 0.02613215)
(0.01631147 0.01818002 0.03624095)
(0.01402871 0.02064954 0.04172787)
(0.01501387 0.02231557 0.03245041)
(0.009519998 0.02440636 0.0286706)
(0.01288571 0.02447194 0.02914922)
(0.01673992 0.02334033 0.02611771)
(0.00914822 0.02863377 0.02636869)
(0.01312611 0.02815324 0.02985998)
(0.01523732 0.02912622 0.03317433)
(0.0130355 0.03326101 0.02954967)
(0.01526565 0.03294427 0.04356183)
(0.01605306 0.03308069 0.03259531)
(0.01261202 0.001994627 0.03480838)
(0.01124645 0.004796428 0.02602487)
(0.01228112 0.005242486 0.03238442)
(0.009871433 0.005295245 0.03523482)
(0.006950282 0.009501134 0.04493411)
(0.003070595 0.00793943 0.02618326)
(0.003804955 0.01099917 0.02662729)
(0.01250717 0.007917617 0.02598792)
(0.01225212 0.008177323 0.03389347)
(0.007756621 0.009763408 0.03298856)
(0.01245096 0.01105999 0.02626941)
(0.01278833 0.01126789 0.03229445)
(0.002642797 0.01351337 0.02960593)
(0.007054611 0.01388799 0.02628233)
(0.006199067 0.01199355 0.029849)
(0.007428488 0.01559674 0.02954994)
(0.01029255 0.01077887 0.03712732)
(0.01281616 0.01403208 0.02599631)
(0.004218642 0.01707464 0.0265335)
(0.007032676 0.01879537 0.02661556)
(0.005667497 0.02148601 0.02633986)
(0.009497261 0.02079432 0.02828123)
(0.01203521 0.01882889 0.02616832)
(0.01259247 0.02003965 0.03384787)
(0.003052624 0.01787532 0.02957784)
(-0.005777455 0.0183561 0.03189264)
(0.01013785 0.01738584 0.03232035)
(0.007241441 0.01829693 0.04714028)
(0.004143064 0.02451272 0.02620352)
(0.01103341 0.02350623 0.02625181)
(0.01160177 0.02441442 0.03268799)
(0.003276513 0.02445249 0.02900676)
(0.007071429 0.02622882 0.02613477)
(0.006213123 0.02467099 0.03000415)
(0.009311389 0.02763755 0.03024166)
(0.01050447 0.02342824 0.03721763)
(0.009471465 0.0256244 0.0447067)
(0.01241731 0.02745001 0.02627215)
(0.01267889 0.02739467 0.03426946)
(0.003085131 0.02758889 0.02630568)
(0.005099668 0.02809596 0.0293881)
(0.009435232 0.02712829 0.0344254)
(0.01116671 0.03153236 0.02600608)
(0.01190912 0.0308846 0.03247709)
(0.00369394 0.03075977 0.02714747)
(0.009588422 0.02999607 0.03611729)
(0.007160517 0.03334785 0.04398923)
(0.01230929 0.03699029 0.03420666)
(-0.0043434 0.01821263 0.02390311)
(-0.01498744 0.02045448 0.02628629)
(-0.01072585 0.01990726 0.02099298)
(-0.003969066 0.02180716 0.01364138)
(0.003436575 0.02089405 0.02652165)
(0.005906586 0.02116937 0.0295491)
(0.009928956 0.02054323 0.02592221)
(0.008857963 0.02121219 0.0325585)
(0.009157043 0.03435824 0.03372941)
(0.005585067 0.006194003 0.03289465)
(0.007073602 0.007830015 0.02599313)
(-3.228158e-05 0.01230261 0.02678313)
(-0.003993949 0.01196567 0.02156401)
(-0.003190929 0.01465282 0.02341433)
(0.000242668 0.01639032 0.02688713)
(-0.003578942 0.01645347 0.02065482)
(0.006456777 0.01446963 0.03333995)
(0.0004680516 0.02064688 0.02672777)
(0.001684033 0.02134819 0.02978885)
(0.006828724 0.01786288 0.03503202)
(0.004487559 0.02074572 0.03363351)
(-0.00373131 0.02401166 0.02478111)
(-0.0001016104 0.02450928 0.02838964)
(-0.004127385 0.02489527 0.02003014)
(0.006933114 0.02402494 0.03451509)
(-0.003477737 0.0281516 0.01972566)
(0.00625991 0.02775632 0.03371479)
(0.003217638 0.03423069 0.02959942)
(-0.005548754 0.03122339 0.02051166)
(-0.00340921 0.02037821 0.02082597)
(0.04620508 0.02068744 0.01767764)
(0.04836985 0.03754888 0.01724153)
(0.04599754 0.03470211 0.007476795)
(0.04588662 0.03525332 0.0113009)
(0.04319402 0.04383229 0.006286602)
(0.05161036 0.04514993 0.007414802)
(0.04781967 0.04750392 0.008581619)
(0.04835337 0.04414153 0.01048763)
(0.04632919 0.05143351 0.006762025)
(0.04368625 0.04976208 0.01080854)
(0.04565651 0.05732816 0.01054845)
(0.04351117 0.04613477 0.009521502)
(0.04611963 0.04097746 0.01482645)
(0.04527678 0.03817117 0.01352417)
(0.04233302 0.04323537 0.01012444)
(0.05172061 0.04500345 0.01233995)
(0.04717588 0.04411212 0.01439193)
(0.04172044 0.04680476 0.01420251)
(0.050889 0.04144823 0.01579667)
(0.04898964 0.03777364 0.01302036)
(0.04618854 0.03447285 0.01517861)
(0.03666468 0.04610946 0.0139879)
(0.04718226 0.04791802 0.01408191)
(0.04390292 0.04605035 0.01749486)
(0.04115597 0.04330853 0.01675687)
(0.04276031 0.05072606 0.01676296)
(0.03533757 0.0468871 0.01021977)
(0.03689408 0.04304535 0.01343802)
(0.03726966 0.04908754 0.01732497)
(0.03599112 0.04284097 0.01634714)
(0.03674781 0.04285919 0.01990577)
(0.02950235 0.05071042 0.01048562)
(0.02765293 0.04597256 0.01397493)
(0.02983679 0.04650196 0.01573263)
(0.0272187 0.04278868 0.00657322)
(0.02829823 0.04931994 0.007059012)
(0.02747385 0.04289716 0.01027645)
(0.02172428 0.04717625 0.01099269)
(0.0278884 0.05042519 0.01415876)
(0.02132411 0.04663613 0.01604389)
(0.02945918 0.04980584 0.0176014)
(0.02438096 0.05013194 0.018219)
(0.02755821 0.04977563 0.02138486)
(0.02160708 0.05014004 0.006325522)
(0.0179743 0.04614588 0.01422258)
(0.02102547 0.0426854 0.01330965)
(0.02329028 0.05067357 0.01421375)
(0.01538331 0.04759526 0.01483953)
(0.01859031 0.04975952 0.01238747)
(0.01922642 0.0493855 0.01758979)
(0.02133312 0.04270596 0.01912073)
(0.01643188 0.042966 0.009861184)
(0.01257363 0.04625746 0.01367374)
(0.01651499 0.04314973 0.01250483)
(0.01532524 0.05092239 0.0162716)
(0.01325337 0.0463569 0.01764445)
(0.01151569 0.04282989 0.007408394)
(0.01251215 0.05072784 0.006853996)
(0.01098669 0.04295586 0.01001158)
(0.01189053 0.04312365 0.01337621)
(0.01123046 0.04986369 0.01451532)
(0.006806131 0.04728451 0.01438865)
(0.01249215 0.04943384 0.01886863)
(0.009426959 0.04898605 0.01788076)
(0.003283786 0.04626231 0.01101107)
(0.005245086 0.0495437 0.01106661)
(0.002986706 0.04719012 0.01469114)
(-0.003231135 0.03590582 0.01574427)
(0.007114909 0.04283223 0.01348702)
(0.007616268 0.05102805 0.01557743)
(0.002829401 0.04281386 0.007216217)
(0.003867186 0.0507456 0.006479869)
(-0.003016708 0.04580911 0.009858689)
(-0.004728458 0.03404844 0.01467871)
(0.0019415 0.04289342 0.01335061)
(0.003549581 0.05119332 0.01561835)
(-0.007608241 0.0430925 0.01422651)
(-0.001016918 0.05033503 0.01492061)
(-0.01189146 0.04073748 0.0153874)
(-0.003182136 0.0332188 0.01754193)
(0.002198808 0.04321442 0.01678068)
(0.003272273 0.003593748 0.03203298)
(-0.005752049 0.006694343 0.02129099)
(0.000266212 0.006489633 0.03234177)
(-0.006500884 0.008881033 0.02357888)
(-0.01107516 0.008319887 0.02495145)
(-0.007307235 0.01264592 0.02443441)
(-0.01231365 0.01632853 0.03274371)
(-0.008637285 0.01527685 0.0114061)
(-0.007996621 0.01026019 0.02867148)
(-0.006365623 0.009398957 0.01925176)
(-0.002574805 0.01200605 0.02956002)
(-0.004765072 0.01517923 0.03776589)
(-0.00326021 0.008775921 0.01719146)
(0.003486499 0.008651745 0.03436574)
(-0.0007747868 0.01041923 0.03334934)
(-0.00422104 0.01191579 0.01734406)
(-0.003343653 0.01093486 0.01457234)
(0.003353451 0.01198442 0.03291988)
(0.0002487406 0.01316744 0.04381792)
(-0.0004167568 0.01498428 0.02926629)
(-0.006345214 0.01580841 0.02369117)
(-0.006787492 0.01452781 0.01928835)
(0.002946247 0.0139912 0.02600925)
(0.003243239 0.01663753 0.03412119)
(-0.006334243 0.01463824 0.02832021)
(-0.003609251 0.01802531 0.02677669)
(-0.003058491 0.0161013 0.02955664)
(-0.01413764 0.02320225 0.07454229)
(-0.0004170957 0.01819546 0.02930977)
(-0.00801959 0.01885105 0.02546475)
(-0.01480718 0.01996802 0.0120881)
(-0.005834176 0.01834533 0.02139642)
(-0.00332061 0.0176307 0.01755052)
(-0.0033448 0.01871013 0.01425804)
(-0.002541072 0.02188783 0.02688437)
(-0.006110985 0.02138761 0.02153954)
(-0.003683521 0.02170714 0.0170182)
(0.002456775 0.01845199 0.02583853)
(0.0024927 0.01796034 0.03916547)
(-0.0002434044 0.02063534 0.047431)
(-0.006581358 0.02494165 0.02394384)
(-0.01530938 0.02477107 0.01840545)
(-0.01636435 0.02495572 0.008007118)
(-0.01062066 0.02710168 0.01101752)
(-0.003142429 0.02507531 0.03011445)
(-0.005582628 0.02790743 0.03854439)
(0.00209961 0.02364208 0.02616654)
(0.002555877 0.02350412 0.03222575)
(-0.007185948 0.02286436 0.02828886)
(0.0006914417 0.02813733 0.02963923)
(-0.0005452884 0.02610194 0.03334483)
(-0.006647863 0.02771917 0.02126752)
(0.003263077 0.02691973 0.03247724)
(-0.006591395 0.0282769 0.02785984)
(-0.002531553 0.02991084 0.02667745)
(-0.003151357 0.02907063 0.0301652)
(0.0004361202 0.03141133 0.02901359)
(-0.003994497 0.03043829 0.01689005)
(-0.005304451 0.03473977 0.02151446)
(0.002549277 0.03255199 0.02602865)
(0.003533968 0.02982186 0.03673734)
(-0.005743463 0.03267225 0.02790574)
(-0.001056754 0.03048503 0.03355178)
(0.002752765 0.03607243 0.02614618)
(0.04954953 0.002187203 0.00710797)
(0.0503994 0.00551204 0.006016731)
(0.04768382 0.006338011 0.00722017)
(0.04571843 0.002041617 0.01122228)
(0.04135476 -0.003220902 0.00799926)
(0.05092218 -0.005262955 0.00829658)
(0.04799386 -0.008553381 0.008062542)
(0.04434271 -0.01174605 0.006151788)
(0.0441594 -0.00984936 0.01051087)
(0.0442166 -0.006760485 0.01297354)
(0.04023062 -0.006961162 0.0106672)
(0.0457871 -0.0004316636 0.01429976)
(0.04919315 0.001185615 0.009957598)
(0.04792273 0.007281265 0.0108397)
(0.04551006 0.003799817 0.01440066)
(0.04978903 0.001070554 0.01341427)
(0.03783708 -0.00650448 0.01359314)
(0.049005 -0.007903683 0.01347592)
(0.04632091 -0.003271601 0.01694263)
(0.04486389 -0.01068354 0.01633093)
(0.04319029 -0.005746318 0.01671243)
(0.04067565 -0.009476934 0.01352172)
(0.04899975 -0.001027191 0.0162996)
(0.04924442 0.002389484 0.01681496)
(0.03755599 -0.006531296 0.01740169)
(0.0408968 -0.002872815 0.01630442)
(0.05063797 -0.004085148 0.01686868)
(0.04747694 -0.007426066 0.01742305)
(0.04567717 0.009541186 0.00699095)
(0.04824461 0.01131143 0.007256117)
(0.05026263 0.01109453 0.01096525)
(0.06060112 0.01339263 0.01132929)
(0.04798703 0.01677906 0.006423373)
(0.04674889 0.01199405 0.01210605)
(0.04588012 0.01605964 0.0110622)
(0.04970565 0.02179627 0.006188759)
(0.05116136 0.01851467 0.00731683)
(0.04917023 0.01782012 0.01147316)
(0.05968656 0.0204164 0.01302781)
(0.04656337 0.02463449 0.01041139)
(0.04700865 0.02649814 0.005043202)
(0.04934766 0.024662 0.005893865)
(0.05005436 0.02251189 0.009293986)
(0.0597692 0.02695105 0.01151131)
(0.0469422 0.0277465 0.009143953)
(0.05009832 0.0273688 0.007505797)
(0.04693144 0.03111309 0.00987588)
(0.04545674 0.02795951 0.01123012)
(0.05002311 0.03132813 0.006708725)
(0.03581249 -0.003196179 0.00974899)
(0.03432265 -0.006753703 0.01448821)
(0.03724992 -0.003258513 0.01308618)
(0.03761722 -0.009961265 0.01533594)
(0.03406965 -0.01041269 0.01646761)
(0.03768915 -0.009373103 0.0200869)
(0.03559277 -0.00304745 0.007264033)
(0.02998122 -0.009125136 0.01153623)
(0.03233871 -0.002782683 0.01351363)
(0.02864714 -0.009556337 0.01610315)
(0.03265468 -0.002932045 0.01668108)
(0.02684736 -0.003177153 0.006870303)
(0.02190219 -0.005944273 0.01137812)
(0.02619455 -0.00609389 0.01379751)
(0.0216215 -0.006156845 0.01524998)
(0.02318624 -0.01039678 0.0166668)
(0.02746269 -0.003070316 0.0167342)
(0.020848 -0.002748814 0.007717919)
(0.02106793 -0.002982776 0.01000734)
(0.01854498 -0.00614218 0.01344787)
(0.02096475 -0.002390459 0.01314001)
(0.0135792 -0.003304262 0.01491329)
(0.01817611 -0.01019007 0.01545066)
(0.02108696 -0.002746505 0.01895617)
(0.0124527 -0.00605229 0.01398226)
(0.01620899 -0.003398788 0.01340247)
(0.01324382 -0.006496591 0.01734805)
(0.01202172 -0.002788238 0.009720319)
(0.01181014 -0.003064478 0.01317974)
(0.006416556 -0.007889177 0.01444448)
(0.009839459 -0.008950992 0.01686305)
(0.01109103 -0.003025497 0.016615)
(-0.004255704 0.009012892 0.007794269)
(-0.003233606 0.01257177 0.00859419)
(-0.003295711 0.01529199 0.00825617)
(-0.002914259 0.01746999 0.007866472)
(-0.003410322 0.02424165 0.008917433)
(-0.003324661 0.02775598 0.008590668)
(-0.003224742 0.03121997 0.008696985)
(0.005093911 -0.009700848 0.01064891)
(0.002751176 -0.007416327 0.0151482)
(-0.003486514 0.002304749 0.01454694)
(0.007732162 -0.002981113 0.01332074)
(-0.003163646 0.02048523 0.008766569)
(-0.003858379 0.008578863 0.01126905)
(-0.00652703 0.0138822 0.007029328)
(-0.004025254 0.01466002 0.01082582)
(-0.005753235 0.01796114 0.006736516)
(-0.004266782 0.01801348 0.01078783)
(-0.005908679 0.02119944 0.006640155)
(-0.00283554 0.02115486 0.01138735)
(-0.006247004 0.02465215 0.006842527)
(-0.004155385 0.02410107 0.01146784)
(-0.005851812 0.02925217 0.006586554)
(-0.003159088 0.02701225 0.01109691)
(-0.004181391 0.02999921 0.01086644)
(0.003064259 -0.0107294 0.006406579)
(-0.005867075 0.003307576 0.0124052)
(0.002499142 -0.00316324 0.01047439)
(-1.91482e-05 -0.008055322 0.01319828)
(-0.006639849 -0.0003109297 0.01446993)
(-0.003444192 0.005286701 0.01515889)
(0.001944119 -0.003111192 0.01325529)
(-0.00660513 -0.004404488 0.01383731)
(-0.001663798 -0.0116811 0.01587396)
(-0.01157841 -0.002432329 0.01409964)
(-0.005966969 0.002720981 0.01648938)
(0.002471401 -0.003286754 0.01685729)
(0.00299415 -0.009103623 0.01814258)
(0.002066755 -0.0118444 0.02097011)
(0.0460432 0.0202043 0.009073026)
(-0.002738095 0.004368598 0.02304118)
(-0.01047997 0.01519234 0.02655039)
(-0.01043679 0.01585165 0.0217213)
(-0.004792619 0.01492065 0.01456874)
(-0.003005198 0.01934906 0.0224239)
(-0.00255402 0.02047263 0.03032604)
(-0.006848435 0.01859808 0.0179177)
(-0.001056412 0.02161764 0.03459915)
(-0.003165438 0.02277086 0.02238536)
(-0.006491894 0.0227682 0.01796971)
(-0.007782201 0.03036776 0.02408034)
(-0.009963003 0.02913254 0.02072268)
(-0.006719255 0.02749664 0.01723982)
(-0.003659285 0.02842448 0.01413905)
(-0.007843145 0.03119405 0.01814865)
(-0.009676334 0.0370423 0.01051402)
(-0.01045911 0.03164845 0.01150074)
(-0.006535317 0.03399098 0.01123654)
(-0.01097204 0.03504862 0.01403484)
(-0.003125947 0.000280207 0.01049054)
(-0.009709995 0.003302422 0.01169387)
(-0.006161594 0.005915421 0.01011456)
(-0.002578526 0.0003720915 0.01300617)
(-0.006693685 0.007601276 0.01469714)
(-0.003024991 0.008090209 0.01419519)
(-0.002339676 0.004911565 0.00513384)
(-0.002235129 0.0110812 0.005057596)
(-0.01117233 0.01470458 0.00706244)
(-0.008694943 0.01014783 0.01082216)
(-0.01636787 0.01297954 0.01073867)
(-0.00580674 0.01226946 0.01064342)
(-0.003252972 0.01403205 0.006267905)
(-0.002824768 0.01939258 0.005651521)
(-0.009178204 0.01919926 0.008288312)
(-0.003457516 0.02430303 0.005924295)
(-0.009538451 0.02309182 0.009212088)
(-0.003312182 0.02632914 0.006413633)
(-0.01068976 0.02895258 0.006737586)
(-0.005850885 0.0268295 0.01073736)
(-0.003105783 0.03212066 0.006390819)
(-0.007621272 0.03059843 0.0100468)
(0.03194708 -0.06478521 0.03516371)
(0.03714852 -0.07191799 0.04392994)
(0.055234 -0.05470102 0.0482552)
(0.03080905 -0.06340571 0.04851855)
(0.04330449 -0.06888901 0.05644515)
(0.05441884 -0.03903284 0.04627703)
(0.0504776 -0.05262922 0.05932705)
(0.05575751 -0.06243331 0.08106988)
(0.05823926 -0.03578838 0.06739075)
(0.0468218 -0.03048185 0.07104738)
(0.05087877 0.05759575 0.07300558)
(0.04225457 0.09829779 0.07543702)
(0.05106457 0.102585 0.0706931)
(0.04232663 0.1095299 0.08433062)
(0.0569858 0.1111749 0.07671392)
(0.05607777 0.08476581 0.03106282)
(0.03813617 0.09628472 0.01324951)
(0.05833095 0.1046055 0.02944557)
(0.05274894 0.1131951 0.0357697)
(0.05247871 0.1264621 0.03515653)
(0.05789083 0.1246141 0.04725061)
(0.05534398 0.1250113 0.05891909)
(0.05862507 -0.04356461 0.05845258)
(0.0300428 0.1412492 0.03353156)
(0.02706381 0.1377804 0.07298112)
(0.04137434 0.1052141 0.02900253)
(0.05665913 0.111719 0.0479687)
(0.05784041 0.09890667 0.04334717)
(0.05808641 0.08683577 0.04587751)
(0.05722861 -0.02921266 0.05687232)
(0.04112894 0.062322 0.07904739)
(0.05465689 0.07285749 0.06038066)
(0.05298602 0.08507776 0.05821508)
(0.04914457 0.09993146 0.05578795)
(0.04421536 0.1103328 0.07245306)
(0.05735778 0.107811 0.05856132)
(0.04004209 0.1290069 0.04868883)
(0.04773196 -0.03746651 0.0582348)
(0.04259319 0.1167568 0.04949857)
(0.04349921 0.1041788 0.04386195)
(0.04511008 0.1137988 0.06165039)
(0.04549957 0.08983826 0.04149511)
(-0.008197453 0.137444 0.0238005)
(0.002242389 0.1519248 0.06371706)
(-0.0146204 0.1360456 0.06139883)
(0.003334153 0.1501887 0.0494716)
(0.01671931 0.1381512 0.02087933)
(0.01904677 0.1516369 0.04030711)
(0.001645291 0.1219249 0.02325794)
(0.01571733 0.1508908 0.0101433)
(0.03470691 0.1355187 0.0229636)
(0.03316866 0.151323 0.03894748)
(0.01849967 0.1268334 0.02876321)
(0.01738342 0.1416519 0.03383784)
(0.0169938 0.1510607 0.05005733)
(0.0509188 0.1516298 0.01134892)
(0.03455083 0.1507233 0.05494014)
(0.02805811 0.1490475 0.06560232)
(0.002940037 0.124293 0.08403283)
(0.01847686 0.1237948 0.09002334)
(0.01659603 0.1505731 0.06187898)
(-0.01370473 0.1521556 0.01161458)
(-0.01412064 0.1284619 0.07391464)
(0.002475815 0.1407944 0.06409626)
(-0.0151814 0.1240832 0.05733811)
(-0.01099162 0.1190477 0.03645737)
(0.03214176 0.1209199 0.02373016)
(0.06056012 0.1525319 0.03545504)
(0.0587101 0.1533471 0.07239215)
(0.03591329 0.153981 0.09084383)
(0.03188493 0.1263571 0.09078245)
(-0.01482107 0.1521652 0.0522412)
(0.009089565 0.1397494 0.04510758)
(-0.01025332 0.1266699 0.04718805)
(-0.01737313 0.1510987 0.07716554)
(0.03169869 0.1270961 0.07963471)
(0.03210576 0.139103 0.05794164)
(0.02011454 0.1245632 0.07762196)
(0.01441328 0.1161021 0.06963413)
(0.01652178 0.1370752 0.05615006)
(0.02005724 0.1405737 0.04319011)
(0.004288585 0.1227915 0.07181113)
(0.03012451 0.1350909 0.04798351)
(-0.002128577 0.1481632 0.030892)
(0.009850399 0.1208081 0.03322341)
(0.003249962 0.1265243 0.04536828)
(0.005081527 0.1268933 0.06214918)
(0.04972862 0.1509688 0.0783896)
(0.03094423 0.1258108 0.06098831)
(0.02646506 0.1297068 0.03991902)
(0.01890375 0.1247913 0.06175715)
(0.009324809 0.1501994 0.04038323)
(0.01652258 0.1224895 0.04656229)
(0.02003486 -0.0503273 0.08803042)
(0.02393195 -0.06812659 0.07283016)
(0.004923859 -0.05309302 0.08758092)
(0.005430432 -0.0570801 0.07377128)
(-0.0125956 -0.06650698 0.08895505)
(0.03112407 -0.05101117 0.08857587)
(0.003635989 -0.0390064 0.08953589)
(-0.01599091 -0.04290753 0.07595643)
(0.03195989 -0.0006868411 0.08940867)
(0.03198476 -0.01289949 0.0871336)
(0.002444166 -0.02778667 0.08734776)
(-0.00951414 -0.02436138 0.07327432)
(0.00847657 -0.01633538 0.08889408)
(-0.01386935 -0.01393274 0.07696564)
(0.01803468 -0.001478349 0.08903112)
(0.005345117 0.009378587 0.09121072)
(0.00516871 -0.002186604 0.09046424)
(0.02112762 0.01084288 0.08671055)
(0.00391046 0.02195719 0.09003698)
(0.006773049 0.03484731 0.09035479)
(0.01443033 0.04419436 0.08700332)
(0.003393304 0.06384273 0.08811993)
(0.004950815 0.04995883 0.09095527)
(0.01941367 0.05902713 0.08784997)
(0.0007064279 0.07668322 0.0863916)
(0.00411387 0.0636104 0.07175957)
(-0.01038014 0.05869237 0.07228728)
(-0.0135558 0.07035579 0.07373908)
(0.005041102 0.08728887 0.08993584)
(-0.01542474 0.08515537 0.07658981)
(0.01589973 0.09777487 0.09038258)
(0.003739002 0.1150241 0.09115898)
(0.002184958 0.100324 0.09055372)
(0.006279164 0.09795306 0.07730392)
(-0.009495955 0.09887127 0.0747267)
(0.01836585 0.1124368 0.09190434)
(0.004562844 0.1087932 0.07160606)
(-0.01263016 0.1077244 0.07024868)
(0.03414323 -0.03575767 0.09075489)
(0.02691027 -0.02745514 0.0883467)
(0.0286666 0.1146646 0.08664792)
(0.03021948 0.1017273 0.0896432)
(0.03169928 0.03450398 0.09012546)
(0.03189617 0.01894919 0.08918114)
(0.03235001 0.06374025 0.08987336)
(0.03010165 0.04691342 0.08845777)
(0.03002601 0.08390733 0.08956418)
(0.01677977 -0.03915305 0.08939757)
(0.01885921 -0.05527969 0.07263145)
(0.03259579 -0.05496883 0.07397208)
(0.02085961 -0.01258062 0.08453546)
(0.005958791 -0.02972385 0.07557995)
(0.01669731 0.0236086 0.08910459)
(0.02169862 0.03376247 0.08513937)
(0.01831341 0.07559119 0.08892208)
(-0.001161895 0.07769719 0.06943107)
(0.01683549 0.08633538 0.08065619)
(0.006911596 0.0873541 0.07214422)
(-0.0004283703 -0.04212068 0.07792639)
(0.0309062 0.1152438 0.07171018)
(0.03088724 0.05751736 0.07621071)
(0.02997588 -0.03915412 0.07821705)
(0.0338673 0.08652394 0.07643149)
(0.03169696 0.07078527 0.0784078)
(0.03183575 0.1016251 0.07548359)
(0.0159087 -0.04086185 0.07348451)
(0.01869551 0.06182724 0.07317559)
(0.01379545 0.07211839 0.07670575)
(0.0179406 0.1001205 0.07285194)
(0.01922157 -0.02853947 0.07179441)
(0.001097287 -0.06639731 0.03667568)
(0.01773866 -0.06559387 0.03664814)
(0.03207793 -0.06723311 0.0641767)
(0.001502913 -0.06513651 0.04944719)
(-0.009927034 -0.05688763 0.0461448)
(0.001605175 -0.06754642 0.06518262)
(-0.01141893 -0.05377932 0.05825205)
(0.01580522 -0.06282378 0.04694215)
(0.01954563 -0.06839393 0.06135951)
(0.001044949 -0.05438113 0.04873813)
(0.03051397 -0.05185459 0.04966093)
(0.03577917 -0.05344672 0.06061158)
(0.01771505 -0.05188414 0.05986615)
(0.00106323 -0.0595388 0.05739776)
(-0.01332244 0.102196 0.02304173)
(-0.009411902 0.1148904 0.02316296)
(0.001433866 0.1003497 0.02112751)
(0.005272349 0.1121029 0.02354095)
(-0.01537992 0.08064977 0.05878037)
(-0.01428796 0.1007292 0.05956177)
(-0.008173252 0.08950148 0.06539825)
(-0.01562456 0.1105058 0.04509311)
(-0.007925699 0.0871762 0.04758688)
(-0.001878592 0.09578574 0.03279859)
(-0.01427158 0.09803196 0.04654169)
(-0.01478457 0.1130517 0.05886459)
(0.007162907 0.08511426 0.05897847)
(0.003869406 0.087503 0.04856041)
(0.0001415401 0.09837248 0.05818613)
(0.002734134 0.1126367 0.06112181)
(0.006977554 0.1071467 0.03435641)
(0.007440056 0.1128059 0.04806132)
(-0.003470421 0.06866196 0.05936066)
(0.03443085 0.1086166 0.01738041)
(0.01995232 0.1118135 0.02630572)
(0.02951571 0.09356269 0.02287167)
(0.03171258 0.1107122 0.03099027)
(0.03502957 0.09750752 0.03594792)
(-0.0199804 -0.04423991 0.09167614)
(-0.01707984 0.1157587 0.08993924)
(-0.01620931 -0.05269067 0.01184786)
(-0.01720998 -0.04001717 0.01052998)
(-0.01757183 -0.02214029 0.01101807)
(-0.01676673 -0.03058587 0.01176796)
(-0.0178684 0.05775603 0.01015812)
(-0.01753777 0.07652956 0.01095995)
(-0.01716363 0.08939046 0.01009311)
(-0.0182382 0.1075898 0.009956655)
(-0.01660324 0.09931096 0.01201142)
(-0.01683864 0.1191304 0.01023836)
(-0.0157749 0.1289232 0.01354161)
(-0.01809667 0.1362465 0.009478221)
(-0.01822849 0.1445474 0.01066549)
(-0.008081503 0.1390771 0.01225227)
(-0.01755845 0.1396407 0.022554)
(-0.01912814 0.1462733 0.09196791)
(-0.01913431 -0.03099919 0.09284661)
(-0.01875943 0.1364976 0.09098533)
(-0.01601173 -0.0712808 0.07967656)
(-0.01750409 -0.06197755 0.07123013)
(-0.01924954 -0.05688152 0.06051119)
(-0.017894 -0.06395419 0.05198253)
(-0.01891824 -0.05618957 0.05318095)
(-0.01826319 -0.0566097 0.04374571)
(-0.01610072 0.1241119 0.02913324)
(-0.01702348 -0.04435391 0.04089255)
(-0.01657165 -0.04713704 0.06579987)
(-0.01702008 -0.05262694 0.07881655)
(-0.01810464 -0.0481998 0.05335676)
(0.06083669 -0.07391288 0.09311134)
(-0.0195326 -0.07358189 0.09274934)
(-0.0155358 -0.06905514 0.01898007)
(-0.0177058 -0.07228657 0.0672366)
(-0.01847819 -0.07385066 0.01003237)
(0.05703599 -0.07317163 0.08242112)
(0.05948257 -0.07365372 0.03210685)
(0.0598987 -0.07407445 0.04340926)
(-0.00559505 -0.07117608 0.01090437)
(0.01017259 -0.07163825 0.08062133)
(0.02196212 -0.07405632 0.09282176)
(0.0123874 -0.07406425 0.09265232)
(0.0475811 -0.07112236 0.09166407)
(0.03325667 -0.07207854 0.09171028)
(0.02710762 -0.07209615 0.08207476)
(-0.005780615 -0.07386187 0.03730675)
(-0.009863846 -0.07323596 0.05891034)
(0.0184451 -0.07389775 0.02886961)
(0.009979274 -0.07091383 0.02869747)
(0.002338213 -0.07498943 0.03847723)
(-0.001153466 -0.07366482 0.0445735)
(0.03772013 -0.0740997 0.06359403)
(0.001787735 -0.07338091 0.03045479)
(-0.00759117 -0.07202637 0.02797539)
(0.001788167 -0.07333086 0.02183934)
(0.007540046 -0.0707602 0.01389702)
(-0.0007805997 -0.07325077 0.05373103)
(0.01205196 -0.07221928 0.0555567)
(0.02511507 -0.07278837 0.03765166)
(0.01616207 -0.07421077 0.03621057)
(0.02351062 -0.07177755 0.0486065)
(0.009194188 -0.07357096 0.03701428)
(0.007989441 -0.07238835 0.04549638)
(0.01662265 -0.07366491 0.04410024)
(-0.0002881552 0.1410277 0.09038493)
(0.008726158 0.1323344 0.09065076)
(0.06062509 0.1501879 0.0111484)
(-0.01841372 0.1531374 0.03078419)
(-0.01720551 0.1507549 0.0429696)
(0.06047608 0.1534643 0.01864799)
(0.05957263 0.1526702 0.02671804)
(0.06111266 0.1536302 0.04453561)
(0.04976555 0.1526626 0.04676903)
(0.05864804 0.1462793 0.04521006)
(0.06109079 0.1532345 0.06289044)
(0.04942356 0.1523132 0.06170446)
(0.05896307 0.1451515 0.08052429)
(0.06031349 0.1538166 0.08125342)
(0.001791563 0.1527651 0.09136907)
(0.01160603 0.151761 0.09266745)
(0.02538164 0.151728 0.03002148)
(0.04841263 0.1519843 0.03103054)
(0.05171923 0.1504583 0.03938139)
(0.03396383 0.1506942 0.07726746)
(-0.00552009 0.1515731 0.04129968)
(0.01615778 0.1534632 0.03303239)
(0.03685105 0.1522389 0.0288713)
(0.04560791 0.1555467 0.03971826)
(0.008166466 0.1506317 0.02923845)
(-0.003236666 0.1509721 0.08092174)
(0.01032576 0.1539114 0.06755267)
(0.0260351 0.1536972 0.04213749)
(0.0248711 0.1470069 0.03772659)
(0.03422364 0.1532704 0.04687568)
(0.02768685 0.1455189 0.04651783)
(0.02614283 0.1523509 0.05402455)
(0.004365043 -0.002513882 0.004244676)
(0.007332796 -0.002514058 0.004115143)
(0.004462406 -0.004637161 0.004959099)
(0.008942877 -0.002622259 0.004846404)
(0.01370598 -0.002413538 0.004043187)
(0.01867419 -0.002680158 0.004290919)
(0.01666394 -0.00229296 0.004133646)
(0.01689272 -0.004764018 0.004724688)
(0.0165844 -0.002581427 0.005912559)
(0.02204415 -0.002702678 0.004283196)
(0.01970031 -0.004523636 0.004694844)
(0.02418501 -0.002484635 0.004058904)
(0.02880934 -0.002471033 0.004878269)
(0.02734234 -0.002456846 0.00435189)
(0.03066288 -0.0028384 0.004396132)
(0.03039554 -0.004908653 0.005310831)
(0.03284852 -0.002181212 0.004060948)
(0.0382833 -0.002464431 0.004067374)
(0.03639597 -0.003002429 0.004078673)
(0.03653993 -0.00467264 0.00484051)
(0.05387351 0.007035089 0.006516062)
(0.0495603 0.004862282 0.009910624)
(0.04473381 0.004841766 0.004969877)
(0.04469668 0.009313288 0.004973834)
(0.04485565 0.01212623 0.004765342)
(0.04495774 0.02095407 0.005188789)
(0.04459823 0.0267324 0.004547251)
(0.04467751 0.02312439 0.004416929)
(0.04471801 0.02504073 0.005305002)
(0.04489356 0.02907864 0.004714411)
(0.04458948 0.03293357 0.004810016)
(0.005374318 0.04256583 0.004320256)
(0.008586833 0.04209682 0.004151821)
(0.008309461 0.04434985 0.004948021)
(0.00713796 0.0426668 0.004210136)
(0.0069307 0.04261032 0.005667546)
(0.009775544 0.04292494 0.004125367)
(0.008746015 0.04251695 0.005641357)
(0.01143616 0.04276878 0.004154516)
(0.01984713 0.04308417 0.00428298)
(0.01997173 0.04476099 0.005040336)
(0.02596722 0.06322662 0.01071529)
(0.02760845 0.04253173 0.004293717)
(0.02883734 0.04240134 0.004790407)
(0.02637788 0.04298226 0.004113091)
(0.03026098 0.04279897 0.004312282)
(0.03454903 0.04270108 0.004135988)
(0.03669631 0.04230268 0.003952821)
(0.03846394 0.04251757 0.004079742)
(-0.002238628 0.003314875 0.004189966)
(-0.009073076 0.008695263 0.007083693)
(-0.002486535 0.009750293 0.006371032)
(-0.002536756 0.01275219 0.004697887)
(-0.002608514 0.01493452 0.004415883)
(-0.003158082 0.01704393 0.005172423)
(-0.002713398 0.02396005 0.004360105)
(-0.002428331 0.02171371 0.004259464)
(-0.003557092 0.02199859 0.005434738)
(-0.002825408 0.02228863 0.00722195)
(-0.002189598 0.02697313 0.004789016)
(-0.002663695 0.02566677 0.004329388)
(-0.002725792 0.03038674 0.004578982)
(-0.00248377 0.02862209 0.004439893)
(-0.002991204 0.02837681 0.006073791)
(-0.002147852 0.03181399 0.004206479)
(-0.009682054 0.03426429 0.006922145)
(-0.002381326 0.03312915 0.004802211)
(-0.004541934 0.03179126 0.004902668)
(-0.002049773 0.03471256 0.004182114)
(-0.002313062 0.03662821 0.004210608)
(-0.00277648 0.03836768 0.004307108)
(0.0141738 -0.004170289 0.005021722)
(0.02557151 -0.002879765 0.004029451)
(0.04469985 0.01578922 0.004247457)
(0.0452368 0.03642827 0.004851405)
(0.0402347 0.04391145 0.005389754)
(0.002063326 0.04484886 0.005009964)
(0.001831551 -0.005071244 0.005066655)
(0.02298466 0.04610021 0.005148127)
(0.05553414 -0.01943084 0.01020244)
(0.06208393 -0.07413918 0.02185786)
(0.05906657 -0.04680428 0.0888533)
(0.05806521 0.138032 0.01226039)
(0.05974812 -0.07062815 0.06382717)
(0.06026537 -0.06515925 0.09262483)
(0.05949151 -0.05612932 0.0895433)
(0.05859346 -0.03481672 0.08983669)
(0.05884852 -0.02189059 0.09084247)
(0.05698247 -0.009052051 0.09226146)
(0.05823172 0.00130261 0.08865127)
(0.0597029 0.0119312 0.08900757)
(0.05877435 0.02152437 0.08876737)
(0.05983777 0.03277371 0.08915136)
(0.05997839 0.05280101 0.08975505)
(0.05971844 0.06250446 0.08960728)
(0.0570252 0.08123158 0.09198955)
(0.05857335 0.09900922 0.09082394)
(0.05954199 0.1079277 0.0936865)
(0.05974296 0.1231319 0.09132014)
(0.06129887 0.1435561 0.09010954)
(0.05158758 0.1445748 0.09011813)
(0.05700435 0.1161217 0.01275583)
(0.05850752 0.07674746 0.01420535)
(0.05847287 -0.05942316 0.06613487)
(0.0571093 -0.04494657 0.0788776)
(0.05854905 -0.01076604 0.08311895)
(0.05904954 -0.005610097 0.07603085)
(0.05904674 0.005837616 0.07847236)
(0.05741157 0.02866842 0.08158963)
(0.05986485 0.04214809 0.08893289)
(0.05828557 0.049856 0.08209185)
(0.06001877 0.05171563 0.07495182)
(0.06024354 0.05895856 0.08063004)
(0.06010035 0.1009322 0.07639764)
(0.06088125 0.1135101 0.09128515)
(0.0593592 -0.04845754 0.06713292)
(0.03439073 -0.03889931 0.06215786)
(0.05804659 -0.0307298 0.07814588)
(0.05774952 0.01830606 0.07802118)
(0.05708525 0.03835583 0.08039281)
(0.05872968 0.06845719 0.08050407)
(0.05693616 0.09130172 0.07820392)
(0.06016602 -0.02047294 0.02862289)
(0.05875282 0.05562734 0.02990539)
(0.05764845 -0.01971161 0.07798856)
(0.05851733 -0.02235312 0.06697121)
(0.05891504 -0.009916239 0.06706445)
(0.06033986 0.05671835 0.06920283)
(0.05885076 0.06648359 0.07037107)
(0.05878666 0.07977204 0.07125987)
(0.03372825 0.08569096 0.06153518)
(0.05743613 0.09313496 0.06637077)
(0.06032062 -0.008124261 0.04108434)
(0.05736668 -0.02546611 0.03657347)
(0.03417065 0.08584802 0.04562863)
(0.0315617 0.09712693 0.04670585)
(0.03131731 0.09867694 0.06003811)
(0.06047645 0.1074104 0.0686391)
(0.03245809 0.1116344 0.05796202)
(0.05973021 0.1011573 0.06394554)
(0.05721583 0.04079968 0.06332689)
(0.05715279 0.1146117 0.06569412)
(0.05953389 0.09465493 0.05548069)
(0.05913053 0.05742832 0.04173909)
(0.05688175 0.05568852 0.05177309)
(0.05681063 0.06431078 0.0501026)
(0.06155531 0.1158852 0.0722595)
(0.04022422 -0.00553401 0.00513464)
(0.03938802 -0.002722472 0.006118338)
(0.01055643 -0.00277708 0.004260047)
(0.01074544 -0.004869345 0.00514927)
(0.002788999 -0.002933396 0.004493533)
(0.0008684378 -0.002769862 0.004726329)
(0.04469862 0.03842692 0.005117592)
(0.04468992 0.03472249 0.004689628)
(0.04537608 0.02296982 0.005847863)
(0.04478676 0.007110647 0.004591275)
(0.04541821 0.006978022 0.00617141)
(0.0445256 0.03115601 0.00492801)
(0.04548335 0.03161735 0.00710019)
(0.04445921 0.01909494 0.004943001)
(0.04475607 0.01730831 0.004731713)
(0.0446381 0.01428449 0.004675599)
(0.04515696 0.01577475 0.006144592)
(0.0446875 0.003017595 0.00443728)
(0.04627982 0.002943616 0.00595306)
(0.04482387 0.005027479 0.007434422)
(-0.002322543 0.007784293 0.006359267)
(-0.002624449 0.03010525 0.0069828)
(-0.004710628 0.011033 0.005406467)
(-0.004221597 0.004088628 0.004808136)
(0.04493441 0.02724083 0.006339354)
(0.03376047 0.04245916 0.005777746)
(0.04490068 0.007392365 0.008469284)
(0.0538308 0.01256821 0.007476226)
(0.0446487 0.01206494 0.007385575)
(0.04577022 0.01416281 0.007630534)
(0.04981405 0.0145571 0.009821597)
(0.04673644 0.01449795 0.01472995)
(0.04485691 0.01721694 0.007800374)
(0.04740287 0.02033354 0.005668068)
(0.05403441 0.02368919 0.00731146)
(0.04582758 0.02201938 0.0135214)
(0.04497458 0.02202868 0.00733627)
(0.04633872 0.02613953 0.01408121)
(0.04501913 0.02398643 0.008128732)
(0.04719351 0.02333406 0.006687766)
(0.04470662 0.02628253 0.008420085)
(0.04667318 0.02623309 0.007333542)
(0.04986979 0.02802056 0.0114059)
(0.04488704 0.02892881 0.007953417)
(0.04734011 0.02893226 0.006218918)
(0.05035609 0.03382147 0.01107334)
(0.05403749 0.03685457 0.007503339)
(0.04459758 0.03734912 0.007376179)
(0.05400068 0.04117203 0.007736942)
(0.04719975 0.03836612 0.005752952)
(0.04534265 0.04012122 0.006261599)
(0.0454879 0.03905383 0.009435262)
(0.04471648 0.003373566 0.008775834)
(0.04705216 0.003665122 0.008613953)
(0.06017958 0.03983891 0.03134828)
(0.05639973 0.04177598 0.0196544)
(0.04769994 0.0485683 0.02063266)
(0.05420208 0.03763417 0.01576843)
(0.04481007 0.03058159 0.01979654)
(0.05562563 0.02972299 0.01961153)
(0.05135008 0.0284266 0.01598896)
(0.04668353 0.03066413 0.01361669)
(0.05388318 0.003518483 0.01529818)
(0.05884111 0.003185773 0.02563667)
(0.04994669 0.006607872 0.01638008)
(0.05364848 -0.001105176 0.01611023)
(0.05476288 0.003367394 0.02087221)
(0.04511377 0.003365209 0.019777)
(0.04464028 0.02074674 0.01995846)
(0.06012702 0.01769992 0.03200737)
(0.04954062 0.01751237 0.01594518)
(0.04589847 0.0183493 0.01405985)
(0.0450275 0.0112659 0.0095328)
(0.04514042 0.03772478 0.01749179)
(0.04540669 0.01399475 0.0200416)
(0.04960238 0.01339827 0.01787694)
(0.05429198 0.01652328 0.01745095)
(0.0508078 0.01399742 0.01390829)
(0.04504823 0.02723408 0.0199156)
(0.04984699 0.01008222 0.01480847)
(0.04584457 0.0082518 0.01440328)
(0.04920861 0.004833582 0.01343637)
(0.04505793 0.005407697 0.01072466)
(0.05245338 0.004186337 0.01042129)
(0.0452205 0.008969636 0.01067177)
(0.05153565 0.008369559 0.008865283)
(0.0547682 0.01104465 0.0165159)
(0.05380389 0.01768218 0.01119489)
(-0.01012137 0.002834524 0.0175458)
(-0.002918158 0.003748144 0.006425081)
(-0.01041694 0.003128992 0.007021591)
(-0.002648628 0.01110425 0.007001941)
(-0.002934331 0.03352433 0.02263023)
(-0.009257185 0.0338113 0.0217635)
(-0.002305818 0.03781848 0.02078913)
(-0.007597928 0.02811951 0.01351141)
(-0.00580437 0.02128284 0.01013446)
(-0.007657643 0.01994435 0.01380678)
(-0.009945988 0.007644182 0.01754194)
(-0.00207568 0.03740411 0.01501559)
(-0.006736396 0.02399875 0.01394889)
(-0.002981402 0.03570854 0.009492603)
(-0.009754689 0.03543191 0.01766856)
(-0.003048893 0.03814532 0.01330603)
(-0.003094528 0.003299588 0.009304267)
(-0.002991647 0.01041124 0.01967009)
(-0.01012649 0.01205699 0.01604507)
(-0.00638165 0.01143852 0.01359841)
(-0.01130598 0.0170298 0.01643898)
(-0.002721407 0.01866454 0.02037826)
(-0.009833326 0.02139345 0.01743886)
(-0.003090259 0.02210262 0.01996705)
(-0.01004225 0.02447081 0.01526413)
(-0.002961389 0.03136496 0.01985688)
(-0.007107736 0.03134051 0.01453606)
(-0.002578985 0.03682822 0.02236949)
(-0.003047971 0.03844731 0.01908341)
(-0.004480341 0.03804868 0.02119551)
(-0.00237192 0.03935074 0.02048499)
(-0.002792515 0.03498102 0.01879924)
(0.01344786 0.04264432 0.007225962)
(0.02276155 0.04296884 0.00767049)
(0.03370918 0.04251352 0.008087788)
(0.03860741 0.04259823 0.006581273)
(0.01791093 0.1104169 0.04466586)
(0.02000914 0.1139123 0.0577777)
(0.02261436 0.1296147 0.04959214)
(0.01086216 0.06350418 0.05055715)
(0.02368455 0.08577184 0.04646651)
(0.01695771 0.09378278 0.04748793)
(0.0184725 0.08542837 0.0605943)
(0.0393161 0.1197603 0.03560921)
(0.02306344 0.1032116 0.03768436)
(0.02768962 0.07864236 0.03941125)
(0.01175639 -0.04340714 0.05330803)
(-0.003739642 0.1313265 0.06862493)
(0.02541209 0.1059649 0.06475365)
(0.01312503 0.1432467 0.07060295)
(0.02617475 -0.04770956 0.06507663)
(0.03960488 4.840249e-05 0.0622113)
(0.02768228 -0.02764924 0.06213096)
(0.008995593 -0.02654701 0.06259068)
(0.01816155 -0.02330878 0.06457166)
(-0.001557552 -0.02121667 0.06633637)
(0.03947149 -0.01849448 0.08388598)
(0.02408875 0.03013867 0.0663801)
(-0.004204342 0.02938097 0.06509255)
(0.02516512 0.05366723 0.06736017)
(0.04003367 0.01932781 0.08121407)
(0.04204047 0.02924507 0.08182204)
(0.0092568 0.07234186 0.06059547)
(-0.00289782 0.08075276 0.05609734)
(0.04037108 0.1212827 0.08757122)
(0.007055776 -0.05306361 0.061158)
(-0.002816914 -0.04962801 0.06441525)
(0.02739107 -0.04603661 0.04032468)
(0.01071813 -0.05449699 0.03291946)
(-0.0005321523 -0.04750182 0.04008952)
(0.04156409 -0.07049546 0.02996733)
(0.040407 -0.05851728 0.02641708)
(0.04398323 -0.06001098 0.06563864)
(-0.003373853 0.1309243 0.03316568)
(-0.002048434 -0.01823079 0.08303536)
(-0.002750869 -0.008336061 0.08785267)
(-0.01729263 0.005435825 0.08667657)
(-0.004743039 0.003454105 0.08601567)
(-0.01805766 0.03399897 0.08327581)
(-0.003672509 0.02968229 0.08553759)
(-0.004604439 0.0522674 0.08499517)
(0.03936222 0.1271094 0.01382559)
(0.04097858 0.1411217 0.01313178)
(0.02704594 -0.06968013 0.01272664)
(0.02787491 -0.05850193 0.0128733)
(0.01007973 0.07142828 0.0317569)
(-0.01732415 0.08224385 0.02115)
(-0.007309087 0.08218442 0.01408067)
(0.0389254 -0.03088694 0.02680611)
(0.04030713 0.06676219 0.02780097)
(0.04095888 0.06615797 0.04030998)
(0.03933225 0.07061499 0.01330649)
(0.02534268 0.07017318 0.0165616)
(0.04017872 0.04286092 0.05126134)
(0.04115329 0.05411485 0.05400309)
(0.04139298 0.04067613 0.06440797)
(-0.002830894 0.04609777 0.05360024)
(0.009180452 0.04193236 0.05693322)
(0.02689775 0.06520949 0.02814378)
(0.02776954 0.06500093 0.04077541)
(0.02601338 0.04263355 0.05108028)
(0.02758046 0.05319064 0.05678945)
(0.02714925 0.04196628 0.06324048)
(0.04037433 0.09162166 0.02666992)
(0.05077603 0.09562671 0.02774692)
(0.01447787 0.03750399 0.06554344)
(0.01152956 0.03038058 0.07883608)
(-0.01610731 0.03446679 0.05769621)
(-0.005096771 0.03099908 0.05171442)
(-0.0171811 0.05661752 0.04581981)
(-0.01808913 0.08382891 0.03216764)
(-0.007052529 0.08291769 0.02848493)
(-0.01829734 -0.01913073 0.04562202)
(-0.005689704 -0.01990979 0.04713184)
(0.04019171 -0.04501585 0.0263727)
(0.02615842 -0.03883045 0.01113396)
(0.02366045 -0.03749111 0.02363192)
(0.02271936 0.01059771 0.06659828)
(0.04032477 -0.05196598 0.01195895)
(0.01231967 -0.0398098 0.0256698)
(0.02475668 -0.05793458 0.02674761)
(0.02478261 -0.05646428 0.03917611)
(0.007062751 0.01271825 0.0691033)
(0.009017308 0.007083491 0.08031615)
(-0.003900509 -0.04296252 0.01200667)
(0.007699128 -0.04086009 0.01192523)
(0.01076716 -0.007134144 0.06230113)
(-0.0168184 0.009288927 0.05195349)
(-0.007376892 0.0113269 0.05197489)
(-0.00330133 0.006677801 0.07135735)
(0.006406263 -0.05497774 0.01204505)
(-0.007483573 -0.04698122 0.04833587)
(-0.003376836 0.01825353 0.06840161)
(0.04080553 -0.06012027 0.04149153)
(0.03894413 -0.05815916 0.08338893)
(0.0383042 -0.04667096 0.08429994)
(0.04284446 0.04051312 0.08281523)
(0.04152083 0.05260241 0.08155825)
(0.03939098 0.09321185 0.08318315)
(0.04096927 0.1170723 0.01211592)
(0.03979007 0.1431637 0.04547558)
(0.04096522 -0.05730881 0.05291291)
(0.04190523 -0.046211 0.05335498)
(0.04311 0.1174225 0.02456774)
(0.04156657 0.1277866 0.02698407)
(0.04223053 0.1427937 0.07008535)
(0.03950124 0.09279908 0.05321778)
(0.03798426 0.1038786 0.05416971)
(0.04078791 0.09442082 0.06506881)
(0.04273747 0.06783881 0.05311772)
(0.04225398 0.07992989 0.05166506)
(0.0431846 0.06519055 0.06784061)
(-0.0023134 0.1350177 0.05452159)
(-0.01513235 0.1358313 0.04386791)
(-0.001850614 0.1396531 0.04188816)
(-0.002817326 0.1214233 0.01279922)
(0.01248422 0.1209623 0.0139288)
(0.02671523 0.1301098 0.01363415)
(0.02377195 0.1420227 0.01346641)
(-0.01601131 0.1187454 0.07417785)
(-0.005713318 0.1187056 0.07074473)
(0.02607934 0.1166912 0.01325794)
(0.02883265 0.1298939 0.02968105)
(0.02698436 0.118072 0.03799595)
(-0.0008213135 0.11733 0.03337079)
(-0.003850189 0.1206841 0.05535519)
(0.009932379 0.1210099 0.05552741)
(0.0137835 -0.06100712 0.08346027)
(0.01251977 -0.06772828 0.06833487)
(-0.001184767 -0.06957713 0.08077589)
(0.009012482 -0.03952717 0.08187982)
(-0.01676963 -0.03289998 0.06922047)
(-0.006403262 -0.03514569 0.07110535)
(0.009316051 0.01747786 0.0829726)
(-0.002082486 0.04149494 0.0857697)
(0.01000311 0.05658905 0.08015528)
(0.02400851 0.09429973 0.08468411)
(0.01381935 0.1086502 0.08320952)
(-0.0005951179 0.1089914 0.08059098)
(-0.004349657 0.09210426 0.08205917)
(-0.01793038 0.09649101 0.06906686)
(0.02769461 -0.04234094 0.09072887)
(0.0144842 -0.03000668 0.08329008)
(0.02487164 0.07922367 0.07264821)
(0.02938521 -0.07234541 0.05652836)
(0.02490384 -0.059775 0.05807531)
(0.01094782 -0.06018409 0.05521251)
(-0.01106342 0.1098184 0.01389504)
(-0.0009795003 0.1086524 0.01425388)
(-0.005581909 0.09573492 0.01121617)
(-0.006479629 0.1075619 0.03091953)
(-0.00409911 0.109051 0.04519072)
(-0.01637717 0.08323473 0.0412534)
(0.01264776 0.1067838 0.01242962)
(0.02421902 0.1019681 0.01314345)
(0.02713118 0.1022739 0.02731798)
(0.02667548 0.092167 0.0365988)
(0.02854558 0.07923395 0.05308848)
(0.02788671 0.06708517 0.06827958)
(0.02656086 0.09164143 0.05482521)
(0.02549 0.1045803 0.05200472)
(0.02637801 0.09301144 0.06836365)
(0.03441546 -0.001800063 0.003669756)
(0.043751 0.02064847 0.003941565)
(0.007318088 0.04163731 0.003576627)
(0.01496363 0.04138174 0.003281601)
(0.02480681 0.04149995 0.003594035)
(0.02391163 0.04231482 0.004478598)
(0.03493159 0.04158464 0.003557337)
(0.03294592 0.04197354 0.004025665)
(0.01378096 -0.002219599 0.005421388)
(0.02253799 -0.002226768 0.005993017)
(0.02352667 0.03317757 0.007379593)
(0.04468055 0.04197123 0.01005264)
(0.01461231 0.04186412 0.02608837)
(0.02299285 -0.001731115 0.003573439)
(0.01890936 0.04189256 0.003986526)
(0.06057785 0.1271962 0.008429586)
(-0.02112861 0.1555399 0.05026049)
(0.06450069 0.1247381 0.09574758)
(0.06460068 -0.03068409 0.006899175)
(0.06429505 -0.06362083 0.006852739)
(0.03350932 0.009535932 0.007435883)
(0.03349131 0.02621114 0.007476951)
(0.02844681 0.02768032 0.007468594)
(0.008561109 0.006275714 0.007396583)
(0.02853604 0.01548682 0.007565772)
(0.03848894 0.02903147 0.007350908)
(0.03359027 0.03145304 0.00765195)
(0.01850101 0.01468999 0.007500536)
(0.01852906 0.03565016 0.007395724)
(0.06162771 0.1087463 0.00856536)
(-0.02185878 0.1414799 0.09605777)
(0.0659497 -0.04603982 0.006018467)
(-0.01963372 0.1023862 0.09476628)
(0.02355865 0.03641802 0.007429232)
(0.02851174 0.006663166 0.007455757)
(0.009512452 0.04151901 0.003429649)
(0.03849422 0.01066841 0.007360277)
(0.06216871 0.1179062 0.007682337)
(-0.00216445 -0.07421453 0.09303013)
(0.01770503 0.1559515 0.09483277)
(0.03844035 0.01988455 0.007357891)
(-0.02048336 -0.07569069 0.04692132)
(-0.001688663 0.02636134 0.003654686)
(0.06290039 -0.05174195 0.0953798)
(0.008489392 0.02297936 0.007430649)
(0.04370261 0.0123293 0.003631523)
(-0.02155934 0.03527309 0.007811705)
(0.03579158 -0.07523277 0.008383634)
(-0.02245995 0.1235245 0.09680346)
(-0.02028844 0.07285989 0.09528071)
(0.06205858 0.04715811 0.007417045)
(0.06155846 0.03357951 0.007884086)
(0.06414684 -0.03478227 0.09523094)
(0.0626385 0.0763125 0.09477933)
(0.06100716 0.0869442 0.007670243)
(-0.001695925 0.01268154 0.003646724)
(0.03848301 0.02513574 0.007428435)
(0.008548455 0.03357825 0.007423026)
(0.02861958 0.02374573 0.00733156)
(0.03343229 0.0118202 0.007402833)
(0.02855361 0.03640255 0.007445668)
(0.02356073 0.04033678 0.007484581)
(0.01341455 0.01302039 0.007331804)
(0.01848448 0.02312225 0.007446476)
(0.00849413 0.0106718 0.007360732)
(0.003500927 0.02651451 0.007484628)
(-0.001779452 0.02317929 0.003870948)
(0.03344602 0.01989219 0.007353904)
(0.03349034 0.02418683 0.007439441)
(0.01361962 0.02374651 0.007330984)
(-0.0195389 -0.06719558 0.00697676)
(0.06234304 0.04635005 0.09427752)
(0.06382337 0.1038599 0.09403747)
(0.06158648 0.002788097 0.007266042)
(0.0201446 -0.002025436 0.003634752)
(0.04418083 0.03887158 0.003757496)
(0.04384923 0.001234657 0.003522127)
(0.02850869 0.009330356 0.007406887)
(0.01855597 0.03058688 0.007364506)
(0.003512668 0.03082909 0.007499551)
(0.02688207 0.04169109 0.003627299)
(0.03345187 0.03444508 0.007414622)
(-0.0185636 -0.07230939 0.03046654)
(0.0135042 0.009332387 0.007407184)
(0.02842041 0.01301992 0.007328617)
(0.03857695 0.008446479 0.007412453)
(-0.001866333 0.01670592 0.004020679)
(0.00356306 0.04033382 0.007490633)
(-0.0209561 -0.06475762 0.09513443)
(0.003541763 0.02071811 0.007421126)
(0.06326697 -0.01400314 0.09388713)
(0.06222865 0.006132666 0.09409625)
(0.008483557 0.0201533 0.007377152)
(0.01344355 0.02046996 0.007474999)
(0.01847322 0.01087993 0.007317244)
(0.02341751 0.02439824 0.007471656)
(0.008593253 0.0310923 0.007477626)
(0.03345927 0.005570631 0.00743001)
(0.008451406 0.02598961 0.007435324)
(0.008487789 0.03656056 0.007357727)
(0.01343415 0.005489619 0.007435342)
(0.02850742 0.004500849 0.007388033)
(-0.02053912 0.1555497 0.06573785)
(0.03146267 0.1549611 0.008035246)
(0.06567581 -0.01566813 0.005997581)
(0.04388239 0.03053989 0.003714012)
(0.03352057 0.03714621 0.007330262)
(-0.01984404 0.00289113 0.09461544)
(0.038582 0.03379268 0.00738031)
(-0.02047422 -0.05850201 0.007038724)
(-0.02000705 0.05296519 0.09449583)
(-0.02194456 0.03730632 0.09690365)
(0.04382249 0.008642032 0.003898608)
(0.0008783186 -0.002102786 0.003704417)
(0.008576146 0.008451507 0.007412816)
(0.01851802 0.00650208 0.007437732)
(0.02341867 0.01270327 0.007397098)
(0.03347427 0.02903182 0.007376784)
(0.03850255 0.01423474 0.007351931)
(0.003553612 0.03640255 0.007445668)
(0.01355367 0.03640265 0.00744554)
(0.01852031 0.02092611 0.007324584)
(-0.001763078 0.03058935 0.003634153)
(-0.001856133 0.008965195 0.003662013)
(0.01664497 -0.07533327 0.008245415)
(-0.002344732 0.03989836 0.004267833)
(0.03856156 0.006273497 0.007396236)
(0.01849575 0.008934534 0.007422775)
(0.062708 -0.07562095 0.06770454)
(0.03351285 0.02218463 0.007425506)
(0.02844288 0.02047371 0.007469331)
(0.003619592 0.02374578 0.007331559)
(0.008446455 0.02821203 0.007445876)
(0.01353224 0.01548675 0.007565498)
(0.03851876 0.0314236 0.007551569)
(0.03345345 0.01399435 0.007452678)
(0.04746697 0.1545989 0.09394123)
(0.008496465 0.01468736 0.007490502)
(0.04384661 0.03477548 0.003639547)
(0.03700673 -0.001842794 0.003845956)
(0.06365171 -0.07631447 0.03785136)
(0.01349915 0.02651334 0.007485267)
(0.003536042 0.01548682 0.007565773)
(0.01344724 0.03183082 0.007480144)
(0.01844946 0.02821242 0.007446346)
(0.01852539 0.025372 0.007390808)
(0.02351363 0.004506068 0.007382329)
(0.03347468 0.01648386 0.007514116)
(0.0436595 0.02437344 0.003688191)
(0.02352993 0.0156142 0.007596916)
(0.03852683 0.01779626 0.007576435)
(0.03844561 0.027096 0.007364411)
(0.01848671 0.01904927 0.007421667)
(-0.02254657 -0.01317102 0.09720396)
(0.01230563 0.04178815 0.003685266)
(0.04369627 0.004316233 0.003656472)
(-0.001710738 0.004480977 0.003686937)
(0.01220757 -0.00219733 0.003842288)
(0.003556514 0.00634356 0.007465075)
(0.02641233 -0.001729556 0.003618475)
(0.03851129 0.02215927 0.007433258)
(0.02344518 0.02844985 0.007458646)
(0.009559576 -0.001518958 0.003426541)
(0.005744424 -0.002056304 0.003728397)
(0.005259703 0.04165788 0.003603824)
(0.0622669 0.02612465 0.09414192)
(0.02856306 0.04033382 0.007490635)
(0.008526729 0.01780396 0.007563196)
(0.01849952 0.01718014 0.007570527)
(0.05324152 -0.0757371 0.008526946)
(0.06398175 0.146406 0.09564349)
(0.02863273 -0.001570872 0.003720203)
(0.043849 0.01676952 0.003694756)
(0.01340353 -0.001383962 0.008110952)
(0.01822504 -0.0002730642 0.007391778)
(0.02375921 -0.000622175 0.007569549)
(0.02853342 0.0006835235 0.007785308)
(0.03344515 0.0012159 0.007775199)
(0.03848388 0.001257188 0.008153638)
(0.008569091 0.04034003 0.007501299)
(0.01356304 0.0403339 0.007490769)
(0.01851933 0.0396137 0.007678708)
(0.03826434 0.03985171 0.007311536)
(0.00350878 0.009038143 0.00737745)
(0.003420405 0.01301992 0.007328618)
(0.02351443 0.007282784 0.007476031)
(0.02356025 0.01875025 0.007458824)
(0.02351845 0.03149376 0.007448365)
(0.02851156 0.03144285 0.007504239)
(0.03849564 0.03657982 0.007348023)
(0.02855319 0.01737684 0.007590294)
(0.02407473 0.1545613 0.0934061)
(-0.01144047 -0.07508713 0.09459086)
(-0.00178969 0.01044557 0.003709606)
(-0.02250532 -0.0571646 0.09714004)
(0.06416201 0.05435876 0.005921919)
(-0.0198851 0.08228799 0.09472713)
(0.06197563 -0.04331959 0.09436821)
(-0.01951825 0.06289323 0.09477987)
(0.003571501 0.01927691 0.007437984)
(0.003511868 0.03284203 0.007465983)
(-0.001657242 0.02856473 0.003605158)
(0.06416943 0.1176369 0.09566995)
(0.006179705 0.1550625 0.007986893)
(0.02850917 0.01137544 0.007376909)
(0.06436807 0.09769025 0.09593835)
(0.06223456 0.01600707 0.09421321)
(-0.02002732 -0.07530116 0.03872069)
(-0.01977 0.113719 0.09546925)
(0.06250284 -0.004276099 0.09402384)
(0.06352958 0.1344896 0.007705575)
(0.02029065 0.04179673 0.003613811)
(-0.02030144 0.04471983 0.09496509)
(0.04650563 -0.07334962 0.009144571)
(-0.02192842 0.1353708 0.09636025)
(-0.001660518 0.03317303 0.003733313)
(0.06235392 0.05634087 0.09437645)
(-0.01798247 -0.07236224 0.05668601)
(0.06438613 -0.02236098 0.09580604)
(0.03052352 -0.001635605 0.003590358)
(0.06242482 -0.003484206 0.007575299)
(-0.02049758 0.1557465 0.05758115)
(-0.01966516 0.1541082 0.02020796)
(-0.02158295 0.02518652 0.09663311)
(-0.001924133 -0.0004305881 0.003730269)
(-0.02039015 -0.005933746 0.09380137)
(-0.002024977 0.01833923 0.003776537)
(0.003530295 0.02869933 0.007507232)
(0.0437186 0.01441091 0.003611245)
(-0.001554825 0.01460997 0.003598786)
(-0.0183917 0.06674419 0.008326239)
(0.04406317 0.03715918 0.003991809)
(0.03045642 0.04159128 0.003585343)
(-0.001536504 0.02133585 0.003555321)
(0.02651166 -0.07569356 0.0076293)
(0.06227294 0.07640666 0.007412225)
(0.06265342 -0.07541224 0.05946346)
(-0.02110286 0.1536943 0.0949413)
(-0.02191549 -0.0224766 0.09643914)
(0.006129078 -0.07566025 0.007589065)
(0.04363691 0.02662503 0.003634818)
(0.04391772 0.01068178 0.004095044)
(0.06133291 0.09807733 0.008327132)
(0.04380669 0.006894647 0.003650859)
(0.01355067 0.01737535 0.007593794)
(0.06228624 0.03617054 0.09424199)
(-0.001691077 0.02479994 0.00383294)
(-0.005692793 0.1553652 0.09406995)
(-0.00190535 0.006503448 0.003638044)
(0.0437733 0.03283688 0.003650517)
(0.06481378 -0.05368899 0.006423243)
(0.01350369 0.01137694 0.007378716)
(0.04369917 0.02292033 0.00362182)
(0.06272467 -0.07463584 0.008678399)
(0.06399118 0.1358599 0.09608289)
(0.00307946 -0.001863346 0.003602073)
(0.006771443 -0.001597752 0.003566263)
(0.0146388 -0.001516731 0.003645742)
(0.01907903 -0.001612395 0.00363069)
(0.02472777 -0.001519773 0.003519391)
(0.04385242 0.01827063 0.003722327)
(0.01361247 0.0003847207 0.007947922)
(0.01873947 -0.0002069671 0.008109506)
(0.03356745 0.0002180875 0.008005543)
(0.03860852 0.0002080072 0.008100181)
(0.03356909 0.04034003 0.0075013)
(0.003616332 0.00167322 0.007637321)
(0.003531416 0.0107324 0.007380523)
(0.0135286 0.02869773 0.007507797)
(0.02376193 0.002485182 0.007452016)
(0.02349369 0.009347931 0.007422739)
(0.02354395 0.01684096 0.007585356)
(0.02358287 0.02102463 0.007420915)
(0.02851824 0.03343488 0.007452773)
(0.03341405 0.00250494 0.007366878)
(0.06312609 0.06843746 0.006482979)
(0.0623224 0.08475133 0.09418131)
(-0.01956039 0.01376053 0.09551278)
(-0.01979406 0.09221153 0.09448387)
(0.06206512 0.06707666 0.09391838)
(0.02840143 0.04162681 0.003676632)
(0.04377964 0.02894703 0.003689371)
(0.003553194 0.01737684 0.007590294)
(0.008637294 0.001639009 0.007593208)
(0.01374227 0.002548889 0.007291012)
(0.01873649 0.002557577 0.007283237)
(0.02321109 0.002401168 0.007365478)
(0.02348021 0.0110399 0.007378817)
(0.0282626 0.002438706 0.007462695)
(0.03849181 0.001937966 0.007539995)
(0.02864158 0.002274298 0.007415222)
(0.008487317 0.02411923 0.007429699)
(0.03354488 0.01797281 0.007597851)
(0.01357027 0.001590093 0.007560223)
)


// ************************************************************************* //
