/*--------------------------------*- C++ -*----------------------------------*\
| =========                 |                                                 |
| \\      /  F ield         | OpenFOAM: The Open Source CFD Toolbox           |
|  \\    /   O peration     | Version:  2512                                  |
|   \\  /    A nd           | Website:  www.openfoam.com                      |
|    \\/     M anipulation  |                                                 |
\*---------------------------------------------------------------------------*/
FoamFile
{
    version     2.0;
    format      ascii;
    arch        "LSB;label=32;scalar=64";
    class       faceList;
    location    "constant/basis/polyMesh";
    object      faces;
}
// * * * * * * * * * * * * * * * * * * * * * * * * * * * * * * * * * * * * * //


8596
(
3(1071 333 286)
3(1072 333 1071)
3(1072 1071 286)
3(1072 286 333)
3(84 641 503)
3(84 504 641)
3(299 542 601)
3(299 327 542)
3(299 601 327)
3(327 601 542)
3(378 839 693)
3(378 693 692)
3(378 692 839)
3(1112 584 417)
3(1112 417 1151)
3(417 584 1151)
3(161 740 504)
3(161 504 85)
3(85 504 740)
3(161 85 740)
3(1178 361 327)
3(1178 327 383)
3(1178 383 361)
3(1059 295 235)
3(1059 235 307)
3(1059 307 295)
3(1222 398 1271)
3(1280 1271 398)
3(1222 1280 398)
3(1291 475 468)
3(1291 468 1276)
3(475 1276 468)
3(1291 1276 475)
3(697 696 441)
3(697 441 843)
3(441 696 843)
3(841 840 420)
3(841 420 948)
3(420 840 948)
3(1242 1176 384)
3(384 1176 1140)
3(1242 384 1140)
3(686 282 580)
3(580 282 579)
3(686 579 282)
3(694 429 695)
3(420 695 429)
3(694 695 420)
3(694 420 429)
3(441 450 589)
3(590 589 450)
3(590 441 589)
3(590 450 441)
3(620 145 14)
3(145 519 14)
3(620 14 519)
3(620 519 145)
3(632 512 107)
3(632 107 42)
3(632 42 512)
3(42 107 512)
3(119 189 798)
3(119 798 797)
3(189 797 798)
3(119 797 189)
3(56 117 646)
3(645 646 117)
3(645 117 56)
3(645 56 646)
3(1314 1304 432)
3(413 432 1304)
3(1314 413 1304)
3(1314 432 413)
3(8 541 144)
3(144 541 37)
3(8 144 37)
3(39 12 10)
3(436 1199 1279)
3(436 1279 400)
3(400 1279 1199)
3(436 400 1199)
3(441 590 696)
3(441 697 590)
3(486 652 123)
3(123 652 63)
3(486 63 652)
3(486 123 63)
3(803 802 194)
3(803 194 983)
3(983 194 802)
3(1067 1018 261)
3(1065 261 1018)
3(1065 1067 261)
3(134 663 890)
3(134 135 663)
3(135 890 663)
3(134 890 135)
3(604 362 361)
3(604 361 1179)
3(604 1179 362)
3(361 362 1179)
3(158 638 48)
3(158 112 638)
3(112 48 638)
3(448 596 404)
3(448 1118 596)
3(404 596 1118)
3(448 404 1118)
3(763 242 895)
3(763 877 242)
3(895 242 877)
3(361 711 301)
3(361 304 711)
3(711 304 301)
3(931 932 248)
3(931 248 202)
3(248 932 202)
3(931 202 932)
3(210 252 788)
3(166 210 788)
3(166 788 252)
3(326 277 1109)
3(326 1109 337)
3(337 1109 277)
3(1136 460 1231)
3(460 444 1231)
3(1136 444 460)
3(1136 1231 444)
3(59 649 648)
3(120 648 649)
3(59 120 649)
3(59 648 120)
3(196 804 987)
3(196 987 1000)
3(196 1000 804)
3(799 911 190)
3(799 191 911)
3(190 911 191)
3(799 190 191)
3(627 101 773)
3(101 735 773)
3(627 735 101)
3(1274 467 1208)
3(1274 1231 467)
3(467 1231 1208)
3(113 639 518)
3(113 158 639)
3(113 518 158)
3(639 158 518)
3(469 1258 467)
3(454 467 1258)
3(454 1258 469)
3(470 1213 1285)
3(470 1285 1295)
3(470 1295 1213)
3(306 892 823)
3(306 823 676)
3(306 676 892)
3(317 266 934)
3(317 1044 266)
3(317 934 1044)
3(266 1044 934)
3(671 431 552)
3(431 551 552)
3(671 551 431)
3(363 1037 1035)
3(1084 1037 363)
3(1084 363 1035)
3(211 778 186)
3(211 179 778)
3(778 179 186)
3(255 870 869)
3(967 870 255)
3(967 255 869)
3(803 802 125)
3(194 125 802)
3(194 803 125)
3(431 551 444)
3(460 551 431)
3(460 444 551)
3(1325 1329 474)
3(474 1329 443)
3(1325 474 443)
3(1325 443 1329)
3(1241 460 1231)
3(1241 1136 460)
3(388 1279 1308)
3(1254 1279 388)
3(1254 388 1308)
3(748 431 552)
3(671 431 748)
3(646 56 57)
3(646 57 117)
3(431 747 444)
3(551 747 431)
3(551 444 747)
3(444 415 747)
3(431 747 415)
3(1227 468 475)
3(1227 477 468)
3(1227 475 477)
3(1291 475 1227)
3(468 1291 1227)
3(464 1168 438)
3(438 1168 555)
3(464 555 1168)
3(464 438 555)
3(1220 377 1246)
3(1220 1268 377)
3(377 1268 1246)
3(1273 406 380)
3(1273 380 412)
3(1273 412 406)
3(789 205 206)
3(251 205 789)
3(251 789 206)
3(895 242 904)
3(895 987 242)
3(904 242 987)
3(531 26 626)
3(26 532 626)
3(119 798 120)
3(120 798 648)
3(119 120 648)
3(119 648 798)
3(1081 271 1031)
3(1031 271 1083)
3(1081 1083 271)
3(230 283 869)
3(230 869 255)
3(255 869 283)
3(472 469 1274)
3(472 1274 467)
3(467 1274 469)
3(1302 1322 439)
3(1314 1302 439)
3(1314 439 1322)
3(624 770 98)
3(770 215 98)
3(624 98 215)
3(624 215 770)
3(210 788 776)
3(210 776 739)
3(210 739 788)
3(657 68 491)
3(492 68 657)
3(1155 458 1191)
3(1233 1191 458)
3(1233 458 1155)
3(898 897 239)
3(897 680 239)
3(898 239 680)
3(452 594 1117)
3(452 1117 593)
3(452 593 594)
3(452 1156 1117)
3(452 594 1156)
3(452 700 701)
3(452 701 594)
3(452 594 700)
3(163 642 767)
3(163 767 178)
3(163 178 642)
3(642 178 767)
3(226 963 962)
3(226 770 963)
3(226 962 770)
3(439 1308 1322)
3(439 1302 1308)
3(458 1192 452)
3(446 1192 458)
3(446 452 1192)
3(1108 358 1105)
3(364 1108 1105)
3(364 1105 358)
3(364 358 1108)
3(660 809 201)
3(810 201 809)
3(810 660 201)
3(1117 1192 452)
3(458 1117 452)
3(458 1192 1117)
3(213 622 147)
3(622 96 147)
3(213 96 622)
3(210 776 177)
3(210 640 776)
3(177 776 640)
3(210 177 640)
3(980 897 239)
3(980 239 898)
3(980 238 239)
3(897 239 238)
3(980 897 238)
3(1115 450 589)
3(1153 450 1115)
3(1153 589 450)
3(6 114 478)
3(639 478 114)
3(639 114 6)
3(32 103 538)
3(33 538 103)
3(1227 463 468)
3(1227 477 463)
3(463 1190 1227)
3(463 468 1190)
3(1190 468 1227)
3(737 103 175)
3(155 737 175)
3(155 103 737)
3(126 655 66)
3(655 489 66)
3(126 66 489)
3(126 489 655)
3(1190 1154 463)
3(463 1154 1227)
3(1116 1227 477)
3(1116 463 1227)
3(1116 477 463)
3(466 455 1226)
3(455 1283 1226)
3(466 1226 1283)
3(466 1283 455)
3(1228 466 1226)
3(466 1276 1226)
3(1228 1276 466)
3(1322 1323 447)
3(432 1323 1322)
3(432 447 1323)
3(432 1322 447)
3(645 795 117)
3(646 117 795)
3(18 523 147)
3(17 147 523)
3(453 1326 1301)
3(453 1301 1327)
3(453 1327 1326)
3(472 469 1313)
3(1313 469 1274)
3(472 1313 1274)
3(475 1227 1296)
3(475 1296 1291)
3(466 1300 457)
3(466 1311 1300)
3(457 1300 1311)
3(466 457 1311)
3(135 205 890)
3(204 890 205)
3(135 890 204)
3(200 201 930)
3(247 930 201)
3(247 200 930)
3(346 947 420)
3(346 378 947)
3(947 378 420)
3(457 453 1300)
3(466 1300 453)
3(956 370 851)
3(852 370 956)
3(852 851 370)
3(455 1226 1228)
3(466 455 1228)
3(243 1085 926)
3(936 1085 243)
3(936 243 926)
3(213 622 855)
3(213 855 147)
3(622 147 855)
3(1215 1176 384)
3(1215 384 1242)
3(296 1 562)
3(296 562 677)
3(296 677 1)
3(1313 469 465)
3(1313 465 1299)
3(1299 465 469)
3(1313 1299 469)
3(1321 442 414)
3(1321 414 443)
3(1321 443 442)
3(371 818 415)
3(818 973 415)
3(371 415 973)
3(371 973 818)
3(842 420 843)
3(842 949 420)
3(420 949 843)
3(1313 472 465)
3(1324 465 1299)
3(1313 465 1324)
3(1138 547 440)
3(1175 440 547)
3(1175 1138 440)
3(1037 311 363)
3(1037 1035 311)
3(363 311 1035)
3(1324 1312 465)
3(1310 465 1312)
3(1324 465 1310)
3(278 239 897)
3(278 680 239)
3(278 897 680)
3(4 91 138)
3(92 4 138)
3(867 868 283)
3(867 283 723)
3(723 283 868)
3(1299 1312 465)
3(1145 609 340)
3(610 340 609)
3(1145 340 610)
3(330 1101 1079)
3(330 1080 1101)
3(330 1079 1080)
3(397 1246 1216)
3(1179 397 1216)
3(1179 1246 397)
3(713 304 712)
3(713 605 304)
3(712 304 605)
3(321 1008 1085)
3(321 1085 1104)
3(321 1104 1008)
3(385 954 849)
3(385 849 848)
3(385 848 954)
3(1143 377 1220)
3(1143 1180 377)
3(1220 377 1180)
3(731 21 526)
3(97 21 731)
3(97 526 21)
3(97 731 526)
3(189 798 120)
3(405 1304 1294)
3(405 1294 391)
3(391 1294 1304)
3(405 391 1304)
3(1084 1086 350)
3(350 1086 1092)
3(1084 350 1092)
3(424 1320 1297)
3(424 1297 1316)
3(424 1316 1320)
3(355 321 1104)
3(321 274 1104)
3(355 1104 274)
3(408 402 751)
3(559 751 402)
3(559 408 751)
3(559 402 408)
3(1232 1177 327)
3(1177 1141 327)
3(1232 327 1141)
3(1051 346 324)
3(1051 324 1110)
3(346 1110 324)
3(1051 1110 346)
3(160 644 54)
3(160 54 478)
3(478 54 644)
3(160 478 644)
3(1190 1228 468)
3(1190 468 1115)
3(1115 468 1228)
3(627 101 28)
3(152 101 627)
3(152 627 28)
3(1270 421 1242)
3(1215 421 1270)
3(1215 1242 421)
3(627 534 28)
3(101 28 534)
3(101 534 627)
3(218 101 627)
3(218 627 152)
3(328 607 1180)
3(606 328 1180)
3(606 607 328)
3(218 773 627)
3(218 101 773)
3(649 120 121)
3(649 121 798)
3(649 798 120)
3(120 798 121)
3(46 515 636)
3(516 46 636)
3(518 48 158)
3(518 638 48)
3(518 158 638)
3(563 341 375)
3(1130 375 341)
3(563 375 1130)
3(563 1130 341)
3(638 185 158)
3(638 785 185)
3(185 785 158)
3(638 158 785)
3(230 866 312)
3(230 270 866)
3(270 312 866)
3(25 733 151)
3(733 99 151)
3(25 99 733)
3(604 304 361)
3(604 362 304)
3(548 547 440)
3(548 440 1138)
3(461 422 1284)
3(461 1256 422)
3(1284 422 1256)
3(461 1284 1256)
3(542 3 299)
3(3 601 299)
3(465 1284 422)
3(1284 1312 422)
3(465 422 1312)
3(465 1312 1284)
3(850 385 954)
3(850 849 385)
3(461 440 1244)
3(1214 1244 440)
3(1214 440 461)
3(1214 461 1244)
3(783 784 184)
3(637 783 184)
3(637 184 784)
3(46 515 110)
3(46 110 636)
3(636 110 515)
3(105 541 156)
3(105 36 541)
3(156 541 36)
3(407 847 700)
3(407 846 847)
3(407 700 846)
3(423 440 1244)
3(461 423 1244)
3(745 668 409)
3(546 409 668)
3(745 409 546)
3(638 185 112)
3(393 373 1251)
3(1251 373 418)
3(393 1251 418)
3(982 190 1010)
3(982 924 190)
3(924 1010 190)
3(638 784 185)
3(185 784 785)
3(369 598 599)
3(369 1158 598)
3(369 599 1158)
3(1185 616 329)
3(617 1185 329)
3(617 329 616)
3(185 112 784)
3(638 784 112)
3(1321 1271 414)
3(1280 414 1271)
3(1280 1321 414)
3(172 969 772)
3(172 881 969)
3(172 772 881)
3(302 223 1046)
3(1062 1046 223)
3(1062 223 302)
3(1062 302 1046)
3(799 982 190)
3(982 911 190)
3(649 121 484)
3(650 484 121)
3(649 650 121)
3(623 833 148)
3(623 148 730)
3(148 833 730)
3(649 60 121)
3(649 120 60)
3(1204 1201 389)
3(1204 389 1162)
3(1201 1162 389)
3(799 798 121)
3(190 121 798)
3(799 190 798)
3(799 121 190)
3(549 670 415)
3(746 549 415)
3(746 415 670)
3(137 509 665)
3(165 665 509)
3(137 165 509)
3(137 665 165)
3(449 1305 473)
3(1307 473 1305)
3(449 1307 1305)
3(449 473 1307)
3(1252 426 437)
3(1252 437 451)
3(1252 451 426)
3(474 453 1326)
3(442 1326 453)
3(474 1326 442)
3(1208 444 1173)
3(1231 444 1208)
3(1231 1173 444)
3(670 415 550)
3(549 550 415)
3(850 954 345)
3(850 345 955)
3(955 345 954)
3(1282 1198 405)
3(405 1198 1294)
3(1282 405 1294)
3(1300 453 1326)
3(1300 1301 453)
3(1208 444 1137)
3(1137 444 1173)
3(649 121 799)
3(339 1096 300)
3(339 318 1096)
3(1096 318 300)
3(921 795 212)
3(212 795 794)
3(921 212 794)
3(274 1008 1068)
3(274 1068 1021)
3(274 1021 1008)
3(1219 1150 410)
3(1219 410 1187)
3(410 1150 1187)
3(298 957 370)
3(956 370 957)
3(956 298 370)
3(956 957 298)
3(1219 382 410)
3(1219 1150 382)
3(410 382 1150)
3(285 1023 286)
3(1023 246 286)
3(285 246 1023)
3(1061 339 1099)
3(1061 1096 339)
3(339 1096 1099)
3(810 132 202)
3(201 132 810)
3(201 810 202)
3(660 201 131)
3(660 131 132)
3(660 132 201)
3(461 421 1256)
3(421 423 1256)
3(461 1256 423)
3(860 861 272)
3(860 279 861)
3(860 272 279)
3(861 279 272)
3(660 809 131)
3(131 809 201)
3(133 812 203)
3(133 134 812)
3(203 812 134)
3(460 552 431)
3(460 551 552)
3(671 747 431)
3(255 870 305)
3(869 305 870)
3(869 255 305)
3(357 409 743)
3(354 357 743)
3(354 743 409)
3(70 659 493)
3(130 493 659)
3(130 70 493)
3(130 659 70)
3(243 1085 1008)
3(243 1008 926)
3(1264 426 437)
3(1264 437 1252)
3(1264 1252 426)
3(912 211 180)
3(912 260 211)
3(912 180 260)
3(104 155 630)
3(155 176 630)
3(104 630 176)
3(951 952 435)
3(951 435 845)
3(845 435 952)
3(367 419 1040)
3(367 1040 401)
3(419 401 1040)
3(242 764 831)
3(282 831 764)
3(242 282 764)
3(242 831 282)
3(437 1193 451)
3(446 451 1193)
3(446 1193 437)
3(1193 1252 451)
3(1193 451 1234)
3(451 1252 1234)
3(1237 1279 436)
3(1199 1237 436)
3(274 1008 1103)
3(274 1103 1068)
3(451 458 1253)
3(451 1253 473)
3(458 473 1253)
3(299 3 666)
3(299 666 744)
3(299 744 3)
3(687 581 356)
3(2 356 581)
3(2 687 356)
3(1263 1308 425)
3(425 1308 1279)
3(1263 425 1279)
3(361 1142 1179)
3(361 397 1142)
3(397 1179 1142)
3(361 1179 397)
3(588 1114 429)
3(587 429 1114)
3(587 588 429)
3(885 222 792)
3(792 222 937)
3(885 937 222)
3(224 185 784)
3(185 918 784)
3(224 784 918)
3(224 918 185)
3(425 1286 1308)
3(1263 1286 425)
3(383 1232 1178)
3(383 1217 1232)
3(383 1178 1217)
3(59 648 58)
3(119 648 59)
3(119 58 648)
3(1157 1235 437)
3(1193 1157 437)
3(1193 437 1235)
3(483 59 648)
3(483 648 58)
3(293 1009 273)
3(293 273 1094)
3(1009 1094 273)
3(293 1094 1009)
3(464 1135 1213)
3(1168 464 1213)
3(1168 1135 464)
3(192 651 801)
3(123 801 651)
3(192 801 123)
3(192 123 651)
3(297 759 325)
3(759 828 325)
3(297 828 759)
3(297 325 828)
3(1303 459 1272)
3(1309 1272 459)
3(1303 1309 459)
3(461 465 1284)
3(241 281 761)
3(281 830 761)
3(241 830 281)
3(241 761 830)
3(416 1312 1310)
3(416 1310 465)
3(416 465 1312)
3(759 325 572)
3(325 297 572)
3(759 572 297)
3(1019 261 1018)
3(1018 261 922)
3(1019 922 261)
3(1303 472 1274)
3(1303 1274 467)
3(1303 467 472)
3(603 301 710)
3(710 301 602)
3(603 602 301)
3(467 1231 460)
3(467 444 1231)
3(1051 346 399)
3(1051 399 324)
3(464 1135 1172)
3(464 1172 470)
3(464 470 1135)
3(470 1172 1135)
3(656 127 490)
3(67 127 656)
3(67 656 490)
3(67 490 127)
3(860 714 279)
3(304 279 714)
3(304 714 860)
3(304 860 279)
3(1322 447 1319)
3(439 1319 447)
3(439 1322 1319)
3(439 447 1322)
3(363 1069 289)
3(335 289 1069)
3(335 1069 363)
3(361 327 602)
3(1178 602 327)
3(361 602 1178)
3(1320 1297 449)
3(424 449 1297)
3(424 1320 449)
3(70 494 659)
3(131 659 494)
3(131 494 70)
3(131 70 659)
3(1069 289 1035)
3(363 1035 289)
3(1069 1035 363)
3(1126 348 1164)
3(570 1164 348)
3(1126 570 348)
3(363 350 1037)
3(1084 1037 350)
3(1084 350 363)
3(1320 1315 445)
3(445 1315 1327)
3(1320 445 1327)
3(350 1037 311)
3(449 1305 476)
3(476 1305 473)
3(451 1192 458)
3(451 446 1192)
3(256 984 268)
3(227 984 256)
3(227 268 984)
3(1164 323 569)
3(1164 570 323)
3(570 569 323)
3(760 829 325)
3(325 829 683)
3(760 325 683)
3(515 110 45)
3(467 1272 1241)
3(467 1241 1231)
3(467 1231 1272)
3(876 263 887)
3(876 911 263)
3(263 911 887)
3(385 704 404)
3(703 704 385)
3(703 404 704)
3(703 385 404)
3(800 801 192)
3(651 800 192)
3(1328 447 1322)
3(1328 1323 447)
3(524 19 730)
3(730 19 525)
3(720 313 612)
3(720 613 313)
3(313 613 612)
3(393 1149 1219)
3(1225 393 1219)
3(1225 1149 393)
3(301 327 602)
3(361 301 602)
3(320 1147 613)
3(320 613 614)
3(320 614 1147)
3(410 1261 1187)
3(1218 410 1187)
3(1218 1261 410)
3(691 349 837)
3(691 690 349)
3(690 837 349)
3(369 404 704)
3(598 404 369)
3(598 369 704)
3(598 704 404)
3(965 865 270)
3(965 270 964)
3(270 865 964)
3(427 401 1029)
3(419 1029 401)
3(419 427 1029)
3(298 936 1085)
3(298 1085 243)
3(298 243 936)
3(704 369 385)
3(588 450 1114)
3(1153 1114 450)
3(1153 450 588)
3(521 146 621)
3(16 621 146)
3(521 621 16)
3(521 16 146)
3(691 378 837)
3(378 349 837)
3(691 349 378)
3(439 1308 425)
3(439 1319 1308)
3(425 1308 1319)
3(439 425 1319)
3(225 958 169)
3(225 878 958)
3(878 169 958)
3(225 169 878)
3(1087 1101 338)
3(1097 338 1101)
3(1097 1087 338)
3(93 12 10)
3(93 10 39)
3(422 1268 1260)
3(422 1312 1268)
3(422 1260 1312)
3(94 728 186)
3(620 186 728)
3(620 728 94)
3(620 94 186)
3(212 187 921)
3(265 212 921)
3(265 921 187)
3(715 861 279)
3(716 279 861)
3(715 279 716)
3(176 968 252)
3(252 968 175)
3(176 175 968)
3(715 714 279)
3(861 279 714)
3(521 146 728)
3(621 728 146)
3(57 647 58)
3(57 482 647)
3(647 482 58)
3(632 107 779)
3(211 779 107)
3(632 211 107)
3(632 779 211)
3(407 846 952)
3(407 952 953)
3(407 953 846)
3(693 840 429)
3(693 429 694)
3(694 429 840)
3(1252 1307 449)
3(449 1307 451)
3(1252 451 1307)
3(1252 449 451)
3(632 633 107)
3(512 107 633)
3(779 633 107)
3(407 452 700)
3(407 700 701)
3(407 701 452)
3(726 870 305)
3(871 305 870)
3(726 305 871)
3(360 707 763)
3(360 0 707)
3(360 763 0)
3(700 699 452)
3(407 452 699)
3(407 699 700)
3(1051 399 1033)
3(1051 1095 399)
3(1095 1033 399)
3(251 789 941)
3(886 789 251)
3(886 251 941)
3(774 102 628)
3(628 102 219)
3(774 219 102)
3(774 628 219)
3(882 153 173)
3(882 173 219)
3(882 219 153)
3(941 250 1026)
3(933 1026 250)
3(933 250 941)
3(578 316 762)
3(579 762 316)
3(578 579 316)
3(1262 1189 434)
3(434 1189 1230)
3(1262 434 1230)
3(251 250 941)
3(204 941 250)
3(204 251 941)
3(474 1326 1329)
3(1325 1326 474)
3(266 302 1046)
3(266 1044 302)
3(302 1044 1046)
3(266 1046 1044)
3(1204 353 1125)
3(1204 1162 353)
3(353 1162 1125)
3(1030 294 1086)
3(1092 294 1030)
3(1092 1086 294)
3(143 665 164)
3(508 143 164)
3(508 665 143)
3(508 164 665)
3(1084 335 1073)
3(1084 1069 335)
3(335 1069 1073)
3(1296 1301 476)
3(475 476 1301)
3(1296 475 1301)
3(1296 476 475)
3(1296 477 1227)
3(475 477 1296)
3(1039 1030 294)
3(1039 294 1086)
3(43 633 512)
3(43 107 633)
3(43 512 107)
3(138 91 509)
3(509 91 165)
3(138 509 165)
3(653 64 124)
3(653 487 64)
3(653 124 487)
3(124 64 487)
3(488 125 653)
3(653 125 64)
3(488 653 64)
3(488 64 125)
3(1234 1118 446)
3(1193 1234 446)
3(1193 446 1118)
3(653 654 125)
3(488 125 654)
3(628 735 153)
3(535 153 735)
3(628 153 535)
3(531 733 25)
3(733 530 25)
3(737 775 175)
3(737 103 775)
3(175 775 103)
3(541 738 105)
3(156 738 541)
3(156 105 738)
3(413 439 1314)
3(413 1314 1302)
3(413 1302 439)
3(175 884 775)
3(737 884 175)
3(988 985 317)
3(985 1047 317)
3(988 317 1047)
3(109 44 514)
3(109 514 45)
3(230 966 879)
3(230 879 216)
3(230 216 966)
3(879 966 216)
3(4 92 79)
3(159 143 665)
3(221 665 143)
3(159 665 221)
3(831 903 241)
3(831 282 903)
3(831 241 282)
3(903 282 241)
3(200 809 930)
3(930 809 201)
3(200 201 809)
3(509 90 143)
3(509 165 90)
3(509 143 165)
3(338 1087 1036)
3(338 1036 1101)
3(266 934 813)
3(317 813 934)
3(317 266 813)
3(319 1048 999)
3(1006 319 999)
3(1006 1048 319)
3(318 1086 294)
3(318 350 1086)
3(350 294 1086)
3(161 140 641)
3(166 641 140)
3(166 161 641)
3(21 527 731)
3(155 630 34)
3(104 34 630)
3(631 186 106)
3(211 186 631)
3(211 631 106)
3(1041 977 258)
3(258 977 1045)
3(1041 258 1045)
3(152 734 27)
3(152 533 734)
3(152 27 533)
3(27 734 533)
3(400 425 1279)
3(436 1279 425)
3(297 323 758)
3(239 758 323)
3(239 297 758)
3(565 366 278)
3(278 366 566)
3(565 278 566)
3(565 566 366)
3(159 76 500)
3(159 500 77)
3(18 147 622)
3(18 622 96)
3(531 151 26)
3(531 25 151)
3(384 543 354)
3(1177 384 354)
3(1177 354 543)
3(1177 543 384)
3(263 887 892)
3(263 753 887)
3(263 892 753)
3(302 1044 1091)
3(302 1091 1062)
3(302 1062 1044)
3(1115 468 463)
3(1115 463 450)
3(1115 450 468)
3(697 435 698)
3(435 844 698)
3(697 844 435)
3(471 698 697)
3(471 435 698)
3(471 697 435)
3(1112 390 1150)
3(1112 1150 410)
3(1112 410 390)
3(390 410 1150)
3(356 368 687)
3(280 356 687)
3(280 687 368)
3(695 441 450)
3(695 589 441)
3(695 450 589)
3(687 581 368)
3(368 581 356)
3(779 180 633)
3(633 180 780)
3(779 780 180)
3(1034 276 969)
3(1034 231 276)
3(276 231 969)
3(1034 969 231)
3(26 626 151)
3(531 151 626)
3(1156 1192 452)
3(763 242 904)
3(904 764 242)
3(763 242 764)
3(845 698 435)
3(845 435 844)
3(553 464 748)
3(672 464 553)
3(672 748 464)
3(553 431 748)
3(431 464 748)
3(553 464 431)
3(1155 452 458)
3(1155 1117 452)
3(1155 458 1117)
3(792 299 744)
3(792 708 299)
3(744 299 708)
3(570 323 758)
3(297 570 758)
3(297 323 570)
3(711 301 603)
3(711 603 361)
3(603 301 361)
3(604 711 361)
3(604 304 711)
3(681 323 758)
3(570 323 681)
3(192 238 980)
3(192 980 925)
3(980 238 925)
3(192 925 238)
3(554 430 555)
3(464 554 555)
3(464 430 554)
3(464 555 430)
3(560 341 1169)
3(402 1169 341)
3(560 402 341)
3(560 1169 402)
3(882 153 735)
3(882 735 173)
3(153 173 735)
3(731 169 97)
3(97 169 769)
3(731 97 769)
3(731 769 169)
3(863 226 963)
3(863 962 226)
3(192 239 980)
3(649 483 59)
3(861 272 961)
3(861 960 272)
3(960 961 272)
3(1041 914 258)
3(258 914 977)
3(904 831 242)
3(560 341 1131)
3(1131 341 1169)
3(814 317 742)
3(791 742 317)
3(791 317 814)
3(221 789 205)
3(221 206 789)
3(560 341 561)
3(1131 561 341)
3(374 1102 1054)
3(374 1054 1053)
3(374 1053 1102)
3(1027 266 1005)
3(1027 1046 266)
3(266 1046 1005)
3(549 433 1174)
3(1174 433 548)
3(549 548 433)
3(629 537 154)
3(32 154 537)
3(629 154 32)
3(629 32 537)
3(111 47 637)
3(112 637 47)
3(111 637 112)
3(302 1047 336)
3(302 336 1075)
3(302 1075 1047)
3(336 1047 1075)
3(771 935 216)
3(771 216 967)
3(967 216 935)
3(440 433 1243)
3(454 1243 433)
3(440 1243 454)
3(1041 258 233)
3(1041 233 273)
3(1041 273 258)
3(1324 443 1310)
3(1310 443 465)
3(1324 465 443)
3(325 759 573)
3(325 683 759)
3(325 573 683)
3(1098 1070 332)
3(1098 331 1070)
3(1098 332 331)
3(331 332 1070)
3(945 349 836)
3(945 837 349)
3(836 349 837)
3(160 785 639)
3(160 158 785)
3(785 158 639)
3(160 639 158)
3(857 225 301)
3(225 858 301)
3(857 858 225)
3(857 301 858)
3(711 301 710)
3(850 385 703)
3(850 704 385)
3(929 246 245)
3(199 929 245)
3(199 246 929)
3(603 361 604)
3(721 866 312)
3(722 312 866)
3(722 721 312)
3(642 141 86)
3(642 86 505)
3(141 505 86)
3(642 505 141)
3(365 992 1066)
3(365 979 992)
3(365 1066 979)
3(1170 395 1212)
3(1199 1212 395)
3(1199 395 1170)
3(628 736 102)
3(774 102 736)
3(252 776 788)
3(252 968 776)
3(252 788 968)
3(161 787 209)
3(166 209 787)
3(166 787 161)
3(614 615 312)
3(344 312 615)
3(344 614 312)
3(344 615 614)
3(325 572 573)
3(722 615 312)
3(614 722 312)
3(141 163 642)
3(163 86 642)
3(741 142 886)
3(886 142 643)
3(741 643 142)
3(642 86 506)
3(919 892 263)
3(919 263 887)
3(549 415 433)
3(746 433 415)
3(746 549 433)
3(258 233 914)
3(1041 914 233)
3(1051 949 399)
3(948 1051 399)
3(948 399 949)
3(291 1101 1079)
3(330 291 1079)
3(330 1101 291)
3(332 1071 286)
3(285 286 1071)
3(285 1071 332)
3(373 406 1224)
3(1265 1224 406)
3(1265 406 373)
3(1265 373 1224)
3(949 399 1033)
3(430 419 790)
3(387 430 790)
3(387 790 419)
3(386 1235 404)
3(404 1235 1119)
3(386 1119 1235)
3(386 404 1119)
3(181 780 781)
3(181 634 780)
3(181 781 634)
3(634 108 109)
3(181 108 634)
3(181 634 109)
3(347 281 576)
3(281 322 576)
3(347 576 322)
3(108 44 513)
3(634 108 513)
3(634 44 108)
3(634 513 44)
3(562 1 341)
3(1131 341 1)
3(1131 562 341)
3(803 195 983)
3(983 195 194)
3(803 194 195)
3(342 1239 1128)
3(342 366 1239)
3(1128 1239 366)
3(342 1128 366)
3(119 797 648)
3(119 648 647)
3(119 647 797)
3(1145 340 1245)
3(340 398 1245)
3(1145 1245 398)
3(1145 398 340)
3(635 781 182)
3(781 782 182)
3(635 182 782)
3(567 323 680)
3(680 323 568)
3(567 568 323)
3(634 633 108)
3(108 633 780)
3(634 108 780)
3(1306 406 1290)
3(1306 1317 406)
3(1317 1290 406)
3(406 1250 1224)
3(406 1224 1290)
3(406 1290 1250)
3(247 1024 931)
3(247 930 1024)
3(247 931 930)
3(200 809 808)
3(200 808 930)
3(807 129 198)
3(657 198 129)
3(807 657 129)
3(807 198 657)
3(796 118 795)
3(646 795 118)
3(796 646 118)
3(1306 457 418)
3(1306 418 406)
3(1306 406 457)
3(139 162 640)
3(139 640 82)
3(82 640 162)
3(814 742 354)
3(814 354 667)
3(667 354 742)
3(775 981 220)
3(883 775 220)
3(883 220 981)
3(74 498 135)
3(75 135 498)
3(112 517 638)
3(517 48 638)
3(112 48 517)
3(130 808 658)
3(199 658 808)
3(199 130 658)
3(199 808 130)
3(712 711 304)
3(711 858 304)
3(712 304 858)
3(1264 392 437)
3(1264 426 392)
3(657 129 492)
3(657 658 129)
3(492 129 658)
3(306 561 676)
3(306 676 752)
3(306 752 561)
3(1254 400 1206)
3(1254 388 400)
3(1254 1206 388)
3(388 1206 400)
3(635 109 182)
3(635 781 109)
3(781 182 109)
3(1287 372 392)
3(1287 426 372)
3(1287 392 426)
3(1197 428 413)
3(1197 413 1255)
3(1197 1255 428)
3(428 1255 413)
3(1056 345 955)
3(955 345 956)
3(1056 956 345)
3(233 182 915)
3(915 182 234)
3(233 915 234)
3(258 1045 260)
3(269 260 1045)
3(258 269 1045)
3(1159 579 351)
3(379 1159 351)
3(379 351 579)
3(379 579 1159)
3(435 1052 950)
3(435 950 399)
3(1052 399 950)
3(435 399 1052)
3(818 872 371)
3(818 415 872)
3(371 872 415)
3(404 437 1235)
3(386 1235 437)
3(915 182 781)
3(915 782 182)
3(771 216 625)
3(771 879 216)
3(879 625 216)
3(240 994 901)
3(940 994 240)
3(940 240 901)
3(351 600 369)
3(360 600 351)
3(360 369 600)
3(1061 1043 300)
3(1096 300 1043)
3(1096 1061 300)
3(412 1289 1273)
3(1317 1289 412)
3(1317 412 1273)
3(760 281 829)
3(281 901 829)
3(760 901 281)
3(281 684 576)
3(281 576 761)
3(281 761 684)
3(885 222 299)
3(885 299 792)
3(792 299 222)
3(244 928 198)
3(927 244 198)
3(927 198 928)
3(927 928 244)
3(364 1105 381)
3(324 381 1105)
3(324 1105 364)
3(1049 319 346)
3(1049 275 319)
3(1049 346 275)
3(537 154 736)
3(629 736 154)
3(1061 268 1016)
3(1061 343 268)
3(1061 1016 343)
3(1016 268 343)
3(243 197 926)
3(244 243 926)
3(244 926 197)
3(313 865 270)
3(313 312 865)
3(270 865 312)
3(636 183 783)
3(782 783 183)
3(782 183 636)
3(977 260 1045)
3(977 912 260)
3(1045 260 912)
3(705 599 369)
3(705 369 598)
3(702 849 385)
3(702 385 703)
3(849 703 385)
3(702 848 385)
3(404 1235 1157)
3(1119 404 1157)
3(400 1269 1212)
3(400 1212 1199)
3(400 1199 1269)
3(388 1254 1257)
3(388 1257 1239)
3(388 1239 1254)
3(384 544 1176)
3(384 1176 409)
3(544 409 1176)
3(384 409 544)
3(360 853 706)
3(370 706 853)
3(370 360 706)
3(370 853 360)
3(604 605 304)
3(604 362 605)
3(304 605 362)
3(304 712 604)
3(102 736 31)
3(154 31 736)
3(154 736 102)
3(0 282 360)
3(0 351 282)
3(0 360 351)
3(689 390 582)
3(582 390 583)
3(689 583 390)
3(681 239 827)
3(681 758 239)
3(827 239 758)
3(695 429 450)
3(695 441 429)
3(665 165 143)
3(159 165 665)
3(962 861 272)
3(962 272 961)
3(117 794 795)
3(645 794 117)
3(319 999 349)
3(835 319 349)
3(835 349 999)
3(835 999 319)
3(962 862 272)
3(861 272 862)
3(404 1118 437)
3(446 1118 404)
3(446 437 1118)
3(991 889 387)
3(991 387 979)
3(387 889 979)
3(299 266 885)
3(299 885 813)
3(885 266 813)
3(299 813 266)
3(1111 382 581)
3(619 581 382)
3(619 382 1111)
3(1098 1071 332)
3(332 1071 1070)
3(1007 371 816)
3(1007 943 371)
3(371 943 816)
3(201 931 809)
3(930 931 201)
3(624 732 98)
3(770 98 732)
3(419 1066 367)
3(367 1066 1040)
3(419 1040 1066)
3(658 493 69)
3(658 69 492)
3(495 72 132)
3(71 495 132)
3(818 670 415)
3(815 415 670)
3(818 415 815)
3(1102 381 1093)
3(1095 1093 381)
3(1095 381 1102)
3(661 72 132)
3(661 495 72)
3(661 132 495)
3(254 905 1030)
3(254 1030 1039)
3(254 1039 905)
3(307 976 252)
3(307 235 976)
3(252 976 235)
3(133 661 72)
3(133 132 661)
3(885 222 266)
3(60 121 484)
3(60 484 649)
3(280 835 688)
3(280 873 835)
3(280 688 873)
3(995 992 365)
3(365 992 352)
3(995 365 352)
3(995 352 992)
3(238 925 824)
3(238 896 925)
3(238 824 896)
3(649 59 60)
3(978 217 880)
3(990 880 217)
3(990 217 978)
3(803 987 195)
3(804 195 987)
3(804 803 195)
3(868 283 230)
3(868 230 867)
3(867 230 283)
3(640 738 105)
3(541 640 105)
3(67 128 491)
3(67 656 128)
3(67 491 656)
3(656 491 128)
3(621 95 16)
3(621 146 95)
3(303 611 313)
3(303 315 611)
3(313 611 315)
3(578 379 322)
3(578 322 316)
3(578 316 379)
3(149 97 731)
3(149 731 169)
3(803 195 907)
3(983 907 195)
3(183 783 916)
3(224 783 183)
3(224 916 783)
3(224 183 916)
3(458 477 1191)
3(473 458 1191)
3(473 1191 477)
3(987 195 907)
3(988 934 317)
3(317 934 791)
3(988 317 791)
3(319 999 945)
3(945 999 349)
3(319 945 349)
3(187 795 118)
3(117 795 187)
3(117 118 795)
3(1077 403 371)
3(1077 371 336)
3(1077 336 403)
3(400 1238 366)
3(375 366 1238)
3(400 375 1238)
3(578 685 316)
3(577 316 685)
3(578 316 577)
3(34 539 155)
3(155 539 33)
3(1118 595 446)
3(448 595 1118)
3(448 446 595)
3(448 1118 446)
3(1061 268 1043)
3(1016 1043 268)
3(1203 348 1126)
3(1188 1126 348)
3(1188 348 1203)
3(882 173 773)
3(882 984 173)
3(984 773 173)
3(190 120 798)
3(1061 300 268)
3(339 1061 268)
3(339 300 1061)
3(903 686 316)
3(903 282 686)
3(686 282 316)
3(903 316 282)
3(243 1008 321)
3(243 274 1008)
3(1008 274 321)
3(941 250 290)
3(941 290 1026)
3(290 250 1026)
3(300 268 1043)
3(985 1001 336)
3(985 336 1047)
3(1001 1047 336)
3(237 314 919)
3(1015 919 314)
3(1015 314 237)
3(1015 237 919)
3(1019 261 1067)
3(404 1157 596)
3(597 404 596)
3(597 1157 404)
3(441 843 435)
3(697 435 843)
3(697 441 435)
3(32 103 629)
3(32 629 538)
3(629 103 538)
3(1305 476 1296)
3(1301 476 1305)
3(434 1113 1152)
3(434 1152 1230)
3(434 1230 1113)
3(329 283 616)
3(344 329 616)
3(344 616 283)
3(884 176 776)
3(176 630 776)
3(884 630 176)
3(700 593 452)
3(593 699 452)
3(1001 357 336)
3(1001 336 834)
3(357 834 336)
3(1001 834 357)
3(1078 1109 337)
3(1088 337 1109)
3(1078 337 1088)
3(427 815 820)
3(989 815 427)
3(989 427 820)
3(896 238 755)
3(896 755 296)
3(896 296 238)
3(238 296 755)
3(491 68 128)
3(549 415 444)
3(549 444 433)
3(814 354 317)
3(814 793 354)
3(814 317 793)
3(317 354 793)
3(396 1197 428)
3(396 413 1197)
3(985 357 336)
3(985 1001 357)
3(985 793 357)
3(875 357 793)
3(875 985 357)
3(825 278 897)
3(679 897 278)
3(679 278 825)
3(134 812 890)
3(134 663 812)
3(897 238 278)
3(825 278 238)
3(897 825 238)
3(141 505 85)
3(319 1048 945)
3(346 948 399)
3(420 399 948)
3(346 420 948)
3(1181 1245 340)
3(394 340 1245)
3(394 1181 340)
3(394 1245 1181)
3(678 564 296)
3(755 678 296)
3(755 296 564)
3(755 825 238)
3(825 896 238)
3(227 908 773)
3(227 984 908)
3(227 773 984)
3(933 203 204)
3(933 204 250)
3(933 250 203)
3(16 522 621)
3(159 136 500)
3(76 500 136)
3(178 264 971)
3(178 971 767)
3(767 971 264)
3(178 767 264)
3(354 543 544)
3(354 544 667)
3(354 667 543)
3(974 787 209)
3(832 209 787)
3(974 209 832)
3(974 235 976)
3(1059 235 974)
3(1059 976 235)
3(133 73 662)
3(133 662 134)
3(134 662 73)
3(621 95 522)
3(16 522 95)
3(220 629 154)
3(629 103 154)
3(220 103 629)
3(834 357 668)
3(875 668 357)
3(875 357 834)
3(313 721 312)
3(320 312 721)
3(320 721 313)
3(745 357 668)
3(745 834 357)
3(135 664 205)
3(135 136 664)
3(664 136 205)
3(735 773 173)
3(101 735 173)
3(101 173 773)
3(281 761 316)
3(241 316 761)
3(933 203 812)
3(933 812 204)
3(203 204 812)
3(738 176 776)
3(177 176 738)
3(177 776 176)
3(177 738 776)
3(281 325 760)
3(281 829 325)
3(347 322 1161)
3(347 1161 372)
3(372 1161 322)
3(576 281 575)
3(281 684 575)
3(1193 1252 437)
3(382 390 1111)
3(368 1111 390)
3(368 382 1111)
3(265 1065 1014)
3(265 1014 1013)
3(265 1013 1065)
3(1111 390 1150)
3(1111 582 390)
3(582 1150 390)
3(614 344 320)
3(614 1184 344)
3(614 320 1184)
3(320 344 1184)
3(365 359 993)
3(314 365 993)
3(314 993 359)
3(1111 382 1150)
3(390 1150 382)
3(775 629 103)
3(737 103 629)
3(819 419 790)
3(430 819 790)
3(430 419 819)
3(394 1245 1275)
3(394 1275 1221)
3(394 1221 1245)
3(236 1090 1020)
3(1019 1090 236)
3(1019 236 1020)
3(1111 582 368)
3(582 390 368)
3(752 352 675)
3(893 352 752)
3(893 675 352)
3(970 213 768)
3(970 855 213)
3(768 213 855)
3(435 951 950)
3(435 1052 951)
3(970 213 1005)
3(1005 213 768)
3(970 253 855)
3(1002 253 970)
3(1002 855 253)
3(253 855 213)
3(253 213 970)
3(445 1315 1316)
3(405 1316 1315)
3(405 445 1316)
3(405 1315 445)
3(471 699 592)
3(471 698 699)
3(471 592 698)
3(1111 581 368)
3(582 368 581)
3(1076 403 401)
3(1076 1060 403)
3(1076 401 1060)
3(401 403 1060)
3(874 301 222)
3(299 301 874)
3(299 874 222)
3(1043 256 984)
3(1043 984 268)
3(1043 268 256)
3(401 1076 330)
3(1076 403 330)
3(1143 377 1246)
3(170 150 732)
3(170 732 98)
3(98 732 150)
3(915 233 781)
3(781 233 182)
3(792 998 222)
3(874 222 998)
3(792 222 874)
3(835 319 280)
3(835 280 349)
3(856 301 222)
3(874 856 222)
3(874 301 856)
3(835 319 1006)
3(280 1006 319)
3(835 1006 280)
3(99 530 24)
3(99 25 530)
3(167 1002 888)
3(167 888 855)
3(167 855 1002)
3(1203 348 1164)
3(250 249 1026)
3(933 1026 249)
3(933 249 250)
3(888 207 267)
3(888 267 167)
3(888 167 207)
3(299 709 874)
3(299 301 709)
3(301 874 709)
3(1071 333 332)
3(318 1100 1096)
3(318 1086 1100)
3(318 1096 1086)
3(880 151 171)
3(880 171 217)
3(880 217 151)
3(248 931 201)
3(247 931 248)
3(247 201 931)
3(622 523 147)
3(18 523 622)
3(1260 1268 377)
3(1220 1260 377)
3(269 273 1028)
3(309 269 1028)
3(309 1028 273)
3(1025 932 248)
3(1025 248 931)
3(882 153 628)
3(1059 1032 310)
3(1059 307 1032)
3(310 1032 307)
3(1059 310 307)
3(709 708 299)
3(708 874 299)
3(867 965 230)
3(965 966 230)
3(867 230 966)
3(214 833 1027)
3(214 1027 168)
3(214 168 833)
3(1027 833 168)
3(1049 319 945)
3(319 346 945)
3(1049 945 346)
3(1011 1079 291)
3(1011 291 1101)
3(1025 249 932)
3(249 1026 932)
3(1025 1026 249)
3(739 162 83)
3(739 83 502)
3(739 502 162)
3(502 83 162)
3(1049 319 1048)
3(330 1076 1097)
3(330 1097 1101)
3(330 1101 1076)
3(1288 418 434)
3(1288 410 418)
3(1288 434 410)
3(408 557 558)
3(408 558 674)
3(408 674 557)
3(682 297 899)
3(828 297 682)
3(828 899 297)
3(337 1097 330)
3(337 330 1076)
3(337 1076 1097)
3(524 622 96)
3(18 524 96)
3(18 622 524)
3(366 565 375)
3(1129 565 366)
3(1129 375 565)
3(1129 366 375)
3(284 1068 274)
3(284 364 1068)
3(364 274 1068)
3(774 219 882)
3(882 219 938)
3(774 938 219)
3(123 652 651)
3(123 801 652)
3(524 730 96)
3(730 622 96)
3(222 937 998)
3(365 1063 1066)
3(365 992 1063)
3(1066 365 359)
3(365 1063 359)
3(1066 359 1063)
3(524 19 96)
3(730 96 19)
3(606 1143 362)
3(606 362 605)
3(362 1143 605)
3(368 382 581)
3(1107 337 1078)
3(1107 1109 337)
3(316 762 685)
3(864 303 313)
3(864 313 226)
3(864 226 303)
3(404 1157 437)
3(1157 1118 437)
3(404 1118 1157)
3(210 252 776)
3(723 615 312)
3(722 723 312)
3(1291 1228 468)
3(1190 1291 468)
3(622 768 213)
3(965 866 270)
3(270 866 865)
3(867 866 230)
3(965 230 866)
3(960 878 215)
3(960 215 961)
3(878 961 215)
3(959 272 215)
3(225 959 215)
3(225 272 959)
3(974 787 235)
3(209 235 787)
3(974 235 209)
3(131 659 809)
3(660 659 131)
3(243 936 196)
3(242 936 243)
3(242 196 936)
3(1207 1167 375)
3(1207 375 1130)
3(1130 375 1167)
3(1207 1238 375)
3(375 1238 1167)
3(375 395 1238)
3(1207 1238 395)
3(1207 395 375)
3(542 666 299)
3(919 263 314)
3(919 237 263)
3(1041 273 1028)
3(269 1041 1028)
3(269 273 1041)
3(273 233 1009)
3(233 293 1009)
3(1099 1100 333)
3(1072 333 1100)
3(1072 1099 333)
3(379 1122 1195)
3(379 1195 1159)
3(379 1159 1122)
3(185 918 794)
3(185 794 785)
3(185 785 918)
3(921 795 187)
3(212 187 795)
3(782 182 110)
3(782 183 182)
3(782 110 183)
3(117 794 212)
3(117 212 795)
3(782 110 635)
3(782 636 110)
3(635 110 636)
3(542 299 354)
3(542 354 327)
3(1210 1285 470)
3(1210 470 1213)
3(620 14 94)
3(520 94 14)
3(520 620 94)
3(520 14 620)
3(88 508 643)
3(88 643 507)
3(74 135 663)
3(74 663 134)
3(666 354 542)
3(666 299 354)
3(391 1198 405)
3(391 353 1198)
3(353 405 1198)
3(1055 355 321)
3(1055 321 1104)
3(1055 1104 355)
3(354 542 742)
3(354 742 666)
3(225 169 1003)
3(222 1003 169)
3(222 225 1003)
3(958 1003 225)
3(958 169 1003)
3(273 1028 1087)
3(273 1087 1041)
3(402 751 352)
3(408 352 751)
3(888 909 267)
3(888 207 909)
3(207 267 909)
3(130 659 808)
3(200 808 659)
3(200 659 130)
3(200 130 808)
3(199 928 198)
3(245 198 928)
3(245 928 199)
3(1023 246 930)
3(247 246 1023)
3(247 1023 930)
3(247 930 246)
3(464 1135 553)
3(464 553 1172)
3(681 239 826)
3(826 239 827)
3(1258 469 1274)
3(1258 1313 469)
3(346 948 1051)
3(378 693 840)
3(378 429 693)
3(378 840 429)
3(130 659 658)
3(200 809 659)
3(841 694 420)
3(420 694 840)
3(200 809 131)
3(200 131 659)
3(249 202 932)
3(249 932 203)
3(203 932 202)
3(888 267 1002)
3(167 1002 267)
3(417 585 692)
3(586 585 417)
3(586 417 692)
3(1002 909 267)
3(126 654 65)
3(126 125 654)
3(654 125 65)
3(1163 348 572)
3(353 572 348)
3(353 348 1163)
3(353 1163 572)
3(888 729 95)
3(167 888 95)
3(167 729 888)
3(167 95 729)
3(621 729 95)
3(621 95 888)
3(218 881 228)
3(218 172 881)
3(172 228 881)
3(1310 1325 443)
3(1324 443 1325)
3(379 1229 1195)
3(379 1122 1229)
3(100 26 626)
3(100 626 151)
3(1240 1137 454)
3(1137 1174 454)
3(1240 454 1174)
3(1208 454 1137)
3(1137 454 444)
3(1208 444 454)
3(434 1151 410)
3(417 1151 434)
3(417 410 1151)
3(221 665 164)
3(368 687 688)
3(368 688 581)
3(1042 319 229)
3(1042 229 1006)
3(319 1006 229)
3(1042 1006 319)
3(221 664 789)
3(221 665 664)
3(221 789 665)
3(89 508 143)
3(89 164 508)
3(320 1183 1249)
3(320 380 1183)
3(380 1249 1183)
3(320 1249 380)
3(1076 1080 403)
3(1080 1060 403)
3(422 377 1260)
3(422 1268 377)
3(88 508 164)
3(88 164 643)
3(164 508 643)
3(200 929 930)
3(200 808 929)
3(503 84 140)
3(84 641 140)
3(503 140 641)
3(88 507 142)
3(142 507 87)
3(1240 1208 454)
3(192 939 800)
3(192 800 980)
3(192 980 939)
3(456 1327 1323)
3(1326 456 1323)
3(1326 1327 456)
3(192 939 801)
3(968 776 176)
3(252 176 776)
3(739 641 140)
3(788 739 140)
3(788 140 641)
3(681 323 239)
3(449 1297 1307)
3(449 1252 1297)
3(393 1251 1148)
3(393 1148 1185)
3(393 1185 1251)
3(192 939 239)
3(193 239 939)
3(192 193 939)
3(1287 426 1297)
3(1298 426 1287)
3(1298 1297 426)
3(462 1211 425)
3(462 436 1211)
3(1211 436 425)
3(620 145 94)
3(1297 1264 426)
3(1287 426 1264)
3(270 230 964)
3(170 964 230)
3(170 270 964)
3(186 179 728)
3(94 728 179)
3(766 1004 280)
3(280 1004 873)
3(766 280 873)
3(822 751 352)
3(675 352 751)
3(675 822 352)
3(360 706 707)
3(360 707 600)
3(360 600 706)
3(145 519 13)
3(913 981 220)
3(913 220 775)
3(1287 392 1200)
3(1287 1267 392)
3(1200 392 1267)
3(1287 372 1200)
3(1200 372 392)
3(757 681 239)
3(826 757 239)
3(1298 372 1287)
3(1298 426 372)
3(342 1239 1205)
3(342 1205 1128)
3(281 576 577)
3(281 577 761)
3(1115 1190 463)
3(1212 395 1169)
3(1207 395 1212)
3(1207 1169 395)
3(454 433 1137)
3(1137 433 444)
3(258 780 180)
3(977 780 258)
3(977 258 180)
3(977 180 780)
3(318 1099 1100)
3(318 1100 333)
3(318 333 1099)
3(373 1224 1184)
3(373 1184 1148)
3(373 1148 1224)
3(243 1085 321)
3(503 83 140)
3(455 1114 1153)
3(1226 1114 455)
3(1226 455 1153)
3(689 390 368)
3(689 368 582)
3(126 655 127)
3(127 655 66)
3(908 227 218)
3(908 218 228)
3(908 228 227)
3(926 196 243)
3(926 936 196)
3(900 828 325)
3(759 900 325)
3(197 806 805)
3(927 806 197)
3(927 197 805)
3(474 456 1326)
3(456 453 1326)
3(196 197 926)
3(285 1071 1022)
3(285 1022 1070)
3(285 1070 1071)
3(908 773 218)
3(218 773 227)
3(467 1272 1303)
3(467 459 1272)
3(467 1303 459)
3(441 843 420)
3(420 843 435)
3(723 312 283)
3(867 283 312)
3(867 312 723)
3(444 747 550)
3(551 444 550)
3(383 1232 327)
3(1232 1178 327)
3(228 881 908)
3(228 969 881)
3(228 908 969)
3(218 881 908)
3(141 505 740)
3(85 740 505)
3(141 740 85)
3(127 490 655)
3(656 127 655)
3(218 881 773)
3(886 206 789)
3(789 206 643)
3(886 643 206)
3(481 56 646)
3(56 480 646)
3(386 1194 1235)
3(386 1119 1194)
3(506 87 741)
3(741 87 507)
3(287 1072 1024)
3(1072 286 1024)
3(287 1024 286)
3(287 286 1072)
3(171 990 217)
3(229 217 990)
3(229 990 171)
3(388 366 1239)
3(388 1239 342)
3(297 571 758)
3(297 570 571)
3(893 314 306)
3(893 306 352)
3(893 352 314)
3(254 300 938)
3(254 1039 300)
3(254 938 1039)
3(1039 938 300)
3(232 883 981)
3(232 905 883)
3(232 981 905)
3(1072 1100 334)
3(1073 334 1100)
3(1072 334 1073)
3(226 215 961)
3(215 272 961)
3(226 961 272)
3(756 566 278)
3(756 278 567)
3(567 278 566)
3(628 536 102)
3(536 736 102)
3(756 679 278)
3(679 566 278)
3(351 580 579)
3(351 1159 580)
3(223 253 1011)
3(291 1011 253)
3(291 223 1011)
3(1302 1257 388)
3(1254 1302 388)
3(1229 379 392)
3(1229 392 1200)
3(1229 1200 379)
3(379 1200 392)
3(333 1100 334)
3(1072 333 334)
3(1069 289 1026)
3(289 1035 1026)
3(1133 408 557)
3(1133 558 408)
3(1181 340 1145)
3(1181 609 340)
3(1149 1186 382)
3(1149 382 1219)
3(1219 382 1186)
3(598 386 369)
3(598 404 386)
3(879 170 150)
3(879 732 170)
3(879 150 732)
3(226 862 279)
3(226 272 862)
3(862 272 279)
3(864 226 963)
3(863 226 864)
3(764 282 580)
3(686 282 764)
3(1000 196 926)
3(936 196 1000)
3(807 199 198)
3(807 129 199)
3(1013 308 234)
3(265 1013 234)
3(265 308 1013)
3(245 929 1022)
3(929 246 1022)
3(245 1022 246)
3(1258 1274 467)
3(1258 467 1208)
3(748 430 431)
3(748 786 430)
3(748 431 786)
3(430 786 431)
3(915 233 914)
3(781 914 233)
3(645 116 794)
3(645 644 116)
3(116 644 794)
3(880 772 217)
3(978 217 772)
3(416 1310 1260)
3(416 1260 1275)
3(416 1275 1310)
3(719 864 313)
3(313 864 865)
3(719 313 865)
3(245 928 1022)
3(245 929 928)
3(727 854 257)
3(727 257 765)
3(854 765 257)
3(1299 469 1266)
3(1258 469 1299)
3(1258 1266 469)
3(656 128 127)
3(713 304 859)
3(712 859 304)
3(444 1173 550)
3(444 550 1137)
3(1174 454 433)
3(1174 433 1137)
3(1138 1243 440)
3(1138 440 433)
3(1138 433 1243)
3(1243 1266 454)
3(1240 1243 454)
3(1240 454 1266)
3(295 311 1037)
3(262 1037 311)
3(262 295 1037)
3(237 1089 1010)
3(1020 1089 237)
3(1020 237 1010)
3(259 981 913)
3(259 913 1032)
3(259 1032 981)
3(1219 393 410)
3(1219 382 393)
3(864 718 313)
3(303 313 718)
3(303 718 864)
3(662 73 496)
3(497 73 662)
3(203 933 811)
3(203 932 933)
3(203 811 932)
3(373 1250 1224)
3(406 1250 373)
3(920 314 1015)
3(919 314 920)
3(119 58 647)
3(647 58 648)
3(369 706 705)
3(369 370 706)
3(369 705 370)
3(705 706 370)
3(546 440 409)
3(546 411 440)
3(546 409 411)
3(1267 392 1264)
3(1287 1264 392)
3(1185 1149 329)
3(1185 329 393)
3(393 329 1149)
3(1185 393 1149)
3(756 897 278)
3(1175 440 1244)
3(423 1175 1244)
3(423 440 1175)
3(320 1147 1183)
3(320 1183 613)
3(1227 1191 477)
3(1296 477 1191)
3(1200 1123 322)
3(1200 322 1196)
3(1196 322 1123)
3(1116 1191 477)
3(1058 314 1015)
3(1058 920 314)
3(1225 393 1251)
3(393 1261 1251)
3(1225 1261 393)
3(359 1015 314)
3(237 1015 359)
3(936 298 877)
3(298 242 877)
3(936 242 298)
3(936 877 242)
3(298 1057 975)
3(298 975 957)
3(298 957 1057)
3(199 929 808)
3(199 808 807)
3(199 807 929)
3(628 536 30)
3(30 536 102)
3(628 30 102)
3(321 1085 1057)
3(321 1057 1104)
3(360 707 877)
3(360 877 763)
3(1306 1262 457)
3(1306 457 1311)
3(1262 1311 457)
3(280 356 765)
3(280 765 687)
3(356 687 765)
3(1262 457 418)
3(1306 1262 418)
3(219 628 153)
3(628 102 153)
3(645 116 117)
3(116 794 117)
3(431 427 820)
3(431 820 817)
3(427 817 820)
3(431 817 427)
3(537 31 154)
3(747 415 550)
3(670 415 747)
3(1108 1098 376)
3(1108 376 331)
3(1108 331 1098)
3(331 376 1098)
3(207 888 95)
3(331 1108 1070)
3(331 1070 1068)
3(331 1068 1108)
3(240 996 986)
3(193 986 996)
3(193 240 986)
3(193 996 240)
3(939 827 239)
3(996 239 827)
3(996 939 239)
3(1306 1265 406)
3(1306 418 1265)
3(418 406 1265)
3(1133 436 557)
3(1133 408 436)
3(557 436 408)
3(677 296 876)
3(824 876 296)
3(824 296 677)
3(214 833 937)
3(1027 214 937)
3(553 554 464)
3(672 464 554)
3(1034 1042 231)
3(1042 978 231)
3(1034 231 978)
3(1142 604 361)
3(1189 434 1151)
3(1189 1151 410)
3(1189 410 434)
3(470 1241 467)
3(470 1272 1241)
3(470 467 1272)
3(263 296 876)
3(677 296 263)
3(677 263 876)
3(563 296 375)
3(563 341 296)
3(755 278 825)
3(755 679 278)
3(563 296 678)
3(563 564 296)
3(678 896 296)
3(296 896 824)
3(678 296 824)
3(1273 380 1223)
3(1273 1289 380)
3(380 1289 1223)
3(362 377 1246)
3(1143 377 362)
3(1143 362 1246)
3(622 768 96)
3(768 213 96)
3(328 715 607)
3(328 714 715)
3(328 607 714)
3(383 361 1142)
3(1178 1142 361)
3(1178 383 1142)
3(278 565 375)
3(1092 1032 310)
3(1092 310 1059)
3(174 774 219)
3(174 102 774)
3(386 1229 379)
3(386 392 1229)
3(412 1289 1318)
3(1280 1289 412)
3(1280 412 1318)
3(262 971 832)
3(262 178 971)
3(178 832 971)
3(262 832 178)
3(971 1035 311)
3(971 311 1037)
3(1273 380 1249)
3(380 1223 1249)
3(300 1086 294)
3(300 318 1086)
3(1320 1307 449)
3(222 301 857)
3(222 857 225)
3(295 974 235)
3(262 974 295)
3(262 235 974)
3(1273 406 1249)
3(380 1249 406)
3(472 1329 443)
3(472 474 1329)
3(1124 347 575)
3(347 1161 575)
3(1124 1161 347)
3(1096 300 1039)
3(1039 300 1043)
3(1066 367 359)
3(1066 365 367)
3(123 486 651)
3(1175 440 1214)
3(328 607 1144)
3(328 1144 1180)
3(423 1139 1244)
3(423 1175 1139)
3(719 718 313)
3(765 257 766)
3(891 766 257)
3(891 257 765)
3(328 607 608)
3(328 608 1144)
3(1080 1079 403)
3(1075 403 1079)
3(1080 403 1075)
3(329 283 724)
3(724 283 616)
3(329 724 616)
3(724 725 283)
3(329 283 725)
3(329 725 724)
3(438 436 1171)
3(438 1171 462)
3(462 1171 436)
3(394 1271 1275)
3(394 1245 1271)
3(416 1312 1260)
3(428 1257 388)
3(1302 1257 428)
3(1302 428 388)
3(269 1028 267)
3(309 267 1028)
3(1084 334 335)
3(1084 350 334)
3(1084 335 350)
3(1247 328 1144)
3(1247 1180 328)
3(462 1171 1134)
3(462 1211 1171)
3(462 1134 1211)
3(1055 1056 345)
3(1055 345 955)
3(1084 334 1073)
3(335 1073 334)
3(951 844 435)
3(435 844 950)
3(853 957 370)
3(298 853 370)
3(298 957 853)
3(1317 1306 457)
3(1317 457 1311)
3(124 652 802)
3(124 802 653)
3(124 653 652)
3(281 575 325)
3(281 347 575)
3(347 325 575)
3(263 306 677)
3(263 677 753)
3(306 753 677)
3(263 753 306)
3(360 853 707)
3(675 559 402)
3(560 675 402)
3(560 402 559)
3(853 877 360)
3(919 190 237)
3(237 190 1010)
3(919 1010 190)
3(919 237 1010)
3(1265 406 1290)
3(1155 1191 477)
3(1155 477 1116)
3(1259 424 405)
3(1259 405 389)
3(1259 389 424)
3(1317 1300 442)
3(442 1300 1318)
3(1317 442 1318)
3(657 128 68)
3(657 129 128)
3(657 68 129)
3(414 1271 1275)
3(394 1271 414)
3(394 414 1275)
3(412 1289 380)
3(193 124 802)
3(124 194 802)
3(193 802 194)
3(1242 1217 383)
3(383 1217 421)
3(1242 421 1217)
3(1242 383 421)
3(379 1195 351)
3(1159 351 1195)
3(397 1277 1268)
3(1277 422 1268)
3(397 422 1277)
3(397 1268 422)
3(1155 458 477)
3(397 1268 1246)
3(397 1246 377)
3(397 377 1268)
3(1296 473 477)
3(475 473 1296)
3(397 1216 1268)
3(397 1277 1216)
3(317 1047 336)
3(317 302 1047)
3(1155 471 452)
3(1155 452 593)
3(593 452 471)
3(1155 593 471)
3(262 974 832)
3(262 971 974)
3(196 127 805)
3(196 805 197)
3(127 197 805)
3(1298 372 1196)
3(1287 1196 372)
3(965 879 230)
3(372 389 1202)
3(347 1202 389)
3(372 1202 347)
3(575 325 760)
3(575 760 281)
3(1328 447 1319)
3(987 195 242)
3(987 242 907)
3(242 195 907)
3(347 575 576)
3(384 544 1140)
3(1276 453 475)
3(1276 466 453)
3(1276 475 466)
3(1295 459 1309)
3(1309 459 1285)
3(1295 1285 459)
3(1141 602 327)
3(1178 1141 327)
3(614 320 721)
3(320 613 721)
3(284 245 1022)
3(285 284 1022)
3(285 1022 245)
3(491 657 128)
3(1039 1086 300)
3(1096 300 1086)
3(384 543 544)
3(384 544 354)
3(193 801 802)
3(802 801 124)
3(193 124 801)
3(161 740 641)
3(161 641 504)
3(384 543 1140)
3(378 838 837)
3(378 837 945)
3(378 945 838)
3(170 98 770)
3(170 770 215)
3(181 780 914)
3(781 181 914)
3(1247 394 1144)
3(1144 394 328)
3(1247 328 394)
3(328 340 608)
3(328 608 279)
3(340 279 608)
3(1309 1319 459)
3(1295 459 1319)
3(1054 1055 355)
3(374 355 1055)
3(1054 355 374)
3(1054 374 1055)
3(447 1328 459)
3(472 459 1328)
3(472 1328 447)
3(1319 459 447)
3(1328 459 1319)
3(973 371 1077)
3(973 403 371)
3(973 1077 403)
3(1201 1259 389)
3(1201 389 1293)
3(1259 1293 389)
3(405 1315 1304)
3(405 1304 432)
3(432 1304 1315)
3(405 432 1315)
3(353 572 573)
3(325 572 353)
3(325 353 573)
3(397 1246 362)
3(405 1315 1294)
3(209 740 832)
3(209 787 740)
3(771 216 99)
3(625 99 216)
3(625 771 99)
3(156 738 35)
3(541 156 35)
3(541 35 738)
3(139 105 501)
3(139 501 640)
3(139 640 105)
3(105 640 501)
3(150 625 24)
3(625 99 24)
3(150 99 625)
3(1238 366 1206)
3(400 1238 1206)
3(400 1206 366)
3(1155 471 458)
3(1252 1297 426)
3(449 426 1297)
3(449 1252 426)
3(1166 1239 366)
3(1128 1166 366)
3(588 429 450)
3(695 588 450)
3(695 429 588)
3(104 738 156)
3(177 156 738)
3(104 177 738)
3(1251 418 1265)
3(1265 418 1261)
3(1251 1261 418)
3(273 309 1087)
3(309 1028 1087)
3(631 106 157)
3(631 41 106)
3(631 157 41)
3(691 692 417)
3(691 417 585)
3(307 1032 976)
3(307 976 1059)
3(407 848 385)
3(385 848 448)
3(407 448 848)
3(378 839 840)
3(330 338 1097)
3(330 1097 326)
3(326 1097 338)
3(378 692 691)
3(838 378 691)
3(838 692 378)
3(366 1206 1239)
3(366 1166 1206)
3(1065 1106 277)
3(1065 277 1067)
3(277 1106 1067)
3(693 429 587)
3(694 587 429)
3(1084 1100 334)
3(350 1100 1084)
3(350 334 1100)
3(1106 1109 326)
3(277 1109 1106)
3(277 1106 326)
3(346 1050 948)
3(947 1050 346)
3(947 346 948)
3(467 1241 460)
3(417 691 378)
3(417 378 692)
3(1042 231 275)
3(1034 1042 275)
3(1034 275 231)
3(1127 323 569)
3(1164 323 1127)
3(371 1007 872)
3(818 1007 371)
3(391 413 1203)
3(396 391 1203)
3(396 1203 413)
3(111 46 516)
3(111 516 47)
3(108 43 513)
3(224 184 784)
3(185 784 184)
3(923 189 1020)
3(236 923 1020)
3(236 1020 189)
3(236 189 923)
3(1317 457 442)
3(442 457 1300)
3(1317 1300 457)
3(995 1063 365)
3(330 338 1101)
3(631 186 157)
3(631 511 106)
3(106 511 41)
3(631 41 511)
3(337 1097 326)
3(263 753 876)
3(451 1192 1253)
3(1192 458 1253)
3(342 366 566)
3(278 342 566)
3(104 738 35)
3(93 519 510)
3(93 10 519)
3(93 510 10)
3(509 500 137)
3(500 665 137)
3(160 785 644)
3(160 644 639)
3(439 1319 459)
3(1314 432 1322)
3(439 1322 432)
3(1314 439 432)
3(413 1255 1278)
3(413 1278 1197)
3(181 180 780)
3(108 780 180)
3(181 780 108)
3(193 986 802)
3(193 801 986)
3(93 620 510)
3(93 519 620)
3(225 858 304)
3(304 858 301)
3(258 977 260)
3(997 983 194)
3(997 194 802)
3(372 1293 389)
3(372 424 1293)
3(424 389 1293)
3(510 620 157)
3(631 157 620)
3(631 510 157)
3(1259 1316 424)
3(424 1316 1293)
3(1259 424 1293)
3(442 412 1321)
3(414 1321 412)
3(941 251 290)
3(169 222 769)
3(169 769 1003)
3(222 1003 769)
3(350 1100 1086)
3(214 833 769)
3(937 214 769)
3(141 740 209)
3(161 209 740)
3(161 740 141)
3(163 142 741)
3(163 741 87)
3(741 142 87)
3(454 1243 1174)
3(1174 1243 433)
3(187 922 795)
3(921 922 187)
3(741 767 163)
3(741 163 642)
3(291 253 1036)
3(309 291 1036)
3(309 1036 253)
3(578 322 1160)
3(577 322 578)
3(577 1160 322)
3(1027 168 266)
3(214 1027 266)
3(872 371 816)
3(149 21 731)
3(459 1328 1303)
3(1303 1328 472)
3(459 1303 472)
3(653 125 124)
3(213 855 167)
3(167 855 147)
3(1285 1272 459)
3(1285 1272 470)
3(1285 470 459)
3(470 1272 459)
3(398 315 1248)
3(1182 398 1248)
3(1182 315 398)
3(1182 1248 315)
3(456 1326 1329)
3(474 456 1329)
3(212 265 918)
3(224 918 265)
3(212 918 224)
3(338 1094 293)
3(338 273 1094)
3(1328 459 1309)
3(642 740 141)
3(924 189 797)
3(924 798 189)
3(741 208 142)
3(741 163 208)
3(108 513 633)
3(1094 1097 326)
3(326 1097 1064)
3(1094 326 1064)
3(1232 1177 384)
3(1232 384 327)
3(1177 327 384)
3(765 257 280)
3(280 257 766)
3(765 280 766)
3(634 44 109)
3(326 338 1094)
3(326 1094 293)
3(251 206 886)
3(251 886 208)
3(886 206 208)
3(929 930 246)
3(200 246 930)
3(200 929 246)
3(632 511 106)
3(631 632 106)
3(1232 383 1242)
3(303 718 717)
3(863 718 303)
3(863 303 717)
3(43 633 513)
3(1009 1087 273)
3(1087 1094 273)
3(167 729 855)
3(137 500 77)
3(159 500 137)
3(187 261 922)
3(1018 187 922)
3(1018 261 187)
3(985 317 814)
3(988 814 317)
3(42 106 632)
3(42 511 106)
3(42 632 511)
3(739 140 83)
3(739 162 140)
3(93 620 157)
3(93 157 510)
3(985 317 336)
3(985 357 317)
3(75 499 136)
3(499 76 136)
3(664 75 499)
3(664 499 136)
3(664 136 75)
3(675 751 402)
3(1188 391 1294)
3(1188 1281 391)
3(391 1281 1294)
3(388 425 1308)
3(388 1279 425)
3(450 1114 429)
3(342 323 1127)
3(342 1127 396)
3(396 1127 323)
3(1153 455 450)
3(455 1114 450)
3(442 1300 453)
3(442 1326 1300)
3(903 983 241)
3(902 903 241)
3(902 241 983)
3(903 241 907)
3(831 907 241)
3(529 24 625)
3(625 24 530)
3(1012 234 293)
3(1012 293 233)
3(1012 233 234)
3(1095 324 399)
3(1095 381 324)
3(1095 399 381)
3(364 1093 1105)
3(364 1105 1068)
3(364 1068 1093)
3(883 629 220)
3(775 220 629)
3(241 907 983)
3(174 154 883)
3(174 883 736)
3(174 736 154)
3(883 154 736)
3(416 1310 443)
3(635 110 182)
3(635 109 110)
3(225 857 958)
3(225 958 858)
3(634 109 635)
3(781 109 634)
3(391 1281 1203)
3(1281 413 1203)
3(391 413 1281)
3(1156 1118 446)
3(1156 446 1234)
3(682 758 297)
3(682 297 571)
3(737 538 33)
3(539 737 33)
3(606 605 304)
3(713 606 304)
3(1093 1105 381)
3(364 1093 381)
3(1012 308 234)
3(1012 1013 308)
3(1012 234 1013)
3(420 842 441)
3(441 842 695)
3(420 441 695)
3(420 695 842)
3(291 1011 302)
3(291 302 1079)
3(302 1011 1079)
3(803 125 126)
3(803 126 195)
3(803 195 125)
3(1062 223 1005)
3(1062 1011 223)
3(1005 223 1011)
3(709 602 327)
3(601 327 602)
3(709 327 601)
3(222 856 857)
3(856 301 857)
3(545 1139 409)
3(546 409 1139)
3(546 545 409)
3(631 778 186)
3(211 778 631)
3(412 442 1317)
3(412 1317 457)
3(322 576 1161)
3(322 1123 576)
3(322 1161 1123)
3(1012 308 293)
3(1012 1064 308)
3(1013 308 1064)
3(296 1 341)
3(296 341 562)
3(365 1063 993)
3(1063 359 993)
3(1012 1064 293)
3(293 1064 308)
3(733 880 151)
3(733 151 171)
3(733 171 880)
3(632 107 106)
3(307 968 1032)
3(259 1032 968)
3(259 968 307)
3(259 307 1032)
3(391 1294 1198)
3(1188 391 1198)
3(856 222 998)
3(965 230 964)
3(270 230 965)
3(401 1060 1029)
3(1076 401 1029)
3(565 366 1166)
3(1166 366 1129)
3(943 336 834)
3(943 1001 336)
3(836 349 999)
3(836 835 349)
3(1233 1191 473)
3(458 1233 473)
3(285 1023 1071)
3(1023 286 1071)
3(1244 1215 423)
3(1244 423 1270)
3(423 1215 1270)
3(299 813 744)
3(299 666 813)
3(1120 1195 386)
3(386 1195 1158)
3(1120 386 1158)
3(1207 341 1130)
3(1207 375 341)
3(237 1015 1089)
3(237 1074 1015)
3(237 1089 1074)
3(883 154 220)
3(883 629 154)
3(427 415 820)
3(815 820 415)
3(815 415 427)
3(925 191 876)
3(925 911 191)
3(876 191 911)
3(342 1128 566)
3(1128 366 566)
3(351 0 580)
3(351 580 1121)
3(351 1121 0)
3(314 306 823)
3(823 306 893)
3(314 823 893)
3(263 238 876)
3(238 296 876)
3(253 855 167)
3(611 313 718)
3(611 718 303)
3(317 985 793)
3(317 793 357)
3(380 1223 1146)
3(380 1183 1223)
3(380 1146 1183)
3(285 1023 1022)
3(1094 1097 338)
3(346 1050 946)
3(346 1049 1050)
3(346 946 1049)
3(214 266 937)
3(214 937 222)
3(266 222 937)
3(1094 1087 338)
3(168 768 730)
3(168 833 768)
3(168 730 833)
3(730 96 768)
3(168 96 730)
3(168 768 96)
3(652 801 124)
3(940 241 997)
3(940 830 241)
3(997 241 830)
3(423 1215 384)
3(423 421 1215)
3(1215 421 384)
3(741 208 886)
3(886 208 142)
3(343 271 1081)
3(1081 271 358)
3(343 1081 358)
3(416 1260 394)
3(416 394 1275)
3(394 1260 1275)
3(1108 1081 376)
3(1098 376 1081)
3(163 767 208)
3(178 208 767)
3(872 669 411)
3(746 872 411)
3(746 411 669)
3(415 444 550)
3(550 444 549)
3(1175 423 409)
3(1175 409 440)
3(401 1076 337)
3(1108 1081 358)
3(1108 358 376)
3(1081 376 358)
3(876 191 238)
3(876 263 191)
3(141 178 642)
3(1108 1083 358)
3(1081 358 1083)
3(181 780 258)
3(258 780 914)
3(181 258 914)
3(1143 1180 362)
3(362 1180 377)
3(752 402 560)
3(752 675 402)
3(560 561 402)
3(752 402 561)
3(440 548 411)
3(440 411 547)
3(548 547 411)
3(397 1216 1217)
3(1142 1216 397)
3(1142 397 1217)
3(421 1256 422)
3(654 489 65)
3(654 65 488)
3(529 150 625)
3(529 24 150)
3(427 817 906)
3(989 817 427)
3(989 427 906)
3(652 123 124)
3(123 801 124)
3(444 551 1173)
3(444 1136 551)
3(444 1173 1136)
3(171 880 990)
3(171 942 880)
3(171 990 942)
3(238 876 925)
3(238 925 191)
3(296 562 754)
3(296 754 677)
3(676 306 1)
3(306 561 1)
3(296 306 677)
3(306 753 676)
3(306 1 753)
3(358 1105 1083)
3(0 282 764)
3(0 763 282)
3(763 764 282)
3(854 871 257)
3(854 257 935)
3(871 935 257)
3(1041 1009 273)
3(1041 233 1009)
3(1313 1303 472)
3(1120 369 351)
3(1120 351 600)
3(1120 600 369)
3(100 152 734)
3(100 734 27)
3(385 954 345)
3(385 345 850)
3(269 1045 1028)
3(269 1041 1045)
3(174 220 883)
3(300 938 256)
3(254 256 938)
3(1093 355 1054)
3(1054 355 1103)
3(1093 1103 355)
3(407 847 701)
3(1320 1316 445)
3(1054 381 1093)
3(1102 381 1054)
3(212 918 794)
3(185 212 794)
3(185 918 212)
3(388 1206 1239)
3(388 366 1206)
3(716 279 862)
3(861 862 279)
3(785 116 794)
3(185 794 116)
3(785 185 116)
3(1054 381 355)
3(1093 355 381)
3(650 485 121)
3(485 484 121)
3(99 530 625)
3(796 187 795)
3(796 118 187)
3(1172 470 1241)
3(460 1241 470)
3(1172 1241 460)
3(1172 460 470)
3(509 143 508)
3(509 665 143)
3(49 158 518)
3(916 182 183)
3(916 183 234)
3(916 234 182)
3(796 187 922)
3(203 812 811)
3(470 1241 1210)
3(470 1210 1172)
3(690 417 349)
3(390 417 690)
3(390 690 349)
3(852 853 370)
3(706 852 370)
3(188 922 187)
3(188 261 922)
3(535 30 628)
3(783 224 184)
3(783 784 224)
3(148 730 96)
3(148 19 730)
3(1092 1030 310)
3(1030 1032 310)
3(4 138 137)
3(4 137 78)
3(4 78 138)
3(100 172 772)
3(734 172 100)
3(734 100 772)
3(734 772 172)
3(693 692 429)
3(378 429 692)
3(882 628 219)
3(55 160 644)
3(55 644 54)
3(1005 168 833)
3(1005 768 168)
3(232 1030 254)
3(232 905 1030)
3(232 254 905)
3(245 1021 1022)
3(245 928 1021)
3(1152 429 586)
3(1152 1113 429)
3(586 429 1113)
3(417 1113 585)
3(586 1113 417)
3(586 417 429)
3(586 429 692)
3(417 692 429)
3(695 696 441)
3(441 696 589)
3(528 98 624)
3(528 732 98)
3(1152 429 587)
3(586 587 429)
3(386 1229 1195)
3(386 1195 379)
3(351 386 1120)
3(351 1195 386)
3(351 1120 1195)
3(386 1120 369)
3(1148 373 1251)
3(393 373 1148)
3(404 704 597)
3(404 597 703)
3(378 840 420)
3(420 840 429)
3(1247 1260 394)
3(377 394 1260)
3(1247 377 1260)
3(1247 394 377)
3(347 574 1124)
3(347 575 574)
3(590 1115 450)
3(899 758 297)
3(347 1162 1124)
3(347 574 1162)
3(807 928 198)
3(807 199 928)
3(563 375 1167)
3(633 107 180)
3(779 180 107)
3(818 415 746)
3(872 746 415)
3(375 1167 564)
3(563 375 564)
3(431 415 820)
3(553 431 552)
3(671 431 820)
3(671 817 431)
3(172 772 217)
3(100 217 772)
3(404 448 703)
3(596 404 703)
3(596 703 448)
3(152 734 172)
3(224 917 918)
3(224 784 917)
3(240 829 901)
3(994 829 240)
3(299 708 601)
3(299 3 708)
3(385 448 703)
3(373 1250 1184)
3(1292 473 1307)
3(1307 473 1253)
3(1292 1253 473)
3(535 29 735)
3(153 735 29)
3(153 29 535)
3(356 765 257)
3(89 509 143)
3(97 526 20)
3(380 315 1248)
3(398 380 1248)
3(610 303 340)
3(610 315 303)
3(610 340 315)
3(664 75 498)
3(4 509 137)
3(4 138 509)
3(509 138 137)
3(240 297 996)
3(239 240 996)
3(239 996 297)
3(313 719 720)
3(313 612 719)
3(240 828 996)
3(828 297 996)
3(240 297 828)
3(973 427 989)
3(973 815 427)
3(940 194 241)
3(940 241 240)
3(940 240 194)
3(126 655 196)
3(127 196 655)
3(199 200 808)
3(199 929 200)
3(653 802 125)
3(803 653 125)
3(88 142 643)
3(164 643 142)
3(919 892 314)
3(314 892 263)
3(142 643 507)
3(638 112 637)
3(517 637 112)
3(1088 1097 337)
3(1088 337 1076)
3(234 916 1013)
3(916 224 1013)
3(234 1013 224)
3(234 224 916)
3(108 107 633)
3(43 108 633)
3(337 1109 1097)
3(111 183 783)
3(111 783 636)
3(111 636 183)
3(1232 1140 384)
3(1177 384 1140)
3(1061 343 339)
3(778 620 186)
3(778 186 728)
3(485 122 650)
3(485 121 122)
3(650 122 121)
3(1232 1242 384)
3(796 188 187)
3(796 118 188)
3(147 622 729)
3(147 729 523)
3(147 855 729)
3(1080 1076 330)
3(376 1061 339)
3(1061 1098 339)
3(376 1098 1061)
3(376 339 1098)
3(214 148 833)
3(148 168 833)
3(772 231 969)
3(172 231 772)
3(172 969 231)
3(111 184 783)
3(183 783 184)
3(124 652 63)
3(860 960 272)
3(1096 318 1099)
3(860 859 272)
3(960 272 859)
3(111 783 637)
3(111 637 636)
3(115 160 639)
3(115 639 113)
3(160 113 639)
3(185 785 160)
3(115 160 478)
3(115 478 639)
3(160 639 478)
3(111 184 637)
3(723 283 616)
3(724 283 723)
3(1042 275 229)
3(1042 319 275)
3(953 407 954)
3(953 345 407)
3(953 954 345)
3(407 345 954)
3(936 298 975)
3(298 877 975)
3(115 54 478)
3(533 28 627)
3(488 65 125)
3(378 947 839)
3(378 946 947)
3(378 839 946)
3(0 282 580)
3(124 802 125)
3(803 654 125)
3(679 565 278)
3(704 370 385)
3(704 369 370)
3(564 565 375)
3(278 564 375)
3(278 565 564)
3(939 826 239)
3(1205 428 1239)
3(342 1239 428)
3(342 428 1205)
3(328 715 608)
3(725 305 726)
3(725 870 305)
3(359 1058 314)
3(359 1015 1058)
3(386 598 1158)
3(1119 386 1158)
3(1119 598 386)
3(1055 355 1103)
3(326 1106 1064)
3(326 1097 1106)
3(230 868 869)
3(868 283 869)
3(664 663 135)
3(664 135 890)
3(372 1293 1202)
3(1293 389 1202)
3(898 239 939)
3(898 826 239)
3(255 967 871)
3(255 871 870)
3(498 663 135)
3(498 135 664)
3(664 205 890)
3(255 935 871)
3(255 967 935)
3(499 136 665)
3(664 665 136)
3(445 1320 476)
3(1320 449 476)
3(445 449 1320)
3(280 688 368)
3(280 687 688)
3(871 255 305)
3(871 305 257)
3(871 257 255)
3(882 256 984)
3(882 938 256)
3(256 938 984)
3(623 97 20)
3(623 148 97)
3(623 20 148)
3(105 37 541)
3(4 500 137)
3(882 256 173)
3(256 984 173)
3(102 536 31)
3(536 736 31)
3(882 256 219)
3(219 938 256)
3(959 215 960)
3(878 215 959)
3(304 272 859)
3(304 859 225)
3(225 859 272)
3(1243 461 1266)
3(1243 1214 461)
3(1214 1266 461)
3(1243 461 454)
3(1266 454 461)
3(960 272 215)
3(960 959 272)
3(226 770 961)
3(770 215 961)
3(226 215 770)
3(1243 440 461)
3(1243 1214 440)
3(427 786 906)
3(427 817 786)
3(1270 421 1256)
3(1277 421 1270)
3(1277 1256 421)
3(177 640 139)
3(177 162 640)
3(23 529 732)
3(23 732 528)
3(241 685 316)
3(241 903 685)
3(903 316 685)
3(241 316 903)
3(686 316 762)
3(903 762 316)
3(686 831 282)
3(383 397 1142)
3(360 242 763)
3(360 877 242)
3(983 241 194)
3(983 195 241)
3(1254 1269 400)
3(1254 400 1279)
3(400 1269 1279)
3(342 1128 1165)
3(567 342 1165)
3(567 1128 342)
3(1205 428 1257)
3(1257 428 1239)
3(428 1236 1205)
3(428 1257 1236)
3(211 912 779)
3(211 778 912)
3(211 779 778)
3(647 118 58)
3(119 118 647)
3(779 180 912)
3(211 180 779)
3(645 116 56)
3(58 482 648)
3(207 777 909)
3(207 260 777)
3(777 260 909)
3(207 909 260)
3(198 806 928)
3(198 807 806)
3(621 146 207)
3(621 207 95)
3(1270 423 1256)
3(421 423 1270)
3(1310 443 414)
3(416 1310 414)
3(201 202 931)
3(423 1139 1215)
3(93 13 10)
3(344 1148 373)
3(344 373 1184)
3(344 1184 1148)
3(618 1186 382)
3(1149 618 382)
3(618 382 619)
3(618 305 382)
3(618 619 305)
3(619 382 305)
3(1186 382 619)
3(618 382 329)
3(1149 618 329)
3(1149 329 382)
3(1313 472 1324)
3(1324 472 465)
3(194 241 997)
3(194 997 940)
3(618 305 329)
3(281 322 577)
3(577 322 576)
3(577 316 761)
3(761 316 685)
3(281 316 577)
3(577 316 322)
3(211 179 912)
3(912 179 778)
3(787 235 976)
3(557 436 1171)
3(557 1171 438)
3(557 438 436)
3(438 673 555)
3(556 438 555)
3(556 673 438)
3(438 387 750)
3(408 750 387)
3(408 438 750)
3(912 260 179)
3(796 188 922)
3(29 534 101)
3(441 843 842)
3(303 340 609)
3(610 303 609)
3(147 729 17)
3(17 729 523)
3(923 188 797)
3(923 797 189)
3(188 189 797)
3(923 189 188)
3(400 1206 1269)
3(451 1234 446)
3(128 657 198)
3(1193 1264 437)
3(225 859 858)
3(225 858 959)
3(225 959 859)
3(386 1194 1229)
3(1229 1194 392)
3(386 392 1194)
3(281 901 830)
3(281 240 901)
3(240 830 901)
3(281 830 240)
3(0 600 360)
3(236 261 1067)
3(236 1067 1019)
3(236 1019 261)
3(1238 366 1129)
3(366 1206 1129)
3(188 797 796)
3(923 188 796)
3(236 292 1090)
3(277 236 1090)
3(277 1090 292)
3(1321 1310 443)
3(1321 414 1310)
3(1204 405 1282)
3(1204 1198 405)
3(329 1185 344)
3(1185 616 344)
3(1181 328 608)
3(1144 328 1181)
3(471 1116 592)
3(471 1155 1116)
3(471 592 1155)
3(1204 353 389)
3(1204 405 353)
3(1204 389 405)
3(455 1230 1152)
3(455 1226 1230)
3(455 1152 1226)
3(933 890 204)
3(204 890 812)
3(1259 405 1282)
3(1204 405 1259)
3(439 1308 388)
3(423 409 1139)
3(1175 1139 409)
3(933 941 204)
3(204 941 890)
3(1321 1318 442)
3(1321 442 1325)
3(442 1318 1325)
3(1244 423 1256)
3(1244 461 1256)
3(434 429 1113)
3(417 434 1113)
3(417 1113 429)
3(149 624 527)
3(149 22 624)
3(149 527 22)
3(624 22 527)
3(229 910 1004)
3(229 1004 766)
3(229 766 910)
3(1262 1288 434)
3(434 1288 1189)
3(1175 546 440)
3(1175 409 546)
3(944 1035 290)
3(944 290 264)
3(1035 264 290)
3(944 264 1035)
3(1221 394 1247)
3(1260 394 1221)
3(1295 459 1286)
3(1319 1286 459)
3(944 290 1026)
3(941 290 944)
3(1035 290 1026)
3(354 317 742)
3(1133 436 1171)
3(375 1129 564)
3(1167 1129 375)
3(1170 408 558)
3(408 559 558)
3(1170 559 408)
3(343 376 1061)
3(148 525 19)
3(148 20 525)
3(631 620 186)
3(464 1135 554)
3(1212 1132 395)
3(1170 395 1132)
3(1170 408 1133)
3(1147 1184 320)
3(1147 320 1250)
3(320 1184 1250)
3(1222 1182 398)
3(1222 398 1248)
3(345 851 956)
3(345 956 370)
3(345 370 851)
3(549 1137 433)
3(549 444 1137)
3(851 955 345)
3(1259 1316 405)
3(424 405 1316)
3(445 1323 1327)
3(1315 1323 445)
3(405 1282 1316)
3(1277 1217 397)
3(1292 1191 473)
3(1292 473 1233)
3(1077 336 943)
3(1077 1075 336)
3(336 1075 943)
3(1055 345 321)
3(1055 355 345)
3(1298 424 1297)
3(424 1293 1297)
3(1298 1293 424)
3(409 1176 1139)
3(409 545 1176)
3(709 602 301)
3(709 301 327)
3(1256 422 1268)
3(1256 1277 422)
3(1256 1312 422)
3(1277 421 1242)
3(850 345 851)
3(470 1210 1272)
3(1065 261 265)
3(265 261 1018)
3(1065 265 1018)
3(1265 373 418)
3(1251 373 1265)
3(400 1279 388)
3(353 572 1125)
3(573 353 1125)
3(970 213 223)
3(1005 223 213)
3(970 223 1005)
3(571 348 572)
3(1163 348 571)
3(492 68 129)
3(1188 1203 391)
3(555 430 673)
3(438 673 430)
3(555 438 430)
3(391 1281 1304)
3(93 10 40)
3(440 548 433)
3(548 411 433)
3(353 1162 389)
3(347 389 1162)
3(347 1162 353)
3(276 1083 358)
3(324 358 1083)
3(276 324 1083)
3(462 1286 1295)
3(462 459 1286)
3(462 1295 459)
3(325 574 575)
3(325 760 574)
3(1292 473 1305)
3(1159 1120 351)
3(351 1120 1121)
3(1159 351 1121)
3(149 527 731)
3(149 21 527)
3(1292 473 1296)
3(1296 473 1305)
3(970 253 223)
3(970 1036 253)
3(1002 253 1036)
3(253 970 1011)
3(253 1011 1036)
3(1328 1329 447)
3(1329 1323 447)
3(921 1018 187)
3(1065 261 308)
3(1065 308 265)
3(53 114 478)
3(53 6 114)
3(1236 1197 428)
3(396 1236 428)
3(396 1197 1236)
3(57 647 118)
3(799 650 121)
3(925 799 191)
3(490 66 655)
3(461 469 1284)
3(1284 469 465)
3(1284 469 1266)
3(1299 469 1284)
3(432 1323 1314)
3(1152 429 1114)
3(214 169 769)
3(97 214 769)
3(432 1323 1304)
3(238 876 824)
3(919 190 982)
3(919 887 190)
3(982 190 887)
3(189 923 924)
3(342 1205 1165)
3(314 920 892)
3(417 584 691)
3(417 585 584)
3(416 422 1312)
3(1092 294 310)
3(1030 310 294)
3(603 361 1178)
3(603 1142 361)
3(348 323 570)
3(348 570 297)
3(442 1326 1318)
3(152 627 533)
3(152 533 28)
3(597 598 404)
3(404 598 1119)
3(597 404 1119)
3(978 772 231)
3(978 231 969)
3(1236 1255 428)
3(369 706 599)
3(229 910 1042)
3(229 1042 1004)
3(667 793 354)
3(416 1260 377)
3(328 714 279)
3(328 279 715)
3(330 1079 403)
3(330 403 1080)
3(723 344 312)
3(723 615 344)
3(624 149 731)
3(878 731 149)
3(878 149 624)
3(393 1148 344)
3(393 344 1185)
3(1148 1185 344)
3(860 304 859)
3(713 304 860)
3(229 978 910)
3(990 978 229)
3(990 229 910)
3(353 1198 1125)
3(1163 1198 353)
3(1163 353 1125)
3(744 299 885)
3(1127 323 568)
3(569 568 323)
3(940 986 240)
3(240 986 994)
3(472 1329 1324)
3(1324 1329 443)
3(472 1324 443)
3(650 651 122)
3(122 651 485)
3(1042 231 229)
3(340 1182 315)
3(340 398 1182)
3(280 229 766)
3(229 257 766)
3(1042 229 978)
3(382 581 356)
3(1265 1288 418)
3(1306 418 1288)
3(33 737 103)
3(737 538 103)
3(29 735 534)
3(434 429 1152)
3(280 229 1004)
3(639 114 113)
3(113 114 518)
3(639 518 114)
3(229 231 978)
3(978 231 217)
3(229 978 217)
3(176 968 884)
3(503 83 739)
3(503 739 140)
3(540 738 35)
3(104 738 540)
3(104 540 35)
3(254 294 1030)
3(232 1030 294)
3(115 114 478)
3(115 478 53)
3(116 794 212)
3(115 114 639)
3(586 693 429)
3(121 61 485)
3(61 122 485)
3(486 122 123)
3(486 651 122)
3(651 123 122)
3(800 191 925)
3(800 799 191)
3(991 419 1040)
3(991 979 419)
3(419 979 1040)
3(1235 1264 392)
3(1235 392 437)
3(1235 437 1264)
3(1237 425 1263)
3(1211 1263 425)
3(1211 425 1237)
3(487 652 63)
3(124 652 487)
3(124 487 63)
3(192 191 800)
3(192 800 122)
3(122 800 191)
3(192 925 800)
3(192 191 925)
3(122 651 800)
3(192 651 122)
3(122 800 799)
3(122 799 191)
3(810 661 132)
3(810 132 660)
3(660 132 661)
3(248 1024 931)
3(247 1024 248)
3(864 313 270)
3(864 270 226)
3(467 1272 1274)
3(705 369 704)
3(966 868 230)
3(1081 271 1016)
3(1016 271 1031)
3(606 1180 362)
3(1081 343 1016)
3(1016 343 271)
3(1027 168 1005)
3(266 1005 168)
3(623 97 526)
3(623 526 20)
3(201 931 810)
3(431 820 747)
3(1266 1284 461)
3(1266 461 469)
3(259 981 220)
3(259 220 913)
3(1276 453 1301)
3(475 1301 453)
3(1276 1301 475)
3(78 137 500)
3(262 209 832)
3(262 974 209)
3(1059 295 1037)
3(1059 974 295)
3(295 974 1037)
3(325 829 900)
3(325 900 683)
3(347 325 574)
3(759 297 682)
3(720 865 313)
3(313 865 721)
3(720 313 721)
3(363 290 1035)
3(311 1035 290)
3(1276 1300 453)
3(1276 466 1300)
3(1055 1056 321)
3(321 1056 345)
3(1038 275 1042)
3(1038 1048 275)
3(1042 275 1048)
3(122 800 650)
3(122 650 799)
3(133 811 202)
3(133 203 811)
3(203 202 811)
3(1298 426 424)
3(1298 424 372)
3(424 1297 426)
3(716 609 279)
3(608 279 609)
3(608 716 279)
3(717 609 279)
3(717 279 716)
3(919 190 263)
3(133 661 811)
3(133 811 662)
3(133 662 661)
3(123 193 801)
3(192 801 193)
3(237 189 1010)
3(189 190 1010)
3(1298 372 1202)
3(1196 1202 372)
3(727 871 257)
3(1111 382 1219)
3(880 626 217)
3(772 217 626)
3(1092 295 1037)
3(1092 1059 295)
3(726 618 305)
3(618 725 305)
3(144 501 105)
3(144 541 501)
3(144 105 541)
3(105 501 541)
3(310 1030 981)
3(310 981 1032)
3(350 1100 318)
3(1069 288 289)
3(1069 335 288)
3(665 136 500)
3(159 665 500)
3(159 136 665)
3(1298 372 1293)
3(357 834 371)
3(371 834 336)
3(350 1037 295)
3(438 1134 462)
3(438 1171 1134)
3(1092 350 294)
3(908 228 271)
3(908 271 227)
3(350 1037 1092)
3(350 1092 295)
3(364 1108 1068)
3(442 412 1318)
3(1318 412 1321)
3(811 202 661)
3(133 661 202)
3(281 830 684)
3(133 812 811)
3(531 733 151)
3(100 532 27)
3(100 734 532)
3(27 532 734)
3(1098 1099 332)
3(332 1099 1071)
3(111 636 516)
3(111 46 636)
3(281 901 684)
3(112 184 784)
3(637 112 784)
3(637 184 112)
3(664 789 205)
3(221 664 205)
3(940 830 240)
3(240 830 241)
3(733 626 151)
3(880 151 626)
3(545 409 743)
3(668 743 409)
3(545 668 409)
3(546 440 547)
3(363 1084 1069)
3(363 335 1084)
3(1115 1154 463)
3(402 1169 395)
3(395 1169 341)
3(879 230 964)
3(1066 359 1082)
3(1082 359 1063)
3(879 230 170)
3(879 170 964)
3(590 1115 463)
3(590 463 450)
3(174 774 736)
3(174 883 774)
3(879 216 170)
3(324 1110 1105)
3(1095 1110 324)
3(1095 324 1105)
3(710 301 709)
3(669 745 411)
3(745 547 411)
3(669 411 547)
3(1302 1255 413)
3(1302 413 428)
3(1302 428 1255)
3(248 1025 1024)
3(288 1024 1025)
3(248 288 1025)
3(248 1024 288)
3(196 987 242)
3(895 987 196)
3(895 196 242)
3(196 987 195)
3(289 290 1035)
3(65 489 126)
3(374 1052 952)
3(435 374 952)
3(435 952 1052)
3(435 1052 374)
3(879 216 150)
3(471 477 1155)
3(126 804 196)
3(804 655 196)
3(126 655 804)
3(346 1050 1051)
3(196 195 804)
3(126 804 195)
3(747 815 415)
3(1077 1007 371)
3(973 371 1007)
3(387 790 889)
3(991 790 387)
3(1087 309 338)
3(1087 1036 309)
3(309 1036 338)
3(413 1314 1278)
3(413 1255 1314)
3(660 494 131)
3(133 812 662)
3(71 660 131)
3(71 132 660)
3(980 239 939)
3(1296 473 1191)
3(1052 1033 399)
3(1052 399 1102)
3(1102 399 1033)
3(633 108 180)
3(123 62 486)
3(1027 266 937)
3(326 1109 1097)
3(349 368 835)
3(689 835 368)
3(689 349 835)
3(689 368 349)
3(730 168 148)
3(306 341 561)
3(402 561 341)
3(306 561 402)
3(407 471 699)
3(452 699 471)
3(805 655 196)
3(804 805 196)
3(144 139 501)
3(81 501 139)
3(144 501 81)
3(516 637 111)
3(516 47 637)
3(463 1154 1116)
3(374 381 1054)
3(374 1102 381)
3(222 856 1003)
3(222 1003 857)
3(407 846 471)
3(435 846 407)
3(435 471 846)
3(1204 353 1198)
3(175 884 913)
3(175 913 775)
3(148 525 730)
3(455 434 1152)
3(455 1230 434)
3(405 1315 1282)
3(222 998 1003)
3(856 710 301)
3(856 301 709)
3(723 344 283)
3(991 419 819)
3(991 1017 419)
3(419 1017 819)
3(170 732 964)
3(770 732 170)
3(770 170 964)
3(255 966 230)
3(255 216 966)
3(270 170 963)
3(170 226 963)
3(270 963 226)
3(799 122 121)
3(122 62 486)
3(252 968 259)
3(259 968 175)
3(537 736 31)
3(966 869 230)
3(297 348 572)
3(571 348 297)
3(571 297 572)
3(166 788 641)
3(166 787 788)
3(166 641 787)
3(822 894 352)
3(894 751 352)
3(991 419 790)
3(894 352 992)
3(822 992 352)
3(699 846 471)
3(407 846 699)
3(805 655 127)
3(133 496 73)
3(72 496 133)
3(360 763 282)
3(828 986 240)
3(827 239 899)
3(899 239 758)
3(996 239 899)
3(977 180 260)
3(977 912 180)
3(1094 293 1012)
3(1094 1064 293)
3(782 916 183)
3(741 767 208)
3(642 178 832)
3(178 767 832)
3(970 1011 223)
3(909 267 1028)
3(1002 1028 267)
3(82 501 640)
3(139 501 82)
3(307 968 976)
3(128 657 806)
3(128 806 198)
3(657 198 806)
3(259 913 968)
3(307 252 968)
3(1320 476 1327)
3(445 1327 476)
3(199 658 807)
3(476 1305 1320)
3(476 1327 1305)
3(351 282 579)
3(351 580 282)
3(391 432 1304)
3(391 1304 413)
3(171 257 942)
3(891 257 171)
3(891 942 257)
3(891 171 942)
3(306 892 314)
3(314 892 823)
3(263 887 190)
3(196 805 926)
3(197 926 805)
3(852 957 370)
3(249 932 248)
3(249 248 1025)
3(1004 229 1006)
3(214 97 623)
3(214 623 148)
3(763 282 242)
3(929 1023 246)
3(168 768 213)
3(1069 289 1025)
3(289 1026 1025)
3(623 731 97)
3(623 97 769)
3(302 1075 1079)
3(302 1079 1091)
3(302 1091 1075)
3(222 769 214)
3(623 214 769)
3(642 141 832)
3(141 178 832)
3(141 832 740)
3(141 209 832)
3(178 832 209)
3(913 968 175)
3(259 913 175)
3(252 968 976)
3(1156 595 446)
3(390 583 1150)
3(276 1083 271)
3(358 271 1083)
3(407 848 954)
3(407 954 385)
3(1237 425 1279)
3(171 935 257)
3(171 216 935)
3(216 257 935)
3(230 312 867)
3(867 866 312)
3(947 946 346)
3(452 595 446)
3(1156 595 452)
3(1156 452 446)
3(624 98 22)
3(149 98 624)
3(356 619 727)
3(356 2 619)
3(356 727 2)
3(245 244 928)
3(902 241 830)
3(997 241 902)
3(899 239 297)
3(296 1 306)
3(306 1 341)
3(796 647 119)
3(796 118 647)
3(796 119 118)
3(396 348 1164)
3(396 1164 1203)
3(396 1203 348)
3(270 964 963)
3(170 963 964)
3(772 231 217)
3(280 835 368)
3(368 835 688)
3(95 17 729)
3(522 95 729)
3(522 729 17)
3(522 17 95)
3(623 214 833)
3(324 1083 1105)
3(324 1110 1083)
3(326 308 1064)
3(1106 1064 308)
3(1106 308 326)
3(101 534 735)
3(319 378 945)
3(378 346 945)
3(171 942 771)
3(171 771 880)
3(170 770 963)
3(170 226 770)
3(471 1116 463)
3(463 1116 591)
3(471 591 1116)
3(471 463 591)
3(1115 1228 450)
3(1153 450 1228)
3(293 1064 326)
3(627 734 152)
3(225 857 1003)
3(1047 302 1044)
3(1047 1091 302)
3(218 881 627)
3(167 729 147)
3(675 352 402)
3(1051 324 1095)
3(425 1319 1286)
3(425 459 1319)
3(425 1286 459)
3(95 729 147)
3(163 506 741)
3(163 642 506)
3(752 352 402)
3(163 506 87)
3(270 963 865)
3(270 865 864)
3(270 864 963)
3(163 86 506)
3(387 894 674)
3(408 674 894)
3(387 674 408)
3(387 408 894)
3(306 352 752)
3(893 306 752)
3(1238 375 1129)
3(378 349 945)
3(603 602 361)
3(1012 234 916)
3(1317 1318 412)
3(893 822 352)
3(385 702 448)
3(702 848 448)
3(975 1085 298)
3(232 220 883)
3(232 883 174)
3(407 435 952)
3(435 846 952)
3(1073 288 1024)
3(1073 1025 288)
3(306 677 1)
3(263 191 911)
3(236 1090 1089)
3(1020 236 1089)
3(408 751 558)
3(748 817 431)
3(315 612 1183)
3(1146 612 315)
3(1146 315 1183)
3(287 1073 1024)
3(1072 1073 287)
3(127 490 66)
3(288 289 1025)
3(1069 288 1025)
3(244 1008 927)
3(244 926 1008)
3(244 927 926)
3(292 1089 236)
3(292 1090 1089)
3(347 576 1161)
3(1038 275 1034)
3(1321 1275 414)
3(1288 418 1261)
3(1049 1048 275)
3(1038 1049 275)
3(232 981 310)
3(232 1030 981)
3(232 310 1030)
3(324 275 1110)
3(346 1110 275)
3(1251 1224 373)
3(1112 390 583)
3(455 429 1152)
3(1113 1151 417)
3(417 1151 585)
3(407 953 848)
3(407 848 847)
3(407 847 953)
3(174 774 254)
3(254 774 219)
3(242 907 904)
3(417 691 349)
3(378 947 840)
3(232 220 981)
3(529 732 150)
3(23 150 732)
3(23 529 150)
3(101 735 153)
3(276 969 1031)
3(276 1031 1034)
3(222 769 937)
3(266 972 1046)
3(266 1027 972)
3(266 223 1046)
3(448 595 596)
3(1046 223 1005)
3(1061 1081 343)
3(232 905 174)
3(174 905 883)
3(254 294 1039)
3(321 1104 1056)
3(1088 337 401)
3(1088 401 1076)
3(476 1301 453)
3(397 421 1277)
3(1277 421 422)
3(471 1116 477)
3(997 983 241)
3(276 275 1110)
3(276 1110 324)
3(292 337 1078)
3(292 1078 1107)
3(292 1107 337)
3(1204 1259 389)
3(662 133 496)
3(499 136 500)
3(1088 401 1040)
3(401 1029 1040)
3(1088 1029 401)
3(277 236 1067)
3(236 1090 1067)
3(277 1067 1090)
3(1002 253 167)
3(1002 267 253)
3(292 367 1078)
3(367 337 1078)
3(277 261 1067)
3(314 1058 993)
3(314 993 920)
3(126 489 654)
3(126 654 655)
3(247 286 1023)
3(161 787 740)
3(775 220 103)
3(251 205 941)
3(789 941 205)
3(1039 300 294)
3(933 249 932)
3(203 249 933)
3(287 288 1073)
3(288 334 1073)
3(287 1073 334)
3(1 341 561)
3(237 1015 1010)
3(1016 268 227)
3(271 1016 227)
3(271 268 1016)
3(331 1108 358)
3(634 109 514)
3(635 514 109)
3(1000 196 805)
3(574 325 1162)
3(574 573 325)
3(325 573 1162)
3(476 1327 456)
3(476 453 1327)
3(456 1327 453)
3(247 1024 1023)
3(1023 1024 286)
3(247 286 1024)
3(579 686 316)
3(1127 323 1165)
3(568 1165 323)
3(15 146 521)
3(620 186 157)
3(1077 943 371)
3(93 519 13)
3(93 145 519)
3(918 212 921)
3(918 921 265)
3(470 1213 1135)
3(1210 470 1135)
3(181 233 914)
3(634 514 44)
3(177 105 738)
3(55 644 116)
3(55 116 645)
3(55 645 644)
3(159 665 137)
3(218 152 881)
3(152 172 881)
3(785 644 116)
3(160 116 644)
3(160 785 116)
3(645 56 55)
3(645 55 480)
3(645 480 56)
3(803 654 126)
3(291 1011 1036)
3(280 1006 229)
3(221 136 665)
3(240 829 281)
3(528 98 22)
3(528 22 624)
3(1228 468 1276)
3(273 338 1087)
3(636 183 110)
3(111 636 110)
3(227 984 173)
3(842 696 441)
3(479 54 644)
3(249 1026 289)
3(289 1026 250)
3(479 55 644)
3(29 735 101)
3(344 616 723)
3(1028 1036 309)
3(588 450 589)
3(868 724 283)
3(400 1269 1238)
3(400 1238 1212)
3(399 950 949)
3(399 1033 950)
3(944 886 251)
3(944 251 941)
3(944 208 251)
3(944 886 208)
3(171 935 942)
3(942 935 257)
3(1045 909 260)
3(269 260 909)
3(269 909 1045)
3(944 264 251)
3(944 208 264)
3(944 290 251)
3(282 316 579)
3(661 202 810)
3(661 132 202)
3(771 935 171)
3(771 171 216)
3(351 316 579)
3(916 782 182)
3(915 916 182)
3(468 1228 450)
3(387 992 352)
3(387 365 992)
3(338 291 1101)
3(338 1036 291)
3(291 1036 1101)
3(1092 310 295)
3(295 310 1059)
3(224 917 265)
3(917 918 265)
3(542 543 354)
3(742 354 543)
3(624 961 215)
3(624 215 878)
3(430 464 748)
3(460 1172 1136)
3(280 873 1006)
3(825 238 925)
3(825 980 238)
3(122 486 485)
3(193 939 996)
3(193 996 801)
3(193 801 939)
3(193 239 996)
3(161 84 641)
3(84 161 504)
3(645 55 479)
3(142 507 741)
3(134 662 663)
3(134 497 662)
3(134 663 497)
3(318 334 1100)
3(74 498 663)
3(779 977 180)
3(912 909 260)
3(481 57 646)
3(1088 401 367)
3(1088 367 1040)
3(225 878 959)
3(225 959 958)
3(656 806 128)
3(656 128 657)
3(127 197 656)
3(656 197 805)
3(127 656 805)
3(225 878 215)
3(958 731 169)
3(878 169 731)
3(284 1021 244)
3(284 274 1021)
3(244 1021 274)
3(292 1089 237)
3(236 237 1089)
3(284 1021 245)
3(244 245 1021)
3(678 754 296)
3(563 296 754)
3(302 317 1044)
3(638 158 639)
3(1074 1015 359)
3(237 1074 359)
3(1002 1036 309)
3(1002 309 1028)
3(481 647 57)
3(292 1089 1074)
3(237 292 1074)
3(193 986 194)
3(986 802 194)
3(134 812 662)
3(924 798 190)
3(189 190 798)
3(924 190 189)
3(711 857 301)
3(711 301 858)
3(623 148 525)
3(656 128 197)
3(288 1025 249)
3(807 129 658)
3(199 658 129)
3(656 806 197)
3(197 806 128)
3(289 1025 249)
3(310 1032 259)
3(210 788 140)
3(166 140 788)
3(176 630 738)
3(752 306 823)
3(104 176 738)
3(822 352 995)
3(893 995 352)
3(610 611 315)
3(1182 315 611)
3(1182 610 315)
3(1043 256 938)
3(661 496 72)
3(949 435 950)
3(949 399 435)
3(299 666 317)
3(813 317 666)
3(813 299 317)
3(566 366 1166)
3(463 1154 591)
3(354 317 666)
3(666 317 742)
3(721 312 865)
3(353 1198 1188)
3(353 1188 391)
3(240 829 325)
3(189 1020 924)
3(292 1090 1074)
3(1082 1074 292)
3(1082 292 1090)
3(1082 359 292)
3(1082 1074 359)
3(292 359 1074)
3(1229 392 1267)
3(1088 337 367)
3(1328 472 1329)
3(1303 1329 472)
3(292 1078 1082)
3(292 1082 1107)
3(610 1182 340)
3(1145 340 1182)
3(371 336 943)
3(1221 394 1144)
3(610 611 303)
3(1248 380 1223)
3(1248 1146 380)
3(863 862 226)
3(226 862 962)
3(1232 384 383)
3(386 1194 1195)
3(303 862 226)
3(863 303 226)
3(863 862 303)
3(455 1228 450)
3(468 1228 455)
3(119 188 797)
3(119 797 796)
3(119 796 188)
3(1065 308 277)
3(1065 1106 308)
3(277 308 1106)
3(413 1304 1278)
3(388 428 1239)
3(427 1060 1029)
3(427 401 1060)
3(1201 389 1202)
3(303 862 279)
3(717 279 303)
3(717 862 279)
3(717 303 862)
3(615 344 616)
3(303 279 609)
3(340 609 279)
3(303 717 609)
3(306 892 263)
3(100 532 26)
3(995 993 365)
3(352 993 365)
3(995 993 352)
3(395 1169 1132)
3(436 1237 425)
3(352 993 314)
3(1130 1169 341)
3(1207 341 1169)
3(1058 359 993)
3(1063 359 1058)
3(276 228 1031)
3(276 969 228)
3(1031 228 969)
3(783 917 224)
3(302 1075 403)
3(302 403 1079)
3(306 753 892)
3(269 909 267)
3(269 1028 909)
3(369 360 706)
3(353 297 572)
3(1124 1202 347)
3(347 1202 1161)
3(302 223 1011)
3(940 194 802)
3(1214 1284 461)
3(449 1305 1320)
3(899 297 996)
3(416 422 1260)
3(317 988 1044)
3(325 240 900)
3(240 829 900)
3(336 1075 403)
3(299 327 709)
3(1200 1160 322)
3(1123 322 1160)
3(266 972 934)
3(266 934 1046)
3(1267 392 1235)
3(1200 1160 379)
3(379 1160 322)
3(1200 379 322)
3(1062 1011 302)
3(398 1271 414)
3(398 394 1271)
3(266 972 813)
3(1201 1202 347)
3(1201 347 1124)
3(1315 432 1323)
3(427 989 1060)
3(973 427 1060)
3(1201 389 347)
3(1188 1163 348)
3(1126 348 1163)
3(1164 323 348)
3(396 323 1164)
3(353 1163 1188)
3(353 1188 348)
3(1188 391 348)
3(1201 347 1162)
3(166 235 787)
3(739 640 162)
3(502 162 640)
3(175 884 176)
3(175 968 884)
3(371 411 834)
3(357 834 411)
3(816 411 834)
3(371 816 834)
3(371 411 816)
3(760 684 281)
3(134 204 812)
3(816 411 745)
3(745 411 834)
3(1023 246 1022)
3(328 714 304)
3(460 1136 551)
3(317 813 791)
3(445 1327 456)
3(357 793 743)
3(875 357 743)
3(317 666 791)
3(451 1192 1234)
3(451 1234 1253)
3(682 572 297)
3(724 283 869)
3(374 1053 952)
3(374 1052 1053)
3(420 399 949)
3(948 420 949)
3(302 1079 330)
3(1099 1098 339)
3(624 149 215)
3(280 1006 1004)
3(1127 342 1165)
3(342 323 1165)
3(727 305 619)
3(356 619 305)
3(727 356 305)
3(305 619 726)
3(305 726 727)
3(339 332 1099)
3(332 333 1099)
3(339 1099 333)
3(1248 380 1289)
3(1146 315 1248)
3(380 315 1146)
3(1146 315 1182)
3(1065 277 261)
3(614 312 320)
3(1278 413 1203)
3(1281 413 1278)
3(262 971 1037)
3(262 1037 974)
3(456 1323 432)
3(456 447 1323)
3(396 1197 1203)
3(396 1164 1197)
3(694 429 588)
3(372 1202 1161)
3(155 884 176)
3(175 884 155)
3(302 1079 1062)
3(350 1092 310)
3(419 1040 1029)
3(991 419 1029)
3(623 20 525)
3(229 171 891)
3(229 891 257)
3(626 217 151)
3(615 1184 344)
3(320 1250 373)
3(406 1250 320)
3(413 1281 1304)
3(1203 1197 413)
3(396 342 1236)
3(342 1127 1236)
3(396 1236 1127)
3(1203 348 391)
3(313 721 613)
3(284 1022 1021)
3(1070 1022 284)
3(1070 284 1021)
3(317 1044 1047)
3(298 1057 1085)
3(298 1085 321)
3(1077 1075 403)
3(820 415 747)
3(704 370 851)
3(704 851 385)
3(385 851 370)
3(1057 298 321)
3(298 956 321)
3(1057 321 956)
3(1057 956 298)
3(238 296 824)
3(448 595 452)
3(701 452 595)
3(701 595 448)
3(701 448 452)
3(1080 403 1077)
3(155 884 630)
3(866 865 312)
3(908 271 1031)
3(1016 271 908)
3(590 1154 463)
3(1055 374 345)
3(456 445 1323)
3(1179 362 605)
3(427 1060 906)
3(427 906 1029)
3(860 304 272)
3(424 445 1316)
3(869 305 725)
3(869 283 725)
3(869 305 283)
3(725 283 305)
3(467 1208 454)
3(1208 1258 454)
3(467 444 1208)
3(171 891 990)
3(229 990 891)
3(1320 424 445)
3(229 766 891)
3(229 891 910)
3(619 581 356)
3(619 356 382)
3(1016 984 268)
3(285 246 1022)
3(155 737 884)
3(226 962 961)
3(879 216 967)
3(625 216 150)
3(625 150 879)
3(854 942 257)
3(891 854 257)
3(155 737 630)
3(460 1172 552)
3(460 552 1136)
3(438 1134 556)
3(438 555 1134)
3(973 427 371)
3(973 403 427)
3(397 1217 421)
3(383 1217 397)
3(1277 1217 421)
3(276 271 1031)
3(1031 271 228)
3(299 709 601)
3(276 1031 1083)
3(276 1083 1034)
3(50 6 114)
3(6 51 114)
3(771 171 99)
3(50 518 114)
3(6 114 518)
3(947 420 948)
3(727 305 257)
3(727 871 305)
3(476 1296 473)
3(393 410 1187)
3(1219 393 1187)
3(1225 393 1185)
3(407 952 374)
3(407 374 953)
3(374 952 953)
3(393 1261 1187)
3(410 1261 393)
3(1193 1118 437)
3(905 254 938)
3(430 749 673)
3(430 673 790)
3(430 790 749)
3(702 448 703)
3(407 848 701)
3(594 595 452)
3(284 1068 1021)
3(1299 1284 465)
3(1054 953 374)
3(374 953 1053)
3(374 399 1102)
3(374 1052 399)
3(374 1102 1052)
3(755 278 238)
3(471 591 697)
3(471 698 591)
3(296 564 278)
3(755 296 278)
3(755 278 564)
3(187 1018 265)
3(471 435 845)
3(471 845 698)
3(287 288 1024)
3(614 312 721)
3(374 1055 953)
3(442 443 1325)
3(474 442 1325)
3(1035 264 311)
3(374 953 345)
3(544 409 743)
3(545 409 544)
3(669 816 411)
3(470 459 1295)
3(815 973 415)
3(0 600 351)
3(772 100 626)
3(100 217 626)
3(427 403 1060)
3(1055 345 953)
3(1055 954 345)
3(462 1134 1168)
3(462 1168 1209)
3(462 1209 1134)
3(188 922 923)
3(704 370 705)
3(705 370 851)
3(916 917 224)
3(319 1048 275)
3(462 1286 1209)
3(462 1209 1295)
3(435 843 844)
3(590 463 441)
3(351 600 1121)
3(210 776 176)
3(462 1168 438)
3(462 464 1168)
3(470 1295 462)
3(470 462 1213)
3(462 1295 1213)
3(265 1018 1014)
3(620 145 157)
3(620 186 145)
3(748 672 430)
3(430 672 786)
3(817 431 786)
3(387 992 894)
3(387 894 352)
3(777 621 207)
3(777 207 888)
3(888 207 621)
3(430 464 672)
3(430 819 786)
3(430 672 819)
3(701 848 448)
3(702 701 448)
3(1012 1009 293)
3(920 314 823)
3(314 993 823)
3(520 94 15)
3(777 621 146)
3(207 777 146)
3(1088 367 1078)
3(367 1040 1078)
3(778 179 728)
3(991 387 419)
3(419 387 979)
3(660 71 494)
3(495 71 660)
3(130 658 69)
3(130 129 658)
3(658 129 69)
3(197 806 198)
3(197 927 198)
3(927 806 198)
3(130 493 658)
3(130 493 69)
3(1102 381 399)
3(804 126 654)
3(126 804 803)
3(215 878 169)
3(878 149 169)
3(215 149 878)
3(210 640 739)
3(462 1286 1211)
3(462 1211 1209)
3(161 787 641)
3(460 464 1172)
3(462 1286 425)
3(1211 425 1286)
3(252 788 976)
3(1110 275 1049)
3(1110 1049 346)
3(172 969 228)
3(231 228 969)
3(464 470 1213)
3(438 1134 1168)
3(275 1038 1110)
3(761 241 685)
3(210 739 162)
3(210 140 739)
3(210 640 162)
3(789 205 890)
3(941 205 204)
3(941 890 205)
3(144 8 501)
3(966 255 869)
3(966 967 255)
3(688 368 689)
3(967 966 216)
3(367 1066 1082)
3(1078 367 1082)
3(1078 1066 367)
3(1016 227 984)
3(1016 908 227)
3(367 359 1082)
3(1081 376 1061)
3(343 376 1081)
3(292 367 1082)
3(8 38 80)
3(227 773 173)
3(34 630 539)
3(34 540 630)
3(278 680 323)
3(680 239 323)
3(386 1194 1158)
3(752 306 402)
3(289 290 1026)
3(971 1035 264)
3(971 264 311)
3(886 208 767)
3(944 767 208)
3(1235 392 386)
3(921 265 1014)
3(1014 265 918)
3(386 369 1158)
3(417 691 690)
3(909 267 260)
3(690 836 349)
3(300 1043 256)
3(300 938 1043)
3(332 1098 339)
3(166 976 787)
3(166 235 976)
3(390 690 583)
3(390 689 690)
3(625 732 150)
3(1229 1160 379)
3(369 600 599)
3(369 706 600)
3(155 630 539)
3(1267 1194 392)
3(155 539 737)
3(155 737 33)
3(1194 1235 392)
3(593 699 471)
3(701 407 448)
3(471 593 592)
3(734 100 626)
3(390 584 1112)
3(390 583 584)
3(379 1160 578)
3(304 859 858)
3(226 962 272)
3(520 728 94)
3(15 728 520)
3(15 521 728)
3(15 728 94)
3(567 278 680)
3(567 323 278)
3(320 613 313)
3(390 584 417)
3(390 417 1112)
3(1321 1325 443)
3(430 749 555)
3(640 177 105)
3(640 738 177)
3(569 323 681)
3(324 358 1105)
3(1095 381 1105)
3(320 1147 1249)
3(471 591 592)
3(1095 1102 399)
3(379 579 316)
3(379 578 579)
3(756 680 278)
3(599 369 1120)
3(438 556 1171)
3(557 556 438)
3(320 315 1183)
3(380 1183 315)
3(1099 333 1071)
3(346 1050 1110)
3(745 357 409)
3(668 409 357)
3(416 1275 414)
3(1310 414 1275)
3(357 411 745)
3(745 411 409)
3(390 690 584)
3(362 1180 328)
3(328 1180 377)
3(1005 168 213)
3(223 168 1005)
3(402 1169 1132)
3(402 1132 395)
3(1192 1234 446)
3(690 584 417)
3(554 430 749)
3(387 894 821)
3(387 821 674)
3(1262 418 434)
3(1262 1288 418)
3(606 328 362)
3(394 398 1245)
3(1222 398 1245)
3(398 1271 1245)
3(304 606 362)
3(1273 406 1250)
3(1249 1250 406)
3(617 329 1149)
3(618 329 617)
3(400 395 1238)
3(1211 436 1171)
3(1211 1237 436)
3(1237 1171 436)
3(365 979 387)
3(387 979 992)
3(387 790 673)
3(387 673 889)
3(387 821 889)
3(387 750 821)
3(387 889 750)
3(221 136 664)
3(400 395 1212)
3(1212 395 1238)
3(430 673 387)
3(430 749 672)
3(430 672 554)
3(412 1248 1289)
3(412 1280 1248)
3(427 973 415)
3(719 611 313)
3(473 1307 451)
3(1253 1307 451)
3(845 846 471)
3(699 845 471)
3(448 702 595)
3(435 950 843)
3(949 435 843)
3(845 846 435)
3(627 881 152)
3(152 881 734)
3(412 1248 380)
3(1002 253 309)
3(412 1248 398)
3(1019 188 922)
3(1019 923 188)
3(502 640 82)
3(347 325 1162)
3(423 1139 1176)
3(423 1176 1215)
3(423 409 1176)
3(1012 1009 233)
3(1262 457 434)
3(1001 357 875)
3(423 1176 384)
3(434 1189 1113)
3(434 1151 1113)
3(445 1323 432)
3(432 445 1315)
3(857 301 710)
3(113 518 49)
3(1019 188 261)
3(50 113 518)
3(218 173 773)
3(727 356 765)
3(727 257 356)
3(1149 382 393)
3(188 236 1019)
3(1111 382 1186)
3(455 1230 1283)
3(434 1283 1230)
3(434 455 1283)
3(1249 320 1250)
3(320 373 1184)
3(1034 275 276)
3(646 647 57)
3(1262 1283 466)
3(1262 466 1311)
3(1283 1311 466)
3(466 1276 1283)
3(466 1276 468)
3(1276 466 1311)
3(1138 440 1214)
3(1262 434 1283)
3(357 668 743)
3(383 1217 1142)
3(466 1283 434)
3(1019 923 236)
3(188 236 923)
3(408 751 674)
3(1001 1075 336)
3(71 131 494)
3(894 751 408)
3(894 408 352)
3(495 660 132)
3(810 202 931)
3(1120 369 1158)
3(15 146 728)
3(199 928 929)
3(466 1262 434)
3(466 1262 457)
3(1225 393 1187)
3(793 743 354)
3(793 354 357)
3(722 867 312)
3(172 734 881)
3(749 430 819)
3(190 911 263)
3(472 447 1329)
3(474 1329 447)
3(611 1146 315)
3(560 402 1132)
3(559 1132 402)
3(733 99 171)
3(171 771 733)
3(502 162 82)
3(733 99 771)
3(733 99 625)
3(664 75 135)
3(733 99 530)
3(885 266 972)
3(885 937 266)
3(164 221 643)
3(164 643 665)
3(221 665 643)
3(221 206 643)
3(789 221 643)
3(164 206 643)
3(130 131 659)
3(23 98 732)
3(1112 1187 410)
3(1112 1218 410)
3(23 98 528)
3(1218 1189 410)
3(1218 410 1288)
3(1288 410 1189)
3(577 1123 322)
3(1008 244 274)
3(243 244 1008)
3(462 1213 1168)
3(462 464 1213)
3(259 981 232)
3(400 395 1199)
3(1280 412 1321)
3(280 687 766)
3(280 873 687)
3(510 41 631)
3(510 157 41)
3(328 340 1181)
3(1181 340 608)
3(328 394 1181)
3(462 1213 1209)
3(1192 458 1233)
3(1233 458 1253)
3(1233 1117 458)
3(100 532 626)
3(755 565 278)
3(1131 341 1130)
3(375 564 296)
3(1177 327 354)
3(174 102 736)
3(542 327 1177)
3(542 1141 327)
3(601 327 1141)
3(1023 1072 286)
3(1177 542 354)
3(383 1242 384)
3(427 906 430)
3(419 906 427)
3(419 430 906)
3(620 93 145)
3(1152 1114 455)
3(1112 410 1151)
3(1112 417 410)
3(378 945 946)
3(378 946 838)
3(169 769 958)
3(448 702 596)
3(777 728 146)
3(777 179 260)
3(207 179 777)
3(900 828 240)
3(240 828 325)
3(1196 372 1200)
3(1196 1161 372)
3(1196 372 322)
3(1200 322 372)
3(323 757 681)
3(323 239 757)
3(1196 1161 322)
3(757 323 568)
3(757 680 323)
3(912 260 777)
3(912 777 179)
3(241 907 242)
3(241 195 907)
3(438 387 673)
3(438 673 750)
3(387 750 673)
3(419 1029 1017)
3(777 146 179)
3(667 743 354)
3(328 606 714)
3(179 728 146)
3(179 777 728)
3(368 688 582)
3(715 608 279)
3(1145 398 1222)
3(1145 1182 398)
3(166 976 788)
3(1008 244 1021)
3(1233 1253 473)
3(998 769 222)
3(166 976 252)
3(427 786 430)
3(786 906 430)
3(430 1017 819)
3(419 1017 430)
3(94 146 728)
3(298 360 877)
3(1302 439 428)
3(1255 1257 428)
3(1017 786 430)
3(52 6 114)
3(1214 1256 461)
3(360 298 853)
3(427 786 431)
3(810 811 202)
3(1288 410 1261)
3(410 418 1261)
3(1218 410 1151)
3(485 60 121)
3(134 204 890)
3(133 661 496)
3(838 839 378)
3(1317 406 457)
3(850 385 851)
3(385 345 851)
3(348 570 571)
3(1313 472 1329)
3(254 905 774)
3(174 905 254)
3(174 774 905)
3(104 630 738)
3(1317 406 1273)
3(1317 412 406)
3(810 932 202)
3(811 202 932)
3(1280 414 398)
3(219 938 254)
3(254 938 774)
3(265 1018 921)
3(1138 548 433)
3(109 45 635)
3(635 45 110)
3(635 514 45)
3(590 591 463)
3(635 45 515)
3(635 515 110)
3(646 118 57)
3(646 647 118)
3(1273 1290 406)
3(646 118 117)
3(340 609 608)
3(325 683 574)
3(917 224 1013)
3(1179 1143 362)
3(1179 362 1246)
3(1000 196 895)
3(917 265 1013)
3(265 224 1013)
3(265 1014 917)
3(563 562 341)
3(1130 341 562)
3(1031 228 908)
3(296 824 754)
3(1170 559 395)
3(408 395 559)
3(1170 395 408)
3(559 395 1132)
3(240 986 194)
3(346 378 946)
3(689 349 836)
3(689 390 349)
3(563 562 296)
3(329 724 617)
3(841 695 420)
3(356 2 765)
3(460 1172 553)
3(460 553 552)
3(460 464 553)
3(757 569 323)
3(342 1236 428)
3(412 1280 398)
3(1280 1248 398)
3(320 612 315)
3(313 315 612)
3(320 313 612)
3(460 431 553)
3(276 1034 1110)
3(1034 275 1110)
3(1291 1301 475)
3(455 1153 1228)
3(262 264 971)
3(276 1110 1083)
3(411 547 546)
3(1302 439 388)
3(1236 1165 342)
3(1236 342 1205)
3(757 239 898)
3(262 971 311)
3(610 718 303)
3(852 370 705)
3(303 717 610)
3(632 211 106)
3(778 211 632)
3(287 1024 248)
3(247 1024 287)
3(466 1228 468)
3(1138 1174 433)
3(746 411 415)
3(746 433 411)
3(944 767 264)
3(767 208 264)
3(757 680 239)
3(255 935 257)
3(329 725 305)
3(329 618 725)
3(122 486 61)
3(982 190 798)
3(799 121 191)
3(134 497 73)
3(872 816 411)
3(872 411 415)
3(1280 414 412)
3(4 138 79)
3(354 743 544)
3(354 544 409)
3(792 874 299)
3(1002 309 267)
3(559 402 395)
3(1041 258 269)
3(298 956 345)
3(345 956 321)
3(517 47 637)
3(902 685 241)
3(761 902 241)
3(517 47 112)
3(994 900 240)
3(435 949 420)
3(420 949 841)
3(420 842 841)
3(1027 266 885)
3(1056 956 321)
3(142 206 643)
3(944 264 971)
3(1056 1057 321)
3(864 303 863)
3(713 304 714)
3(893 993 352)
3(441 591 590)
3(441 697 591)
3(371 834 943)
3(190 911 887)
3(893 314 993)
3(1122 379 579)
3(967 255 216)
3(1200 322 392)
3(886 206 142)
3(1168 464 554)
3(872 411 371)
3(1017 906 430)
3(419 365 979)
3(821 387 979)
3(821 992 387)
3(310 259 981)
3(927 197 926)
3(1098 332 376)
3(419 365 1066)
3(419 1066 979)
3(947 840 420)
3(244 1021 927)
3(895 936 196)
3(548 433 746)
3(927 244 197)
3(298 853 877)
3(831 907 242)
3(241 831 242)
3(419 906 1029)
3(697 441 471)
3(946 346 945)
3(52 51 6)
3(384 1242 421)
3(339 1099 318)
3(1302 1308 388)
3(359 1074 1058)
3(1082 1058 359)
3(419 906 1017)
3(441 591 463)
3(292 1090 1107)
3(277 1107 1106)
3(277 1109 1107)
3(455 429 1114)
3(1266 454 469)
3(441 471 591)
3(8 80 144)
3(8 144 81)
3(940 194 986)
3(240 900 986)
3(628 30 153)
3(175 220 913)
3(144 8 38)
3(916 234 915)
3(1020 236 237)
3(1020 1010 189)
3(189 1010 924)
3(1020 237 189)
3(1065 1064 308)
3(915 1009 233)
3(915 233 1012)
3(134 497 74)
3(319 1048 1042)
3(74 663 497)
3(1065 308 1013)
3(233 914 1009)
3(690 689 349)
3(535 30 153)
3(649 484 59)
3(915 234 1012)
3(1072 287 334)
3(1072 333 287)
3(853 298 975)
3(285 284 1070)
3(379 1122 1160)
3(1122 578 379)
3(895 936 242)
3(181 781 109)
3(277 1107 1067)
3(277 1107 337)
3(292 1107 277)
3(284 331 1070)
3(284 1068 331)
3(284 1070 1068)
3(175 220 775)
3(320 1183 612)
3(320 612 613)
3(438 750 556)
3(557 750 438)
3(1253 1252 451)
3(777 179 778)
3(546 745 411)
3(335 288 1073)
3(1069 1073 288)
3(1126 348 571)
3(320 1249 406)
3(1077 1060 403)
3(631 632 211)
3(606 304 714)
3(393 1261 418)
3(328 304 606)
3(104 630 540)
3(1148 616 344)
3(104 34 540)
3(617 725 329)
3(1148 344 615)
3(364 1093 355)
3(1170 436 1133)
3(1170 408 436)
3(456 1323 1329)
3(456 447 1329)
3(611 612 315)
3(331 1070 285)
3(332 1070 285)
3(353 325 1162)
3(1247 1220 377)
3(1247 377 1180)
3(1179 362 397)
3(1301 476 1327)
3(1181 1144 394)
3(442 1325 1326)
3(1192 1156 446)
3(387 750 674)
3(266 223 1005)
3(557 438 408)
3(181 781 182)
3(959 859 272)
3(781 181 233)
3(244 1021 928)
3(1008 274 1104)
3(1127 1197 396)
3(1127 396 1164)
3(255 216 935)
3(567 323 342)
3(567 342 278)
3(510 157 40)
3(510 93 40)
3(277 1090 1107)
3(567 323 1165)
3(1103 274 1104)
3(1103 355 1104)
3(1103 274 355)
3(973 1060 403)
3(331 364 1068)
3(331 364 1108)
3(567 566 342)
3(328 377 1247)
3(1221 394 1181)
3(1258 454 1266)
3(1240 454 1258)
3(364 1103 1093)
3(364 1068 1103)
3(364 1103 355)
3(274 1103 364)
3(1199 1170 436)
3(1133 1199 436)
3(353 573 1162)
3(1170 436 395)
3(1199 395 436)
3(395 1207 341)
3(1133 1237 436)
3(408 750 674)
3(313 612 611)
3(492 69 129)
3(669 411 548)
3(746 411 548)
3(557 750 408)
3(84 503 504)
3(383 327 361)
3(295 307 235)
3(8 37 541)
3(12 11 10)
3(39 10 11)
3(39 11 12)
3(158 48 112)
3(361 301 304)
3(166 252 210)
3(326 337 277)
3(454 469 467)
3(211 186 179)
3(460 431 444)
3(56 117 57)
3(444 431 415)
3(477 475 468)
3(412 380 406)
3(251 206 205)
3(531 532 26)
3(230 255 283)
3(472 467 469)
3(492 491 68)
3(446 458 452)
3(213 147 96)
3(33 32 538)
3(33 103 32)
3(477 468 463)
3(155 175 103)
3(18 17 523)
3(18 147 17)
3(135 204 205)
3(247 201 200)
3(346 420 378)
3(466 453 457)
3(442 443 414)
3(472 469 465)
3(92 138 91)
3(92 91 4)
3(119 189 120)
3(355 274 321)
3(152 28 101)
3(218 152 101)
3(516 515 46)
3(230 312 270)
3(25 151 99)
3(361 304 362)
3(105 156 36)
3(461 440 423)
3(185 158 112)
3(393 418 373)
3(60 120 121)
3(451 437 426)
3(474 442 453)
3(339 300 318)
3(285 286 246)
3(201 202 132)
3(131 201 132)
3(461 423 421)
3(133 203 134)
3(354 409 357)
3(260 180 211)
3(104 176 155)
3(367 401 419)
3(446 437 451)
3(451 473 458)
3(119 59 58)
3(483 58 59)
3(461 422 465)
3(467 460 444)
3(346 324 399)
3(335 363 289)
3(350 311 363)
3(449 476 473)
3(451 458 446)
3(227 256 268)
3(46 45 110)
3(46 515 45)
3(524 525 19)
3(361 327 301)
3(419 401 427)
3(404 385 369)
3(93 39 12)
3(265 187 212)
3(176 252 175)
3(57 58 482)
3(219 173 153)
3(204 250 251)
3(138 165 91)
3(531 25 530)
3(44 45 514)
3(109 45 44)
3(5 79 92)
3(5 4 79)
3(5 92 4)
3(159 221 143)
3(165 143 90)
3(318 294 350)
3(166 140 161)
3(21 526 527)
3(104 155 34)
3(211 106 186)
3(436 425 400)
3(239 323 297)
3(76 77 500)
3(159 77 76)
3(18 96 147)
3(26 151 25)
3(531 26 25)
3(463 468 450)
3(280 368 356)
3(192 238 239)
3(221 205 206)
3(111 112 47)
3(440 454 433)
3(258 273 233)
3(199 245 246)
3(166 161 209)
3(141 86 163)
3(506 86 505)
3(285 332 286)
3(387 419 430)
3(181 109 108)
3(347 322 281)
3(457 406 418)
3(139 82 162)
3(74 75 498)
3(74 135 75)
3(437 392 426)
3(372 426 392)
3(233 234 182)
3(258 260 269)
3(386 437 404)
3(360 351 369)
3(324 364 381)
3(346 319 275)
3(244 197 243)
3(313 270 312)
3(154 102 31)
3(360 282 351)
3(441 450 429)
3(159 143 165)
3(446 404 437)
3(492 69 493)
3(71 132 72)
3(71 72 495)
3(307 252 235)
3(133 72 132)
3(299 266 222)
3(59 120 60)
3(59 119 120)
3(16 95 146)
3(303 313 315)
3(316 322 379)
3(149 169 97)
3(473 477 458)
3(117 187 118)
3(371 403 336)
3(400 366 375)
3(34 33 539)
3(34 155 33)
3(190 121 120)
3(339 268 300)
3(243 321 274)
3(344 283 329)
3(67 128 68)
3(491 67 68)
3(433 444 415)
3(396 428 413)
3(85 505 86)
3(141 85 86)
3(346 399 420)
3(203 250 204)
3(521 522 16)
3(76 136 159)
3(133 134 73)
3(220 154 103)
3(320 313 312)
3(135 205 136)
3(281 316 241)
3(347 372 322)
3(368 390 382)
3(314 359 365)
3(299 222 301)
3(401 330 403)
3(170 98 150)
3(280 319 349)
3(25 24 530)
3(99 24 25)
3(207 167 267)
3(332 333 286)
3(171 151 217)
3(247 248 201)
3(309 273 269)
3(434 418 410)
3(284 274 364)
3(19 96 18)
3(19 18 524)
3(313 303 226)
3(225 215 272)
3(242 243 196)
3(314 263 237)
3(273 293 233)
3(182 183 110)
3(299 327 354)
3(88 507 508)
3(74 134 135)
3(391 405 353)
3(222 169 225)
3(402 352 408)
3(245 199 198)
3(249 203 202)
3(126 65 125)
3(218 228 172)
3(100 151 26)
3(417 434 410)
3(221 164 143)
3(89 143 164)
3(88 87 507)
3(88 142 87)
3(192 239 193)
3(462 425 436)
3(145 14 94)
3(170 230 270)
3(94 179 186)
3(14 13 519)
3(14 145 13)
3(454 444 433)
3(84 140 83)
3(503 84 83)
3(126 127 66)
3(218 227 228)
3(474 453 456)
3(243 197 196)
3(441 420 435)
3(481 480 56)
3(506 507 87)
3(229 171 217)
3(388 342 366)
3(352 306 314)
3(226 272 215)
3(291 253 223)
3(369 386 404)
3(226 279 272)
3(199 129 198)
3(265 234 308)
3(67 127 128)
3(262 311 295)
3(393 382 410)
3(497 496 73)
3(409 440 411)
3(237 359 314)
3(494 493 70)
3(67 491 490)
3(219 153 102)
3(32 154 31)
3(537 32 31)
3(207 95 167)
3(375 296 341)
3(366 278 375)
3(174 219 102)
3(386 379 392)
3(300 294 318)
3(222 225 301)
3(262 295 235)
3(472 443 474)
3(367 365 359)
3(438 462 436)
3(309 269 267)
3(335 334 350)
3(281 325 347)
3(424 389 405)
3(68 128 129)
3(193 194 124)
3(475 477 473)
3(317 336 302)
3(196 197 127)
3(372 347 389)
3(466 475 453)
3(285 245 284)
3(170 215 98)
3(328 279 340)
3(472 447 459)
3(397 362 377)
3(150 24 99)
3(452 458 471)
3(104 156 177)
3(157 106 41)
3(407 385 448)
3(330 326 338)
3(396 413 391)
3(46 47 516)
3(111 47 46)
3(513 43 44)
3(108 44 43)
3(185 184 224)
3(186 106 157)
3(337 326 330)
3(278 366 342)
3(156 104 35)
3(439 459 447)
3(181 108 180)
3(225 304 301)
3(372 389 424)
3(414 412 442)
3(251 250 290)
3(161 141 209)
3(163 87 142)
3(309 253 291)
3(214 266 168)
3(149 97 21)
3(64 124 125)
3(213 167 147)
3(212 224 265)
3(338 293 273)
3(163 142 208)
3(108 109 44)
3(487 64 488)
3(326 293 338)
3(251 208 206)
3(43 513 512)
3(159 137 77)
3(83 140 162)
3(317 357 336)
3(75 136 76)
3(75 76 499)
3(342 396 323)
3(529 530 24)
3(233 293 234)
3(324 381 399)
3(200 201 131)
3(416 443 465)
3(182 110 109)
3(539 33 538)
3(126 125 195)
3(412 457 442)
3(234 293 308)
3(42 106 107)
3(263 296 238)
3(253 167 213)
3(214 222 266)
3(423 384 421)
3(343 358 271)
3(163 208 178)
3(423 440 409)
3(401 337 330)
3(263 238 191)
3(141 163 178)
3(421 422 461)
3(488 65 489)
3(296 263 306)
3(100 27 152)
3(174 154 220)
3(254 300 256)
3(48 49 518)
3(48 158 49)
3(182 234 183)
3(390 349 417)
3(188 187 261)
3(535 536 30)
3(148 96 19)
3(137 138 78)
3(55 54 160)
3(351 386 369)
3(378 420 429)
3(431 427 415)
3(172 217 100)
3(152 172 100)
3(404 448 385)
3(280 356 257)
3(89 508 509)
3(21 20 526)
3(97 20 21)
3(398 315 380)
3(457 453 442)
3(303 315 340)
3(499 498 75)
3(239 297 240)
3(240 241 194)
3(127 126 196)
3(88 89 164)
3(88 508 89)
3(88 164 142)
3(43 107 108)
3(339 343 268)
3(188 118 187)
3(214 168 148)
3(111 183 184)
3(123 124 63)
3(115 113 160)
3(185 160 158)
3(229 275 319)
3(115 160 54)
3(533 534 28)
3(64 125 65)
3(64 65 488)
3(369 385 370)
3(124 194 125)
3(445 476 449)
3(255 257 305)
3(148 20 97)
3(37 36 541)
3(105 36 37)
3(219 256 173)
3(30 31 102)
3(536 31 30)
3(304 225 272)
3(461 454 440)
3(177 139 162)
3(18 523 524)
3(23 528 529)
3(383 361 397)
3(241 195 194)
3(517 48 518)
3(119 58 118)
3(56 116 117)
3(58 483 482)
3(207 146 95)
3(416 414 443)
3(248 202 201)
3(12 10 13)
3(93 12 13)
3(329 305 382)
3(281 322 316)
3(32 103 154)
3(408 387 438)
3(211 179 260)
3(29 28 534)
3(29 101 28)
3(181 180 258)
3(128 198 129)
3(277 292 236)
3(353 405 389)
3(439 388 425)
3(417 429 434)
3(339 376 343)
3(19 525 20)
3(148 19 20)
3(321 345 355)
3(39 40 10)
3(93 40 39)
3(440 433 411)
3(347 353 389)
3(276 358 324)
3(223 253 213)
3(265 308 261)
3(53 478 6)
3(57 118 58)
3(490 489 66)
3(461 465 469)
3(97 169 214)
3(416 465 422)
3(348 297 323)
3(416 377 394)
3(278 239 238)
3(229 231 275)
3(340 315 398)
3(280 257 229)
3(368 382 356)
3(535 29 534)
3(229 217 231)
3(232 294 254)
3(115 53 114)
3(116 212 117)
3(53 54 478)
3(115 54 53)
3(121 122 61)
3(192 122 191)
3(313 226 270)
3(32 537 538)
3(78 500 77)
3(78 77 137)
3(363 311 290)
3(133 202 203)
3(424 426 372)
3(237 263 190)
3(123 192 193)
3(237 190 189)
3(487 486 63)
3(502 503 83)
3(335 289 288)
3(357 371 336)
3(350 295 311)
3(271 228 227)
3(402 395 341)
3(170 216 230)
3(123 193 124)
3(196 195 242)
3(363 290 289)
3(66 65 126)
3(66 489 65)
3(170 150 216)
3(471 458 477)
3(196 126 195)
3(71 131 132)
3(108 107 180)
3(63 486 62)
3(123 63 62)
3(148 168 96)
3(306 402 341)
3(452 471 407)
3(144 81 139)
3(144 139 105)
3(435 407 471)
3(89 90 143)
3(89 509 90)
3(344 312 283)
3(255 230 216)
3(270 226 170)
3(122 123 62)
3(252 259 175)
3(537 31 536)
3(72 73 496)
3(72 133 73)
3(259 252 307)
3(391 413 432)
3(214 148 97)
3(360 242 282)
3(168 213 96)
3(222 214 169)
3(141 178 209)
3(276 271 358)
3(171 257 216)
3(230 283 312)
3(149 22 98)
3(245 198 244)
3(296 306 341)
3(183 224 184)
3(319 346 378)
3(293 326 308)
3(388 400 425)
3(167 95 147)
3(258 180 260)
3(506 87 86)
3(163 86 87)
3(172 231 217)
3(232 174 220)
3(249 202 248)
3(324 346 275)
3(455 434 429)
3(174 254 219)
3(417 349 378)
3(378 349 319)
3(101 153 173)
3(266 302 223)
3(476 453 475)
3(397 422 421)
3(471 477 463)
3(112 184 185)
3(439 425 459)
3(276 324 275)
3(405 391 432)
3(470 460 467)
3(509 4 91)
3(167 253 267)
3(292 337 367)
3(277 236 261)
3(36 35 541)
3(36 156 35)
3(247 246 286)
3(254 294 300)
3(287 334 288)
3(271 227 268)
3(331 358 376)
3(476 456 453)
3(16 15 521)
3(16 146 15)
3(93 13 145)
3(258 233 181)
3(513 44 514)
3(177 156 105)
3(540 541 35)
3(218 172 152)
3(56 480 55)
3(280 349 368)
3(116 55 160)
3(319 280 229)
3(159 136 221)
3(42 511 41)
3(42 41 106)
3(273 309 338)
3(111 110 183)
3(227 173 256)
3(281 241 240)
3(478 54 479)
3(27 533 28)
3(27 28 152)
3(249 289 250)
3(479 54 55)
3(56 55 116)
3(115 114 113)
3(251 264 208)
3(251 290 264)
3(351 282 316)
3(387 352 365)
3(431 464 430)
3(161 140 84)
3(85 84 504)
3(85 161 84)
3(480 479 55)
3(350 334 318)
3(499 76 500)
3(481 56 57)
3(284 244 274)
3(292 237 236)
3(284 245 244)
3(302 266 317)
3(481 57 482)
3(127 197 128)
3(248 288 249)
3(22 21 527)
3(149 21 22)
3(289 249 288)
3(310 259 307)
3(166 210 140)
3(177 176 104)
3(495 72 496)
3(240 325 281)
3(367 337 401)
3(383 384 327)
3(468 455 450)
3(226 303 279)
3(303 340 279)
3(306 263 314)
3(27 26 532)
3(100 26 27)
3(352 314 365)
3(369 370 360)
3(325 297 353)
3(291 223 302)
3(302 336 403)
3(299 301 327)
3(398 414 394)
3(388 428 342)
3(396 348 323)
3(353 348 391)
3(166 209 235)
3(357 411 371)
3(134 203 204)
3(328 304 279)
3(386 351 379)
3(317 299 354)
3(445 456 476)
3(291 302 330)
3(215 149 98)
3(339 333 332)
3(95 17 147)
3(330 302 403)
3(320 312 344)
3(456 432 447)
3(439 447 432)
3(413 439 432)
3(393 373 344)
3(175 155 176)
3(350 310 295)
3(229 257 171)
3(406 320 373)
3(350 294 310)
3(396 391 348)
3(117 212 187)
3(298 321 243)
3(420 441 429)
3(374 355 345)
3(424 405 445)
3(467 444 454)
3(427 403 371)
3(383 397 421)
3(276 228 271)
3(50 114 51)
3(50 51 6)
3(171 216 99)
3(50 6 518)
3(216 150 99)
3(374 381 355)
3(452 448 446)
3(407 435 374)
3(416 422 377)
3(116 185 212)
3(187 265 261)
3(474 443 442)
3(311 264 290)
3(407 374 345)
3(401 403 427)
3(441 463 450)
3(210 176 177)
3(318 334 333)
3(462 438 464)
3(145 186 157)
3(363 335 350)
3(15 94 14)
3(520 15 14)
3(504 505 85)
3(495 494 71)
3(130 69 129)
3(128 197 198)
3(374 399 381)
3(215 169 149)
3(460 470 464)
3(462 459 425)
3(231 172 228)
3(467 459 470)
3(470 459 462)
3(210 162 140)
3(38 9 80)
3(8 80 9)
3(8 9 38)
3(34 539 540)
3(278 323 239)
3(292 367 359)
3(306 352 402)
3(386 392 437)
3(330 338 291)
3(269 260 267)
3(160 113 158)
3(225 169 215)
3(255 305 283)
3(15 520 521)
3(520 14 519)
3(297 348 353)
3(324 358 364)
3(320 380 315)
3(177 105 139)
3(119 188 189)
3(357 409 411)
3(362 328 377)
3(223 213 168)
3(340 398 394)
3(375 395 400)
3(449 473 451)
3(91 165 90)
3(91 90 509)
3(374 435 399)
3(309 291 338)
3(4 500 78)
3(137 165 138)
3(412 398 380)
3(502 82 501)
3(522 523 17)
3(434 457 418)
3(10 519 13)
3(423 409 384)
3(456 445 432)
3(113 49 158)
3(42 512 511)
3(50 49 113)
3(50 518 49)
3(218 101 173)
3(67 490 66)
3(67 66 127)
3(188 261 236)
3(416 394 414)
3(320 344 373)
3(276 275 231)
3(231 228 276)
3(475 466 468)
3(455 466 434)
3(71 70 131)
3(71 494 70)
3(466 457 434)
3(190 263 191)
3(472 474 447)
3(70 493 69)
3(130 70 69)
3(171 99 151)
3(210 252 176)
3(164 221 206)
3(200 131 130)
3(23 150 98)
3(243 274 244)
3(23 24 150)
3(23 529 24)
3(259 232 220)
3(328 340 394)
3(101 29 153)
3(227 218 173)
3(525 526 20)
3(384 354 327)
3(419 427 430)
3(418 406 373)
3(407 345 385)
3(207 260 179)
3(241 242 195)
3(207 179 146)
3(470 462 464)
3(448 404 446)
3(37 144 105)
3(166 235 252)
3(15 146 94)
3(93 145 157)
3(298 242 360)
3(43 42 107)
3(43 512 42)
3(50 113 114)
3(413 428 439)
3(53 52 114)
3(53 6 52)
3(360 370 298)
3(430 427 431)
3(485 484 60)
3(192 123 122)
3(159 165 137)
3(134 204 135)
3(219 254 256)
3(211 180 107)
3(23 98 22)
3(23 22 528)
3(94 146 179)
3(528 22 527)
3(109 110 45)
3(515 514 45)
3(467 472 459)
3(57 117 118)
3(296 375 278)
3(390 417 410)
3(194 195 125)
3(296 278 238)
3(203 249 250)
3(240 194 193)
3(390 368 349)
3(424 449 426)
3(430 438 387)
3(396 342 428)
3(320 315 313)
3(460 464 431)
3(262 178 264)
3(475 473 476)
3(100 217 151)
3(174 102 154)
3(439 428 388)
3(379 351 316)
3(212 185 224)
3(60 61 485)
3(60 121 61)
3(141 161 85)
3(211 107 106)
3(204 251 205)
3(130 131 70)
3(75 135 136)
3(247 287 248)
3(82 83 162)
3(502 83 82)
3(433 415 411)
3(378 429 417)
3(82 81 501)
3(82 139 81)
3(393 344 329)
3(288 248 287)
3(61 486 485)
3(397 377 422)
3(190 191 121)
3(407 448 452)
3(427 371 415)
3(412 414 398)
3(92 79 138)
3(408 395 402)
3(298 345 321)
3(516 47 517)
3(435 420 399)
3(112 48 47)
3(517 47 48)
3(133 132 202)
3(298 370 345)
3(142 164 206)
3(356 382 305)
3(390 410 382)
3(309 267 253)
3(372 392 322)
3(208 142 206)
3(371 411 415)
3(387 365 419)
3(232 259 310)
3(243 242 298)
3(265 224 234)
3(385 345 370)
3(234 224 183)
3(331 376 332)
3(269 273 258)
3(304 272 279)
3(244 198 197)
3(419 365 367)
3(277 261 308)
3(329 283 305)
3(441 435 471)
3(6 51 7)
3(52 7 51)
3(52 6 7)
3(339 318 333)
3(332 376 339)
3(178 208 264)
3(52 51 114)
3(262 264 311)
3(199 130 129)
3(461 469 454)
3(300 268 256)
3(144 80 81)
3(8 81 80)
3(237 292 359)
3(240 193 239)
3(30 102 153)
3(210 177 162)
3(240 297 325)
3(175 259 220)
3(144 38 80)
3(63 64 487)
3(63 124 64)
3(120 189 190)
3(299 317 266)
3(74 497 73)
3(134 74 73)
3(16 17 95)
3(16 522 17)
3(498 497 74)
3(145 94 186)
3(510 41 511)
3(59 484 483)
3(30 153 29)
3(535 30 29)
3(247 200 246)
3(287 333 334)
3(185 116 160)
3(343 271 268)
3(277 308 326)
3(292 277 337)
3(285 246 245)
3(27 532 533)
3(155 103 33)
3(175 220 103)
3(463 441 471)
3(111 184 112)
3(111 46 110)
3(290 250 289)
3(61 62 486)
3(122 62 61)
3(232 254 174)
3(192 191 238)
3(221 136 205)
3(288 334 335)
3(262 209 178)
3(295 310 307)
3(380 320 406)
3(241 282 242)
3(412 406 457)
3(328 362 304)
3(393 410 418)
3(38 37 8)
3(144 37 38)
3(379 322 392)
3(472 465 443)
3(262 235 209)
3(364 355 381)
3(236 237 189)
3(188 236 189)
3(331 285 284)
3(199 200 130)
3(331 332 285)
3(199 246 200)
3(455 429 450)
3(347 325 353)
3(393 329 382)
3(59 60 484)
3(384 409 354)
3(361 362 397)
3(466 455 468)
3(405 432 445)
3(122 121 191)
3(78 138 79)
3(4 78 79)
3(438 436 408)
3(266 223 168)
3(181 182 109)
3(181 233 182)
3(356 305 257)
3(451 426 449)
3(474 456 447)
3(255 216 257)
3(342 323 278)
3(157 41 40)
3(510 40 41)
3(119 118 188)
3(93 157 40)
3(247 286 287)
3(287 286 333)
3(445 449 424)
3(510 10 40)
3(357 317 354)
3(232 310 294)
3(284 364 331)
3(241 316 282)
3(343 376 358)
3(328 394 377)
3(8 501 81)
3(331 364 358)
3(34 540 35)
3(104 34 35)
3(274 355 364)
3(400 388 366)
3(375 341 395)
3(408 436 395)
3(400 395 436)
3(68 129 69)
3(68 69 492)
3(170 226 215)
3(387 408 352)
3(207 267 260)
3(384 383 421)
3(438 430 464)
3(10 510 519)
3(519 620 520)
3(521 621 522)
3(523 622 524)
3(525 623 526)
3(527 624 528)
3(529 625 530)
3(531 626 532)
3(533 627 534)
3(535 628 536)
3(537 629 538)
3(539 630 540)
3(541 501 8)
3(511 631 510)
3(512 632 511)
3(511 632 631)
3(513 633 512)
3(512 633 632)
3(514 634 513)
3(513 634 633)
3(515 635 514)
3(514 635 634)
3(516 636 515)
3(515 636 635)
3(517 637 516)
3(516 637 636)
3(518 638 517)
3(517 638 637)
3(6 639 518)
3(478 639 6)
3(518 639 638)
3(501 640 502)
3(503 641 504)
3(505 642 506)
3(507 643 508)
3(509 500 4)
3(479 644 478)
3(478 644 639)
3(480 645 479)
3(479 645 644)
3(481 646 480)
3(480 646 645)
3(482 647 481)
3(481 647 646)
3(483 648 482)
3(482 648 647)
3(484 649 483)
3(483 649 648)
3(485 650 484)
3(484 650 649)
3(486 651 485)
3(485 651 650)
3(487 652 486)
3(486 652 651)
3(488 653 487)
3(487 653 652)
3(489 654 488)
3(488 654 653)
3(490 655 489)
3(489 655 654)
3(491 656 490)
3(490 656 655)
3(492 657 491)
3(491 657 656)
3(493 658 492)
3(492 658 657)
3(494 659 493)
3(493 659 658)
3(495 660 494)
3(494 660 659)
3(496 661 495)
3(495 661 660)
3(497 662 496)
3(496 662 661)
3(498 663 497)
3(497 663 662)
3(499 664 498)
3(498 664 663)
3(500 665 499)
3(509 665 500)
3(499 665 664)
3(3 666 542)
3(543 667 544)
3(545 668 546)
3(547 669 548)
3(549 670 550)
3(551 671 552)
3(553 672 554)
3(555 673 556)
3(557 674 558)
3(559 675 560)
3(561 676 1)
3(1 677 562)
3(563 678 564)
3(565 679 566)
3(567 680 568)
3(569 681 570)
3(571 682 572)
3(573 683 574)
3(575 684 576)
3(577 685 578)
3(579 686 580)
3(581 687 2)
3(582 688 581)
3(581 688 687)
3(583 689 582)
3(582 689 688)
3(584 690 583)
3(583 690 689)
3(585 691 584)
3(584 691 690)
3(586 692 585)
3(585 692 691)
3(587 693 586)
3(586 693 692)
3(588 694 587)
3(587 694 693)
3(589 695 588)
3(588 695 694)
3(590 696 589)
3(589 696 695)
3(591 697 590)
3(590 697 696)
3(592 698 591)
3(591 698 697)
3(593 699 592)
3(592 699 698)
3(594 700 593)
3(593 700 699)
3(595 701 594)
3(594 701 700)
3(596 702 595)
3(595 702 701)
3(597 703 596)
3(596 703 702)
3(598 704 597)
3(597 704 703)
3(599 705 598)
3(598 705 704)
3(600 706 599)
3(599 706 705)
3(0 707 600)
3(600 707 706)
3(601 708 3)
3(602 709 601)
3(601 709 708)
3(603 710 602)
3(602 710 709)
3(604 711 603)
3(603 711 710)
3(605 712 604)
3(604 712 711)
3(606 713 605)
3(605 713 712)
3(607 714 606)
3(606 714 713)
3(608 715 607)
3(607 715 714)
3(609 716 608)
3(608 716 715)
3(610 717 609)
3(609 717 716)
3(611 718 610)
3(610 718 717)
3(612 719 611)
3(611 719 718)
3(613 720 612)
3(612 720 719)
3(614 721 613)
3(613 721 720)
3(615 722 614)
3(614 722 721)
3(616 723 615)
3(615 723 722)
3(617 724 616)
3(616 724 723)
3(618 725 617)
3(617 725 724)
3(619 726 618)
3(618 726 725)
3(2 727 619)
3(619 727 726)
3(541 640 501)
3(520 728 521)
3(522 729 523)
3(524 730 525)
3(526 731 527)
3(528 732 529)
3(530 733 531)
3(532 734 533)
3(534 735 535)
3(536 736 537)
3(538 737 539)
3(728 621 521)
3(540 738 541)
3(520 620 728)
3(509 508 665)
3(502 739 503)
3(504 740 505)
3(506 741 507)
3(666 742 542)
3(542 742 543)
3(502 640 739)
3(667 743 544)
3(544 743 545)
3(3 744 666)
3(543 742 667)
3(545 743 668)
3(3 708 744)
3(546 745 547)
3(548 746 549)
3(550 747 551)
3(552 748 553)
3(554 749 555)
3(556 750 557)
3(558 751 559)
3(560 752 561)
3(1 753 677)
3(562 754 563)
3(564 755 565)
3(566 756 567)
3(568 757 569)
3(570 758 571)
3(572 759 573)
3(574 760 575)
3(576 761 577)
3(578 762 579)
3(0 763 707)
3(580 764 0)
3(546 668 745)
3(2 765 727)
3(729 622 523)
3(510 620 519)
3(621 729 522)
3(622 730 524)
3(623 731 526)
3(624 732 528)
3(625 733 530)
3(626 734 532)
3(627 735 534)
3(628 736 536)
3(629 737 538)
3(630 738 540)
3(642 741 506)
3(643 665 508)
3(2 687 765)
3(669 746 548)
3(670 747 550)
3(671 748 552)
3(672 749 554)
3(673 750 556)
3(674 751 558)
3(675 752 560)
3(676 753 1)
3(677 754 562)
3(678 755 564)
3(679 756 566)
3(680 757 568)
3(681 758 570)
3(682 759 572)
3(683 760 574)
3(684 761 576)
3(685 762 578)
3(686 764 580)
3(730 623 525)
3(731 624 527)
3(732 625 529)
3(733 626 531)
3(734 627 533)
3(735 628 535)
3(736 629 537)
3(737 630 539)
3(741 643 507)
3(749 673 555)
3(750 674 557)
3(751 675 559)
3(752 676 561)
3(754 678 563)
3(755 679 565)
3(756 680 567)
3(757 681 569)
3(758 682 571)
3(759 683 573)
3(760 684 575)
3(761 685 577)
3(762 686 579)
3(764 763 0)
3(740 642 505)
3(739 641 503)
3(504 641 740)
3(748 672 553)
3(747 671 551)
3(746 670 549)
3(745 669 547)
3(687 766 765)
3(642 767 741)
3(622 768 730)
3(510 631 620)
3(623 769 731)
3(624 770 732)
3(625 771 733)
3(626 772 734)
3(627 773 735)
3(628 774 736)
3(629 775 737)
3(630 776 738)
3(728 777 621)
3(738 640 541)
3(620 778 728)
3(728 778 777)
3(633 779 632)
3(634 780 633)
3(633 780 779)
3(635 781 634)
3(634 781 780)
3(636 782 635)
3(635 782 781)
3(637 783 636)
3(636 783 782)
3(638 784 637)
3(637 784 783)
3(639 785 638)
3(644 785 639)
3(638 785 784)
3(748 786 672)
3(641 787 740)
3(739 788 641)
3(641 788 787)
3(643 789 665)
3(665 789 664)
3(749 790 673)
3(666 791 742)
3(708 792 744)
3(667 793 743)
3(645 794 644)
3(644 794 785)
3(646 795 645)
3(645 795 794)
3(647 796 646)
3(646 796 795)
3(648 797 647)
3(647 797 796)
3(649 798 648)
3(648 798 797)
3(650 799 649)
3(649 799 798)
3(651 800 650)
3(650 800 799)
3(652 801 651)
3(651 801 800)
3(653 802 652)
3(652 802 801)
3(654 803 653)
3(653 803 802)
3(655 804 654)
3(654 804 803)
3(656 805 655)
3(655 805 804)
3(657 806 656)
3(656 806 805)
3(658 807 657)
3(657 807 806)
3(659 808 658)
3(658 808 807)
3(660 809 659)
3(659 809 808)
3(661 810 660)
3(660 810 809)
3(662 811 661)
3(661 811 810)
3(663 812 662)
3(662 812 811)
3(744 813 666)
3(666 813 791)
3(742 814 667)
3(667 814 793)
3(670 815 747)
3(745 816 669)
3(671 817 748)
3(746 818 670)
3(670 818 815)
3(672 819 749)
3(786 819 672)
3(749 819 790)
3(747 820 671)
3(815 820 747)
3(671 820 817)
3(750 821 674)
3(751 822 675)
3(752 823 676)
3(754 824 678)
3(677 824 754)
3(755 825 679)
3(756 897 680)
3(757 826 681)
3(681 827 758)
3(682 828 759)
3(683 829 760)
3(684 830 761)
3(685 903 762)
3(686 831 764)
3(740 832 642)
3(642 832 767)
3(730 833 623)
3(623 833 769)
3(668 834 745)
3(745 834 816)
3(689 835 688)
3(690 836 689)
3(689 836 835)
3(691 837 690)
3(690 837 836)
3(692 838 691)
3(691 838 837)
3(693 839 692)
3(692 839 838)
3(694 840 693)
3(693 840 839)
3(695 841 694)
3(694 841 840)
3(696 842 695)
3(695 842 841)
3(697 843 696)
3(696 843 842)
3(698 844 697)
3(697 844 843)
3(699 845 698)
3(698 845 844)
3(700 846 699)
3(699 846 845)
3(701 847 700)
3(700 847 846)
3(702 848 701)
3(701 848 847)
3(703 849 702)
3(702 849 848)
3(704 850 703)
3(703 850 849)
3(705 851 704)
3(704 851 850)
3(706 852 705)
3(705 852 851)
3(707 853 706)
3(706 853 852)
3(765 854 727)
3(729 855 622)
3(622 855 768)
3(710 856 709)
3(711 857 710)
3(710 857 856)
3(712 858 711)
3(711 858 857)
3(713 859 712)
3(712 859 858)
3(714 860 713)
3(713 860 859)
3(715 861 714)
3(714 861 860)
3(716 861 715)
3(717 862 716)
3(716 862 861)
3(718 863 717)
3(717 863 862)
3(719 864 718)
3(718 864 863)
3(720 865 719)
3(719 865 864)
3(721 865 720)
3(722 866 721)
3(721 866 865)
3(723 867 722)
3(722 867 866)
3(724 868 723)
3(723 868 867)
3(725 869 724)
3(724 869 868)
3(726 870 725)
3(725 870 869)
3(727 871 726)
3(726 871 870)
3(669 872 746)
3(816 872 669)
3(746 872 818)
3(688 873 687)
3(835 873 688)
3(687 873 766)
3(709 874 708)
3(856 874 709)
3(708 874 792)
3(743 875 668)
3(793 875 743)
3(668 875 834)
3(753 876 677)
3(677 876 824)
3(763 877 707)
3(707 877 853)
3(631 778 620)
3(738 776 640)
3(730 768 833)
3(731 878 624)
3(732 879 625)
3(733 880 626)
3(734 881 627)
3(735 882 628)
3(736 883 629)
3(737 884 630)
3(744 885 813)
3(741 886 643)
3(967 771 879)
3(753 887 876)
3(621 888 729)
3(773 882 735)
3(748 817 786)
3(787 832 740)
3(643 886 789)
3(772 881 734)
3(771 880 733)
3(790 889 673)
3(673 889 750)
3(742 791 814)
3(879 732 964)
3(664 890 663)
3(878 731 958)
3(640 776 739)
3(767 886 741)
3(766 891 765)
3(631 632 778)
3(750 889 821)
3(823 892 676)
3(676 892 753)
3(822 893 675)
3(675 893 752)
3(674 894 751)
3(821 894 674)
3(751 894 822)
3(752 893 823)
3(763 895 877)
3(678 896 755)
3(824 896 678)
3(755 896 825)
3(679 897 756)
3(680 898 757)
3(681 826 827)
3(758 899 682)
3(759 900 683)
3(683 900 829)
3(760 901 684)
3(761 902 685)
3(762 903 686)
3(764 904 763)
3(765 891 854)
3(854 871 727)
3(729 888 855)
3(884 776 630)
3(883 775 629)
3(831 904 764)
3(830 902 761)
3(829 901 760)
3(828 900 759)
3(897 898 680)
3(882 774 628)
3(792 885 744)
3(777 888 621)
3(775 884 737)
3(881 773 627)
3(774 883 736)
3(770 624 961)
3(880 772 626)
3(776 788 739)
3(753 892 887)
3(904 895 763)
3(903 831 686)
3(632 779 778)
3(902 903 685)
3(679 825 897)
3(898 826 757)
3(899 828 682)
3(901 830 684)
3(664 789 890)
3(790 991 889)
3(774 905 883)
3(817 906 786)
3(831 907 904)
3(881 908 773)
3(777 909 888)
3(766 910 891)
3(887 911 876)
3(778 912 777)
3(779 912 778)
3(777 912 909)
3(775 913 884)
3(781 914 780)
3(782 915 781)
3(781 915 914)
3(783 916 782)
3(782 916 915)
3(784 917 783)
3(783 917 916)
3(785 918 784)
3(794 918 785)
3(784 918 917)
3(892 919 887)
3(823 920 892)
3(892 920 919)
3(890 812 663)
3(795 921 794)
3(794 921 918)
3(796 922 795)
3(795 922 921)
3(797 923 796)
3(796 923 922)
3(798 924 797)
3(797 924 923)
3(800 925 799)
3(804 805 1000)
3(806 927 805)
3(805 927 926)
3(807 928 806)
3(806 928 927)
3(808 929 807)
3(807 929 928)
3(809 930 808)
3(808 930 929)
3(810 931 809)
3(809 931 930)
3(811 932 810)
3(810 932 931)
3(812 933 811)
3(811 933 932)
3(813 934 791)
3(854 935 871)
3(895 936 877)
3(792 937 885)
3(882 938 774)
3(774 938 905)
3(826 939 827)
3(901 940 830)
3(886 941 789)
3(891 942 854)
3(854 942 935)
3(833 937 769)
3(834 943 816)
3(767 944 886)
3(886 944 941)
3(837 945 836)
3(838 945 837)
3(839 946 838)
3(838 946 945)
3(840 947 839)
3(839 947 946)
3(841 948 840)
3(840 948 947)
3(842 949 841)
3(841 949 948)
3(843 949 842)
3(844 950 843)
3(843 950 949)
3(845 951 844)
3(844 951 950)
3(846 952 845)
3(845 952 951)
3(847 953 846)
3(846 953 952)
3(848 953 847)
3(849 954 848)
3(848 954 953)
3(850 954 849)
3(851 955 850)
3(850 955 954)
3(852 956 851)
3(851 956 955)
3(853 957 852)
3(852 957 956)
3(858 958 857)
3(859 959 858)
3(858 959 958)
3(860 960 859)
3(859 960 959)
3(861 960 860)
3(861 961 960)
3(862 962 861)
3(861 962 961)
3(863 962 862)
3(864 963 863)
3(863 963 962)
3(865 963 864)
3(865 964 963)
3(866 965 865)
3(865 965 964)
3(867 965 866)
3(868 966 867)
3(867 966 965)
3(869 966 868)
3(870 967 869)
3(869 967 966)
3(871 967 870)
3(935 967 871)
3(884 968 776)
3(913 968 884)
3(776 968 788)
3(772 969 881)
3(881 969 908)
3(855 970 768)
3(832 971 767)
3(767 971 944)
3(885 972 813)
3(813 972 934)
3(827 899 758)
3(818 973 815)
3(787 974 832)
3(832 974 971)
3(877 975 853)
3(936 975 877)
3(853 975 957)
3(770 964 732)
3(788 976 787)
3(968 976 788)
3(787 976 974)
3(780 977 779)
3(914 977 780)
3(779 977 912)
3(880 978 772)
3(991 979 889)
3(889 979 821)
3(772 978 969)
3(771 942 880)
3(878 961 624)
3(883 981 775)
3(887 982 911)
3(625 879 771)
3(902 983 903)
3(798 982 924)
3(773 984 882)
3(890 933 812)
3(793 985 875)
3(820 989 817)
3(817 989 906)
3(925 911 799)
3(799 982 798)
3(802 986 801)
3(803 983 802)
3(804 987 803)
3(934 988 791)
3(791 988 814)
3(769 958 731)
3(815 989 820)
3(973 989 815)
3(814 985 793)
3(988 985 814)
3(911 925 876)
3(910 990 891)
3(891 990 942)
3(904 987 895)
3(819 991 790)
3(894 992 822)
3(893 993 823)
3(900 994 829)
3(821 992 894)
3(979 992 821)
3(908 984 773)
3(822 995 893)
3(992 995 822)
3(893 995 993)
3(907 987 904)
3(882 984 938)
3(899 996 828)
3(901 994 940)
3(897 980 898)
3(828 986 900)
3(905 981 883)
3(789 941 890)
3(830 997 902)
3(940 997 830)
3(902 997 983)
3(874 998 792)
3(856 998 874)
3(792 998 937)
3(945 999 836)
3(836 999 835)
3(987 1000 895)
3(895 1000 936)
3(875 1001 834)
3(985 1001 875)
3(834 1001 943)
3(888 1002 855)
3(981 913 775)
3(872 1007 818)
3(818 1007 973)
3(857 1003 856)
3(983 907 903)
3(873 1004 766)
3(766 1004 910)
3(919 982 887)
3(768 1005 833)
3(941 933 890)
3(768 970 1005)
3(1002 970 855)
3(911 982 799)
3(993 920 823)
3(999 1006 835)
3(835 1006 873)
3(888 909 1002)
3(816 1007 872)
3(943 1007 816)
3(927 1008 926)
3(828 996 986)
3(915 1009 914)
3(919 1010 982)
3(982 1010 924)
3(910 978 990)
3(771 935 942)
3(970 1011 1005)
3(916 1012 915)
3(915 1012 1009)
3(917 1013 916)
3(916 1013 1012)
3(918 1014 917)
3(921 1014 918)
3(917 1014 1013)
3(920 1015 919)
3(919 1015 1010)
3(987 804 1000)
3(908 1016 984)
3(786 1017 819)
3(819 1017 991)
3(800 980 925)
3(922 1018 921)
3(921 1018 1014)
3(923 1019 922)
3(922 1019 1018)
3(924 1020 923)
3(1010 1020 924)
3(923 1020 1019)
3(827 996 899)
3(980 800 939)
3(803 907 983)
3(928 1021 927)
3(927 1021 1008)
3(929 1022 928)
3(928 1022 1021)
3(930 1023 929)
3(929 1023 1022)
3(931 1024 930)
3(930 1024 1023)
3(932 1025 931)
3(931 1025 1024)
3(933 1026 932)
3(932 1026 1025)
3(833 1027 937)
3(827 939 996)
3(786 906 1017)
3(803 987 907)
3(909 1028 1002)
3(903 907 831)
3(898 939 826)
3(906 1029 1017)
3(980 939 898)
3(905 1030 981)
3(829 994 901)
3(825 980 897)
3(969 1031 908)
3(908 1031 1016)
3(913 1032 968)
3(968 1032 976)
3(950 1033 949)
3(954 1055 953)
3(958 1003 857)
3(981 1032 913)
3(978 1034 969)
3(969 1034 1031)
3(971 1035 944)
3(1002 1036 970)
3(1028 1036 1002)
3(970 1036 1011)
3(833 1005 1027)
3(974 1037 971)
3(971 1037 1035)
3(876 925 824)
3(941 1026 933)
3(938 1039 905)
3(905 1039 1030)
3(937 1027 885)
3(825 925 980)
3(991 1040 979)
3(1009 1041 914)
3(914 1041 977)
3(942 990 880)
3(1027 972 885)
3(910 1042 978)
3(1016 1043 984)
3(984 1043 938)
3(978 1042 1034)
3(934 1044 988)
3(941 944 1026)
3(1006 1004 873)
3(912 1045 909)
3(1027 1046 972)
3(1005 1046 1027)
3(972 1046 934)
3(1043 1039 938)
3(934 1046 1044)
3(944 1035 1026)
3(1045 1028 909)
3(985 1047 1001)
3(900 986 994)
3(945 1048 999)
3(1038 1048 1049)
3(999 1048 1006)
3(925 896 824)
3(1030 1032 981)
3(937 998 769)
3(946 1049 945)
3(945 1049 1048)
3(947 1050 946)
3(946 1050 1049)
3(948 1050 947)
3(949 1051 948)
3(948 1051 1050)
3(1095 1051 1033)
3(951 1052 950)
3(950 1052 1033)
3(952 1052 951)
3(953 1053 952)
3(952 1053 1052)
3(953 1054 1053)
3(955 1055 954)
3(956 1056 955)
3(955 1056 1055)
3(957 1057 956)
3(975 1057 957)
3(956 1057 1056)
3(801 939 800)
3(993 1058 920)
3(769 998 1003)
3(976 1059 974)
3(1032 1059 976)
3(974 1059 1037)
3(801 996 939)
3(1058 1015 920)
3(977 1045 912)
3(1076 1029 1060)
3(1016 1061 1043)
3(771 967 935)
3(1011 1062 1005)
3(1005 1062 1046)
3(992 1063 995)
3(1013 1064 1012)
3(1014 1065 1013)
3(1018 1065 1014)
3(1013 1065 1064)
3(992 1066 1063)
3(1040 1066 979)
3(991 1029 1040)
3(1019 1067 1018)
3(1018 1067 1065)
3(1021 1068 1008)
3(1044 1047 988)
3(1035 1069 1026)
3(1022 1070 1021)
3(1021 1070 1068)
3(1023 1071 1022)
3(1022 1071 1070)
3(1024 1072 1023)
3(1023 1072 1071)
3(1025 1073 1024)
3(1024 1073 1072)
3(1026 1069 1025)
3(825 896 925)
3(958 959 878)
3(1058 1074 1015)
3(973 1060 989)
3(1047 1075 1001)
3(1001 1075 943)
3(959 960 878)
3(906 1060 1029)
3(1066 992 979)
3(1075 1077 943)
3(973 1077 1060)
3(1040 1078 1066)
3(1077 1075 1080)
3(1077 1080 1060)
3(1079 1080 1075)
3(1060 1080 1076)
3(977 1041 1045)
3(993 1063 1058)
3(1055 1054 953)
3(1031 1081 1016)
3(1016 1081 1061)
3(949 1033 1051)
3(983 997 802)
3(997 940 802)
3(1063 1082 1058)
3(1058 1082 1074)
3(802 940 986)
3(1034 1083 1031)
3(1031 1083 1081)
3(963 770 962)
3(966 879 965)
3(1045 1041 1028)
3(1037 1084 1035)
3(1035 1084 1069)
3(936 1085 975)
3(975 1085 1057)
3(856 1003 998)
3(1008 1085 926)
3(1039 1086 1030)
3(964 965 879)
3(1009 1087 1041)
3(878 960 961)
3(879 966 967)
3(1025 1069 1073)
3(1029 1088 1040)
3(1015 1089 1010)
3(1074 1089 1015)
3(1010 1089 1020)
3(1020 1090 1019)
3(1089 1090 1020)
3(1019 1090 1067)
3(986 996 801)
3(1029 1076 1088)
3(1040 1088 1078)
3(1047 1091 1075)
3(1044 1091 1047)
3(1075 1091 1079)
3(1048 1042 1006)
3(1077 1007 943)
3(995 1063 993)
3(1030 1092 1032)
3(1093 1054 1103)
3(770 963 964)
3(1038 1042 1048)
3(1012 1094 1009)
3(1000 926 936)
3(1030 1086 1092)
3(1042 1004 1006)
3(1012 1064 1094)
3(1094 1087 1009)
3(926 1085 936)
3(770 961 962)
3(1041 1087 1028)
3(1028 1087 1036)
3(1043 1096 1039)
3(1061 1096 1043)
3(880 990 978)
3(1038 1034 1042)
3(1038 1110 1034)
3(1096 1086 1039)
3(1110 1083 1034)
3(1078 1082 1066)
3(1076 1097 1088)
3(926 1000 805)
3(994 986 940)
3(1066 1082 1063)
3(1017 1029 991)
3(1059 1092 1037)
3(1071 1098 1070)
3(1072 1099 1071)
3(1071 1099 1098)
3(1073 1100 1072)
3(1072 1100 1099)
3(973 1007 1077)
3(1087 1101 1036)
3(1093 1102 1054)
3(1055 1103 1054)
3(1081 1098 1061)
3(910 1004 1042)
3(1033 1102 1095)
3(1052 1102 1033)
3(1103 1055 1104)
3(1057 1104 1056)
3(1085 1104 1057)
3(1056 1104 1055)
3(1036 1101 1011)
3(1096 1100 1086)
3(1037 1092 1084)
3(1086 1084 1092)
3(1069 1084 1073)
3(1008 1104 1085)
3(1087 1097 1101)
3(1094 1097 1087)
3(1086 1100 1084)
3(1095 1105 1110)
3(1110 1105 1083)
3(1104 1008 1103)
3(1084 1100 1073)
3(1008 1068 1103)
3(1068 1093 1103)
3(1061 1099 1096)
3(1105 1068 1108)
3(1064 1097 1094)
3(1067 1106 1065)
3(1065 1106 1064)
3(1068 1105 1093)
3(1076 1101 1097)
3(1096 1099 1100)
3(1046 1062 1044)
3(988 1047 985)
3(1061 1098 1099)
3(1091 1062 1079)
3(769 1003 958)
3(1078 1107 1082)
3(1083 1108 1081)
3(1105 1108 1083)
3(1081 1108 1098)
3(1101 1079 1011)
3(1053 1102 1052)
3(1101 1080 1079)
3(989 1060 906)
3(1032 1092 1059)
3(1044 1062 1091)
3(1079 1062 1011)
3(1090 1107 1067)
3(1088 1109 1078)
3(1102 1093 1095)
3(1050 1051 1110)
3(1095 1110 1051)
3(1107 1090 1082)
3(1088 1097 1109)
3(1076 1080 1101)
3(1074 1090 1089)
3(1105 1095 1093)
3(1098 1108 1070)
3(1109 1107 1078)
3(1049 1110 1038)
3(1054 1102 1053)
3(1067 1107 1106)
3(1064 1106 1097)
3(1070 1108 1068)
3(1082 1090 1074)
3(1109 1106 1107)
3(1097 1106 1109)
3(1050 1110 1049)
3(1301 1326 1327)
3(1154 1227 1116)
3(1268 1260 1220)
3(570 571 1126)
3(1234 1193 1118)
3(1183 1146 1223)
3(1192 1233 1253)
3(1257 1254 1239)
3(559 1132 1170)
3(1257 1239 1205)
3(1157 1118 1193)
3(610 1182 611)
3(1175 547 1138)
3(1218 1189 1151)
3(1177 542 543)
3(1240 1266 1243)
3(1220 1143 1246)
3(1166 566 1128)
3(1182 610 1145)
3(1160 577 578)
3(562 1131 1)
3(1160 1123 577)
3(1142 603 1178)
3(1130 1167 1207)
3(1147 614 613)
3(1181 1144 1221)
3(1324 1312 1299)
3(1172 552 553)
3(1173 1136 1231)
3(1235 1264 1267)
3(1138 1243 1214)
3(1201 1124 1202)
3(591 1116 592)
3(1218 1261 1288)
3(1250 1290 1224)
3(592 1116 1155)
3(1152 586 1113)
3(1149 618 617)
3(1269 1279 1199)
3(1229 1200 1160)
3(1263 1237 1279)
3(1289 1223 1248)
3(1135 553 554)
3(1317 1273 1289)
3(1315 1294 1282)
3(585 1113 586)
3(1293 1316 1259)
3(1201 1293 1259)
3(1214 1244 1175)
3(543 1140 1177)
3(1242 1232 1140)
3(1298 1297 1293)
3(1282 1294 1198)
3(1323 1322 1314)
3(1260 1312 1310)
3(1324 1299 1313)
3(576 1123 1161)
3(1141 1178 602)
3(1125 1204 1198)
3(1135 554 1168)
3(1208 1274 1258)
3(575 576 1161)
3(1248 1182 1222)
3(1169 1130 1207)
3(1317 1318 1300)
3(1125 1198 1163)
3(1291 1276 1301)
3(1133 1199 1237)
3(1266 1240 1258)
3(1142 1217 1216)
3(1318 1325 1326)
3(1223 1249 1183)
3(1158 1120 599)
3(1306 1311 1262)
3(1232 1242 1217)
3(1240 1137 1208)
3(573 1162 1125)
3(1257 1255 1302)
3(544 1176 1140)
3(1210 1241 1172)
3(1329 1326 1325)
3(1256 1312 1268)
3(1323 1327 1326)
3(1164 1126 1203)
3(1203 1281 1278)
3(1236 1255 1257)
3(1197 1203 1278)
3(1302 1314 1322)
3(1251 1185 1148)
3(1152 1230 1226)
3(1280 1289 1248)
3(1148 1184 1224)
3(1234 1253 1252)
3(1323 1314 1304)
3(1270 1215 1244)
3(549 1174 548)
3(1306 1290 1317)
3(1325 1310 1324)
3(1201 1204 1162)
3(1214 1243 1266)
3(1258 1313 1299)
3(1123 576 577)
3(1225 1149 1185)
3(1252 1193 1234)
3(570 1126 1164)
3(1114 587 1152)
3(1276 1311 1300)
3(1312 1284 1299)
3(612 1183 613)
3(1214 1256 1244)
3(1229 1195 1194)
3(1141 1177 1232)
3(1256 1284 1312)
3(542 601 3)
3(1269 1206 1254)
3(1229 1194 1267)
3(1319 1295 1286)
3(1241 1272 1231)
3(1254 1206 1239)
3(1209 1134 1211)
3(1143 606 605)
3(1256 1214 1284)
3(1315 1327 1323)
3(1234 1156 1192)
3(1196 1161 1123)
3(1306 1288 1265)
3(1196 1202 1161)
3(1125 1163 572)
3(1312 1324 1310)
3(1149 1186 618)
3(1329 1324 1313)
3(1216 1217 1277)
3(1168 554 555)
3(1269 1238 1206)
3(1205 1239 1128)
3(1120 600 599)
3(1120 1121 600)
3(568 569 1127)
3(1199 1212 1269)
3(1261 1225 1251)
3(1318 1321 1325)
3(1229 1160 1122)
3(1119 1235 1194)
3(1160 1200 1123)
3(1122 1159 1195)
3(1130 563 1167)
3(1179 1142 1216)
3(1179 1143 605)
3(1246 1179 1216)
3(1204 1282 1198)
3(1230 1113 1189)
3(1153 589 588)
3(1153 1115 589)
3(1181 1245 1145)
3(1296 1292 1191)
3(1287 1200 1267)
3(1158 1194 1195)
3(1278 1314 1255)
3(1273 1250 1249)
3(1225 1187 1219)
3(1135 1210 1172)
3(1130 1131 562)
3(1264 1287 1267)
3(1305 1327 1320)
3(1225 1261 1187)
3(1202 1298 1293)
3(1168 1134 1209)
3(1147 613 1183)
3(1112 1218 1151)
3(1214 1175 1138)
3(1198 1294 1188)
3(1201 1259 1204)
3(1175 546 547)
3(1175 1139 546)
3(1203 1188 1281)
3(1174 1137 1240)
3(1297 1316 1293)
3(1275 1321 1271)
3(1173 1137 550)
3(1197 1164 1203)
3(1236 1257 1205)
3(1203 1126 1188)
3(614 1184 615)
3(1197 1127 1164)
3(1303 1274 1272)
3(1323 1326 1329)
3(1206 1129 1166)
3(1124 575 1161)
3(1225 1219 1149)
3(1265 1251 1224)
3(1265 1261 1251)
3(1268 1246 1216)
3(1262 1230 1189)
3(1168 1209 1213)
3(1218 1187 1261)
3(1185 1251 1225)
3(1241 1231 1136)
3(1325 1321 1310)
3(1133 1171 557)
3(1263 1279 1308)
3(1268 1216 1277)
3(1252 1253 1307)
3(1307 1292 1305)
3(1279 1254 1308)
3(1302 1322 1308)
3(1286 1209 1211)
3(1235 1193 1264)
3(1284 1266 1299)
3(1242 1277 1217)
3(1147 1184 614)
3(1306 1262 1288)
3(549 1137 1174)
3(1180 606 1143)
3(615 1148 616)
3(1143 1220 1180)
3(1274 1303 1313)
3(1275 1260 1310)
3(1146 612 611)
3(1177 1140 1232)
3(1290 1273 1317)
3(1265 1288 1261)
3(1286 1295 1209)
3(1223 1146 1248)
3(1176 1215 1242)
3(1213 1209 1295)
3(1141 1232 1178)
3(1218 1288 1189)
3(1263 1286 1211)
3(1274 1208 1231)
3(1292 1233 1191)
3(573 1125 572)
3(1274 1313 1258)
3(1322 1319 1308)
3(579 1122 578)
3(1270 1256 1277)
3(547 548 1138)
3(1268 1277 1256)
3(1242 1140 1176)
3(603 602 1178)
3(1196 1287 1298)
3(1186 1219 1111)
3(1313 1303 1329)
3(1329 1325 1324)
3(1170 558 559)
3(1319 1309 1295)
3(1285 1295 1309)
3(1302 1308 1254)
3(1279 1269 1254)
3(1113 1151 1189)
3(1171 556 557)
3(1309 1272 1285)
3(1278 1304 1314)
3(1328 1309 1319)
3(0 1121 580)
3(1278 1281 1304)
3(1172 1241 1136)
3(1135 1168 1213)
3(1328 1319 1322)
3(1245 1222 1145)
3(603 1142 604)
3(1218 1112 1187)
3(1184 1148 615)
3(1124 574 575)
3(587 1114 588)
3(1179 604 1142)
3(1212 1238 1269)
3(1292 1253 1233)
3(593 1155 1117)
3(1307 1320 1297)
3(1265 1290 1306)
3(1136 1173 551)
3(1289 1280 1318)
3(1240 1243 1174)
3(1236 1165 1127)
3(570 1164 569)
3(1300 1301 1276)
3(1275 1271 1245)
3(1282 1259 1316)
3(1125 1162 1204)
3(1307 1253 1292)
3(1191 1227 1296)
3(1137 549 550)
3(1303 1309 1328)
3(608 1181 609)
3(608 607 1144)
3(1256 1270 1244)
3(1215 1176 1139)
3(1188 1294 1281)
3(1315 1320 1327)
3(1303 1272 1309)
3(609 1145 610)
3(2 619 581)
3(619 1111 581)
3(1212 1132 1169)
3(1282 1316 1315)
3(1315 1304 1294)
3(584 583 1112)
3(591 1154 1116)
3(1257 1302 1254)
3(569 1164 1127)
3(1215 1139 1244)
3(1175 1244 1139)
3(1155 1233 1117)
3(1130 1169 1131)
3(608 1144 1181)
3(1323 1329 1328)
3(1264 1193 1252)
3(564 1167 563)
3(555 556 1134)
3(1279 1237 1199)
3(1129 1167 564)
3(565 1129 564)
3(585 584 1151)
3(1152 1113 1230)
3(1297 1287 1264)
3(1317 1311 1306)
3(595 594 1156)
3(1300 1318 1326)
3(1115 1190 1154)
3(1156 1118 595)
3(1112 1151 584)
3(1124 1162 574)
3(1124 1201 1162)
3(596 595 1118)
3(1267 1200 1229)
3(1166 1129 565)
3(1163 1198 1188)
3(1196 1200 1287)
3(1135 1172 553)
3(1150 1112 583)
3(1196 1298 1202)
3(1204 1259 1282)
3(582 1150 583)
3(1219 1187 1150)
3(1213 1285 1210)
3(1236 1205 1165)
3(1181 1145 609)
3(1118 1156 1234)
3(1273 1290 1250)
3(1301 1305 1296)
3(1141 602 601)
3(1138 1174 1243)
3(1137 1173 1208)
3(1165 568 1127)
3(1284 1214 1266)
3(1219 1150 1111)
3(581 1111 582)
3(1148 1185 616)
3(1300 1326 1301)
3(1111 1150 582)
3(1166 1128 1239)
3(1322 1323 1328)
3(1168 555 1134)
3(1190 1291 1227)
3(1116 1227 1191)
3(1117 1156 594)
3(1180 1247 1144)
3(1180 1220 1247)
3(1141 542 1177)
3(1170 1199 1133)
3(1207 1212 1169)
3(551 1173 550)
3(1133 558 1170)
3(1238 1167 1129)
3(1159 1120 1195)
3(1206 1238 1129)
3(1242 1215 1270)
3(1245 1181 1221)
3(1275 1221 1260)
3(1296 1227 1291)
3(1117 594 593)
3(1238 1207 1167)
3(1170 1212 1199)
3(1190 1227 1154)
3(1247 1260 1221)
3(1220 1260 1247)
3(1146 1183 612)
3(543 544 1140)
3(1311 1317 1300)
3(1226 1153 1114)
3(1242 1270 1277)
3(1237 1211 1171)
3(1152 587 586)
3(1247 1221 1144)
3(1171 1211 1134)
3(1134 556 1171)
3(558 1133 557)
3(1320 1316 1297)
3(1158 599 598)
3(1160 578 1122)
3(580 1121 1159)
3(574 1162 573)
3(1182 1146 611)
3(1185 617 616)
3(1290 1265 1224)
3(1289 1273 1223)
3(1232 1217 1178)
3(1263 1308 1286)
3(567 1165 1128)
3(1241 1210 1272)
3(1285 1272 1210)
3(1174 1138 548)
3(1192 1156 1117)
3(1192 1117 1233)
3(1224 1184 1250)
3(580 1159 579)
3(1235 1267 1194)
3(1185 1149 617)
3(1201 1202 1293)
3(1120 1159 1121)
3(1246 1143 1179)
3(1280 1248 1222)
3(1234 1192 1253)
3(1166 1239 1206)
3(1119 1194 1158)
3(1278 1255 1197)
3(592 1155 593)
3(1236 1127 1197)
3(1317 1289 1318)
3(1268 1312 1260)
3(1197 1255 1236)
3(1262 1189 1288)
3(1280 1321 1318)
3(1196 1123 1200)
3(1281 1294 1304)
3(1240 1208 1258)
3(1208 1173 1231)
3(1213 1295 1285)
3(1207 1238 1212)
3(1231 1272 1274)
3(1263 1211 1237)
3(1252 1307 1297)
3(1258 1299 1266)
3(1176 545 1139)
3(1170 1132 1212)
3(1307 1305 1320)
3(1153 588 1114)
3(1329 1303 1328)
3(1150 1187 1112)
3(1298 1287 1297)
3(1163 1188 1126)
3(1163 571 572)
3(1163 1126 571)
3(1319 1286 1308)
3(544 545 1176)
3(1121 0 600)
3(1159 1122 579)
3(1157 1119 597)
3(1136 552 1172)
3(1147 1183 1249)
3(619 618 1186)
3(606 1180 607)
3(1271 1321 1280)
3(1147 1249 1250)
3(1147 1250 1184)
3(1119 598 597)
3(1139 545 546)
3(567 1128 566)
3(565 566 1166)
3(1320 1315 1316)
3(1252 1297 1264)
3(1226 1114 1152)
3(1245 1221 1275)
3(1158 1195 1120)
3(1180 1144 607)
3(1130 562 563)
3(1245 1271 1222)
3(1141 601 542)
3(1280 1222 1271)
3(1229 1122 1195)
3(1323 1304 1315)
3(1301 1296 1291)
3(1186 1149 1219)
3(619 1186 1111)
3(596 1157 597)
3(596 1118 1157)
3(1136 551 552)
3(1165 567 568)
3(1302 1255 1314)
3(1191 1233 1155)
3(585 1151 1113)
3(1235 1157 1193)
3(1142 1178 1217)
3(1146 1182 1248)
3(1179 605 604)
3(1273 1249 1223)
3(1301 1327 1305)
3(1182 1145 1222)
3(1135 1213 1210)
3(1165 1205 1128)
3(1224 1251 1148)
3(1237 1171 1133)
3(1246 1268 1220)
3(1275 1310 1321)
3(1119 1158 598)
3(1157 1235 1119)
3(1292 1296 1305)
3(1276 1283 1311)
3(591 590 1154)
3(1132 559 560)
3(1131 561 1)
3(1131 560 561)
3(560 1131 1169)
3(560 1169 1132)
3(590 1115 1154)
3(1228 1115 1153)
3(1228 1190 1115)
3(1228 1291 1190)
3(1283 1226 1230)
3(1283 1230 1262)
3(1283 1262 1311)
3(1226 1283 1276)
3(1228 1226 1276)
3(1228 1276 1291)
3(1153 1226 1228)
3(589 1115 590)
3(1202 1124 1161)
3(1155 1116 1191)
)


// ************************************************************************* //
