/*--------------------------------*- C++ -*----------------------------------*\
| =========                 |                                                 |
| \\      /  F ield         | OpenFOAM: The Open Source CFD Toolbox           |
|  \\    /   O peration     | Version:  2512                                  |
|   \\  /    A nd           | Website:  www.openfoam.com                      |
|    \\/     M anipulation  |                                                 |
\*---------------------------------------------------------------------------*/
FoamFile
{
    version     2.0;
    format      ascii;
    arch        "LSB;label=32;scalar=64";
    class       faceList;
    location    "constant/heatSink/polyMesh";
    object      faces;
}
// * * * * * * * * * * * * * * * * * * * * * * * * * * * * * * * * * * * * * //


23800
(
3(344 3341 1437)
3(311 1437 3341)
3(311 344 1437)
3(311 3341 344)
3(344 3341 343)
3(1534 3341 344)
3(1534 343 3341)
3(43 344 3341)
3(43 3341 343)
3(1743 359 3340)
3(1743 3340 358)
3(358 3340 359)
3(378 3340 1743)
3(378 359 3340)
3(378 1743 359)
3(3340 1743 1642)
3(3340 1654 1743)
3(3340 1642 1654)
3(1642 1743 1654)
3(1519 1518 3190)
3(1519 3190 1415)
3(1519 1415 1518)
3(1415 3190 1518)
3(3340 358 1642)
3(1743 1642 358)
3(378 1654 1743)
3(3340 1654 378)
3(3339 449 415)
3(3339 415 416)
3(3339 416 449)
3(319 3190 1519)
3(319 1518 3190)
3(1519 319 3397)
3(319 3190 3397)
3(1519 3397 3190)
3(1415 1452 3190)
3(1452 1519 3190)
3(1415 1519 1452)
3(1921 3437 1810)
3(1921 1920 3437)
3(1810 3437 1920)
3(1921 1810 1920)
3(1847 495 3437)
3(495 3413 3437)
3(1847 3413 495)
3(1847 3437 3413)
3(1810 1921 1847)
3(1810 1847 3437)
3(1847 1921 3437)
3(528 3437 1921)
3(528 1920 3437)
3(449 3339 1733)
3(1733 3339 1763)
3(449 1763 3339)
3(1634 3431 3339)
3(1634 3339 416)
3(1634 416 3431)
3(416 3339 3431)
3(448 3339 449)
3(448 415 3339)
3(1733 448 3339)
3(2441 2544 2489)
3(2544 2573 2489)
3(2441 2573 2544)
3(2441 2489 2573)
3(1763 3339 1634)
3(1763 1634 3431)
3(1763 3431 3339)
3(2534 3228 2430)
3(2534 2533 3228)
3(2430 3228 2533)
3(2534 2430 2533)
3(913 972 3338)
3(914 913 3338)
3(914 3338 972)
3(2467 2534 3228)
3(2467 2430 2534)
3(2467 3228 2430)
3(835 3228 2534)
3(835 2533 3228)
3(2534 3228 3412)
3(2467 2534 3412)
3(2467 3412 3228)
3(972 3338 2878)
3(972 971 3338)
3(2878 3338 971)
3(3338 2879 914)
3(3338 973 2879)
3(3338 914 973)
3(973 914 2879)
3(2879 3338 2878)
3(972 3338 2879)
3(1327 1225 243)
3(1356 1225 1327)
3(1356 243 1225)
3(913 971 3338)
3(995 868 3337)
3(994 995 3337)
3(994 3337 868)
3(3337 995 869)
3(3337 869 868)
3(850 2442 817)
3(850 817 2441)
3(850 2441 2442)
3(2442 851 2574)
3(2442 850 851)
3(2442 2574 850)
3(3337 995 2847)
3(3337 2847 2848)
3(3337 2848 995)
3(2627 869 3337)
3(869 3414 3337)
3(2627 3337 3414)
3(2627 3414 869)
3(994 2847 3337)
3(3336 867 994)
3(3336 994 868)
3(3336 868 867)
3(993 994 3336)
3(993 3336 867)
3(994 3336 2846)
3(993 2846 3336)
3(2847 2846 3336)
3(2847 3336 2626)
3(2847 2626 2846)
3(2626 3336 2846)
3(994 3336 2847)
3(2663 868 3336)
3(868 3337 3336)
3(2663 3337 868)
3(2663 3336 3337)
3(2626 2663 3336)
3(2626 2847 2663)
3(2663 2847 3336)
3(2861 3335 952)
3(1056 952 3335)
3(2861 1056 3335)
3(2648 3335 952)
3(2648 952 2861)
3(2648 2861 3335)
3(3335 893 952)
3(3335 952 54)
3(3335 54 893)
3(893 2648 3335)
3(893 952 2648)
3(74 3335 952)
3(74 54 3335)
3(1056 74 3335)
3(3393 526 493)
3(1919 526 3393)
3(1919 3393 493)
3(1919 493 526)
3(3334 950 2758)
3(3334 2758 1114)
3(1114 2758 950)
3(3334 1114 950)
3(3334 949 2758)
3(3334 950 949)
3(2758 3334 1143)
3(2758 1143 949)
3(3334 949 1143)
3(3334 1143 1114)
3(1114 1143 2758)
3(3333 944 0)
3(3333 1018 944)
3(3333 0 1018)
3(3333 944 38)
3(3333 38 0)
3(944 3333 137)
3(944 137 1018)
3(3333 1018 137)
3(3398 599 633)
3(3398 633 600)
3(3398 600 599)
3(632 3398 599)
3(632 633 3398)
3(2062 633 3398)
3(2062 2130 633)
3(2062 3398 2130)
3(3398 633 2130)
3(600 3398 2062)
3(600 2062 633)
3(320 3397 1519)
3(319 3397 320)
3(3397 286 320)
3(3397 287 286)
3(3397 320 287)
3(3397 1520 320)
3(3397 1519 1520)
3(1520 3254 3397)
3(320 3397 3254)
3(1520 320 3254)
3(1416 3397 1520)
3(1416 1520 3254)
3(1416 3254 3397)
3(319 3397 286)
3(3396 316 349)
3(3396 349 315)
3(3396 315 316)
3(3396 348 349)
3(3396 349 1536)
3(3396 1536 348)
3(2556 2470 2460)
3(2556 2460 3352)
3(2460 2470 3352)
3(2556 3352 2470)
3(1442 3396 349)
3(1554 349 3396)
3(1442 1554 3396)
3(1442 349 1554)
3(3396 316 1442)
3(1442 316 349)
3(137 3381 3333)
3(2753 137 3333)
3(2753 3333 3381)
3(2753 3381 137)
3(2358 2265 3436)
3(2358 693 2265)
3(2265 693 3436)
3(2358 3436 693)
3(692 2253 3436)
3(3269 692 3436)
3(3269 2253 692)
3(3269 3436 2253)
3(692 2265 3436)
3(2265 2253 3436)
3(348 315 3396)
3(2265 2357 2358)
3(2358 2357 3436)
3(2265 3436 2357)
3(425 1720 3435)
3(425 392 1720)
3(1720 392 3435)
3(425 3435 392)
3(3435 424 425)
3(3435 391 424)
3(3435 425 391)
3(1719 425 3435)
3(1719 3435 424)
3(1720 3435 1719)
3(3434 1444 249)
3(3434 249 268)
3(1444 268 249)
3(3434 268 1444)
3(1539 249 3434)
3(1539 1444 249)
3(1539 3434 1444)
3(3434 249 250)
3(3434 250 268)
3(1539 250 3434)
3(1815 1955 535)
3(535 1955 503)
3(1815 503 1955)
3(1815 535 503)
3(734 3433 700)
3(734 701 3433)
3(700 3433 701)
3(734 3433 733)
3(700 733 3433)
3(734 3433 2327)
3(733 2327 3433)
3(137 39 3333)
3(137 3381 39)
3(39 3381 3333)
3(734 3410 3433)
3(701 3433 3410)
3(701 3410 734)
3(2328 734 3433)
3(2328 3433 2327)
3(2328 3410 3433)
3(734 3410 2328)
3(3332 703 736)
3(3332 736 2258)
3(736 703 2258)
3(3332 2258 703)
3(3332 702 736)
3(3332 703 702)
3(3432 289 323)
3(3432 323 290)
3(3432 290 289)
3(1256 1318 1207)
3(1363 1256 1207)
3(1363 1318 1256)
3(1363 1207 1318)
3(2617 2620 2529)
3(2519 2617 2529)
3(2519 2529 2620)
3(2519 2620 2617)
3(1542 1543 1486)
3(1446 1543 1542)
3(1446 1542 1486)
3(1446 1486 1543)
3(1915 1911 2019)
3(1915 2019 1903)
3(1903 2019 1911)
3(1052 1090 3001)
3(1052 3001 1091)
3(309 310 3030)
3(2991 310 309)
3(2991 309 3030)
3(2991 3030 310)
3(2971 73 75)
3(2971 75 874)
3(2971 874 73)
3(73 874 75)
3(1344 160 3395)
3(160 3212 3395)
3(1344 3212 160)
3(1344 3395 3212)
3(2158 571 3201)
3(570 3201 571)
3(570 2158 3201)
3(1915 2020 1905)
3(1915 1905 1994)
3(1915 1994 2020)
3(1905 2020 1994)
3(1915 2020 1912)
3(1905 1912 2020)
3(2927 2900 2688)
3(2688 2900 2887)
3(2927 2688 2887)
3(2971 75 1057)
3(2971 3 75)
3(1096 114 3185)
3(114 113 3185)
3(1096 3185 113)
3(3298 80 1119)
3(3298 1120 80)
3(3298 1119 1120)
3(1107 1137 2744)
3(1107 2744 2793)
3(2744 1137 2793)
3(1107 2793 1137)
3(20 899 3282)
3(918 20 3282)
3(918 3282 899)
3(991 841 3009)
3(2972 3009 841)
3(2972 991 3009)
3(2972 841 991)
3(1149 2824 2788)
3(2787 1149 2788)
3(2787 2824 1149)
3(3030 310 342)
3(343 342 310)
3(343 3030 342)
3(343 310 3030)
3(3113 546 3142)
3(3125 3142 546)
3(3125 546 3113)
3(2433 2533 801)
3(834 2433 801)
3(834 801 2533)
3(834 2533 2433)
3(1827 547 514)
3(515 514 547)
3(515 547 1827)
3(1941 1839 1987)
3(1850 1941 1987)
3(1850 1987 1839)
3(1850 1839 1941)
3(1810 3267 1920)
3(1810 3437 3267)
3(3267 3437 1920)
3(2856 2885 2635)
3(2856 2635 1045)
3(1045 2635 2885)
3(753 3034 754)
3(753 824 3034)
3(754 3034 824)
3(100 3199 2772)
3(2763 3199 100)
3(2763 2772 3199)
3(3144 715 3164)
3(715 714 3164)
3(3144 3164 714)
3(3144 714 715)
3(1781 1803 1705)
3(1781 1688 1803)
3(1803 1688 1705)
3(1781 1705 1688)
3(1397 1403 1294)
3(1292 1403 1397)
3(1292 1397 1294)
3(1292 1294 1403)
3(1315 220 1240)
3(1314 1315 1240)
3(1314 1240 220)
3(2542 2438 2592)
3(2572 2438 2542)
3(2572 2592 2438)
3(3029 446 2954)
3(413 3029 2954)
3(413 446 3029)
3(413 2954 446)
3(809 2571 2540)
3(809 2540 842)
3(809 842 2571)
3(3232 1076 1)
3(1000 3232 1)
3(1000 1076 3232)
3(1049 2639 884)
3(884 2639 2887)
3(1049 884 2887)
3(1049 2887 2639)
3(2544 2489 2490)
3(2544 2490 2441)
3(1292 1360 1359)
3(1292 1397 1360)
3(1292 1359 1397)
3(1315 1330 1252)
3(1315 1252 1229)
3(1315 1229 1330)
3(1330 1229 1252)
3(145 3231 1330)
3(1316 1330 3231)
3(1316 3231 145)
3(3038 3082 847)
3(3082 3097 847)
3(3038 847 3097)
3(2362 709 742)
3(742 709 741)
3(2362 741 709)
3(1417 3432 1454)
3(290 1454 3432)
3(290 3432 1417)
3(235 3135 306)
3(235 305 3135)
3(3135 305 306)
3(2587 2437 2485)
3(2587 2486 2437)
3(2587 2485 2486)
3(1181 1184 2803)
3(2803 1184 1151)
3(1181 2803 1151)
3(1454 1522 3432)
3(1417 3432 1522)
3(1454 1417 1522)
3(651 2170 2041)
3(650 651 2041)
3(650 2041 2170)
3(815 816 3038)
3(3117 3038 816)
3(815 3038 3117)
3(815 3117 816)
3(1512 1596 1574)
3(1512 1604 1596)
3(1512 1574 1604)
3(719 2368 2236)
3(719 2235 2368)
3(2368 2235 2236)
3(2204 2037 2182)
3(2139 2182 2037)
3(2139 2037 2204)
3(1204 1317 190)
3(1205 190 1317)
3(1204 1205 1317)
3(2338 2235 2368)
3(751 2368 2235)
3(2338 751 2235)
3(1512 1596 1478)
3(1574 1478 1596)
3(1512 1478 1574)
3(751 3121 821)
3(750 821 3121)
3(751 750 3121)
3(3121 821 822)
3(751 3121 822)
3(1839 1942 1941)
3(1987 1942 1839)
3(406 334 3156)
3(405 3156 334)
3(405 406 3156)
3(3172 621 2045)
3(3172 2045 622)
3(3172 622 621)
3(1573 1601 1484)
3(1484 1601 1579)
3(1573 1484 1579)
3(1238 1251 1312)
3(1312 1251 1311)
3(1238 1311 1251)
3(1238 1312 1311)
3(3173 894 954)
3(953 894 3173)
3(953 3173 954)
3(1467 1443 1537)
3(1467 1537 1457)
3(1457 1537 1443)
3(2370 2242 2389)
3(2341 2389 2242)
3(2370 2341 2242)
3(2526 2527 2619)
3(2526 2611 2527)
3(2619 2527 2611)
3(2526 2619 2611)
3(129 3022 3067)
3(3089 3022 129)
3(3089 129 3067)
3(2396 2292 2350)
3(2351 2350 2292)
3(2351 2292 2396)
3(1312 1202 1251)
3(1238 1202 1312)
3(1347 1208 193)
3(1347 193 1207)
3(1347 1207 1208)
3(1566 1519 1464)
3(1566 1464 1570)
3(1570 1464 1519)
3(1465 1464 1566)
3(1519 1465 1566)
3(1519 1464 1465)
3(2597 2511 2583)
3(2511 2584 2583)
3(2597 2584 2511)
3(2974 69 3011)
3(705 2974 3011)
3(705 3011 69)
3(705 69 2974)
3(2293 2314 2423)
3(2295 2293 2423)
3(2295 2423 2314)
3(3080 223 293)
3(3080 294 223)
3(3080 293 294)
3(2504 2460 2599)
3(2502 2504 2599)
3(2502 2599 2460)
3(3396 1554 1536)
3(2428 2411 2318)
3(2406 2428 2318)
3(2406 2318 2411)
3(2428 2282 2382)
3(2406 2282 2428)
3(2406 2382 2282)
3(1775 1677 1798)
3(1678 1677 1775)
3(1678 1775 1798)
3(1678 1798 1677)
3(1346 1345 1274)
3(1393 1346 1274)
3(1393 1274 1345)
3(1505 1567 1499)
3(1499 1567 1504)
3(1505 1504 1567)
3(3313 1073 60)
3(3313 1074 1073)
3(3313 60 1074)
3(1925 1813 1983)
3(1956 1983 1813)
3(1956 1813 1925)
3(3299 181 7)
3(6 3299 7)
3(6 181 3299)
3(1447 1493 1546)
3(1588 1546 1493)
3(1447 1546 1588)
3(1447 1588 1493)
3(2357 2358 2299)
3(2265 2299 2358)
3(2265 2357 2299)
3(2319 2282 2382)
3(2319 2428 2282)
3(2319 2382 2428)
3(2992 43 343)
3(2992 343 982)
3(2992 982 43)
3(1529 1558 1474)
3(1474 1558 1426)
3(1529 1474 1426)
3(1529 1426 1558)
3(939 1014 3024)
3(939 3024 1013)
3(1474 1558 1571)
3(1474 1473 1558)
3(1473 1571 1558)
3(1474 1571 1473)
3(60 189 1074)
3(60 59 189)
3(189 59 1074)
3(619 548 3032)
3(619 3032 618)
3(548 618 3032)
3(2404 2305 2403)
3(2254 2404 2403)
3(2254 2305 2404)
3(2254 2403 2305)
3(3037 3091 855)
3(3037 856 3091)
3(3037 855 856)
3(856 855 3091)
3(1474 1529 1571)
3(3432 323 322)
3(1522 323 3432)
3(1522 3432 322)
3(2548 2614 2448)
3(2577 2548 2448)
3(2577 2448 2614)
3(849 848 816)
3(816 848 3044)
3(849 816 3044)
3(849 3044 848)
3(1137 2745 130)
3(1137 130 936)
3(1137 936 2745)
3(130 2745 936)
3(230 197 1212)
3(198 197 230)
3(198 230 1212)
3(1474 1425 1558)
3(1473 1558 1425)
3(227 228 195)
3(227 195 1349)
3(228 1349 195)
3(308 3133 307)
3(237 3133 308)
3(237 307 3133)
3(842 876 3081)
3(842 3081 843)
3(843 3081 876)
3(626 2049 3362)
3(3362 2049 2050)
3(626 3362 2050)
3(1425 1558 1426)
3(50 2996 2958)
3(50 2958 723)
3(50 723 2996)
3(723 2958 2996)
3(2631 1041 2854)
3(2631 2854 2884)
3(2631 2884 1041)
3(1808 1706 1807)
3(1808 1806 1706)
3(1806 1807 1706)
3(818 747 3092)
3(818 3092 817)
3(817 3092 747)
3(2243 2342 2290)
3(2243 2380 2342)
3(2243 2290 2380)
3(2380 2290 2342)
3(1888 1885 1994)
3(1915 1994 1885)
3(1888 1994 1915)
3(200 232 199)
3(232 3107 199)
3(200 199 3107)
3(200 3107 232)
3(575 15 3174)
3(575 3174 14)
3(14 3174 15)
3(1485 1536 1441)
3(1485 1466 1536)
3(1466 1441 1536)
3(3062 195 3065)
3(3105 195 3062)
3(3105 3065 195)
3(1093 1054 3000)
3(1054 1092 3000)
3(2406 2232 2281)
3(2406 2281 2282)
3(2406 2282 2232)
3(2231 2232 2366)
3(2232 715 2366)
3(2231 2366 715)
3(535 536 3123)
3(3123 536 3100)
3(535 3123 3100)
3(535 3100 536)
3(1369 1219 1324)
3(1324 1219 1268)
3(1369 1268 1219)
3(1369 1324 1268)
3(647 2168 614)
3(613 614 2168)
3(613 647 614)
3(613 2168 647)
3(1345 161 3395)
3(1345 3395 160)
3(3395 161 160)
3(3061 2982 123)
3(123 2982 3019)
3(3061 123 3019)
3(431 430 398)
3(3056 431 398)
3(3056 430 431)
3(3056 398 430)
3(928 122 3018)
3(928 2982 122)
3(122 2982 3018)
3(928 3018 2982)
3(3135 235 3108)
3(235 3118 3108)
3(3135 3118 235)
3(2621 2506 2518)
3(2621 2518 2524)
3(2621 2524 2506)
3(1554 1463 1553)
3(1554 265 1463)
3(1553 1463 265)
3(2564 2563 2464)
3(2503 2464 2563)
3(2564 2503 2563)
3(2564 2464 2503)
3(1926 1971 1815)
3(1926 1864 1971)
3(1926 1815 1864)
3(1815 1971 1864)
3(1498 1492 1591)
3(1498 1592 1492)
3(1492 1592 1591)
3(1498 1591 1592)
3(2793 2743 1136)
3(2793 1136 2792)
3(1136 2743 2792)
3(1129 3180 3226)
3(89 3180 1129)
3(89 1129 3226)
3(89 3226 3180)
3(1284 1389 1236)
3(1284 1343 1389)
3(1284 1236 1343)
3(1343 1236 1389)
3(2507 2564 2476)
3(2507 2464 2564)
3(2564 2464 2476)
3(447 2993 414)
3(45 447 414)
3(45 414 2993)
3(45 2993 447)
3(2565 2507 2606)
3(2565 2564 2507)
3(2507 2564 2606)
3(308 3138 3133)
3(308 3030 3138)
3(308 3133 3030)
3(1154 1190 2789)
3(2828 2789 1190)
3(2828 1154 2789)
3(2828 1190 1154)
3(1103 121 2736)
3(1103 2736 1134)
3(1134 2736 121)
3(2403 2305 2410)
3(2416 2305 2403)
3(2416 2410 2305)
3(2089 2110 2184)
3(2208 2184 2110)
3(2089 2208 2110)
3(2089 2184 2208)
3(2486 2487 2625)
3(2486 2592 2487)
3(2592 2625 2487)
3(2486 2625 2592)
3(3145 3104 299)
3(3145 299 300)
3(3145 300 3104)
3(3104 300 299)
3(1498 1592 1462)
3(1592 1450 1462)
3(1498 1450 1592)
3(2209 2106 2200)
3(2106 2201 2200)
3(2209 2201 2106)
3(330 3154 3159)
3(330 3159 3129)
3(330 3129 3154)
3(1593 1462 1498)
3(1593 1498 1592)
3(1593 1592 1462)
3(2039 648 615)
3(2039 616 648)
3(615 648 616)
3(1981 1977 1876)
3(1977 2006 1876)
3(1981 1876 2006)
3(1594 1572 1514)
3(1609 1514 1572)
3(1609 1594 1514)
3(1593 1462 1494)
3(1593 1494 1498)
3(1926 1955 1815)
3(1815 1955 1971)
3(3106 230 197)
3(230 3104 197)
3(3106 3104 230)
3(3106 197 3104)
3(1990 1889 1917)
3(1894 1889 1990)
3(1894 1990 1917)
3(3134 305 3118)
3(234 305 3134)
3(234 3134 3118)
3(234 3118 305)
3(1306 1414 1294)
3(1299 1294 1414)
3(1299 1414 1306)
3(1500 1508 1578)
3(1610 1578 1508)
3(1610 1500 1578)
3(1610 1508 1500)
3(2963 3000 1053)
3(1092 2963 1053)
3(1092 1053 3000)
3(326 1556 294)
3(326 294 1419)
3(326 1419 1556)
3(1556 1419 294)
3(1510 1571 1575)
3(1606 1571 1510)
3(1606 1510 1575)
3(2361 2267 2408)
3(2360 2408 2267)
3(2360 2267 2361)
3(1420 1469 1526)
3(1421 1420 1526)
3(1421 1526 1469)
3(535 606 3123)
3(3123 606 536)
3(939 940 3024)
3(1014 3024 940)
3(1182 1178 2829)
3(2830 1178 1182)
3(2830 2829 1178)
3(2830 1182 2829)
3(1785 1712 1806)
3(1712 1784 1806)
3(1785 1784 1712)
3(201 3099 3068)
3(201 3068 3086)
3(201 3086 3099)
3(325 1525 1418)
3(325 1418 318)
3(318 1418 1525)
3(1700 1677 1773)
3(1773 1677 1676)
3(1700 1773 1676)
3(325 326 1418)
3(1525 1418 326)
3(1136 2792 2742)
3(1136 1144 2792)
3(1144 2742 2792)
3(1136 2742 1144)
3(3175 793 775)
3(794 3175 775)
3(794 793 3175)
3(1512 1596 1477)
3(1477 1596 1478)
3(1174 2767 1129)
3(1175 1129 2767)
3(1175 2767 1174)
3(2913 2668 2867)
3(2913 2867 2655)
3(2913 2655 2668)
3(2668 2655 2867)
3(2628 2665 2850)
3(2678 2850 2665)
3(2678 2628 2850)
3(2538 2469 2458)
3(2538 2482 2469)
3(2538 2458 2482)
3(1874 1961 1984)
3(1874 1984 1931)
3(1874 1931 1961)
3(325 2978 326)
3(2840 2978 325)
3(2840 326 2978)
3(262 3204 1551)
3(281 3204 262)
3(281 262 1551)
3(281 1551 3204)
3(3215 2251 688)
3(2263 3215 688)
3(2263 2251 3215)
3(3058 397 326)
3(3058 2840 397)
3(3058 326 2840)
3(318 3285 1418)
3(325 3285 318)
3(325 1418 3285)
3(1346 1328 3299)
3(1329 3299 1328)
3(1329 1346 3299)
3(2602 2559 2512)
3(2558 2602 2512)
3(2558 2512 2559)
3(1004 3019 929)
3(1003 929 3019)
3(318 3285 285)
3(318 285 1418)
3(285 3285 1418)
3(2602 2473 2512)
3(2473 2559 2512)
3(2602 2559 2473)
3(2055 2153 3416)
3(2153 3230 3416)
3(2055 3230 2153)
3(2055 3416 3230)
3(2397 2396 2324)
3(2397 2324 2415)
3(2396 2415 2324)
3(2349 2249 2259)
3(2349 2259 2293)
3(2349 2293 2249)
3(3235 687 2251)
3(2262 687 3235)
3(2262 3235 2251)
3(223 222 190)
3(223 190 3060)
3(223 3060 222)
3(3060 190 222)
3(2790 1190 1191)
3(2790 1191 2820)
3(2820 1191 1190)
3(2790 2820 1190)
3(3235 688 2251)
3(3235 687 688)
3(370 3367 27)
3(395 27 3367)
3(370 395 3367)
3(1364 1351 1262)
3(1263 1351 1364)
3(1263 1364 1262)
3(1263 1262 1351)
3(1850 3270 476)
3(1838 476 3270)
3(1850 1838 3270)
3(1189 2826 2819)
3(2826 1147 2819)
3(1189 1147 2826)
3(1189 2819 1147)
3(776 775 3356)
3(776 3356 2564)
3(2564 3356 775)
3(2169 648 2039)
3(649 2039 648)
3(2169 2039 649)
3(1650 1639 1722)
3(1663 1650 1722)
3(1663 1722 1639)
3(124 930 931)
3(2983 124 931)
3(2983 930 124)
3(2983 931 930)
3(781 3176 18)
3(781 19 3176)
3(18 3176 19)
3(1351 1214 232)
3(1351 199 1214)
3(1214 199 232)
3(1351 232 199)
3(535 605 3123)
3(3123 605 606)
3(219 3419 3233)
3(1314 3233 3419)
3(1314 3419 219)
3(1314 219 3233)
3(510 1823 1930)
3(510 543 1823)
3(510 1930 543)
3(543 1930 1823)
3(435 401 402)
3(435 402 3159)
3(402 401 3159)
3(435 3159 401)
3(2778 3226 2767)
3(108 2767 3226)
3(108 3226 2778)
3(2219 3408 2325)
3(2219 2325 2326)
3(2219 2326 3408)
3(2326 2325 3408)
3(732 3408 3281)
3(2326 3281 3408)
3(2326 3408 732)
3(2326 732 3281)
3(1109 2748 1139)
3(2748 133 1139)
3(1109 133 2748)
3(547 1932 514)
3(546 547 514)
3(546 514 1932)
3(329 3159 330)
3(329 400 3159)
3(3159 400 330)
3(390 3406 3243)
3(423 3406 390)
3(423 3243 3406)
3(423 390 3243)
3(876 3048 842)
3(3048 3081 842)
3(876 3081 3048)
3(1104 122 929)
3(123 1104 929)
3(123 929 122)
3(2989 1017 942)
3(943 2989 942)
3(943 1017 2989)
3(331 330 3154)
3(3159 331 3154)
3(3159 330 331)
3(3137 709 3131)
3(3147 709 3137)
3(3147 3131 709)
3(2429 2311 2418)
3(2322 2429 2418)
3(2322 2311 2429)
3(2322 2418 2311)
3(549 3031 516)
3(517 516 3031)
3(549 517 3031)
3(549 516 517)
3(3097 846 813)
3(3097 813 3093)
3(813 846 3093)
3(3097 3093 846)
3(547 1932 1827)
3(1827 1932 514)
3(1515 1583 1489)
3(1515 1490 1583)
3(1583 1490 1489)
3(496 3413 3177)
3(529 3413 496)
3(529 3177 3413)
3(529 496 3177)
3(797 3277 796)
3(796 3277 2465)
3(797 2465 3277)
3(327 328 3112)
3(327 3112 3119)
3(327 3119 328)
3(3119 3112 328)
3(2565 2465 777)
3(2566 2465 2565)
3(2566 777 2465)
3(848 2439 2440)
3(848 2440 815)
3(848 815 2439)
3(2489 2573 2586)
3(2488 2586 2573)
3(2488 2489 2586)
3(2488 2573 2489)
3(2545 2611 2491)
3(2590 2545 2491)
3(2590 2491 2611)
3(1574 1479 1478)
3(1479 1607 1478)
3(1574 1607 1479)
3(1574 1478 1607)
3(856 3041 3102)
3(857 3041 856)
3(857 856 3102)
3(857 3102 3041)
3(1811 3177 497)
3(1811 496 3177)
3(497 3177 496)
3(1379 1231 1333)
3(1379 1334 1231)
3(1334 1333 1231)
3(2548 2614 2449)
3(2449 2614 2448)
3(2548 2449 2448)
3(3430 2465 777)
3(2565 3430 777)
3(2565 2465 3430)
3(2888 2641 886)
3(2888 2640 2641)
3(2888 886 2640)
3(326 398 3058)
3(3058 398 327)
3(326 3058 327)
3(1959 1929 1821)
3(1821 1929 541)
3(1959 1821 541)
3(3367 27 351)
3(370 3367 351)
3(2612 2497 2610)
3(2579 2610 2497)
3(2579 2497 2612)
3(3217 1655 379)
3(3217 379 380)
3(3217 380 1655)
3(719 751 3148)
3(719 3148 3140)
3(719 3140 751)
3(3148 751 3140)
3(3430 2465 796)
3(3430 796 777)
3(796 2465 777)
3(856 3041 3091)
3(856 3091 3102)
3(3080 2839 293)
3(3080 223 2839)
3(3018 928 121)
3(928 122 121)
3(3018 121 122)
3(3178 921 116)
3(3178 922 921)
3(3178 116 922)
3(3411 902 901)
3(960 902 3411)
3(960 3411 901)
3(2370 2385 2241)
3(2340 2370 2241)
3(2340 2241 2385)
3(2834 2810 1172)
3(2834 1172 2836)
3(2836 1172 2810)
3(2242 2389 2288)
3(2370 2288 2389)
3(2370 2242 2288)
3(1179 2783 1176)
3(2783 2768 1176)
3(1179 1176 2768)
3(1179 2768 2783)
3(1107 129 2744)
3(1137 2744 129)
3(192 3085 123)
3(123 3085 193)
3(192 193 3085)
3(859 2578 2451)
3(826 859 2451)
3(826 2451 2578)
3(826 2578 859)
3(927 120 121)
3(1103 927 121)
3(1103 120 927)
3(2741 1152 2791)
3(2790 2791 1152)
3(2790 1152 2741)
3(1661 1765 1769)
3(1661 1769 1665)
3(1765 1665 1769)
3(1661 1665 1765)
3(310 343 1436)
3(310 1436 1563)
3(310 1563 343)
3(343 1563 1436)
3(2452 827 861)
3(2452 861 860)
3(2452 860 827)
3(3029 3072 445)
3(3127 445 3072)
3(3127 3029 445)
3(1214 1213 1351)
3(1214 1351 1263)
3(1351 1213 1263)
3(239 2991 309)
3(309 2991 238)
3(239 238 2991)
3(198 3089 128)
3(129 128 3089)
3(198 129 3089)
3(470 3260 3405)
3(1952 470 3405)
3(1952 3405 3260)
3(1952 3260 470)
3(2499 2454 2594)
3(2454 2498 2594)
3(2499 2594 2498)
3(2741 1144 2791)
3(1144 1152 2791)
3(2741 1152 1144)
3(1367 1264 1322)
3(1391 1264 1367)
3(1391 1322 1264)
3(1951 3307 1844)
3(1855 1951 1844)
3(1855 1844 3307)
3(1855 3307 1951)
3(2595 2568 2478)
3(2595 2478 2466)
3(2595 2466 2568)
3(2568 2466 2478)
3(1680 1795 1633)
3(1633 1795 1763)
3(1680 1763 1795)
3(1680 1633 1763)
3(2569 2478 2568)
3(2569 781 2478)
3(2568 2478 781)
3(1633 1631 1795)
3(1680 1795 1631)
3(3191 347 313)
3(3191 313 314)
3(3191 314 347)
3(2973 3011 738)
3(2973 738 3049)
3(3049 738 3011)
3(1108 1137 2745)
3(1108 2745 130)
3(3179 35 36)
3(3179 763 35)
3(3179 36 763)
3(804 3193 2431)
3(2468 2431 3193)
3(2468 3193 804)
3(1959 1822 1930)
3(542 1930 1822)
3(542 1822 1959)
3(1673 1729 1758)
3(1673 1623 1729)
3(1673 1758 1623)
3(1758 1729 1623)
3(109 3180 90)
3(90 3180 108)
3(109 108 3180)
3(1059 72 3010)
3(71 1059 3010)
3(71 3010 72)
3(48 2995 653)
3(48 653 620)
3(620 653 2995)
3(48 620 2995)
3(3339 1633 1634)
3(3339 416 1633)
3(2972 72 3010)
3(1059 72 2972)
3(928 3018 927)
3(928 1002 3018)
3(3018 1002 927)
3(2374 2273 2390)
3(2374 2390 2268)
3(2374 2268 2273)
3(2273 2268 2390)
3(2483 2434 2585)
3(2479 2585 2434)
3(2483 2585 2479)
3(3124 193 3085)
3(3120 193 3124)
3(3120 3085 193)
3(2483 2581 2613)
3(2483 2617 2581)
3(2483 2613 2617)
3(1133 2738 2788)
3(2739 2738 1133)
3(2739 1133 2788)
3(2374 2326 2269)
3(2268 2326 2374)
3(2268 2374 2269)
3(2268 2269 2326)
3(2469 3182 806)
3(2469 839 3182)
3(2469 806 839)
3(839 806 3182)
3(2510 2520 2583)
3(2514 2510 2583)
3(2514 2583 2520)
3(1343 1284 1388)
3(1343 1342 1284)
3(1388 1284 1342)
3(1959 1999 1822)
3(1959 1871 1999)
3(1871 1822 1999)
3(1959 1822 1871)
3(851 818 852)
3(851 852 3039)
3(818 3039 852)
3(851 3039 818)
3(2488 2573 2439)
3(2440 2439 2573)
3(2440 2573 2488)
3(1542 1586 1486)
3(1586 1543 1486)
3(1999 1822 1930)
3(2821 2836 1187)
3(2821 1187 2818)
3(2818 1187 2836)
3(2832 2796 1153)
3(2796 2795 1153)
3(2832 1153 2795)
3(1144 2742 2741)
3(1144 2791 2742)
3(3240 1244 170)
3(3240 171 1244)
3(3240 170 171)
3(2446 2445 2576)
3(2576 2445 2596)
3(2446 2596 2445)
3(2446 2576 2596)
3(124 930 2739)
3(124 2739 931)
3(1158 1134 2737)
3(1104 2737 1134)
3(1158 2737 1104)
3(2793 2792 1150)
3(2830 1150 2792)
3(2793 1150 2830)
3(292 326 1418)
3(325 326 292)
3(325 292 1418)
3(309 341 1533)
3(309 1533 308)
3(309 308 341)
3(308 1533 341)
3(1310 1204 215)
3(1201 215 1204)
3(1201 1310 215)
3(1201 1204 1310)
3(2499 2616 2509)
3(2513 2509 2616)
3(2499 2513 2616)
3(1933 1831 1829)
3(1829 1831 1978)
3(1933 1829 1978)
3(1933 1978 1831)
3(382 3181 363)
3(3181 381 363)
3(382 381 3181)
3(2248 3314 2347)
3(681 2248 2347)
3(681 3314 2248)
3(681 2347 3314)
3(2984 126 932)
3(2984 3020 126)
3(126 3020 932)
3(2984 932 3020)
3(1359 1311 1250)
3(1375 1359 1250)
3(1375 1250 1311)
3(1933 1830 3189)
3(549 1830 1933)
3(549 3189 1830)
3(549 1933 3189)
3(2735 2732 1096)
3(1096 2732 2781)
3(2735 1096 2781)
3(2517 2516 2622)
3(2622 2516 2616)
3(2517 2622 2616)
3(2517 2616 2516)
3(2121 2193 2216)
3(2121 2216 2211)
3(2121 2211 2193)
3(1830 1831 1933)
3(3189 1831 1830)
3(3189 1933 1831)
3(2425 2415 2312)
3(2425 2312 2411)
3(2415 2411 2312)
3(2298 2425 2415)
3(2298 2312 2425)
3(2298 2415 2312)
3(1902 1971 1864)
3(1865 1864 1971)
3(1865 1971 1902)
3(123 929 930)
3(930 929 3019)
3(123 3019 929)
3(123 930 3019)
3(2316 2324 2420)
3(2415 2324 2316)
3(2415 2420 2324)
3(2415 2316 2420)
3(1854 1949 1843)
3(1854 485 1949)
3(485 1843 1949)
3(1141 2754 1156)
3(2801 1141 1156)
3(2801 2754 1141)
3(2801 1156 2754)
3(1929 540 508)
3(541 508 540)
3(541 1929 508)
3(807 2469 3182)
3(807 3182 806)
3(1593 1580 1451)
3(1552 1451 1580)
3(1593 1451 1552)
3(928 1003 2982)
3(928 2982 1002)
3(1761 1678 1731)
3(1775 1678 1761)
3(1775 1731 1678)
3(2972 72 1058)
3(2972 1058 991)
3(2972 991 72)
3(1182 1177 2830)
3(1182 2830 2831)
3(1182 2831 1177)
3(2831 2830 1177)
3(43 2953 2992)
3(43 343 2953)
3(343 2992 2953)
3(2971 73 1057)
3(3149 536 607)
3(3149 607 537)
3(3149 537 536)
3(1561 1431 1581)
3(1532 1581 1431)
3(1561 1532 1431)
3(766 785 3183)
3(766 3183 784)
3(784 3183 785)
3(1433 340 341)
3(1433 341 1562)
3(1433 1562 340)
3(764 3373 2472)
3(2552 3373 764)
3(2552 2472 3373)
3(2552 764 2472)
3(765 3353 784)
3(765 2459 3353)
3(784 3353 2459)
3(765 784 2459)
3(2364 2227 2277)
3(2228 2364 2277)
3(2228 2227 2364)
3(1535 1565 1439)
3(1579 1535 1439)
3(1579 1439 1565)
3(2543 2572 2487)
3(2439 2487 2572)
3(2439 2543 2487)
3(2439 2572 2543)
3(1335 1232 1336)
3(1336 1232 1381)
3(1335 1381 1232)
3(1362 1285 1399)
3(1362 1361 1285)
3(1399 1285 1361)
3(2620 2520 2530)
3(2620 2519 2520)
3(2620 2530 2519)
3(1380 1379 1276)
3(1380 1276 1408)
3(1379 1408 1276)
3(1805 1773 1677)
3(1780 1677 1773)
3(1805 1677 1780)
3(1735 3278 1683)
3(1637 1735 1683)
3(1637 3278 1735)
3(1637 1683 3278)
3(43 42 3341)
3(344 3341 42)
3(1251 1250 1359)
3(1251 1359 1311)
3(1251 1311 1250)
3(814 846 2572)
3(813 814 2572)
3(813 846 814)
3(813 2572 846)
3(1555 1421 328)
3(1555 1526 1421)
3(1526 328 1421)
3(226 1208 193)
3(1347 226 193)
3(1347 1208 226)
3(1255 1372 1359)
3(1255 1359 1375)
3(1255 1375 1372)
3(847 814 846)
3(847 2572 814)
3(3194 276 1448)
3(3194 1459 276)
3(3194 1448 1459)
3(2592 2572 2487)
3(2543 2592 2487)
3(2364 2276 2277)
3(2364 2227 2276)
3(3121 855 3037)
3(3121 3091 855)
3(2446 822 855)
3(2446 855 821)
3(855 822 821)
3(2494 2517 2622)
3(2494 2622 2591)
3(2591 2622 2517)
3(2494 2591 2517)
3(274 1544 1458)
3(3323 1458 1544)
3(274 1458 3323)
3(274 3323 1544)
3(2542 2486 2592)
3(2486 2438 2592)
3(2542 2438 2486)
3(1791 1658 1697)
3(1791 1697 1790)
3(1791 1790 1658)
3(1697 1658 1790)
3(2835 2824 1189)
3(2835 1189 2823)
3(2823 1189 2824)
3(1545 1544 1458)
3(1545 1458 1587)
3(1587 1458 1544)
3(2438 2439 2572)
3(814 2438 2572)
3(814 2572 2439)
3(1598 1420 1469)
3(1598 1469 1526)
3(1598 1526 1420)
3(2443 2545 852)
3(2575 2443 852)
3(2575 2545 2443)
3(852 2545 818)
3(851 818 2545)
3(2649 3173 3421)
3(2862 2649 3421)
3(2862 3173 2649)
3(2862 3421 3173)
3(3173 894 895)
3(3173 895 954)
3(1470 1572 1514)
3(1594 1470 1514)
3(1594 1572 1470)
3(2739 124 1133)
3(124 930 1133)
3(2739 1133 930)
3(852 2443 818)
3(2443 2545 818)
3(1464 1518 1415)
3(1518 1418 1415)
3(1464 1418 1518)
3(2721 2945 2714)
3(2945 2727 2714)
3(2721 2727 2945)
3(2850 2849 2709)
3(2850 2709 2897)
3(2709 2849 2897)
3(1584 1583 1506)
3(1608 1584 1506)
3(1608 1506 1583)
3(2460 2471 2599)
3(2555 2599 2471)
3(2555 2471 2460)
3(2555 2460 2599)
3(222 190 1317)
3(223 1317 190)
3(1507 1572 1514)
3(1470 1572 1507)
3(2565 2476 2564)
3(776 2476 2565)
3(776 2564 2476)
3(1870 1972 1869)
3(1870 1869 1958)
3(1870 1958 1972)
3(1958 1869 1972)
3(797 3292 778)
3(778 3292 2566)
3(797 778 2566)
3(797 2566 3292)
3(887 3043 854)
3(888 3043 887)
3(888 854 3043)
3(1609 1605 1514)
3(1602 1514 1605)
3(1609 1514 1602)
3(593 3208 592)
3(2059 592 3208)
3(593 2059 3208)
3(2665 2851 998)
3(2665 2850 2851)
3(2665 998 2850)
3(3261 372 353)
3(3261 353 1640)
3(372 1640 353)
3(3261 1640 372)
3(1416 1520 1452)
3(1465 1452 1520)
3(1416 1465 1520)
3(2748 1139 940)
3(2749 1139 2748)
3(2749 940 1139)
3(819 818 852)
3(2443 819 852)
3(1714 1806 1803)
3(1714 1803 1807)
3(1714 1807 1806)
3(1360 1287 1251)
3(1312 1251 1287)
3(1312 1360 1251)
3(1312 1287 1360)
3(135 1110 941)
3(1110 134 941)
3(135 941 134)
3(3122 748 3130)
3(3122 3155 748)
3(3155 3130 748)
3(2443 2545 2442)
3(2442 2545 818)
3(2547 2495 2447)
3(2547 2447 2446)
3(2547 2446 2495)
3(1489 1583 1506)
3(1584 1489 1506)
3(1584 1583 1489)
3(1705 1698 1766)
3(1705 1767 1698)
3(1767 1766 1698)
3(1705 1766 1767)
3(1722 1639 3369)
3(1723 3369 1639)
3(1723 1639 1722)
3(1723 1722 3369)
3(337 3146 3134)
3(337 3134 3141)
3(337 3141 3146)
3(2840 3058 3040)
3(2840 3040 2978)
3(2840 2978 3058)
3(2985 3022 128)
3(2985 128 3089)
3(3089 128 3022)
3(1314 1240 1203)
3(3233 1203 1240)
3(1314 1203 3233)
3(1314 3233 1240)
3(2980 1075 977)
3(2980 977 3017)
3(3017 977 1075)
3(2007 1906 1969)
3(1893 1906 2007)
3(1893 1969 1906)
3(1893 2007 1969)
3(3050 294 327)
3(3050 327 3119)
3(3050 3119 294)
3(294 3119 327)
3(1414 1294 1403)
3(1306 1403 1294)
3(1306 1414 1403)
3(3045 818 852)
3(819 818 3045)
3(819 3045 852)
3(755 825 3079)
3(826 3079 825)
3(826 755 3079)
3(2885 2635 2902)
3(2856 2902 2635)
3(2723 2936 2731)
3(2723 2941 2936)
3(2936 2941 2731)
3(2723 2731 2941)
3(1427 301 1559)
3(1427 1559 1426)
3(1426 1559 301)
3(2314 2322 2422)
3(2295 2422 2322)
3(2295 2314 2422)
3(230 1350 197)
3(230 197 229)
3(229 197 1350)
3(227 195 194)
3(227 1209 195)
3(227 194 1209)
3(2436 2587 2609)
3(2436 2609 2570)
3(2436 2570 2587)
3(342 3030 341)
3(342 309 3030)
3(342 341 309)
3(309 341 3030)
3(1523 1443 1524)
3(1523 1537 1443)
3(1524 1443 1537)
3(427 3369 1650)
3(3369 394 1650)
3(427 394 3369)
3(427 1650 394)
3(1974 1957 1867)
3(1928 1867 1957)
3(1928 1974 1867)
3(1661 1718 1769)
3(1661 1765 1718)
3(2587 2485 2436)
3(2485 2609 2436)
3(2587 2609 2485)
3(2664 2850 2849)
3(2664 2709 2850)
3(2664 2849 2709)
3(1829 549 1830)
3(1829 1830 1933)
3(1829 1933 549)
3(2751 2752 1156)
3(2752 1111 1156)
3(2751 1156 1111)
3(2751 1111 2752)
3(234 3134 304)
3(234 233 3134)
3(3134 233 304)
3(2991 980 1035)
3(2952 1035 980)
3(2952 980 2991)
3(2709 2897 2898)
3(2850 2709 2898)
3(322 3432 289)
3(3070 3030 342)
3(2992 3070 342)
3(2992 342 3030)
3(1746 3217 1644)
3(1655 1746 1644)
3(1655 1644 3217)
3(1655 3217 1746)
3(2764 1124 1169)
3(2776 1169 1124)
3(2764 1169 2776)
3(2764 2776 1124)
3(2597 2520 2511)
3(2597 2505 2520)
3(2597 2511 2505)
3(1454 323 3432)
3(1454 1522 323)
3(1211 196 229)
3(1320 229 196)
3(1211 1320 196)
3(1211 229 1320)
3(549 1830 517)
3(549 517 1829)
3(2901 2697 2907)
3(2901 2863 2697)
3(2907 2697 2863)
3(1367 1265 1402)
3(1367 1376 1265)
3(1402 1265 1376)
3(1278 1379 1407)
3(1278 1407 1408)
3(1278 1408 1379)
3(393 3368 3247)
3(426 3368 393)
3(426 3247 3368)
3(426 393 3247)
3(3115 3098 650)
3(651 650 3098)
3(3115 651 3098)
3(3115 650 651)
3(1603 1587 1517)
3(1603 1517 1586)
3(1586 1517 1587)
3(1409 1404 1305)
3(1290 1409 1305)
3(1290 1305 1404)
3(1290 1404 1409)
3(1248 1390 3395)
3(1344 3395 1390)
3(1248 1344 1390)
3(1248 3395 1344)
3(2901 2697 2931)
3(2697 2907 2931)
3(2456 2500 3265)
3(2551 2456 3265)
3(2551 2500 2456)
3(2551 3265 2500)
3(2427 2323 2402)
3(2416 2323 2427)
3(2416 2402 2323)
3(890 2645 2890)
3(890 1055 2645)
3(1055 2890 2645)
3(890 2890 1055)
3(928 929 2982)
3(1003 2982 929)
3(543 3163 613)
3(542 613 3163)
3(542 3163 543)
3(1602 1469 1504)
3(1602 1504 1514)
3(1602 1514 1469)
3(1771 1667 1807)
3(1707 1771 1807)
3(1707 1667 1771)
3(1707 1807 1667)
3(207 40 2952)
3(2990 40 207)
3(2990 2952 40)
3(2990 207 2952)
3(1878 1831 1978)
3(1829 1878 1978)
3(1351 1321 1213)
3(1351 1213 231)
3(1213 1321 231)
3(1696 1716 1786)
3(1716 1785 1786)
3(1696 1785 1716)
3(1696 1786 1785)
3(201 3099 3087)
3(201 3087 3068)
3(2494 2516 2622)
3(1129 3180 2767)
3(2767 3180 3226)
3(1129 2767 3226)
3(2232 2281 2366)
3(2232 2366 2406)
3(2406 2366 2281)
3(2547 2495 2596)
3(2547 2591 2495)
3(2591 2596 2495)
3(614 543 3163)
3(614 3163 613)
3(2516 2605 2606)
3(2507 2516 2606)
3(2507 2605 2516)
3(2507 2606 2605)
3(1749 1646 365)
3(1749 1750 1646)
3(1750 365 1646)
3(1749 1691 1646)
3(1691 1790 1646)
3(1749 1790 1691)
3(1749 1646 1790)
3(1878 1963 1978)
3(1878 1831 1963)
3(1963 1831 1978)
3(2619 2589 2516)
3(2619 2516 2622)
3(2622 2516 2589)
3(1837 1851 1938)
3(1860 1837 1938)
3(1860 1938 1851)
3(2430 2533 801)
3(2433 2533 2430)
3(1836 523 1936)
3(1936 523 1835)
3(1836 1936 1835)
3(2675 2846 2626)
3(2629 2626 2846)
3(2675 2629 2846)
3(309 238 3063)
3(308 3063 238)
3(308 309 3063)
3(2626 2675 2847)
3(2675 2846 2847)
3(2430 3228 801)
3(3228 2533 801)
3(1314 1240 1252)
3(1203 1314 1252)
3(2818 1187 2822)
3(2818 2822 1181)
3(2818 1181 1187)
3(1181 2822 1187)
3(2534 2479 2467)
3(2480 2534 2467)
3(2480 2479 2534)
3(2627 2848 2663)
3(2676 2663 2848)
3(2627 2676 2848)
3(843 3047 3081)
3(843 3081 810)
3(3081 3047 810)
3(843 810 3047)
3(2433 3388 801)
3(2433 808 3388)
3(808 801 3388)
3(2787 1149 1158)
3(2787 1104 1149)
3(2787 1158 1104)
3(1041 2969 876)
3(1041 876 877)
3(877 876 2969)
3(1041 877 2969)
3(2631 877 2854)
3(1041 877 2631)
3(1041 2854 877)
3(1719 1612 1661)
3(1719 1661 1718)
3(1719 1718 1612)
3(1661 1612 1718)
3(2437 2587 2570)
3(2437 2542 2587)
3(2437 2570 2542)
3(1040 876 2884)
3(1041 876 1040)
3(1041 2884 876)
3(479 3184 460)
3(3184 478 460)
3(479 478 3184)
3(256 3366 257)
3(1546 3366 256)
3(1546 257 3366)
3(2504 2471 2599)
3(2543 2488 2593)
3(2543 2573 2488)
3(2488 2573 2593)
3(2488 2593 2487)
3(2543 2488 2487)
3(2543 2487 2593)
3(1298 1403 1361)
3(1361 1403 1287)
3(1298 1287 1403)
3(1298 1361 1287)
3(1154 2789 1152)
3(1135 1152 2789)
3(1154 1135 2789)
3(1364 1262 1350)
3(1261 1350 1262)
3(1261 1364 1350)
3(1261 1262 1364)
3(1358 1211 1350)
3(1320 1211 1358)
3(1320 1350 1211)
3(2635 2885 2684)
3(2635 2634 2885)
3(2684 2885 2634)
3(887 1052 1090)
3(887 1090 3001)
3(887 3001 1052)
3(887 1052 1051)
3(887 1051 1090)
3(2774 1148 1163)
3(2774 1163 1117)
3(2774 1117 1148)
3(887 1052 2859)
3(887 2859 1051)
3(1258 1208 1368)
3(1258 1368 1257)
3(1368 1208 1257)
3(3194 277 276)
3(258 3194 276)
3(258 277 3194)
3(618 3125 3098)
3(618 617 3125)
3(3125 617 3098)
3(618 3098 617)
3(3366 276 256)
3(3366 257 276)
3(887 1090 2964)
3(887 2964 3001)
3(887 1051 2964)
3(1051 1090 2964)
3(2600 2501 2557)
3(2601 2557 2501)
3(2601 2501 2600)
3(2749 1110 1139)
3(2749 134 1110)
3(2749 1139 134)
3(2549 2451 859)
3(2549 2578 2451)
3(3134 305 3135)
3(3135 305 3118)
3(3090 134 2988)
3(3069 2988 134)
3(3090 3069 134)
3(1597 1534 1437)
3(1564 1597 1437)
3(1564 1437 1534)
3(1882 1936 1954)
3(1882 2001 1936)
3(1882 1954 2001)
3(1761 444 411)
3(1761 411 445)
3(444 445 411)
3(1882 1936 1836)
3(1936 1954 1836)
3(1882 1836 1954)
3(2992 414 343)
3(2992 413 414)
3(2992 343 413)
3(1093 1054 2962)
3(3000 2962 1054)
3(2695 2645 2906)
3(2694 2906 2645)
3(2695 2906 2694)
3(155 3252 1340)
3(155 1339 3252)
3(3252 1339 1340)
3(2817 2833 1167)
3(2805 1167 2833)
3(2805 2817 1167)
3(1368 1208 1319)
3(1347 1319 1208)
3(1347 1208 1368)
3(1679 1797 1678)
3(1629 1678 1797)
3(1629 1797 1679)
3(2131 633 2062)
3(2131 2062 2130)
3(1378 1242 1333)
3(1379 1333 1242)
3(1378 1379 1242)
3(2500 2588 2509)
3(2588 2499 2509)
3(2500 2499 2588)
3(273 274 1544)
3(273 1544 1458)
3(2500 2595 2509)
3(2500 2588 2595)
3(2588 2509 2595)
3(2550 2454 2580)
3(2580 2454 863)
3(2550 863 2454)
3(2588 2499 2616)
3(2588 2616 2509)
3(896 3286 2863)
3(896 2863 955)
3(955 2863 3286)
3(896 955 3286)
3(1823 511 1960)
3(543 1960 511)
3(1823 543 511)
3(1823 1960 543)
3(1464 1566 1468)
3(1465 1468 1566)
3(1444 1496 1538)
3(1457 1538 1496)
3(1444 1538 1457)
3(1292 1360 1251)
3(1360 1359 1251)
3(1292 1251 1359)
3(222 190 1204)
3(222 1204 1317)
3(2472 2553 2584)
3(2472 2511 2553)
3(2553 2511 2584)
3(2472 2584 2511)
3(225 193 1207)
3(1347 193 225)
3(1347 225 1207)
3(1769 1665 1660)
3(1769 1660 1661)
3(292 326 293)
3(293 326 1418)
3(3185 919 114)
3(3185 114 920)
3(3185 920 919)
3(3198 2654 901)
3(3198 901 2668)
3(3198 2668 2654)
3(2678 2851 2866)
3(2851 2654 2866)
3(2678 2654 2851)
3(2678 2866 2654)
3(338 1531 1430)
3(338 304 1531)
3(1531 304 1430)
3(338 1430 304)
3(117 3186 922)
3(117 923 3186)
3(923 922 3186)
3(523 3187 1836)
3(1936 1836 3187)
3(1936 3187 523)
3(1205 1255 1348)
3(1205 1348 1206)
3(1206 1348 1255)
3(1531 1429 1560)
3(1596 1560 1429)
3(1531 1596 1429)
3(1716 1786 1690)
3(1696 1690 1786)
3(2668 2866 2898)
3(2867 2866 2668)
3(2867 2668 2898)
3(1720 1719 1698)
3(1720 1698 1766)
3(1719 1766 1698)
3(227 195 3105)
3(227 3105 194)
3(3105 195 194)
3(2472 2552 2584)
3(2472 2553 2552)
3(3323 1545 255)
3(3323 1544 1545)
3(3323 255 1544)
3(2482 2584 2510)
3(2511 2510 2584)
3(2511 2584 2482)
3(184 3358 3222)
3(217 3222 3358)
3(217 3358 184)
3(217 184 3222)
3(290 1454 323)
3(3058 397 398)
3(2472 2482 2552)
3(2482 2458 2552)
3(2472 2552 2458)
3(2921 2707 2659)
3(2921 2659 2704)
3(2921 2704 2707)
3(2482 2552 2584)
3(2472 2482 2584)
3(524 3187 1836)
3(523 3187 524)
3(402 401 1756)
3(401 1619 1756)
3(402 1756 1619)
3(2774 1163 2816)
3(2774 2761 1163)
3(2816 1163 2761)
3(2126 2072 2178)
3(2133 2178 2072)
3(2133 2072 2126)
3(1042 1080 3006)
3(1042 3006 1081)
3(2482 2537 2584)
3(2482 2538 2537)
3(2482 2584 2538)
3(236 3135 235)
3(236 235 3108)
3(236 3108 3135)
3(1475 1426 1529)
3(1475 1529 1474)
3(3414 2627 2849)
3(2627 2848 2849)
3(3414 2848 2627)
3(3414 2849 2848)
3(2534 2585 2479)
3(2534 2479 2581)
3(2585 2581 2479)
3(2821 2822 1187)
3(1180 1187 2822)
3(1180 2821 1187)
3(1180 2822 2821)
3(740 2363 2224)
3(740 2224 707)
3(2363 707 2224)
3(740 707 2363)
3(2482 2432 2537)
3(2482 2537 2469)
3(2432 2469 2537)
3(835 3228 3412)
3(2534 835 3412)
3(2482 2510 2537)
3(2432 2537 2510)
3(1555 329 296)
3(329 1527 296)
3(1555 296 1527)
3(2864 2653 2652)
3(2929 2652 2653)
3(2929 2864 2652)
3(2929 2653 2864)
3(47 3189 1830)
3(47 1830 549)
3(47 549 3189)
3(325 2978 3015)
3(325 3015 326)
3(3015 2978 326)
3(1609 1577 1507)
3(1610 1507 1577)
3(1610 1609 1507)
3(1617 1792 1725)
3(1617 1754 1792)
3(1617 1725 1754)
3(238 3063 3096)
3(238 3027 3063)
3(238 3096 3027)
3(2537 2584 2510)
3(2722 2940 2950)
3(2722 2950 2904)
3(2722 2904 2940)
3(1758 1623 438)
3(1758 1728 1623)
3(438 1623 1728)
3(2936 2731 2705)
3(2936 2705 2723)
3(3050 294 326)
3(326 294 327)
3(3050 326 327)
3(1623 439 1758)
3(1623 438 439)
3(857 2448 2548)
3(857 824 2448)
3(2448 824 2548)
3(857 2548 824)
3(1869 1910 1972)
3(1870 1972 1910)
3(2810 1171 2807)
3(2777 1171 2810)
3(2777 2807 1171)
3(1990 1944 1894)
3(1894 1944 1989)
3(1990 1894 1989)
3(2549 2451 2450)
3(2452 2451 2549)
3(2452 2549 2450)
3(2549 2451 3279)
3(3279 2451 859)
3(2549 3279 859)
3(888 2963 3037)
3(888 3037 889)
3(2963 889 3037)
3(888 889 2963)
3(2927 2724 2688)
3(2724 2900 2688)
3(2927 2900 2724)
3(2706 2878 2672)
3(2706 2660 2878)
3(2660 2672 2878)
3(2732 1096 919)
3(2735 919 1096)
3(1559 1475 1529)
3(1475 1575 1529)
3(1559 1575 1475)
3(193 3124 3065)
3(194 3065 3124)
3(193 194 3124)
3(193 3065 194)
3(2991 980 1034)
3(1991 1992 1862)
3(1991 1862 1946)
3(1992 1946 1862)
3(207 3064 2990)
3(3027 207 2990)
3(3027 3064 207)
3(1269 1270 1374)
3(1269 1370 1270)
3(1270 1370 1374)
3(1269 1374 1370)
3(2641 2859 2912)
3(2641 2888 2859)
3(2641 2912 2888)
3(3127 443 3152)
3(3127 513 443)
3(513 3152 443)
3(3127 3152 513)
3(1761 1731 411)
3(444 411 1731)
3(2444 820 2546)
3(2575 820 2444)
3(2575 2546 820)
3(2575 2444 2546)
3(1795 1732 1630)
3(1795 1630 1762)
3(1732 1762 1630)
3(138 3381 137)
3(1111 137 3381)
3(1111 3381 138)
3(2374 2273 2387)
3(2273 2390 2387)
3(2623 2530 2521)
3(2522 2530 2623)
3(2522 2623 2521)
3(47 2994 2956)
3(47 549 2994)
3(549 2956 2994)
3(47 2956 549)
3(447 446 414)
3(446 2993 414)
3(447 2993 446)
3(475 456 3188)
3(457 3188 456)
3(475 3188 457)
3(1039 2629 874)
3(3309 1039 874)
3(3309 874 2629)
3(3309 2629 1039)
3(2394 2348 2260)
3(2394 2260 2393)
3(2393 2260 2348)
3(2443 2611 2491)
3(2545 2611 2443)
3(2545 2443 2491)
3(1563 1435 310)
3(1563 310 309)
3(1563 309 1435)
3(2443 2611 2492)
3(2492 2611 2491)
3(1560 1530 1429)
3(1428 1530 1560)
3(1428 1429 1530)
3(1428 1560 1429)
3(1593 1580 1494)
3(1593 1494 1451)
3(1580 1451 1494)
3(2514 2535 2582)
3(2514 2536 2535)
3(2514 2582 2536)
3(1237 3395 1248)
3(1237 1390 3395)
3(1237 1248 1390)
3(923 3167 3186)
3(2734 3186 3167)
3(2734 3167 923)
3(2734 923 3186)
3(2444 2443 2611)
3(2444 2611 2492)
3(2819 2823 1146)
3(2819 1146 2782)
3(1146 2823 2782)
3(123 3061 122)
3(123 122 2982)
3(3061 2982 122)
3(1733 1631 1795)
3(1733 1795 1633)
3(1733 1633 1631)
3(192 3061 123)
3(192 3085 3061)
3(3061 3085 123)
3(1228 181 1346)
3(3299 1346 181)
3(1228 1346 3299)
3(1228 3299 181)
3(1149 2824 1200)
3(1149 1200 2788)
3(1200 2824 2788)
3(1543 1544 1497)
3(1446 1543 1497)
3(1446 1497 1544)
3(1446 1544 1543)
3(1507 1610 1506)
3(1507 1506 1608)
3(1608 1506 1610)
3(1507 1608 1610)
3(1943 1944 1883)
3(1840 1943 1883)
3(1840 1883 1944)
3(1840 1944 1943)
3(2772 1166 2805)
3(2772 1121 1166)
3(2805 1166 1121)
3(2772 2805 1121)
3(43 343 1436)
3(43 310 343)
3(43 1436 310)
3(1322 1351 1214)
3(1322 1214 232)
3(1488 1590 1516)
3(1492 1516 1590)
3(1488 1492 1590)
3(304 1531 1560)
3(304 337 1531)
3(304 1560 337)
3(1786 1801 1716)
3(1786 1716 1804)
3(1801 1804 1716)
3(412 3070 3138)
3(412 341 3070)
3(412 3138 341)
3(3138 3070 341)
3(520 1833 1934)
3(3423 1833 520)
3(3423 520 1934)
3(3423 1934 1833)
3(2775 1122 1123)
3(83 1122 2775)
3(83 2775 1123)
3(129 935 2744)
3(129 2744 936)
3(129 936 935)
3(546 3151 616)
3(545 3151 546)
3(545 616 3151)
3(575 2071 2162)
3(2162 2071 2161)
3(575 2161 2071)
3(2793 1107 2743)
3(1107 2744 2743)
3(740 2333 2224)
3(2363 2224 2333)
3(1107 935 2744)
3(129 935 1107)
3(1837 498 3202)
3(3202 498 473)
3(1837 3202 473)
3(455 3202 1938)
3(1924 3202 455)
3(1924 1938 3202)
3(2444 2445 2546)
3(820 2546 2445)
3(2798 2797 1180)
3(2821 1180 2797)
3(2798 1180 2821)
3(3026 136 943)
3(3026 2989 136)
3(943 136 2989)
3(3026 943 2989)
3(2112 2107 2175)
3(2112 2175 2113)
3(2113 2175 2107)
3(1111 2754 1156)
3(1141 2754 1111)
3(1255 1372 1397)
3(1255 1397 1359)
3(433 1618 1617)
3(433 1754 1618)
3(1754 1617 1618)
3(433 1617 1754)
3(1271 1224 1374)
3(1270 1271 1374)
3(1270 1374 1224)
3(139 3390 1141)
3(1112 1141 3390)
3(1112 3390 139)
3(943 2751 136)
3(943 136 2752)
3(2751 2752 136)
3(3012 2842 532)
3(3012 985 2842)
3(3012 532 985)
3(307 3133 3135)
3(236 3133 307)
3(236 307 3135)
3(236 3135 3133)
3(947 2755 3390)
3(2755 3300 3390)
3(947 3300 2755)
3(947 3390 3300)
3(1515 1583 1506)
3(602 68 67)
3(602 67 1064)
3(602 1064 68)
3(3231 188 23)
3(163 188 3231)
3(163 3231 23)
3(1249 1346 1228)
3(181 1346 1249)
3(3139 534 3052)
3(3139 604 534)
3(3139 3052 604)
3(604 3052 534)
3(942 1140 2750)
3(2750 1140 135)
3(942 135 1140)
3(942 2750 135)
3(3007 1079 1040)
3(3007 1040 1078)
3(192 191 224)
3(192 224 1206)
3(1206 224 191)
3(180 1345 1237)
3(1249 1237 1345)
3(1249 1345 180)
3(3175 774 775)
3(3175 793 774)
3(2841 3013 2977)
3(2841 2977 3059)
3(2841 3059 3013)
3(1421 1555 296)
3(1421 1422 1555)
3(1422 296 1555)
3(2008 1898 2017)
3(1898 1917 2017)
3(2008 2017 1917)
3(2008 1917 1898)
3(792 2474 3378)
3(792 3378 773)
3(2474 773 3378)
3(792 773 2474)
3(1830 3189 46)
3(518 3189 1830)
3(518 46 3189)
3(1869 1966 1868)
3(1869 1819 1966)
3(1966 1819 1868)
3(1116 2760 76)
3(1116 76 3297)
3(2760 3297 76)
3(1116 3297 2760)
3(1118 2761 3385)
3(1118 3385 3216)
3(1118 3216 2761)
3(2761 3216 3385)
3(1838 1985 1851)
3(1838 1893 1985)
3(1893 1851 1985)
3(1117 2774 3297)
3(2774 3385 3297)
3(1117 3385 2774)
3(1117 3297 3385)
3(3068 3086 132)
3(201 132 3086)
3(201 3068 132)
3(2984 1007 932)
3(2984 932 933)
3(2984 933 1007)
3(3143 610 644)
3(3143 644 3164)
3(3164 644 610)
3(3143 3164 610)
3(1765 1766 1661)
3(1719 1661 1766)
3(1719 1765 1661)
3(1830 47 46)
3(47 3189 46)
3(1147 1185 2826)
3(2816 2826 1185)
3(1147 2826 2816)
3(1147 2816 1185)
3(1711 1773 1794)
3(1711 1675 1773)
3(1773 1675 1794)
3(1711 1794 1675)
3(1702 1766 1661)
3(1765 1766 1702)
3(1765 1702 1661)
3(2819 2823 1189)
3(1146 1189 2823)
3(2819 1189 1146)
3(180 3395 1345)
3(180 1345 161)
3(180 161 3395)
3(1097 1161 2781)
3(1097 2781 1145)
3(1145 2781 1161)
3(2819 2782 1098)
3(2819 1098 2733)
3(2733 1098 2782)
3(1097 1096 2781)
3(1096 1161 2781)
3(1828 1829 1933)
3(1828 548 1829)
3(1828 1933 548)
3(1933 1829 548)
3(115 114 3360)
3(1097 3360 114)
3(1097 115 3360)
3(1097 114 3185)
3(1096 1097 3185)
3(1321 1351 1262)
3(1364 1321 1262)
3(3158 3164 611)
3(610 611 3164)
3(3158 610 3164)
3(3158 611 610)
3(2821 2836 1198)
3(1198 2836 1187)
3(2821 1198 1187)
3(708 3103 637)
3(638 3103 708)
3(638 637 3103)
3(2440 848 816)
3(2440 849 848)
3(2440 816 849)
3(2951 39 978)
3(2951 978 1038)
3(2951 1038 39)
3(936 129 3022)
3(129 2986 3022)
3(936 3022 2986)
3(936 2986 129)
3(2896 2939 2713)
3(2897 2713 2939)
3(2897 2896 2713)
3(1137 936 129)
3(1137 2744 936)
3(506 3162 505)
3(506 436 3162)
3(3162 436 505)
3(1958 539 507)
3(1958 507 540)
3(540 507 539)
3(1705 1803 1702)
3(1803 1714 1702)
3(1705 1714 1803)
3(1612 1698 1719)
3(1661 1719 1698)
3(1602 1468 1566)
3(1504 1566 1468)
3(1504 1468 1602)
3(1504 1602 1566)
3(1726 1668 1618)
3(1771 1618 1668)
3(1726 1771 1668)
3(1726 1618 1771)
3(1389 1283 1284)
3(1389 1236 1283)
3(277 1448 3194)
3(130 936 129)
3(1958 1819 507)
3(1958 539 1819)
3(1819 539 507)
3(2527 2619 2531)
3(2526 2531 2619)
3(2690 2938 2726)
3(2690 2726 2903)
3(2938 2903 2726)
3(2690 2903 2938)
3(511 3142 3163)
3(511 3163 3152)
3(511 3152 3142)
3(1860 1922 1970)
3(1860 1923 1922)
3(1860 1970 1923)
3(2204 2120 2119)
3(2204 2212 2120)
3(2212 2119 2120)
3(2204 2119 2212)
3(2444 2575 819)
3(820 819 2575)
3(1926 1814 1956)
3(1980 1956 1814)
3(1980 1814 1926)
3(1365 1225 1272)
3(1327 1272 1225)
3(1327 1365 1272)
3(1327 1225 1365)
3(2527 2516 2619)
3(2589 2516 2527)
3(2589 2527 2619)
3(1701 1681 1778)
3(1798 1778 1681)
3(1701 1798 1681)
3(1701 1778 1798)
3(1200 2835 2824)
3(1200 1189 2835)
3(1200 2824 1189)
3(1598 1468 1556)
3(1570 1556 1468)
3(1570 1468 1598)
3(3190 286 1415)
3(3190 1415 285)
3(3190 285 286)
3(1148 2774 2816)
3(1148 2784 2774)
3(1148 2816 2784)
3(1720 3368 392)
3(1720 425 3368)
3(425 392 3368)
3(1682 1778 1701)
3(1681 1778 1682)
3(534 501 3054)
3(534 533 501)
3(534 3054 533)
3(533 3054 501)
3(2734 1100 2784)
3(2784 1100 2771)
3(2734 2771 1100)
3(1097 2782 2781)
3(1097 2781 2769)
3(1097 2769 2782)
3(180 3395 1237)
3(1237 3395 1345)
3(2516 2619 2531)
3(1189 2826 2823)
3(1628 1627 1780)
3(1780 1627 1677)
3(1628 1780 1677)
3(346 313 3191)
3(346 3191 347)
3(1149 2738 1133)
3(1104 1133 2738)
3(1104 2738 1149)
3(1189 2826 2835)
3(2782 2781 1145)
3(2782 1145 1097)
3(2162 2050 2071)
3(2162 575 2050)
3(575 2071 2050)
3(1274 1249 1345)
3(1274 1346 1249)
3(1346 1345 1249)
3(1190 1152 2790)
3(1152 1191 2790)
3(2837 1195 2833)
3(2837 2820 1195)
3(2820 2833 1195)
3(2828 2827 1200)
3(1190 2827 2828)
3(1190 2828 1200)
3(1190 1200 2827)
3(1237 1345 1274)
3(968 909 3192)
3(3192 909 967)
3(968 3192 967)
3(1346 1228 1274)
3(1345 3395 1344)
3(3193 2431 803)
3(3193 803 804)
3(2022 2011 1914)
3(2022 1914 1902)
3(2022 1902 2011)
3(1914 2011 1902)
3(1331 3220 1332)
3(1230 1331 1332)
3(1230 1332 3220)
3(1230 3220 1331)
3(1766 1705 1702)
3(1766 1702 1698)
3(2866 2654 959)
3(3198 2654 2866)
3(3198 2866 959)
3(3198 959 2654)
3(1764 1635 3371)
3(1734 3371 1635)
3(1764 1734 1635)
3(1764 3371 1734)
3(1856 1997 1998)
3(1856 1952 1997)
3(1856 1998 1952)
3(1969 1921 1895)
3(1968 1895 1921)
3(1968 1969 1895)
3(2022 2015 1914)
3(1914 2015 2011)
3(1803 1705 1767)
3(1781 1767 1705)
3(2712 2708 2931)
3(2708 2716 2931)
3(2712 2931 2716)
3(3060 223 191)
3(3060 191 190)
3(223 190 191)
3(3194 257 276)
3(1459 276 257)
3(3194 1459 257)
3(1861 1860 1922)
3(1861 1970 1860)
3(1861 1922 1970)
3(2980 3060 2838)
3(189 2980 2838)
3(189 3060 2980)
3(189 2838 3060)
3(1814 1863 1980)
3(1980 1863 1864)
3(1814 1980 1864)
3(2980 59 977)
3(2980 1075 59)
3(2534 2535 2467)
3(3412 2467 2535)
3(3412 2535 2534)
3(534 1926 1814)
3(534 1814 1956)
3(3406 1718 1611)
3(3406 1611 1648)
3(1718 1648 1611)
3(3406 1648 1718)
3(1980 1864 1971)
3(1926 1864 1980)
3(1639 1723 370)
3(1639 395 1723)
3(395 370 1723)
3(1879 1832 1934)
3(1879 1934 1878)
3(1832 1878 1934)
3(1926 1815 1814)
3(1926 1814 1864)
3(602 3274 68)
3(635 3274 602)
3(635 602 68)
3(635 68 3274)
3(1755 430 398)
3(431 1755 398)
3(3231 163 24)
3(3231 24 145)
3(3231 145 163)
3(535 1926 502)
3(1926 534 502)
3(535 502 534)
3(1642 1741 1684)
3(1642 1684 1742)
3(1642 1742 1741)
3(1684 1741 1742)
3(240 1325 3394)
3(240 3394 239)
3(3394 1325 239)
3(2155 3263 2154)
3(567 2154 3263)
3(567 3263 2155)
3(1987 1986 1886)
3(1986 2015 1886)
3(1987 1886 2015)
3(2431 2536 3193)
3(2431 2535 2536)
3(2431 3193 2535)
3(3193 2536 2535)
3(1227 1328 1393)
3(1357 1227 1393)
3(1357 1328 1227)
3(3295 2664 2850)
3(3295 2849 2664)
3(3295 2850 2849)
3(1902 2005 1971)
3(1902 2022 2005)
3(1902 1971 2022)
3(1749 365 3428)
3(1749 3428 364)
3(365 364 3428)
3(638 2134 2029)
3(638 2029 2028)
3(2134 2028 2029)
3(638 2028 2134)
3(1125 3302 2776)
3(85 1125 2776)
3(85 3302 1125)
3(85 2776 3302)
3(2717 2939 2713)
3(2896 2939 2717)
3(2896 2717 2713)
3(1883 1988 1884)
3(1883 1913 1988)
3(1913 1884 1988)
3(1684 1785 1712)
3(1696 1712 1785)
3(1684 1696 1785)
3(1804 1704 1787)
3(1704 1788 1787)
3(1804 1788 1704)
3(2087 2215 2086)
3(2182 2087 2086)
3(2182 2086 2215)
3(2182 2215 2087)
3(2408 2267 2270)
3(2255 2267 2408)
3(2255 2408 2270)
3(1657 383 3364)
3(383 3428 3364)
3(1657 3428 383)
3(1657 3364 3428)
3(2678 2898 2866)
3(2678 2851 2898)
3(2620 2583 2520)
3(2620 2520 2582)
3(2582 2520 2583)
3(1832 1934 1833)
3(1833 1934 1879)
3(1606 1517 1603)
3(1606 1587 1517)
3(2989 1016 942)
3(2717 2939 2720)
3(2720 2939 2713)
3(2853 2629 1039)
3(2853 993 2629)
3(1039 2629 993)
3(2007 1906 2015)
3(2007 2011 1906)
3(2011 2015 1906)
3(1048 883 884)
3(1048 884 3003)
3(1048 3003 883)
3(884 883 3003)
3(2065 3197 2145)
3(2146 2065 2145)
3(2146 3197 2065)
3(2146 2145 3197)
3(3004 1084 881)
3(3004 881 2967)
3(1084 2967 881)
3(2806 2772 1166)
3(2806 1166 2805)
3(1969 1895 1861)
3(1969 1906 1895)
3(1969 1861 1906)
3(1708 1804 1770)
3(1708 1770 1709)
3(1708 1709 1804)
3(1804 1709 1770)
3(1720 1698 1612)
3(1649 1698 1720)
3(1649 1720 1612)
3(61 3015 2979)
3(61 2979 292)
3(61 292 3015)
3(292 2979 3015)
3(1612 1720 1719)
3(429 1724 3255)
3(429 3255 422)
3(422 3255 1724)
3(2691 2889 2930)
3(2691 2912 2889)
3(2691 2930 2912)
3(1417 1495 1522)
3(1417 1522 1453)
3(1522 1495 1453)
3(2889 2692 2691)
3(2692 2930 2691)
3(2889 2930 2692)
3(1992 2018 1862)
3(1992 1862 1890)
3(1992 1890 2018)
3(1890 1862 2018)
3(1743 1786 1643)
3(1744 1643 1786)
3(1743 1643 1744)
3(258 3194 257)
3(1493 1546 1459)
3(1459 1546 1447)
3(2888 2640 2858)
3(2903 2858 2640)
3(2888 2903 2640)
3(1810 1921 1895)
3(1847 1895 1921)
3(2557 769 3427)
3(2557 3427 768)
3(3427 769 768)
3(962 903 3195)
3(3195 903 961)
3(962 3195 961)
3(399 328 3112)
3(399 3112 327)
3(2657 2711 2872)
3(2872 2711 2699)
3(2657 2872 2699)
3(2123 2113 2213)
3(2113 2098 2213)
3(2123 2213 2098)
3(961 3411 2868)
3(2867 3411 961)
3(2867 2868 3411)
3(2471 3426 2554)
3(2555 2471 2554)
3(2555 3426 2471)
3(2555 2554 3426)
3(883 3003 2966)
3(883 2966 3028)
3(883 3028 3003)
3(1149 2788 2738)
3(2787 1149 2738)
3(3196 680 661)
3(3196 661 662)
3(3196 662 680)
3(1419 1556 1570)
3(1419 1570 1525)
3(1419 1525 1556)
3(2706 2712 2923)
3(2706 2923 2730)
3(2712 2730 2923)
3(1792 1667 1807)
3(1771 1667 1792)
3(1943 1883 1988)
3(1943 1884 1883)
3(1943 1988 1884)
3(2320 2314 2423)
3(2320 2423 2293)
3(3172 2142 621)
3(654 621 2142)
3(3172 654 2142)
3(3172 621 654)
3(2947 2922 2728)
3(2947 2728 2704)
3(2947 2704 2922)
3(2922 2704 2728)
3(1991 2018 1862)
3(1948 1994 1885)
3(1994 1949 1885)
3(1948 1885 1949)
3(2992 414 982)
3(1051 886 1050)
3(2888 886 1051)
3(2888 1050 886)
3(3038 848 3044)
3(816 848 3038)
3(816 3038 3044)
3(740 2224 708)
3(740 708 707)
3(1620 436 402)
3(1620 403 436)
3(403 402 436)
3(2642 2691 2889)
3(2642 2889 2692)
3(2940 2722 2941)
3(2902 2941 2722)
3(2902 2722 2940)
3(578 3197 559)
3(3197 577 559)
3(578 577 3197)
3(3112 3056 398)
3(397 3112 398)
3(397 3056 3112)
3(397 398 3056)
3(1409 1305 1275)
3(1409 1309 1305)
3(1409 1275 1309)
3(1888 1994 1948)
3(1888 1993 1994)
3(1888 1948 1993)
3(2843 3051 635)
3(636 635 3051)
3(636 3051 2843)
3(1088 2965 885)
3(3002 885 2965)
3(1088 885 3002)
3(2722 2683 2904)
3(2722 2904 2682)
3(2904 2683 2682)
3(2632 877 2854)
3(2631 2632 2854)
3(3004 849 882)
3(3004 882 3044)
3(3004 3044 849)
3(849 3044 882)
3(1708 1804 1801)
3(1708 1801 1770)
3(2625 2618 2528)
3(2625 2528 2623)
3(2528 2618 2623)
3(1818 1817 1957)
3(1818 1957 1867)
3(1817 1867 1957)
3(2714 2722 2941)
3(2940 2714 2941)
3(2940 2722 2714)
3(2908 2631 2681)
3(2908 2681 2854)
3(2631 2854 2681)
3(2908 2854 2631)
3(1770 1672 1728)
3(1770 1671 1672)
3(1672 1671 1728)
3(1770 1728 1671)
3(1777 1669 1670)
3(1670 1669 1727)
3(1777 1727 1669)
3(1777 1670 1727)
3(1871 1999 1972)
3(1959 1871 1972)
3(2119 2214 2118)
3(2119 2183 2214)
3(2183 2118 2214)
3(2119 2118 2183)
3(1420 1468 1556)
3(1598 1468 1420)
3(1598 1420 1556)
3(1475 1474 1571)
3(1510 1571 1474)
3(1510 1475 1571)
3(985 602 2975)
3(985 2975 2842)
3(602 2842 2975)
3(2610 2498 2615)
3(2610 2594 2498)
3(2615 2498 2594)
3(162 3422 1346)
3(162 161 3422)
3(1346 3422 161)
3(3260 489 488)
3(3260 488 470)
3(3260 470 489)
3(1988 1987 1884)
3(1988 1884 2016)
3(1987 2016 1884)
3(1730 1676 1675)
3(1773 1675 1676)
3(1773 1730 1675)
3(1773 1676 1730)
3(1481 1502 1576)
3(1600 1576 1502)
3(1481 1600 1502)
3(1481 1576 1600)
3(1998 1897 1856)
3(1998 1845 1897)
3(1998 1856 1845)
3(449 450 3431)
3(3431 450 1763)
3(449 3431 1763)
3(1871 1911 1999)
3(1872 1871 1999)
3(1872 1999 1911)
3(2876 2704 2659)
3(2876 2659 2671)
3(2876 2671 2704)
3(638 2163 2029)
3(2134 2029 2163)
3(2511 2520 2583)
3(2511 2583 2510)
3(3139 534 3100)
3(534 3052 3100)
3(1887 2015 1906)
3(1914 1906 2015)
3(1887 1914 2015)
3(2659 2707 2920)
3(2707 2670 2920)
3(2659 2920 2670)
3(3004 881 849)
3(3004 849 848)
3(3004 848 881)
3(2582 2480 2535)
3(2514 2535 2480)
3(2514 2480 2582)
3(2659 2921 2920)
3(2921 2707 2920)
3(2562 2563 2503)
3(2562 2503 2475)
3(2563 2475 2503)
3(2562 2475 2563)
3(2921 2876 2704)
3(2921 2659 2876)
3(2256 2327 2220)
3(2256 2220 3281)
3(2256 3281 2327)
3(2327 3281 2220)
3(1631 1795 1762)
3(1733 1631 1762)
3(3004 881 882)
3(1049 1050 885)
3(1049 885 2858)
3(2858 885 1050)
3(1764 1635 1636)
3(3371 1764 1636)
3(3371 1636 1635)
3(3258 2343 730)
3(3258 730 762)
3(762 730 2343)
3(3258 762 2343)
3(1660 1718 1717)
3(1660 1769 1718)
3(1660 1717 1769)
3(2030 2180 2079)
3(2078 2079 2180)
3(2030 2078 2180)
3(1526 327 1420)
3(1420 327 328)
3(1526 1420 328)
3(2525 2586 2524)
3(2525 2489 2586)
3(2524 2586 2489)
3(1704 1804 1664)
3(1690 1664 1804)
3(1690 1804 1704)
3(1712 1806 1801)
3(1712 1801 1785)
3(1888 1948 1885)
3(1888 1854 1948)
3(1948 1854 1885)
3(1694 1695 1768)
3(1694 1767 1695)
3(1695 1767 1768)
3(1694 1768 1767)
3(2643 888 2889)
3(2643 2889 2642)
3(2642 2889 888)
3(3195 902 903)
3(3195 903 2655)
3(3195 2655 902)
3(2667 904 3293)
3(3293 904 2656)
3(2667 3293 2656)
3(1626 409 442)
3(1626 442 408)
3(442 409 408)
3(960 901 3198)
3(3198 901 959)
3(960 3198 959)
3(180 3422 1345)
3(1249 3422 180)
3(1249 1345 3422)
3(1402 1266 1265)
3(1402 1265 1291)
3(1402 1291 1266)
3(766 785 2554)
3(3183 766 2554)
3(3183 2554 785)
3(1550 1450 1592)
3(1550 1492 1450)
3(1492 1592 1450)
3(1550 1592 1492)
3(3291 2656 905)
3(3291 905 2666)
3(3291 2666 2656)
3(1943 1989 1883)
3(1989 1944 1883)
3(1402 1265 1264)
3(1402 1264 1304)
3(1402 1304 1265)
3(100 3199 82)
3(100 81 3199)
3(82 3199 81)
3(846 3097 814)
3(846 847 3097)
3(814 3097 847)
3(1992 2019 1890)
3(1992 1890 1993)
3(1890 2019 1993)
3(1712 1808 1801)
3(1712 1806 1808)
3(2499 2616 2615)
3(2499 2594 2616)
3(2499 2615 2594)
3(3200 370 371)
3(3200 1639 370)
3(3200 371 1639)
3(206 3027 3088)
3(206 3064 3027)
3(206 3088 3064)
3(819 2575 2443)
3(819 852 2575)
3(889 1053 1054)
3(2860 1053 889)
3(2860 889 1054)
3(3200 352 370)
3(3200 370 351)
3(3200 351 352)
3(180 3422 161)
3(161 3422 1345)
3(1121 2772 1120)
3(2772 3199 1120)
3(1121 1120 3199)
3(1121 3199 2772)
3(1789 1686 1788)
3(1789 1748 1686)
3(1748 1788 1686)
3(122 928 929)
3(122 929 2982)
3(2588 2580 2500)
3(2588 2500 2551)
3(2551 2500 2580)
3(3353 783 765)
3(3353 784 783)
3(1789 1715 1686)
3(1789 1686 1691)
3(1789 1691 1715)
3(1764 3371 3278)
3(451 3278 3371)
3(451 3371 1764)
3(451 1764 3278)
3(1686 1747 1645)
3(1656 1747 1686)
3(1656 1645 1747)
3(3111 810 3053)
3(3081 3053 810)
3(3081 810 3111)
3(510 1930 1822)
3(510 542 1930)
3(510 1822 542)
3(2030 2135 2079)
3(2030 2180 2135)
3(2180 2079 2135)
3(2778 1128 2767)
3(1128 3226 2767)
3(2778 3226 1128)
3(2487 2515 2625)
3(2487 2593 2515)
3(2593 2625 2515)
3(2487 2625 2593)
3(2578 2451 2450)
3(2549 2578 2450)
3(2002 1874 1984)
3(2010 1874 2002)
3(2010 1984 1874)
3(649 3151 3132)
3(649 3132 648)
3(3132 3151 648)
3(649 648 3151)
3(2741 1106 1135)
3(2741 126 1106)
3(2741 1135 126)
3(3039 851 884)
3(3039 884 852)
3(3416 566 567)
3(3416 586 566)
3(3416 567 586)
3(2453 2454 2610)
3(2550 2610 2454)
3(2550 2453 2610)
3(2550 2454 2453)
3(1805 1700 1677)
3(1805 1773 1700)
3(1419 1468 1556)
3(1420 1419 1556)
3(650 2040 649)
3(2140 649 2040)
3(2140 2040 650)
3(1405 1366 1259)
3(1366 1358 1259)
3(1405 1259 1358)
3(850 3039 851)
3(850 884 3039)
3(2271 2377 2302)
3(2303 2302 2377)
3(2303 2377 2271)
3(2190 2104 2146)
3(2052 2146 2104)
3(2052 2104 2190)
3(2052 2190 2146)
3(1777 1699 1808)
3(1801 1808 1699)
3(1801 1699 1777)
3(538 1818 505)
3(1957 538 505)
3(1957 505 1818)
3(1957 1818 538)
3(2193 2095 2150)
3(2193 2150 2094)
3(2150 2095 2094)
3(2193 2094 2095)
3(2894 2685 2902)
3(2941 2902 2685)
3(2941 2685 2894)
3(1966 1928 1819)
3(1966 1819 1958)
3(1958 1819 1928)
3(3184 460 1943)
3(479 1943 460)
3(479 3184 1943)
3(1528 1424 1558)
3(332 1558 1424)
3(332 1424 1528)
3(3144 715 3155)
3(3155 715 3164)
3(1419 1468 1570)
3(1813 1858 1983)
3(1858 1863 1983)
3(1813 1983 1863)
3(2960 992 892)
3(2960 54 992)
3(2960 892 54)
3(1358 1261 1211)
3(1260 1261 1358)
3(1260 1358 1211)
3(520 1832 1934)
3(1983 1925 1858)
3(1813 1858 1925)
3(1908 2012 2013)
3(1908 2013 2017)
3(1908 2017 2012)
3(1028 2956 47)
3(2994 1028 47)
3(2560 2462 2561)
3(2603 2462 2560)
3(2603 2561 2462)
3(1761 1628 1678)
3(1629 1628 1761)
3(1629 1761 1678)
3(928 121 927)
3(3018 927 121)
3(928 2737 1134)
3(928 122 2737)
3(122 1134 2737)
3(928 1134 122)
3(874 1039 2971)
3(2970 2971 1039)
3(2970 1039 874)
3(2970 874 2971)
3(3127 3072 515)
3(3127 515 3113)
3(515 3072 3113)
3(3086 132 2987)
3(3068 2987 132)
3(1901 1876 1981)
3(1901 1981 1875)
3(1981 1876 1875)
3(2746 1108 2745)
3(2746 937 1108)
3(1108 937 2745)
3(1138 1162 2796)
3(2796 1162 1153)
3(1138 2796 1153)
3(3023 1012 937)
3(938 3023 937)
3(938 1012 3023)
3(545 1961 513)
3(545 513 1825)
3(545 1825 1961)
3(1825 513 1961)
3(3205 265 284)
3(1442 284 265)
3(1442 265 3205)
3(1442 3205 284)
3(2748 940 133)
3(939 133 940)
3(2748 133 939)
3(447 1762 414)
3(1762 446 414)
3(3004 882 1046)
3(1085 1046 882)
3(1085 882 3004)
3(1085 3004 1046)
3(410 443 3152)
3(3126 3152 443)
3(3126 443 410)
3(3126 410 3152)
3(1638 1753 1662)
3(1753 3420 1662)
3(1638 1662 3420)
3(1638 3420 1753)
3(650 3132 3098)
3(3115 3132 650)
3(2513 2477 2608)
3(2513 2608 2509)
3(2608 2477 2509)
3(3201 571 590)
3(3201 589 571)
3(3201 590 589)
3(1554 1463 1580)
3(1553 1580 1463)
3(1554 1463 1442)
3(1554 1442 1466)
3(1554 1466 1463)
3(1271 1272 1365)
3(1271 1365 1225)
3(547 546 3125)
3(547 3125 617)
3(3125 546 617)
3(1629 1630 1732)
3(412 1732 1630)
3(412 1629 1732)
3(2143 2047 2173)
3(2173 2047 657)
3(2143 657 2047)
3(884 850 3028)
3(850 883 3028)
3(884 3028 883)
3(1662 1779 1659)
3(1779 1647 1659)
3(1662 1647 1779)
3(1746 1787 1655)
3(1692 1655 1787)
3(1746 1655 1692)
3(1746 1692 1787)
3(2393 2296 2248)
3(2393 2260 2296)
3(2393 2248 2260)
3(2058 2070 2200)
3(2106 2200 2070)
3(2058 2200 2106)
3(2223 739 707)
3(2223 707 2363)
3(2363 707 739)
3(2223 2363 739)
3(2012 1974 1908)
3(2013 1908 1974)
3(1791 1693 1647)
3(1791 1647 1779)
3(1791 1779 1693)
3(1779 1647 1693)
3(435 402 436)
3(3162 402 435)
3(3162 435 436)
3(3162 436 402)
3(2029 605 638)
3(605 2028 638)
3(2013 2017 1898)
3(1898 2017 1908)
3(2013 1898 1908)
3(604 637 3055)
3(604 3055 3139)
3(3139 3055 637)
3(604 3139 637)
3(1398 1365 1271)
3(1398 1271 1272)
3(1398 1272 1365)
3(1791 1658 1693)
3(1791 1693 1697)
3(1682 1764 1635)
3(1682 1636 1764)
3(1791 1658 1647)
3(299 332 300)
3(1425 332 299)
3(1425 300 332)
3(366 365 3246)
3(366 3246 1750)
3(1750 3246 365)
3(1789 1700 1715)
3(1789 1697 1700)
3(1789 1715 1697)
3(1811 3177 1848)
3(497 1848 3177)
3(3104 299 3154)
3(3145 3154 299)
3(1939 1938 1851)
3(1939 1851 1970)
3(1970 1851 1938)
3(199 231 3106)
3(199 3107 231)
3(3106 231 3107)
3(199 3106 3107)
3(2127 2060 2073)
3(2127 2072 2060)
3(2127 2073 2072)
3(2808 1165 2806)
3(2808 2762 1165)
3(2806 1165 2762)
3(3202 30 498)
3(531 3202 498)
3(531 30 3202)
3(1426 333 1425)
3(1426 300 333)
3(333 300 1425)
3(1350 230 1212)
3(1350 1212 1321)
3(230 1321 1212)
3(612 3163 3164)
3(3158 612 3164)
3(3158 3163 612)
3(1271 1374 1365)
3(1398 1374 1271)
3(3076 3060 2838)
3(2980 3076 2838)
3(2718 2939 2933)
3(2718 2933 2950)
3(2718 2950 2939)
3(1774 1711 1802)
3(1802 1711 1794)
3(1774 1794 1711)
3(1711 1713 1774)
3(1802 1774 1713)
3(1711 1802 1713)
3(1378 1242 1332)
3(1333 1332 1242)
3(1611 1717 1718)
3(1611 3406 1717)
3(1718 1717 3406)
3(1710 1774 1711)
3(1713 1774 1710)
3(3013 499 983)
3(3013 65 499)
3(3013 983 65)
3(2166 2082 2179)
3(2166 2137 2082)
3(2137 2179 2082)
3(1866 1974 1957)
3(1866 1957 1867)
3(1866 1867 1974)
3(3150 399 328)
3(3150 328 3112)
3(3150 3112 399)
3(75 1039 2971)
3(874 1039 75)
3(991 874 2971)
3(991 3009 874)
3(991 2971 3009)
3(2971 874 3009)
3(3184 460 1942)
3(3184 1942 1943)
3(113 3185 919)
3(3322 2247 704)
3(3322 704 679)
3(3322 679 2247)
3(2764 1168 1123)
3(2775 1123 1168)
3(2775 1168 2764)
3(2775 2764 1123)
3(991 73 2971)
3(474 455 3354)
3(456 3354 455)
3(456 474 3354)
3(3202 29 498)
3(3202 30 29)
3(1755 1796 1665)
3(1769 1755 1665)
3(1769 1665 1796)
3(499 492 3382)
3(499 3382 1812)
3(1812 3382 492)
3(473 3354 474)
3(473 455 3354)
3(2684 2635 2902)
3(2885 2684 2902)
3(2882 3236 2881)
3(975 3236 2882)
3(975 2881 3236)
3(2002 1874 1961)
3(661 3322 2345)
3(2331 2345 3322)
3(2331 3322 661)
3(1374 1356 1271)
3(1365 1271 1356)
3(1024 2958 50)
3(2996 1024 50)
3(89 3226 1128)
3(89 88 3226)
3(88 1128 3226)
3(661 3322 3196)
3(661 3196 2345)
3(2345 3196 3322)
3(2154 3416 566)
3(2154 567 3416)
3(2328 2257 3433)
3(2328 3410 2257)
3(2257 3410 3433)
3(2569 2457 3391)
3(2457 2481 3391)
3(2569 2481 2457)
3(2569 3391 2481)
3(2061 2103 2130)
3(2061 2130 2129)
3(2061 2129 2103)
3(2130 2103 2129)
3(1224 1374 1356)
3(1224 1356 1271)
3(2445 2589 2444)
3(2546 2589 2445)
3(2546 2444 2589)
3(2241 725 3203)
3(2241 3203 724)
3(3203 725 724)
3(2775 2817 1122)
3(2763 2775 1122)
3(2763 1122 2817)
3(2959 3035 826)
3(2959 826 3079)
3(826 3035 3079)
3(47 517 2994)
3(47 549 517)
3(549 2994 517)
3(1965 1835 1834)
3(1881 1835 1965)
3(1881 1965 1834)
3(3073 858 3036)
3(3073 3035 858)
3(858 3035 3036)
3(991 2971 1057)
3(991 1058 2971)
3(2959 859 826)
3(2959 3035 859)
3(826 859 3035)
3(262 3204 282)
3(3204 263 282)
3(262 263 3204)
3(2959 53 52)
3(826 53 2959)
3(826 52 53)
3(826 2959 52)
3(3394 240 208)
3(3394 1223 240)
3(208 240 1223)
3(3394 208 1223)
3(1411 1410 1282)
3(1411 1282 1295)
3(1411 1295 1410)
3(1282 1410 1295)
3(3355 13 491)
3(3355 491 472)
3(3355 472 13)
3(1814 1956 1863)
3(1956 1813 1863)
3(1814 1813 1956)
3(3155 716 646)
3(3155 715 716)
3(3155 646 715)
3(1378 1230 1242)
3(1279 1230 1378)
3(1279 1378 1242)
3(2156 2068 2096)
3(2155 2068 2156)
3(2155 2096 2068)
3(2155 2156 2096)
3(1948 1842 1854)
3(1888 1842 1948)
3(2001 1882 2014)
3(1998 1882 2001)
3(1998 2014 1882)
3(1282 1384 1410)
3(1411 1384 1282)
3(1778 1701 1799)
3(1682 1778 1799)
3(1682 1799 1701)
3(708 2333 2224)
3(740 2333 708)
3(442 1627 1626)
3(442 1760 1627)
3(1760 1626 1627)
3(442 1626 1760)
3(613 3164 612)
3(613 3163 3164)
3(613 612 3163)
3(3205 265 8)
3(3205 8 284)
3(265 3205 9)
3(265 350 3205)
3(350 9 3205)
3(2316 2407 2278)
3(2316 2279 2407)
3(2407 2279 2278)
3(690 671 3206)
3(672 690 3206)
3(672 3206 671)
3(2057 2156 2096)
3(2057 2157 2156)
3(2096 2156 2157)
3(2057 2096 2157)
3(484 466 3207)
3(485 3207 466)
3(484 3207 485)
3(2128 2073 2024)
3(2128 2107 2073)
3(2128 2024 2107)
3(933 127 1106)
3(933 1106 126)
3(933 126 127)
3(2563 2503 2604)
3(2503 2562 2604)
3(2947 2728 2949)
3(2947 2725 2728)
3(2949 2728 2725)
3(2947 2949 2725)
3(3323 1545 256)
3(3323 256 255)
3(3043 854 886)
3(887 3043 886)
3(1761 1628 1731)
3(1628 1678 1731)
3(1919 1809 1918)
3(1919 3268 1809)
3(1918 1809 3268)
3(1919 1918 3268)
3(1055 2962 1093)
3(1055 1054 2962)
3(333 1558 1426)
3(1425 1558 333)
3(1761 411 1628)
3(1761 1629 411)
3(2711 2727 2917)
3(2699 2711 2917)
3(2699 2917 2727)
3(574 592 3208)
3(573 3208 592)
3(573 574 3208)
3(1967 1858 1983)
3(1919 1983 1858)
3(1967 1919 1858)
3(2435 2484 2613)
3(2613 2484 2541)
3(2435 2613 2541)
3(2435 2541 2484)
3(574 593 3208)
3(2050 575 660)
3(2050 3174 575)
3(660 575 3174)
3(2050 660 3174)
3(90 1129 3180)
3(1130 90 3180)
3(1130 3180 1129)
3(506 3149 505)
3(506 3162 3149)
3(3149 3162 505)
3(3123 3149 607)
3(3149 3153 607)
3(3123 607 3153)
3(1027 2995 986)
3(1027 986 2956)
3(2995 2956 986)
3(1856 488 3260)
3(1856 3260 489)
3(3000 2962 890)
3(3000 890 1054)
3(890 2962 1054)
3(2434 2540 809)
3(2571 2434 809)
3(2571 2540 2434)
3(1516 1589 1493)
3(1516 1503 1589)
3(1589 1503 1493)
3(2325 2268 2222)
3(2325 2222 2219)
3(2325 2219 2268)
3(2180 2185 2115)
3(2217 2115 2185)
3(2217 2180 2115)
3(1990 1944 1852)
3(1990 1852 1894)
3(1894 1852 1944)
3(2417 2308 2283)
3(2319 2417 2283)
3(2319 2308 2417)
3(483 465 3209)
3(484 3209 465)
3(484 483 3209)
3(1136 1150 2792)
3(1178 2792 1150)
3(1136 2792 1178)
3(67 2975 985)
3(602 2975 67)
3(3383 790 2462)
3(3383 2473 790)
3(3383 2462 2473)
3(2362 709 2226)
3(2362 2226 742)
3(2226 709 742)
3(3048 876 875)
3(3007 3048 875)
3(3007 875 876)
3(3007 876 3048)
3(596 3415 3210)
3(629 3415 596)
3(629 3210 3415)
3(629 596 3210)
3(2052 559 2146)
3(2147 2052 2146)
3(2147 559 2052)
3(514 546 3142)
3(3113 514 3142)
3(3113 546 514)
3(772 2561 2462)
3(772 3290 2561)
3(772 2462 3290)
3(3290 2462 2561)
3(513 3142 514)
3(513 546 3142)
3(513 514 546)
3(684 3242 666)
3(684 666 2349)
3(666 3242 2349)
3(684 2349 3242)
3(596 3210 2060)
3(3210 597 2060)
3(596 597 3210)
3(1629 1732 1797)
3(1761 1629 1797)
3(1761 1732 1629)
3(3045 3039 852)
3(818 3039 3045)
3(646 613 645)
3(2036 645 613)
3(2036 646 645)
3(2036 613 646)
3(1833 1964 1879)
3(1964 1934 1879)
3(1833 1934 1964)
3(1401 1293 1395)
3(1401 1398 1293)
3(1293 1398 1395)
3(2904 2950 2682)
3(2899 2682 2950)
3(2904 2682 2899)
3(2722 2950 2718)
3(2722 2682 2950)
3(2718 2950 2682)
3(818 3122 747)
3(818 748 3122)
3(747 3122 748)
3(2002 1874 1899)
3(2002 1875 1874)
3(2002 1899 1875)
3(3214 2173 624)
3(657 624 2173)
3(657 3214 624)
3(657 2173 3214)
3(3218 523 1936)
3(3218 556 523)
3(556 1936 523)
3(3218 1936 556)
3(2336 714 2230)
3(2336 2231 714)
3(2336 2230 2231)
3(2181 2102 2188)
3(2181 2188 2093)
3(2181 2093 2102)
3(2102 2093 2188)
3(1401 1308 1395)
3(1401 1293 1308)
3(1293 1395 1308)
3(1979 1880 1881)
3(1979 1881 1834)
3(1979 1834 1880)
3(3192 909 910)
3(3192 910 2670)
3(3192 2670 909)
3(3265 2580 830)
3(863 830 2580)
3(863 3265 830)
3(863 2580 3265)
3(592 2160 2059)
3(592 3208 2160)
3(2059 2160 3208)
3(2401 2294 2400)
3(2355 2294 2401)
3(2355 2400 2294)
3(1777 1669 1699)
3(1670 1777 1699)
3(2640 1050 2888)
3(2640 2858 1050)
3(3415 595 2126)
3(628 2126 595)
3(628 595 3415)
3(628 3415 2126)
3(522 1965 554)
3(522 3218 1965)
3(554 1965 3218)
3(522 554 3218)
3(2557 2502 2501)
3(2600 2501 2502)
3(2557 2600 2502)
3(2722 2902 2683)
3(2722 2684 2902)
3(2902 2684 2683)
3(2974 1062 987)
3(2974 987 1063)
3(2014 1997 1891)
3(2014 1891 2003)
3(2003 1891 1997)
3(2408 2267 2343)
3(2270 2408 2343)
3(2270 2343 2267)
3(759 727 2342)
3(3404 2342 727)
3(3404 727 759)
3(3404 759 2342)
3(3218 523 1835)
3(3218 1835 1936)
3(2174 2175 2073)
3(2128 2174 2073)
3(2128 2073 2175)
3(2518 2619 2604)
3(2621 2619 2518)
3(2621 2518 2604)
3(1721 1694 1720)
3(1721 1720 3368)
3(1720 1694 3368)
3(1721 3368 1694)
3(2974 3051 635)
3(2843 2974 635)
3(2843 3051 2974)
3(1720 1767 1694)
3(1721 1694 1767)
3(1803 1702 1766)
3(1705 1803 1766)
3(2575 2611 2443)
3(2624 2486 2522)
3(2625 2522 2486)
3(2624 2522 2625)
3(2624 2625 2486)
3(2088 2110 2184)
3(2089 2088 2184)
3(2158 571 2058)
3(2058 571 3201)
3(2158 2058 3201)
3(3386 726 725)
3(3386 725 2242)
3(3386 2242 726)
3(1995 1949 1885)
3(1995 1885 1994)
3(1861 1921 1895)
3(1861 1969 1921)
3(1860 1923 1848)
3(1860 1848 1922)
3(1848 1923 1922)
3(538 506 505)
3(1818 506 538)
3(2628 2664 2850)
3(3295 2664 2628)
3(3295 2628 2850)
3(2628 2709 2850)
3(1668 1618 1756)
3(1668 1756 1726)
3(1726 1756 1618)
3(2946 2679 2719)
3(2946 2719 2705)
3(2946 2705 2679)
3(2164 636 604)
3(604 636 637)
3(2164 604 637)
3(2077 2134 2202)
3(2077 2202 2206)
3(2077 2206 2134)
3(2129 3271 3384)
3(2129 3384 631)
3(631 3384 3271)
3(2129 631 3271)
3(2210 2213 2122)
3(2112 2210 2122)
3(2112 2213 2210)
3(2112 2122 2213)
3(2128 2073 2060)
3(2128 2060 2024)
3(3384 2024 2129)
3(3384 2129 2128)
3(2128 2129 2024)
3(3384 2128 2024)
3(2164 2027 604)
3(604 2027 636)
3(2164 636 2027)
3(606 2029 638)
3(606 2163 2029)
3(606 638 2163)
3(2182 2139 2038)
3(2038 2139 2169)
3(2182 2038 2169)
3(997 871 3374)
3(871 3295 3374)
3(997 3295 871)
3(997 3374 3295)
3(2013 2008 1898)
3(3343 665 683)
3(3343 683 664)
3(3343 664 665)
3(2150 2149 2095)
3(2193 2095 2149)
3(604 636 3055)
3(637 3055 636)
3(1880 1879 2006)
3(1880 2006 1901)
3(1901 2006 1879)
3(2429 2275 2311)
3(2429 2315 2275)
3(2429 2311 2315)
3(3122 3092 747)
3(3144 3122 747)
3(3144 747 3092)
3(991 2845 3009)
3(841 3009 2845)
3(3015 62 2978)
3(325 2978 62)
3(3015 325 62)
3(1880 1973 2006)
3(1879 2006 1973)
3(1880 1879 1973)
3(1632 1762 414)
3(1632 414 447)
3(1632 447 1762)
3(3164 613 645)
3(646 3164 645)
3(646 613 3164)
3(3058 327 3119)
3(3050 327 3058)
3(2013 1867 1966)
3(2013 1974 1867)
3(1974 1966 1867)
3(2686 2636 2886)
3(2894 2636 2686)
3(2894 2686 2886)
3(2894 2886 2636)
3(538 506 3149)
3(538 3149 505)
3(2087 2215 2109)
3(2109 2215 2086)
3(3085 3065 193)
3(515 444 3127)
3(515 3127 514)
3(3127 444 514)
3(1901 2003 2009)
3(1901 2006 2003)
3(1901 2009 2006)
3(2494 2589 2493)
3(2493 2589 2445)
3(2494 2445 2589)
3(2651 896 2863)
3(2651 2863 2650)
3(2650 2863 896)
3(857 2448 2577)
3(1762 414 1631)
3(1762 1631 1632)
3(3072 2993 446)
3(2993 2955 446)
3(3072 446 2955)
3(3394 240 40)
3(208 3394 40)
3(52 2959 990)
3(1022 2959 52)
3(1022 990 2959)
3(751 822 3140)
3(752 751 3140)
3(752 3140 822)
3(619 620 2995)
3(619 2956 620)
3(619 2995 2956)
3(620 2956 2995)
3(847 814 2439)
3(2439 814 848)
3(847 2439 848)
3(847 848 814)
3(604 603 3055)
3(604 636 603)
3(603 636 3055)
3(1056 1094 2999)
3(1056 2999 1095)
3(2538 3182 2469)
3(839 2538 2469)
3(839 3182 2538)
3(1891 1997 1897)
3(1856 1897 1997)
3(1856 1997 1891)
3(1839 1987 1886)
3(1839 1884 1987)
3(1987 1884 1886)
3(908 967 2658)
3(3192 908 2658)
3(3192 967 908)
3(3192 2658 967)
3(1916 2003 2009)
3(1916 1901 2003)
3(1916 2009 1901)
3(2525 2621 2524)
3(2525 2586 2621)
3(2621 2586 2524)
3(2298 2398 2272)
3(2298 2251 2398)
3(2272 2398 2251)
3(2861 1056 2646)
3(2861 2646 2647)
3(1056 2647 2646)
3(2861 2647 1056)
3(2891 2910 2695)
3(2910 2906 2695)
3(2891 2695 2906)
3(1509 1571 1500)
3(1509 1473 1571)
3(1500 1571 1473)
3(1837 3354 474)
3(1837 473 3354)
3(3221 2759 2780)
3(3221 112 2759)
3(3221 2780 112)
3(2001 1835 1881)
3(1882 2001 1881)
3(1882 1835 2001)
3(2134 2077 2029)
3(2134 2028 2077)
3(3137 709 741)
3(742 709 3137)
3(742 3137 741)
3(3049 740 3109)
3(3049 3057 740)
3(740 3057 3109)
3(1979 1880 1904)
3(1979 1904 1881)
3(1867 1868 2013)
3(1867 1966 1868)
3(1868 1966 2013)
3(2379 2280 2281)
3(2281 2280 2366)
3(2379 2281 2366)
3(2379 2366 2280)
3(882 2966 3004)
3(882 3044 2966)
3(2003 1904 2006)
3(1901 2006 1904)
3(1901 1904 2003)
3(2619 2604 2531)
3(2518 2531 2604)
3(2619 2531 2518)
3(2135 607 2031)
3(2165 2031 607)
3(2135 2031 2165)
3(2135 2165 607)
3(2901 2696 2910)
3(2901 2934 2696)
3(2934 2910 2696)
3(1683 1682 1772)
3(1683 1772 1693)
3(1772 1682 1693)
3(602 595 3274)
3(2026 602 3274)
3(2026 3274 595)
3(64 1068 2977)
3(983 2977 1068)
3(64 2977 983)
3(397 396 430)
3(1724 430 396)
3(1724 397 430)
3(1724 396 397)
3(2032 2033 642)
3(609 2032 642)
3(609 642 2033)
3(397 396 3056)
3(3056 396 430)
3(397 3056 430)
3(3211 459 477)
3(3211 477 458)
3(3211 458 459)
3(2166 2033 642)
3(2166 642 2032)
3(2166 2032 2033)
3(2032 642 641)
3(609 641 642)
3(609 2032 641)
3(1781 1640 1688)
3(1781 1688 1695)
3(1781 1695 1640)
3(875 3048 842)
3(2136 2032 642)
3(2136 641 2032)
3(2343 730 2246)
3(2246 730 3258)
3(2343 2246 3258)
3(615 647 2139)
3(614 2139 647)
3(615 2139 614)
3(615 614 647)
3(1048 1047 883)
3(1047 1086 883)
3(1048 883 1086)
3(1898 2017 1913)
3(1913 2017 1908)
3(2294 2356 2357)
3(2253 2294 2357)
3(2253 2356 2294)
3(2253 2357 2356)
3(1913 1917 2017)
3(1915 2019 2021)
3(1915 2021 2020)
3(1915 2020 2019)
3(615 648 2139)
3(615 647 648)
3(2857 1047 883)
3(2857 883 1048)
3(3122 3092 818)
3(720 721 3115)
3(3115 721 650)
3(720 3115 650)
3(2857 1047 2637)
3(2637 1047 883)
3(2857 2637 883)
3(2857 2900 2687)
3(2687 2900 2886)
3(2857 2687 2886)
3(2723 2928 2724)
3(2723 2724 2932)
3(2723 2932 2928)
3(2724 2928 2932)
3(2086 2037 2182)
3(2204 2037 2086)
3(2204 2086 2182)
3(1858 1809 1919)
3(1919 1809 1846)
3(1858 1919 1846)
3(1858 1809 1918)
3(1858 1918 1919)
3(2067 586 3263)
3(3263 586 2056)
3(2067 3263 2056)
3(3332 735 736)
3(3332 702 735)
3(1918 1925 1858)
3(1983 1918 1858)
3(1919 1809 493)
3(1846 1919 493)
3(2883 2633 2682)
3(2904 2633 2883)
3(2904 2883 2682)
3(2904 2682 2633)
3(3268 1809 493)
3(3268 493 1919)
3(3006 877 1080)
3(1042 1080 877)
3(1042 877 3006)
3(679 34 3322)
3(661 3322 34)
3(679 3322 661)
3(1812 1925 1858)
3(1918 1812 1858)
3(1918 1925 1812)
3(189 2980 3016)
3(189 1074 2980)
3(189 3016 1074)
3(3313 1073 3016)
3(3313 2979 1073)
3(3313 3016 2979)
3(3332 2329 736)
3(3332 735 2329)
3(122 3075 191)
3(191 3075 121)
3(122 121 3075)
3(1925 532 500)
3(533 1925 500)
3(533 500 532)
3(1925 1812 500)
3(532 500 1812)
3(532 1812 1925)
3(534 501 3100)
3(3100 501 3054)
3(534 3100 3054)
3(2273 2412 2269)
3(2374 2269 2412)
3(2273 2269 2374)
3(2273 2374 2412)
3(1812 1925 1813)
3(1925 500 1813)
3(533 1813 500)
3(533 1925 1813)
3(475 1851 3188)
3(475 3188 474)
3(474 3188 1851)
3(3138 3133 307)
3(3138 307 308)
3(3002 1089 1050)
3(1088 3002 1050)
3(2957 49 988)
3(2957 988 1025)
3(2957 1025 49)
3(1089 1050 886)
3(3002 886 1050)
3(1089 886 3002)
3(178 3212 160)
3(178 159 3212)
3(3212 159 160)
3(1377 1331 1243)
3(1331 1362 1243)
3(1377 1243 1362)
3(2038 2037 2182)
3(2086 2038 2182)
3(2171 652 620)
3(653 2171 620)
3(653 620 652)
3(2638 1048 883)
3(884 1048 2638)
3(1148 1163 2816)
3(889 3000 2963)
3(889 2963 3041)
3(889 3041 3000)
3(3158 611 541)
3(3158 541 540)
3(3158 540 611)
3(397 3040 3056)
3(396 3040 397)
3(396 3056 3040)
3(738 2973 989)
3(738 70 2973)
3(989 2973 70)
3(435 1620 436)
3(435 402 1620)
3(2590 2574 2491)
3(2491 2574 2545)
3(2977 429 2841)
3(2977 2841 3056)
3(2977 3056 429)
3(429 3056 2841)
3(3094 224 295)
3(3094 225 224)
3(3094 295 225)
3(2446 854 2576)
3(2446 2445 854)
3(2576 854 2445)
3(3158 611 612)
3(3158 612 541)
3(434 401 3159)
3(434 3159 400)
3(434 400 401)
3(401 400 3159)
3(2378 2333 2225)
3(2362 2378 2225)
3(2362 2225 2333)
3(1827 1962 1932)
3(1827 547 1962)
3(2077 2029 2202)
3(2134 2202 2029)
3(856 889 3037)
3(3041 856 3037)
3(3041 3037 889)
3(3041 889 856)
3(852 2965 885)
3(852 884 2965)
3(884 885 2965)
3(1016 941 3025)
3(941 942 3025)
3(1016 3025 942)
3(548 549 3032)
3(3071 549 548)
3(3071 3032 549)
3(3071 548 3032)
3(912 3213 971)
3(912 970 3213)
3(971 3213 970)
3(618 3125 3032)
3(618 3032 3098)
3(619 549 3032)
3(690 3206 2252)
3(2264 2252 3206)
3(690 2264 3206)
3(992 2960 859)
3(992 859 2998)
3(2960 2998 859)
3(992 2998 2960)
3(2048 3214 624)
3(2048 625 3214)
3(625 624 3214)
3(2994 46 517)
3(47 517 46)
3(47 46 2994)
3(824 3102 3034)
3(825 3034 3102)
3(824 825 3102)
3(824 3034 825)
3(2540 841 2433)
3(809 841 2540)
3(809 2540 2433)
3(809 2433 841)
3(1882 1936 1835)
3(2973 808 3053)
3(2973 2844 808)
3(808 2844 3053)
3(2973 3053 2844)
3(12 491 3355)
3(12 3355 13)
3(2637 2886 1047)
3(2637 2857 2886)
3(813 846 2542)
3(813 812 846)
3(813 2542 812)
3(2542 846 812)
3(2636 2856 1046)
3(2636 1046 2886)
3(2636 2886 2856)
3(3355 491 1836)
3(3355 1857 491)
3(3355 1836 1857)
3(888 3001 2963)
3(888 1091 3001)
3(888 2963 1091)
3(881 880 2967)
3(1045 2967 880)
3(881 1045 880)
3(881 2967 1045)
3(1887 2015 2007)
3(1887 2007 1906)
3(2332 2223 706)
3(2332 2222 2223)
3(2332 706 2222)
3(877 3047 876)
3(843 876 3047)
3(843 3047 877)
3(3037 888 3001)
3(856 888 3037)
3(3074 3010 841)
3(808 841 3010)
3(808 3074 841)
3(808 3010 3074)
3(912 3213 2671)
3(2660 3213 912)
3(2660 2671 3213)
3(988 2957 653)
3(653 2957 49)
3(741 3109 709)
3(3137 709 3109)
3(741 3137 3109)
3(2325 2268 2390)
3(2222 2390 2268)
3(2222 2325 2390)
3(770 2558 3288)
3(770 3288 2559)
3(2558 2559 3288)
3(2099 2214 2196)
3(2099 2195 2214)
3(2099 2196 2195)
3(1015 2988 940)
3(1014 940 2988)
3(2425 2300 2426)
3(2426 2300 2312)
3(2425 2426 2312)
3(2425 2312 2300)
3(3215 670 688)
3(3215 688 669)
3(3215 669 670)
3(2298 2425 2398)
3(2397 2298 2398)
3(2397 2425 2298)
3(2099 2101 2196)
3(2196 2101 2111)
3(2099 2196 2111)
3(2459 2553 2511)
3(2597 2459 2511)
3(2597 2511 2553)
3(2597 2553 2459)
3(1991 1889 1841)
3(1991 1841 1862)
3(1991 1862 1889)
3(1864 1971 2005)
3(1980 1864 2005)
3(1056 2646 1055)
3(2861 1055 2646)
3(855 3121 3043)
3(854 3043 3121)
3(855 854 3121)
3(855 3043 854)
3(603 3055 3052)
3(604 603 3052)
3(604 3052 3055)
3(2164 604 2028)
3(604 637 2028)
3(2164 2028 637)
3(2140 2189 2039)
3(2169 2140 2039)
3(2169 2039 2189)
3(2112 2077 2210)
3(2112 2210 2076)
3(2210 2077 2076)
3(1921 1920 1895)
3(1968 1895 1920)
3(1968 1900 2005)
3(1967 2005 1900)
3(1967 1900 1968)
3(1810 1920 1895)
3(2412 2311 2418)
3(2429 2311 2412)
3(2597 2520 2583)
3(2908 2680 2681)
3(2908 2631 2680)
3(2346 3314 2347)
3(2248 2346 2347)
3(2248 3314 2346)
3(2974 69 1062)
3(1062 69 3011)
3(2374 2327 2269)
3(2327 2326 2269)
3(3094 224 294)
3(295 3094 294)
3(2339 752 720)
3(2339 720 753)
3(753 720 752)
3(3034 824 3114)
3(3102 3114 824)
3(2026 2133 603)
3(2027 603 2133)
3(2027 2133 2026)
3(1920 3393 527)
3(1920 3267 3393)
3(527 3393 3267)
3(1920 527 3267)
3(1878 1982 1978)
3(1878 1963 1982)
3(3090 135 205)
3(135 3088 205)
3(3090 205 3088)
3(3090 3088 135)
3(3090 135 204)
3(3090 204 205)
3(202 3069 133)
3(203 133 3069)
3(202 203 3069)
3(3069 3086 133)
3(3069 133 3024)
3(3024 133 3086)
3(2296 2393 2422)
3(2295 2422 2393)
3(2296 2295 2393)
3(2296 2422 2295)
3(2216 2192 2095)
3(2216 2095 2097)
3(2216 2097 2192)
3(2192 2097 2095)
3(1878 1978 1828)
3(1978 1829 1828)
3(563 3259 564)
3(2151 564 3259)
3(563 2151 3259)
3(792 3378 2463)
3(792 793 3378)
3(2463 3378 793)
3(2061 2024 3384)
3(3384 2024 598)
3(2061 3384 598)
3(2042 2205 2043)
3(2043 2205 2090)
3(2042 2090 2205)
3(3101 3094 225)
3(3101 225 224)
3(3101 224 3094)
3(191 223 224)
3(191 1348 223)
3(191 224 1348)
3(3076 190 2838)
3(3076 3060 190)
3(190 3060 2838)
3(2144 2074 2162)
3(2162 2074 3362)
3(2144 3362 2074)
3(2144 2162 3362)
3(1256 1363 1397)
3(1256 1397 1372)
3(1256 1372 1363)
3(1039 1078 2970)
3(1039 2970 1040)
3(1040 2970 1078)
3(1978 1982 1877)
3(1977 1877 1982)
3(1977 1978 1877)
3(222 189 1074)
3(222 60 189)
3(222 1074 60)
3(1878 1877 1978)
3(1878 1982 1877)
3(2370 3365 3203)
3(756 3203 3365)
3(756 3365 2370)
3(756 2370 3203)
3(620 2995 3077)
3(2995 619 3077)
3(620 3077 619)
3(1978 1828 1877)
3(3094 3120 225)
3(225 3120 3129)
3(3094 225 3129)
3(2448 857 856)
3(857 824 856)
3(2448 856 824)
3(1978 1828 1962)
3(1978 1962 1877)
3(1877 1962 1828)
3(3112 327 3058)
3(3112 3058 398)
3(3112 398 327)
3(2626 868 3336)
3(638 3147 3103)
3(3139 638 3103)
3(3139 3147 638)
3(1823 1930 1822)
3(3139 3123 605)
3(3139 605 638)
3(638 605 3123)
3(3139 638 3123)
3(2174 2175 2112)
3(2174 2112 2073)
3(2112 2175 2073)
3(2724 2686 2928)
3(2723 2928 2686)
3(78 3216 97)
3(79 97 3216)
3(79 3216 78)
3(2297 2294 2400)
3(2401 2294 2297)
3(2401 2297 2400)
3(2084 2183 2204)
3(2084 2204 2119)
3(2084 2119 2183)
3(2183 2119 2204)
3(2043 2171 2205)
3(2042 2171 2043)
3(2042 2205 2171)
3(1991 1889 1990)
3(1991 1990 1841)
3(1990 1889 1841)
3(3008 3051 635)
3(2974 3008 635)
3(653 2044 2171)
3(2142 2171 2044)
3(2142 2044 653)
3(3217 380 360)
3(3217 361 380)
3(3217 360 361)
3(2043 2045 2142)
3(2142 2045 2044)
3(2043 2142 2044)
3(2296 2393 2414)
3(2296 2414 2422)
3(2012 2016 1914)
3(1914 2016 2015)
3(2012 1914 2015)
3(3197 2146 559)
3(3197 559 558)
3(3197 558 2146)
3(438 3156 3165)
3(438 3165 3162)
3(438 3162 3156)
3(2055 2195 2196)
3(2055 2153 2195)
3(2055 2196 2153)
3(1981 1932 1876)
3(1977 1876 1932)
3(2273 2274 2387)
3(2273 2387 2224)
3(2274 2224 2387)
3(2205 2045 2043)
3(2205 2090 2045)
3(332 299 298)
3(332 298 1424)
3(332 1424 299)
3(299 332 3145)
3(3145 332 300)
3(3104 299 3110)
3(3154 3110 299)
3(776 795 3356)
3(776 3356 794)
3(794 3356 795)
3(2162 2071 2188)
3(2161 2188 2071)
3(2158 2100 2199)
3(2158 2157 2100)
3(2100 2157 2199)
3(1996 1951 1892)
3(1996 1892 1950)
3(1892 1951 1950)
3(2159 2200 2070)
3(2201 2070 2200)
3(2159 2070 2201)
3(2205 2043 2142)
3(2043 2171 2142)
3(1528 1472 1424)
3(1424 1472 1557)
3(1528 1424 1557)
3(1528 1557 1472)
3(332 331 3154)
3(332 3161 331)
3(3161 3154 331)
3(332 3154 3161)
3(2385 2288 2238)
3(2287 2288 2385)
3(2287 2385 2238)
3(2653 2864 898)
3(899 898 2864)
3(899 2864 2653)
3(2455 2500 3265)
3(2456 2455 3265)
3(197 1212 1350)
3(2652 2864 898)
3(1560 1429 304)
3(303 1560 304)
3(303 1429 1560)
3(2205 2045 2142)
3(637 3103 636)
3(3055 636 3103)
3(3055 3103 637)
3(1835 3218 522)
3(3218 523 522)
3(3394 1223 1325)
3(240 1325 1223)
3(832 2457 866)
3(3176 866 2457)
3(3176 832 866)
3(3176 2457 832)
3(678 677 3219)
3(2361 678 3219)
3(2361 3219 677)
3(678 3219 696)
3(697 3219 678)
3(697 696 3219)
3(1941 3211 1942)
3(1839 1942 3211)
3(1839 3211 1941)
3(2457 866 865)
3(2457 865 832)
3(2857 2638 1048)
3(2857 883 2638)
3(2761 97 3216)
3(2773 3216 97)
3(2761 3216 2773)
3(3220 165 146)
3(3220 147 165)
3(3220 146 147)
3(1920 3393 1810)
3(1810 3393 1846)
3(1920 1810 1846)
3(1920 1846 3393)
3(2717 2933 2718)
3(2939 2933 2717)
3(2939 2717 2718)
3(2563 2464 775)
3(2564 775 2464)
3(2837 1167 2833)
3(2837 1195 1167)
3(1167 1195 2833)
3(2585 2483 2613)
3(2613 2483 2571)
3(2585 2571 2483)
3(1968 1895 1859)
3(1859 1895 1920)
3(1968 1859 1920)
3(1168 2817 2811)
3(1168 2837 2817)
3(1168 2811 2837)
3(864 2551 3391)
3(2551 3265 3391)
3(864 3391 3265)
3(864 3265 2551)
3(1412 1304 1297)
3(1412 1297 1291)
3(1412 1291 1304)
3(2624 2620 2529)
3(2617 2624 2529)
3(240 3394 41)
3(3394 239 41)
3(1170 2785 1169)
3(2776 1170 1169)
3(2776 2785 1170)
3(2776 1169 2785)
3(3121 3130 821)
3(750 821 3130)
3(750 3130 3121)
3(2715 2692 2930)
3(2715 2930 2691)
3(1411 1282 1385)
3(1411 1307 1282)
3(1282 1307 1385)
3(1411 1385 1307)
3(1968 1895 1900)
3(1859 1968 1900)
3(1176 2814 1192)
3(1192 2814 1175)
3(1176 1175 2814)
3(3225 1227 213)
3(3225 212 1227)
3(3225 213 212)
3(3409 697 17)
3(3258 3409 17)
3(3258 17 697)
3(3258 697 3409)
3(2947 2707 2728)
3(2719 2947 2728)
3(2719 2707 2947)
3(2569 865 2457)
3(2569 2457 866)
3(1346 162 181)
3(3422 181 162)
3(3422 1346 181)
3(2529 2609 2485)
3(2529 2485 2624)
3(2529 2624 2609)
3(2624 2485 2609)
3(1115 3221 5)
3(144 5 3221)
3(144 3221 1115)
3(2234 2367 750)
3(2234 750 2338)
3(2234 2338 2367)
3(1932 1876 1961)
3(1981 1961 1876)
3(2057 2156 2068)
3(1914 2016 1913)
3(1914 1886 2016)
3(1913 2016 1886)
3(2012 1907 2022)
3(1914 2022 1907)
3(2012 2022 1914)
3(2012 1914 1907)
3(3357 593 574)
3(3357 574 594)
3(3357 594 593)
3(2562 2474 2508)
3(2562 2508 2561)
3(2562 2561 2474)
3(2561 2508 2474)
3(2658 2874 2873)
3(2919 2658 2873)
3(2919 2874 2658)
3(1201 1250 1311)
3(1310 1311 1250)
3(1201 1310 1250)
3(1201 1311 1310)
3(2599 2502 2623)
3(2504 2623 2502)
3(2504 2599 2623)
3(2294 2401 2323)
3(2294 2402 2401)
3(2402 2323 2401)
3(2294 2323 2402)
3(651 3033 721)
3(3115 721 3033)
3(3115 3033 651)
3(3115 651 721)
3(442 3152 410)
3(442 443 3152)
3(442 410 443)
3(2012 2016 1913)
3(2012 1913 1914)
3(2012 1974 1866)
3(2012 1866 1908)
3(1866 1974 1908)
3(120 3076 121)
3(121 3076 2838)
3(120 2838 3076)
3(190 3076 121)
3(121 3076 3075)
3(190 3075 3076)
3(190 121 3075)
3(2503 2604 2605)
3(2503 2605 2563)
3(1134 2736 2737)
3(928 2736 1134)
3(2981 927 120)
3(2981 120 121)
3(2981 121 927)
3(120 3017 3232)
3(2981 120 3232)
3(2981 3017 120)
3(2981 3232 3017)
3(2306 2376 2302)
3(2306 2328 2376)
3(2306 2302 2328)
3(2376 2328 2302)
3(652 2141 618)
3(2141 651 618)
3(652 618 651)
3(2684 2722 2941)
3(2714 2684 2941)
3(935 2985 3022)
3(935 128 2985)
3(935 3022 128)
3(2022 1976 1907)
3(2012 1907 1976)
3(535 1815 1926)
3(808 3053 3010)
3(2973 808 3010)
3(884 1087 1048)
3(884 3003 1087)
3(1048 1087 3003)
3(1136 1107 2793)
3(1136 2793 1150)
3(1107 1150 2793)
3(330 329 3129)
3(3159 3129 329)
3(1202 184 3222)
3(185 1202 3222)
3(185 3222 184)
3(2317 2316 2411)
3(2317 2411 2312)
3(2316 2312 2411)
3(2404 2305 2410)
3(2683 2855 2634)
3(2683 2885 2855)
3(2855 2885 2634)
3(2683 2634 2885)
3(2295 2422 2394)
3(2295 2394 2393)
3(2710 2897 2898)
3(2709 2710 2898)
3(2709 2897 2710)
3(3358 1238 183)
3(3358 184 1238)
3(3358 183 184)
3(2946 2679 2707)
3(2946 2707 2719)
3(2281 2366 2231)
3(2659 2921 2875)
3(2659 2875 2920)
3(3308 588 569)
3(3308 569 2057)
3(2057 569 588)
3(3308 2057 588)
3(667 686 3223)
3(667 3223 685)
3(3223 686 685)
3(1929 1870 1820)
3(1929 1820 1958)
3(1958 1820 1870)
3(1929 1958 1870)
3(1328 1227 1274)
3(1328 1274 1228)
3(1328 1228 1227)
3(2137 2083 2034)
3(2137 2034 2082)
3(2137 2082 2083)
3(2057 569 2156)
3(2157 569 2057)
3(2280 2230 2365)
3(2279 2280 2365)
3(2279 2365 2230)
3(2724 2686 2900)
3(2724 2900 2928)
3(2686 2928 2900)
3(2667 2869 2915)
3(2667 2915 2656)
3(2915 2869 2656)
3(2667 2656 2869)
3(2667 2868 2869)
3(2667 962 2868)
3(2667 2869 962)
3(1582 1496 1569)
3(1582 1538 1496)
3(1538 1569 1496)
3(1281 1286 1382)
3(1244 1382 1286)
3(1244 1281 1382)
3(1233 153 3324)
3(1233 3324 172)
3(172 3324 153)
3(1233 172 153)
3(58 3017 3232)
3(120 3017 58)
3(120 58 3232)
3(84 3224 103)
3(3224 85 103)
3(84 85 3224)
3(1152 1190 2789)
3(2667 903 3195)
3(2667 962 903)
3(2667 3195 962)
3(3402 569 570)
3(3402 570 588)
3(3402 588 569)
3(3402 2157 570)
3(3402 569 2157)
3(466 1948 3207)
3(466 3207 1949)
3(1948 1949 3207)
3(944 3333 2753)
3(137 944 2753)
3(1298 1403 1399)
3(1298 1399 1361)
3(2764 1168 1169)
3(2764 1169 1123)
3(3307 1951 468)
3(3307 468 1950)
3(3307 1950 1951)
3(2878 2879 2706)
3(2672 2879 2878)
3(2672 2706 2879)
3(2878 2924 2706)
3(2924 2879 2706)
3(3021 127 933)
3(3021 933 2984)
3(127 2984 933)
3(3021 2984 127)
3(326 293 294)
3(3050 293 326)
3(3050 294 293)
3(2127 2072 2126)
3(2127 2023 2072)
3(2127 2126 2023)
3(2023 2126 2072)
3(2794 1137 2793)
3(2744 1137 2794)
3(3394 41 40)
3(1256 1363 1294)
3(1256 1294 1397)
3(1397 1294 1363)
3(1794 1729 1674)
3(1729 1759 1674)
3(1794 1674 1759)
3(333 3161 3156)
3(3161 404 3156)
3(333 404 3161)
3(333 3156 404)
3(183 3318 3358)
3(216 3358 3318)
3(216 3318 183)
3(216 183 3358)
3(123 929 2738)
3(123 2738 930)
3(3105 228 195)
3(3105 227 228)
3(1160 2801 1141)
3(1156 2801 1160)
3(3225 213 246)
3(245 213 3225)
3(245 3225 246)
3(943 137 1018)
3(943 944 137)
3(2983 3020 125)
3(3065 125 3020)
3(2983 125 3065)
3(2767 3180 2779)
3(109 3180 2767)
3(109 2779 3180)
3(1259 1290 1366)
3(1405 1290 1259)
3(1405 1366 1290)
3(939 2987 132)
3(938 132 2987)
3(939 132 938)
3(939 938 2987)
3(931 124 125)
3(931 1105 124)
3(931 125 1105)
3(940 1139 133)
3(134 1139 940)
3(134 940 133)
3(1986 1838 1887)
3(1986 1887 1985)
3(1838 1985 1887)
3(1986 1985 1838)
3(1136 1107 2743)
3(2830 1150 1177)
3(2830 1182 1150)
3(983 2977 2841)
3(983 2841 3013)
3(983 3013 2977)
3(378 360 3359)
3(378 3359 379)
3(360 379 3359)
3(296 225 3129)
3(295 3129 225)
3(295 296 3129)
3(206 238 205)
3(206 205 3027)
3(206 3027 238)
3(3027 205 238)
3(207 3064 2951)
3(207 2951 2990)
3(137 136 3064)
3(136 206 3064)
3(137 3064 206)
3(2802 1184 2822)
3(2800 2822 1184)
3(2802 2800 1184)
3(2751 2801 1156)
3(2752 1156 2801)
3(466 484 1948)
3(3209 466 1948)
3(3209 484 466)
3(3209 1948 484)
3(3298 79 1119)
3(3298 80 79)
3(933 2742 1106)
3(933 127 2742)
3(1106 2742 127)
3(2767 1174 1128)
3(2767 1128 2812)
3(2767 2812 1174)
3(2812 1128 1174)
3(1209 1349 1210)
3(1349 1366 1210)
3(1209 1210 1366)
3(1209 1366 1349)
3(89 3226 107)
3(107 3226 108)
3(89 108 3226)
3(2802 1151 1184)
3(2802 1184 1160)
3(2802 1160 1151)
3(1369 1219 1354)
3(1324 1354 1219)
3(1156 2800 1155)
3(1160 1155 2800)
3(1156 1160 2800)
3(1269 1370 1354)
3(1269 1354 1220)
3(1354 1370 1220)
3(1269 1220 1370)
3(1167 2817 2837)
3(2927 2724 2725)
3(2927 2725 2688)
3(2983 125 931)
3(2983 124 125)
3(1369 1269 1354)
3(1369 1219 1269)
3(1269 1219 1354)
3(933 934 127)
3(127 934 3021)
3(933 3021 934)
3(137 3026 136)
3(943 3026 137)
3(943 137 136)
3(3300 2756 141)
3(948 141 2756)
3(948 3300 141)
3(948 2756 3300)
3(1535 1438 1595)
3(1535 1595 1439)
3(1438 1439 1595)
3(1535 1439 1438)
3(2030 2031 2135)
3(607 2030 2135)
3(2751 942 1140)
3(2751 1140 2750)
3(2763 3320 101)
3(101 3320 82)
3(2763 82 3320)
3(2763 101 82)
3(541 508 509)
3(541 509 3163)
3(541 3163 508)
3(509 508 3163)
3(3393 527 493)
3(3393 526 527)
3(1180 2797 1162)
3(1180 1188 2797)
3(2797 1188 1162)
3(1654 1643 1743)
3(1786 1643 1654)
3(1786 1654 1743)
3(2031 2135 2079)
3(2837 1195 1186)
3(1167 2837 1186)
3(2185 2079 2031)
3(2185 2135 2079)
3(2185 2031 2135)
3(131 937 130)
3(131 1108 937)
3(1108 130 937)
3(2719 2932 2725)
3(2947 2719 2725)
3(2947 2725 2932)
3(2947 2932 2719)
3(1948 1842 1993)
3(1947 1993 1842)
3(1947 1842 1948)
3(2795 1199 2831)
3(2795 2831 1177)
3(2795 1177 1199)
3(2831 1199 1177)
3(2139 2168 614)
3(1367 1265 1264)
3(1402 1367 1264)
3(2776 1170 1125)
3(2776 1124 1170)
3(2776 1125 1124)
3(3095 3056 398)
3(3112 3095 398)
3(3431 416 450)
3(3431 449 416)
3(2829 1182 1186)
3(2829 1186 1178)
3(1391 1396 1263)
3(1364 1391 1263)
3(1364 1263 1396)
3(2038 2037 2139)
3(1408 1305 1404)
3(1408 1306 1305)
3(1404 1305 1306)
3(1408 1404 1306)
3(2403 2402 2305)
3(2416 2305 2402)
3(725 3386 2370)
3(757 2370 3386)
3(725 757 3386)
3(725 2370 757)
3(2591 2495 2517)
3(2591 2517 2496)
3(2591 2496 2495)
3(1040 2884 2630)
3(2853 2630 2884)
3(1040 2630 2853)
3(2258 2330 3322)
3(2258 3407 2330)
3(2330 3407 3322)
3(2258 3322 3407)
3(2444 2443 2575)
3(2611 2444 2575)
3(820 2546 854)
3(820 854 2445)
3(2546 2445 854)
3(3409 2246 2267)
3(697 3409 2267)
3(697 2246 3409)
3(2487 2625 2523)
3(2523 2625 2486)
3(615 3142 3151)
3(615 3151 3160)
3(615 3160 3142)
3(1388 1308 1395)
3(1401 1308 1388)
3(2220 3433 2328)
3(2220 2257 3433)
3(2220 2328 2257)
3(2712 2925 2708)
3(2925 2673 2708)
3(2712 2673 2925)
3(1293 1291 1401)
3(1401 1291 1308)
3(855 2447 822)
3(855 2446 2447)
3(3077 2957 653)
3(3077 653 3033)
3(2957 3033 653)
3(2794 1150 1177)
3(2830 1150 2794)
3(2830 2794 1177)
3(2933 2717 2895)
3(2896 2895 2717)
3(2896 2717 2933)
3(619 2141 652)
3(619 652 2171)
3(619 2171 2141)
3(1144 2791 1178)
3(1178 2791 2792)
3(1144 1178 2792)
3(1144 2792 2791)
3(2184 2088 2087)
3(2184 2087 2110)
3(2731 2917 2918)
3(2731 2711 2917)
3(2731 2918 2711)
3(2711 2918 2917)
3(2042 618 2141)
3(2141 618 2041)
3(2042 2141 2041)
3(429 983 2977)
3(2859 2642 1052)
3(2642 887 1052)
3(2859 887 2642)
3(517 3031 2955)
3(2994 3031 517)
3(2994 517 2955)
3(45 1632 414)
3(447 1632 45)
3(1933 1978 1828)
3(1933 1828 1962)
3(3312 623 2047)
3(3312 624 623)
3(3312 2047 624)
3(3312 623 2046)
3(3312 2046 2047)
3(2533 2479 2585)
3(2540 2479 2533)
3(2540 2585 2479)
3(167 149 3227)
3(168 3227 149)
3(167 3227 168)
3(1948 465 3209)
3(1947 3209 465)
3(1947 1948 3209)
3(2127 2072 2178)
3(1334 149 3227)
3(1333 3227 149)
3(1333 1334 3227)
3(843 842 3053)
3(842 3081 3053)
3(843 3053 3081)
3(360 3359 359)
3(378 359 3359)
3(3037 3043 855)
3(2600 2623 2502)
3(2528 2600 2502)
3(2528 2502 2623)
3(2528 2623 2600)
3(3228 802 2430)
3(801 802 3228)
3(1077 1039 2971)
3(75 1077 2971)
3(3224 2776 104)
3(3224 104 85)
3(3224 85 2776)
3(104 2776 85)
3(2872 2873 2669)
3(2872 2669 966)
3(2669 2873 966)
3(3383 790 2559)
3(2559 790 771)
3(3383 771 790)
3(3383 2559 771)
3(706 3011 3057)
3(739 3057 3011)
3(706 3057 739)
3(706 739 3011)
3(2536 2510 2583)
3(2514 2510 2536)
3(2514 2536 2583)
3(1233 1337 1338)
3(1233 1338 153)
3(1233 153 1337)
3(2046 2203 2047)
3(2091 2047 2203)
3(2091 2203 2046)
3(2658 908 3287)
3(967 3287 908)
3(2658 3287 967)
3(2143 2203 2047)
3(2046 2203 2143)
3(2046 2143 2047)
3(177 158 3229)
3(177 3229 159)
3(3229 158 159)
3(179 3212 178)
3(1248 178 3212)
3(179 1248 3212)
3(2634 2885 880)
3(2635 880 2885)
3(2449 2612 2450)
3(2449 2497 2612)
3(2612 2497 2450)
3(653 2996 723)
3(723 2996 722)
3(653 722 2996)
3(1919 3393 527)
3(1920 3393 1919)
3(1238 3318 3358)
3(183 3318 1238)
3(3259 564 582)
3(563 3259 582)
3(1947 1853 1992)
3(1992 1853 1946)
3(1947 1946 1853)
3(2153 2154 2055)
3(2153 3416 2154)
3(2154 3416 2055)
3(2658 2874 967)
3(2658 967 2873)
3(2163 2029 2180)
3(2030 2163 2180)
3(2030 2180 2029)
3(2030 2029 2163)
3(484 1854 1948)
3(484 1948 1842)
3(2426 2399 2300)
3(2425 2300 2399)
3(417 450 3431)
3(417 3431 416)
3(546 3151 3142)
3(3125 3151 546)
3(3006 2969 877)
3(3006 877 3047)
3(877 2969 3047)
3(932 125 1135)
3(2740 1135 125)
3(2740 125 932)
3(2740 932 1135)
3(2630 2853 2629)
3(2630 875 2853)
3(2853 875 2629)
3(3004 848 3044)
3(3038 848 3004)
3(2972 3010 841)
3(3074 2972 841)
3(2870 2656 2869)
3(2870 963 2656)
3(963 2869 2656)
3(926 120 2981)
3(926 927 120)
3(926 2981 927)
3(2908 2680 2884)
3(2911 2680 2908)
3(2911 2884 2680)
3(643 644 3143)
3(610 644 643)
3(610 643 3143)
3(684 2349 2249)
3(684 2259 2349)
3(2892 2650 2901)
3(2901 2650 2863)
3(2892 2863 2650)
3(931 125 3020)
3(932 3020 125)
3(932 125 931)
3(932 931 3020)
3(1300 1290 1366)
3(1259 1300 1366)
3(297 1423 1557)
3(297 1557 298)
3(298 1557 1423)
3(3393 494 493)
3(3393 527 494)
3(894 3173 2891)
3(953 2891 3173)
3(894 2891 953)
3(1413 1304 1412)
3(1413 1402 1304)
3(1402 1412 1304)
3(1215 1322 233)
3(1215 233 1352)
3(1215 1352 1322)
3(202 3086 133)
3(202 3069 3086)
3(2565 2507 2607)
3(2507 2606 2607)
3(1322 1215 1214)
3(1322 1264 1215)
3(1322 1214 1264)
3(2394 2249 2293)
3(2394 2293 2295)
3(2394 2295 2249)
3(234 3099 202)
3(202 3099 3118)
3(234 3118 3099)
3(234 202 3118)
3(2856 2635 881)
3(2856 881 1045)
3(1045 881 2635)
3(2688 2887 2687)
3(2638 2687 2887)
3(2638 2887 2688)
3(1216 1376 1265)
3(1376 1352 1265)
3(1216 1265 1352)
3(1216 1352 1376)
3(234 3099 201)
3(202 201 3099)
3(234 201 202)
3(2471 785 2554)
3(785 3426 2554)
3(2471 3426 785)
3(2912 2691 2641)
3(2912 2641 2690)
3(2912 2690 2691)
3(1215 1322 200)
3(1322 233 200)
3(1215 200 233)
3(2105 2152 2054)
3(2105 2151 2152)
3(2105 2054 2151)
3(2151 2054 2152)
3(3148 3130 749)
3(3155 3148 749)
3(3155 749 3130)
3(2675 2847 2663)
3(2631 2884 2630)
3(2630 2884 876)
3(2631 876 2884)
3(853 885 3002)
3(853 3002 886)
3(3002 885 886)
3(201 233 1352)
3(1215 201 1352)
3(1215 233 201)
3(2119 2111 2214)
3(2119 2214 2212)
3(2111 2212 2214)
3(2119 2212 2111)
3(2609 2541 2436)
3(2570 2436 2541)
3(2751 136 942)
3(943 942 136)
3(2680 2717 2895)
3(2933 2680 2895)
3(2933 2717 2680)
3(3092 816 3117)
3(3117 816 3044)
3(3092 3044 816)
3(2473 2506 2602)
3(2602 2506 2512)
3(1973 1904 2006)
3(2003 1904 1973)
3(1220 238 205)
3(206 238 1220)
3(3173 2649 894)
3(2649 2891 894)
3(3173 2891 2649)
3(2559 2473 2461)
3(2559 789 2473)
3(2559 2461 789)
3(1890 1992 1853)
3(1992 1862 1853)
3(162 181 3299)
3(1346 162 3299)
3(1643 378 1743)
3(1643 1743 3359)
3(378 3359 1743)
3(1643 3359 378)
3(1351 199 1213)
3(1346 1328 1228)
3(1228 1328 3299)
3(3048 875 2970)
3(3007 2970 875)
3(1957 537 505)
3(538 505 537)
3(2180 2115 2079)
3(2078 2115 2180)
3(1198 2821 2834)
3(1198 2834 2836)
3(2871 2666 2870)
3(964 2666 2871)
3(964 2870 2666)
3(1480 1576 1502)
3(1576 1479 1502)
3(1480 1479 1576)
3(1233 1337 1383)
3(1233 1383 1338)
3(2027 2028 2164)
3(2111 2214 2118)
3(2202 2029 2180)
3(2163 2029 2202)
3(3230 584 565)
3(3230 566 584)
3(3230 565 566)
3(1232 3240 1335)
3(1336 1335 3240)
3(1336 3240 1232)
3(1957 505 1817)
3(171 3250 152)
3(171 1244 3250)
3(171 152 1244)
3(1244 152 3250)
3(1598 1468 1469)
3(3080 223 224)
3(223 3101 224)
3(3080 3101 223)
3(3080 224 3101)
3(1147 2815 2826)
3(1147 2819 2815)
3(3256 254 272)
3(3256 253 254)
3(3256 272 253)
3(1802 1700 1715)
3(1802 1789 1700)
3(1802 1715 1789)
3(230 231 3136)
3(3106 3136 231)
3(230 3136 3106)
3(230 3106 231)
3(337 304 3134)
3(3146 3134 304)
3(337 3146 304)
3(2750 1110 1155)
3(2750 2799 1110)
3(1155 1110 2799)
3(2750 1155 2799)
3(2752 2754 1156)
3(1111 2754 2752)
3(1233 1337 1382)
3(1383 1233 1382)
3(446 2993 2954)
3(2954 2993 414)
3(446 2954 414)
3(644 3164 714)
3(644 714 3143)
3(3143 714 3164)
3(42 2991 2953)
3(42 310 2991)
3(42 2953 310)
3(310 2953 2991)
3(1244 1337 1382)
3(1244 1382 1233)
3(1244 1233 1337)
3(1321 1213 1262)
3(1213 1351 1262)
3(1606 1509 1603)
3(1606 1517 1509)
3(1509 1517 1603)
3(1684 1651 1741)
3(1642 1741 1651)
3(2214 2117 2111)
3(2214 2118 2117)
3(2264 2294 2400)
3(2297 2264 2400)
3(3125 3032 547)
3(3125 547 618)
3(547 3032 618)
3(3139 604 605)
3(3139 605 534)
3(3111 741 740)
3(3111 740 811)
3(3111 811 741)
3(2328 2220 2327)
3(3433 2327 2220)
3(2222 705 3283)
3(705 698 3283)
3(2222 3283 698)
3(2088 2140 2170)
3(2184 2140 2088)
3(2184 2088 2170)
3(635 3051 3055)
3(636 3055 3051)
3(635 3055 636)
3(124 3085 193)
3(124 123 3085)
3(2840 2978 396)
3(981 396 2978)
3(981 2978 2840)
3(2852 2654 2866)
3(2852 2851 2654)
3(883 1086 2966)
3(883 3003 1086)
3(3043 886 3042)
3(886 2964 3042)
3(3043 2964 886)
3(3308 568 569)
3(3308 569 587)
3(3308 587 568)
3(1255 1359 1250)
3(1255 1250 1375)
3(1255 1359 1251)
3(1334 1276 1231)
3(1334 1231 1241)
3(1334 1241 1276)
3(2722 2721 2950)
3(2721 2940 2950)
3(2722 2940 2721)
3(2786 1161 2781)
3(2786 2736 1161)
3(2781 1161 2736)
3(1335 1275 1381)
3(1380 1381 1275)
3(1380 1275 1335)
3(1397 1414 1294)
3(2722 2729 2950)
3(2721 2950 2729)
3(1354 205 1220)
3(1354 1220 238)
3(1354 238 205)
3(1204 1310 1317)
3(1310 1250 1317)
3(1204 1317 1250)
3(1204 1250 1310)
3(1354 1219 1220)
3(1354 205 1219)
3(202 3086 132)
3(133 132 3086)
3(1376 1265 1266)
3(1216 1376 1266)
3(1588 1587 1447)
3(1491 1588 1447)
3(1491 1447 1587)
3(1491 1587 1588)
3(3023 1011 937)
3(515 3031 3071)
3(515 3113 3031)
3(515 3071 3113)
3(2037 2168 614)
3(2139 2168 2037)
3(2139 2037 614)
3(201 202 3086)
3(2424 2314 2423)
3(2320 2424 2423)
3(2320 2314 2424)
3(364 363 3364)
3(1748 364 3364)
3(1748 3364 363)
3(1442 1463 265)
3(1463 284 265)
3(157 176 3304)
3(1235 3304 176)
3(157 1235 176)
3(157 3304 1235)
3(2729 2950 2718)
3(543 511 3163)
3(510 3163 511)
3(510 511 543)
3(510 543 3163)
3(1446 253 1542)
3(1446 1543 253)
3(1387 1284 1297)
3(1387 1297 1288)
3(1387 1288 1284)
3(1496 1568 1505)
3(1582 1568 1496)
3(1582 1505 1568)
3(1582 1496 1505)
3(3231 24 188)
3(221 3231 188)
3(221 24 3231)
3(58 113 3372)
3(3372 113 57)
3(58 3372 57)
3(2038 2039 648)
3(615 2038 648)
3(110 2768 1130)
3(110 1130 2779)
3(1130 2768 2779)
3(2037 2168 613)
3(1288 1277 1341)
3(1235 1341 1277)
3(1288 1341 1235)
3(2041 2170 2088)
3(2088 2170 2040)
3(2041 2040 2170)
3(920 3360 3185)
3(2769 3185 3360)
3(2769 3360 920)
3(2769 920 3185)
3(920 3360 114)
3(114 3360 3185)
3(1165 2762 1119)
3(1165 1120 2762)
3(2762 1120 1119)
3(1548 1547 1488)
3(1589 1488 1547)
3(1589 1548 1488)
3(377 3340 1654)
3(377 378 3340)
3(1810 3267 3393)
3(927 2736 121)
3(928 121 2736)
3(2724 2687 2900)
3(2687 2686 2900)
3(120 113 3372)
3(120 3372 58)
3(57 1076 3232)
3(3232 1076 58)
3(57 3232 58)
3(1953 3405 1998)
3(1952 1998 3405)
3(1952 3405 1953)
3(1368 1414 1257)
3(1257 1414 1363)
3(1368 1257 1363)
3(1871 1910 1999)
3(1999 1910 1911)
3(2286 2384 2287)
3(2287 2384 2413)
3(2286 2287 2413)
3(2286 2413 2384)
3(2927 2639 2689)
3(2927 2689 2858)
3(2927 2858 2639)
3(2689 2639 2858)
3(57 1 3232)
3(1204 215 1317)
3(216 3318 1311)
3(1310 3318 216)
3(1310 1311 3318)
3(363 1645 3181)
3(363 382 1645)
3(382 3181 1645)
3(1076 3017 3232)
3(58 3017 1076)
3(2088 2140 2039)
3(2088 2040 2140)
3(2140 2040 2039)
3(2948 2730 2923)
3(2937 2730 2948)
3(2937 2923 2730)
3(1947 464 483)
3(483 464 3257)
3(1947 3257 464)
3(1947 483 3257)
3(3436 674 2357)
3(3436 2358 674)
3(2123 2213 2216)
3(2123 2191 2213)
3(2123 2216 2191)
3(2285 2388 2409)
3(2285 2409 2368)
3(2285 2368 2388)
3(3358 184 1202)
3(1238 3358 1202)
3(2184 2087 2189)
3(2184 2215 2087)
3(2087 2215 2189)
3(2459 2554 2471)
3(2459 785 2554)
3(926 3232 2981)
3(120 3232 926)
3(1361 1253 1313)
3(1314 1313 1253)
3(1314 1253 1361)
3(3176 800 781)
3(18 800 3176)
3(463 1945 482)
3(1946 463 482)
3(1946 482 1945)
3(2557 2502 2470)
3(2557 2470 2501)
3(2254 2358 2404)
3(2254 2404 2359)
3(2254 2359 2358)
3(219 3419 186)
3(186 3419 3233)
3(219 186 3233)
3(3233 187 1203)
3(3233 1203 186)
3(3233 186 187)
3(3062 125 3065)
3(3062 195 125)
3(195 3065 125)
3(3124 194 3105)
3(3105 194 3065)
3(577 3311 576)
3(2051 576 3311)
3(577 2051 3311)
3(2102 2188 2201)
3(2181 2102 2201)
3(699 3408 3281)
3(732 3408 699)
3(732 699 3281)
3(3062 3110 195)
3(3105 195 3110)
3(228 195 1210)
3(228 1210 196)
3(228 196 195)
3(1006 932 2984)
3(2058 2200 2158)
3(2100 2158 2200)
3(2058 2100 2200)
3(2058 2158 2100)
3(3134 304 305)
3(234 3099 233)
3(234 233 201)
3(201 233 3099)
3(3099 3086 202)
3(202 3086 3118)
3(694 676 2359)
3(695 2359 676)
3(695 694 2359)
3(234 3099 3134)
3(3134 3099 233)
3(2558 2512 2601)
3(2601 2512 2501)
3(2558 2601 2501)
3(2558 2501 2512)
3(1534 1437 1435)
3(1597 1435 1437)
3(1597 1534 1435)
3(243 3234 210)
3(3234 242 210)
3(243 242 3234)
3(687 668 3235)
3(687 3235 669)
3(3235 668 669)
3(3029 3070 412)
3(413 412 3070)
3(413 3070 3029)
3(413 3029 412)
3(2243 2342 727)
3(2243 2244 2342)
3(2244 727 2342)
3(2993 984 1030)
3(2993 1030 45)
3(2993 45 984)
3(2116 2121 2218)
3(2116 2218 2108)
3(2121 2108 2218)
3(1647 3328 386)
3(1658 386 3328)
3(1658 3328 1647)
3(241 1355 1224)
3(1355 3315 1224)
3(241 1224 3315)
3(241 3315 1355)
3(43 1033 2953)
3(43 2953 1034)
3(1523 1443 3294)
3(1524 3294 1443)
3(1524 1523 3294)
3(1480 1576 1481)
3(2172 2045 2142)
3(2205 2045 2172)
3(2998 859 53)
3(859 2959 53)
3(2998 2959 859)
3(2998 53 2959)
3(2108 2211 2125)
3(2121 2125 2211)
3(2108 2121 2211)
3(3323 1545 1458)
3(1545 1447 1458)
3(3323 1447 1545)
3(3323 1458 1447)
3(2079 2185 2080)
3(2079 2116 2185)
3(2080 2185 2116)
3(1447 275 3323)
3(1447 3323 256)
3(1447 256 275)
3(275 256 3323)
3(3034 825 755)
3(3034 755 754)
3(3034 754 825)
3(2882 3236 2674)
3(2882 2674 2881)
3(2674 3236 2881)
3(1591 1501 1601)
3(1607 1601 1501)
3(1591 1607 1501)
3(1126 87 2777)
3(87 3302 2777)
3(1126 3302 87)
3(1126 2777 3302)
3(1411 1303 1295)
3(1411 1307 1303)
3(1411 1295 1307)
3(855 2446 854)
3(2576 2446 855)
3(1492 1549 1449)
3(1488 1549 1492)
3(1488 1449 1549)
3(1386 1277 1341)
3(1387 1341 1277)
3(1387 1277 1386)
3(803 3412 3193)
3(836 3412 803)
3(836 3193 3412)
3(836 803 3193)
3(2741 1106 1152)
3(2741 1152 1135)
3(1413 1307 1411)
3(1412 1307 1413)
3(1412 1411 1307)
3(1391 1214 1263)
3(1391 1263 1264)
3(1391 1264 1214)
3(1180 1139 2797)
3(2798 2797 1139)
3(1180 2798 1139)
3(3007 876 1041)
3(3007 2969 876)
3(3007 1041 2969)
3(2088 2189 2039)
3(2088 2140 2189)
3(1367 1352 1265)
3(1323 202 234)
3(1216 1323 234)
3(1216 202 1323)
3(1216 234 202)
3(1321 1262 1350)
3(1212 1262 1350)
3(1321 1262 1212)
3(1212 1261 1350)
3(2981 3076 120)
3(3017 120 3076)
3(1350 1261 1392)
3(1364 1392 1261)
3(933 2984 126)
3(933 126 932)
3(333 1529 1426)
3(3080 294 224)
3(230 301 3136)
3(3136 301 231)
3(333 3161 3145)
3(333 3145 3156)
3(2217 2213 2122)
3(2210 2217 2122)
3(136 942 1140)
3(136 1140 2751)
3(3025 3090 134)
3(3025 134 2988)
3(936 935 3022)
3(129 3022 935)
3(933 1106 2741)
3(933 2741 126)
3(940 2988 941)
3(134 941 2988)
3(134 940 941)
3(134 2988 940)
3(2076 2164 2206)
3(2076 2178 2164)
3(2076 2206 2178)
3(2099 2214 2117)
3(2111 2214 2099)
3(1311 3318 3358)
3(1238 1311 3358)
3(1238 3318 1311)
3(3236 918 2674)
3(3236 2674 917)
3(3236 917 918)
3(1202 3358 3222)
3(2796 2747 1162)
3(1138 1162 2747)
3(1138 2747 2796)
3(1280 1386 1340)
3(1280 1340 1385)
3(1280 1385 1386)
3(1277 1340 1386)
3(1277 1341 1340)
3(650 617 2040)
3(650 2041 617)
3(650 2040 2041)
3(2013 2008 1909)
3(2013 1909 1898)
3(2008 1898 1909)
3(2281 2379 2317)
3(2317 2379 2280)
3(712 713 745)
3(712 745 3116)
3(712 3116 713)
3(745 713 3116)
3(2925 2708 2931)
3(2925 2931 2712)
3(1488 1589 1516)
3(1590 1516 1589)
3(1590 1589 1488)
3(2400 2252 2354)
3(2252 2355 2354)
3(2400 2355 2252)
3(1548 1488 1460)
3(1548 1449 1488)
3(1548 1460 1449)
3(2274 2387 2412)
3(2274 2412 2273)
3(2273 2412 2387)
3(1549 1488 1590)
3(1488 1548 1590)
3(1549 1548 1488)
3(603 2975 3052)
3(603 3055 2975)
3(1460 1547 1488)
3(1548 1547 1460)
3(1448 1547 1488)
3(1460 1547 1448)
3(130 3087 2986)
3(3023 3087 130)
3(3023 130 2986)
3(1109 132 939)
3(939 132 133)
3(1109 939 133)
3(2674 3282 3236)
3(2882 3282 2674)
3(2882 3236 3282)
3(2076 2164 2028)
3(2076 2028 2206)
3(2164 2206 2028)
3(2748 1139 1162)
3(2748 1162 1109)
3(643 2033 2034)
3(643 2034 610)
3(643 610 2033)
3(885 3002 852)
3(853 852 3002)
3(990 2997 1023)
3(1022 2997 990)
3(990 2997 51)
3(1023 51 2997)
3(2861 2646 2648)
3(2861 2648 2647)
3(644 2167 611)
3(644 611 2034)
3(644 2034 2167)
3(2034 611 2167)
3(3155 647 716)
3(717 647 3155)
3(717 3155 716)
3(2676 2680 2895)
3(2675 2895 2680)
3(2676 2895 2675)
3(1409 1408 1305)
3(3155 647 646)
3(2571 2435 2541)
3(2571 843 2435)
3(843 2541 2435)
3(3062 126 3020)
3(126 125 3020)
3(3062 3020 125)
3(3062 125 126)
3(1379 1276 1334)
3(1380 1334 1276)
3(1594 1470 1469)
3(1594 1469 1514)
3(1104 929 2737)
3(1104 2738 929)
3(1104 2737 2738)
3(1707 1807 1808)
3(1706 1707 1808)
3(1706 1807 1707)
3(612 2036 645)
3(612 645 613)
3(3332 2329 2258)
3(2329 736 2258)
3(3341 343 1436)
3(43 3341 1436)
3(1797 1732 1630)
3(1797 1630 1795)
3(1109 2747 939)
3(939 2747 132)
3(1109 132 2747)
3(2214 2117 2125)
3(2214 2125 2099)
3(2527 2611 2492)
3(2493 2611 2527)
3(2493 2492 2611)
3(415 3339 1733)
3(415 1733 448)
3(145 1229 1330)
3(1229 3231 1330)
3(145 3231 1229)
3(2142 621 2044)
3(2142 2045 621)
3(752 2368 2236)
3(719 2368 752)
3(719 752 2236)
3(131 938 3023)
3(131 3023 937)
3(131 937 938)
3(1443 266 3424)
3(267 3424 266)
3(1443 3424 267)
3(2544 2586 2489)
3(274 3323 1447)
3(275 3323 274)
3(2751 1156 1140)
3(2751 1140 1111)
3(2750 2751 1155)
3(1140 2750 1155)
3(1140 1155 2751)
3(479 461 3237)
3(480 3237 461)
3(479 3237 480)
3(2800 2751 1155)
3(2750 2800 1155)
3(2362 2226 2383)
3(2383 2226 2334)
3(2362 2334 2226)
3(494 3393 1810)
3(494 1810 3267)
3(494 3267 3393)
3(2014 1997 1897)
3(1891 2014 1897)
3(3115 3078 721)
3(3115 721 3114)
3(3078 3114 721)
3(1156 2751 2800)
3(1156 2800 2801)
3(1156 2751 1155)
3(1751 1658 366)
3(3328 1751 366)
3(3328 366 1658)
3(3328 1658 1751)
3(1393 1273 1371)
3(1393 1406 1273)
3(1406 1371 1273)
3(2755 1141 2801)
3(2755 2754 1141)
3(1633 1733 1763)
3(1206 1256 1318)
3(1206 1318 1207)
3(156 3238 175)
3(157 175 3238)
3(157 3238 156)
3(1473 1424 1528)
3(1473 1528 1472)
3(3239 2245 729)
3(3239 728 2245)
3(3239 729 728)
3(1201 215 182)
3(1204 182 215)
3(1464 1570 1468)
3(1570 1566 1468)
3(2757 1113 2756)
3(2757 948 1113)
3(2756 1113 948)
3(408 407 3152)
3(441 3152 407)
3(441 407 408)
3(441 408 3152)
3(3300 2756 1142)
3(1142 2756 141)
3(3300 1142 141)
3(2194 2125 2105)
3(2195 2194 2105)
3(2195 2125 2194)
3(2195 2105 2125)
3(230 3136 300)
3(3104 300 3136)
3(230 300 3104)
3(230 3104 3136)
3(225 226 3120)
3(225 3120 193)
3(225 193 226)
3(226 193 3120)
3(2201 2102 2059)
3(2102 2188 2059)
3(2201 2059 2188)
3(3136 300 301)
3(261 3248 1550)
3(261 260 3248)
3(260 1550 3248)
3(1142 3300 2755)
3(1142 2755 2756)
3(2756 2755 3300)
3(1044 2885 880)
3(1044 2634 2885)
3(1044 880 2634)
3(994 3337 3336)
3(3300 2755 1112)
3(3300 1112 1142)
3(1112 2755 1142)
3(2407 2316 2411)
3(2317 2407 2411)
3(2317 2316 2407)
3(2896 2848 2713)
3(2676 2848 2896)
3(2676 2896 2713)
3(2676 2713 2848)
3(2201 2102 2070)
3(2201 2070 2059)
3(101 2775 3320)
3(2775 2763 3320)
3(237 3063 308)
3(237 3133 3063)
3(308 3063 3133)
3(2800 1184 2799)
3(2800 1155 1184)
3(2800 2799 1155)
3(1155 2799 1184)
3(605 638 606)
3(1375 1348 1255)
3(1255 1348 1372)
3(535 3139 534)
3(535 534 3100)
3(535 3100 3139)
3(3320 102 2775)
3(3320 101 102)
3(296 1555 328)
3(296 328 329)
3(2112 2210 2175)
3(2112 2174 2210)
3(1574 1561 1478)
3(1479 1478 1561)
3(1479 1561 1574)
3(223 3060 3080)
3(222 3080 3060)
3(222 223 3080)
3(2775 1168 2817)
3(2775 2811 1168)
3(3136 3145 300)
3(2543 2439 2488)
3(2543 2573 2439)
3(2077 2202 2210)
3(2077 2210 2206)
3(1168 2775 1122)
3(2128 2073 2127)
3(2128 2127 2060)
3(2210 2122 2077)
3(3027 3088 205)
3(206 205 3088)
3(2174 2073 2127)
3(234 1352 201)
3(512 544 545)
3(512 1931 544)
3(512 545 1931)
3(1432 340 306)
3(1432 307 340)
3(340 307 306)
3(1168 2817 1122)
3(3136 301 335)
3(302 301 3136)
3(302 335 301)
3(302 3136 335)
3(1802 1711 1773)
3(3136 334 335)
3(3136 301 334)
3(334 301 335)
3(1402 1266 1376)
3(404 3162 436)
3(404 403 3162)
3(404 436 403)
3(403 436 3162)
3(2764 2811 1168)
3(206 3027 239)
3(3027 238 239)
3(206 239 238)
3(892 2960 859)
3(3156 334 335)
3(3136 334 3156)
3(3136 3156 335)
3(3146 337 336)
3(3146 407 337)
3(3146 336 407)
3(2960 54 1019)
3(2960 1019 992)
3(992 53 2998)
3(1021 52 2959)
3(1021 2959 53)
3(1432 1532 1480)
3(1432 1431 1532)
3(1532 1431 1480)
3(2790 2789 1135)
3(2790 1152 2789)
3(2790 1135 1152)
3(3431 450 1734)
3(3431 1734 1763)
3(338 337 304)
3(338 3134 337)
3(338 304 3134)
3(409 3141 408)
3(338 3141 409)
3(338 408 3141)
3(1410 1254 1295)
3(1281 1410 1295)
3(1281 1254 1410)
3(254 1543 3256)
3(254 3256 1544)
3(1543 1544 3256)
3(1561 1430 338)
3(1531 1430 1561)
3(2084 2083 2167)
3(2183 2084 2167)
3(2183 2083 2084)
3(2183 2167 2083)
3(365 3428 384)
3(365 1646 3428)
3(384 3428 1646)
3(365 384 1646)
3(102 84 2764)
3(3224 84 102)
3(3224 102 2764)
3(3224 2764 84)
3(2418 2313 2322)
3(2310 2313 2418)
3(2310 2418 2322)
3(417 3371 3431)
3(450 3431 3371)
3(450 3371 417)
3(2991 42 1034)
3(2991 980 42)
3(1269 1398 1369)
3(1269 1369 1374)
3(1269 1374 1398)
3(122 3075 3018)
3(122 2982 3075)
3(1145 2823 2786)
3(1145 2786 2782)
3(1145 2782 2823)
3(2735 927 120)
3(2735 120 926)
3(3120 225 3101)
3(2397 2351 2262)
3(2397 2262 2304)
3(2397 2304 2351)
3(2351 2304 2262)
3(1097 2732 2781)
3(1097 1096 2732)
3(2298 2425 2272)
3(2272 2425 2398)
3(1360 1403 1287)
3(1361 1360 1287)
3(2210 2174 2076)
3(2210 2076 2206)
3(2076 2174 2206)
3(2765 1125 2776)
3(2765 2776 1170)
3(2765 1170 1125)
3(2216 2114 2115)
3(2216 2115 2123)
3(2216 2123 2114)
3(1375 1250 1317)
3(1375 1310 1250)
3(3240 170 151)
3(3240 152 170)
3(3240 151 152)
3(3392 550 551)
3(3392 551 1963)
3(3392 1963 550)
3(2740 2789 1135)
3(2740 1135 2790)
3(1464 1570 1419)
3(1465 1567 1566)
3(1504 1465 1566)
3(1504 1566 1567)
3(1504 1567 1465)
3(3020 931 2983)
3(1571 1603 1500)
3(1500 1603 1578)
3(1571 1500 1578)
3(1553 1451 1552)
3(1553 263 1451)
3(1552 1451 263)
3(2825 2785 1196)
3(2825 1196 2813)
3(2785 2813 1196)
3(2785 1196 2811)
3(2825 2811 1196)
3(2079 2185 2115)
3(2180 2185 2079)
3(1136 2743 2742)
3(137 207 2951)
3(2951 207 978)
3(137 2951 978)
3(2185 2116 2218)
3(2218 2116 2186)
3(2185 2186 2116)
3(2218 2115 2116)
3(2115 2185 2116)
3(2218 2185 2115)
3(1426 1559 1475)
3(1426 1529 1559)
3(1597 1437 1482)
3(1564 1597 1482)
3(1564 1482 1437)
3(1328 1393 1274)
3(1227 1274 1393)
3(1139 2797 1162)
3(1571 1529 1475)
3(1571 1475 1575)
3(1509 1571 1603)
3(1509 1603 1500)
3(1535 1438 1564)
3(1564 1438 1595)
3(1481 1483 1600)
3(1481 1599 1483)
3(1483 1599 1600)
3(1481 1600 1599)
3(1778 1635 1681)
3(1682 1635 1778)
3(1163 2761 1117)
3(2761 1118 1117)
3(1163 1118 2761)
3(2797 2747 1162)
3(2796 2797 1162)
3(2121 2114 2218)
3(2218 2114 2216)
3(2121 2218 2216)
3(2121 2216 2114)
3(253 1542 3370)
3(253 3370 1446)
3(1542 1446 3370)
3(2765 3302 2776)
3(1125 3302 2765)
3(241 3363 209)
3(3363 1224 209)
3(241 1224 3363)
3(241 209 1224)
3(2218 2116 2114)
3(1507 1572 1609)
3(1507 1609 1514)
3(1495 1568 1496)
3(1496 1568 1569)
3(1495 1569 1568)
3(1495 1496 1569)
3(1376 1394 1266)
3(1402 1266 1394)
3(2767 1129 2779)
3(1129 3180 2779)
3(1647 387 3328)
3(1752 387 1647)
3(1752 1647 3328)
3(1752 3328 387)
3(1495 1568 1505)
3(2218 2114 2115)
3(2218 2115 2216)
3(2987 132 3024)
3(132 939 3024)
3(2987 3024 939)
3(3108 3090 204)
3(3108 204 3096)
3(3090 3096 204)
3(143 1114 3334)
3(143 3334 1143)
3(2797 1162 2748)
3(2797 2748 1139)
3(1377 1230 1285)
3(1377 1243 1230)
3(1377 1285 1243)
3(236 1218 204)
3(236 204 203)
3(236 203 1218)
3(137 2951 3333)
3(39 2951 137)
3(39 3333 2951)
3(2802 2756 1142)
3(2802 1142 2755)
3(1279 1285 1377)
3(1279 1377 1230)
3(2123 2115 2217)
3(2122 2123 2217)
3(2122 2217 2115)
3(130 2986 3067)
3(130 3067 129)
3(129 3067 2986)
3(130 129 2986)
3(1378 1332 1230)
3(1378 1230 1377)
3(1377 1230 1332)
3(1505 1568 1567)
3(1505 1605 1568)
3(1505 1567 1605)
3(1138 938 2747)
3(938 132 2747)
3(1138 2747 132)
3(1138 132 938)
3(1421 1572 1594)
3(1421 1555 1572)
3(1421 1594 1555)
3(1211 1350 1261)
3(1358 1261 1350)
3(1321 1213 1212)
3(411 412 3126)
3(340 3126 412)
3(340 411 3126)
3(1427 302 1559)
3(302 301 1559)
3(3022 1010 935)
3(936 1010 3022)
3(683 665 3241)
3(684 3241 665)
3(684 683 3241)
3(2807 1173 2836)
3(2812 1173 2807)
3(2812 2836 1173)
3(1129 1128 2767)
3(2785 1169 1196)
3(1170 2785 1196)
3(2814 1176 2768)
3(1176 2779 2768)
3(2814 2779 1176)
3(1424 1423 1557)
3(1423 1472 1557)
3(1694 1767 1698)
3(1694 1705 1767)
3(2807 1173 1172)
3(2836 1172 1173)
3(2836 2807 1172)
3(1327 1225 1226)
3(1327 211 1225)
3(1327 1226 211)
3(666 685 3242)
3(684 3242 685)
3(3099 200 3087)
3(3099 3107 200)
3(200 3107 3087)
3(62 1071 3015)
3(62 2978 1071)
3(3015 1072 61)
3(1072 2979 61)
3(1585 1487 1541)
3(1585 1542 1487)
3(1542 1541 1487)
3(981 2978 62)
3(325 2978 981)
3(107 3226 2766)
3(2778 3226 107)
3(2778 2766 3226)
3(1287 1253 1313)
3(1361 1253 1287)
3(1361 1287 1313)
3(3244 107 2766)
3(3244 2766 106)
3(3244 106 107)
3(1147 1148 2815)
3(1148 1100 2815)
3(1147 2815 1100)
3(429 396 430)
3(3056 396 429)
3(3056 429 430)
3(391 1648 3243)
3(1648 390 3243)
3(391 3243 390)
3(2123 2216 2217)
3(2217 2216 2115)
3(3392 518 551)
3(3392 550 518)
3(371 3200 352)
3(1333 148 3326)
3(1332 3326 148)
3(1332 1333 3326)
3(1246 1340 1234)
3(1280 1340 1246)
3(1280 1234 1340)
3(2123 2213 2217)
3(1386 1297 1307)
3(1386 1307 1277)
3(1386 1277 1297)
3(2768 2780 1131)
3(1179 2768 1131)
3(1179 1131 2780)
3(1179 2780 2768)
3(3127 3126 443)
3(3126 444 443)
3(3127 443 444)
3(3127 444 3126)
3(1146 1098 2819)
3(2782 1098 1146)
3(1488 1589 1493)
3(3267 1810 495)
3(1810 3437 495)
3(3267 495 3437)
3(2733 3178 2770)
3(922 3178 2733)
3(922 2770 3178)
3(2818 1173 1174)
3(2818 1174 2812)
3(2812 1174 1173)
3(2818 2812 1173)
3(630 3210 2128)
3(2127 3210 630)
3(2127 2128 3210)
3(262 3204 1552)
3(1552 3204 1551)
3(3244 106 87)
3(3244 88 106)
3(3244 87 88)
3(3225 213 214)
3(3225 214 246)
3(3245 674 693)
3(3245 2358 674)
3(674 2358 693)
3(3245 693 2358)
3(435 1756 402)
3(435 401 1756)
3(2808 1165 2773)
3(2808 1164 1165)
3(2808 2773 1164)
3(2773 1165 1164)
3(3245 693 675)
3(694 3245 675)
3(694 693 3245)
3(3245 694 676)
3(3245 676 2359)
3(3245 2359 694)
3(705 738 70)
3(705 3011 738)
3(738 3011 70)
3(705 70 3011)
3(407 3141 3165)
3(407 3165 3146)
3(407 3146 3141)
3(1362 1252 1253)
3(1314 1362 1253)
3(1314 1252 1362)
3(1314 1253 1252)
3(1523 323 1454)
3(1523 1454 1522)
3(459 3211 1942)
3(1941 3211 459)
3(331 1424 1557)
3(331 1528 1424)
3(1849 1839 1942)
3(1849 1942 478)
3(1839 478 1942)
3(2010 1899 2002)
3(2010 1874 1899)
3(366 3246 384)
3(366 385 3246)
3(384 3246 385)
3(3024 3086 132)
3(1191 2791 2790)
3(1191 2820 2791)
3(705 70 3283)
3(705 3283 69)
3(705 69 70)
3(70 69 3283)
3(1216 1376 1217)
3(1266 1217 1376)
3(2821 1180 1188)
3(2797 2821 1188)
3(738 3283 705)
3(738 70 3283)
3(3069 133 2988)
3(3024 2988 133)
3(2748 2747 1109)
3(1109 2747 1162)
3(2748 1162 2747)
3(706 2843 3051)
3(706 3051 705)
3(2843 705 3051)
3(2750 1110 1140)
3(1157 2757 2804)
3(1157 1143 2757)
3(2757 1143 2804)
3(1157 2804 1143)
3(384 365 3246)
3(2638 2887 1048)
3(884 2887 2638)
3(884 1048 2887)
3(2952 41 207)
3(2952 207 239)
3(239 207 41)
3(2952 239 41)
3(1239 1313 1253)
3(1239 1314 1313)
3(1239 1253 1314)
3(2225 741 708)
3(708 741 709)
3(2225 709 741)
3(3247 394 1613)
3(3247 1613 393)
3(3247 393 394)
3(826 53 859)
3(1499 1567 1568)
3(1499 1521 1567)
3(1499 1568 1521)
3(3369 1650 1722)
3(427 1722 1650)
3(427 3369 1722)
3(1147 2816 2815)
3(1148 2815 2816)
3(1147 1148 2816)
3(1271 1398 1293)
3(1293 1398 1269)
3(1271 1269 1398)
3(1395 1388 1283)
3(1395 1283 1308)
3(1388 1308 1283)
3(920 115 3360)
3(115 921 3360)
3(920 3360 921)
3(1362 1252 1285)
3(1253 1362 1285)
3(3392 551 519)
3(519 551 1963)
3(3392 519 1963)
3(1524 266 1443)
3(291 1524 1443)
3(291 266 1524)
3(2387 2224 2363)
3(2273 2387 2363)
3(2273 2363 2224)
3(1989 1883 1988)
3(1287 1239 1313)
3(2841 3013 499)
3(1491 1493 1588)
3(1588 1493 1503)
3(1491 1588 1503)
3(332 299 3154)
3(298 332 3154)
3(298 3154 299)
3(3192 909 2658)
3(3192 908 909)
3(302 1530 1559)
3(302 335 1530)
3(302 1559 335)
3(2849 2848 2713)
3(2896 2849 2713)
3(746 713 745)
3(713 2365 745)
3(746 2365 713)
3(1531 1429 304)
3(3248 261 280)
3(3248 279 261)
3(3248 280 279)
3(1501 1607 1478)
3(1479 1607 1501)
3(2757 2758 1143)
3(2757 1143 949)
3(1604 1511 1596)
3(1575 1596 1511)
3(1575 1511 1604)
3(207 40 41)
3(41 40 2952)
3(1673 1758 1774)
3(1673 1770 1758)
3(1673 1774 1770)
3(1501 1607 1512)
3(1512 1607 1478)
3(1411 1303 1396)
3(1411 1396 1295)
3(1303 1295 1396)
3(1211 1212 1350)
3(197 1211 1350)
3(3117 713 3143)
3(3143 713 3116)
3(3117 3116 713)
3(198 197 3106)
3(198 3106 230)
3(107 88 2766)
3(107 3226 88)
3(88 3226 2766)
3(1500 1610 1603)
3(1500 1603 1513)
3(1603 1610 1513)
3(1500 1513 1610)
3(1309 1286 1382)
3(1281 1309 1382)
3(1303 1413 1307)
3(1303 1411 1413)
3(1508 1507 1610)
3(1508 1610 1506)
3(1191 1195 2820)
3(2820 1195 1190)
3(1707 1668 1776)
3(1707 1776 1771)
3(1771 1776 1668)
3(1707 1771 1668)
3(1714 1782 1687)
3(1782 1688 1687)
3(1714 1688 1782)
3(2761 1118 1164)
3(2773 1164 1118)
3(2761 1164 2773)
3(2761 2773 1118)
3(1256 1257 1363)
3(1257 1207 1363)
3(2741 1106 2742)
3(1144 1106 2741)
3(1144 2742 1106)
3(169 3240 1335)
3(1232 169 1335)
3(1232 3240 169)
3(1606 1509 1571)
3(740 3109 3111)
3(740 3111 3049)
3(1399 1279 1377)
3(1378 1279 1399)
3(1378 1377 1279)
3(3403 31 601)
3(3403 32 31)
3(3403 601 32)
3(1164 1163 2809)
3(2809 1163 1185)
3(1164 2809 1185)
3(218 3222 3419)
3(1313 218 3419)
3(1313 3222 218)
3(1313 3419 3222)
3(1189 1185 2826)
3(614 544 3163)
3(543 3163 544)
3(755 2239 2240)
3(755 723 2239)
3(755 2240 723)
3(1800 1714 1702)
3(1800 1803 1714)
3(1800 1702 1803)
3(755 3365 2239)
3(2340 755 2239)
3(2340 3365 755)
3(2340 2239 3365)
3(2666 965 906)
3(2666 906 964)
3(2666 964 965)
3(740 3109 741)
3(3111 741 3109)
3(1607 1600 1502)
3(1601 1502 1600)
3(1601 1607 1502)
3(2871 2699 2666)
3(2657 2699 2871)
3(2657 2871 2666)
3(1673 1729 1774)
3(2494 2622 2596)
3(2494 2596 2591)
3(2284 2391 2283)
3(2234 2283 2391)
3(2234 2391 2284)
3(2882 2929 2674)
3(2882 2674 2653)
3(2653 2674 2929)
3(2882 2653 2929)
3(201 200 3087)
3(201 3099 200)
3(1732 412 446)
3(445 446 412)
3(445 412 1732)
3(3029 446 3072)
3(3029 2993 446)
3(1269 1370 1369)
3(2803 1184 2822)
3(2802 1184 2803)
3(3249 110 91)
3(3249 92 110)
3(3249 91 92)
3(3418 2880 916)
3(2880 2662 916)
3(3418 916 2662)
3(3418 2662 2880)
3(988 2996 2957)
3(988 1025 2996)
3(2804 2783 1179)
3(2783 2758 1179)
3(2804 1179 2758)
3(48 2995 49)
3(653 48 49)
3(653 49 2995)
3(1181 2822 2803)
3(1181 1184 2822)
3(1589 1493 1588)
3(1546 1493 1589)
3(3418 974 916)
3(3418 2880 974)
3(974 2880 916)
3(171 3250 153)
3(153 3250 152)
3(2099 2066 2195)
3(2099 2195 2055)
3(2195 2066 2055)
3(3062 126 2984)
3(1530 1427 302)
3(1530 1559 1427)
3(2985 934 3021)
3(128 934 2985)
3(128 3021 934)
3(128 2985 3021)
3(612 3164 611)
3(3285 292 61)
3(3285 61 285)
3(3285 285 292)
3(1491 1587 1458)
3(1497 1458 1587)
3(1491 1497 1587)
3(1590 1516 1604)
3(1604 1516 1589)
3(754 2958 3078)
3(3078 2958 722)
3(754 3078 722)
3(754 722 2958)
3(653 620 2044)
3(48 653 2044)
3(1607 1502 1576)
3(1607 1576 1479)
3(1607 1479 1502)
3(1499 1505 1568)
3(708 2225 2333)
3(2225 741 2333)
3(708 2333 741)
3(1523 1443 1454)
3(1523 1454 3294)
3(1454 1443 3294)
3(3251 247 25)
3(26 3251 25)
3(26 247 3251)
3(727 2243 759)
3(2342 759 2243)
3(1619 1756 1618)
3(401 1618 1756)
3(3311 576 558)
3(577 3311 558)
3(2065 577 2145)
3(2065 3197 577)
3(577 3197 2145)
3(1669 1668 1776)
3(1669 1776 1707)
3(1669 1699 1808)
3(1777 1669 1808)
3(313 1438 346)
3(313 3191 1438)
3(3191 346 1438)
3(1793 1778 1681)
3(1793 1681 1798)
3(1650 1639 3369)
3(280 281 3361)
3(281 1450 3361)
3(280 3361 1450)
3(1720 1698 1767)
3(1206 1372 1256)
3(1256 1372 1255)
3(1206 1255 1372)
3(2361 2267 2343)
3(707 708 3103)
3(707 3103 637)
3(2342 2290 2244)
3(2225 2333 2224)
3(3225 213 1228)
3(3225 1228 214)
3(2291 2386 2421)
3(2291 2290 2386)
3(2386 2290 2421)
3(2291 2421 2290)
3(519 3392 518)
3(462 3276 1944)
3(480 3276 462)
3(480 462 1944)
3(480 1944 3276)
3(645 2167 611)
3(644 645 611)
3(280 3361 262)
3(262 3361 261)
3(280 261 3361)
3(128 198 3066)
3(128 3066 3089)
3(198 3089 3066)
3(865 3391 831)
3(865 864 3391)
3(831 3391 864)
3(2352 2353 2251)
3(2353 669 2251)
3(2352 2251 669)
3(1687 1782 1806)
3(1687 1806 1783)
3(1687 1783 1782)
3(841 72 3010)
3(2972 72 841)
3(2400 2399 2252)
3(2400 2300 2399)
3(2252 2399 2300)
3(2400 2252 2300)
3(2252 2354 2399)
3(1890 2018 2019)
3(3209 464 483)
3(3209 1947 464)
3(3209 483 1947)
3(1523 1467 1454)
3(1523 1443 1467)
3(1545 1447 1587)
3(1587 1447 1458)
3(2274 2378 2333)
3(2274 2225 2378)
3(2274 2333 2225)
3(1127 1128 2766)
3(2766 1128 88)
3(1127 2766 88)
3(2274 2333 2387)
3(2333 2224 2387)
3(2274 2224 2333)
3(1813 501 533)
3(533 501 500)
3(1598 1566 1468)
3(1982 1878 1934)
3(1963 1934 1878)
3(1602 1468 1598)
3(1531 1430 1429)
3(1531 1478 1430)
3(1531 1429 1478)
3(1616 1665 1796)
3(1666 1796 1665)
3(1666 1616 1796)
3(173 155 3252)
3(174 3252 155)
3(174 173 3252)
3(1755 1665 1616)
3(1755 1616 1615)
3(1755 1615 1665)
3(1755 1796 1616)
3(1622 437 404)
3(405 404 437)
3(1622 405 437)
3(326 3015 292)
3(3015 293 292)
3(326 293 3015)
3(3165 406 3156)
3(438 406 3165)
3(438 3156 406)
3(286 3190 3397)
3(319 3190 286)
3(3146 3165 406)
3(3146 406 3156)
3(1623 438 1622)
3(1622 438 405)
3(1623 405 438)
3(223 191 3101)
3(3060 223 3101)
3(3060 3101 191)
3(223 1205 190)
3(223 1317 1205)
3(1858 1863 1967)
3(1967 1863 1983)
3(3040 397 3058)
3(2840 397 3040)
3(3141 3152 407)
3(3165 407 3152)
3(1421 328 296)
3(2274 2378 2387)
3(1257 1363 1294)
3(3156 406 335)
3(408 3141 3152)
3(408 407 3141)
3(1581 1576 1479)
3(1607 1581 1479)
3(1293 1373 1267)
3(1293 1268 1373)
3(1268 1267 1373)
3(2749 1110 2799)
3(1110 1139 2799)
3(2749 2799 1139)
3(2381 2419 2276)
3(2383 2276 2419)
3(2383 2381 2276)
3(2274 2378 2412)
3(1559 1475 1427)
3(1604 1503 1516)
3(1511 1604 1516)
3(1511 1503 1604)
3(1033 2992 43)
3(2428 2426 2318)
3(2318 2426 2411)
3(340 1432 1532)
3(1532 1432 1562)
3(340 1562 1432)
3(1433 1599 1480)
3(1562 1433 1480)
3(1562 1599 1433)
3(1562 1480 1599)
3(237 236 3096)
3(236 3133 3096)
3(237 3133 236)
3(237 3096 3133)
3(2857 2638 2887)
3(339 1431 338)
3(1561 338 1431)
3(1561 1431 339)
3(2308 2427 2409)
3(2308 2416 2427)
3(2308 2409 2416)
3(1034 2953 42)
3(2844 738 2973)
3(2844 2973 989)
3(1824 1874 1931)
3(1825 1931 1874)
3(1825 1824 1931)
3(1131 3249 2780)
3(2768 3249 1131)
3(2768 2780 3249)
3(1324 1218 204)
3(1324 236 1218)
3(1324 204 236)
3(111 93 3253)
3(112 3253 93)
3(112 111 3253)
3(1627 409 442)
3(1272 1226 1327)
3(1635 3371 3431)
3(417 3371 1635)
3(417 1635 3431)
3(1473 1558 1424)
3(1425 1424 1558)
3(549 548 3031)
3(3071 3031 548)
3(549 3031 3071)
3(2433 834 841)
3(2433 2540 834)
3(1545 1447 1588)
3(809 3074 3053)
3(842 809 3053)
3(842 3053 3074)
3(842 3074 809)
3(2393 2392 2248)
3(2296 2248 2392)
3(2296 2392 2393)
3(1420 1556 327)
3(1526 1556 1420)
3(1554 1466 3396)
3(1536 1466 1554)
3(1536 3396 1466)
3(841 808 72)
3(3388 841 72)
3(3388 808 841)
3(3388 72 808)
3(2900 2887 2687)
3(2688 2900 2687)
3(3164 715 644)
3(1582 1496 1444)
3(1582 1444 1490)
3(1582 1490 1496)
3(1278 1305 1408)
3(1278 1408 1306)
3(3164 715 645)
3(3164 645 644)
3(3303 388 368)
3(3303 368 369)
3(3303 369 388)
3(2853 2911 2629)
3(2846 2853 2629)
3(2846 2629 2911)
3(191 3101 224)
3(1039 1077 2970)
3(3207 467 1949)
3(467 485 1949)
3(3207 485 467)
3(3207 1949 485)
3(1872 1999 1975)
3(1872 1975 2021)
3(1872 2021 1999)
3(1416 3254 288)
3(1416 287 3254)
3(288 3254 287)
3(340 1432 339)
3(1532 339 1432)
3(1698 1766 1661)
3(2307 2420 2324)
3(2307 2324 2424)
3(2307 2424 2420)
3(2424 2324 2420)
3(1859 1810 1920)
3(1039 1040 875)
3(2853 875 1040)
3(2853 1039 875)
3(1039 2970 875)
3(1040 875 2970)
3(1327 1272 1371)
3(1226 1371 1272)
3(1226 1327 1371)
3(1989 1894 1883)
3(1894 1944 1883)
3(1554 265 1442)
3(1365 1272 1371)
3(1500 1578 1472)
3(1473 1472 1578)
3(1500 1473 1578)
3(626 625 3362)
3(2049 3362 625)
3(1553 1463 1451)
3(1553 1451 283)
3(1553 283 1463)
3(1281 1382 1383)
3(1281 1383 1233)
3(1281 1233 1382)
3(2829 2825 1186)
3(2829 1182 2825)
3(1182 1186 2825)
3(1594 1470 1421)
3(1594 1421 1469)
3(3202 30 455)
3(3202 473 30)
3(3202 455 473)
3(1662 1753 1659)
3(1779 1659 1753)
3(1779 1753 1662)
3(63 64 3255)
3(63 3255 422)
3(3255 64 422)
3(3344 265 264)
3(1553 3344 264)
3(1553 265 3344)
3(1605 1583 1490)
3(1605 1490 1582)
3(1583 1582 1490)
3(3162 506 507)
3(3162 437 506)
3(3162 507 437)
3(884 1049 1048)
3(884 1087 1049)
3(1714 1703 1800)
3(1800 1703 1702)
3(1782 1714 1806)
3(1803 1714 1782)
3(1727 1756 1669)
3(1620 1669 1756)
3(1620 1727 1669)
3(1620 1756 1727)
3(1776 1756 1669)
3(1727 1776 1669)
3(1049 2965 1088)
3(1049 1087 2965)
3(1712 1699 1801)
3(1712 1808 1699)
3(1436 1563 1435)
3(1103 2736 2735)
3(1103 2735 1161)
3(2735 2736 1161)
3(1103 1161 2736)
3(1473 1528 1558)
3(1473 1558 1578)
3(1473 1578 1528)
3(3070 341 342)
3(3070 3030 341)
3(1819 1928 1818)
3(1928 506 1818)
3(1819 506 1928)
3(3039 884 3028)
3(3039 3003 884)
3(884 3003 3028)
3(1926 502 1815)
3(535 1815 502)
3(137 3064 2951)
3(137 207 3064)
3(242 241 3363)
3(242 3363 209)
3(3088 205 3096)
3(3027 3096 205)
3(1049 1088 885)
3(1088 1050 885)
3(1534 1437 1436)
3(1534 1436 1435)
3(2326 2268 2390)
3(2325 2268 2326)
3(1437 1534 344)
3(1437 345 1534)
3(1437 344 345)
3(2144 2093 2173)
3(2181 2173 2093)
3(2181 2093 2144)
3(1049 2639 885)
3(1049 885 884)
3(2331 3322 737)
3(34 737 3322)
3(2331 34 3322)
3(1049 2965 885)
3(2857 2887 2687)
3(364 3364 382)
3(382 3364 383)
3(364 383 3364)
3(1805 1700 1789)
3(1805 1789 1697)
3(1805 1697 1700)
3(1400 1290 1309)
3(1301 1400 1309)
3(1301 1290 1400)
3(865 3391 2551)
3(2569 3391 865)
3(2569 2551 3391)
3(3010 808 72)
3(2330 3322 737)
3(2330 2331 3322)
3(1746 1747 1689)
3(1746 1689 1644)
3(1747 1644 1689)
3(1746 1644 1747)
3(3268 492 1918)
3(525 1918 492)
3(525 3268 1918)
3(525 492 3268)
3(1800 1766 1702)
3(1800 1702 1765)
3(422 389 1717)
3(1724 1717 389)
3(1724 389 422)
3(3322 2247 2258)
3(704 3322 2258)
3(1782 1652 1738)
3(1739 1652 1782)
3(1739 1738 1652)
3(1420 327 294)
3(327 328 294)
3(1420 294 328)
3(1605 1490 1515)
3(1605 1505 1490)
3(1605 1515 1505)
3(1287 1292 1360)
3(273 3256 254)
3(273 272 3256)
3(1976 1974 1866)
3(2012 1976 1866)
3(3237 460 479)
3(3237 1943 460)
3(3237 479 1943)
3(1800 1807 1714)
3(1585 1487 1584)
3(1487 1541 1584)
3(1605 1583 1515)
3(252 3348 1455)
3(252 1541 3348)
3(252 1455 1541)
3(1541 1455 3348)
3(2240 724 3365)
3(50 2240 3365)
3(50 3365 724)
3(1341 1288 1387)
3(1288 1277 1387)
3(74 3335 2647)
3(1056 74 2647)
3(1056 2647 3335)
3(2141 618 619)
3(652 619 618)
3(1801 1716 1785)
3(2538 2458 3182)
3(2539 2458 2538)
3(2539 3182 2458)
3(2539 2538 3182)
3(1445 1541 1487)
3(1487 1541 1455)
3(1445 1455 1541)
3(2469 2458 3182)
3(1412 1297 1307)
3(1412 1386 1297)
3(1412 1307 1386)
3(2042 619 2141)
3(2857 2638 2687)
3(1661 1660 1718)
3(1660 1648 1718)
3(1661 1718 1648)
3(1581 1479 1480)
3(1581 1431 1479)
3(1581 1480 1431)
3(180 3395 179)
3(1237 179 3395)
3(1734 3371 3431)
3(1635 1734 3431)
3(1573 1580 1494)
3(1573 1494 1593)
3(2438 2487 2572)
3(1535 1439 347)
3(3191 1535 347)
3(3191 347 1439)
3(3191 1439 1535)
3(3033 651 722)
3(652 651 3033)
3(652 3033 722)
3(1980 1956 1863)
3(2600 2599 2502)
3(3291 905 964)
3(3291 964 906)
3(3291 906 905)
3(3036 891 859)
3(3036 858 891)
3(3036 859 858)
3(1315 1362 1252)
3(1330 1252 1362)
3(2186 2136 2081)
3(2186 2081 2166)
3(2166 2081 2136)
3(1582 1538 1444)
3(2415 2316 2411)
3(2415 2407 2316)
3(2276 2383 2334)
3(2364 2276 2334)
3(2364 2383 2276)
3(275 256 3366)
3(275 3366 276)
3(3257 482 464)
3(3257 483 482)
3(3059 501 500)
3(3059 3054 501)
3(3059 500 3054)
3(501 3054 500)
3(1668 1756 1669)
3(1668 1776 1756)
3(1714 1806 1687)
3(1956 1863 1983)
3(1980 1983 1863)
3(2245 2343 729)
3(729 2343 2246)
3(2245 2246 2343)
3(754 2238 2369)
3(754 2340 2238)
3(2238 2340 2369)
3(3239 2245 2343)
3(3239 2343 729)
3(2152 2066 2105)
3(2152 2054 2066)
3(301 300 334)
3(1426 334 300)
3(301 334 1426)
3(3146 336 335)
3(3146 335 406)
3(3146 406 336)
3(3204 282 281)
3(2144 2093 2074)
3(2144 2049 2093)
3(2144 2074 2049)
3(3059 500 430)
3(3059 430 2841)
3(3059 2841 500)
3(1005 2983 930)
3(1004 930 2983)
3(1999 1972 1910)
3(1871 1910 1972)
3(222 190 189)
3(222 189 1204)
3(3051 706 707)
3(3051 636 706)
3(3051 707 636)
3(534 502 1814)
3(1926 1814 502)
3(3415 2023 2126)
3(2023 595 2126)
3(3415 595 2023)
3(753 721 720)
3(2237 753 720)
3(2237 721 753)
3(2577 2614 2495)
3(2591 2577 2495)
3(2591 2495 2614)
3(2925 2879 2661)
3(2924 2925 2661)
3(2924 2661 2879)
3(562 3380 563)
3(2150 563 3380)
3(562 2150 3380)
3(933 1007 3021)
3(128 935 934)
3(2743 935 128)
3(2743 128 934)
3(297 3157 3154)
3(297 3154 3129)
3(297 3129 3157)
3(541 3163 542)
3(541 612 3163)
3(542 3163 612)
3(2926 2673 2708)
3(2925 2926 2708)
3(2925 2673 2926)
3(3072 446 445)
3(3072 516 446)
3(3072 445 516)
3(1481 1599 1480)
3(1433 1599 1481)
3(548 1828 516)
3(548 516 515)
3(548 515 1828)
3(1620 1727 435)
3(1620 436 1727)
3(2344 2267 2343)
3(2344 2361 2267)
3(3136 302 231)
3(513 512 3142)
3(513 545 512)
3(512 545 3142)
3(513 3142 545)
3(2550 2454 2594)
3(2594 2454 2580)
3(984 1030 2955)
3(2993 984 2955)
3(1480 1432 1562)
3(1532 1480 1562)
3(238 237 3096)
3(238 3063 237)
3(237 3063 3096)
3(3258 730 17)
3(762 3258 17)
3(2880 2673 2925)
3(2925 2673 2879)
3(2880 2879 2673)
3(2240 3365 755)
3(2240 51 3365)
3(755 3365 51)
3(2240 755 51)
3(2395 2292 2350)
3(2395 2396 2292)
3(1791 1647 1751)
3(1779 1751 1647)
3(362 361 3377)
3(1746 3377 361)
3(1746 362 3377)
3(892 859 3036)
3(892 3036 891)
3(2395 2293 2423)
3(2395 2394 2293)
3(2394 2423 2293)
3(363 1747 1645)
3(1748 363 1645)
3(1748 1645 1747)
3(1749 1691 1657)
3(1749 1657 1646)
3(1746 3377 1644)
3(1746 3217 3377)
3(1644 3377 3217)
3(1744 1643 1664)
3(1786 1744 1664)
3(1786 1664 1643)
3(668 3223 2262)
3(2351 668 2262)
3(2351 3223 668)
3(2351 2262 3223)
3(1744 3359 1745)
3(1745 3359 1655)
3(1744 1655 3359)
3(1744 1745 1655)
3(1545 1447 1546)
3(256 1447 3366)
3(256 1546 1447)
3(3366 1447 1546)
3(708 3103 3109)
3(707 3109 3103)
3(708 3109 707)
3(3242 685 667)
3(667 685 2350)
3(3242 667 2350)
3(3242 2350 685)
3(1746 1788 1689)
3(1747 1689 1788)
3(1889 2018 1990)
3(1889 1990 2008)
3(1889 2008 2018)
3(1944 1852 1840)
3(480 1944 1840)
3(480 1852 1944)
3(3259 564 583)
3(3259 583 582)
3(2926 2708 2677)
3(2926 2942 2708)
3(2926 2677 2942)
3(2677 2708 2942)
3(2603 2621 2506)
3(2518 2621 2603)
3(2518 2603 2506)
3(3310 800 780)
3(3310 780 781)
3(3310 781 800)
3(1756 1669 1619)
3(1756 1619 1668)
3(2144 2188 2074)
3(2144 2093 2188)
3(2074 2188 2093)
3(396 63 3014)
3(63 3255 3014)
3(396 3255 63)
3(396 3014 3255)
3(1619 1756 1620)
3(635 3008 68)
3(1064 3008 635)
3(1064 635 68)
3(1064 68 3008)
3(2372 2245 2408)
3(2343 2245 2372)
3(2343 2408 2245)
3(409 3152 408)
3(409 3141 3152)
3(2910 2892 2696)
3(2901 2696 2892)
3(2021 1911 2019)
3(1915 1911 2021)
3(435 3162 3159)
3(402 3159 3162)
3(1324 1218 1268)
3(1324 1219 1218)
3(1582 1539 1490)
3(1444 1490 1539)
3(1582 1444 1539)
3(1730 1626 1676)
3(1760 1676 1626)
3(1760 1626 1730)
3(1760 1730 1676)
3(1860 1923 1837)
3(1848 1837 1923)
3(2649 2910 2892)
3(2649 2892 2696)
3(2649 2696 2910)
3(1737 1768 1695)
3(1781 1695 1768)
3(1781 1737 1695)
3(2150 2063 2149)
3(562 2149 2063)
3(562 2063 2150)
3(393 3368 1649)
3(1613 3368 393)
3(1613 1649 3368)
3(1883 2017 1988)
3(1913 1988 2017)
3(1913 2017 1883)
3(2404 2301 2405)
3(2405 2301 2421)
3(2404 2421 2301)
3(2357 3436 673)
3(3436 674 673)
3(321 288 3387)
3(288 3254 3387)
3(321 3254 288)
3(321 3387 3254)
3(865 3391 832)
3(831 832 3391)
3(708 3147 3103)
3(708 638 3147)
3(198 1321 230)
3(198 230 231)
3(198 231 1321)
3(537 505 1817)
3(1957 537 1817)
3(47 1830 517)
3(1821 541 508)
3(509 541 1821)
3(2650 2696 2892)
3(2901 2696 2650)
3(469 3260 488)
3(469 470 3260)
3(2013 2000 1909)
3(2000 2008 1909)
3(2108 2211 2117)
3(2117 2211 2125)
3(2117 2118 2179)
3(2117 2179 2082)
3(2118 2082 2179)
3(3136 334 3145)
3(3156 3145 334)
3(1769 1665 1615)
3(1769 1615 1660)
3(3129 330 296)
3(329 3129 296)
3(329 296 330)
3(2317 2379 2411)
3(2407 2379 2317)
3(1755 398 1615)
3(1616 398 1755)
3(2457 865 3391)
3(2457 3391 832)
3(2910 2862 2649)
3(2892 2649 2862)
3(1524 266 3424)
3(1524 3424 1443)
3(3367 27 28)
3(3367 28 351)
3(3261 371 353)
3(372 371 3261)
3(2649 3421 895)
3(2650 895 3421)
3(2649 2650 3421)
3(1670 1620 1727)
3(1787 1804 1664)
3(1704 1787 1664)
3(2021 2020 1912)
3(1915 2021 1912)
3(3308 2156 569)
3(568 2156 3308)
3(3206 672 2264)
3(691 672 3206)
3(691 3206 2264)
3(691 2264 672)
3(1335 1232 1275)
3(1335 1275 1241)
3(1335 1241 1232)
3(1423 1527 1557)
3(1423 1577 1527)
3(1423 1557 1577)
3(2927 2639 2688)
3(2927 2688 2689)
3(1629 1630 1797)
3(1780 1677 1676)
3(1780 1676 1773)
3(1780 1627 1731)
3(1780 1760 1627)
3(1760 1731 1627)
3(512 3152 513)
3(512 3142 3152)
3(513 3152 3142)
3(1595 1483 1600)
3(1483 1579 1600)
3(1595 1579 1483)
3(1373 1401 1291)
3(1394 1291 1401)
3(1373 1291 1394)
3(1606 1509 1503)
3(1510 1606 1503)
3(1510 1509 1606)
3(729 730 2343)
3(762 729 2343)
3(3278 419 1636)
3(1637 3278 1636)
3(1637 419 3278)
3(3258 730 16)
3(3258 16 17)
3(2371 2243 2380)
3(2342 2243 2371)
3(2244 727 3404)
3(2342 2244 3404)
3(2690 2715 2938)
3(2690 2938 2691)
3(2938 2715 2691)
3(1796 1665 1800)
3(1666 1796 1800)
3(1666 1800 1665)
3(1765 1665 1800)
3(1796 1665 1765)
3(1916 1996 2009)
3(2003 1996 1916)
3(2062 600 3262)
3(2062 3262 601)
3(601 3262 600)
3(2949 2938 2726)
3(2949 2726 2948)
3(2938 2948 2726)
3(2420 2419 2277)
3(2381 2277 2419)
3(2420 2277 2381)
3(1483 1600 1502)
3(2307 2277 2419)
3(2419 2277 2315)
3(2307 2419 2315)
3(2307 2277 2420)
3(2419 2307 2420)
3(2504 2623 2530)
3(2504 2521 2623)
3(343 2953 310)
3(43 310 2953)
3(1989 1883 2017)
3(2240 3365 2239)
3(2948 2947 2728)
3(2948 2728 2949)
3(3235 687 686)
3(3235 686 668)
3(2724 2725 2932)
3(2927 2724 2932)
3(2927 2932 2725)
3(1824 1984 1931)
3(1824 1874 1984)
3(546 513 545)
3(546 1961 513)
3(544 3142 3163)
3(544 3163 511)
3(544 511 3142)
3(3383 791 790)
3(3383 790 772)
3(3383 772 791)
3(2152 564 3259)
3(2151 2152 3259)
3(2483 2581 2585)
3(2349 2395 2293)
3(2395 2259 2293)
3(2349 2259 2395)
3(2297 2401 2323)
3(1608 1583 1515)
3(1605 1608 1515)
3(1989 1917 2017)
3(1989 1883 1917)
3(1883 2017 1917)
3(1849 1883 1943)
3(1884 1849 1943)
3(1642 1741 357)
3(1741 3350 357)
3(1642 357 3350)
3(1642 3350 1741)
3(1655 1664 1744)
3(1655 1744 1643)
3(2915 2700 2944)
3(2915 2944 2702)
3(2700 2702 2944)
3(2915 2702 2700)
3(2161 574 3357)
3(2161 3357 593)
3(2161 593 574)
3(326 3015 3050)
3(326 3058 3015)
3(326 3050 3058)
3(2504 2471 2598)
3(2598 2471 2599)
3(2504 2598 2599)
3(1336 1382 1244)
3(1336 1244 1337)
3(1707 1807 1776)
3(1707 1776 1808)
3(435 505 3128)
3(435 3128 3162)
3(435 3162 505)
3(3128 505 3162)
3(1672 1728 1758)
3(1770 1672 1758)
3(1900 2005 1864)
3(1902 1864 2005)
3(1902 2005 1900)
3(2031 2185 2080)
3(2915 2702 2943)
3(2914 2943 2702)
3(2914 2702 2915)
3(2408 2291 2386)
3(2408 2421 2291)
3(353 1640 1737)
3(353 1737 3261)
3(1737 1640 3261)
3(3355 3187 1937)
3(1937 3187 1954)
3(3355 1937 1954)
3(3355 1954 3187)
3(1913 2016 2017)
3(1988 2016 1913)
3(3324 1338 153)
3(1233 1338 3324)
3(1649 392 3368)
3(393 3368 392)
3(3247 1650 1613)
3(3247 394 1650)
3(2051 576 2132)
3(2132 576 3311)
3(2051 2132 3311)
3(3263 568 586)
3(3263 567 568)
3(3263 586 567)
3(2152 565 584)
3(2152 584 583)
3(2152 583 565)
3(1855 1896 1950)
3(1843 1855 1950)
3(1843 1950 1896)
3(3393 493 1846)
3(1919 3393 1846)
3(2214 2179 2117)
3(2118 2179 2214)
3(402 331 3159)
3(3159 331 401)
3(400 1617 433)
3(1618 400 433)
3(708 3147 3109)
3(2255 2408 2360)
3(2255 2405 2408)
3(2255 2360 2405)
3(2925 2708 2942)
3(2708 2931 2942)
3(53 2451 826)
3(53 859 2451)
3(3137 3131 742)
3(3137 743 3131)
3(3137 742 743)
3(743 742 3131)
3(1957 1866 1927)
3(1957 1976 1866)
3(1976 1927 1866)
3(1809 492 1918)
3(3268 492 1809)
3(2308 2409 2284)
3(2285 2284 2409)
3(2285 2409 2308)
3(3013 65 2976)
3(499 2976 65)
3(499 3013 2976)
3(608 2165 607)
3(608 641 2165)
3(608 607 641)
3(2165 641 607)
3(53 2451 52)
3(2611 2492 2526)
3(2274 2311 2412)
3(2274 2378 2311)
3(2412 2311 2378)
3(1815 1865 1955)
3(1816 1955 1865)
3(1815 1955 1816)
3(2027 2076 2164)
3(435 504 3128)
3(3128 504 505)
3(2926 2662 2708)
3(2926 2673 2662)
3(2926 2662 2677)
3(1900 1968 2011)
3(1968 1895 2011)
3(1900 2011 1895)
3(2202 2078 2180)
3(2078 2029 2180)
3(2202 2029 2078)
3(3128 3159 435)
3(1626 1675 1730)
3(1778 1734 1681)
3(1635 1734 1778)
3(1635 1681 1734)
3(549 2956 3071)
3(549 3071 2994)
3(612 3164 645)
3(645 3164 611)
3(612 645 611)
3(2119 2183 2212)
3(539 506 538)
3(1928 538 506)
3(539 1928 506)
3(1928 1957 1818)
3(1928 1818 538)
3(2042 2090 2207)
3(2207 2090 2205)
3(2042 2207 2205)
3(1825 1875 1961)
3(1826 1961 1875)
3(1825 1961 1826)
3(1825 1961 1874)
3(1931 1961 1825)
3(1793 1734 1681)
3(1825 545 512)
3(2622 2606 2516)
3(2622 2516 2605)
3(2234 2338 718)
3(2234 2235 2338)
3(718 2338 2235)
3(1581 1576 1480)
3(3280 827 861)
3(3280 2452 827)
3(3280 861 2452)
3(2041 2207 2088)
3(2170 2088 2207)
3(2170 2207 2041)
3(2956 549 3032)
3(619 549 2956)
3(619 2956 3032)
3(3423 521 520)
3(3423 1833 521)
3(796 778 3277)
3(778 797 3277)
3(2606 2516 2616)
3(1492 1590 1591)
3(1549 1492 1591)
3(1549 1590 1492)
3(1764 1778 1635)
3(362 380 3377)
3(3377 380 361)
3(2926 2929 2677)
3(2677 2929 2662)
3(2926 2662 2929)
3(1832 1831 1963)
3(1832 1963 1878)
3(2051 2145 2065)
3(2051 577 2145)
3(2936 2917 2731)
3(2945 2731 2917)
3(2936 2731 2945)
3(1945 462 3276)
3(1945 3276 1944)
3(3423 520 552)
3(3423 552 1934)
3(520 1934 552)
3(3187 556 3355)
3(1937 556 3187)
3(1937 3355 556)
3(2936 2918 2731)
3(2278 2420 2307)
3(2278 2277 2420)
3(2193 2095 2216)
3(2193 2192 2095)
3(2052 559 3197)
3(2052 3197 2146)
3(2510 2584 2583)
3(1936 3187 1954)
3(1937 3187 1936)
3(3355 524 1836)
3(491 524 3355)
3(2419 2314 2424)
3(2307 2419 2424)
3(2307 2314 2419)
3(2307 2424 2314)
3(1336 1286 1232)
3(1244 1286 1336)
3(1244 1336 1232)
3(1336 1286 1381)
3(1232 1381 1286)
3(1998 1897 1997)
3(485 467 3264)
3(486 3264 467)
3(486 485 3264)
3(744 743 3097)
3(744 3097 814)
3(814 3097 743)
3(3312 657 623)
3(3312 624 657)
3(490 3405 489)
3(1845 489 3405)
3(490 1845 3405)
3(3405 489 471)
3(490 3405 471)
3(2872 2657 2871)
3(2872 965 2657)
3(965 2871 2657)
3(1015 2988 941)
3(3265 2455 830)
3(2455 2580 830)
3(3265 2580 2455)
3(2455 831 3265)
3(831 830 3265)
3(590 2058 3401)
3(590 3401 571)
3(590 571 2058)
3(2058 571 3401)
3(545 3142 3151)
3(545 3151 615)
3(545 615 3142)
3(2287 2384 2237)
3(2237 2384 2238)
3(2287 2238 2384)
3(2159 2058 2200)
3(2159 2158 2058)
3(1965 522 1834)
3(1835 522 1965)
3(2948 2922 2730)
3(2948 2728 2922)
3(2948 2730 2728)
3(2922 2728 2730)
3(411 1731 1628)
3(411 410 1731)
3(1628 1731 410)
3(1734 3371 450)
3(2923 2922 2730)
3(1574 1478 1531)
3(1596 1531 1478)
3(3264 1950 467)
3(3264 467 1949)
3(3264 1949 1950)
3(1997 1844 1952)
3(1856 1844 1997)
3(1856 1952 1844)
3(1892 1896 1950)
3(1855 1892 1950)
3(1683 1764 1772)
3(1683 1682 1764)
3(1772 1764 1682)
3(1845 1856 3405)
3(1856 489 3405)
3(470 489 3405)
3(489 3260 3405)
3(2949 2726 2689)
3(2949 2725 2726)
3(2949 2689 2725)
3(1966 1818 1819)
3(1966 1928 1818)
3(1368 1414 1299)
3(1257 1299 1414)
3(1257 1368 1299)
3(2013 1908 1867)
3(1867 1908 1974)
3(3390 946 140)
3(3390 139 946)
3(3390 140 139)
3(2043 619 2171)
3(2042 2171 619)
3(603 635 2133)
3(2133 635 2026)
3(603 2026 635)
3(535 605 3139)
3(535 3139 3123)
3(764 3373 783)
3(783 3373 2472)
3(764 783 2472)
3(705 3011 706)
3(706 3011 738)
3(705 706 738)
3(3008 3055 635)
3(2948 2715 2730)
3(2937 2715 2948)
3(2937 2730 2715)
3(395 1650 3369)
3(395 3369 394)
3(2271 2247 2345)
3(2261 2271 2345)
3(2261 2345 2247)
3(1336 1382 1286)
3(1286 1381 1382)
3(1506 1585 1584)
3(1506 1608 1585)
3(2177 2190 2104)
3(2177 2104 2146)
3(1720 1694 1698)
3(1720 1649 1694)
3(1849 1840 1943)
3(459 3211 478)
3(459 478 1942)
3(478 3211 1942)
3(536 3123 3149)
3(536 607 3123)
3(3131 743 3097)
3(3131 3097 744)
3(3131 744 743)
3(3149 608 538)
3(3149 537 608)
3(3149 538 537)
3(2587 2542 2486)
3(2587 2486 2592)
3(2880 2662 2673)
3(2880 2673 916)
3(1880 2006 1904)
3(1900 2005 1863)
3(1864 1863 2005)
3(307 3138 3135)
3(947 3390 946)
3(947 140 3390)
3(2011 1900 2005)
3(2613 2483 2435)
3(2613 2435 2571)
3(2435 2483 2571)
3(617 650 3151)
3(650 3098 3151)
3(617 3151 3098)
3(617 3098 650)
3(516 548 1829)
3(1914 1886 2015)
3(1886 2016 2015)
3(2481 2595 2509)
3(2481 2500 2595)
3(2075 2177 2145)
3(2075 2145 2131)
3(2075 2131 2177)
3(1965 554 1834)
3(522 1834 554)
3(2176 2190 2104)
3(2177 2176 2104)
3(559 578 2052)
3(578 3197 2052)
3(665 683 2348)
3(3343 665 2348)
3(3343 2348 683)
3(3399 2891 952)
3(3399 952 953)
3(3399 953 2891)
3(2076 2073 2174)
3(2076 2174 2112)
3(2123 2213 2122)
3(1912 1899 2010)
3(1912 2010 1873)
3(2010 1899 1873)
3(713 2229 2365)
3(2229 2230 2365)
3(713 2365 2230)
3(3301 2661 915)
3(3301 2673 2661)
3(3301 915 2673)
3(2120 2085 2204)
3(2085 2119 2204)
3(2143 2047 2187)
3(2187 2047 2173)
3(2483 2484 2613)
3(719 718 751)
3(719 751 2235)
3(718 2235 751)
3(798 3310 779)
3(2466 779 3310)
3(2466 798 779)
3(2466 3310 798)
3(2107 2175 2073)
3(3211 478 477)
3(1065 2975 985)
3(67 2975 1065)
3(2275 2383 2226)
3(2276 2226 2383)
3(2276 2383 2275)
3(779 2466 2568)
3(2568 2466 2567)
3(779 2567 2466)
3(3393 1846 494)
3(2560 772 2462)
3(3383 772 2560)
3(3383 2462 772)
3(3383 2560 2462)
3(1910 2004 1972)
3(1999 2004 1910)
3(1802 1715 1713)
3(1802 1713 1788)
3(1802 1788 1715)
3(1715 1788 1713)
3(1812 492 1918)
3(1809 1812 1918)
3(714 713 3144)
3(714 3144 746)
3(746 3144 713)
3(714 746 713)
3(390 1648 3406)
3(1611 390 3406)
3(1812 492 525)
3(1812 525 1918)
3(1793 1680 1797)
3(1680 1679 1797)
3(1793 1797 1679)
3(1793 1679 1680)
3(1924 3202 1923)
3(531 3202 1924)
3(531 1923 3202)
3(2186 2080 2136)
3(2136 2080 2185)
3(2186 2185 2080)
3(2136 2081 2080)
3(2186 2080 2081)
3(2432 2468 3375)
3(805 3375 2468)
3(805 2432 3375)
3(2144 2093 3214)
3(2173 3214 2093)
3(2173 2144 3214)
3(2537 2468 3375)
3(2537 2432 2468)
3(2537 3375 2432)
3(1956 1813 501)
3(1956 533 1813)
3(1956 501 533)
3(2197 2214 2111)
3(2197 2111 2212)
3(1866 1927 1817)
3(1957 1866 1817)
3(1957 1817 1927)
3(2030 2135 606)
3(607 606 2135)
3(2053 2148 2097)
3(2192 2097 2148)
3(2053 2192 2148)
3(2053 2097 2192)
3(838 3375 3429)
3(2537 3375 838)
3(2537 3429 3375)
3(2537 838 3429)
3(2438 2572 813)
3(504 537 505)
3(504 1817 537)
3(1765 1665 1702)
3(1702 1665 1800)
3(2196 2111 2197)
3(2196 2214 2111)
3(2222 705 738)
3(2222 738 3283)
3(2310 2375 2418)
3(2375 2306 2418)
3(2310 2418 2306)
3(2310 2306 2375)
3(2194 2121 2105)
3(2194 2125 2121)
3(2428 2321 2427)
3(2428 2427 2319)
3(2428 2319 2321)
3(2321 2319 2427)
3(3259 565 564)
3(3259 2152 565)
3(1746 1689 1692)
3(1746 1692 1644)
3(1932 1876 1826)
3(1826 1876 1961)
3(1932 1826 1961)
3(3029 446 445)
3(2321 2426 2318)
3(2321 2428 2426)
3(2321 2318 2428)
3(3029 3126 445)
3(412 3126 3029)
3(412 445 3126)
3(412 3029 445)
3(339 1431 306)
3(1431 338 306)
3(339 306 338)
3(549 548 516)
3(548 3031 516)
3(515 445 3127)
3(3127 445 444)
3(3125 547 3113)
3(3113 547 546)
3(1881 2001 1965)
3(2001 1835 1965)
3(2127 2023 2060)
3(2364 2228 2335)
3(2228 744 2335)
3(2364 744 2228)
3(2487 2438 2592)
3(1745 1787 1655)
3(1746 1745 1655)
3(2162 2188 2074)
3(2014 1904 2003)
3(2014 1891 1904)
3(2003 1904 1891)
3(1988 1884 1942)
3(1943 1942 1884)
3(442 409 410)
3(442 3152 409)
3(410 409 3152)
3(3367 395 28)
3(1987 1884 1942)
3(1358 1210 1259)
3(1358 1259 1260)
3(1358 1260 1210)
3(3206 689 671)
3(3206 690 689)
3(3230 584 2152)
3(3230 2152 565)
3(2755 946 3390)
3(1141 3390 946)
3(1141 2755 3390)
3(1141 946 2755)
3(2590 2490 2586)
3(2590 2586 2525)
3(2525 2586 2490)
3(2590 2525 2490)
3(2380 2410 2290)
3(2380 2290 2413)
3(2413 2290 2410)
3(697 3258 730)
3(697 16 3258)
3(3266 471 472)
3(3266 490 471)
3(3266 472 490)
3(1836 3187 1954)
3(2247 3322 2330)
3(2247 2330 2345)
3(2330 3322 2345)
3(2247 2345 3322)
3(2061 2129 3384)
3(2061 2024 2129)
3(1653 1695 1768)
3(1663 1768 1695)
3(1653 1768 1663)
3(1935 554 1834)
3(1965 1935 1834)
3(3267 494 495)
3(3329 522 521)
3(3329 1834 522)
3(3329 521 1834)
3(534 502 501)
3(1814 534 501)
3(707 3103 3057)
3(707 3057 3051)
3(707 3051 3103)
3(1703 1667 1807)
3(1792 1703 1807)
3(1792 1667 1703)
3(2186 2108 2218)
3(2211 2218 2108)
3(2211 2108 2186)
3(2173 2093 2187)
3(2181 2187 2093)
3(707 3109 3057)
3(3329 554 521)
3(3329 522 554)
3(3149 3153 608)
3(3149 608 607)
3(608 3153 607)
3(1867 1818 1928)
3(1976 1865 1907)
3(1976 1866 1865)
3(1976 1907 1866)
3(1872 1822 1999)
3(1979 1965 1881)
3(2001 1979 1881)
3(3143 714 713)
3(3143 713 3144)
3(3143 3144 714)
3(2406 2318 2282)
3(2406 2281 2318)
3(1366 1210 1358)
3(1320 1358 1210)
3(1366 1320 1210)
3(2106 2200 2199)
3(2106 2199 2209)
3(2463 2508 2562)
3(2474 2463 2562)
3(2014 1998 1897)
3(2339 2368 2236)
3(2339 2236 752)
3(2048 2173 624)
3(3214 2173 2048)
3(3367 395 428)
3(3367 428 28)
3(2022 1902 1907)
3(2022 1865 1902)
3(2022 1907 1865)
3(1995 1996 1916)
3(1995 1916 1892)
3(1996 1892 1916)
3(1995 1892 1996)
3(3428 384 383)
3(3428 383 365)
3(3365 2240 2241)
3(3365 2241 724)
3(2012 1913 2017)
3(2012 1908 1913)
3(2012 1908 1914)
3(1026 2995 48)
3(48 2995 1027)
3(2128 630 3384)
3(630 3210 3384)
3(2128 3384 3210)
3(2309 2388 2413)
3(2309 2416 2388)
3(2309 2413 2416)
3(2112 2213 2175)
3(3268 492 493)
3(2076 2073 2178)
3(2076 2178 2174)
3(2174 2178 2073)
3(2286 2309 2388)
3(2286 2413 2309)
3(2286 2388 2413)
3(2403 2358 2299)
3(2357 2403 2299)
3(2008 1989 1917)
3(2285 2388 2309)
3(2309 2388 2409)
3(2285 2309 2409)
3(697 3258 2246)
3(2148 2097 2064)
3(2148 2064 2053)
3(540 507 1820)
3(540 1820 508)
3(540 508 507)
3(2113 2176 2103)
3(2113 2107 2176)
3(2176 2107 2103)
3(1793 1680 1795)
3(1680 1797 1795)
3(2286 2285 2388)
3(2003 1979 1904)
3(2014 1904 1979)
3(3158 3162 506)
3(507 3158 506)
3(507 3162 3158)
3(1979 1965 1834)
3(458 3270 476)
3(1850 458 476)
3(1850 3270 458)
3(718 3148 751)
3(718 750 3148)
3(3148 750 751)
3(718 751 750)
3(2100 2199 2200)
3(74 54 2647)
3(2647 54 3335)
3(1850 1887 1986)
3(1850 1986 1838)
3(1026 2995 49)
3(2144 3214 3362)
3(658 2144 3362)
3(658 3214 2144)
3(658 3362 3214)
3(2453 2498 2610)
3(2498 2454 2610)
3(1904 2014 1897)
3(1850 1886 1986)
3(1986 1886 1887)
3(1969 1895 2011)
3(1369 1268 1269)
3(1802 1700 1713)
3(1999 1930 1872)
3(1872 1930 1975)
3(1782 1688 1781)
3(1781 1688 1738)
3(1782 1738 1688)
3(1987 1986 1850)
3(1987 1850 1886)
3(2088 2087 2189)
3(2184 2088 2189)
3(3314 680 681)
3(3314 681 2261)
3(3314 2261 680)
3(2173 2048 2187)
3(2048 2093 2187)
3(2173 2093 2048)
3(2087 2189 2039)
3(2223 2390 2268)
3(2223 2222 2390)
3(2208 2110 2215)
3(2209 2110 2208)
3(2209 2215 2110)
3(2100 2106 2199)
3(2109 2199 2106)
3(2100 2199 2109)
3(3109 709 708)
3(3109 708 741)
3(1975 1873 2010)
3(1975 1984 1873)
3(2010 1873 1984)
3(1872 1822 1930)
3(1788 1774 1713)
3(2020 2009 1905)
3(2020 1905 1995)
3(1905 2009 1995)
3(2502 2556 2599)
3(2502 2600 2556)
3(1805 1677 1775)
3(1780 1775 1677)
3(3160 647 613)
3(646 613 647)
3(646 3160 613)
3(646 647 3160)
3(2077 2202 2122)
3(2210 2122 2202)
3(1869 1966 2000)
3(2000 1966 1868)
3(1869 2000 1868)
3(2623 2530 2624)
3(2624 2530 2620)
3(2623 2620 2530)
3(1805 1677 1798)
3(3160 544 614)
3(615 3160 614)
3(615 544 3160)
3(1872 1911 2021)
3(2021 1911 1912)
3(1872 2021 1912)
3(1624 440 439)
3(1624 407 440)
3(1624 439 407)
3(407 439 440)
3(719 3148 718)
3(719 648 3148)
3(718 3148 648)
3(2010 2020 1912)
3(2010 1912 2021)
3(2471 2598 2555)
3(2471 2554 2598)
3(2318 2411 2312)
3(2317 2411 2318)
3(2505 2598 2504)
3(2505 2471 2598)
3(2065 2146 2104)
3(2065 2052 2146)
3(3379 621 2044)
3(2142 621 3379)
3(2142 3379 2044)
3(688 2251 669)
3(3235 688 669)
3(3235 669 2251)
3(1624 440 1729)
3(1624 1729 439)
3(2056 2155 2068)
3(2155 3263 2068)
3(2056 3263 2155)
3(2056 2068 3263)
3(2310 2412 2273)
3(2274 2412 2310)
3(2615 2614 2498)
3(2614 2610 2498)
3(2397 2352 2262)
3(2352 2351 2262)
3(2619 2531 2605)
3(2516 2605 2531)
3(2516 2619 2605)
3(3380 563 581)
3(3380 581 562)
3(2431 2536 2468)
3(2536 3193 2468)
3(2493 2589 2527)
3(2589 2611 2527)
3(2493 2611 2589)
3(2491 2490 2574)
3(2590 2490 2491)
3(2590 2574 2490)
3(2254 2358 2403)
3(2371 2242 3331)
3(2371 3331 2341)
3(2341 3331 2242)
3(2371 2341 2242)
3(2038 2039 2169)
3(2038 2169 648)
3(2463 2474 3378)
3(2615 2517 2498)
3(2615 2496 2517)
3(2615 2498 2496)
3(2372 2245 2291)
3(2291 2245 2408)
3(2372 2291 2408)
3(1593 1462 1451)
3(646 2036 2138)
3(646 2168 2036)
3(2036 2168 2138)
3(2159 591 2160)
3(2159 2070 591)
3(2159 2160 2070)
3(2070 2160 591)
3(591 2160 572)
3(591 572 2159)
3(2416 2410 2309)
3(2309 2410 2305)
3(2416 2309 2305)
3(139 946 1141)
3(3208 572 573)
3(3208 592 572)
3(2089 2207 2088)
3(2041 2207 2089)
3(3042 886 854)
3(3042 853 886)
3(3042 854 853)
3(645 2036 2138)
3(3245 675 2358)
3(2359 675 3245)
3(2359 3245 2358)
3(649 2039 616)
3(649 616 648)
3(2167 2035 645)
3(611 2035 2167)
3(611 645 2035)
3(776 777 3430)
3(776 3430 795)
3(3430 777 795)
3(3269 673 692)
3(3269 691 673)
3(3269 692 691)
3(2110 2087 2215)
3(2110 2215 2109)
3(2544 2490 2586)
3(2544 2590 2490)
3(2696 2910 2694)
3(2696 2695 2910)
3(2910 2695 2694)
3(2183 2083 2179)
3(2118 2179 2083)
3(2118 2183 2179)
3(2118 2083 2183)
3(2025 3398 2062)
3(600 3398 2025)
3(1823 1975 1930)
3(1823 1930 1960)
3(1823 1960 1975)
3(1824 544 1931)
3(1824 1931 1960)
3(1824 1960 544)
3(2244 2372 2291)
3(2386 2291 2372)
3(2244 2291 2386)
3(2244 2386 2372)
3(2062 2025 2130)
3(2025 3398 2130)
3(1624 1759 440)
3(407 440 1759)
3(407 1759 1624)
3(2208 2091 2092)
3(2187 2092 2091)
3(2208 2187 2091)
3(2208 2092 2187)
3(2491 2545 2442)
3(1759 1729 1624)
3(2373 2365 2279)
3(2407 2279 2365)
3(2407 2373 2279)
3(2382 2282 2283)
3(2233 2382 2283)
3(2233 2282 2382)
3(3045 853 3042)
3(820 3045 3042)
3(820 3042 853)
3(820 853 3045)
3(820 3130 749)
3(750 749 3130)
3(750 3130 820)
3(2030 2163 2135)
3(2355 672 2264)
3(3206 672 2355)
3(3206 2355 2264)
3(2840 3040 396)
3(3040 2978 396)
3(2356 672 2264)
3(2355 2356 2264)
3(850 849 816)
3(850 3044 849)
3(850 816 3044)
3(2632 2682 2883)
3(2632 2883 2633)
3(2166 2033 643)
3(643 2033 642)
3(609 3153 642)
3(609 641 3153)
3(642 3153 641)
3(475 476 3270)
3(475 3270 1838)
3(2278 2373 2381)
3(2278 2228 2373)
3(2278 2381 2228)
3(2373 2228 2381)
3(1624 1729 1623)
3(439 1623 1729)
3(439 1624 1623)
3(2623 2530 2598)
3(2504 2598 2530)
3(2504 2623 2598)
3(1624 1729 1673)
3(2086 2204 2085)
3(2037 2085 2204)
3(2357 673 3269)
3(3269 673 2356)
3(2357 3269 2356)
3(615 648 3151)
3(615 3151 616)
3(3151 648 616)
3(542 509 1959)
3(1959 509 1822)
3(542 1822 509)
3(1697 1691 1790)
3(1697 1790 1646)
3(2234 717 750)
3(717 2367 750)
3(2234 2367 717)
3(3328 368 367)
3(3328 367 1752)
3(3328 1752 368)
3(2140 2039 649)
3(1874 1961 1875)
3(1875 1961 2002)
3(2370 2242 725)
3(2370 725 2241)
3(2370 2241 2242)
3(2184 2215 2110)
3(2414 2418 2313)
3(2414 2322 2418)
3(2414 2313 2322)
3(1380 1305 1409)
3(1380 1408 1305)
3(618 3077 3032)
3(619 3032 3077)
3(619 3077 618)
3(2295 2393 2260)
3(2515 2586 2488)
3(2524 2586 2515)
3(2524 2488 2586)
3(2488 2515 2593)
3(2515 2586 2593)
3(2488 2593 2586)
3(3370 271 253)
3(272 3370 253)
3(272 271 3370)
3(603 3052 533)
3(604 533 3052)
3(2515 2625 2523)
3(1612 392 3435)
3(1720 1612 3435)
3(1720 392 1612)
3(2036 2035 645)
3(645 2035 2138)
3(2036 2138 2035)
3(2515 2618 2586)
3(2524 2618 2515)
3(2524 2586 2618)
3(2515 2618 2593)
3(2337 748 716)
3(716 748 749)
3(2337 716 749)
3(1380 1305 1275)
3(1380 1275 1409)
3(2138 2204 2084)
3(2183 2138 2084)
3(457 3270 476)
3(457 458 3270)
3(651 2041 2141)
3(651 618 2041)
3(1827 1962 1977)
3(1827 1977 1932)
3(1789 1715 1788)
3(1715 1686 1788)
3(2516 2606 2513)
3(2507 2513 2606)
3(2172 2203 2090)
3(2205 2090 2203)
3(2205 2172 2090)
3(3383 791 2462)
3(164 3220 146)
3(164 146 3389)
3(146 3220 3389)
3(164 3389 3220)
3(479 1943 1849)
3(479 1840 1943)
3(1805 1677 1701)
3(1805 1701 1798)
3(1701 1677 1798)
3(1303 1396 1263)
3(1391 1396 1303)
3(1391 1303 1263)
3(2114 2097 2216)
3(2095 2114 2216)
3(2559 2473 790)
3(3383 2473 2559)
3(2305 2402 2299)
3(2402 2323 2299)
3(2305 2323 2402)
3(2095 2149 2063)
3(2053 2063 2149)
3(2095 2053 2149)
3(1428 302 1530)
3(1428 1530 1427)
3(2014 1881 2001)
3(2014 1979 1881)
3(2013 1868 1909)
3(2013 2000 1868)
3(2000 1909 1868)
3(2162 2071 2074)
3(2074 2071 2188)
3(2144 3214 2049)
3(2144 2049 3362)
3(2049 3214 3362)
3(2109 2209 2199)
3(2109 2199 2215)
3(2109 2215 2209)
3(2361 3219 3409)
3(2267 3219 2361)
3(2267 2361 3409)
3(2267 3409 3219)
3(2140 2170 2040)
3(2266 2305 2404)
3(2266 2404 2254)
3(145 1330 3389)
3(146 145 3389)
3(146 3389 1330)
3(1391 1351 1214)
3(1391 1214 1322)
3(3322 704 33)
3(3322 33 679)
3(2261 2303 2392)
3(2392 2303 2377)
3(2261 2377 2303)
3(2261 2392 2377)
3(2159 2058 2070)
3(2220 2269 2327)
3(2269 2256 2327)
3(2084 2035 2167)
3(2083 2167 2035)
3(599 2061 3271)
3(3271 2061 598)
3(599 3271 598)
3(2330 2247 2258)
3(1970 1893 1860)
3(1970 1851 1893)
3(1970 1860 1851)
3(1391 1351 1263)
3(809 3074 808)
3(809 808 3053)
3(808 3074 3053)
3(2652 3272 897)
3(2652 898 3272)
3(898 897 3272)
3(612 2035 645)
3(1304 1307 1413)
3(1304 1412 1307)
3(842 809 841)
3(802 3228 3412)
3(835 802 3412)
3(835 3228 802)
3(2136 2032 2166)
3(2502 2470 2556)
3(2557 2502 2556)
3(2557 2556 2470)
3(1304 1303 1413)
3(2437 2436 2587)
3(1794 1675 1625)
3(1794 1625 1674)
3(1794 1674 1675)
3(2533 2479 2534)
3(1777 1776 1669)
3(2962 1094 1055)
3(2267 2343 2246)
3(2267 2246 2344)
3(2246 2343 2344)
3(3192 968 910)
3(2416 2308 2323)
3(2416 2323 2305)
3(2416 2305 2308)
3(2406 2317 2379)
3(2406 2411 2317)
3(2654 3376 3273)
3(2852 3376 2654)
3(2852 2654 3273)
3(2852 3273 3376)
3(2457 781 800)
3(2457 2478 781)
3(2478 800 781)
3(2391 2235 2368)
3(2338 2235 2391)
3(1977 2006 1877)
3(1877 2006 1876)
3(1977 1877 1876)
3(2386 2410 2290)
3(2386 2290 2380)
3(2665 872 3273)
3(2665 3273 873)
3(873 3273 872)
3(3286 897 2893)
3(3286 957 897)
3(957 2893 897)
3(3286 2893 957)
3(3376 37 900)
3(873 37 3376)
3(873 3376 900)
3(2195 2105 2066)
3(2099 2105 2195)
3(1631 1762 1630)
3(413 1762 1631)
3(413 1630 1762)
3(1850 1986 1941)
3(1850 1941 1940)
3(1850 1940 1986)
3(2194 2150 2094)
3(2193 2194 2094)
3(2008 2004 1903)
3(1903 2004 2018)
3(2008 1903 2018)
3(1948 3207 484)
3(3160 647 614)
3(3160 614 613)
3(2307 2420 2316)
3(1501 1591 1498)
3(1501 1492 1591)
3(2609 2485 2484)
3(2529 2609 2484)
3(2168 646 613)
3(2294 2357 2402)
3(2402 2357 2299)
3(2294 2299 2357)
3(2294 2402 2299)
3(2155 2056 2096)
3(2096 2056 2197)
3(2155 2197 2056)
3(2155 2096 2197)
3(3213 971 913)
3(3213 913 912)
3(1991 1889 2018)
3(644 3143 713)
3(713 3143 643)
3(3037 855 888)
3(2973 989 1061)
3(2973 1060 989)
3(1413 1303 1264)
3(1391 1303 1413)
3(1391 1413 1264)
3(1391 1264 1303)
3(3048 2845 875)
3(3048 842 2845)
3(1065 3012 985)
3(3012 2975 985)
3(603 602 2975)
3(602 635 2975)
3(603 2975 635)
3(603 635 602)
3(602 67 3274)
3(595 3274 67)
3(856 823 855)
3(2447 855 823)
3(856 2447 823)
3(856 855 2447)
3(716 748 715)
3(3155 715 748)
3(716 3155 748)
3(3415 2127 2023)
3(3415 2023 2060)
3(3415 2060 2127)
3(890 2962 891)
3(2962 1055 891)
3(890 891 1055)
3(890 1055 2962)
3(3073 890 2962)
3(3073 891 890)
3(3073 2962 891)
3(3091 855 823)
3(822 823 855)
3(822 3091 823)
3(822 855 3091)
3(3091 856 823)
3(3275 862 829)
3(3275 829 863)
3(3275 863 862)
3(2131 2145 2051)
3(2132 2131 2051)
3(2132 2051 2145)
3(1229 145 3389)
3(163 3389 145)
3(1229 3389 163)
3(1229 163 145)
3(2594 2610 2454)
3(3301 914 915)
3(3301 2661 914)
3(2162 2050 2074)
3(601 3262 2051)
3(2132 601 2051)
3(2132 2051 3262)
3(2132 3262 601)
3(2294 2356 2402)
3(2914 2703 2935)
3(2914 2913 2703)
3(2935 2703 2913)
3(695 3289 676)
3(695 2359 3289)
3(3289 2359 676)
3(820 2546 853)
3(820 853 854)
3(2165 608 2031)
3(2032 608 2165)
3(2032 2165 2031)
3(2721 2944 2727)
3(2700 2944 2721)
3(2700 2727 2944)
3(747 714 3144)
3(747 746 714)
3(747 3144 746)
3(2329 2257 2302)
3(2328 2302 2257)
3(2328 2257 2329)
3(2328 2329 2302)
3(2082 2034 2166)
3(2033 2166 2034)
3(2082 2166 2033)
3(3314 662 681)
3(3314 680 662)
3(1501 1601 1498)
3(1498 1601 1591)
3(3033 721 722)
3(1744 3359 360)
3(360 3359 1745)
3(2137 2167 2034)
3(2083 2034 2167)
3(2083 2167 2137)
3(650 2040 616)
3(649 650 616)
3(649 616 2040)
3(2562 774 2475)
3(2562 3378 774)
3(2562 2475 3378)
3(774 3378 2475)
3(650 617 616)
3(650 616 3151)
3(649 650 3151)
3(649 3151 616)
3(2356 3269 2264)
3(672 3269 2356)
3(672 2264 3269)
3(617 616 3151)
3(650 3151 3132)
3(649 650 3132)
3(2266 694 2359)
3(2266 2359 695)
3(651 3033 3077)
3(652 3077 3033)
3(652 651 3077)
3(2513 2606 2616)
3(2513 2607 2606)
3(2513 2616 2607)
3(648 3148 717)
3(717 3148 647)
3(648 647 3148)
3(2650 2697 2901)
3(2650 2863 2697)
3(2457 2456 3391)
3(2456 2481 3391)
3(1512 1511 1596)
3(1604 1511 1512)
3(2046 2090 2172)
3(2046 2172 2203)
3(2046 2203 2090)
3(2493 2589 2516)
3(2009 1916 1995)
3(2244 2245 2372)
3(2372 2245 3404)
3(2244 2372 3404)
3(2244 3404 2245)
3(2569 2478 2595)
3(481 3276 462)
3(481 480 3276)
3(2534 2430 2479)
3(2533 2479 2430)
3(1530 1596 1477)
3(1530 1477 1575)
3(1596 1575 1477)
3(2275 2225 2378)
3(2275 2378 2274)
3(1782 1688 1803)
3(3262 32 601)
3(3262 601 634)
3(3262 634 32)
3(1639 1736 1653)
3(1736 3200 1653)
3(1639 1653 3200)
3(1639 3200 1736)
3(3195 902 961)
3(2095 2150 2063)
3(2150 2063 2094)
3(1477 1511 1596)
3(2407 2278 2420)
3(2316 2420 2278)
3(2316 2407 2420)
3(1604 1590 1512)
3(1516 1604 1512)
3(1516 1512 1590)
3(796 777 3277)
3(778 3277 777)
3(2508 2503 2562)
3(2508 2562 2604)
3(2508 2604 2503)
3(2150 2063 2054)
3(2150 2054 2094)
3(2832 1198 2821)
3(2832 2834 1198)
3(2620 2505 2520)
3(2620 2520 2597)
3(2620 2597 2505)
3(778 798 3292)
3(798 797 3292)
3(2059 2161 2188)
3(2059 2071 2161)
3(2059 2188 2071)
3(1330 3389 1229)
3(2291 2270 2408)
3(2270 2245 2408)
3(2580 2500 2594)
3(2588 2594 2500)
3(2049 2093 3214)
3(2579 2497 2453)
3(2579 2452 2497)
3(2579 2453 2452)
3(3239 2245 2372)
3(3239 2372 2343)
3(1039 875 874)
3(2629 875 1039)
3(2372 3404 3239)
3(760 3239 3404)
3(760 3404 2372)
3(760 2372 3239)
3(807 3179 35)
3(36 3179 807)
3(2933 2681 2908)
3(2933 2908 2680)
3(2933 2680 2681)
3(679 3196 680)
3(679 661 3196)
3(2631 2680 2884)
3(2908 2631 2884)
3(2245 3404 3239)
3(728 3404 3239)
3(2245 3404 728)
3(2605 2604 2531)
3(3002 853 3042)
3(3045 853 3002)
3(2405 2270 2301)
3(2255 2405 2301)
3(2255 2270 2405)
3(651 3098 3077)
3(651 3033 3098)
3(3276 1945 463)
3(3276 463 462)
3(1047 883 882)
3(1047 882 2637)
3(2602 2462 2506)
3(2473 2462 2602)
3(821 854 2446)
3(2445 854 821)
3(1094 2999 1055)
3(1056 1055 2999)
3(853 820 2575)
3(653 2996 988)
3(2996 723 988)
3(819 3045 3130)
3(819 3130 820)
3(820 3130 3045)
3(819 820 3045)
3(2600 2501 2528)
3(2255 2267 2360)
3(2460 2556 2502)
3(2518 2621 2525)
3(2518 2526 2621)
3(2526 2525 2621)
3(2307 2320 2424)
3(2320 2324 2424)
3(887 3001 3043)
3(888 3001 887)
3(888 3043 3001)
3(3310 798 780)
3(3310 780 799)
3(3310 799 798)
3(1764 1636 3278)
3(1636 3371 3278)
3(2413 2289 2290)
3(2380 2290 2289)
3(2380 2289 2413)
3(1793 1680 1763)
3(1963 1831 1933)
3(548 1828 1962)
3(549 1829 548)
3(619 652 620)
3(2171 619 620)
3(2713 2709 2849)
3(2713 2897 2709)
3(2713 2849 2897)
3(971 2660 913)
3(913 2660 3338)
3(971 3338 2660)
3(1243 3389 1229)
3(1243 1330 3389)
3(1243 1229 1330)
3(2286 2384 2237)
3(2280 2336 2365)
3(2336 2230 2365)
3(2280 2230 2336)
3(2612 2497 2614)
3(2614 2497 2610)
3(2449 2548 2612)
3(2449 2612 2614)
3(2449 2614 2496)
3(2496 2614 2448)
3(2517 2615 2499)
3(2517 2616 2615)
3(2517 2499 2616)
3(2624 2485 2522)
3(2624 2486 2485)
3(2127 2126 3415)
3(3278 418 1636)
3(3278 419 418)
3(2229 2279 2373)
3(2229 2365 2279)
3(2229 2373 2365)
3(2721 2945 2940)
3(2945 2714 2940)
3(2721 2940 2714)
3(620 549 2956)
3(2053 2148 2149)
3(561 2053 2149)
3(561 2148 2053)
3(696 677 3219)
3(910 3192 2875)
3(968 910 2875)
3(968 2875 3192)
3(2229 2278 2373)
3(2373 2278 2279)
3(2362 2226 2275)
3(2362 2275 2383)
3(719 3148 3132)
3(719 3132 3140)
3(2098 2191 2123)
3(2098 2097 2191)
3(2123 2191 2097)
3(2063 562 3351)
3(2063 3351 2149)
3(2149 3351 562)
3(2152 2195 2105)
3(2152 2066 2195)
3(2503 2562 2463)
3(2721 2944 2940)
3(2721 2945 2944)
3(2362 2225 2275)
3(2362 2226 2225)
3(2177 2145 2065)
3(2075 2065 2145)
3(2075 2177 2065)
3(2257 3433 701)
3(701 3433 2220)
3(2294 2356 2401)
3(2628 2665 3374)
3(3374 2665 2850)
3(2628 3374 2850)
3(3378 792 774)
3(3378 774 793)
3(2463 2475 2562)
3(2353 2263 2354)
3(2263 2399 2354)
3(2353 2399 2263)
3(2254 2358 2299)
3(2403 2254 2299)
3(2245 2270 2343)
3(2246 2343 2270)
3(2724 2932 2719)
3(2723 2719 2932)
3(2507 2605 2531)
3(2219 2326 2268)
3(2326 2256 2268)
3(2219 2256 2326)
3(2266 2404 2301)
3(2266 2405 2404)
3(2266 2301 2405)
3(3331 2243 759)
3(3331 727 2243)
3(3331 759 727)
3(2459 2553 2472)
3(2528 2625 2515)
3(2528 2515 2618)
3(2618 2515 2625)
3(2404 2301 2305)
3(2266 2254 2359)
3(2254 694 2359)
3(2254 2265 2358)
3(2254 2358 693)
3(3388 71 834)
3(801 3388 834)
3(801 71 3388)
3(2310 2412 2269)
3(2630 2680 2884)
3(2431 3412 803)
3(2431 2467 3412)
3(3412 2467 803)
3(3264 468 1950)
3(468 486 1950)
3(3264 486 468)
3(3264 1950 486)
3(502 501 3100)
3(502 3100 534)
3(993 867 2846)
3(2629 2846 867)
3(2629 993 2846)
3(2629 867 993)
3(874 2845 3009)
3(2628 872 3374)
3(3374 872 2665)
3(2362 2275 2378)
3(2275 2383 2378)
3(820 2575 852)
3(820 852 853)
3(2373 2420 2278)
3(2381 2278 2420)
3(851 850 818)
3(3039 818 850)
3(2276 2277 2381)
3(2364 2381 2277)
3(2364 2276 2381)
3(2515 2532 2618)
3(2524 2618 2532)
3(2309 2410 2413)
3(2309 2413 2290)
3(2309 2290 2410)
3(2905 2645 2906)
3(2905 2890 2645)
3(2890 2906 2645)
3(2437 2436 2570)
3(3043 854 3042)
3(347 3321 348)
3(314 348 3321)
3(347 314 3321)
3(2451 3279 2452)
3(2549 2452 3279)
3(2899 2681 2682)
3(2632 2681 2899)
3(2632 2899 2682)
3(2266 2359 2405)
3(2266 2255 2359)
3(2266 2405 2255)
3(2255 2405 2359)
3(2339 2368 2286)
3(2286 2368 2236)
3(2339 2286 2236)
3(486 1950 1843)
3(1855 1950 486)
3(883 2966 882)
3(3028 882 2966)
3(3028 883 882)
3(2286 2388 2368)
3(2339 2388 2286)
3(2701 2877 2660)
3(2701 2671 2877)
3(2660 2877 2671)
3(849 2573 2441)
3(849 2440 2573)
3(2441 2573 2440)
3(849 2441 2440)
3(3215 670 689)
3(3215 689 688)
3(2919 2658 2918)
3(2658 2873 2918)
3(2889 2859 2642)
3(2889 2642 1052)
3(887 2964 3043)
3(2513 2516 2616)
3(2912 2889 2642)
3(2912 2642 2691)
3(813 2438 2542)
3(2572 813 2542)
3(2891 2648 2861)
3(2861 2648 2906)
3(2891 2906 2648)
3(2912 2859 2642)
3(2642 2641 2912)
3(2665 2654 2851)
3(2665 2851 2678)
3(2221 2329 2258)
3(2221 2258 3332)
3(2221 3332 2329)
3(648 3132 719)
3(648 3148 3132)
3(719 649 3132)
3(2642 2641 2859)
3(463 481 1945)
3(3276 481 463)
3(3276 1945 481)
3(2232 2337 748)
3(2232 748 716)
3(2232 716 2337)
3(2232 2366 748)
3(2232 2337 2366)
3(2232 748 715)
3(3279 2451 827)
3(3279 52 2451)
3(3279 827 52)
3(2603 2506 2462)
3(2508 2506 2603)
3(2508 2603 2462)
3(715 2366 748)
3(2141 2170 2041)
3(50 51 723)
3(50 2958 51)
3(723 51 2958)
3(829 2453 862)
3(829 3275 2453)
3(3275 862 2453)
3(3264 468 467)
3(2369 2238 721)
3(2369 2237 2238)
3(2369 721 2237)
3(3388 72 834)
3(3388 71 72)
3(2002 1899 1981)
3(1875 2002 1981)
3(1875 1981 1899)
3(2565 2476 2507)
3(2995 653 3077)
3(2995 2957 653)
3(2288 2385 2241)
3(2370 2385 2288)
3(2370 2288 2241)
3(2198 2156 2096)
3(2197 2096 2156)
3(2197 2198 2096)
3(2722 2902 2904)
3(2904 2902 2683)
3(3182 2539 807)
3(3182 36 2539)
3(36 807 2539)
3(3182 807 36)
3(2549 861 2452)
3(2579 2549 2452)
3(2579 2452 861)
3(2198 2096 2100)
3(2198 2100 2124)
3(2198 2124 2096)
3(2419 2314 2423)
3(2581 2480 2582)
3(2581 2519 2480)
3(2581 2582 2519)
3(2582 2480 2519)
3(2096 2198 2157)
3(2194 2151 2094)
3(2150 2094 2151)
3(2468 2514 2536)
3(2514 2431 2536)
3(1045 880 2885)
3(1045 2635 880)
3(3309 75 874)
3(3309 1039 75)
3(2124 2197 2212)
3(2124 2198 2197)
3(2124 2212 2198)
3(2105 2094 2194)
3(2105 2194 2151)
3(2105 2151 2094)
3(2864 958 898)
3(899 958 2864)
3(2297 2400 2426)
3(2297 2426 2401)
3(2352 2251 2397)
3(2397 2251 2262)
3(2352 2262 2251)
3(3272 898 2864)
3(3272 958 898)
3(3272 2864 958)
3(2683 2855 2633)
3(2855 2634 2633)
3(2416 2409 2309)
3(2243 3331 2371)
3(2243 2242 3331)
3(2243 2371 2242)
3(2414 2303 2376)
3(2303 2377 2376)
3(2414 2377 2303)
3(847 2572 2439)
3(2261 2346 2345)
3(2261 2345 2377)
3(2261 2377 2346)
3(2271 2329 2258)
3(2271 2221 2329)
3(2857 2638 2637)
3(2857 2637 2687)
3(2883 2633 2855)
3(2883 1043 2633)
3(2855 2633 1043)
3(2345 3196 2346)
3(2261 3196 2345)
3(2261 2346 3196)
3(850 2441 816)
3(850 849 2441)
3(849 816 2441)
3(662 3196 2346)
3(2345 3196 662)
3(1089 1051 886)
3(662 3196 3314)
3(2346 3314 3196)
3(662 3314 2346)
3(2177 2130 2103)
3(2176 2103 2130)
3(2177 2103 2176)
3(826 825 858)
3(858 825 2578)
3(826 858 2578)
3(826 2578 825)
3(2916 2700 2944)
3(2915 2700 2916)
3(858 3035 825)
3(858 826 3035)
3(826 825 3035)
3(3280 828 862)
3(3280 861 828)
3(3280 862 861)
3(2695 2646 2906)
3(2646 2645 2906)
3(660 2050 2162)
3(2408 2270 2421)
3(2405 2421 2270)
3(2405 2270 2408)
3(2821 1188 1198)
3(2832 1188 2821)
3(2832 1198 1188)
3(2256 3281 700)
3(2256 699 3281)
3(700 3281 699)
3(2675 2680 2911)
3(2911 2680 2630)
3(2675 2911 2630)
3(718 717 750)
3(2234 718 750)
3(2609 2436 2484)
3(2459 2553 765)
3(2553 3353 765)
3(2459 3353 2553)
3(2038 2139 615)
3(2038 648 2139)
3(2382 2319 2283)
3(3282 958 899)
3(3282 899 55)
3(3282 55 958)
3(418 3371 1635)
3(418 417 3371)
3(2182 2120 2212)
3(2120 2215 2212)
3(2182 2215 2120)
3(568 2155 2068)
3(568 2068 2156)
3(2367 2337 2233)
3(2233 2337 749)
3(2367 2233 749)
3(3327 906 2657)
3(906 965 2657)
3(3327 2657 965)
3(3327 965 906)
3(2674 2881 2929)
3(780 3310 779)
3(719 751 2368)
3(2568 3310 779)
3(780 3310 2568)
3(718 717 3148)
3(3148 717 750)
3(825 3079 3034)
3(3079 755 3034)
3(775 2563 3175)
3(775 3175 2464)
3(2563 2464 3175)
3(2351 2250 2292)
3(2350 2292 2250)
3(2350 2250 2351)
3(2938 2726 2715)
3(3256 254 255)
3(3256 255 273)
3(3213 2660 913)
3(3213 971 2660)
3(74 2647 892)
3(1056 74 892)
3(1056 892 2647)
3(2460 2556 2599)
3(1905 1892 1995)
3(1916 1905 1995)
3(2403 2402 2299)
3(2403 2299 2305)
3(2394 2349 2293)
3(2394 2249 2349)
3(2677 2942 2929)
3(2958 755 3034)
3(755 2997 3034)
3(2958 2997 755)
3(603 2027 636)
3(2348 2249 2260)
3(2348 2260 683)
3(2348 683 2249)
3(2624 2522 2530)
3(2623 2522 2624)
3(3388 834 841)
3(2433 834 3388)
3(2433 3388 841)
3(2970 3048 2845)
3(2970 2845 875)
3(2187 2203 2047)
3(2187 2091 2047)
3(2187 2203 2091)
3(3073 890 3000)
3(2038 2139 614)
3(2614 2496 2497)
3(2449 2614 2497)
3(2580 2455 2594)
3(2580 2500 2455)
3(2455 2500 2594)
3(2389 2287 2384)
3(2389 2413 2287)
3(2379 2279 2365)
3(2407 2279 2379)
3(2550 2579 2453)
3(2550 2453 862)
3(2579 862 2453)
3(854 855 821)
3(2589 2445 2596)
3(2576 2445 2589)
3(3248 1450 261)
3(1550 261 1450)
3(1550 1450 3248)
3(2537 2583 2510)
3(280 1450 261)
3(3248 1450 280)
3(3376 900 959)
3(3376 959 2654)
3(3376 2654 900)
3(959 900 2654)
3(2400 2300 2426)
3(1973 1904 1880)
3(713 745 2229)
3(2229 745 712)
3(2336 714 746)
3(2336 746 2230)
3(746 714 2230)
3(2395 2320 2423)
3(2395 2293 2320)
3(2925 2924 2712)
3(2712 2924 2931)
3(2660 2878 2877)
3(2701 2877 2878)
3(2660 2701 2878)
3(698 3283 69)
3(689 2263 670)
3(3215 2263 689)
3(3215 670 2263)
3(740 3049 739)
3(739 3049 3057)
3(740 739 3057)
3(705 3011 3057)
3(705 3057 706)
3(705 2974 3057)
3(2395 2320 2424)
3(222 2979 3080)
3(2839 3080 2979)
3(222 3080 2839)
3(222 2839 2979)
3(2981 3076 121)
3(2469 839 2537)
3(2469 2537 2538)
3(998 3273 2665)
3(998 2665 872)
3(998 872 3273)
3(3340 358 376)
3(376 358 1642)
3(3340 376 1642)
3(1642 1742 358)
3(1642 357 1742)
3(1642 358 357)
3(1046 3004 881)
3(1046 881 882)
3(927 1103 2736)
3(2735 1103 927)
3(2276 2226 2334)
3(122 2737 929)
3(1577 1472 1578)
3(1528 1472 1577)
3(1528 1578 1472)
3(1204 215 222)
3(1136 934 2742)
3(2743 934 1136)
3(2461 2557 2558)
3(2461 769 2557)
3(2461 2558 769)
3(2748 939 1109)
3(1696 1742 1642)
3(1696 1684 1742)
3(3084 196 127)
3(3084 127 126)
3(3084 126 196)
3(294 1556 327)
3(294 1420 1556)
3(1409 1309 1290)
3(2985 934 1008)
3(3021 1008 934)
3(235 3118 234)
3(235 234 202)
3(235 202 3118)
3(2731 2727 2917)
3(1743 1642 1696)
3(1743 1742 1642)
3(1743 1696 1742)
3(131 2987 132)
3(3068 131 132)
3(3068 2987 131)
3(3284 142 948)
3(949 142 3284)
3(949 3284 948)
3(1184 2799 2822)
3(2166 2081 2179)
3(2082 2179 2081)
3(2166 2082 2081)
3(1371 1272 1273)
3(1226 1371 1273)
3(2669 908 3287)
3(2658 2669 3287)
3(3288 770 769)
3(3288 769 2558)
3(2558 2501 2557)
3(2461 2501 2558)
3(2461 2557 2501)
3(1072 3015 62)
3(2926 2662 2880)
3(2881 2662 2926)
3(2881 2880 2662)
3(3334 949 143)
3(3334 142 949)
3(3334 143 142)
3(2926 2880 2673)
3(758 2341 3331)
3(758 3386 2341)
3(758 3331 3386)
3(2341 3386 3331)
3(61 3015 62)
3(61 2979 979)
3(2979 292 979)
3(3249 1130 110)
3(3249 110 2768)
3(3249 2768 1130)
3(3280 829 862)
3(3280 828 829)
3(3285 3015 61)
3(3285 292 3015)
3(2755 3390 1112)
3(1141 2755 1112)
3(2802 1151 2803)
3(1188 1153 2796)
3(1188 2796 1162)
3(2687 2686 2886)
3(2686 2900 2886)
3(1577 1507 1572)
3(3285 62 61)
3(3285 3015 62)
3(2347 2393 2248)
3(2347 2260 2393)
3(2347 2248 2260)
3(1137 2794 1150)
3(1137 1177 2794)
3(2590 2621 2525)
3(932 125 126)
3(1135 932 126)
3(2636 2637 2886)
3(2637 882 2886)
3(2636 2886 882)
3(2686 2637 2886)
3(1047 2966 883)
3(1047 1086 2966)
3(946 3306 139)
3(3306 1141 139)
3(946 1141 3306)
3(3285 318 61)
3(3285 62 318)
3(1005 931 3020)
3(3020 931 1006)
3(2698 2942 2697)
3(2907 2942 2698)
3(2907 2698 2697)
3(2907 2697 2942)
3(200 232 1214)
3(1621 437 404)
3(1621 1622 437)
3(3280 827 828)
3(2893 2698 2929)
3(2652 2929 2698)
3(2652 2893 2929)
3(2652 2698 2893)
3(3286 896 2651)
3(3286 2651 897)
3(3286 897 896)
3(2698 2708 2942)
3(2677 2698 2942)
3(2815 1099 1100)
3(2815 2770 1099)
3(2815 1100 2770)
3(1099 2770 1100)
3(2708 2942 2697)
3(2786 1145 1161)
3(2786 1158 1145)
3(2786 1161 1158)
3(3372 919 57)
3(3372 113 919)
3(1324 237 1219)
3(237 1354 1219)
3(2777 1127 1126)
3(2777 2807 1127)
3(1127 2807 1126)
3(2777 1126 2807)
3(1197 2825 1196)
3(1197 2813 2825)
3(1197 1196 2813)
3(1282 1385 1339)
3(1282 1384 1385)
3(1282 1339 1384)
3(2698 2942 2929)
3(2677 2698 2929)
3(3108 204 3069)
3(3108 3069 203)
3(3108 203 204)
3(203 3069 204)
3(2698 2907 2929)
3(2935 2729 2943)
3(2943 2729 2939)
3(2935 2939 2729)
3(3287 908 966)
3(3287 966 967)
3(2373 2407 2278)
3(1045 880 1044)
3(2710 2703 2935)
3(2710 2935 2720)
3(2935 2703 2720)
3(2935 2943 2703)
3(2914 2703 2943)
3(2602 2603 2506)
3(2602 2462 2603)
3(2414 2313 2376)
3(2303 2376 2313)
3(2303 2313 2414)
3(2392 2248 2347)
3(2295 2423 2394)
3(2295 2422 2423)
3(1015 941 3025)
3(2980 977 189)
3(2980 2838 977)
3(135 942 3025)
3(941 942 135)
3(941 135 3025)
3(2563 2475 2464)
3(2608 2607 2477)
3(2513 2477 2607)
3(2513 2607 2608)
3(66 3382 2976)
3(65 2976 3382)
3(65 3382 66)
3(65 66 2976)
3(2513 2608 2616)
3(2608 2509 2616)
3(66 532 2976)
3(532 3382 2976)
3(66 3382 532)
3(3012 532 2976)
3(3012 2976 66)
3(3012 66 532)
3(2615 2622 2517)
3(2591 2615 2517)
3(2507 2465 2607)
3(2513 2607 2465)
3(2507 2607 2513)
3(2223 739 706)
3(739 707 706)
3(1020 2998 53)
3(1021 53 2998)
3(2889 2693 2909)
3(2860 2909 2693)
3(2860 2693 2889)
3(2721 2702 2943)
3(2944 2943 2702)
3(2721 2943 2944)
3(2721 2944 2702)
3(2418 2313 2376)
3(2960 3036 859)
3(3036 2998 859)
3(2721 2729 2943)
3(2943 2729 2702)
3(329 3159 3119)
3(329 3119 3129)
3(2277 2419 2276)
3(2418 2422 2322)
3(2414 2322 2422)
3(2582 2520 2519)
3(2582 2514 2520)
3(2582 2519 2514)
3(2417 2391 2284)
3(2417 2284 2409)
3(2284 2391 2409)
3(2426 2321 2312)
3(2426 2300 2321)
3(2426 2312 2411)
3(2679 2919 2658)
3(2705 2919 2679)
3(2705 2658 2919)
3(2537 2536 3375)
3(2468 2536 2537)
3(2468 3375 2536)
3(747 2366 2231)
3(2336 2231 2366)
3(747 2231 2336)
3(2362 709 2225)
3(2989 942 3025)
3(135 942 2989)
3(135 2989 3025)
3(746 816 3092)
3(746 3092 817)
3(817 3092 816)
3(854 3042 820)
3(854 821 3042)
3(820 3042 821)
3(854 820 821)
3(2548 858 825)
3(2548 825 2578)
3(2930 2715 2716)
3(2930 2716 2692)
3(2697 2931 2716)
3(2697 2934 2931)
3(2697 2716 2934)
3(2934 2716 2931)
3(2652 897 2893)
3(2652 2893 2651)
3(2651 2893 897)
3(2721 2950 2943)
3(2943 2950 2729)
3(783 3373 782)
3(2458 3373 783)
3(2458 782 3373)
3(3373 782 764)
3(2938 2930 2715)
3(2948 2715 2930)
3(2948 2938 2715)
3(2330 2271 2247)
3(2330 2345 2271)
3(2721 2940 2943)
3(854 3042 3121)
3(754 721 2238)
3(754 722 721)
3(754 2238 722)
3(2707 2704 2947)
3(3288 770 789)
3(3288 788 770)
3(3288 789 788)
3(910 2670 2875)
3(2670 3192 2875)
3(764 765 3353)
3(764 3353 783)
3(2899 2681 2718)
3(2899 2718 2682)
3(2908 2681 2899)
3(2899 2681 2854)
3(1051 886 2964)
3(1089 1051 2964)
3(1089 2964 886)
3(754 721 2369)
3(2379 2280 2365)
3(2379 2279 2280)
3(755 990 2997)
3(755 2997 51)
3(2958 3034 754)
3(754 3034 3078)
3(3336 867 2846)
3(776 2565 3430)
3(2537 2536 2510)
3(3345 22 76)
3(3345 94 22)
3(3345 76 94)
3(873 3376 3273)
3(2654 873 3273)
3(2654 3376 873)
3(2566 2477 2608)
3(2566 2607 2477)
3(3338 2672 2879)
3(3338 2878 2672)
3(3386 726 758)
3(3386 758 725)
3(2936 2918 2705)
3(2731 2705 2918)
3(848 880 2967)
3(881 848 2967)
3(2316 2312 2415)
3(2121 2193 2095)
3(2121 2095 2216)
3(2740 1105 2789)
3(2739 1105 2740)
3(2739 2789 1105)
3(1135 2740 1105)
3(1135 1105 2789)
3(2936 2705 2946)
3(2936 2946 2719)
3(2936 2719 2705)
3(677 695 3289)
3(677 3289 676)
3(2457 781 3176)
3(2457 3176 800)
3(2739 1105 931)
3(2740 931 1105)
3(918 3282 3236)
3(2674 3282 918)
3(2500 2551 2595)
3(2919 2670 2658)
3(2919 2874 2670)
3(2658 2670 2874)
3(1109 2747 1138)
3(2588 2499 2594)
3(1138 2746 2747)
3(1138 938 2746)
3(2232 2337 2406)
3(3411 2668 902)
3(3411 2655 2668)
3(3411 902 2655)
3(3411 2668 901)
3(3078 2996 722)
3(2958 722 2996)
3(873 3376 999)
3(3273 999 3376)
3(873 999 3273)
3(2625 2523 2528)
3(754 721 3078)
3(754 3078 753)
3(754 753 721)
3(753 3078 721)
3(2142 2045 3172)
3(2351 2292 2304)
3(2396 2304 2292)
3(2351 2304 2396)
3(2794 1150 2793)
3(1150 1137 2793)
3(515 445 3072)
3(2745 2794 1137)
3(2745 1137 1177)
3(2745 1177 2794)
3(755 723 722)
3(2239 755 722)
3(414 1031 45)
3(1031 2993 45)
3(414 2993 1031)
3(1823 1960 1824)
3(1824 1960 1873)
3(1823 1873 1960)
3(339 306 1432)
3(339 340 306)
3(2995 986 48)
3(2746 1108 2795)
3(1108 2745 2795)
3(3002 886 3042)
3(722 721 3078)
3(1040 876 2630)
3(38 3333 2753)
3(733 3281 3433)
3(2327 3433 3281)
3(2327 3281 733)
3(3239 762 2343)
3(3239 761 762)
3(3239 2343 761)
3(1060 3010 71)
3(377 3340 1642)
3(429 396 1724)
3(3112 3058 397)
3(3397 1452 1416)
3(3397 1520 1452)
3(3373 782 763)
3(3373 763 764)
3(499 500 3054)
3(499 3013 500)
3(499 3054 3013)
3(3013 3054 500)
3(398 1615 430)
3(1755 430 1615)
3(938 2987 131)
3(938 3023 2987)
3(131 2987 3023)
3(2756 1142 1151)
3(2802 2756 1151)
3(2802 1151 1142)
3(1149 2824 1183)
3(1200 1183 2824)
3(930 1004 3019)
3(50 51 2240)
3(2240 51 723)
3(2755 1141 1160)
3(2755 1160 2801)
3(2665 3273 2654)
3(197 3104 3084)
3(197 3084 3066)
3(197 3066 3104)
3(50 51 3365)
3(2919 2670 2679)
3(2437 2542 2486)
3(2746 2796 1138)
3(2980 3017 2838)
3(3017 3076 2838)
3(104 3302 2776)
3(2765 3302 104)
3(2544 2441 2574)
3(850 2441 2544)
3(850 2574 2441)
3(819 3122 3130)
3(819 3045 3122)
3(819 748 3130)
3(819 3122 748)
3(749 3130 819)
3(749 748 3130)
3(3199 82 101)
3(3199 101 100)
3(197 3066 127)
3(128 3066 197)
3(128 127 3066)
3(2602 2621 2506)
3(2574 2442 2545)
3(2442 851 2545)
3(3106 198 3067)
3(3089 3067 198)
3(3089 198 3106)
3(1169 2811 1168)
3(2764 2811 1169)
3(2614 2496 2498)
3(2614 2498 2497)
3(889 1053 3000)
3(889 3000 1054)
3(1054 3000 1053)
3(2133 2027 636)
3(603 2133 636)
3(2027 2178 2133)
3(2027 2133 2164)
3(2027 2164 2178)
3(2643 2860 889)
3(2643 2644 2860)
3(889 2860 2644)
3(3094 3050 294)
3(3094 294 3080)
3(3050 3080 294)
3(931 2983 1005)
3(854 3121 821)
3(855 821 3121)
3(888 887 1052)
3(888 1052 2642)
3(2739 124 1105)
3(2739 1105 1133)
3(3145 3154 332)
3(3145 334 300)
3(333 300 334)
3(333 334 3145)
3(333 3145 300)
3(754 2958 755)
3(2774 2761 1117)
3(2027 2072 2133)
3(2027 2178 2072)
3(1654 1696 1743)
3(2774 1116 1117)
3(1116 3297 1117)
3(2774 3297 1116)
3(712 745 744)
3(3116 744 745)
3(712 744 3116)
3(3018 1001 927)
3(120 3017 977)
3(3017 58 977)
3(542 509 541)
3(1959 541 509)
3(814 744 3116)
3(3116 744 3097)
3(814 3116 3097)
3(1584 1487 1506)
3(1584 1489 1487)
3(2560 2602 2462)
3(2452 2549 860)
3(3102 825 3079)
3(856 2448 2577)
3(166 1230 1332)
3(166 1332 165)
3(1332 1230 165)
3(3322 704 34)
3(3322 34 33)
3(826 2959 990)
3(1951 469 1844)
3(1951 3307 469)
3(469 3307 1844)
3(1489 1584 1445)
3(1445 1584 1456)
3(1489 1456 1584)
3(3407 736 2258)
3(2330 2258 736)
3(3407 2330 736)
3(737 3407 3322)
3(2330 3407 737)
3(2784 2815 1100)
3(2734 1100 2815)
3(3179 35 782)
3(3179 782 807)
3(2784 1101 2771)
3(2784 1100 1101)
3(2771 1101 1100)
3(2432 806 3429)
3(2432 3429 2469)
3(806 2469 3429)
3(2784 1101 2760)
3(2771 2760 1101)
3(2963 889 1053)
3(2601 2602 2512)
3(3290 791 772)
3(3290 772 792)
3(3290 792 791)
3(2581 2480 2535)
3(2784 2815 1148)
3(2784 1148 1100)
3(2310 2375 2412)
3(2310 2412 2418)
3(3196 680 2247)
3(679 3196 2247)
3(2713 2664 2849)
3(2397 2304 2324)
3(2397 2396 2304)
3(2396 2324 2304)
3(2483 2617 2519)
3(2483 2519 2581)
3(2581 2519 2617)
3(2315 2419 2276)
3(2746 131 938)
3(1138 131 2746)
3(1138 938 131)
3(1788 1689 1692)
3(1746 1788 1692)
3(1459 1493 1547)
3(1459 1547 1546)
3(1546 1547 1493)
3(1522 322 3387)
3(3387 322 1521)
3(1522 3387 1521)
3(1547 1493 1488)
3(1547 1589 1493)
3(1573 1601 1494)
3(1573 1494 1484)
3(1484 1494 1601)
3(1293 1401 1373)
3(1293 1373 1398)
3(2821 1180 1198)
3(2371 3331 759)
3(2371 758 3331)
3(759 3331 758)
3(2371 2243 759)
3(891 2962 2999)
3(2962 1055 2999)
3(891 2999 1055)
3(1053 1091 2963)
3(2457 866 781)
3(2569 2457 781)
3(1760 1627 443)
3(442 443 1627)
3(2809 1185 2816)
3(2809 2826 1185)
3(1441 315 3321)
3(1440 3321 315)
3(1440 1441 3321)
3(2808 1165 1194)
3(2808 1194 2806)
3(2806 1194 1165)
3(2808 1165 1193)
3(2808 1193 1194)
3(2808 1194 2827)
3(2806 2827 1194)
3(1697 1693 1799)
3(1697 1799 1701)
3(1693 1701 1799)
3(2818 2779 1175)
3(2818 1175 2814)
3(2814 1175 2779)
3(2427 2323 2401)
3(2208 2091 2110)
3(2208 2110 2092)
3(2565 2465 2607)
3(2565 2507 2465)
3(1850 477 3211)
3(1839 3211 477)
3(1839 1850 3211)
3(1175 2767 2779)
3(2818 2767 1175)
3(2922 2921 2704)
3(2947 2704 2921)
3(2298 2324 2415)
3(2397 2298 2415)
3(2397 2324 2298)
3(1181 1192 2803)
3(2814 1192 1181)
3(2814 2803 1192)
3(2814 1181 2803)
3(2313 2376 2302)
3(2306 2376 2313)
3(2948 2726 2728)
3(2948 2728 2715)
3(2948 2715 2726)
3(665 2348 3241)
3(2349 665 3241)
3(2349 3241 2348)
3(1191 1186 2837)
3(1191 2837 1195)
3(2832 1188 2796)
3(2821 2796 1188)
3(843 842 809)
3(843 809 3053)
3(2962 3036 891)
3(3036 2999 891)
3(644 611 3164)
3(644 610 611)
3(1191 2829 2837)
3(2829 1186 2837)
3(1191 1186 2829)
3(2820 2837 1191)
3(2820 1191 2829)
3(3291 905 963)
3(3291 963 964)
3(2294 2356 2355)
3(1178 1191 2791)
3(1191 1144 2791)
3(610 3158 3143)
3(610 3153 3158)
3(610 3143 3153)
3(2620 2505 2530)
3(1737 1768 1653)
3(1737 1653 1695)
3(2829 2791 1178)
3(2829 1191 2791)
3(2829 1178 1191)
3(1083 880 2967)
3(3005 2967 880)
3(3005 880 1083)
3(779 798 3292)
3(779 3292 778)
3(2608 2509 2595)
3(2608 2588 2509)
3(2537 2510 2468)
3(2961 1095 74)
3(2961 74 1056)
3(2961 1056 1095)
3(2539 782 2458)
3(2539 2458 807)
3(2539 807 782)
3(807 2458 3182)
3(1045 1083 880)
3(1045 2967 1083)
3(3117 3092 746)
3(816 3117 746)
3(963 2656 905)
3(3291 2656 963)
3(1737 1736 1653)
3(1653 1736 1768)
3(446 1762 413)
3(1732 413 1762)
3(1732 446 413)
3(963 904 3293)
3(3293 904 962)
3(963 3293 962)
3(136 3064 2989)
3(3026 3064 136)
3(3260 1844 487)
3(3260 488 1844)
3(3260 487 488)
3(635 3008 987)
3(68 987 3008)
3(2417 2284 2283)
3(2417 2308 2284)
3(2417 2391 2283)
3(2417 2308 2409)
3(2960 3036 892)
3(2590 2526 2491)
3(2590 2491 2525)
3(2590 2525 2526)
3(2417 2283 2382)
3(2319 2417 2382)
3(1056 891 892)
3(1056 2999 891)
3(892 891 2999)
3(1056 892 2999)
3(739 810 3049)
3(740 3049 810)
3(3272 2893 2652)
3(3272 897 2893)
3(3011 2973 70)
3(1061 3011 70)
3(1061 70 2973)
3(2540 2479 2433)
3(2540 2433 2533)
3(2433 2479 2533)
3(3280 829 2453)
3(3280 2453 862)
3(841 2845 3074)
3(842 3074 2845)
3(842 841 3074)
3(973 2879 3301)
3(2880 3301 2879)
3(973 3301 2880)
3(2650 2649 2892)
3(766 3426 2554)
3(785 3426 766)
3(2925 2673 2661)
3(2661 2673 2879)
3(3073 891 3036)
3(3073 858 891)
3(976 3282 918)
3(918 3282 55)
3(976 55 3282)
3(192 3061 122)
3(3060 3075 190)
3(3060 191 3075)
3(191 190 3075)
3(2667 2655 3195)
3(2868 3195 3411)
3(961 3195 2868)
3(961 3411 3195)
3(3094 3119 294)
3(1072 979 2979)
3(2979 979 1073)
3(635 2974 987)
3(2974 3008 987)
3(2984 126 127)
3(2241 3365 2370)
3(2370 3365 2340)
3(2241 2340 3365)
3(70 3011 69)
3(2974 987 69)
3(705 987 2974)
3(610 642 2033)
3(610 609 642)
3(309 310 342)
3(2955 517 516)
3(2955 516 3031)
3(1963 1831 550)
3(1933 550 1831)
3(2608 2466 2477)
3(2608 2477 2567)
3(2608 2567 2466)
3(2567 2477 2466)
3(3127 3126 445)
3(447 516 2955)
3(517 447 2955)
3(2374 2269 2375)
3(2375 2269 2412)
3(2375 2306 2376)
3(2376 2306 2418)
3(1454 290 3294)
3(291 1454 3294)
3(291 3294 290)
3(2310 2311 2412)
3(3406 389 1717)
3(422 389 3406)
3(422 3406 1717)
3(1067 65 2976)
3(3013 65 1067)
3(825 2548 824)
3(825 824 858)
3(858 824 2548)
3(2844 738 3049)
3(2973 2844 3049)
3(325 3015 292)
3(3027 239 207)
3(3027 207 206)
3(207 239 206)
3(3090 204 3069)
3(1020 2998 992)
3(2706 2924 2923)
3(2706 2712 2924)
3(2712 2923 2924)
3(3079 755 2997)
3(826 3079 2997)
3(826 2997 2959)
3(3121 3140 822)
3(3091 822 3140)
3(3091 3121 822)
3(2960 54 2961)
3(2961 54 1019)
3(3228 834 801)
3(3228 2533 834)
3(841 3074 3009)
3(3009 2845 3074)
3(991 3009 1058)
3(300 334 3136)
3(3025 2988 941)
3(1186 2811 1168)
3(1168 2811 1196)
3(1186 1196 2811)
3(2375 2327 2269)
3(3295 2664 870)
3(3295 871 2664)
3(3295 870 871)
3(1522 3432 3387)
3(322 3387 3432)
3(2958 51 1024)
3(2849 3295 870)
3(2849 870 996)
3(996 870 3295)
3(2849 996 3295)
3(2858 885 2639)
3(2640 2858 2639)
3(2640 885 2858)
3(2689 2726 2903)
3(2689 2903 2690)
3(2624 2530 2529)
3(2530 2620 2529)
3(2985 1009 935)
3(3022 935 1009)
3(3091 823 752)
3(3091 752 822)
3(2233 2283 2367)
3(2234 2367 2283)
3(2233 2367 2234)
3(603 2842 3052)
3(603 2975 2842)
3(2842 2975 3052)
3(1417 3387 1522)
3(1417 3432 3387)
3(397 1615 430)
3(398 397 430)
3(2581 2479 2480)
3(2483 2479 2581)
3(2483 2581 2480)
3(1069 2977 64)
3(2853 2630 2911)
3(2911 2630 2884)
3(3019 124 2983)
3(3019 930 124)
3(3019 2983 930)
3(1009 2985 934)
3(2609 2613 2484)
3(2609 2484 2541)
3(2449 824 2548)
3(2824 1183 2823)
3(2824 2787 1183)
3(2787 2823 1183)
3(337 407 3141)
3(337 3141 408)
3(2985 935 934)
3(2678 2898 2668)
3(2678 2668 2866)
3(2970 875 874)
3(1047 2966 882)
3(1047 1085 882)
3(1085 2966 882)
3(1047 2966 1085)
3(1047 1046 882)
3(1047 2886 882)
3(1046 882 2886)
3(198 3106 199)
3(198 199 231)
3(198 231 3106)
3(3374 871 872)
3(2628 871 3374)
3(752 720 2236)
3(2339 2236 720)
3(2385 2238 2239)
3(2239 2238 2340)
3(2385 2340 2238)
3(2385 2239 2340)
3(3073 891 857)
3(890 3073 857)
3(618 3077 3098)
3(1834 1973 1833)
3(1834 1833 1935)
3(1935 1833 1973)
3(1834 1935 1973)
3(2890 2644 2645)
3(2890 890 2644)
3(41 2952 1035)
3(41 980 2952)
3(805 3375 804)
3(2468 804 3375)
3(3111 740 810)
3(3111 810 811)
3(2385 2288 2239)
3(1956 501 1814)
3(1956 534 501)
3(2970 2845 3009)
3(2970 874 2845)
3(2970 3009 874)
3(2375 2269 2310)
3(3081 3074 842)
3(809 3049 2844)
3(809 739 3049)
3(2844 3049 739)
3(228 3105 3110)
3(228 3157 3105)
3(228 3110 3157)
3(842 3048 3074)
3(435 3159 434)
3(401 435 434)
3(3048 3074 2845)
3(2729 2717 2939)
3(2720 2729 2939)
3(2630 2911 2629)
3(2239 2385 2241)
3(3387 322 321)
3(1521 3387 321)
3(1958 1820 507)
3(1958 1819 1820)
3(2676 2717 2895)
3(2667 2914 2869)
3(2667 2868 2914)
3(2032 2136 2165)
3(2032 2165 641)
3(742 709 3131)
3(2965 3002 852)
3(2687 2637 2886)
3(3387 288 322)
3(3387 322 289)
3(3387 289 288)
3(1663 1639 1736)
3(1663 1736 1653)
3(2038 2182 2087)
3(2996 722 3033)
3(722 3078 3033)
3(512 544 3142)
3(545 3142 544)
3(1824 511 1960)
3(3117 745 746)
3(713 3117 746)
3(713 745 3117)
3(2856 2636 2635)
3(2894 2635 2636)
3(2894 2856 2635)
3(2894 2636 2856)
3(884 2965 1087)
3(884 3003 2965)
3(890 889 1054)
3(890 1054 2644)
3(889 2644 1054)
3(2163 606 2030)
3(2163 2135 606)
3(2136 2080 2165)
3(2185 2165 2080)
3(2136 2080 2032)
3(2032 2080 2165)
3(2433 808 841)
3(2231 2280 2366)
3(2641 886 1051)
3(2888 2641 1051)
3(887 1051 2641)
3(887 886 1051)
3(848 2439 2573)
3(848 2573 2440)
3(2641 1051 2859)
3(2936 2719 2932)
3(2936 2932 2723)
3(2936 2723 2719)
3(2859 2641 887)
3(1189 2823 1183)
3(1146 1183 2823)
3(3293 963 905)
3(3293 905 904)
3(1166 2772 1120)
3(2809 1163 2761)
3(2816 1163 2809)
3(2706 2878 2923)
3(1299 1368 1404)
3(1299 1404 1414)
3(895 3173 2649)
3(3074 841 809)
3(808 809 841)
3(2652 2864 3272)
3(3180 90 89)
3(1245 1339 1234)
3(1245 173 1339)
3(1234 1339 173)
3(2298 2304 2397)
3(2298 2397 2262)
3(298 3157 3154)
3(298 297 3157)
3(298 3154 297)
3(2757 1157 2803)
3(2757 2803 1113)
3(2757 1113 1157)
3(1157 1113 2803)
3(1565 348 3321)
3(1536 3321 348)
3(1536 1565 3321)
3(2341 757 3386)
3(758 3386 757)
3(70 1062 3011)
3(2881 2662 2674)
3(2662 2929 2674)
3(2881 2929 2662)
3(3016 3080 222)
3(2979 3016 222)
3(2241 3365 2239)
3(196 195 3062)
3(196 3062 3110)
3(196 3110 195)
3(2881 917 2674)
3(2881 2662 917)
3(2760 1101 1116)
3(1101 3345 1116)
3(2760 3345 1101)
3(2760 1116 3345)
3(1298 1403 1294)
3(1298 1306 1403)
3(2891 2910 2649)
3(2891 2649 2695)
3(2910 2695 2649)
3(2891 2862 2649)
3(2876 3296 2671)
3(2659 3296 2876)
3(2659 2671 3296)
3(2659 2875 910)
3(2659 2670 2875)
3(1367 1215 1264)
3(1367 1265 1215)
3(437 3162 436)
3(404 437 436)
3(404 3162 437)
3(970 3296 2671)
3(2876 970 2671)
3(2876 3296 970)
3(3084 3021 127)
3(3084 127 3066)
3(127 3021 3066)
3(2659 3296 2875)
3(2876 2659 2875)
3(2876 2875 3296)
3(226 225 3129)
3(226 3129 296)
3(435 3128 434)
3(3128 3159 434)
3(1596 1530 1429)
3(199 232 231)
3(232 3107 231)
3(2659 910 3296)
3(911 2659 3296)
3(911 3296 910)
3(3296 2875 910)
3(2830 1178 1150)
3(3062 126 195)
3(3062 196 126)
3(2664 2849 870)
3(2627 870 2849)
3(2664 2627 2849)
3(2397 2251 2398)
3(2298 2251 2397)
3(2894 2685 2686)
3(2894 2636 2685)
3(2686 2894 2928)
3(2686 2928 2685)
3(2894 2685 2928)
3(1270 1224 1355)
3(1270 1355 1223)
3(1355 1224 1223)
3(228 195 3110)
3(1041 876 2631)
3(2911 2680 2895)
3(2908 2895 2680)
3(228 3157 227)
3(3105 227 3157)
3(1026 49 2957)
3(2764 1124 1123)
3(2911 2675 2895)
3(1680 1630 1797)
3(1679 1797 1630)
3(3234 210 211)
3(243 3234 211)
3(2686 2886 2928)
3(1388 1284 1389)
3(1388 1389 1283)
3(1388 1283 1284)
3(2636 2856 881)
3(2856 1046 881)
3(2636 881 1046)
3(110 91 1130)
3(3249 1130 91)
3(1357 1273 1393)
3(1357 1227 1273)
3(1227 1393 1273)
3(1046 881 1045)
3(2708 2931 2697)
3(2931 2942 2697)
3(2893 2698 2907)
3(45 44 414)
3(1632 44 45)
3(2298 2316 2415)
3(1157 2803 2804)
3(40 2990 1037)
3(40 1036 2990)
3(2697 2907 2651)
3(2698 2651 2907)
3(2772 2762 1120)
3(2772 1120 99)
3(2762 99 1120)
3(2569 2478 2481)
3(2481 2478 2595)
3(2569 2481 2595)
3(1260 1392 1358)
3(1358 1392 1261)
3(1260 1261 1392)
3(2737 2736 1158)
3(2737 1158 2786)
3(2786 1158 2736)
3(2569 2478 2457)
3(2773 2762 1165)
3(2904 2683 2885)
3(2904 2855 2683)
3(2720 2935 2897)
3(2720 2897 2939)
3(2720 2939 2935)
3(2784 1116 2774)
3(2784 2760 1116)
3(1116 2760 2774)
3(3199 99 100)
3(3199 2772 99)
3(2943 2703 2729)
3(2935 2729 2703)
3(2913 2655 2914)
3(2913 2703 2655)
3(2914 2655 2703)
3(2913 2935 2710)
3(2913 2710 2703)
3(1175 1129 2779)
3(2712 2661 2924)
3(2925 2661 2712)
3(1604 1503 1589)
3(1296 1371 1272)
3(1296 1273 1371)
3(1292 1403 1287)
3(1360 1403 1292)
3(2706 2661 2924)
3(1377 1399 1285)
3(1399 1279 1285)
3(298 3157 228)
3(298 228 3154)
3(228 3157 3154)
3(2490 2489 2586)
3(726 3331 3386)
3(726 758 3331)
3(653 2996 2957)
3(2508 2561 2604)
3(2808 1164 1193)
3(2765 2813 1170)
3(2776 1170 2813)
3(2308 2427 2417)
3(1159 2799 1139)
3(1159 1139 2798)
3(2798 1139 2799)
3(1159 2798 2799)
3(2352 2251 2398)
3(2710 2935 2897)
3(2710 2897 2720)
3(2935 2710 2898)
3(2913 2898 2710)
3(84 2764 1124)
3(84 1123 2764)
3(2946 2918 2705)
3(3389 1229 164)
3(1243 3389 164)
3(877 1080 2969)
3(3251 266 25)
3(3251 247 266)
3(2632 2899 2854)
3(2632 2883 2899)
3(2632 2854 2883)
3(2832 1188 1153)
3(1545 256 1447)
3(274 1544 255)
3(1544 273 255)
3(2242 3386 2370)
3(50 988 2996)
3(1655 3217 3359)
3(1745 3217 1655)
3(1745 3359 3217)
3(2740 1105 125)
3(2996 1024 988)
3(938 132 131)
3(938 1012 2987)
3(199 198 3067)
3(3106 199 3067)
3(128 2743 1107)
3(1107 2743 935)
3(128 1107 935)
3(1042 877 2854)
3(2632 1042 2854)
3(2632 877 1042)
3(199 129 3067)
3(129 198 3067)
3(1314 3419 1239)
3(1314 1313 3419)
3(1313 1239 3419)
3(1315 1252 1240)
3(1315 1240 1229)
3(1313 1287 1202)
3(1313 1202 1239)
3(3419 1203 1239)
3(3419 1239 186)
3(3419 186 1203)
3(3067 130 3087)
3(226 3120 3129)
3(1222 1221 239)
3(1221 1325 239)
3(1222 1325 1221)
3(1222 239 1325)
3(1110 135 2750)
3(1110 2750 2749)
3(3007 1040 876)
3(1040 875 876)
3(3007 875 1040)
3(227 1349 1209)
3(227 1209 1319)
3(1319 1209 1349)
3(2242 3331 3386)
3(2242 726 3331)
3(2750 941 135)
3(1110 941 2750)
3(2756 2803 1113)
3(2757 1113 1143)
3(1142 2756 1113)
3(1113 2756 141)
3(3067 199 3107)
3(200 199 3067)
3(200 3067 3107)
3(3027 239 2952)
3(3027 2952 207)
3(130 3067 199)
3(2806 1120 2772)
3(2762 1120 2806)
3(298 227 3157)
3(297 3157 227)
3(95 3297 77)
3(95 76 3297)
3(3297 76 77)
3(1167 2805 1166)
3(1167 1121 2805)
3(1166 2806 2833)
3(2806 1194 2833)
3(1166 1194 2806)
3(1166 2833 1194)
3(3090 134 135)
3(3025 3090 135)
3(3025 135 134)
3(2761 1164 1163)
3(2761 2809 1164)
3(1327 211 243)
3(211 1225 243)
3(519 551 3325)
3(519 3325 1963)
3(551 1963 3325)
3(2991 239 310)
3(980 2991 310)
3(980 239 2991)
3(2805 1166 2833)
3(1167 2833 1166)
3(1195 2827 1194)
3(2827 2833 1194)
3(1195 1194 2833)
3(1195 2833 2827)
3(1200 2828 2835)
3(1200 2835 2827)
3(1191 1152 2791)
3(1167 1122 2805)
3(2805 1122 1121)
3(2773 2762 1119)
3(2773 1119 1165)
3(2961 2 74)
3(1041 1040 3007)
3(1041 3007 1079)
3(1332 1242 1230)
3(1332 166 1242)
3(3083 877 3047)
3(3006 877 3083)
3(3240 169 151)
3(3240 170 169)
3(99 3298 80)
3(3298 98 80)
3(99 98 3298)
3(1287 1202 1312)
3(1313 1312 1202)
3(1313 1287 1312)
3(1301 1295 1396)
3(1302 1301 1396)
3(1302 1396 1295)
3(1181 2803 1157)
3(1157 2803 1151)
3(1520 1465 1566)
3(1520 1519 1465)
3(1108 2795 1153)
3(2746 1108 1153)
3(2746 1153 2795)
3(2813 2810 1197)
3(1197 2810 2834)
3(2813 1197 2834)
3(1220 1325 1354)
3(1220 238 1325)
3(2765 1125 1171)
3(2765 1171 1126)
3(2765 1126 1125)
3(2829 2811 1186)
3(2825 1186 2811)
3(259 1548 3305)
3(259 3305 1449)
3(259 1449 1548)
3(1548 1449 3305)
3(1426 1529 334)
3(1426 334 1559)
3(2830 2792 1178)
3(2829 1178 2792)
3(2638 2639 2887)
3(882 850 3044)
3(162 7 3299)
3(2419 2314 2422)
3(2423 2422 2314)
3(818 2442 850)
3(818 851 2442)
3(1406 1283 1296)
3(1406 1296 1395)
3(1395 1296 1283)
3(1406 1395 1283)
3(850 817 818)
3(3092 850 818)
3(3092 817 850)
3(140 3300 1142)
3(140 141 3300)
3(2965 3039 852)
3(3045 2965 852)
3(1148 2784 1116)
3(1148 1116 2774)
3(95 3297 94)
3(95 2760 3297)
3(3297 2760 94)
3(884 2965 3039)
3(1811 1848 1922)
3(1860 1811 1922)
3(1482 1599 1434)
3(1482 1597 1599)
3(1482 1434 1597)
3(1597 1434 1599)
3(283 282 3400)
3(264 3400 282)
3(264 283 3400)
3(3039 3122 818)
3(3122 3045 818)
3(1115 93 3221)
3(1115 3221 1132)
3(3221 93 1132)
3(1345 3395 1390)
3(1159 1110 2799)
3(1155 1159 2799)
3(2790 1190 2789)
3(3018 3076 121)
3(2981 3018 121)
3(1293 1272 1398)
3(1308 1297 1387)
3(1308 1387 1284)
3(2749 134 941)
3(2749 941 1110)
3(203 134 3069)
3(3069 134 133)
3(1200 1154 2788)
3(2828 2788 1154)
3(1200 2788 2828)
3(1200 2828 1154)
3(1362 1253 1361)
3(1292 1403 1298)
3(1520 1465 1567)
3(1312 1359 1251)
3(1238 1250 1311)
3(1201 1238 1311)
3(1049 2639 2858)
3(1133 1149 2788)
3(1725 1616 1666)
3(1617 1725 1666)
3(1617 1616 1725)
3(1319 1209 1208)
3(1319 1258 1209)
3(1319 1208 1258)
3(226 194 193)
3(1208 194 226)
3(298 3154 330)
3(297 330 3154)
3(297 298 330)
3(3092 818 3039)
3(1183 1189 2824)
3(3092 850 3039)
3(2648 2891 2649)
3(2648 2695 2891)
3(1564 345 3330)
3(1564 3330 346)
3(346 3330 345)
3(237 3096 205)
3(237 205 238)
3(205 3096 238)
3(3122 819 818)
3(1550 1450 1551)
3(1551 1450 1592)
3(315 3396 3321)
3(315 3321 348)
3(348 3321 3396)
3(121 3018 3075)
3(2915 2667 2914)
3(2979 293 3080)
3(2979 2839 293)
3(1227 1228 3225)
3(2567 3292 2566)
3(778 3292 2567)
3(293 3050 2979)
3(293 3080 3050)
3(915 3301 974)
3(915 973 3301)
3(974 3301 973)
3(3080 3094 224)
3(2476 795 3430)
3(2476 3430 796)
3(796 3430 795)
3(292 293 2979)
3(2839 292 2979)
3(1428 1560 336)
3(1428 336 303)
3(303 336 1560)
3(1428 303 1560)
3(3015 293 2979)
3(3015 293 3050)
3(2973 989 808)
3(1441 3396 3321)
3(1441 315 3396)
3(68 67 3274)
3(2026 2072 2133)
3(2847 3337 3336)
3(2848 2663 3337)
3(2663 2627 3337)
3(2848 3337 2627)
3(117 3186 116)
3(116 3186 922)
3(2663 2847 2848)
3(2663 3337 2847)
3(122 2737 1104)
3(2787 1149 1183)
3(2787 1183 1158)
3(3101 3120 192)
3(192 3120 225)
3(3101 192 225)
3(2536 837 3375)
3(837 3193 3375)
3(2536 3193 837)
3(2536 3375 3193)
3(40 2990 978)
3(1037 978 2990)
3(3376 900 56)
3(3376 56 959)
3(3273 2665 2851)
3(3273 2851 998)
3(2327 2269 2306)
3(2327 2306 2375)
3(2375 2306 2269)
3(3250 153 172)
3(3250 172 171)
3(3302 104 86)
3(3302 86 105)
3(3302 105 104)
3(3061 3120 192)
3(3061 192 3101)
3(56 3376 37)
3(2851 3273 2654)
3(3028 3039 850)
3(1322 200 1214)
3(815 816 848)
3(3038 815 848)
3(3221 5 93)
3(1303 1396 1302)
3(1302 1396 1263)
3(331 330 298)
3(331 298 3154)
3(2220 2306 2327)
3(192 3085 3120)
3(850 817 816)
3(1209 195 1349)
3(2961 54 892)
3(74 892 54)
3(2961 892 74)
3(2961 74 54)
3(2694 2905 2910)
3(2694 2910 2934)
3(2694 2934 2905)
3(1056 891 2646)
3(1056 2646 892)
3(225 192 193)
3(192 3120 193)
3(1312 1202 3222)
3(1313 3222 1202)
3(1312 3222 1313)
3(888 3001 1052)
3(163 3389 164)
3(145 164 3389)
3(3061 122 191)
3(192 3061 191)
3(1737 1640 1695)
3(1737 1653 1640)
3(192 1207 225)
3(2913 2655 2868)
3(2914 2868 2655)
3(2774 3385 2761)
3(96 3385 2774)
3(96 2761 3385)
3(3094 3129 295)
3(295 3129 3119)
3(3094 295 3119)
3(447 2955 446)
3(2993 2955 447)
3(3128 434 3150)
3(3150 434 433)
3(3128 3150 433)
3(3128 433 434)
3(3159 3150 329)
3(3150 3119 329)
3(2406 2281 2379)
3(2406 2317 2281)
3(2263 2398 2251)
3(2263 2272 2398)
3(516 2955 446)
3(2623 2502 2521)
3(516 2955 3072)
3(2660 2878 971)
3(2660 971 2877)
3(111 3249 110)
3(111 2768 3249)
3(2876 2701 2704)
3(2876 2671 2701)
3(3072 516 3031)
3(2922 2876 2704)
3(387 368 3303)
3(387 3303 388)
3(1322 232 200)
3(233 200 232)
3(1387 1401 1297)
3(1387 1308 1401)
3(1401 1308 1297)
3(2922 2701 2704)
3(2922 2876 2701)
3(1465 1519 1452)
3(1464 1452 1519)
3(1068 983 3013)
3(1452 3190 286)
3(2922 2701 2730)
3(2922 2730 2704)
3(1515 1514 1609)
3(1515 1609 1605)
3(1515 1605 1514)
3(1132 1114 3221)
3(1115 3221 1114)
3(2434 2571 2483)
3(2434 2585 2571)
3(926 1000 2981)
3(926 3232 1000)
3(1000 3232 2981)
3(2909 2889 2692)
3(2909 2692 2693)
3(2889 2693 2692)
3(2909 2930 2692)
3(2960 892 2961)
3(2949 2903 2726)
3(2877 2701 2876)
3(2877 2876 2671)
3(1254 1410 1384)
3(1254 1384 1383)
3(1254 1383 1410)
3(1760 1676 1627)
3(2969 3047 876)
3(1431 1561 1479)
3(1431 1430 1561)
3(1561 1430 1479)
3(2724 2932 2900)
3(2690 2903 2912)
3(2690 2912 2938)
3(2611 2526 2590)
3(2590 2526 2619)
3(1564 3330 1437)
3(1564 1438 3330)
3(1438 1437 3330)
3(1564 1437 1438)
3(1631 1795 1630)
3(1483 1599 1482)
3(1595 1599 1483)
3(1595 1482 1599)
3(1595 1483 1482)
3(2419 2315 2314)
3(2911 2847 2675)
3(2911 2675 2846)
3(2675 2895 2847)
3(1441 3396 316)
3(1441 1442 3396)
3(1441 3321 1536)
3(1536 3321 1485)
3(1441 1485 3321)
3(1428 1530 336)
3(2529 2522 2624)
3(1663 1768 1694)
3(3260 469 487)
3(3260 1844 469)
3(487 469 1844)
3(1247 177 3229)
3(1236 3229 177)
3(1236 1247 3229)
3(2641 2888 2690)
3(2690 2888 2640)
3(381 380 3377)
3(362 381 3377)
3(1844 1951 1952)
3(469 1844 1952)
3(3117 3144 746)
3(746 3144 3092)
3(2275 2429 2378)
3(2275 2383 2429)
3(3116 712 3143)
3(712 3153 3143)
3(3116 3153 712)
3(2661 2879 2706)
3(2899 2933 2681)
3(2275 2311 2378)
3(2429 2378 2311)
3(3181 362 363)
3(3181 381 362)
3(1721 1768 1663)
3(1721 1663 1722)
3(1663 1768 1722)
3(2933 2681 2718)
3(2899 2933 2718)
3(1805 1700 1701)
3(2933 2681 2717)
3(2620 2530 2598)
3(3119 328 294)
3(1428 302 336)
3(1530 336 302)
3(2983 124 3085)
3(2983 3065 124)
3(124 3065 3085)
3(191 3061 3075)
3(3061 122 3075)
3(1220 1325 1370)
3(413 3070 342)
3(413 2992 3070)
3(413 342 2992)
3(2796 2797 1188)
3(2731 2945 2727)
3(2731 2714 2945)
3(2945 2727 2917)
3(617 546 3151)
3(2946 2719 2932)
3(2945 2944 2727)
3(1379 1242 1231)
3(1278 1379 1231)
3(1278 1242 1379)
3(2941 2945 2714)
3(1690 1804 1786)
3(1716 1804 1690)
3(3027 238 2952)
3(2952 238 239)
3(720 3114 721)
3(753 721 3114)
3(753 3114 720)
3(3146 3156 335)
3(3136 3146 335)
3(1786 1804 1664)
3(1787 1786 1664)
3(1721 1663 1694)
3(1721 1613 1663)
3(1721 1694 1613)
3(309 342 1533)
3(3128 434 504)
3(3298 81 1120)
3(3298 99 81)
3(81 99 1120)
3(3298 1120 99)
3(813 3097 814)
3(1046 881 1084)
3(1084 881 1045)
3(3040 397 3112)
3(323 1454 3294)
3(1523 323 3294)
3(3127 514 3142)
3(3127 3113 514)
3(3127 514 513)
3(3127 513 3142)
3(339 3135 3138)
3(339 3138 3141)
3(339 3141 3135)
3(3304 158 176)
3(3304 157 158)
3(3305 259 278)
3(3305 277 259)
3(3305 278 277)
3(2980 59 189)
3(1660 1611 1717)
3(1660 1718 1611)
3(1433 340 308)
3(1433 308 341)
3(340 341 308)
3(2981 927 3018)
3(2981 1001 927)
3(1076 2981 3232)
3(1096 1161 2735)
3(2781 2735 1161)
3(3138 306 3135)
3(339 306 3138)
3(339 3135 306)
3(297 1527 1557)
3(297 1423 1527)
3(1605 1505 1582)
3(1582 1505 1490)
3(1771 1667 1668)
3(1618 1667 1771)
3(3156 437 438)
3(405 3156 438)
3(405 437 3156)
3(405 438 437)
3(1401 1412 1297)
3(1401 1291 1412)
3(1401 1297 1291)
3(307 306 3135)
3(307 3138 306)
3(406 407 3165)
3(406 3146 407)
3(229 3104 197)
3(230 3104 229)
3(1326 1224 3234)
3(1224 3363 3234)
3(1326 3363 1224)
3(1326 3234 3363)
3(1563 310 342)
3(309 1563 342)
3(3149 609 3153)
3(3149 3158 609)
3(609 3158 3153)
3(1482 1481 1599)
3(2957 2995 49)
3(3114 752 823)
3(3114 823 753)
3(3114 753 752)
3(3149 608 609)
3(3149 609 538)
3(609 3153 608)
3(1493 1547 1448)
3(1448 1547 1459)
3(3149 506 539)
3(3158 3149 539)
3(3158 506 3149)
3(3158 539 506)
3(539 3149 538)
3(1589 1503 1588)
3(112 5 3221)
3(112 3221 4)
3(4 3221 5)
3(3114 3091 823)
3(3114 752 3091)
3(331 1557 298)
3(298 1557 330)
3(1708 1804 1716)
3(1708 1716 1801)
3(3158 508 3163)
3(3158 3165 508)
3(508 3165 3163)
3(1571 1578 1473)
3(3149 539 609)
3(609 539 3158)
3(1368 1258 1404)
3(1368 1366 1258)
3(1258 1366 1404)
3(1714 1703 1807)
3(1800 1807 1703)
3(1377 1331 1230)
3(1331 1243 1230)
3(3051 706 3057)
3(707 3057 706)
3(3231 24 23)
3(3059 501 430)
3(613 3160 3164)
3(613 3163 3160)
3(1400 1290 1409)
3(1400 1409 1309)
3(1547 3194 1460)
3(1448 3194 1547)
3(1448 1460 3194)
3(3160 544 3163)
3(614 3160 3163)
3(1546 1459 257)
3(1547 257 1459)
3(1787 1664 1655)
3(1787 1692 1664)
3(3142 3160 544)
3(615 3160 647)
3(615 3160 648)
3(3160 647 648)
3(773 774 3378)
3(2832 1188 1199)
3(2832 1199 1153)
3(96 3216 97)
3(78 3216 96)
3(2761 96 3216)
3(3057 3051 705)
3(2050 575 594)
3(575 2071 594)
3(707 3103 636)
3(3051 3103 636)
3(1628 1627 1731)
3(1628 1731 1780)
3(1958 1820 540)
3(3084 196 3062)
3(3084 3110 196)
3(3159 3150 400)
3(3150 329 400)
3(197 196 3084)
3(197 3104 196)
3(3084 196 3104)
3(1602 1469 1468)
3(1811 3177 1922)
3(1848 1922 3177)
3(1515 1608 1506)
3(1504 1602 1567)
3(3379 621 48)
3(3379 48 2044)
3(1507 1515 1608)
3(1452 1520 1519)
3(1551 1462 1450)
3(281 1551 1450)
3(281 1462 1551)
3(1547 258 1460)
3(258 3194 1460)
3(1547 3194 258)
3(1655 379 3359)
3(379 3217 3359)
3(773 2474 2562)
3(773 2561 2474)
3(2832 2795 1199)
3(2832 1199 2831)
3(2433 2434 2540)
3(3241 666 2349)
3(3241 684 666)
3(3241 2349 684)
3(1951 1892 1997)
3(1996 1997 1892)
3(582 581 3380)
3(582 3380 563)
3(653 3379 49)
3(49 3379 48)
3(653 48 3379)
3(2540 2479 2434)
3(481 1945 482)
3(1706 1699 1808)
3(1707 1808 1699)
3(3084 2984 127)
3(309 1533 1434)
3(308 1434 1533)
3(1563 1533 309)
3(809 3049 3053)
3(809 3053 2844)
3(2844 3053 3049)
3(2568 3310 2466)
3(809 810 3049)
3(532 500 499)
3(1812 532 499)
3(1577 1507 1471)
3(1577 1471 1572)
3(1471 1507 1572)
3(1602 1504 1605)
3(1504 1514 1605)
3(798 3292 2466)
3(779 2466 3292)
3(3014 3056 396)
3(3014 429 3056)
3(3014 396 429)
3(3014 981 396)
3(3014 396 2978)
3(3014 2978 981)
3(402 1620 1756)
3(435 1756 1620)
3(3049 3053 810)
3(809 810 3053)
3(95 3297 3385)
3(95 3385 77)
3(77 3385 3297)
3(1563 309 1434)
3(1563 1434 1435)
3(2759 1114 2758)
3(2759 950 1114)
3(1773 1675 1700)
3(1629 445 1761)
3(411 445 1629)
3(3134 305 338)
3(3134 338 3135)
3(305 3135 338)
3(546 3142 545)
3(798 2477 3292)
3(3292 2477 797)
3(2364 2227 2334)
3(2276 2334 2227)
3(1533 1434 1563)
3(3084 197 127)
3(44 1031 414)
3(44 414 2954)
3(1031 2954 414)
3(44 2954 1031)
3(2228 2364 2381)
3(2228 2381 2277)
3(1565 1439 347)
3(2228 2335 2381)
3(820 3130 3042)
3(413 1762 414)
3(3395 179 161)
3(137 3064 3026)
3(137 3026 2951)
3(2774 95 3297)
3(2774 3385 95)
3(78 77 3385)
3(78 3385 1117)
3(3385 77 1117)
3(259 258 3305)
3(1548 3305 258)
3(207 978 2990)
3(2951 2990 978)
3(3121 821 3042)
3(1606 1604 1503)
3(1606 1503 1589)
3(1946 1991 1841)
3(1946 1841 1862)
3(3430 776 2476)
3(3430 2476 2565)
3(1256 1318 1372)
3(1206 1372 1318)
3(192 1318 1207)
3(192 1206 1318)
3(131 3023 3087)
3(130 131 3087)
3(130 3023 131)
3(1816 1927 1817)
3(1816 1866 1927)
3(1598 1469 1594)
3(1594 1469 1526)
3(298 1424 1557)
3(331 1424 298)
3(2077 2206 2076)
3(2077 2028 2206)
3(1803 1688 1714)
3(3068 3087 131)
3(3068 131 3023)
3(338 3134 3141)
3(338 3141 337)
3(131 3087 200)
3(130 200 3087)
3(1680 1630 1795)
3(1268 1353 1218)
3(1324 1218 1353)
3(1324 1353 1268)
3(379 360 3217)
3(338 304 305)
3(201 3087 131)
3(201 131 3068)
3(3290 773 772)
3(3290 2561 773)
3(1605 1567 1504)
3(1583 1539 1490)
3(39 138 3381)
3(1492 1590 1501)
3(1501 1590 1591)
3(1581 1561 1479)
3(3306 139 945)
3(946 3306 945)
3(1774 1710 1673)
3(1774 1709 1710)
3(1774 1673 1709)
3(1939 1851 3354)
3(1939 3354 3188)
3(1851 3188 3354)
3(1939 3188 1851)
3(1938 3354 1939)
3(1851 3354 1938)
3(1711 1700 1773)
3(1730 1794 1625)
3(1759 1625 1794)
3(1730 1625 1759)
3(138 38 3381)
3(945 3381 38)
3(945 138 3381)
3(2922 2877 2701)
3(1805 1802 1700)
3(1802 1773 1700)
3(3306 139 138)
3(3306 138 945)
3(3130 3042 821)
3(820 3130 821)
3(486 468 3307)
3(468 487 3307)
3(486 3307 487)
3(1769 1755 1615)
3(1861 1811 1922)
3(1071 981 2978)
3(3147 3109 709)
3(3147 709 708)
3(2325 731 2222)
3(2332 2325 2222)
3(2332 2222 731)
3(1616 1725 1796)
3(1616 1755 1725)
3(499 65 3382)
3(492 3382 65)
3(588 587 3308)
3(3084 126 2984)
3(3084 3062 126)
3(1428 1530 1476)
3(1476 1530 1427)
3(2912 2888 2690)
3(3025 134 941)
3(411 443 1731)
3(411 410 443)
3(410 1731 443)
3(3095 502 501)
3(3095 501 3100)
3(3095 3100 502)
3(2449 2578 2612)
3(2449 2548 2578)
3(2449 2578 2450)
3(2612 2450 2578)
3(2812 1128 2778)
3(2812 2766 1128)
3(2766 2778 1128)
3(2961 2999 892)
3(2960 892 2999)
3(890 889 3000)
3(1442 1466 3396)
3(260 3417 259)
3(278 3417 260)
3(278 259 3417)
3(2765 1171 1170)
3(1171 2813 1170)
3(2765 2813 1171)
3(825 2578 2450)
3(2449 2578 825)
3(825 3035 824)
3(3102 3035 825)
3(3102 824 3035)
3(3095 501 431)
3(3095 3059 501)
3(3095 431 3059)
3(3059 431 501)
3(2454 3275 829)
3(3275 830 829)
3(2454 830 3275)
3(678 3219 3409)
3(2361 678 3409)
3(2454 3275 2453)
3(1149 2788 1154)
3(1133 1154 2788)
3(1691 1789 1748)
3(1691 1748 1686)
3(3019 929 2982)
3(123 2982 929)
3(1442 316 350)
3(349 1442 350)
3(2455 2454 2580)
3(2594 2454 2455)
3(73 3309 874)
3(3309 867 874)
3(73 867 3309)
3(47 986 2956)
3(1028 2956 986)
3(3204 282 1462)
3(281 3204 1462)
3(1193 2809 2835)
3(1193 1185 2809)
3(2809 1185 2835)
3(1193 2835 1185)
3(799 3310 800)
3(830 2454 2580)
3(366 3246 1658)
3(1750 366 1658)
3(1750 1658 3246)
3(549 986 2956)
3(2872 2669 2711)
3(2872 2657 2669)
3(2994 3031 549)
3(236 3135 306)
3(549 1829 516)
3(1581 1532 1480)
3(1532 1576 1480)
3(3095 502 431)
3(440 3165 441)
3(510 3165 440)
3(510 441 3165)
3(1721 1768 1694)
3(46 2955 2994)
3(46 517 2955)
3(1786 1690 1654)
3(1786 1643 1690)
3(1029 2994 46)
3(2955 1029 46)
3(73 3309 75)
3(3370 252 253)
3(3370 271 252)
3(1159 1184 2822)
3(1187 1159 2822)
3(1187 2822 1184)
3(1721 1650 1663)
3(1721 1613 1650)
3(1824 1931 512)
3(1825 512 1931)
3(412 3070 3126)
3(412 3126 3138)
3(1735 1764 1683)
3(1764 3278 1683)
3(1735 3278 1764)
3(1293 1373 1291)
3(1291 1373 1267)
3(1674 1774 1710)
3(1673 1774 1674)
3(2108 2179 2081)
3(2117 2179 2108)
3(2117 2081 2179)
3(1171 1197 2810)
3(1171 2810 1172)
3(1197 1172 2810)
3(1171 1197 2813)
3(1171 2813 2810)
3(1913 2016 1884)
3(1886 1884 2016)
3(3117 713 3144)
3(571 2058 2159)
3(1282 1385 1234)
3(1282 1234 1339)
3(1234 1385 1339)
3(3207 467 466)
3(71 808 72)
3(3010 808 71)
3(3143 713 712)
3(3257 463 482)
3(3257 1946 463)
3(3257 482 1946)
3(63 3014 981)
3(1282 1384 1254)
3(1282 1254 1410)
3(2952 3063 238)
3(293 1419 326)
3(1192 2804 1179)
3(1192 1157 2804)
3(1179 2804 1157)
3(1638 1753 1659)
3(3063 2991 238)
3(309 2991 3063)
3(1865 1815 1971)
3(389 1724 1614)
3(389 1611 1724)
3(1614 1724 1611)
3(1724 1615 430)
3(397 1615 1724)
3(3397 1452 287)
3(3397 287 1416)
3(1774 1711 1674)
3(3012 533 532)
3(3012 2842 533)
3(2949 2903 2689)
3(396 3255 429)
3(396 1724 3255)
3(2437 2438 2542)
3(813 2437 2542)
3(1757 1670 1727)
3(1757 1777 1670)
3(2461 2559 2512)
3(754 2239 2340)
3(754 755 2239)
3(2239 2238 754)
3(3150 3159 434)
3(2239 722 754)
3(3082 2967 880)
3(3005 3082 880)
3(543 544 511)
3(544 1960 511)
3(646 3164 715)
3(2450 2578 826)
3(3339 1733 1633)
3(3339 1633 415)
3(1633 1733 415)
3(2559 790 789)
3(2559 789 771)
3(1192 2783 1179)
3(1192 2804 2783)
3(3048 2845 3009)
3(515 548 3031)
3(515 3031 516)
3(1192 2783 1176)
3(1774 1794 1674)
3(1674 1794 1711)
3(3007 3081 876)
3(3081 2969 876)
3(3383 771 772)
3(1041 2969 1079)
3(739 2332 706)
3(739 706 738)
3(2332 738 706)
3(2332 2223 739)
3(2002 2009 1899)
3(2020 1899 2009)
3(2002 1899 2020)
3(1548 258 1460)
3(2838 977 3017)
3(1304 1264 1413)
3(124 930 123)
3(123 930 1133)
3(1990 1841 1945)
3(1991 1945 1841)
3(1787 1664 1744)
3(1787 1744 1655)
3(3016 189 3060)
3(1903 2004 1909)
3(1903 1910 2004)
3(1910 1909 2004)
3(1674 1729 1774)
3(1673 1729 1674)
3(2949 2927 2689)
3(2927 2903 2689)
3(3017 2838 120)
3(776 2476 795)
3(343 3030 2992)
3(343 2992 342)
3(2528 2532 2618)
3(343 3030 2953)
3(413 2954 2992)
3(413 414 2954)
3(2992 2954 414)
3(411 444 443)
3(411 443 3126)
3(411 3126 444)
3(682 2248 2347)
3(682 2347 681)
3(1839 1942 1884)
3(1849 1884 1942)
3(3060 222 189)
3(3016 222 3060)
3(3016 189 222)
3(3060 190 189)
3(3014 3040 396)
3(2011 2005 1902)
3(2518 2508 2604)
3(2508 2531 2604)
3(2013 1868 1898)
3(439 438 3165)
3(509 439 3165)
3(509 3165 438)
3(2022 1865 1971)
3(1621 436 437)
3(1757 1621 437)
3(1757 436 1621)
3(2903 2888 2690)
3(515 3113 514)
3(3071 3125 547)
3(3071 547 3113)
3(3071 547 3032)
3(548 3032 547)
3(3071 548 547)
3(3012 532 3054)
3(532 2976 3054)
3(813 3097 743)
3(3311 576 557)
3(3311 557 558)
3(2097 2191 2148)
3(2064 2148 2191)
3(2064 2191 2097)
3(2011 1906 1969)
3(2960 1020 992)
3(1970 1861 1893)
3(1861 1969 1893)
3(1970 1969 1861)
3(1970 1893 1969)
3(3038 848 3082)
3(2967 3082 848)
3(2967 848 3038)
3(847 848 3082)
3(3038 848 847)
3(3385 2761 1117)
3(1117 3385 1118)
3(3082 3097 846)
3(3082 846 847)
3(3046 3097 846)
3(3046 846 3082)
3(2613 2484 2617)
3(2609 2617 2484)
3(809 2571 810)
3(2571 2434 810)
3(1726 1776 1668)
3(631 597 3384)
3(630 631 3384)
3(630 3384 597)
3(3058 2978 326)
3(1204 3316 189)
3(222 189 3316)
3(1204 222 3316)
3(3160 648 3151)
3(3137 3093 813)
3(3137 813 812)
3(3093 812 813)
3(3137 812 3093)
3(1982 1878 1879)
3(1982 1879 1934)
3(3231 1229 188)
3(163 1229 3231)
3(2075 2025 2130)
3(2075 2130 2062)
3(3184 478 459)
3(3184 459 460)
3(3137 743 3097)
3(3137 3097 813)
3(3137 813 742)
3(3137 742 812)
3(3137 813 743)
3(3261 352 353)
3(3261 371 352)
3(2187 2047 2092)
3(2048 2047 2187)
3(2048 2187 2092)
3(590 591 3401)
3(2058 3401 591)
3(1949 1896 1995)
3(1949 1885 1896)
3(1896 1885 1995)
3(517 2955 984)
3(46 984 2955)
3(3137 741 812)
3(3384 598 597)
3(3384 631 598)
3(1982 2006 1877)
3(191 3075 3101)
3(1633 1634 1763)
3(1633 1763 3339)
3(1880 1973 1833)
3(1880 1834 1973)
3(229 299 3110)
3(3104 229 3110)
3(3104 299 229)
3(631 3384 2128)
3(1788 1689 1713)
3(1692 1788 1713)
3(2244 2290 2386)
3(1950 1949 1896)
3(1995 1950 1896)
3(2518 2619 2526)
3(1205 223 191)
3(1205 1348 223)
3(1205 191 1348)
3(2106 2200 2100)
3(1905 1994 1885)
3(855 822 3121)
3(2237 2384 2369)
3(2369 2384 2238)
3(228 3110 229)
3(228 299 3110)
3(1915 1994 2019)
3(1951 1844 1997)
3(1951 1892 1844)
3(1844 1892 1997)
3(2526 2621 2619)
3(229 196 3110)
3(228 196 229)
3(228 3110 196)
3(2172 2045 3172)
3(2142 2172 3172)
3(2050 2074 3362)
3(2162 2050 3362)
3(1232 1275 1381)
3(2449 825 2548)
3(1679 1678 1798)
3(1701 1679 1798)
3(1701 1798 1678)
3(2339 720 2237)
3(2339 2237 753)
3(1905 1896 1995)
3(1892 1995 1896)
3(1679 1797 1798)
3(1797 1678 1798)
3(2061 3271 3384)
3(2061 2129 3271)
3(653 3077 620)
3(3125 617 3151)
3(1877 2006 1901)
3(1901 2006 1876)
3(1975 1872 1873)
3(1975 1823 1872)
3(1975 1873 1823)
3(1333 1242 1231)
3(197 229 196)
3(229 3104 196)
3(1487 1585 1513)
3(1487 1486 1585)
3(1585 1486 1513)
3(2194 2121 2094)
3(3240 1232 170)
3(1244 1232 3240)
3(2123 2097 2216)
3(2194 2125 2211)
3(2121 2194 2211)
3(3124 227 3105)
3(3124 194 227)
3(195 194 3065)
3(298 332 331)
3(3157 3124 227)
3(1685 1783 1806)
3(1784 1685 1806)
3(1784 1783 1685)
3(3115 3140 720)
3(3140 3132 720)
3(3115 720 3132)
3(3115 3114 720)
3(3114 3140 720)
3(2272 2425 2312)
3(2272 2300 2425)
3(3127 513 444)
3(586 3416 2067)
3(2067 3416 3263)
3(586 3263 3416)
3(1780 1627 1676)
3(386 387 3328)
3(1340 3252 1246)
3(1234 3252 1340)
3(1234 1246 3252)
3(340 307 308)
3(3138 307 340)
3(3138 340 308)
3(2069 2157 2158)
3(2069 570 2157)
3(2069 2158 570)
3(3205 350 1442)
3(3205 316 350)
3(3205 1442 316)
3(339 1431 1432)
3(2023 2026 2126)
3(2026 595 2126)
3(2025 3271 599)
3(2025 2061 3271)
3(3124 226 3157)
3(3124 227 226)
3(3157 226 227)
3(2026 2126 2072)
3(3157 3129 226)
3(3124 226 3129)
3(2108 2116 2186)
3(2069 2100 2157)
3(2057 2157 2100)
3(2069 2157 2057)
3(297 330 3129)
3(3139 604 638)
3(638 604 605)
3(542 509 3163)
3(1821 1822 1959)
3(1821 1959 509)
3(2039 2189 2038)
3(2169 2038 2189)
3(2032 2136 2081)
3(2069 2100 2158)
3(1827 1828 1962)
3(1827 1962 515)
3(515 1962 1828)
3(328 296 295)
3(328 295 1421)
3(1931 545 1825)
3(515 516 3072)
3(156 3252 1246)
3(1340 3252 156)
3(1340 156 1246)
3(656 623 3312)
3(656 3312 657)
3(2694 2906 2905)
3(2645 2694 2905)
3(3137 811 3111)
3(3093 811 3137)
3(3093 3111 811)
3(2389 2288 2289)
3(2389 2289 2242)
3(297 330 1557)
3(1527 330 297)
3(297 330 296)
3(3129 297 296)
3(2160 2188 2059)
3(2160 2059 2161)
3(2161 593 2071)
3(2161 2059 593)
3(2266 2359 2404)
3(2049 2074 3362)
3(3137 741 811)
3(812 3137 811)
3(347 3321 1565)
3(633 3262 2062)
3(633 600 3262)
3(3111 3137 741)
3(750 749 3148)
3(750 3148 3130)
3(2024 597 3384)
3(2113 2213 2112)
3(2123 2112 2213)
3(2073 2178 2072)
3(2072 2178 2076)
3(156 174 1246)
3(156 3252 174)
3(174 3252 1246)
3(1148 2784 1101)
3(1116 1101 2784)
3(532 3382 499)
3(499 3382 2976)
3(532 499 2976)
3(1063 987 3008)
3(1063 3008 68)
3(2186 2179 2081)
3(2108 2179 2186)
3(2108 2186 2081)
3(2229 745 2365)
3(2229 2365 2335)
3(2229 2335 745)
3(1959 1821 1871)
3(1929 1821 1820)
3(1929 1870 1821)
3(2117 2179 2211)
3(2108 2211 2179)
3(3252 156 155)
3(78 1118 3385)
3(78 3216 1118)
3(78 3385 3216)
3(1451 282 3400)
3(283 1451 3400)
3(2106 2201 2070)
3(719 751 752)
3(3380 2150 2054)
3(2150 563 2054)
3(3380 2054 563)
3(1687 1806 1685)
3(1687 1685 1783)
3(2195 2151 2105)
3(3320 83 2775)
3(102 2775 83)
3(3320 102 83)
3(2096 2157 2100)
3(1538 1569 1457)
3(1457 1569 1496)
3(2494 2589 2596)
3(2494 2622 2589)
3(598 3271 3384)
3(3237 460 461)
3(2218 2217 2115)
3(2494 2589 2516)
3(1328 1346 1274)
3(532 3054 499)
3(532 500 3054)
3(595 3274 2126)
3(628 3274 595)
3(628 2126 3274)
3(102 84 2775)
3(2775 84 2764)
3(1812 532 3382)
3(3197 577 558)
3(3321 314 315)
3(2007 1887 1986)
3(1986 1887 2015)
3(3402 570 2069)
3(3402 589 570)
3(2069 570 589)
3(3402 2069 589)
3(644 610 2034)
3(332 1558 1425)
3(332 1425 1424)
3(1236 1343 1344)
3(1236 1344 159)
3(1236 159 1343)
3(1770 1671 1709)
3(1770 1709 1672)
3(3304 158 177)
3(3304 177 176)
3(2078 2202 2122)
3(2078 2077 2202)
3(3180 90 91)
3(3180 91 109)
3(1685 1712 1806)
3(1706 1685 1806)
3(1706 1806 1712)
3(218 185 3419)
3(218 3222 185)
3(185 3222 3419)
3(718 750 2338)
3(93 92 3253)
3(1132 93 3253)
3(1132 3253 92)
3(2040 649 2039)
3(819 820 852)
3(820 3045 852)
3(2203 2207 2091)
3(2203 2090 2207)
3(2203 2091 2090)
3(2207 2090 2091)
3(111 92 3253)
3(111 92 2780)
3(111 2780 3253)
3(2780 92 3253)
3(2596 2446 2494)
3(2596 2495 2446)
3(2596 2494 2495)
3(812 2542 2570)
3(812 845 2542)
3(812 2570 845)
3(2493 2589 2444)
3(827 3279 2452)
3(2493 2611 2444)
3(2611 2589 2444)
3(2007 1887 1985)
3(96 77 3385)
3(78 96 3385)
3(1104 123 2738)
3(123 1133 2738)
3(737 704 3322)
3(737 3407 704)
3(704 3407 3322)
3(2494 2445 2596)
3(95 3385 96)
3(192 1318 225)
3(1318 1207 225)
3(192 3101 224)
3(192 191 3101)
3(189 182 3316)
3(1204 3316 182)
3(673 3269 3436)
3(2357 3436 3269)
3(3067 130 200)
3(3067 200 3087)
3(192 225 224)
3(937 3023 2986)
3(1011 937 2986)
3(2607 2465 2477)
3(1137 2744 2745)
3(1010 936 2986)
3(2986 936 1011)
3(2471 2505 2554)
3(2505 2459 2554)
3(2009 1899 1981)
3(136 205 3088)
3(206 136 3088)
3(135 3088 136)
3(136 2989 3088)
3(136 135 2989)
3(135 3088 2989)
3(136 3064 3088)
3(942 135 136)
3(1902 2011 1900)
3(2121 2211 2218)
3(3402 2157 2069)
3(942 2989 136)
3(3139 637 3103)
3(3139 638 637)
3(192 1318 224)
3(2459 2505 2597)
3(2505 2530 2598)
3(2620 2505 2598)
3(1536 3396 3321)
3(1536 1441 3396)
3(2414 2303 2392)
3(2296 2392 2303)
3(2296 2414 2392)
3(2296 2303 2414)
3(3407 703 2258)
3(736 703 3407)
3(1211 197 229)
3(3224 103 102)
3(1211 1350 229)
3(2045 622 2172)
3(2172 622 3172)
3(1170 1197 2813)
3(2560 3383 771)
3(2342 2386 2244)
3(2342 2290 2386)
3(1168 1167 2817)
3(1168 2837 1167)
3(1457 1537 1569)
3(1538 1537 1457)
3(2560 2559 3383)
3(2560 3383 2473)
3(2560 2473 2559)
3(3149 3100 536)
3(3149 536 3128)
3(3128 536 3100)
3(1953 1845 1998)
3(1845 3405 1998)
3(1953 3405 1845)
3(1881 1882 2014)
3(3313 1073 979)
3(3313 979 60)
3(2261 2248 2392)
3(2392 2248 2303)
3(3314 662 663)
3(681 3314 663)
3(1132 3253 3221)
3(2780 1132 3221)
3(2780 3253 1132)
3(2780 3221 3253)
3(2217 2202 2122)
3(2202 2180 2122)
3(2217 2122 2180)
3(93 3253 3221)
3(951 1114 3221)
3(2759 3221 1114)
3(2759 1114 951)
3(2759 951 3221)
3(3293 2656 905)
3(3293 963 2656)
3(2192 2097 2191)
3(1099 2815 1147)
3(1099 2819 2815)
3(1099 1147 2819)
3(2462 772 791)
3(2211 2117 2214)
3(695 3289 2255)
3(695 696 3289)
3(2255 3289 696)
3(1217 1353 1218)
3(1267 1218 1353)
3(1267 1353 1217)
3(1099 2733 2770)
3(1099 2770 2819)
3(1099 2819 2733)
3(203 3118 3108)
3(203 3108 235)
3(203 235 3118)
3(2360 696 2267)
3(2360 2255 696)
3(2733 921 1098)
3(3178 921 2733)
3(3178 2733 1098)
3(3178 1098 921)
3(1098 3178 116)
3(1098 1099 3178)
3(1099 116 3178)
3(203 3118 3069)
3(1183 2786 1145)
3(2823 2786 1183)
3(2823 1183 1145)
3(1099 1098 2819)
3(1099 2819 1146)
3(124 3085 3019)
3(2255 2359 695)
3(1920 1846 1859)
3(1859 1846 1919)
3(1920 1859 1919)
3(1920 1919 1846)
3(1272 1398 1395)
3(1272 1395 1293)
3(1395 1308 1296)
3(1293 1395 1296)
3(1271 1374 1269)
3(2275 2315 2383)
3(2276 2383 2315)
3(124 3019 123)
3(3144 748 3155)
3(3144 715 748)
3(2137 2034 2166)
3(1222 207 239)
3(1221 239 207)
3(123 3019 3085)
3(2214 2211 2125)
3(751 3121 3140)
3(1142 2755 1160)
3(1160 2755 2802)
3(1142 1160 2802)
3(203 3108 236)
3(203 236 235)
3(39 38 3381)
3(191 3061 3101)
3(1433 1432 1562)
3(719 650 3132)
3(2837 1186 2811)
3(2837 1168 1186)
3(2495 2447 2577)
3(2547 2495 2577)
3(2547 2577 2447)
3(236 204 3108)
3(2830 1182 2825)
3(2820 2828 1190)
3(2820 1190 2827)
3(1305 1404 1300)
3(1300 1404 1290)
3(1182 2831 2825)
3(1182 1197 2831)
3(1182 2825 1197)
3(2831 1197 2825)
3(1210 1259 1366)
3(2025 2103 2130)
3(2025 2130 2061)
3(1712 1784 1685)
3(1358 1260 1405)
3(1260 1392 1405)
3(1412 1387 1297)
3(1387 1386 1297)
3(1217 203 1353)
3(235 1353 203)
3(235 203 1217)
3(235 1217 1353)
3(1099 3178 2770)
3(2733 3178 1099)
3(1099 3178 3186)
3(2770 3186 3178)
3(1099 3186 2770)
3(769 3427 2461)
3(2557 2461 3427)
3(2271 2377 2329)
3(2329 2377 2302)
3(2271 2329 2302)
3(1108 2795 1177)
3(2795 1153 1177)
3(2555 3426 2460)
3(2471 2460 3426)
3(2303 2376 2302)
3(2505 2554 2598)
3(2330 2271 2258)
3(1018 2951 3333)
3(137 2951 1018)
3(1467 1454 1522)
3(1523 1467 1522)
3(2302 2377 2376)
3(2221 2257 2329)
3(2221 3410 2257)
3(2329 2257 3410)
3(2221 2329 3410)
3(752 719 3140)
3(1958 1869 1966)
3(1958 2000 1869)
3(1134 2736 1158)
3(1256 1397 1255)
3(646 3164 3155)
3(1222 41 207)
3(40 41 1222)
3(2341 2370 3386)
3(2172 2045 2090)
3(2046 2045 2172)
3(1222 41 239)
3(1119 3298 2773)
3(79 1119 2773)
3(79 2773 3298)
3(3216 98 79)
3(3216 2773 98)
3(3216 79 2773)
3(98 2773 79)
3(3150 400 434)
3(2429 2315 2383)
3(1222 3394 41)
3(1222 40 3394)
3(2798 1139 2748)
3(2798 2749 1139)
3(951 1114 144)
3(951 144 3221)
3(144 1114 3221)
3(2127 2073 2178)
3(1114 144 950)
3(1114 950 951)
3(596 3415 2060)
3(2060 3415 3210)
3(3221 112 93)
3(3314 2248 2261)
3(2804 2758 1143)
3(1157 1192 2803)
3(3242 666 667)
3(802 3228 2467)
3(802 2467 3412)
3(1342 1247 1284)
3(1342 1284 1288)
3(1342 1288 1247)
3(1437 345 3330)
3(1564 345 1437)
3(1389 1283 1395)
3(2256 2326 2269)
3(2327 2326 2256)
3(3343 2347 663)
3(3343 663 682)
3(663 2347 682)
3(3343 682 2347)
3(2776 85 1124)
3(1170 2813 2785)
3(3049 3011 739)
3(1205 1348 1317)
3(3143 643 712)
3(1127 2807 1173)
3(1127 1172 2807)
3(3028 882 3044)
3(2560 2462 2473)
3(747 2366 715)
3(2231 747 715)
3(3155 3148 647)
3(717 3148 3155)
3(716 3155 749)
3(3155 748 749)
3(755 826 2997)
3(826 990 2997)
3(2270 2291 2421)
3(2270 2421 2301)
3(2291 2301 2421)
3(2009 1901 1981)
3(1901 1899 1981)
3(2009 1899 1901)
3(1172 1171 2807)
3(2810 1172 2807)
3(208 1223 3315)
3(3315 1223 209)
3(208 3315 209)
3(2807 1173 1128)
3(1127 2807 1128)
3(723 722 2958)
3(723 2958 755)
3(755 2958 722)
3(735 3410 3332)
3(2329 3410 735)
3(2329 3332 3410)
3(3244 106 105)
3(3244 105 87)
3(2346 3314 663)
3(663 3314 2347)
3(1357 244 1227)
3(244 245 1227)
3(1357 1227 245)
3(183 3318 1201)
3(1201 3318 1238)
3(2415 2424 2324)
3(1136 127 934)
3(128 1136 934)
3(128 934 127)
3(127 934 2742)
3(127 2742 1136)
3(1210 195 1349)
3(1290 1405 1409)
3(1290 1404 1405)
3(716 717 749)
3(717 3155 749)
3(1915 2019 1890)
3(1903 1890 2019)
3(3132 3160 648)
3(2225 741 2362)
3(1218 203 1353)
3(3097 3038 814)
3(847 814 3038)
3(2617 2484 2519)
3(2617 2529 2484)
3(2078 2180 2122)
3(1108 2745 1177)
3(2795 1177 2745)
3(1215 1216 1352)
3(1216 201 1352)
3(138 2754 1111)
3(138 1141 2754)
3(1357 1273 1371)
3(2503 2564 2605)
3(2503 2605 2507)
3(2503 2507 2564)
3(2507 2605 2564)
3(1148 2816 1185)
3(2379 2280 2336)
3(3297 94 76)
3(1564 1438 346)
3(3330 346 1438)
3(1357 3342 1227)
3(244 3342 1357)
3(244 1227 3342)
3(2615 2499 2498)
3(1127 87 2777)
3(2392 2346 2248)
3(2261 2346 2392)
3(2261 2248 2346)
3(1245 1254 1383)
3(1233 1245 1383)
3(1233 1383 1254)
3(2221 2302 2329)
3(763 3373 2539)
3(2539 3373 782)
3(763 2539 782)
3(1169 2811 1196)
3(1206 1318 224)
3(702 3410 2257)
3(702 2221 3410)
3(1169 2811 2785)
3(2491 2574 2442)
3(2711 2705 2918)
3(1227 1226 1357)
3(1357 1226 1273)
3(532 525 3382)
3(66 3382 525)
3(2658 3192 2670)
3(1280 1340 1277)
3(1246 1277 1340)
3(1386 1280 1277)
3(1386 1307 1280)
3(2785 2764 1169)
3(2503 2531 2605)
3(2503 2604 2531)
3(1523 1467 1537)
3(1523 1569 1467)
3(1467 1569 1537)
3(1384 1245 1338)
3(1384 1339 1245)
3(1245 1339 1338)
3(1245 1384 1383)
3(1245 1254 1384)
3(1245 1338 1383)
3(2505 2597 2554)
3(2459 2554 2597)
3(1257 1294 1414)
3(2787 2737 1158)
3(2787 1158 2786)
3(1812 525 3382)
3(1812 532 525)
3(2617 2484 2483)
3(2786 1145 2781)
3(2676 2847 2675)
3(2676 2895 2847)
3(707 740 3057)
3(707 3109 740)
3(740 741 708)
3(2436 2541 2484)
3(2435 2541 2436)
3(2598 2505 2597)
3(1267 1268 1353)
3(160 3212 179)
3(160 179 3395)
3(179 3212 3395)
3(2229 2228 2373)
3(2937 2716 2930)
3(2937 2715 2716)
3(2937 2930 2715)
3(2384 2237 2339)
3(2384 2339 2286)
3(2286 2339 2237)
3(620 2044 2171)
3(2995 3032 619)
3(653 3033 652)
3(653 652 3077)
3(2208 2091 2207)
3(2208 2089 2091)
3(2208 2207 2089)
3(2089 2207 2091)
3(719 752 720)
3(2380 2289 2371)
3(2389 2371 2289)
3(2389 2289 2380)
3(3382 65 525)
3(3382 525 492)
3(976 975 3236)
3(2882 976 3236)
3(2800 1184 1160)
3(2800 1160 2802)
3(1159 2799 2822)
3(1184 2799 1159)
3(866 3176 781)
3(866 19 3176)
3(2342 2372 2244)
3(1282 1384 1245)
3(2608 2466 2509)
3(1324 1219 204)
3(2808 2827 1193)
3(2808 1193 2835)
3(1193 2827 2835)
3(1585 1487 1506)
3(2481 2466 2595)
3(1407 1279 1306)
3(1407 1306 1298)
3(1407 1298 1279)
3(2481 2595 2551)
3(2569 2481 2551)
3(918 976 3236)
3(976 3282 3236)
3(2566 2465 2607)
3(3213 970 911)
3(911 970 2671)
3(3213 911 2671)
3(3213 2671 970)
3(1378 1279 1407)
3(1399 1407 1279)
3(1171 2765 2810)
3(1278 1407 1279)
3(1278 1306 1407)
3(1248 179 3395)
3(2115 2180 2122)
3(1248 1236 1389)
3(1248 1389 1344)
3(1389 1236 1344)
3(1248 1344 1236)
3(1289 1296 1406)
3(1289 1406 1283)
3(1289 1273 1406)
3(1406 1273 1296)
3(1273 1274 1406)
3(1393 1406 1274)
3(1393 1274 1273)
3(2113 2176 2104)
3(2176 2103 2104)
3(2601 2512 2528)
3(2601 2528 2501)
3(1044 2634 2855)
3(1289 1274 1406)
3(3279 2451 53)
3(3279 53 859)
3(2790 1190 2828)
3(1154 2789 2788)
3(2601 2532 2528)
3(2601 2512 2532)
3(2832 1199 1198)
3(1199 2834 1198)
3(2832 2834 1199)
3(2683 2684 2885)
3(2317 2279 2379)
3(2407 2279 2317)
3(2263 2398 2353)
3(2353 2398 2251)
3(2263 2353 2251)
3(2635 2685 2902)
3(2894 2685 2635)
3(2894 2635 2902)
3(1200 2828 2824)
3(1935 1834 3329)
3(1935 3329 1833)
3(1834 1833 3329)
3(2684 2902 2941)
3(189 3316 59)
3(189 60 3316)
3(60 59 3316)
3(2603 2604 2508)
3(2603 2508 2561)
3(843 2571 809)
3(2899 2950 2718)
3(1413 1303 1396)
3(2729 2939 2950)
3(3150 399 329)
3(328 3150 329)
3(1291 1394 1266)
3(1267 1266 1394)
3(1291 1267 1394)
3(2626 867 2846)
3(3336 867 2626)
3(182 3316 59)
3(3119 3150 328)
3(1248 1283 1389)
3(1083 880 1044)
3(2688 2639 2887)
3(2936 2928 2723)
3(2927 2949 2725)
3(2949 2932 2725)
3(289 3387 3432)
3(221 220 1240)
3(221 1240 1315)
3(1453 288 3387)
3(1453 3387 289)
3(1467 1569 1496)
3(1457 1569 1467)
3(1495 1569 1522)
3(1495 1522 1568)
3(1259 1260 1405)
3(1319 194 1209)
3(227 194 1319)
3(1319 194 1208)
3(3150 399 400)
3(296 3119 3129)
3(296 329 3119)
3(2668 2710 2898)
3(2678 2898 2710)
3(1248 1289 1389)
3(1389 1289 1283)
3(838 3375 805)
3(805 3375 3429)
3(838 805 3429)
3(235 305 3118)
3(2563 3175 774)
3(2563 774 2475)
3(2318 2312 2426)
3(2381 2277 2278)
3(2435 2434 2571)
3(1215 1265 1352)
3(1216 1323 1376)
3(1216 1352 1323)
3(1358 1210 1211)
3(1320 1211 1210)
3(1355 1224 1374)
3(1355 1326 1224)
3(1326 1374 1224)
3(521 553 3329)
3(553 3423 3329)
3(521 3423 553)
3(521 3329 3423)
3(1349 1320 1210)
3(83 82 3320)
3(83 3320 1122)
3(3320 82 1122)
3(1040 2630 875)
3(1259 1366 1209)
3(808 71 3388)
3(329 328 3119)
3(3286 2863 2651)
3(2754 2753 3381)
3(2753 1111 3381)
3(2754 3381 1111)
3(2754 1111 2753)
3(2893 2863 2651)
3(2893 2651 3286)
3(2893 3286 2863)
3(3220 165 164)
3(2308 2427 2323)
3(2308 2321 2427)
3(2321 2323 2427)
3(850 3028 882)
3(850 3044 3028)
3(1551 261 1450)
3(1270 1220 1370)
3(168 150 3317)
3(169 3317 150)
3(169 168 3317)
3(1431 338 305)
3(305 338 306)
3(1325 1270 1220)
3(1325 1370 1270)
3(1246 1340 1341)
3(156 1246 1341)
3(339 1431 1532)
3(1369 1268 1398)
3(1269 1398 1268)
3(1270 1325 1221)
3(1270 1223 1325)
3(1221 1325 1223)
3(1272 1371 1395)
3(1272 1395 1365)
3(1371 1395 1296)
3(1296 1395 1272)
3(3381 945 2753)
3(3381 2754 945)
3(2334 2226 742)
3(1221 1220 1325)
3(1355 1374 1270)
3(1355 1270 1370)
3(38 3381 3333)
3(39 38 3333)
3(1235 1341 1342)
3(157 1341 1235)
3(157 1235 1342)
3(2577 2448 2495)
3(2448 2614 2495)
3(887 886 2964)
3(3002 885 1050)
3(886 1050 885)
3(2448 2447 2577)
3(2566 2477 2567)
3(1236 3212 178)
3(1236 178 159)
3(1236 159 3212)
3(830 863 3275)
3(3279 52 53)
3(890 3041 856)
3(890 857 3041)
3(202 235 1323)
3(2610 2453 2497)
3(2610 2497 2498)
3(2937 2716 2909)
3(2909 2716 2930)
3(855 2547 2446)
3(2547 2576 2446)
3(2901 2934 2697)
3(2934 2696 2697)
3(2901 2697 2696)
3(2341 3386 2242)
3(1323 1376 1217)
3(1216 1323 1217)
3(2432 805 3429)
3(806 3429 805)
3(2184 2207 2088)
3(2089 2207 2184)
3(1355 1325 1270)
3(1355 1223 1325)
3(3381 38 2753)
3(134 3069 204)
3(1367 1322 1215)
3(1367 1215 1352)
3(2624 2587 2486)
3(2624 2486 2592)
3(2653 2674 3282)
3(918 2653 3282)
3(2677 2929 2674)
3(2700 2870 2656)
3(2915 2700 2656)
3(2915 2656 2870)
3(2915 2870 2700)
3(2208 2091 2203)
3(1501 1516 1590)
3(1549 1461 1492)
3(1549 1449 1461)
3(1550 1549 1492)
3(1550 1492 1591)
3(2089 2042 2207)
3(2042 2041 2207)
3(1604 1607 1512)
3(1607 1590 1512)
3(855 2547 2447)
3(827 3279 860)
3(860 3279 2452)
3(2521 2623 2528)
3(1111 137 2753)
3(1342 1288 1387)
3(1342 1341 1288)
3(1550 1461 1492)
3(1550 1549 1461)
3(1501 1502 1607)
3(3296 968 2875)
3(3296 2875 969)
3(3296 969 968)
3(2441 2574 2490)
3(2544 2490 2574)
3(1369 1373 1268)
3(1324 1268 1373)
3(1373 1268 1398)
3(2579 2453 2610)
3(1426 334 333)
3(2054 2063 3380)
3(582 3380 2063)
3(2054 3380 582)
3(2937 2716 2934)
3(2934 2716 2909)
3(3161 404 3162)
3(3156 3162 404)
3(2089 2090 2207)
3(1400 1290 1405)
3(1400 1295 1396)
3(1400 1301 1295)
3(1400 1396 1301)
3(2723 2941 2928)
3(1409 1309 1381)
3(1400 1381 1309)
3(1055 2645 891)
3(1292 1359 1255)
3(1292 1255 1397)
3(3318 182 183)
3(1201 182 3318)
3(1205 1317 1250)
3(1375 1255 1205)
3(1375 1205 1250)
3(1375 1348 1205)
3(271 1455 252)
3(3348 271 252)
3(3348 1455 271)
3(1133 930 2738)
3(2980 59 1074)
3(138 3381 2754)
3(138 2754 945)
3(1256 1397 1292)
3(1444 1538 1539)
3(1444 249 1538)
3(1205 1375 1317)
3(2812 1128 2807)
3(2812 1173 1128)
3(1402 1264 1413)
3(2063 3380 2150)
3(3136 231 3107)
3(197 198 3066)
3(229 300 3104)
3(3073 858 857)
3(2786 1158 1183)
3(278 1449 259)
3(278 3305 1449)
3(890 3000 3041)
3(3073 890 3041)
3(2063 581 3380)
3(258 3305 277)
3(1218 236 1353)
3(236 203 1353)
3(1484 1502 1601)
3(1498 1601 1502)
3(1484 1601 1498)
3(3161 403 3162)
3(404 403 3161)
3(8 3205 9)
3(1130 110 109)
3(1130 109 91)
3(1130 2779 109)
3(858 857 3035)
3(3073 3035 857)
3(3224 2776 103)
3(3224 103 104)
3(130 3023 937)
3(2741 126 932)
3(1112 3300 3390)
3(1112 3390 140)
3(2804 1192 2803)
3(2795 2794 1177)
3(2831 1177 2794)
3(1187 2818 1173)
3(1187 1174 2818)
3(1036 2952 40)
3(890 889 3041)
3(1786 1690 1664)
3(2728 2726 2949)
3(2927 2689 2725)
3(296 3119 295)
3(2817 1167 1122)
3(2817 1122 2805)
3(288 1453 3254)
3(1416 3254 1453)
3(1190 2827 1194)
3(1190 1195 2827)
3(1521 1416 1520)
3(1521 3254 1416)
3(1521 1520 3254)
3(1298 1361 1253)
3(1363 1414 1294)
3(2329 2330 2258)
3(2567 2595 2466)
3(3282 2864 899)
3(3282 958 2864)
3(2882 3282 2865)
3(2865 3282 2864)
3(2882 2864 3282)
3(296 328 3119)
3(295 328 3119)
3(1420 1421 328)
3(1420 328 295)
3(1572 1470 1421)
3(3394 239 1222)
3(3333 1038 38)
3(3333 39 1038)
3(1018 1038 3333)
3(1038 2951 3333)
3(1725 1796 1666)
3(1527 330 296)
3(297 1527 296)
3(1606 1587 1491)
3(1606 1491 1517)
3(1517 1491 1587)
3(2063 562 3380)
3(2063 581 562)
3(2951 978 1037)
3(3391 832 2456)
3(3414 2627 870)
3(3414 870 2849)
3(1260 1405 1290)
3(1531 1561 1478)
3(2534 2535 2480)
3(2480 2535 2467)
3(1431 1430 338)
3(2313 2418 2306)
3(2538 2552 2458)
3(2539 2458 2552)
3(305 1430 338)
3(3315 240 1223)
3(208 240 3315)
3(3391 831 2456)
3(2209 2106 2102)
3(2209 2102 2092)
3(2209 2092 2106)
3(3117 745 816)
3(2595 2466 2509)
3(2608 2466 2595)
3(1535 1438 346)
3(2929 2677 2652)
3(1681 1679 1798)
3(1554 350 1442)
3(1442 350 265)
3(1466 1463 1580)
3(1554 1466 1580)
3(2652 2864 2893)
3(2893 2864 3272)
3(1229 3231 1315)
3(1315 3231 1330)
3(2723 2928 2685)
3(3231 1229 1240)
3(188 3231 1240)
3(880 848 3082)
3(847 880 3082)
3(1467 1569 1495)
3(2946 2919 2679)
3(2946 2705 2919)
3(291 26 3251)
3(291 3251 25)
3(2847 2663 2676)
3(1573 1485 1580)
3(1573 1536 1485)
3(1485 1536 1580)
3(3251 324 26)
3(3251 291 324)
3(2456 2551 3391)
3(2456 2481 2551)
3(2551 2481 3391)
3(2456 3265 3391)
3(888 3043 855)
3(888 3037 3043)
3(2518 2603 2604)
3(2518 2508 2603)
3(2640 1050 886)
3(1453 3254 3387)
3(1499 1495 1568)
3(1247 3304 176)
3(1235 3304 1247)
3(177 1247 158)
3(3304 1247 177)
3(3304 158 1247)
3(1247 1342 1343)
3(1247 1343 158)
3(1247 158 1342)
3(2731 2941 2945)
3(2731 2714 2941)
3(2263 670 2353)
3(2263 2354 670)
3(1247 158 3229)
3(2705 2658 2918)
3(2705 2918 2919)
3(3104 196 3110)
3(1247 1343 1284)
3(1236 1343 1247)
3(653 3379 654)
3(654 3379 49)
3(1422 1555 1572)
3(1422 1572 1421)
3(1464 1525 1419)
3(1464 1570 1525)
3(1419 1418 1525)
3(1464 1525 1418)
3(1258 1299 1368)
3(1258 1404 1299)
3(2997 51 2958)
3(755 2958 51)
3(1464 1519 1415)
3(1464 1518 1519)
3(1258 1349 1209)
3(1366 1258 1209)
3(1366 1349 1258)
3(415 44 3319)
3(415 3319 1632)
3(3319 44 1632)
3(1319 1258 1349)
3(2843 2974 987)
3(2602 2506 2532)
3(2512 2602 2532)
3(2974 705 3051)
3(2843 705 2974)
3(1593 1601 1498)
3(1593 1494 1601)
3(1498 1601 1494)
3(1258 1319 1368)
3(1484 1600 1483)
3(1484 1579 1600)
3(1484 1483 1579)
3(2142 3379 654)
3(653 3379 2142)
3(1484 1600 1502)
3(1484 1601 1600)
3(1585 1486 1542)
3(1586 1486 1585)
3(1586 1497 1543)
3(1543 1497 1587)
3(1586 1587 1497)
3(237 1219 204)
3(1324 237 204)
3(1706 1687 1806)
3(1245 1282 1339)
3(1925 525 1812)
3(1301 1261 1392)
3(1301 1392 1260)
3(3111 810 3049)
3(198 3066 3106)
3(3106 3066 197)
3(1474 1571 1509)
3(228 1349 1210)
3(654 3379 48)
3(1413 1264 1367)
3(1280 1282 1385)
3(1280 1385 1234)
3(3124 194 226)
3(227 226 194)
3(332 333 1425)
3(402 3161 331)
3(402 332 3161)
3(1598 1469 1602)
3(1594 1602 1469)
3(1412 1291 1394)
3(1402 1291 1412)
3(1402 1394 1291)
3(237 205 1219)
3(1354 205 237)
3(237 204 3096)
3(236 3096 204)
3(237 236 204)
3(237 204 205)
3(205 204 3096)
3(1302 1364 1262)
3(1302 1263 1364)
3(1649 392 1720)
3(3368 1649 1720)
3(1302 1301 1392)
3(1302 1392 1396)
3(1301 1396 1392)
3(3095 3112 399)
3(3095 399 3150)
3(2209 2201 2102)
3(2102 2201 2106)
3(1302 1261 1392)
3(1302 1392 1364)
3(1302 1364 1396)
3(1364 1261 1302)
3(1433 340 307)
3(83 101 3320)
3(1293 1268 1398)
3(1440 3321 314)
3(1245 3324 172)
3(1245 1233 3324)
3(1311 216 3358)
3(519 3392 1831)
3(1831 3392 518)
3(2181 2092 2102)
3(2181 2093 2092)
3(2946 2920 2679)
3(2679 2920 2919)
3(266 3424 247)
3(247 3424 1524)
3(266 247 1524)
3(166 1332 147)
3(1332 165 147)
3(2209 2181 2102)
3(654 3379 621)
3(1740 1641 1784)
3(1641 1783 1784)
3(1740 1783 1641)
3(1417 1522 1467)
3(212 1227 245)
3(3225 212 245)
3(3225 245 1227)
3(1227 244 212)
3(2209 2181 2092)
3(1592 1551 1462)
3(2113 2213 2176)
3(2113 2175 2213)
3(2113 2176 2175)
3(1696 1654 1786)
3(1315 1314 1252)
3(260 1461 3417)
3(260 3417 279)
3(279 3417 1461)
3(260 279 1461)
3(260 3417 1549)
3(1549 3417 259)
3(260 1461 1549)
3(1549 1461 3417)
3(411 410 3126)
3(1467 1522 1569)
3(2263 2399 2398)
3(2272 2398 2399)
3(2263 2272 2399)
3(308 3030 341)
3(308 341 3138)
3(3138 341 3030)
3(236 3108 3096)
3(236 3133 3108)
3(1433 340 1432)
3(3292 2466 2477)
3(1467 1495 1522)
3(3198 900 901)
3(3198 2654 900)
3(1609 1515 1507)
3(1244 152 1336)
3(1244 1337 152)
3(1421 1594 1526)
3(1320 228 196)
3(1320 196 1210)
3(1276 1380 1305)
3(1276 1275 1380)
3(1605 1504 1505)
3(1605 1515 1504)
3(1408 1305 1276)
3(339 3138 3126)
3(339 3126 3141)
3(1697 1791 1799)
3(1791 1693 1799)
3(1659 1753 1752)
3(1659 1752 1779)
3(1485 1580 1494)
3(1573 1485 1494)
3(31 576 3403)
3(601 3403 576)
3(1380 1241 1275)
3(1380 1276 1241)
3(2513 2517 2616)
3(1574 1607 1512)
3(2529 2617 2609)
3(1327 1226 3342)
3(211 3342 1226)
3(211 1327 3342)
3(2632 2854 2681)
3(1585 1513 1506)
3(2461 2558 2512)
3(2461 2559 2558)
3(2870 2666 2700)
3(2870 2656 2666)
3(3223 668 686)
3(3223 667 668)
3(1542 1486 1455)
3(1542 1455 1446)
3(3227 1334 150)
3(3227 150 149)
3(150 168 1334)
3(3227 168 150)
3(3227 1334 168)
3(1541 1445 1540)
3(1445 3348 1540)
3(1541 1540 3348)
3(1541 3348 1445)
3(3348 252 251)
3(3348 251 1541)
3(1248 1389 1390)
3(1484 1439 1579)
3(1483 1579 1439)
3(308 3030 309)
3(1326 1224 241)
3(2952 2991 238)
3(1641 1651 1740)
3(1641 1784 1651)
3(1651 1784 1740)
3(41 2952 1036)
3(1481 1599 1434)
3(1477 1530 1429)
3(1596 1477 1429)
3(1328 3225 3299)
3(246 1328 3299)
3(246 3225 1328)
3(246 3299 3225)
3(1861 1847 1922)
3(1811 1922 1847)
3(2755 1112 1160)
3(3035 859 2998)
3(1226 3342 1227)
3(1357 3342 1226)
3(651 3098 618)
3(651 618 3077)
3(1977 1962 1877)
3(1236 3212 1248)
3(2574 2490 2442)
3(2574 2442 2441)
3(1345 1237 1390)
3(3002 2964 886)
3(2689 2858 2903)
3(1226 3342 212)
3(212 3342 1227)
3(1237 1390 1274)
3(1390 1345 1274)
3(2679 2707 2920)
3(2946 2920 2707)
3(2675 2911 2629)
3(2912 2691 2938)
3(2938 2691 2930)
3(3012 985 1066)
3(3290 791 2462)
3(2976 66 1066)
3(1066 66 3012)
3(1648 3243 1612)
3(1612 3243 391)
3(1612 391 3435)
3(391 392 3435)
3(1648 1718 1612)
3(1648 3243 1718)
3(3243 1612 1718)
3(424 1612 1719)
3(424 1718 1612)
3(1719 1612 3435)
3(1612 3435 424)
3(295 3119 294)
3(128 1136 2743)
3(1612 391 424)
3(1327 1226 1357)
3(1327 1357 3342)
3(1326 1224 1356)
3(1356 1224 3234)
3(1326 1356 3234)
3(1029 2955 984)
3(1365 1225 1356)
3(1225 1271 1356)
3(3342 243 211)
3(3342 211 244)
3(3342 244 243)
3(752 720 3140)
3(719 3140 720)
3(406 439 438)
3(406 3165 439)
3(1729 1624 1674)
3(1624 1759 1674)
3(1411 1307 1386)
3(1048 3003 1086)
3(1103 2735 1096)
3(1410 1396 1295)
3(407 1759 408)
3(1759 1625 408)
3(407 1625 1759)
3(1627 1731 410)
3(135 3088 3025)
3(134 2749 940)
3(3024 133 939)
3(3024 132 133)
3(1056 1055 891)
3(858 3035 824)
3(3036 859 3035)
3(858 3035 859)
3(856 2447 2448)
3(856 2448 823)
3(2910 2694 2906)
3(2332 2223 2390)
3(2363 2390 2223)
3(2332 2363 2223)
3(731 698 2325)
3(2222 2325 698)
3(2222 698 731)
3(533 2842 3052)
3(226 3124 193)
3(2985 128 3066)
3(937 130 2986)
3(2339 2369 2237)
3(575 3357 574)
3(575 594 3357)
3(1477 1530 1428)
3(1379 1276 1231)
3(892 3036 2999)
3(3045 852 853)
3(1433 1533 308)
3(1433 1434 1533)
3(1268 1373 1353)
3(2113 2098 2190)
3(2113 2190 2213)
3(2098 2213 2190)
3(1481 1599 1576)
3(1576 1599 1480)
3(1534 3341 1437)
3(510 3163 3152)
3(510 3152 511)
3(3330 313 346)
3(3330 346 312)
3(3330 312 313)
3(638 2028 637)
3(2134 637 2028)
3(2975 2842 3012)
3(1378 1278 1379)
3(1378 1407 1278)
3(3408 698 2325)
3(731 3408 2325)
3(731 698 3408)
3(2219 698 2325)
3(3408 698 2219)
3(311 1437 345)
3(3330 311 345)
3(3330 1437 311)
3(1536 1485 1565)
3(1573 1565 1485)
3(2887 2639 2927)
3(2887 2858 2639)
3(3290 773 792)
3(2920 2670 2679)
3(2920 2919 2670)
3(1289 1274 1390)
3(1390 1274 1406)
3(1289 1390 1406)
3(3420 1637 1638)
3(3420 420 1637)
3(3420 1638 420)
3(1753 1735 1662)
3(1735 3420 1662)
3(1753 3420 1735)
3(1368 1258 1349)
3(2480 2581 2534)
3(2043 2171 2044)
3(3090 205 3096)
3(134 2988 133)
3(2988 940 133)
3(1422 1527 296)
3(1422 297 1527)
3(1248 1289 1390)
3(1390 1289 1389)
3(1769 1724 1615)
3(1755 1615 1724)
3(1390 1289 1237)
3(1660 1615 1724)
3(1724 1615 1614)
3(1660 1724 1614)
3(1660 1724 1717)
3(1717 1724 1611)
3(1660 1611 1724)
3(338 3135 3141)
3(773 2562 3378)
3(1769 1660 1724)
3(1318 1207 1347)
3(1422 1555 1527)
3(1422 1527 1572)
3(1671 1621 1728)
3(1757 1621 1671)
3(1757 1671 1728)
3(1757 1728 1621)
3(932 3020 1006)
3(2740 1135 2741)
3(2741 1135 2790)
3(1671 1622 1728)
3(1622 1621 1728)
3(1301 1405 1392)
3(1301 1400 1405)
3(1301 1392 1400)
3(194 3065 125)
3(2167 2035 2138)
3(1534 1436 3341)
3(1534 343 1436)
3(2582 2620 2519)
3(2720 2897 2709)
3(2720 2713 2897)
3(1679 1793 1798)
3(2460 786 3352)
3(787 3352 786)
3(787 2460 3352)
3(1436 3341 1437)
3(3078 721 3033)
3(2491 2611 2526)
3(646 3160 3164)
3(1409 1381 1275)
3(2032 608 641)
3(314 1565 1440)
3(1440 1565 1439)
3(314 1439 1565)
3(3093 812 846)
3(642 3143 712)
3(642 3153 3143)
3(642 712 3153)
3(2113 2104 2190)
3(2098 2190 2104)
3(2113 2190 2176)
3(1565 3321 1485)
3(1682 1764 1778)
3(228 3154 299)
3(3370 252 1542)
3(1301 1405 1260)
3(3159 331 3161)
3(2526 2621 2590)
3(408 442 1730)
3(408 1730 441)
3(408 441 442)
3(2008 2004 1909)
3(2008 1909 1903)
3(1903 1911 2004)
3(1911 1910 2004)
3(508 3165 3162)
3(438 3165 508)
3(438 508 3162)
3(541 3163 3158)
3(541 3158 508)
3(2197 2124 2111)
3(2197 2111 2101)
3(2197 2101 2124)
3(1145 2782 1146)
3(1145 1146 2823)
3(1445 1584 1487)
3(1445 1541 1584)
3(1477 1530 1476)
3(1476 1575 1530)
3(1477 1575 1476)
3(1770 1671 1708)
3(1708 1699 1777)
3(1801 1708 1777)
3(1801 1699 1708)
3(2602 2532 2618)
3(2601 2618 2532)
3(2601 2532 2602)
3(1607 1590 1501)
3(1501 1590 1512)
3(1501 1502 1601)
3(1379 1276 1278)
3(1697 1790 1799)
3(1998 1882 1953)
3(2001 1953 1882)
3(2463 3378 2562)
3(2463 2475 3378)
3(1893 1887 2007)
3(3320 1122 2775)
3(1131 2780 92)
3(1132 2780 1131)
3(1132 92 2780)
3(1378 1278 1242)
3(395 1639 3369)
3(1550 1461 1450)
3(274 255 3323)
3(274 3323 256)
3(1955 1971 1865)
3(2474 3378 2562)
3(260 3248 279)
3(1792 1725 1666)
3(1792 1666 1617)
3(2819 1147 1146)
3(1164 1119 2773)
3(2773 1119 1118)
3(1626 1730 408)
3(442 1730 1626)
3(1670 1777 1708)
3(1780 1760 1676)
3(2740 125 931)
3(127 128 3021)
3(129 128 3022)
3(2621 2602 2532)
3(2621 2532 2618)
3(3090 134 204)
3(1222 3394 1223)
3(1222 1223 1325)
3(1222 1325 3394)
3(2621 2506 2532)
3(2494 2591 2495)
3(202 3118 3069)
3(203 3118 202)
3(1777 1708 1770)
3(1777 1671 1708)
3(1777 1770 1671)
3(548 3071 515)
3(2818 1175 1174)
3(2818 1181 1175)
3(2818 1174 1181)
3(2476 3430 2465)
3(2565 2465 2476)
3(2625 2528 2521)
3(2625 2521 2623)
3(297 226 3129)
3(297 3157 226)
3(1400 1281 1301)
3(1400 1309 1281)
3(1471 1527 1423)
3(1577 1471 1423)
3(1577 1527 1471)
3(172 3324 154)
3(154 3324 153)
3(1060 3010 989)
3(71 989 3010)
3(1656 3181 3377)
3(1747 1656 3377)
3(1747 3181 1656)
3(1747 3377 3181)
3(1246 1341 1277)
3(1235 1341 1246)
3(3221 1114 2780)
3(2759 2780 1114)
3(2783 1176 2814)
3(1192 2783 2814)
3(1747 1644 1656)
3(1689 1747 1656)
3(1130 2779 1175)
3(1130 1129 2779)
3(1402 1304 1291)
3(262 281 3361)
3(1656 381 3377)
3(1656 3181 381)
3(381 3181 3377)
3(363 1747 3181)
3(3181 1747 1645)
3(2625 2523 2521)
3(1672 1623 1758)
3(1672 1728 1623)
3(1757 1621 1670)
3(1671 1757 1670)
3(1708 1804 1690)
3(3300 1112 140)
3(2945 2727 2916)
3(2916 2727 2917)
3(1757 1620 1670)
3(1757 1621 1620)
3(1138 1153 2746)
3(1138 2746 1108)
3(2834 1197 1172)
3(1757 1620 1727)
3(1216 1352 234)
3(2916 2944 2727)
3(233 200 3107)
3(233 3107 232)
3(1537 3424 1457)
3(1443 3424 1537)
3(1443 1457 3424)
3(1738 1640 1688)
3(1781 1640 1738)
3(275 1447 3366)
3(1193 1194 2827)
3(1671 1670 1777)
3(1176 2768 1131)
3(1176 2768 1130)
3(1131 1130 2768)
3(2741 932 1135)
3(1233 3250 171)
3(1244 3250 1233)
3(1891 1844 1997)
3(1634 1734 1793)
3(1634 1793 1763)
3(1634 1763 1734)
3(1832 3325 519)
3(520 519 3325)
3(1832 520 3325)
3(1879 1982 1877)
3(1831 1963 519)
3(1832 519 1963)
3(1198 1197 2834)
3(1199 2834 1197)
3(1802 1711 1700)
3(2087 2189 2038)
3(1915 1993 1994)
3(1888 1993 1915)
3(117 3186 1099)
3(1099 3186 116)
3(1905 1899 2009)
3(1905 2020 1899)
3(1334 168 1241)
3(1334 1231 168)
3(1872 1975 2010)
3(1872 2010 2021)
3(309 3030 3063)
3(1281 1400 1410)
3(1281 1410 1382)
3(1281 1382 1400)
3(1497 1543 1486)
3(1586 1497 1486)
3(1801 1716 1712)
3(1716 1785 1712)
3(2952 2991 239)
3(117 3186 1100)
3(1099 1100 3186)
3(1131 3249 92)
3(92 3249 2780)
3(2625 2521 2522)
3(2623 2625 2522)
3(1406 1296 1371)
3(1838 3270 3188)
3(1940 1838 3188)
3(1940 3270 1838)
3(1940 3188 3270)
3(3244 107 88)
3(3244 88 2766)
3(3320 1122 2763)
3(2523 2522 2625)
3(1114 2758 1179)
3(2783 1114 1179)
3(2783 2758 1114)
3(2754 1141 946)
3(1597 1563 1434)
3(1597 1434 1435)
3(1597 1435 1563)
3(1069 429 2977)
3(1069 3014 429)
3(429 3014 2977)
3(1430 1561 1478)
3(923 3167 117)
3(117 3167 3186)
3(63 3255 1069)
3(63 1069 3014)
3(1069 3255 3014)
3(3255 1069 64)
3(124 125 3065)
3(1477 1511 1575)
3(3124 226 3120)
3(1854 1885 1949)
3(1948 1854 1949)
3(1267 1353 1373)
3(1267 1394 1353)
3(1267 1373 1394)
3(1198 2836 1173)
3(1187 1173 2836)
3(1106 2742 1136)
3(3429 2537 2469)
3(3429 2469 839)
3(3429 839 2537)
3(1584 1445 1540)
3(1380 1241 1335)
3(1143 2758 1179)
3(1160 2800 2801)
3(1041 1042 877)
3(1041 1080 877)
3(124 3065 193)
3(3187 524 3355)
3(524 556 3355)
3(3187 556 524)
3(2787 2738 1104)
3(2787 1104 2737)
3(1286 1381 1309)
3(1309 1381 1382)
3(2904 2633 2855)
3(1193 2809 2808)
3(1954 1953 1857)
3(1882 1954 1857)
3(1882 1857 1953)
3(1882 1953 1954)
3(1193 1189 2835)
3(1193 2835 1200)
3(1278 1276 1408)
3(2883 2899 2682)
3(1378 1279 1278)
3(1466 1580 1494)
3(1466 1485 1580)
3(1466 1580 1451)
3(1417 1453 3387)
3(1417 3387 289)
3(303 304 3146)
3(303 3146 3134)
3(303 3134 304)
3(1673 1672 1770)
3(1673 1770 1709)
3(233 3099 3107)
3(233 200 3099)
3(3146 336 302)
3(335 302 336)
3(335 3146 302)
3(1522 1453 3387)
3(2198 2157 2100)
3(167 148 3326)
3(167 1333 148)
3(167 3326 1333)
3(1049 2965 884)
3(105 3302 2777)
3(87 3302 105)
3(87 105 2777)
3(1976 1865 1955)
3(1976 1971 1865)
3(303 336 302)
3(3146 336 303)
3(3146 303 302)
3(1198 2836 1172)
3(3229 159 178)
3(3229 178 177)
3(2818 2767 1174)
3(289 1417 3432)
3(1198 2834 1172)
3(3302 1126 86)
3(3302 86 1125)
3(3302 1125 1126)
3(2818 1173 2836)
3(1181 1175 2814)
3(2818 1181 2814)
3(1871 1870 1959)
3(1972 1870 1871)
3(1972 1959 1870)
3(1313 1287 1360)
3(610 539 3158)
3(610 3158 609)
3(1958 1869 1819)
3(1510 1575 1475)
3(1476 1475 1575)
3(1476 1575 1510)
3(401 434 1756)
3(434 1618 1756)
3(401 1618 434)
3(1760 1676 1773)
3(332 331 1424)
3(1300 1404 1306)
3(1299 1306 1404)
3(1299 1404 1300)
3(1628 1780 1678)
3(1780 1677 1678)
3(1780 1678 1731)
3(3287 907 2669)
3(907 966 2669)
3(3287 966 907)
3(3287 2669 966)
3(310 3030 2953)
3(308 3030 3063)
3(208 3394 1222)
3(42 2953 43)
3(42 43 310)
3(1826 1932 1827)
3(1827 1932 1876)
3(442 513 3152)
3(442 512 3152)
3(1389 1406 1283)
3(1289 1406 1389)
3(1339 3252 154)
3(155 154 3252)
3(47 2994 1029)
3(1422 1527 1423)
3(1471 1527 1422)
3(3325 519 552)
3(3325 552 551)
3(1603 1517 1513)
3(1586 1513 1517)
3(1603 1513 1586)
3(1857 1953 490)
3(1857 1845 1953)
3(490 1953 1845)
3(1351 231 199)
3(1213 231 199)
3(3256 253 1543)
3(1740 3169 1651)
3(1641 3169 1740)
3(1641 1651 3169)
3(490 3266 1857)
3(1857 3266 491)
3(490 491 3266)
3(1452 3397 1519)
3(2287 2389 2288)
3(2287 2289 2389)
3(2385 2389 2287)
3(2385 2287 2384)
3(2084 2035 2138)
3(2167 2084 2138)
3(528 3413 3437)
3(495 3413 528)
3(495 528 3437)
3(1380 1334 1241)
3(1376 1266 1353)
3(1217 1376 1353)
3(1217 1353 1266)
3(1286 1381 1275)
3(1309 1275 1381)
3(337 336 304)
3(3146 304 336)
3(3180 1130 91)
3(1498 1592 1601)
3(1560 336 304)
3(2385 2389 2288)
3(1487 1542 1486)
3(1487 1455 1542)
3(3344 284 264)
3(265 284 3344)
3(303 336 304)
3(263 282 3400)
3(1451 282 263)
3(1451 263 3400)
3(1857 1953 3266)
3(490 3266 1953)
3(1954 1953 3266)
3(1857 1954 3266)
3(1954 471 3266)
3(471 1953 3266)
3(1869 2000 1910)
3(2000 1909 1910)
3(1869 1909 2000)
3(1820 1929 540)
3(1820 508 1929)
3(1850 1941 458)
3(1850 458 1940)
3(1706 1714 1806)
3(2321 2427 2426)
3(166 148 3326)
3(167 166 3326)
3(1499 1416 1521)
3(1453 1521 1416)
3(1499 1521 1453)
3(2000 1910 1972)
3(1869 2000 1972)
3(2013 1898 1867)
3(1499 1465 1520)
3(1499 1520 1416)
3(1499 1567 1520)
3(1499 1465 1567)
3(1499 1520 1521)
3(1387 1284 1342)
3(1387 1388 1284)
3(1440 3321 1485)
3(1565 1440 1485)
3(1565 3321 1440)
3(1916 1996 1891)
3(1892 1891 1996)
3(1827 1977 1877)
3(1827 1876 1977)
3(1879 1982 1973)
3(2006 1982 1879)
3(1855 1951 1892)
3(1879 1973 1964)
3(1879 1833 1973)
3(1964 1973 1833)
3(1879 1982 1964)
3(1804 1709 1710)
3(1804 1774 1709)
3(1804 1710 1774)
3(767 2460 3352)
3(767 3352 2556)
3(767 2556 2460)
3(326 1525 1419)
3(326 1419 1418)
3(1648 3406 3243)
3(1509 1491 1606)
3(1606 1491 1503)
3(1879 1877 2006)
3(2010 2020 1899)
3(1912 1899 2020)
3(793 2475 3378)
3(1625 1759 1674)
3(1624 1759 1625)
3(512 511 544)
3(512 544 1824)
3(1824 544 511)
3(3142 512 511)
3(1394 1266 1353)
3(1491 1606 1588)
3(512 511 3152)
3(1323 1353 1217)
3(1436 3341 311)
3(1565 1440 1579)
3(1565 1579 1485)
3(1440 1485 1579)
3(1606 1588 1503)
3(1562 1533 1433)
3(1533 1599 1433)
3(3238 174 156)
3(3238 175 174)
3(1451 1463 1580)
3(260 1461 1550)
3(1548 1549 1449)
3(1549 259 1449)
3(2120 2086 2204)
3(1452 286 3397)
3(1919 1859 1858)
3(340 3138 306)
3(1576 1562 1480)
3(2807 2766 1128)
3(1433 1533 341)
3(1387 1297 1277)
3(1843 1885 1949)
3(2385 2384 2238)
3(2369 2385 2238)
3(1452 3190 3397)
3(1721 1650 1722)
3(3138 340 341)
3(1627 1731 443)
3(1627 443 410)
3(1747 3377 1644)
3(1747 1746 3377)
3(2023 596 3415)
3(3158 508 540)
3(539 507 3158)
3(539 506 507)
3(1663 1722 1736)
3(1736 1722 1639)
3(1663 1768 1736)
3(340 3138 339)
3(194 3065 124)
3(1466 1536 1580)
3(3377 1656 1644)
3(3377 1644 381)
3(1499 1495 1521)
3(1521 1495 1568)
3(1597 1533 1434)
3(1238 1312 3358)
3(3358 1312 1311)
3(1761 1797 1678)
3(1775 1678 1797)
3(3072 515 3031)
3(1464 1518 1525)
3(1464 1570 1518)
3(1877 1962 1827)
3(2048 2047 2173)
3(370 3200 1723)
3(1639 1723 3200)
3(1172 1126 2807)
3(1126 1171 2807)
3(402 3161 3159)
3(3287 907 908)
3(599 3271 3398)
3(632 3271 599)
3(632 3398 3271)
3(2025 599 3398)
3(3135 338 306)
3(413 3070 341)
3(1574 1479 1581)
3(1945 1841 1852)
3(481 1945 1852)
3(481 1841 1945)
3(1672 1673 1758)
3(3135 338 339)
3(338 339 3141)
3(2196 2055 2101)
3(2099 2055 2196)
3(1224 210 3363)
3(3363 210 209)
3(3141 338 410)
3(339 3141 410)
3(3141 409 410)
3(3081 876 3047)
3(3321 314 1565)
3(3191 313 1439)
3(3191 1439 314)
3(347 314 1565)
3(3330 313 1438)
3(2000 1909 2004)
3(1910 2000 2004)
3(1818 1868 1966)
3(1966 1818 1867)
3(1966 1928 1867)
3(1981 1875 1961)
3(2746 2796 1153)
3(1572 1470 1471)
3(1572 1422 1470)
3(1572 1471 1422)
3(3161 3145 332)
3(333 3161 332)
3(333 332 3145)
3(1901 2006 1981)
3(3233 187 1240)
3(221 187 1240)
3(220 1240 187)
3(1579 1595 1439)
3(1240 3231 1315)
3(351 1723 370)
3(3200 1723 351)
3(2973 3010 989)
3(3220 165 1243)
3(3220 1243 164)
3(3377 1644 380)
3(2643 1053 888)
3(2643 889 1053)
3(889 888 1053)
3(147 3220 1332)
3(1331 3220 147)
3(2643 1053 2889)
3(888 2889 1053)
3(3204 282 1451)
3(1462 3204 1451)
3(2643 2860 1053)
3(2643 2860 2889)
3(891 2646 1055)
3(2648 894 3399)
3(2648 3399 893)
3(894 893 3399)
3(361 3217 3377)
3(361 1746 3217)
3(1553 1451 1580)
3(1691 1749 1789)
3(1691 1789 1790)
3(380 3217 3377)
3(1510 1571 1509)
3(1608 1506 1513)
3(1608 1513 1610)
3(1506 1610 1513)
3(1872 1873 2010)
3(263 264 3400)
3(1737 1738 1640)
3(1738 353 1640)
3(1821 1870 1959)
3(1608 1585 1513)
3(1540 1584 1456)
3(1445 1540 1456)
3(56 873 3376)
3(56 3376 999)
3(2124 2212 2111)
3(2124 2119 2212)
3(2021 1999 1911)
3(413 3070 2954)
3(2233 2367 2382)
3(2233 2382 2337)
3(1456 1490 1539)
3(1444 1456 1539)
3(2054 2150 2151)
3(2054 2151 563)
3(1540 1583 1456)
3(1583 1584 1456)
3(1597 1435 1482)
3(2209 2106 2109)
3(1911 2004 2021)
3(1911 2019 2004)
3(2036 2204 2084)
3(2138 2036 2084)
3(2138 2204 2036)
3(1843 1896 1949)
3(2085 2204 2084)
3(2036 2204 2085)
3(1597 1595 1482)
3(1856 1844 3260)
3(1836 3355 3187)
3(1999 1911 2004)
3(2905 2645 2644)
3(2905 2644 2694)
3(683 2348 3241)
3(1070 3014 63)
3(1967 1919 1859)
3(1967 1859 1858)
3(1423 1472 1577)
3(1577 1472 1557)
3(2852 959 3376)
3(2852 3376 56)
3(1724 1614 397)
3(1724 396 1614)
3(64 429 2977)
3(64 1069 429)
3(2287 2413 2309)
3(2309 2289 2413)
3(2287 2413 2289)
3(404 436 1621)
3(1621 436 403)
3(438 3162 437)
3(3156 437 3162)
3(1620 1621 436)
3(1984 1824 1960)
3(1984 1873 1824)
3(1984 1960 1873)
3(1730 1675 1794)
3(1984 1873 1874)
3(2905 2890 2644)
3(413 1732 1630)
3(412 1732 413)
3(1583 1490 1456)
3(1583 1456 1489)
3(1583 1456 1539)
3(1456 1540 1539)
3(1534 1563 1436)
3(44 2954 982)
3(1032 2954 44)
3(1032 982 2954)
3(2591 2615 2496)
3(414 2954 982)
3(1564 1595 1482)
3(2154 2196 2101)
3(2197 2101 2196)
3(2197 2154 2101)
3(1472 1508 1578)
3(1836 1954 1857)
3(1634 1734 1681)
3(1793 1634 1681)
3(1577 1471 1508)
3(1577 1472 1471)
3(1577 1508 1472)
3(382 363 3364)
3(1508 1577 1507)
3(893 2647 3335)
3(2648 3335 2647)
3(1749 1645 1657)
3(1691 1645 1749)
3(1476 1559 1475)
3(1476 1427 1559)
3(485 1949 3264)
3(1476 1559 1575)
3(1476 1530 1559)
3(590 572 3401)
3(572 591 3401)
3(572 3401 571)
3(67 2975 1064)
3(1816 1976 1865)
3(1816 1955 1976)
3(433 400 399)
3(1617 433 399)
3(3059 501 3100)
3(1319 1208 226)
3(1634 1734 1635)
3(1685 1641 1784)
3(1685 1784 1651)
3(1799 1798 1701)
3(2648 2891 3399)
3(2648 894 2891)
3(894 3399 2891)
3(2852 959 2654)
3(1872 1930 1823)
3(1788 1692 1787)
3(1716 1801 1699)
3(2062 3262 2051)
3(2062 2131 2051)
3(2062 3262 2131)
3(2131 3262 2051)
3(540 507 3158)
3(540 3158 539)
3(3158 508 507)
3(1641 1783 1685)
3(2409 2368 2284)
3(2285 2284 2368)
3(1400 1295 1410)
3(615 544 3142)
3(3340 377 359)
3(1563 1534 1435)
3(651 3098 617)
3(651 617 618)
3(1518 318 1418)
3(1518 1418 1525)
3(651 650 617)
3(3059 3056 2841)
3(430 3056 3059)
3(430 2841 3056)
3(620 986 2956)
3(2841 3013 500)
3(2648 2891 952)
3(2648 952 3399)
3(20 55 3282)
3(1757 1777 1671)
3(1559 301 335)
3(334 301 1559)
3(1069 3255 429)
3(429 3255 3014)
3(1213 231 198)
3(1596 1478 1429)
3(2143 2046 2172)
3(413 446 414)
3(514 3113 547)
3(1458 1446 1544)
3(273 1544 1446)
3(515 3113 547)
3(1652 1783 1782)
3(1652 1782 1687)
3(1652 1687 1783)
3(1658 1751 1791)
3(1658 1647 1751)
3(1577 1578 1508)
3(1577 1508 1610)
3(2154 2055 2101)
3(2154 2196 2055)
3(1685 1684 1784)
3(1684 1712 1784)
3(2008 1909 1917)
3(1889 2008 1917)
3(1889 1909 2008)
3(2711 2917 2872)
3(2872 2917 2699)
3(2195 2125 2211)
3(1603 1517 1500)
3(1171 2777 2765)
3(1171 1126 2777)
3(2777 1126 2765)
3(399 3112 398)
3(1572 1527 1471)
3(607 3123 606)
3(2075 2103 2130)
3(63 3255 389)
3(3255 422 389)
3(2075 2051 2131)
3(2075 2145 2051)
3(1613 3368 3247)
3(3255 389 396)
3(3327 966 907)
3(3327 965 966)
3(3327 907 965)
3(1476 1575 1511)
3(1511 1575 1510)
3(1606 1503 1511)
3(1606 1511 1510)
3(3156 333 334)
3(1749 1646 3428)
3(2037 2204 2168)
3(1691 1749 1748)
3(3160 3155 646)
3(1936 2001 1835)
3(1936 1835 1965)
3(2003 1996 1891)
3(2003 1891 1916)
3(3402 589 588)
3(1683 1779 1693)
3(1772 1693 1779)
3(1683 1772 1779)
3(2182 2120 2204)
3(385 386 3328)
3(1658 385 3328)
3(386 3328 367)
3(366 3328 386)
3(366 367 3328)
3(2054 2094 2151)
3(1606 1604 1511)
3(2252 2399 2263)
3(2263 2399 2300)
3(2192 2149 2053)
3(3155 3160 647)
3(3160 3148 647)
3(2216 2097 2191)
3(1606 1511 1575)
3(2064 2147 2191)
3(2064 2148 2147)
3(318 1518 285)
3(3190 285 1518)
3(3190 1518 318)
3(3190 318 285)
3(1518 285 1418)
3(1518 285 1415)
3(1638 3170 1659)
3(1753 1659 3170)
3(1753 3170 1638)
3(2297 2300 2426)
3(2297 2400 2300)
3(3327 907 2657)
3(3327 906 907)
3(1440 1579 1439)
3(2391 2368 2284)
3(395 1723 3369)
3(2215 2198 2120)
3(2212 2120 2198)
3(843 810 809)
3(843 2571 810)
3(533 3012 3054)
3(533 3054 3052)
3(533 3052 3012)
3(2182 2120 2086)
3(533 532 3054)
3(2382 2283 2367)
3(1616 1755 431)
3(1616 431 1725)
3(2011 1914 1906)
3(3301 2673 2879)
3(2661 3301 2879)
3(2120 2212 2124)
3(3159 330 401)
3(402 403 3162)
3(402 3162 3161)
3(402 3161 403)
3(1929 1821 508)
3(597 3210 3384)
3(630 3210 597)
3(1730 408 1625)
3(1730 1625 1626)
3(2087 2189 2182)
3(2182 2189 2038)
3(2429 2422 2322)
3(2375 2306 2328)
3(1627 410 442)
3(1876 1961 1875)
3(914 2672 2879)
3(914 3338 2672)
3(2027 2076 2178)
3(3329 554 553)
3(2669 2918 2705)
3(2669 2658 2918)
3(604 637 638)
3(604 638 2028)
3(2879 2661 2672)
3(914 2661 2879)
3(396 389 1724)
3(1950 1949 1843)
3(1622 1623 1728)
3(438 1622 1728)
3(1622 1672 1728)
3(1888 1842 1993)
3(767 2460 786)
3(767 786 3352)
3(643 2166 2034)
3(644 2034 2137)
3(1890 1842 1993)
3(1890 1993 1888)
3(1890 1947 1842)
3(1947 1853 1842)
3(1890 1853 1947)
3(1921 1847 1861)
3(2034 2167 2035)
3(1704 1788 1692)
3(1704 1692 1787)
3(1976 1865 2022)
3(2137 2179 2083)
3(2083 2179 2082)
3(2867 2668 960)
3(3411 2867 960)
3(3411 960 2668)
3(3411 2668 2867)
3(2905 2860 2644)
3(2860 2890 2644)
3(2668 960 2866)
3(3095 3056 431)
3(3095 431 398)
3(2193 2094 2121)
3(3126 411 445)
3(412 445 411)
3(2172 3312 623)
3(2172 623 2046)
3(2172 2046 3312)
3(2905 2644 2693)
3(2905 2693 2694)
3(2380 2243 2289)
3(45 447 3319)
3(45 3319 1632)
3(3319 447 1632)
3(1900 1967 1863)
3(1967 2005 1863)
3(557 31 3403)
3(557 3403 32)
3(1893 1887 1985)
3(2007 1893 1985)
3(2257 2328 2306)
3(3126 444 445)
3(3404 728 727)
3(2244 728 3404)
3(2499 2455 2594)
3(2860 2644 2693)
3(2905 2860 2693)
3(2250 2304 2351)
3(3375 837 838)
3(3375 838 804)
3(3375 804 837)
3(2152 583 2066)
3(2152 2054 583)
3(1708 1804 1704)
3(2668 960 901)
3(2668 3198 960)
3(2668 2913 2898)
3(2668 2710 2913)
3(499 2976 3054)
3(535 502 3100)
3(3330 312 1437)
3(3330 1438 312)
3(3330 345 312)
3(1721 1650 427)
3(2065 2177 2146)
3(2678 2898 2709)
3(1634 1680 1793)
3(1793 1680 1681)
3(1573 1579 1485)
3(340 3138 3126)
3(340 3126 339)
3(1634 3431 1635)
3(1634 1734 3431)
3(3138 412 340)
3(1780 1678 1775)
3(2309 2409 2308)
3(3375 2536 838)
3(2154 2101 2067)
3(2154 2056 2101)
3(2154 2067 2056)
3(3331 726 2243)
3(3331 727 726)
3(340 3126 410)
3(339 410 3126)
3(1653 352 1736)
3(1737 352 1653)
3(475 1838 3188)
3(1838 1851 3188)
3(2678 2850 2851)
3(1857 3355 3266)
3(1954 3355 1857)
3(1954 3266 3355)
3(1861 1922 1921)
3(1969 1922 1861)
3(2058 590 3201)
3(3218 1965 1835)
3(491 3355 3266)
3(1636 418 3371)
3(1927 537 1817)
3(3149 3128 505)
3(2223 2224 2363)
3(3351 580 2053)
3(3351 2053 561)
3(3351 561 580)
3(561 2053 580)
3(2432 3429 3375)
3(2432 2537 3429)
3(1684 1784 1651)
3(1726 1618 433)
3(1726 1754 1618)
3(1886 1987 2016)
3(1542 1541 1455)
3(3370 1446 272)
3(272 1446 253)
3(1683 1735 1772)
3(1542 252 1455)
3(1847 1922 1921)
3(2678 2709 2850)
3(2120 2215 2086)
3(2109 2215 2120)
3(591 2159 2058)
3(2310 2311 2418)
3(1902 2011 1906)
3(2011 1900 1906)
3(1683 1779 1662)
3(1662 1779 1693)
3(1887 2015 1886)
3(2320 2396 2304)
3(2320 2292 2396)
3(1779 1735 1662)
3(1735 1637 1662)
3(1637 3420 1662)
3(1735 3420 1637)
3(1929 1870 1959)
3(1804 1709 1704)
3(1804 1704 1710)
3(1683 1662 1735)
3(1947 1890 1993)
3(1992 1890 1947)
3(1587 1544 1497)
3(2762 3298 2773)
3(1119 3298 2762)
3(1639 1736 1723)
3(2669 2918 2711)
3(2306 2328 2327)
3(2684 2685 2902)
3(1458 1544 1497)
3(1641 1783 1687)
3(407 406 439)
3(1624 439 406)
3(2678 2898 2850)
3(1683 1636 1764)
3(1636 3278 1683)
3(3209 466 465)
3(2566 2477 2465)
3(797 2566 2465)
3(797 2477 2566)
3(570 3201 589)
3(2653 899 3282)
3(2864 2653 3282)
3(2689 2858 2640)
3(2903 2689 2640)
3(1944 461 3237)
3(1943 3237 461)
3(1944 3237 1943)
3(2684 2685 2941)
3(1441 1466 3396)
3(1920 1967 1859)
3(1968 1859 1967)
3(2107 2175 2128)
3(2107 2128 2129)
3(2107 2129 2024)
3(2130 3271 2061)
3(2130 2129 3271)
3(2690 2640 2903)
3(2175 2129 2107)
3(2095 2192 2053)
3(2107 2129 2103)
3(2107 2061 2129)
3(717 750 749)
3(3148 717 749)
3(2282 2232 2337)
3(2406 2282 2337)
3(3374 2850 998)
3(3374 998 997)
3(3374 997 2850)
3(739 738 3049)
3(1695 1705 1767)
3(651 2041 617)
3(2339 2236 2237)
3(1905 1995 1994)
3(1781 1695 1767)
3(707 3057 739)
3(1964 1935 1833)
3(553 1964 3329)
3(553 3423 1964)
3(1964 3423 3329)
3(620 2043 2171)
3(1712 1808 1706)
3(581 2053 3351)
3(581 3351 580)
3(3374 998 872)
3(3374 871 998)
3(2176 2175 2107)
3(2075 2062 2131)
3(601 576 2132)
3(496 3413 1811)
3(1811 3413 3177)
3(1906 1895 2011)
3(3117 745 3116)
3(815 3117 3116)
3(815 3116 745)
3(815 745 3117)
3(3262 2131 633)
3(1980 1863 2005)
3(712 2335 744)
3(712 745 2335)
3(716 2233 2337)
3(716 749 2233)
3(2321 2401 2426)
3(2427 2401 2321)
3(510 3163 3165)
3(510 3165 3152)
3(2233 2337 2232)
3(2763 82 1122)
3(1916 1904 2003)
3(2657 2666 965)
3(1979 1880 1973)
3(1904 1979 1973)
3(653 3033 722)
3(2321 2401 2297)
3(2321 2297 2426)
3(3405 470 471)
3(3327 2669 907)
3(3327 966 2669)
3(1647 1779 1752)
3(1647 1752 1751)
3(755 722 754)
3(3077 652 620)
3(619 652 3077)
3(51 2958 1023)
3(1634 1763 1680)
3(2235 2368 2284)
3(2391 2235 2284)
3(3374 998 2665)
3(728 3404 760)
3(728 760 3239)
3(2228 2229 2335)
3(2228 2335 712)
3(2229 712 2335)
3(2419 2315 2383)
3(2419 2429 2315)
3(2012 1908 1907)
3(597 3210 2024)
3(2024 3210 3384)
3(3331 726 759)
3(739 738 3011)
3(2131 3262 2132)
3(2243 2289 2371)
3(3429 805 839)
3(3429 839 806)
3(2252 2354 2263)
3(3406 389 1611)
3(1611 389 1717)
3(3413 1811 1847)
3(3413 1847 496)
3(2871 2666 2916)
3(2916 2666 2870)
3(3156 404 405)
3(3156 334 404)
3(2155 3263 568)
3(568 3263 2068)
3(3162 507 438)
3(390 3406 389)
3(3160 648 3148)
3(2109 2198 2120)
3(2215 2198 2109)
3(527 494 3267)
3(3431 417 1634)
3(2195 2125 2214)
3(3259 565 583)
3(581 3351 2063)
3(562 3351 581)
3(1721 1613 3247)
3(1721 3247 1650)
3(1733 3319 448)
3(448 3319 447)
3(1733 447 3319)
3(2272 2399 2425)
3(2272 2300 2399)
3(2160 2070 2201)
3(2611 2444 2546)
3(433 400 3150)
3(433 3150 399)
3(3149 537 505)
3(3149 505 504)
3(3149 504 537)
3(653 3379 2044)
3(717 749 2233)
3(2233 2337 2282)
3(717 749 2367)
3(717 2367 2233)
3(1905 1995 1885)
3(553 1935 3329)
3(1935 1964 3329)
3(2777 106 3244)
3(2777 3244 2766)
3(656 623 2172)
3(3312 656 2172)
3(2404 2410 2301)
3(2421 2301 2410)
3(926 2981 1001)
3(2155 2056 2154)
3(2056 3263 2154)
3(3263 586 587)
3(3263 587 2056)
3(2252 2355 671)
3(2252 671 2354)
3(2024 3210 2060)
3(2060 3210 2128)
3(2024 2128 3210)
3(2134 2028 2164)
3(2134 2206 2028)
3(976 3282 2865)
3(976 2882 3282)
3(2328 2306 2220)
3(1859 1967 1900)
3(3033 2996 653)
3(2546 2576 2445)
3(2271 2261 2377)
3(2592 2593 2487)
3(2350 2259 2292)
3(2395 2292 2259)
3(2350 2395 2259)
3(1684 1785 1784)
3(2198 2109 2124)
3(2198 2100 2109)
3(2271 2329 2330)
3(2271 2377 2330)
3(2253 2299 2357)
3(2305 2410 2301)
3(2538 2552 2482)
3(2328 3410 2329)
3(735 3410 702)
3(702 3410 3332)
3(2032 2166 2081)
3(475 457 3270)
3(2336 2280 2366)
3(2231 2280 2336)
3(2302 2329 2376)
3(2221 3332 703)
3(2221 702 3332)
3(2685 2928 2941)
3(704 3407 703)
3(704 2258 3407)
3(1781 1695 1705)
3(643 2137 2034)
3(715 747 748)
3(3091 752 3140)
3(747 715 3144)
3(747 714 715)
3(747 2336 714)
3(45 3319 448)
3(448 3319 44)
3(45 44 3319)
3(1985 1851 1939)
3(1985 1939 1838)
3(1838 1939 1851)
3(3244 2777 105)
3(3282 2865 55)
3(2612 2452 2450)
3(2612 2497 2452)
3(2242 2289 2371)
3(753 3078 3034)
3(3114 3078 753)
3(3114 753 3034)
3(2612 2549 2450)
3(2612 2452 2549)
3(2547 2596 2446)
3(2036 613 2168)
3(830 2454 863)
3(2250 2259 2350)
3(2250 2350 685)
3(2350 2259 685)
3(2496 2614 2495)
3(2370 2241 3203)
3(2241 3365 3203)
3(838 839 3429)
3(2370 725 3203)
3(3185 1096 919)
3(2732 3185 919)
3(2732 1096 3185)
3(2735 1103 120)
3(3288 770 771)
3(3288 771 789)
3(1686 1747 1788)
3(1686 1748 1747)
3(3196 2261 2247)
3(3196 680 2261)
3(1689 1788 1686)
3(1747 1689 1686)
3(2766 2807 1127)
3(2777 2766 1127)
3(1759 441 408)
3(1730 1759 408)
3(2095 2149 2192)
3(2882 3282 2653)
3(1730 1675 1625)
3(2735 120 113)
3(2735 3372 120)
3(2735 113 3372)
3(2054 563 582)
3(2735 1103 113)
3(692 3436 674)
3(692 673 3436)
3(2255 2359 3289)
3(2242 2389 2371)
3(2539 3373 2552)
3(2458 2552 3373)
3(2539 2458 3373)
3(2137 2183 2083)
3(644 2034 643)
3(1533 1434 1599)
3(1770 1757 1671)
3(2580 2500 3265)
3(2271 2345 2377)
3(2615 2496 2614)
3(2591 2614 2496)
3(763 3373 2552)
3(2394 2260 2249)
3(2394 2295 2260)
3(2177 2075 2103)
3(2177 2130 2075)
3(2321 2401 2323)
3(2264 2294 2355)
3(2264 2355 2400)
3(2735 1096 113)
3(2459 2553 2554)
3(2459 2554 765)
3(2220 3281 700)
3(740 739 707)
3(2219 3408 699)
3(699 3408 698)
3(3021 1008 933)
3(1805 1799 1701)
3(1697 1799 1805)
3(1697 1805 1701)
3(626 2050 659)
3(660 659 2050)
3(626 660 2050)
3(3174 626 627)
3(3174 660 626)
3(3174 627 660)
3(2227 2334 743)
3(2364 2227 743)
3(534 533 3052)
3(333 3161 403)
3(3161 332 403)
3(2320 2396 2324)
3(2234 2367 2391)
3(2283 2391 2367)
3(2458 2472 3373)
3(2396 2324 2424)
3(2320 2396 2424)
3(2320 2395 2396)
3(2320 2292 2395)
3(678 3409 697)
3(678 17 3409)
3(1697 1799 1789)
3(2265 2357 2253)
3(2735 926 3372)
3(926 919 3372)
3(2735 3372 919)
3(3215 2251 669)
3(2413 2289 2389)
3(3144 748 3122)
3(2228 2335 2373)
3(3353 764 2553)
3(3045 3002 852)
3(2685 2941 2714)
3(1750 1646 1790)
3(926 3372 120)
3(1608 1603 1513)
3(1585 1513 1603)
3(2219 2256 3408)
3(2326 3408 2256)
3(2256 3408 699)
3(926 57 3372)
3(2262 2351 2250)
3(668 686 2262)
3(686 3223 2262)
3(385 3246 1658)
3(366 385 1658)
3(2417 2427 2319)
3(2428 2417 2319)
3(667 2350 3223)
3(2351 667 3223)
3(2351 3223 2350)
3(385 3246 1646)
3(1646 3246 1658)
3(2428 2318 2282)
3(1891 1997 1996)
3(120 3232 3372)
3(926 3372 3232)
3(1905 2009 1916)
3(2431 2480 2535)
3(2431 2535 2467)
3(785 786 3426)
3(2471 3426 786)
3(2468 2510 2536)
3(2108 2080 2186)
3(2080 2116 2186)
3(3327 2669 2657)
3(2601 2600 2528)
3(2528 2600 2618)
3(2601 2528 2618)
3(475 3270 3188)
3(3261 352 1737)
3(105 3302 2765)
3(2765 3302 2777)
3(915 3301 916)
3(974 916 3301)
3(850 3044 3092)
3(850 3092 3028)
3(352 3200 1653)
3(1736 3200 352)
3(2943 2702 2703)
3(2914 2703 2702)
3(3277 2465 777)
3(775 794 2464)
3(794 3175 2464)
3(3046 3093 846)
3(2923 2701 2877)
3(2923 2878 2701)
3(58 3232 3372)
3(2706 2701 2878)
3(131 937 2746)
3(2923 2701 2922)
3(2544 849 2441)
3(2872 2711 2918)
3(3237 1944 462)
3(3237 462 461)
3(2257 701 3410)
3(702 3410 701)
3(1935 3329 554)
3(3237 480 462)
3(3237 1944 480)
3(2540 2434 2585)
3(418 3371 451)
3(418 3278 3371)
3(418 451 3278)
3(3307 469 468)
3(747 2231 714)
3(2746 131 1108)
3(857 858 824)
3(3371 451 417)
3(856 2447 2577)
3(451 3371 450)
3(1734 3371 451)
3(2786 1183 2787)
3(1643 3359 1655)
3(379 3359 1643)
3(2293 2395 2292)
3(3235 2262 686)
3(2431 3412 3193)
3(359 1744 3359)
3(3281 2326 2256)
3(3281 2327 2326)
3(2676 2896 2895)
3(2676 2717 2896)
3(3026 1018 943)
3(137 1018 3026)
3(3026 1017 943)
3(697 3219 3409)
3(1816 1927 504)
3(504 1927 1817)
3(1748 1749 3364)
3(1749 364 3364)
3(2350 2349 2259)
3(2872 2669 2918)
3(2101 2056 2197)
3(2096 2101 2197)
3(2429 2422 2314)
3(2429 2314 2322)
3(1750 1790 1658)
3(1791 1750 1658)
3(2489 2440 2573)
3(2500 2551 2481)
3(3280 2453 828)
3(3280 828 2452)
3(3280 2452 2453)
3(2677 2653 2929)
3(1750 1751 1658)
3(1038 0 3333)
3(1659 1647 1752)
3(1659 1752 387)
3(766 3183 765)
3(784 765 3183)
3(2154 2197 2056)
3(2347 3343 664)
3(2348 664 3343)
3(2347 2348 3343)
3(1976 1866 1816)
3(2429 2322 2315)
3(2319 2428 2318)
3(3303 1752 368)
3(387 368 1752)
3(3303 387 1752)
3(2419 2314 2429)
3(508 3162 3158)
3(508 507 3162)
3(2273 2390 2363)
3(1455 272 3370)
3(1455 3370 1446)
3(782 3179 763)
3(434 1618 1726)
3(386 368 3328)
3(368 387 3328)
3(1976 1927 1816)
3(2394 2348 2249)
3(3004 1084 1046)
3(1455 3370 252)
3(1455 1542 3370)
3(2560 2473 2602)
3(825 3079 3035)
3(2696 2934 2694)
3(2460 2556 2555)
3(2514 2535 2431)
3(510 3163 509)
3(510 509 3165)
3(509 3163 3165)
3(510 3163 542)
3(510 542 509)
3(2668 2866 2654)
3(3411 960 961)
3(3411 961 902)
3(2319 2308 2427)
3(2923 2701 2730)
3(816 3092 850)
3(2672 2660 3338)
3(913 2672 3338)
3(1455 3370 271)
3(856 2547 2447)
3(510 543 542)
3(2431 2535 3412)
3(2382 2391 2283)
3(3412 802 803)
3(143 3334 950)
3(3295 871 2628)
3(2621 2524 2618)
3(2621 2532 2524)
3(2636 882 1046)
3(2628 3295 3374)
3(1826 1932 514)
3(1826 1961 546)
3(1826 546 1932)
3(2568 781 3310)
3(848 2439 2543)
3(1826 546 513)
3(1826 514 546)
3(776 2476 3356)
3(795 3356 2476)
3(3116 814 815)
3(3116 815 744)
3(794 775 3356)
3(3116 744 3131)
3(428 3369 395)
3(428 1723 3369)
3(428 395 1723)
3(746 2230 2365)
3(428 3369 394)
3(2920 2874 2670)
3(2860 2643 2693)
3(888 1052 1053)
3(2889 1052 888)
3(2643 2889 2692)
3(1826 513 1961)
3(843 810 3053)
3(3351 2053 2149)
3(3351 2149 561)
3(1151 1113 2803)
3(2499 2500 2594)
3(3265 2456 831)
3(3284 1113 142)
3(3284 142 1143)
3(3284 1143 1113)
3(815 814 848)
3(1151 1113 2756)
3(1151 2756 2803)
3(1225 1224 1356)
3(1831 1963 3392)
3(2640 1050 885)
3(1831 3392 550)
3(1831 550 518)
3(427 3369 428)
3(428 3369 1722)
3(753 721 2369)
3(2580 2551 3265)
3(2579 2612 2452)
3(1837 3202 1938)
3(455 1837 1938)
3(455 3202 1837)
3(826 858 859)
3(3102 824 856)
3(857 824 3102)
3(857 3035 824)
3(1816 536 1927)
3(1955 1816 1927)
3(1955 536 1816)
3(1985 1851 1970)
3(2571 2435 810)
3(1618 434 400)
3(847 2543 2439)
3(2934 2696 2716)
3(1800 1666 1792)
3(1792 1666 1796)
3(1848 498 3202)
3(1848 3202 1837)
3(2937 2712 2716)
3(2937 2715 2712)
3(2349 2348 2249)
3(2706 2923 2701)
3(1837 1923 1938)
3(1923 3202 1938)
3(1837 3202 1923)
3(3202 497 498)
3(3202 1848 497)
3(2902 2683 2885)
3(2961 892 1056)
3(1280 1307 1385)
3(2348 2347 2260)
3(2718 2939 2729)
3(2624 2587 2485)
3(1720 3368 426)
3(1721 426 3368)
3(2937 2716 2931)
3(2878 2660 3338)
3(1848 531 530)
3(1848 530 1923)
3(1848 1923 531)
3(2723 2714 2941)
3(1618 433 434)
3(2809 2773 1164)
3(2808 2809 1164)
3(1097 2732 2769)
3(1099 1098 2733)
3(1859 1863 1967)
3(2685 2723 2941)
3(2921 2947 2707)
3(2774 2760 3297)
3(2663 869 3337)
3(426 425 3368)
3(1076 3017 977)
3(928 1134 121)
3(434 400 433)
3(3368 392 426)
3(1182 1199 2831)
3(2831 1199 1197)
3(1182 2825 1196)
3(1721 3247 3368)
3(1721 426 3247)
3(995 3414 3337)
3(869 3414 995)
3(407 3165 441)
3(407 441 440)
3(407 440 3165)
3(3165 441 3152)
3(214 3299 7)
3(214 6 3299)
3(843 2435 810)
3(1872 1912 2010)
3(1098 921 3360)
3(1098 3360 115)
3(1098 115 921)
3(1613 3368 1721)
3(448 415 3319)
3(1733 3319 415)
3(1894 1917 1989)
3(888 1052 1091)
3(1053 888 1091)
3(1206 191 1348)
3(2890 1054 2644)
3(2890 890 1054)
3(3102 823 856)
3(823 824 856)
3(3102 824 823)
3(1186 1196 2825)
3(1197 2834 2825)
3(3284 2757 948)
3(3284 1113 2757)
3(3284 948 1113)
3(142 949 1143)
3(3334 142 1143)
3(3284 141 142)
3(3284 1113 141)
3(1958 1820 1869)
3(1682 1778 1772)
3(1682 1772 1799)
3(890 1055 1054)
3(111 3249 92)
3(1227 245 1328)
3(407 441 1759)
3(3367 395 1723)
3(3367 1723 428)
3(1180 1159 2822)
3(1723 351 3367)
3(1723 3367 28)
3(2557 2470 2461)
3(1791 1772 1693)
3(1772 1693 1799)
3(1881 1897 2014)
3(1897 1882 2014)
3(3293 2667 903)
3(3293 903 904)
3(2934 2694 2716)
3(1891 1892 1997)
3(370 3367 1723)
3(3213 912 911)
3(504 536 1927)
3(1816 536 504)
3(1629 445 1732)
3(1074 3016 3313)
3(1310 215 3318)
3(3318 215 1201)
3(1310 3318 1201)
3(2582 2519 2617)
3(1916 1899 2009)
3(287 3397 3254)
3(320 287 3254)
3(2514 2583 2582)
3(2627 2848 2713)
3(2849 2627 2713)
3(2848 2895 2676)
3(3351 2063 2053)
3(2629 3309 867)
3(2676 2847 2848)
3(1915 2019 1993)
3(1915 1993 1890)
3(1903 2019 2004)
3(1459 3366 1447)
3(1459 1546 3366)
3(2937 2931 2712)
3(2937 2712 2924)
3(3091 3102 823)
3(2716 2909 2692)
3(2716 2693 2909)
3(1903 2019 2018)
3(970 3296 911)
3(911 3296 2671)
3(1903 1890 2018)
3(2564 2476 3356)
3(1782 1652 1688)
3(1738 1688 1652)
3(2877 970 2671)
3(2868 2867 2655)
3(2920 2670 2875)
3(1739 1652 1783)
3(2913 2655 2710)
3(2667 2655 2914)
3(2667 2868 2655)
3(2667 2914 2703)
3(2667 2702 2914)
3(2848 3414 3337)
3(995 3414 2848)
3(2935 2729 2720)
3(2860 2644 1054)
3(3413 1922 1847)
3(3413 1811 1922)
3(2871 2699 2916)
3(2916 2699 2666)
3(2875 2874 2670)
3(3165 509 440)
3(439 3165 440)
3(2871 2699 2917)
3(2916 2917 2699)
3(2734 1100 2770)
3(1847 3413 1921)
3(3413 1922 1921)
3(1154 2789 2739)
3(1154 2739 2788)
3(1154 1105 2739)
3(1154 2789 1105)
3(2739 1154 1133)
3(2795 1153 1199)
3(3296 970 969)
3(3296 969 2876)
3(3418 916 917)
3(3418 917 2662)
3(1921 3413 3437)
3(528 3413 1921)
3(3413 495 496)
3(2752 1111 2753)
3(515 547 1962)
3(1161 1158 2736)
3(2406 2317 2318)
3(750 3148 3121)
3(534 3054 3052)
3(3004 2967 848)
3(275 1459 3366)
3(3366 276 1459)
3(222 3016 1074)
3(1161 1134 2736)
3(2979 2839 979)
3(2669 2873 2918)
3(2658 2873 2669)
3(198 1321 1212)
3(333 332 300)
3(404 3156 437)
3(405 406 438)
3(98 3298 2773)
3(2762 3298 98)
3(2806 1120 1166)
3(504 3149 3128)
3(1928 539 1819)
3(2816 1163 1185)
3(1067 66 2976)
3(2806 1165 1120)
3(1929 1972 1870)
3(129 128 935)
3(1170 1196 2813)
3(1652 1738 1640)
3(1193 1164 2809)
3(3298 81 80)
3(815 3038 3116)
3(1166 1165 2806)
3(2826 1185 2835)
3(1641 1783 1652)
3(2763 1122 2805)
3(1129 3226 1128)
3(2763 2805 1121)
3(2763 1121 2772)
3(1258 1259 1366)
3(2646 2648 2906)
3(2861 2646 2906)
3(472 3355 3266)
3(491 472 3266)
3(3238 174 1246)
3(3238 1246 156)
3(12 524 3355)
3(1459 3366 257)
3(952 3399 893)
3(2889 2693 2643)
3(2868 2655 3411)
3(2655 3195 3411)
3(2868 3195 2655)
3(1517 1497 1587)
3(1889 2018 1862)
3(1159 1180 2798)
3(3116 3038 814)
3(609 608 641)
3(1190 1193 2827)
3(1193 1200 2827)
3(1838 1940 1985)
3(1986 1940 1838)
3(457 1939 3188)
3(1939 1940 3188)
3(457 3188 1940)
3(3414 869 870)
3(804 3193 3375)
3(837 3193 804)
3(562 561 3351)
3(724 3203 3365)
3(724 3365 756)
3(724 756 3203)
3(1970 1985 1893)
3(1691 1748 1645)
3(1748 1686 1645)
3(774 793 2475)
3(2356 2253 2264)
3(2253 3269 2264)
3(2356 3269 2253)
3(1979 1834 1973)
3(1935 1979 1834)
3(2798 2822 1159)
3(1945 1852 1990)
3(1945 1944 1852)
3(3184 1942 459)
3(3184 478 1942)
3(3073 857 3041)
3(2695 2648 2906)
3(2132 576 557)
3(2132 557 3311)
3(2647 2861 3335)
3(1990 1917 2008)
3(1989 1917 1990)
3(2667 2915 2702)
3(2915 2656 2702)
3(3293 962 903)
3(3293 2667 962)
3(1990 1841 1852)
3(3291 2666 906)
3(3291 964 2666)
3(3301 914 973)
3(3198 900 959)
3(2851 3273 2852)
3(1889 1852 1990)
3(2905 2693 2909)
3(2905 2934 2693)
3(2934 2909 2693)
3(2961 1019 74)
3(751 3148 3121)
3(2963 888 1053)
3(3365 2340 756)
3(3007 2970 1040)
3(2651 2697 2863)
3(2907 2651 2863)
3(2842 3012 3052)
3(2012 1907 1866)
3(3256 1544 255)
3(2735 113 919)
3(1586 1486 1513)
3(1585 1586 1513)
3(557 576 3403)
3(1684 1784 1741)
3(1651 1741 1784)
3(1785 1741 1684)
3(2947 2707 2920)
3(812 2436 844)
3(2570 812 844)
3(2570 844 2436)
3(2570 2436 812)
3(2946 2947 2707)
3(2946 2719 2947)
3(137 136 2752)
3(137 2752 943)
3(1221 238 239)
3(1221 1325 238)
3(207 206 3064)
3(2934 2693 2694)
3(2934 2716 2693)
3(133 940 3024)
3(3073 857 3102)
3(857 3102 3035)
3(602 2975 1064)
3(3012 985 66)
3(1785 1742 1684)
3(2986 936 937)
3(2153 566 3416)
3(2153 3230 566)
3(566 3230 3416)
3(1013 939 2987)
3(1946 1945 1841)
3(719 720 3132)
3(650 3132 720)
3(2369 753 2237)
3(1696 1785 1742)
3(1330 3389 1331)
3(1243 1330 1331)
3(1243 1331 3389)
3(2099 2195 2125)
3(3263 568 587)
3(3093 811 812)
3(3365 756 51)
3(50 756 3365)
3(1786 1742 1696)
3(431 3056 3059)
3(431 3059 430)
3(3059 500 3013)
3(3208 572 2160)
3(3208 2160 573)
3(592 591 2160)
3(572 592 2160)
3(592 2070 2160)
3(1786 1743 1696)
3(2871 2699 2872)
3(2645 2646 2861)
3(2645 2861 1055)
3(2645 1055 2646)
3(1083 1044 3005)
3(1082 3005 1044)
3(128 3021 3066)
3(3365 755 756)
3(1267 1266 1353)
3(2160 2059 2070)
3(636 603 635)
3(1617 1667 1754)
3(1618 1754 1667)
3(3008 2975 635)
3(3055 635 2975)
3(2363 2223 2273)
3(708 740 3109)
3(1064 2975 635)
3(1064 602 635)
3(3055 635 603)
3(3144 747 748)
3(746 2230 713)
3(3134 3107 233)
3(3114 752 720)
3(3114 3140 752)
3(2227 2226 2334)
3(3143 643 642)
3(1707 1714 1807)
3(1706 1807 1714)
3(3274 635 2026)
3(2133 3274 2026)
3(2133 635 3274)
3(753 824 3114)
3(823 824 3114)
3(602 635 2026)
3(2752 137 2753)
3(1111 137 2752)
3(2026 3274 2126)
3(596 3415 595)
3(3199 99 81)
3(610 540 3158)
3(173 1339 3324)
3(1245 173 3324)
3(1245 3324 1339)
3(1234 1385 1340)
3(1234 1340 1339)
3(610 3153 609)
3(610 642 643)
3(642 3153 610)
3(642 610 3143)
3(2036 2037 2168)
3(2037 2036 2204)
3(1201 3318 1311)
3(115 116 3178)
3(115 3178 921)
3(1707 1703 1807)
3(2168 2204 2036)
3(60 3316 222)
3(77 3297 1117)
3(1116 3297 77)
3(3364 1749 1645)
3(3364 1645 1657)
3(3364 1657 1749)
3(2241 2340 2239)
3(1748 1645 3364)
3(1748 1749 1645)
3(1404 1414 1306)
3(3364 382 1645)
3(3364 1645 363)
3(146 3389 1331)
3(624 2047 2173)
3(3364 383 1645)
3(624 2047 657)
3(2048 2093 3214)
3(2049 2048 3214)
3(1114 2780 1132)
3(2820 1195 2827)
3(2092 2093 2187)
3(1579 1484 1440)
3(99 3199 1120)
3(1189 2835 1185)
3(1166 2833 1195)
3(2783 2780 1114)
3(2759 2783 1114)
3(1946 3257 464)
3(1947 3257 1946)
3(1176 1130 2779)
3(1175 1176 2779)
3(1160 2801 2802)
3(3284 141 948)
3(3284 949 1143)
3(3308 2156 2057)
3(2055 2067 2154)
3(3416 586 585)
3(3416 585 566)
3(1947 483 1842)
3(1947 1853 483)
3(1070 3014 981)
3(1649 1694 3368)
3(3326 147 166)
3(3326 166 1332)
3(3326 1332 147)
3(1335 150 3317)
3(1334 3317 150)
3(1335 3317 1334)
3(1408 1306 1407)
3(3326 147 148)
3(1407 1404 1306)
3(1613 1694 3368)
3(1335 1334 1241)
3(210 3363 3234)
3(1224 210 3234)
3(146 3220 1331)
3(1331 3220 3389)
3(1179 2780 1114)
3(2783 2780 1179)
3(815 814 3038)
3(3038 814 848)
3(2098 2191 2213)
3(2831 2834 1197)
3(1199 2834 2831)
3(2798 2822 1180)
3(1181 2814 2822)
3(442 408 3152)
3(441 442 3152)
3(1217 202 1323)
3(210 3363 242)
3(242 3363 3234)
3(79 1118 2773)
3(278 3417 279)
3(3238 157 176)
3(3238 176 175)
3(442 3152 511)
3(441 511 3152)
3(1233 1245 1338)
3(650 2040 2170)
3(2098 2064 2191)
3(2098 2190 2052)
3(3358 1202 1312)
3(1747 3181 362)
3(2098 2191 2190)
3(2064 2098 2147)
3(2098 2052 2147)
3(2064 2147 2052)
3(2098 2147 2191)
3(2098 2190 2147)
3(2052 2147 2190)
3(3317 1335 151)
3(3317 151 150)
3(302 3136 3146)
3(1326 241 3363)
3(242 1326 3363)
3(3299 7 246)
3(214 3299 246)
3(214 3299 181)
3(214 1228 3299)
3(449 3339 3431)
3(151 169 1335)
3(3317 1335 169)
3(3317 169 151)
3(1838 1940 1939)
3(1850 1940 1838)
3(3240 171 152)
3(3240 152 1244)
3(1243 1362 1252)
3(1243 1285 1362)
3(3269 673 672)
3(944 2752 137)
3(2152 584 2066)
3(3250 1233 172)
3(3250 153 1233)
3(1342 1235 1288)
3(3229 1236 178)
3(3229 159 1236)
3(173 154 3324)
3(173 1339 154)
3(154 1339 3324)
3(2350 3223 685)
3(151 3240 1335)
3(201 200 233)
3(130 936 2986)
3(203 235 202)
3(130 936 937)
3(575 3357 2161)
3(2025 3271 3398)
3(1407 1414 1306)
3(677 696 3289)
3(594 3174 575)
3(594 2050 3174)
3(1314 1203 1253)
3(1314 1239 1203)
3(2025 2130 3271)
3(1098 3178 115)
3(2267 3219 2360)
3(2361 2360 3219)
3(1098 1145 2782)
3(696 3219 2360)
3(2267 3219 696)
3(631 598 3271)
3(2892 2650 955)
3(3421 955 2650)
3(3421 2892 955)
3(3421 2650 2892)
3(2273 2223 2390)
3(1790 1658 1646)
3(1750 1646 1658)
3(3123 638 606)
3(3231 187 221)
3(3231 188 187)
3(2162 659 3362)
3(659 2050 3362)
3(2162 2050 659)
3(658 3362 659)
3(3362 625 659)
3(658 625 3362)
3(3338 973 972)
3(1347 1257 1368)
3(1347 1208 1257)
3(955 2863 2650)
3(2650 955 896)
3(1319 226 194)
3(1111 136 2752)
3(2861 2645 2906)
3(1386 1385 1307)
3(303 232 3107)
3(303 3107 302)
3(302 3107 232)
3(2166 2033 2081)
3(2031 2165 2185)
3(2144 3362 659)
3(1223 3315 1224)
3(1355 3315 1223)
3(1330 1252 1243)
3(1330 1243 1362)
3(3254 1453 1521)
3(1453 1495 1521)
3(2700 2727 2916)
3(291 3251 266)
3(323 290 3294)
3(3324 173 172)
3(1335 1241 169)
3(2141 2041 2207)
3(2042 2141 2207)
3(1056 2961 2999)
3(3362 626 659)
3(2171 2141 2042)
3(1216 234 201)
3(652 618 3077)
3(1045 1084 2967)
3(3005 880 1044)
3(1082 1043 2968)
3(2968 1043 1081)
3(2141 2205 2042)
3(1225 1224 3234)
3(1356 1225 3234)
3(242 1326 3234)
3(1357 1371 1226)
3(2332 2222 2390)
3(1388 1308 1387)
3(1388 1284 1308)
3(1070 2978 981)
3(3361 1551 261)
3(3361 1450 1551)
3(3361 261 1450)
3(1484 1485 1579)
3(3361 262 1551)
3(3361 1551 281)
3(1484 1485 1573)
3(1508 1610 1513)
3(2229 2335 2373)
3(1298 1407 1403)
3(1407 1306 1403)
3(1407 1399 1298)
3(1279 1399 1298)
3(1377 1362 1285)
3(441 3152 510)
3(3220 165 1230)
3(3220 1230 1243)
3(3418 975 916)
3(3418 974 975)
3(3418 975 917)
3(3340 377 358)
3(2882 2653 2864)
3(2988 940 3024)
3(2153 2066 2195)
3(2153 2152 2066)
3(2153 2066 2055)
3(3230 584 2066)
3(3230 2066 2152)
3(3230 584 2055)
3(3230 2055 2066)
3(3230 584 585)
3(3230 585 2055)
3(3230 566 585)
3(295 328 294)
3(917 3236 2881)
3(1616 398 431)
3(1301 1290 1405)
3(1098 3360 2769)
3(1097 2769 3360)
3(1098 1097 3360)
3(1098 2769 1097)
3(413 412 446)
3(410 3141 3152)
3(1497 1517 1586)
3(1497 1586 1513)
3(43 1436 42)
3(1438 1439 3191)
3(3341 42 1436)
3(311 42 3341)
3(180 3422 162)
3(3360 2769 921)
3(1098 921 2769)
3(447 2955 984)
3(1800 1703 1792)
3(1792 1703 1666)
3(1800 1666 1703)
3(2176 2129 2107)
3(1629 412 445)
3(2176 2103 2129)
3(1697 1789 1790)
3(1697 1691 1789)
3(1552 1462 1593)
3(1551 1593 1462)
3(1552 1551 1462)
3(486 1950 3307)
3(369 3303 1752)
3(1683 1735 1779)
3(1781 1640 1737)
3(388 3170 1659)
3(1638 3170 388)
3(1682 1799 1693)
3(1792 1667 1666)
3(1608 1507 1609)
3(1608 1609 1515)
3(1097 3185 3360)
3(1097 2769 3185)
3(1594 1514 1602)
3(138 3306 1141)
3(2235 2368 2285)
3(1111 2751 136)
3(1522 1453 1521)
3(1453 3387 1521)
3(291 1443 3294)
3(2890 2861 2645)
3(1792 1754 1667)
3(1771 1667 1754)
3(2209 2110 2092)
3(2209 2092 2208)
3(1522 1495 1521)
3(2286 2388 2384)
3(2309 2410 2301)
3(2286 2285 2368)
3(1617 1667 1792)
3(407 439 3165)
3(1623 406 439)
3(1623 438 406)
3(303 233 3107)
3(1315 3231 1316)
3(1770 1774 1709)
3(3318 215 216)
3(3318 216 182)
3(3318 182 215)
3(209 3315 1224)
3(3111 3047 810)
3(2209 2110 2106)
3(1744 3359 1643)
3(1744 1743 3359)
3(1804 1788 1713)
3(1704 1804 1713)
3(1704 1713 1788)
3(1804 1774 1713)
3(1804 1713 1710)
3(1390 1274 1393)
3(302 3146 3107)
3(303 3107 3146)
3(638 3123 3147)
3(3114 3102 823)
3(359 1743 3359)
3(983 3013 1067)
3(2410 2290 2421)
3(2410 2290 2301)
3(2301 2290 2421)
3(1894 1944 1840)
3(3241 666 665)
3(2064 560 2148)
3(561 2064 2148)
3(561 560 2064)
3(3329 1834 554)
3(165 3220 1332)
3(364 3428 3364)
3(383 3428 364)
3(689 671 2263)
3(2252 671 689)
3(2252 2263 671)
3(2177 2065 2104)
3(2075 2177 2104)
3(3428 1657 1646)
3(1749 1657 3428)
3(671 2263 670)
3(1651 1741 1740)
3(1334 3317 168)
3(755 723 51)
3(2177 2103 2104)
3(1747 362 3377)
3(2031 2080 2165)
3(3216 98 97)
3(1314 3419 1203)
3(677 3219 2360)
3(696 677 2360)
3(2763 1121 1122)
3(2763 82 1121)
3(1657 3428 384)
3(3199 2763 101)
3(3199 82 2763)
3(399 3095 398)
3(895 3173 3421)
3(3419 185 186)
3(3419 1239 185)
3(1312 3358 217)
3(1312 3222 3358)
3(1312 217 3222)
3(1757 1620 436)
3(1622 437 438)
3(1622 1728 437)
3(112 3253 3221)
3(3153 641 608)
3(3153 607 641)
3(518 3189 1831)
3(3358 217 1311)
3(1228 3225 3299)
3(1328 3225 1228)
3(2992 1033 982)
3(2992 982 1032)
3(1179 2780 1132)
3(369 1659 1753)
3(369 1752 1659)
3(217 216 3358)
3(1451 3204 263)
3(1179 2804 1143)
3(283 3344 264)
3(1553 283 264)
3(1553 3344 283)
3(217 183 3358)
3(1202 1239 3222)
3(1313 3222 1239)
3(1735 3278 3420)
3(452 1735 3420)
3(452 3278 1735)
3(452 3420 3278)
3(1788 1715 1689)
3(1681 1679 1793)
3(575 3357 2071)
3(3357 2161 2071)
3(2058 2158 2069)
3(1749 3428 3364)
3(1669 1808 1707)
3(1669 1776 1808)
3(2071 594 3357)
3(130 937 2745)
3(3357 593 2071)
3(1041 1080 2969)
3(2987 938 1013)
3(1618 1754 1771)
3(1702 1666 1800)
3(1239 3222 185)
3(3356 2464 2476)
3(3356 2564 2464)
3(1889 1903 2008)
3(1644 380 3217)
3(1733 1632 415)
3(1733 3319 1632)
3(2228 744 712)
3(474 456 3188)
3(1206 224 1348)
3(1318 1348 1206)
3(1206 1348 1372)
3(2775 83 84)
3(3356 794 2464)
3(3356 2464 775)
3(2764 103 3224)
3(2776 2764 3224)
3(437 1728 1621)
3(3029 412 446)
3(3126 410 3141)
3(1281 1400 1295)
3(1637 3278 3420)
3(3420 420 419)
3(1637 3420 419)
3(1258 1404 1300)
3(1848 531 497)
3(1848 497 530)
3(3202 497 531)
3(1098 2782 1097)
3(1098 2769 2782)
3(1098 2733 2769)
3(895 955 3421)
3(955 954 3421)
3(895 3421 954)
3(2338 2234 2391)
3(2234 2235 2391)
3(2804 1192 2814)
3(3356 2464 795)
3(1281 1383 1410)
3(1281 1254 1383)
3(1903 1862 2018)
3(1552 1462 1451)
3(29 473 3202)
3(1400 1309 1382)
3(456 3354 1939)
3(1938 3354 456)
3(2209 2092 2187)
3(3209 464 465)
3(2338 751 718)
3(3334 1114 144)
3(3334 144 950)
3(3334 143 144)
3(1845 1882 1953)
3(1998 1882 1845)
3(1927 537 504)
3(533 3054 500)
3(1980 1863 1967)
3(504 3149 536)
3(504 536 3128)
3(504 537 536)
3(1819 506 539)
3(509 3165 508)
3(2342 2372 3404)
3(692 693 3436)
3(674 693 3436)
3(3206 689 2252)
3(3206 2252 671)
3(2187 2181 2092)
3(3252 154 173)
3(3252 173 1339)
3(1338 1339 3324)
3(154 1338 3324)
3(3422 181 180)
3(3307 469 487)
3(366 3328 385)
3(2264 2356 2294)
3(1892 1950 1995)
3(1247 1342 1235)
3(2264 2252 2400)
3(2264 2355 2252)
3(2124 2096 2197)
3(679 3322 3196)
3(2297 2252 2400)
3(1853 1841 1946)
3(1853 1946 482)
3(1946 1841 482)
3(2124 2198 2120)
3(1889 2018 1903)
3(1975 1873 1960)
3(1733 1632 1633)
3(2429 2314 2315)
3(1848 530 1922)
3(2075 2130 2131)
3(1937 472 3355)
3(3355 472 1954)
3(198 1321 1213)
3(3071 515 547)
3(515 548 547)
3(1860 1938 1923)
3(1970 1938 1860)
3(1837 3354 1851)
3(474 1851 3354)
3(1836 3355 1954)
3(2700 2666 2916)
3(2700 2916 2699)
3(1221 239 206)
3(238 206 1221)
3(1220 1221 238)
3(1833 1964 3329)
3(3325 1963 1832)
3(524 3355 13)
3(2121 2193 2194)
3(2557 768 2470)
3(2556 2470 768)
3(1937 13 3355)
3(1483 1439 1595)
3(1438 1483 1595)
3(472 1954 3266)
3(2014 1881 1904)
3(212 211 3342)
3(3218 1965 1936)
3(1225 211 3234)
3(1225 3234 210)
3(2074 2188 2102)
3(2074 2188 2059)
3(1837 3354 1938)
3(548 1962 515)
3(3329 521 1833)
3(3302 87 86)
3(456 3188 1939)
3(456 3354 3188)
3(1235 3238 175)
3(1246 175 3238)
3(1235 1246 3238)
3(2368 2285 2236)
3(3238 1235 176)
3(3238 157 1235)
3(3211 476 1850)
3(3211 458 476)
3(3211 1850 458)
3(1855 1951 1950)
3(2414 2296 2322)
3(2414 2313 2296)
3(3302 85 86)
3(3302 104 85)
3(1837 455 3354)
3(1837 473 455)
3(3257 463 464)
3(1832 1963 1934)
3(1938 455 3354)
3(2296 2422 2322)
3(1320 228 1210)
3(1300 1404 1366)
3(1404 1290 1366)
3(2209 2110 2109)
3(682 664 3343)
3(682 3343 683)
3(2308 2416 2309)
3(167 1333 1242)
3(167 1231 1333)
3(520 552 3325)
3(3227 167 148)
3(3227 148 149)
3(3227 1333 148)
3(3227 167 1333)
3(3245 674 675)
3(2472 3353 764)
3(2472 2553 3353)
3(2472 764 2553)
3(1258 1366 1300)
3(2472 3353 783)
3(3423 553 520)
3(3423 553 552)
3(2160 2201 2059)
3(1641 1739 1783)
3(1641 1740 1739)
3(2459 3353 2472)
3(917 975 3236)
3(976 917 3236)
3(1217 235 202)
3(895 896 3421)
3(955 3421 896)
3(222 979 2979)
3(2084 2183 2118)
3(3313 2979 979)
3(2010 1874 1873)
3(3231 187 1240)
3(3231 1240 221)
3(2472 3353 784)
3(291 1524 3294)
3(3421 2650 896)
3(2046 622 2172)
3(625 3214 2049)
3(1652 1641 1739)
3(2198 2199 2109)
3(2198 2100 2199)
3(700 3281 3433)
3(733 3281 700)
3(228 3110 3154)
3(3288 2559 771)
3(3433 2220 700)
3(1849 1943 1942)
3(1217 235 1323)
3(1946 1853 1862)
3(632 2130 3398)
3(2698 2893 2651)
3(1355 1223 240)
3(3399 953 893)
3(3399 894 953)
3(3211 476 477)
3(1355 3315 240)
3(1100 3167 2734)
3(1100 3186 3167)
3(1100 2734 3186)
3(2222 2332 738)
3(2222 738 706)
3(1564 1482 1438)
3(1438 1595 1482)
3(2893 2651 2907)
3(2222 731 738)
3(746 3092 747)
3(3344 284 283)
3(2133 2026 2126)
3(1893 1970 2007)
3(3330 311 312)
3(3170 454 11)
3(3170 369 454)
3(3170 11 369)
3(3340 377 376)
3(3350 356 1741)
3(3350 357 356)
3(2904 2633 2683)
3(1042 2883 2632)
3(660 15 3174)
3(1399 1298 1285)
3(2699 2916 2727)
3(1253 1361 1285)
3(1733 447 1632)
3(2255 2360 2359)
3(3345 925 924)
3(3345 924 119)
3(3345 119 925)
3(3245 675 676)
3(3172 622 656)
3(3172 655 622)
3(3172 656 655)
3(3343 664 663)
3(1298 1285 1361)
3(3427 2461 788)
3(3427 788 769)
3(788 2461 769)
3(682 2260 2347)
3(1897 1882 1998)
3(2561 2462 2508)
3(3183 765 2554)
3(2253 3269 691)
3(691 3269 2264)
3(3301 916 2673)
3(2352 668 2262)
3(2700 2870 2916)
3(14 594 3174)
3(1733 1762 1632)
3(1733 1632 1631)
3(1651 3169 1741)
3(1741 3169 3350)
3(1651 3350 3169)
3(1651 1741 3350)
3(2437 2542 812)
3(2937 2712 2923)
3(2937 2712 2730)
3(2382 2337 2282)
3(2172 623 622)
3(656 622 2172)
3(3172 2172 656)
3(1347 1363 1207)
3(666 3242 2350)
3(2350 3242 2349)
3(2347 681 663)
3(2462 2474 2561)
3(1347 1363 1257)
3(1347 1257 1207)
3(302 231 3107)
3(3136 302 3107)
3(303 3107 3134)
3(3134 233 303)
3(769 3288 788)
3(1434 1599 1433)
3(487 3307 1855)
3(487 1844 3307)
3(3005 879 1082)
3(1044 879 3005)
3(1044 1082 879)
3(3005 879 2968)
3(2968 879 1082)
3(3006 878 1042)
3(1042 878 1081)
3(3006 1081 878)
3(877 3006 878)
3(877 878 1042)
3(3328 1751 367)
3(1043 878 2883)
3(2633 878 1043)
3(2633 2883 878)
3(30 1924 3202)
3(1334 3317 1241)
3(168 1241 3317)
3(1335 1241 3317)
3(169 3317 1241)
3(846 3083 3046)
3(879 846 3046)
3(879 3083 846)
3(879 3046 3083)
3(879 3082 880)
3(3005 879 880)
3(3005 3082 879)
3(1043 878 1081)
3(1042 878 1043)
3(3083 3093 846)
3(879 846 3082)
3(3046 879 3082)
3(845 3093 846)
3(845 3083 3093)
3(845 846 3083)
3(3047 3111 811)
3(3047 811 3093)
3(3047 810 811)
3(845 844 3083)
3(877 845 3083)
3(877 3083 844)
3(3047 844 810)
3(843 844 3047)
3(843 810 844)
3(811 844 810)
3(3047 844 811)
3(3082 847 879)
3(787 2470 3427)
3(2470 768 3427)
3(787 3427 768)
3(787 768 2470)
3(2470 3427 788)
3(787 788 3427)
3(845 812 846)
3(3093 812 845)
3(503 3128 502)
3(433 3128 503)
3(433 502 3128)
3(3095 433 3150)
3(3095 399 433)
3(3095 502 432)
3(3095 432 431)
3(1616 432 398)
3(399 432 1616)
3(399 398 432)
3(3095 433 3128)
3(3100 3128 502)
3(503 3100 502)
3(503 3128 3100)
3(1616 432 431)
3(431 432 398)
3(2470 3427 2461)
3(536 535 503)
3(3100 503 535)
3(3100 536 503)
3(744 711 3116)
3(3131 711 744)
3(3131 3116 711)
3(712 711 3116)
3(744 711 712)
3(712 711 3153)
3(3153 711 3116)
3(3427 2557 2470)
3(3153 3131 3166)
3(3153 3166 3147)
3(3166 3131 3147)
3(3426 2555 767)
3(3426 766 2555)
3(3426 767 766)
3(639 3123 638)
3(606 3123 639)
3(606 639 638)
3(639 3147 638)
3(3123 3147 639)
3(3147 708 639)
3(607 639 606)
3(607 3123 639)
3(3128 434 503)
3(3128 503 504)
3(767 3426 2460)
3(2555 767 2460)
3(2334 710 743)
3(742 743 710)
3(742 710 2334)
3(744 2364 711)
3(743 711 2364)
3(743 744 711)
3(710 709 742)
3(710 742 2226)
3(3147 639 709)
3(639 3166 709)
3(3147 3166 639)
3(3147 709 3166)
3(3153 711 642)
3(3153 641 711)
3(1102 3345 22)
3(76 3345 1102)
3(1102 3345 119)
3(22 119 3345)
3(94 21 3345)
3(21 22 3345)
3(3345 76 2760)
3(94 3345 2760)
3(94 2760 76)
3(767 3426 786)
3(786 3426 2460)
3(3167 118 923)
3(117 118 3167)
3(118 924 3167)
3(3167 924 923)
3(1100 3167 2771)
3(3167 2734 2771)
3(118 119 2771)
3(118 2771 924)
3(2771 119 924)
3(118 1101 2771)
3(2771 1101 119)
3(2771 118 1100)
3(3345 2771 924)
3(3345 925 2771)
3(119 3345 1101)
3(2771 1101 3345)
3(2771 3345 119)
3(1102 3345 1101)
3(248 266 3424)
3(247 248 3424)
3(249 248 3346)
3(249 3346 1538)
3(3346 248 1538)
3(3346 249 267)
3(248 3346 267)
3(248 1537 1457)
3(248 1457 1538)
3(248 267 3424)
3(2147 2052 3425)
3(2052 2064 3425)
3(2147 3425 2064)
3(3425 2052 578)
3(579 3425 578)
3(579 2052 3425)
3(559 2052 3425)
3(559 3425 2147)
3(3425 559 578)
3(249 268 3346)
3(3346 268 267)
3(3170 10 421)
3(388 3170 421)
3(388 10 3170)
3(249 3346 1444)
3(3346 1538 1444)
3(248 3424 1457)
3(1537 3424 248)
3(269 270 3347)
3(269 3347 1456)
3(3347 270 1456)
3(3170 11 421)
3(3170 10 11)
3(267 3424 1457)
3(248 267 1457)
3(269 251 3347)
3(3347 251 270)
3(269 250 3347)
3(3347 250 251)
3(268 3346 1444)
3(1445 270 1540)
3(1445 3348 270)
3(270 3348 1540)
3(3348 252 270)
3(251 3348 270)
3(271 270 3348)
3(270 1540 1456)
3(247 1537 3424)
3(3168 354 372)
3(353 3168 372)
3(353 354 3168)
3(3168 373 372)
3(354 373 3168)
3(3424 1524 1537)
3(1640 3168 372)
3(1640 353 3168)
3(373 374 3349)
3(373 3349 1652)
3(3349 374 1652)
3(1964 552 3423)
3(373 355 3349)
3(3349 355 374)
3(373 354 3349)
3(3349 354 355)
3(373 1640 3168)
3(3169 1740 356)
3(355 1740 3169)
3(355 3169 356)
3(1740 1741 3169)
3(3169 1741 356)
3(355 1641 1740)
3(355 1739 1641)
3(1833 3423 3329)
3(1964 3423 1833)
3(1964 1934 3423)
3(375 357 3350)
3(357 376 3350)
3(375 3350 376)
3(356 3169 3350)
3(3350 375 356)
3(357 376 1642)
3(376 3350 1642)
3(375 3169 3350)
3(356 3169 375)
3(1249 3422 181)
3(369 3170 1659)
3(388 3170 369)
3(388 369 1659)
3(369 3170 1753)
3(3170 454 421)
3(1346 3422 1345)
3(454 3170 1753)
3(421 1638 3170)
3(432 1617 433)
3(399 1617 432)
3(399 432 433)
3(1617 1754 432)
3(1616 1617 432)
3(432 1725 1616)
3(432 1725 1617)
3(1638 3420 421)
3(3170 3420 1638)
3(3170 421 3420)
3(1249 3422 1346)
3(420 3420 421)
3(420 3420 454)
3(454 3420 421)
3(453 3420 454)
3(420 3420 453)
3(1753 3420 454)
3(453 3420 1753)
3(1739 3349 1641)
3(1652 3349 1739)
3(1652 1641 3349)
3(3095 502 433)
3(432 3095 433)
3(3095 502 3128)
3(1753 3420 3170)
3(3170 3420 454)
3(536 1955 503)
3(536 1816 503)
3(1816 1955 503)
3(504 503 536)
3(3425 559 560)
3(3425 560 578)
3(560 3425 2147)
3(3421 2892 954)
3(2892 2862 3421)
3(3421 2862 954)
3(2649 2892 3421)
3(579 3425 560)
3(3171 580 2064)
3(579 3171 2064)
3(579 580 3171)
3(3171 2053 2064)
3(580 2053 3171)
3(579 2064 3425)
3(560 2147 2064)
3(561 2064 2053)
3(562 3351 580)
3(606 2163 639)
3(606 639 2135)
3(639 2135 607)
3(607 640 2165)
3(607 2135 640)
3(607 640 641)
3(3420 453 419)
3(3420 453 452)
3(3420 452 419)
3(639 640 607)
3(3153 710 641)
3(640 3153 641)
3(640 710 3153)
3(710 711 3153)
3(3166 640 709)
3(710 640 3166)
3(710 3166 709)
3(640 639 3166)
3(710 2334 2227)
3(710 2226 2334)
3(711 2228 744)
3(2228 2364 711)
3(2227 710 743)
3(2227 2364 711)
3(2227 743 711)
3(785 767 3426)
3(767 768 3352)
3(3352 768 786)
3(3352 2556 768)
3(787 769 3427)
3(787 3352 768)
3(787 2470 3352)
3(768 2470 3352)
3(453 1735 3420)
3(843 844 2435)
3(2541 2435 844)
3(811 844 2435)
3(2435 844 810)
3(812 2437 2570)
3(811 2436 844)
3(812 811 844)
3(845 812 844)
3(2436 844 2435)
3(3093 844 3083)
3(845 844 3093)
3(878 845 3083)
3(878 3083 877)
3(3083 878 846)
3(879 3083 878)
3(219 3419 185)
3(1752 3328 1751)
3(3328 1751 1647)
3(879 1044 880)
3(879 2634 1044)
3(1043 879 2855)
3(1044 2855 879)
3(1044 879 1043)
3(2633 879 2855)
3(1043 879 2633)
3(1203 3419 3233)
3(219 3419 218)
3(1102 3345 1116)
3(1313 3419 219)
3(2968 3083 879)
3(3046 2968 879)
3(879 3005 3046)
3(3093 844 3047)
3(3047 844 3083)
3(811 844 3093)
3(812 3093 844)
3(2881 3418 975)
3(2881 917 3418)
3(2881 975 917)
3(2881 3418 974)
3(502 535 503)
3(399 432 3095)
3(2881 2662 3418)
3(3095 432 398)
3(2881 3418 2880)
3(3202 1848 531)
3(3131 711 743)
3(3153 711 3131)
3(2872 3327 2669)
3(2872 2657 3327)
3(709 3131 710)
3(3131 742 710)
3(246 1329 3299)
3(2760 3345 2771)
3(1100 3167 118)
3(2771 118 3167)
3(1100 3167 117)
3(2771 924 3167)
3(3299 7 1329)
3(2872 3327 966)
3(3417 279 1449)
3(278 3417 1449)
3(269 3347 1539)
3(269 1539 1456)
3(1539 3347 1456)
3(1539 269 250)
3(3347 1539 250)
3(3417 1549 1449)
3(3417 1449 1461)
3(353 3168 1738)
3(1640 1738 3168)
3(3417 259 1449)
3(373 3349 1738)
3(373 1738 1652)
3(1738 3349 1652)
3(1738 373 354)
3(3349 1738 354)
3(3169 355 1641)
3(1739 3349 355)
3(355 3349 1641)
3(375 1651 3169)
3(375 3169 1641)
3(375 1651 3350)
3(3170 10 369)
3(579 2064 560)
3(560 2064 3425)
3(561 579 2064)
3(2067 3416 2055)
3(2154 3416 2067)
3(2067 585 3416)
3(640 3153 607)
3(585 3416 2055)
3(3047 877 844)
3(2968 878 3083)
3(3083 878 3006)
3(2968 3006 878)
3(878 879 2968)
3(2872 3327 965)
3(2154 3416 3263)
3(2067 2154 3263)
3(567 3416 3263)
3(2634 879 2855)
3(3415 595 629)
3(2127 3415 3210)
3(2060 2127 3210)
3(628 629 3415)
3(2127 629 3415)
3(3415 629 2126)
3(2127 629 3210)
3(3153 710 3166)
3(3153 3131 710)
3(3166 710 3131)
3(3414 869 996)
3(3414 996 870)
3(3414 995 996)
3(3414 2848 996)
3(996 2849 3414)
3(710 711 743)
3(3131 711 710)
3(3131 710 743)
3(529 495 3413)
3(529 3413 528)
3(2436 844 2541)
3(1043 879 1082)
3(2968 879 1043)
3(2968 878 1081)
3(1043 878 2968)
3(2992 982 2954)
3(1042 878 2883)
3(529 3413 1921)
3(3413 1922 529)
3(1922 3413 3177)
3(1922 529 3177)
3(76 3345 1116)
3(836 3412 802)
3(2535 3412 3193)
3(3350 1651 376)
3(3350 1642 1651)
3(2535 3412 836)
3(2535 836 3193)
3(3167 924 2734)
3(836 3412 835)
3(836 2534 3412)
3(3168 354 1738)
3(3168 1738 373)
3(373 1738 1640)
3(3169 356 374)
3(3169 374 355)
3(2655 3411 2867)
3(3169 375 374)
3(3169 1641 374)
3(3410 735 701)
3(3410 734 735)
3(3171 561 579)
3(3171 2064 561)
3(561 580 3171)
3(561 3171 2053)
3(3153 640 3166)
3(709 3131 3166)
3(2328 3410 735)
3(2221 3410 3332)
3(878 1042 2632)
3(879 878 1043)
3(3409 3258 2344)
3(3409 2344 2246)
3(2344 3258 2246)
3(3409 2246 3258)
3(17 2344 3409)
3(17 3258 2344)
3(678 3409 2344)
3(2361 2344 3409)
3(3409 2267 2344)
3(374 355 1641)
3(3153 639 640)
3(3153 607 639)
3(2256 3408 3281)
3(1739 3349 1738)
3(1739 354 3349)
3(283 3400 1553)
3(264 1553 3400)
3(639 3153 3147)
3(3123 3153 639)
3(3408 698 732)
3(2632 878 2883)
3(3408 732 731)
3(2325 732 3408)
3(166 1242 3326)
3(1332 3326 1242)
3(639 3153 3166)
3(737 3407 703)
3(736 737 3407)
3(3406 423 389)
3(3406 422 423)
3(3406 1717 423)
3(1718 3406 3243)
3(3128 536 503)
3(3406 1718 423)
3(1718 423 3243)
3(3405 1953 471)
3(3405 470 1953)
3(1856 3405 1998)
3(1856 3405 1952)
3(374 3349 1641)
3(490 3405 1953)
3(490 1953 471)
3(3434 269 250)
3(1539 269 3434)
3(269 268 3434)
3(2342 760 3404)
3(3404 760 727)
3(269 1539 1444)
3(3404 760 759)
3(1444 269 3434)
3(81 3199 1121)
3(81 1120 3199)
3(914 2879 3301)
3(3269 691 672)
3(3296 911 969)
3(167 1242 3326)
3(1333 1242 3326)
3(3174 626 2050)
3(3174 2050 627)
3(808 3010 989)
3(3288 2559 789)
3(271 1445 3348)
3(3259 2152 583)
3(3298 98 79)
3(1451 3400 1553)
3(3342 243 1327)
3(2250 3223 2351)
3(2250 2262 3223)
3(3251 1524 26)
3(3251 324 1524)
3(3296 968 910)
3(3244 2777 87)
3(3180 1130 109)
3(3205 317 350)
3(3205 316 317)
3(3310 799 2466)
3(3239 762 729)
3(2852 999 3376)
3(3273 999 2852)
3(3256 1544 273)
3(3272 957 898)
3(3272 958 957)
3(3182 840 2539)
3(3182 36 840)
3(32 601 2132)
3(3262 32 2132)
3(3286 956 897)
3(3286 957 956)
3(3211 478 1839)
3(13 556 3355)
3(3235 2262 668)
3(690 3206 691)
3(214 3225 3299)
3(3176 833 866)
3(3176 832 833)
3(2874 3192 968)
3(2874 2875 3192)
3(3218 556 555)
3(3218 555 523)
3(3180 108 89)
3(251 1540 3348)
3(1445 3348 1455)
3(1540 3347 1539)
3(1540 250 3347)
3(3347 1456 1540)
3(3347 1540 251)
3(3347 1540 270)
3(1540 251 270)
3(3346 1444 1457)
3(268 3346 1457)
3(3346 1538 1457)
3(3346 1457 267)
3(248 3346 1457)
3(925 2760 3345)
3(94 3345 925)
3(925 21 3345)
3(22 925 3345)
3(1463 283 3344)
3(1463 3344 284)
3(1553 3344 1463)
3(265 1463 3344)
3(682 3343 2260)
3(683 2260 3343)
3(2347 2260 3343)
3(2348 3343 2260)
3(655 621 3172)
3(2142 3172 655)
3(3172 654 655)
3(2172 3172 655)
3(953 3173 2862)
3(2862 3173 954)
3(954 3173 3421)
3(3173 2862 2891)
3(3174 15 627)
3(3174 627 14)
3(594 627 3174)
3(2475 793 3175)
3(794 2475 3175)
3(2475 774 3175)
3(3175 2563 2475)
3(3175 2475 2464)
3(3176 833 18)
3(3176 19 833)
3(833 800 3176)
3(2457 3176 833)
3(3177 530 496)
3(529 530 3177)
3(3177 530 497)
3(3177 530 1848)
3(3177 530 1922)
3(116 3178 3186)
3(2539 3179 36)
3(2539 763 3179)
3(807 2539 3179)
3(2539 3179 782)
3(3180 2767 108)
3(1130 3180 2779)
3(108 3180 3226)
3(382 1656 3181)
3(3181 1645 1656)
3(362 3181 3377)
3(3182 840 806)
3(3182 839 840)
3(807 3182 840)
3(2538 840 3182)
3(3183 785 2459)
3(3183 2459 784)
3(2459 3183 2554)
3(3183 2459 765)
3(479 1849 3184)
3(1849 478 3184)
3(1849 3184 1943)
3(1849 3184 1942)
3(113 1096 919)
3(2732 3185 920)
3(1097 3185 2732)
3(2732 3185 2769)
3(3186 923 2770)
3(3186 2770 922)
3(2734 2770 3186)
3(922 3186 3178)
3(3186 2770 1100)
3(557 2132 3403)
3(3403 2132 576)
3(986 2995 620)
3(3403 32 2132)
3(523 556 3187)
3(1936 3187 556)
3(474 3188 3354)
3(1939 1838 3188)
3(1933 3189 550)
3(549 550 3189)
3(550 1831 3189)
3(47 550 3189)
3(3189 550 46)
3(518 550 3189)
3(319 3190 285)
3(1934 552 3325)
3(520 1934 3325)
3(319 318 3190)
3(1934 1832 3325)
3(1934 3325 1963)
3(314 1439 347)
3(346 3191 1535)
3(3191 1535 1438)
3(2874 3192 967)
3(2658 2874 3192)
3(2670 3192 2874)
3(2468 3193 3375)
3(837 3193 803)
3(3193 837 2535)
3(837 3193 836)
3(1547 1459 3194)
3(277 3194 1460)
3(258 277 1460)
3(1547 257 3194)
3(962 3195 2868)
3(902 3195 3411)
3(2667 3195 2868)
3(2247 3196 3322)
3(2345 3196 2247)
3(680 3196 3314)
3(578 2065 3197)
3(558 3197 2145)
3(577 558 2145)
3(2052 3197 2065)
3(601 3403 2132)
3(2993 447 984)
3(2866 3198 2668)
3(960 3198 2866)
3(212 244 3342)
3(2763 1121 3199)
3(3199 1121 82)
3(371 3200 1653)
3(352 371 1653)
3(1736 3200 351)
3(3200 1736 1723)
3(2158 3201 2069)
3(570 2069 3201)
3(2069 3201 590)
3(2069 589 3201)
3(2058 3201 2069)
3(1327 244 3342)
3(1848 3202 1923)
3(263 3400 1553)
3(3203 757 724)
3(3203 725 757)
3(757 3203 756)
3(757 2370 3203)
3(1552 263 3204)
3(1462 3204 1551)
3(1552 3204 1462)
3(1552 3204 1451)
3(317 3205 284)
3(1442 3205 317)
3(317 3205 8)
3(3205 317 9)
3(3206 671 2355)
3(3206 2355 2252)
3(485 1854 3207)
3(484 3207 1854)
3(3207 1854 1949)
3(3207 1948 1854)
3(593 2161 3208)
3(2059 3208 2161)
3(574 3208 2161)
3(573 2161 3208)
3(3208 2161 2160)
3(484 1842 3209)
3(483 3209 1842)
3(1948 1842 3209)
3(1947 1842 3209)
3(596 3210 630)
3(630 3210 629)
3(2057 3402 589)
3(2057 588 3402)
3(2997 2959 990)
3(2057 2069 3402)
3(2057 3402 2157)
3(1941 3211 458)
3(1850 3211 1941)
3(3212 159 1344)
3(1248 3212 3395)
3(1248 3212 1344)
3(1236 1344 3212)
3(3213 2877 971)
3(3213 970 2877)
3(2660 2877 3213)
3(3213 2877 2671)
3(3214 624 658)
3(657 3214 658)
3(3214 625 658)
3(3214 2173 658)
3(625 3214 3362)
3(2263 2353 3215)
3(2353 2251 3215)
3(2353 670 3215)
3(2353 3215 669)
3(79 3216 1118)
3(2773 1118 3216)
3(96 3216 3385)
3(360 3217 3359)
3(1745 3217 360)
3(1745 361 3217)
3(1746 1745 3217)
3(555 1965 3218)
3(555 3218 554)
3(3218 1936 555)
3(3218 555 522)
3(697 2267 3219)
3(1243 3220 3389)
3(1331 3220 1243)
3(3221 4 951)
3(3221 951 112)
3(3221 951 5)
3(3222 218 184)
3(3222 217 218)
3(1312 218 3222)
3(1239 3222 3419)
3(3223 2250 685)
3(3223 686 2250)
3(3223 2350 2250)
3(84 1124 3224)
3(1124 85 3224)
3(2764 1124 3224)
3(1124 2776 3224)
3(3225 245 1328)
3(3225 1328 1227)
3(1128 3226 2766)
3(168 1231 3227)
3(167 3227 1231)
3(1334 3227 1231)
3(1333 1231 3227)
3(835 3228 834)
3(801 3228 835)
3(1934 551 3325)
3(3229 158 1343)
3(3229 1343 159)
3(1247 3229 1343)
3(1236 1343 3229)
3(2153 3230 565)
3(2153 3230 2152)
3(2153 3230 2066)
3(585 3230 3416)
3(1338 1245 3324)
3(1316 24 3231)
3(221 1316 3231)
3(221 3231 1315)
3(926 3232 1)
3(926 57 3232)
3(57 3372 3232)
3(1314 220 3233)
3(220 219 3233)
3(220 3233 1240)
3(220 186 3233)
3(220 187 3233)
3(1356 242 3234)
3(243 1356 3234)
3(3234 1225 243)
3(2352 3235 2251)
3(2262 3235 2352)
3(2352 3235 669)
3(3235 668 2352)
3(479 3237 1840)
3(480 1840 3237)
3(1943 3237 1840)
3(1944 3237 1840)
3(156 1341 3238)
3(157 3238 1341)
3(1246 1341 3238)
3(1235 1341 3238)
3(761 3239 729)
3(761 728 3239)
3(761 3239 2372)
3(761 3239 760)
3(2952 980 239)
3(2057 3402 569)
3(1336 3240 152)
3(1244 3240 1336)
3(1336 3240 151)
3(684 2249 3241)
3(683 3241 2249)
3(2349 3241 2249)
3(3241 2348 2249)
3(684 2259 3242)
3(3242 2259 2349)
3(3242 685 2259)
3(3242 2350 2259)
3(3243 424 390)
3(3243 423 424)
3(391 3243 424)
3(3243 424 1612)
3(3243 424 1718)
3(1127 3244 88)
3(1127 2766 3244)
3(1127 3244 87)
3(2777 3244 1127)
3(693 2254 3245)
3(2254 2358 3245)
3(694 2254 3245)
3(2254 3245 2359)
3(3246 365 1646)
3(3246 1646 1750)
3(3246 1646 384)
3(427 393 3247)
3(427 3247 426)
3(427 394 3247)
3(427 1650 3247)
3(1721 427 3247)
3(3248 1461 1550)
3(3248 260 1461)
3(1461 3248 280)
3(1461 279 3248)
3(1461 1450 3248)
3(3401 2159 572)
3(3401 571 2159)
3(2871 965 2666)
3(1131 3249 91)
3(1131 1130 3249)
3(111 3249 2780)
3(3250 1337 152)
3(3250 1244 1337)
3(3250 1337 153)
3(1233 1337 3250)
3(1524 247 3251)
3(1524 266 3251)
3(3251 291 1524)
3(324 1524 291)
3(3252 1339 1234)
3(173 3252 1234)
3(174 1234 3252)
3(112 2780 3253)
3(3254 287 321)
3(1521 3254 3387)
3(3254 321 1520)
3(1521 321 3254)
3(320 321 3254)
3(3255 64 429)
3(389 3255 1724)
3(1446 3256 272)
3(1446 253 3256)
3(3256 1543 1446)
3(3256 1446 1544)
3(273 1446 3256)
3(483 3257 1853)
3(1947 1853 3257)
3(1853 482 3257)
3(1853 1946 3257)
3(2344 2343 3258)
3(2344 3258 762)
3(563 2054 3259)
3(2151 3259 2054)
3(2054 3259 582)
3(2054 3259 583)
3(2152 3259 2054)
3(1856 3260 3405)
3(1856 3260 1952)
3(469 1952 3260)
3(1844 1952 3260)
3(1653 372 3261)
3(1653 3261 1640)
3(1653 371 3261)
3(3261 1737 1653)
3(1653 352 3261)
3(3262 600 634)
3(633 634 3262)
3(634 3262 2132)
3(2131 3262 634)
3(587 3263 2068)
3(568 587 2068)
3(486 1843 3264)
3(485 3264 1843)
3(1843 1950 3264)
3(1843 3264 1949)
3(831 3265 3391)
3(3265 830 864)
3(863 3265 864)
3(3265 831 864)
3(864 2580 3265)
3(3267 528 1920)
3(3267 3437 528)
3(528 527 3267)
3(528 3267 495)
3(528 3267 494)
3(1919 526 3268)
3(1918 3268 526)
3(526 3268 493)
3(526 525 3268)
3(526 492 3268)
3(2357 3269 2253)
3(2357 2253 3436)
3(1850 1940 3270)
3(458 1940 3270)
3(457 3270 3188)
3(457 1940 3270)
3(632 3271 2129)
3(631 3271 632)
3(632 3271 598)
3(2130 3271 3398)
3(2130 632 3271)
3(3272 957 897)
3(957 2893 3272)
3(3272 2864 957)
3(3273 872 999)
3(998 999 3273)
3(999 3273 2851)
3(3274 628 68)
3(635 628 3274)
3(2133 3274 2126)
3(3274 67 628)
3(628 3274 2133)
3(2550 862 3275)
3(2550 3275 863)
3(3275 2550 2453)
3(3275 2454 863)
3(2454 3275 2550)
3(3276 1852 1944)
3(480 1852 3276)
3(1945 3276 1852)
3(481 1852 3276)
3(797 2566 3277)
3(3277 2566 2465)
3(3277 778 2566)
3(3277 777 2566)
3(452 3278 451)
3(452 1764 3278)
3(419 3278 3420)
3(452 3278 418)
3(452 3278 419)
3(860 3279 859)
3(2549 3279 860)
3(860 52 3279)
3(860 3279 53)
3(2579 3280 861)
3(2579 2452 3280)
3(2579 3280 862)
3(2579 3280 2453)
3(733 732 3281)
3(733 3281 2326)
3(2220 3281 3433)
3(3281 733 699)
3(2865 958 3282)
3(60 3316 215)
3(222 215 3316)
3(3316 59 215)
3(182 3316 215)
3(2222 3283 731)
3(3283 698 731)
3(3283 70 731)
3(3283 731 69)
3(738 731 3283)
3(949 3284 2757)
3(2757 3284 1143)
3(141 1113 948)
3(292 3285 1418)
3(325 3015 3285)
3(325 3285 292)
3(325 62 3285)
3(956 2863 3286)
3(956 3286 955)
3(956 896 3286)
3(2893 3286 956)
3(2658 3287 2873)
3(967 2873 3287)
3(2669 3287 2873)
3(2873 3287 966)
3(3288 2558 2461)
3(3288 2461 2559)
3(2461 3288 769)
3(2461 3288 789)
3(2461 788 3288)
3(3289 2360 676)
3(3289 2359 2360)
3(677 3289 2360)
3(3289 2360 2255)
3(3289 696 2360)
3(3290 2474 2561)
3(3290 2462 2474)
3(2474 791 3290)
3(2474 3290 792)
3(2474 773 3290)
3(2870 2656 3291)
3(2870 3291 2666)
3(2870 3291 963)
3(2870 964 3291)
3(2477 3292 2566)
3(2567 3292 2477)
3(779 3292 2567)
3(3292 2567 2466)
3(2869 3293 2656)
3(2667 3293 2869)
3(963 3293 2869)
3(2869 3293 962)
3(1523 3294 324)
3(1524 324 3294)
3(3294 290 324)
3(291 3294 324)
3(323 3294 324)
3(997 2849 3295)
3(997 3295 2850)
3(2850 3295 3374)
3(997 3295 870)
3(997 3295 996)
3(3296 910 969)
3(2762 1120 3298)
3(99 2762 3298)
3(671 2263 2354)
3(162 3299 1329)
3(3300 947 948)
3(3300 141 947)
3(2756 3300 947)
3(140 3300 3390)
3(140 947 3300)
3(3301 2673 2880)
3(3301 2880 974)
3(3301 2880 916)
3(3401 2159 591)
3(3401 2159 2058)
3(84 1123 2775)
3(2765 3302 1126)
3(1659 388 3303)
3(1659 3303 369)
3(387 3303 1659)
3(1659 1752 3303)
3(157 3304 1342)
3(1235 1342 3304)
3(1342 158 3304)
3(1247 1342 3304)
3(3305 1548 1460)
3(3305 1460 1449)
3(1460 3305 278)
3(1460 277 3305)
3(3305 258 1460)
3(1945 1841 482)
3(946 2754 3306)
3(2754 1141 3306)
3(2754 3306 945)
3(2754 3306 138)
3(1855 3307 1950)
3(486 3307 1855)
3(2068 588 3308)
3(2068 3308 2057)
3(2068 568 3308)
3(2068 3308 587)
3(2068 2156 3308)
3(993 1039 3309)
3(993 3309 2629)
3(993 75 3309)
3(73 993 3309)
3(993 867 3309)
3(2478 800 3310)
3(2478 3310 781)
3(2466 3310 2478)
3(799 2478 3310)
3(2568 3310 2478)
3(577 2145 3311)
3(2051 3311 2145)
3(2145 3311 558)
3(2132 3311 2145)
3(2145 3311 557)
3(3312 2047 657)
3(2143 2047 3312)
3(2143 3312 2046)
3(3312 2143 657)
3(656 3312 2143)
3(2172 2143 3312)
3(222 3313 60)
3(222 1074 3313)
3(222 3313 3016)
3(222 2979 3313)
3(222 3313 979)
3(2261 3314 3196)
3(2346 3314 2261)
3(208 3315 241)
3(241 3315 209)
3(241 240 3315)
3(1204 215 3316)
3(1080 3006 2969)
3(3152 3165 3163)
3(3108 3133 3096)
3(3021 2985 1008)
3(1009 2985 3022)
3(1035 2991 1034)
3(3065 3085 3124)
3(3157 3154 3110)
3(2965 3002 3045)
3(1086 1087 3003)
3(3025 2988 3090)
3(3049 3109 3057)
3(3147 3137 3131)
3(2977 1068 3013)
3(1068 1067 3013)
3(2993 2955 1030)
3(2970 3007 3048)
3(1018 1038 0)
3(3154 3104 3110)
3(3011 1062 1061)
3(3141 3138 3135)
3(1085 3004 1084)
3(2983 3020 1005)
3(2965 3045 3039)
3(3130 3148 3155)
3(3069 2988 3024)
3(2979 1073 1072)
3(3025 3088 2989)
3(3049 3011 2973)
3(2984 1006 3020)
3(3037 3121 3043)
3(3049 3057 3011)
3(3078 2958 2996)
3(3148 3132 3160)
3(2968 1081 1082)
3(3010 1060 1059)
3(2955 3031 2994)
3(3010 2973 1060)
3(1035 1036 2952)
3(2998 1020 1021)
3(3054 3100 3059)
3(3021 3066 2985)
3(3080 2979 3050)
3(3108 3096 3090)
3(3021 3084 3066)
3(2957 2996 1025)
3(3092 3117 3044)
3(3103 3055 3051)
3(3032 2995 2956)
3(3130 3122 3045)
3(2 2961 1095)
3(3037 3001 2963)
3(3086 2987 3068)
3(2993 3072 2955)
3(3037 3041 3091)
3(2959 2998 1021)
3(3078 3114 3034)
3(3115 3132 3140)
3(3114 3102 3034)
3(3058 3040 3112)
3(3036 3035 3073)
3(3125 3142 3151)
3(3061 3085 3019)
3(3130 3155 3122)
3(3076 3017 2980)
3(3161 3156 3145)
3(2959 1022 2997)
3(1090 2964 1089)
3(1014 2988 1015)
3(3023 3087 3068)
3(3055 3139 3052)
3(3104 3145 3136)
3(3023 2986 3087)
3(3054 3013 2976)
3(3125 3071 3113)
3(3091 3102 3114)
3(2991 2953 1034)
3(3071 3125 3032)
3(3000 1093 2962)
3(1023 2997 1022)
3(3137 3111 3093)
3(3133 3063 3096)
3(2989 1017 1016)
3(3126 3127 3029)
3(1094 1095 2999)
3(2958 3034 2997)
3(1002 2982 1003)
3(3104 3066 3084)
3(1065 2975 3012)
3(1064 2975 1065)
3(2970 1077 1078)
3(1066 1065 3012)
3(3120 3094 3129)
3(3165 3162 3158)
3(2951 1037 1038)
3(3097 3131 3137)
3(3027 3063 2952)
3(3069 3108 3090)
3(3083 3006 2968)
3(3114 3115 3140)
3(3123 3153 3149)
3(3071 2994 3031)
3(2973 3011 1061)
3(3131 3116 3153)
3(3143 3153 3116)
3(2987 1013 1012)
3(3133 3030 3063)
3(2990 2952 1036)
3(3017 1075 2980)
3(2999 1095 2961)
3(1012 1011 3023)
3(1078 1079 3007)
3(3082 2967 3038)
3(3047 3006 3083)
3(3025 1015 2988)
3(2962 1093 1094)
3(3141 3146 3165)
3(3036 2962 2999)
3(2957 3077 3033)
3(3032 3077 2995)
3(3124 3129 3157)
3(3021 2984 3084)
3(3014 1070 1069)
3(2974 1062 3011)
3(3022 2985 3089)
3(3000 2963 1092)
3(3036 3073 2962)
3(3009 3048 3074)
3(3091 3114 3140)
3(3098 3151 3132)
3(2966 3028 3044)
3(3038 3044 3117)
3(3082 3046 3005)
3(2953 1033 1034)
3(3120 3085 3061)
3(2984 3062 3084)
3(2983 1004 3019)
3(3103 3051 3057)
3(3066 3106 3089)
3(3154 3161 3145)
3(3020 1006 1005)
3(3055 3008 3051)
3(3055 2975 3008)
3(3146 3136 3156)
3(2959 3079 3035)
3(2989 3026 1017)
3(3022 2986 1010)
3(2981 3017 3076)
3(3099 3134 3118)
3(3027 3088 3096)
3(3136 3145 3156)
3(3043 2964 3001)
3(3154 3145 3104)
3(3104 3106 3066)
3(3126 3070 3138)
3(3067 3106 3107)
3(2976 1067 1066)
3(2987 3024 1013)
3(3033 2996 2957)
3(3047 3093 3111)
3(3073 3102 3041)
3(3079 2997 3034)
3(3116 3117 3143)
3(3000 3073 3041)
3(3144 3143 3117)
3(3159 3150 3128)
3(3141 3134 3146)
3(1024 1025 2996)
3(3119 3058 3112)
3(3163 3158 3164)
3(3159 3162 3161)
3(3100 3139 3123)
3(1024 2958 1023)
3(3048 3007 3081)
3(2973 1061 1060)
3(3119 3112 3150)
3(2989 1016 3025)
3(1091 2963 3001)
3(3018 2981 3076)
3(1091 1092 2963)
3(3075 3101 3061)
3(3120 3101 3094)
3(3005 1083 2967)
3(1080 1081 3006)
3(3107 3087 3067)
3(3148 3121 3140)
3(2983 1005 1004)
3(3056 3095 3112)
3(3033 3078 2996)
3(3013 1067 2976)
3(3149 3128 3100)
3(2981 3018 1001)
3(3130 3045 3042)
3(3102 3079 3034)
3(3000 1092 1093)
3(3108 3069 3118)
3(3067 3089 3106)
3(3086 3068 3099)
3(3165 3146 3156)
3(3058 3015 2978)
3(3164 3144 3155)
3(3112 3040 3056)
3(3032 2956 3071)
3(3109 3049 3111)
3(3082 3005 2967)
3(3131 3097 3116)
3(1062 2974 1063)
3(3059 3056 2977)
3(3086 3118 3069)
3(3005 3046 2968)
3(3010 3053 2973)
3(3150 3112 3095)
3(3134 3135 3118)
3(3038 3117 3116)
3(3075 3018 3076)
3(1007 1006 2984)
3(3119 3094 3050)
3(3088 3025 3090)
3(3130 3121 3148)
3(1018 2951 1038)
3(3034 2958 3078)
3(2951 1018 3026)
3(3016 1073 2979)
3(3088 3090 3096)
3(1003 3019 1004)
3(1071 1070 2978)
3(3063 2991 2952)
3(3004 2967 1084)
3(3149 3162 3128)
3(2966 1085 1086)
3(1090 1091 3001)
3(3080 3050 3094)
3(3160 3164 3155)
3(2972 3010 1059)
3(3081 3074 3048)
3(3141 3152 3126)
3(3014 2977 3056)
3(3080 3094 3101)
3(3006 3047 2969)
3(3103 3139 3055)
3(1080 2969 1079)
3(2972 1059 1058)
3(3159 3128 3162)
3(3159 3161 3154)
3(3109 3103 3057)
3(3147 3139 3103)
3(1007 3021 1008)
3(3020 3062 2984)
3(3073 3035 3102)
3(3113 3072 3127)
3(3150 3095 3128)
3(3130 3042 3121)
3(3081 2969 3047)
3(3100 3128 3095)
3(3157 3105 3124)
3(1021 1022 2959)
3(1057 2971 1058)
3(2971 1057 3)
3(2997 3079 2959)
3(3091 3041 3102)
3(3029 2954 3070)
3(2960 2999 2961)
3(2970 3009 2971)
3(3004 3038 2967)
3(3003 3039 3028)
3(3010 2972 3074)
3(3066 3089 2985)
3(2965 3039 3003)
3(2987 3023 3068)
3(2970 3048 3009)
3(1037 2990 1036)
3(1009 3022 1010)
3(3059 3013 3054)
3(3120 3061 3101)
3(3142 3160 3151)
3(3148 3160 3155)
3(1023 2958 2997)
3(3014 1069 2977)
3(1002 1001 3018)
3(3004 3044 3038)
3(1014 1013 3024)
3(3039 3045 3122)
3(1012 3023 2987)
3(2987 3086 3024)
3(3014 3056 3040)
3(3138 3030 3133)
3(3136 3107 3106)
3(3074 2972 3009)
3(1035 2952 2991)
3(3027 3096 3063)
3(2998 3036 2960)
3(3119 3159 3129)
3(2999 2962 1094)
3(3115 3078 3033)
3(2998 2959 3035)
3(3100 3052 3139)
3(3004 2966 3044)
3(2983 3085 3065)
3(3135 3138 3133)
3(3039 3092 3028)
3(3149 3100 3123)
3(3165 3156 3162)
3(2983 3019 3085)
3(3065 3020 2983)
3(3006 1081 2968)
3(3113 3071 3031)
3(3091 3140 3121)
3(1088 1089 3002)
3(2970 1078 3007)
3(3075 3076 3060)
3(1068 2977 1069)
3(3064 3026 2989)
3(2951 3026 3064)
3(1085 2966 3004)
3(3005 2968 1082)
3(2970 2971 1077)
3(2982 3061 3019)
3(3113 3127 3142)
3(3042 2964 3043)
3(3070 3030 3138)
3(3042 3002 2964)
3(1033 2992 1032)
3(3093 3083 3046)
3(2993 1030 1031)
3(2966 3003 3028)
3(3053 3081 3111)
3(3053 3010 3074)
3(2995 1026 1027)
3(1071 2978 3015)
3(1077 2971 3)
3(3098 3125 3151)
3(3100 3095 3059)
3(3087 3099 3068)
3(3064 3027 2990)
3(3012 2975 3052)
3(3097 3093 3046)
3(3064 2990 2951)
3(3114 3078 3115)
3(3009 1058 2971)
3(3160 3163 3164)
3(3003 1087 2965)
3(3102 3035 3079)
3(3107 3099 3087)
3(3054 3012 3052)
3(3059 3095 3056)
3(3147 3109 3137)
3(3053 3049 2973)
3(3075 3061 2982)
3(2954 1032 2992)
3(3051 3008 2974)
3(1064 3008 2975)
3(3159 3154 3129)
3(2993 2954 3029)
3(3125 3113 3142)
3(2963 3041 3037)
3(3155 3144 3122)
3(3075 2982 3018)
3(3030 2953 2991)
3(3064 3088 3027)
3(1033 2953 2992)
3(2992 3070 2954)
3(3121 3037 3091)
3(3135 3133 3108)
3(1074 1073 3016)
3(3119 3050 3058)
3(3060 2980 3016)
3(3053 3111 3049)
3(3075 3060 3101)
3(3099 3118 3086)
3(3147 3123 3139)
3(2951 2990 1037)
3(3009 2972 1058)
3(3153 3147 3131)
3(3126 3029 3070)
3(3097 3046 3082)
3(3082 3038 3097)
3(3058 3050 3015)
3(3147 3103 3109)
3(3148 3140 3132)
3(2960 1020 2998)
3(3092 3044 3028)
3(2998 3035 3036)
3(3000 2962 3073)
3(3054 3052 3100)
3(3110 3084 3062)
3(3104 3084 3110)
3(3065 3105 3062)
3(3119 3129 3094)
3(3110 3062 3105)
3(3132 3151 3160)
3(2960 3036 2999)
3(3125 3098 3032)
3(3136 3146 3107)
3(2991 3063 3030)
3(3135 3134 3141)
3(3025 1016 1015)
3(2954 1031 1032)
3(3116 3097 3038)
3(3051 2974 3057)
3(3055 3052 2975)
3(3104 3136 3106)
3(3161 3162 3156)
3(3153 3123 3147)
3(3069 3024 3086)
3(3071 2956 2994)
3(3158 3149 3153)
3(3092 3122 3144)
3(3092 3144 3117)
3(3164 3158 3143)
3(3153 3143 3158)
3(3158 3162 3149)
3(3098 3033 3077)
3(3135 3108 3118)
3(2995 3077 2957)
3(3026 1018 1017)
3(2995 2957 1026)
3(3157 3110 3105)
3(3099 3107 3134)
3(2961 1019 2960)
3(3109 3111 3137)
3(2957 1025 1026)
3(2981 1001 1000)
3(1079 2969 3007)
3(3022 3089 3067)
3(3083 2968 3046)
3(2976 1066 3012)
3(3064 2989 3088)
3(2976 3012 3054)
3(3119 3150 3159)
3(2954 2993 1031)
3(2 1019 2961)
3(3007 2969 3081)
3(2960 1019 1020)
3(3015 3050 2979)
3(3015 2979 1072)
3(3015 1072 1071)
3(3043 3121 3042)
3(1014 3024 2988)
3(3146 3134 3107)
3(3022 3067 2986)
3(3087 2986 3067)
3(3059 2977 3013)
3(3027 2952 2990)
3(3023 1011 2986)
3(1010 2986 1011)
3(2978 3040 3058)
3(1074 2980 1075)
3(3141 3165 3152)
3(3005 1082 1083)
3(3152 3163 3142)
3(1063 2974 3008)
3(3127 3072 3029)
3(3163 3160 3142)
3(1088 2965 1087)
3(1088 3002 2965)
3(3011 3057 2974)
3(3053 3074 3081)
3(3060 3016 3080)
3(3142 3127 3152)
3(3069 3090 2988)
3(3001 2964 1090)
3(1089 2964 3002)
3(3047 3083 3093)
3(3060 3080 3101)
3(3092 3039 3122)
3(3003 2966 1086)
3(3042 3045 3002)
3(1063 3008 1064)
3(3158 3163 3165)
3(3014 2978 1070)
3(3014 3040 2978)
3(2980 1074 3016)
3(1003 2982 3019)
3(2982 1002 3018)
3(2955 3072 3031)
3(3097 3137 3093)
3(2984 3021 1007)
3(3047 3111 3081)
3(3000 3041 2963)
3(3076 2980 3060)
3(3124 3105 3065)
3(2985 1009 1008)
3(3037 3043 3001)
3(3157 3129 3154)
3(3016 2979 3080)
3(3120 3129 3124)
3(3120 3124 3085)
3(3020 3065 3062)
3(3126 3152 3127)
3(2992 3030 3070)
3(2992 2953 3030)
3(3113 3031 3072)
3(2993 3029 3072)
3(1084 2967 1083)
3(3164 3143 3144)
3(3141 3126 3138)
3(1030 2955 1029)
3(1029 2994 1028)
3(1029 2955 2994)
3(1028 2956 1027)
3(1027 2956 2995)
3(1075 3017 1076)
3(1076 3017 2981)
3(1076 1000 1)
3(1076 2981 1000)
3(2956 1028 2994)
3(3098 3077 3032)
3(3033 3098 3115)
3(3115 3098 3132)
3(2996 2958 1024)
3(1057 75 3)
3(1058 991 1057)
3(1059 72 1058)
3(1060 71 1059)
3(1061 989 1060)
3(1061 1062 70)
3(69 1062 987)
3(1064 68 1063)
3(1065 67 1064)
3(1066 985 1065)
3(1067 66 1066)
3(1068 983 1067)
3(1069 64 1068)
3(1070 63 1069)
3(1071 981 1070)
3(1072 62 1071)
3(1073 979 1072)
3(1075 59 1074)
3(1076 977 1075)
3(1 57 1076)
3(1058 72 991)
3(72 1059 71)
3(71 1060 989)
3(68 1064 67)
3(67 1065 985)
3(985 1066 66)
3(983 1068 64)
3(64 1069 63)
3(63 1070 981)
3(981 1071 62)
3(979 1073 60)
3(60 1074 59)
3(59 1075 977)
3(1073 1074 60)
3(991 73 1057)
3(1061 70 989)
3(1063 987 1062)
3(68 987 1063)
3(1067 65 66)
3(1072 61 62)
3(73 75 1057)
3(69 70 1062)
3(1067 983 65)
3(1072 979 61)
3(1076 58 977)
3(57 58 1076)
3(1 926 57)
3(1000 926 1)
3(1001 926 1000)
3(1002 927 1001)
3(1003 928 1002)
3(1003 1004 929)
3(1005 930 1004)
3(1006 931 1005)
3(1007 932 1006)
3(1008 933 1007)
3(1009 934 1008)
3(1010 935 1009)
3(1010 1011 936)
3(1012 937 1011)
3(1013 938 1012)
3(1014 939 1013)
3(1015 940 1014)
3(1016 941 1015)
3(1017 942 1016)
3(1017 1018 943)
3(0 944 1018)
3(38 944 0)
3(1002 928 927)
3(926 1001 927)
3(930 1005 931)
3(931 1006 932)
3(932 1007 933)
3(933 1008 934)
3(934 1009 935)
3(937 1012 938)
3(938 1013 939)
3(939 1014 940)
3(940 1015 941)
3(941 1016 942)
3(930 929 1004)
3(1003 929 928)
3(1010 936 935)
3(937 936 1011)
3(1017 943 942)
3(944 943 1018)
3(2 74 1019)
3(1019 992 1020)
3(1020 53 1021)
3(1021 52 1022)
3(1022 990 1023)
3(50 1024 51)
3(1025 1024 988)
3(1025 49 1026)
3(1026 48 1027)
3(1027 986 1028)
3(1028 47 1029)
3(1029 984 1030)
3(1030 45 1031)
3(1031 44 1032)
3(1032 982 1033)
3(1033 43 1034)
3(1034 980 1035)
3(1036 40 1037)
3(1037 978 1038)
3(1038 38 0)
3(53 1020 992)
3(52 1021 53)
3(990 1022 52)
3(48 1026 49)
3(986 1027 48)
3(47 1028 986)
3(45 1030 984)
3(44 1031 45)
3(982 1032 44)
3(43 1033 982)
3(41 1035 980)
3(40 1036 41)
3(978 1037 40)
3(1036 1035 41)
3(1023 51 1024)
3(50 988 1024)
3(1029 46 984)
3(1034 42 980)
3(1023 990 51)
3(988 49 1025)
3(1029 47 46)
3(1034 43 42)
3(1038 39 38)
3(1019 54 992)
3(54 1019 74)
3(39 1038 978)
3(74 1095 1056)
3(1056 1094 1055)
3(1055 1093 1054)
3(1054 1092 1053)
3(1053 1091 1052)
3(1052 1090 1051)
3(1051 1089 1050)
3(1050 1088 1049)
3(1049 1087 1048)
3(1048 1086 1047)
3(1047 1085 1046)
3(1046 1084 1045)
3(75 1077 3)
3(1077 1039 1078)
3(1078 1040 1079)
3(1079 1041 1080)
3(1080 1042 1081)
3(1081 1043 1082)
3(1082 1044 1083)
3(1083 1045 1084)
3(1084 1046 1085)
3(1085 1047 1086)
3(1086 1048 1087)
3(1087 1049 1088)
3(1088 1050 1089)
3(1089 1051 1090)
3(1090 1052 1091)
3(1091 1053 1092)
3(1092 1054 1093)
3(1093 1055 1094)
3(1094 1056 1095)
3(1095 74 2)
3(1039 1077 75)
3(1040 1078 1039)
3(1041 1079 1040)
3(1042 1080 1041)
3(1043 1081 1042)
3(1044 1082 1043)
3(1045 1083 1044)
3(73 993 75)
3(993 867 994)
3(994 868 995)
3(995 869 996)
3(996 870 997)
3(997 871 998)
3(998 872 999)
3(37 56 873)
3(867 993 73)
3(868 994 867)
3(869 995 868)
3(870 996 869)
3(871 997 870)
3(872 998 871)
3(999 873 56)
3(873 999 872)
3(73 991 874)
3(874 2845 875)
3(875 842 876)
3(844 877 843)
3(878 877 845)
3(845 846 878)
3(880 879 847)
3(881 880 848)
3(882 881 849)
3(883 850 884)
3(851 852 884)
3(886 885 853)
3(853 854 886)
3(887 854 888)
3(889 856 890)
3(890 857 891)
3(891 859 892)
3(892 992 54)
3(72 841 991)
3(846 847 879)
3(847 848 880)
3(857 890 856)
3(53 992 859)
3(991 2845 874)
3(859 992 892)
3(876 843 877)
3(844 845 877)
3(885 884 852)
3(852 853 885)
3(854 855 888)
3(876 842 843)
3(879 878 846)
3(884 850 851)
3(887 886 854)
3(891 858 859)
3(842 2845 841)
3(848 849 881)
3(850 882 849)
3(891 857 858)
3(856 888 855)
3(841 2845 991)
3(875 2845 842)
3(883 882 850)
3(888 856 889)
3(71 834 72)
3(834 801 835)
3(835 802 836)
3(836 803 837)
3(837 804 838)
3(838 805 839)
3(839 806 840)
3(35 36 807)
3(801 834 71)
3(802 835 801)
3(803 836 802)
3(804 837 803)
3(805 838 804)
3(806 839 805)
3(840 807 36)
3(807 840 806)
3(71 989 808)
3(808 2844 809)
3(809 739 810)
3(810 740 811)
3(811 741 812)
3(812 742 813)
3(813 743 814)
3(814 744 815)
3(815 745 816)
3(816 746 817)
3(817 747 818)
3(818 748 819)
3(819 749 820)
3(820 750 821)
3(821 751 822)
3(822 752 823)
3(823 753 824)
3(824 754 825)
3(825 755 826)
3(826 990 52)
3(70 738 989)
3(740 810 739)
3(741 811 740)
3(742 812 741)
3(743 813 742)
3(744 814 743)
3(745 815 744)
3(746 816 745)
3(747 817 746)
3(748 818 747)
3(749 819 748)
3(750 820 749)
3(751 821 750)
3(752 822 751)
3(753 823 752)
3(754 824 753)
3(755 825 754)
3(51 990 755)
3(755 990 826)
3(809 2844 739)
3(2844 738 739)
3(808 989 2844)
3(738 2844 989)
3(69 731 70)
3(731 698 732)
3(732 699 733)
3(733 700 734)
3(734 701 735)
3(735 702 736)
3(736 703 737)
3(33 34 704)
3(698 731 69)
3(699 732 698)
3(700 733 699)
3(701 734 700)
3(702 735 701)
3(703 736 702)
3(737 704 34)
3(704 737 703)
3(69 987 705)
3(705 2843 706)
3(706 636 707)
3(638 708 637)
3(709 708 639)
3(639 640 709)
3(711 710 641)
3(712 711 642)
3(713 712 643)
3(714 644 715)
3(645 646 715)
3(717 716 647)
3(647 648 717)
3(718 648 719)
3(720 650 721)
3(721 651 722)
3(722 653 723)
3(723 988 50)
3(68 635 987)
3(640 641 710)
3(641 642 711)
3(651 721 650)
3(49 988 653)
3(987 2843 705)
3(653 988 723)
3(707 637 708)
3(638 639 708)
3(716 715 646)
3(646 647 716)
3(648 649 719)
3(707 636 637)
3(710 709 640)
3(715 644 645)
3(718 717 648)
3(722 652 653)
3(636 2843 635)
3(642 643 712)
3(644 713 643)
3(722 651 652)
3(650 719 649)
3(635 2843 987)
3(706 2843 636)
3(714 713 644)
3(720 719 650)
3(67 628 68)
3(628 595 629)
3(629 596 630)
3(630 597 631)
3(631 598 632)
3(632 599 633)
3(633 600 634)
3(31 32 601)
3(595 628 67)
3(596 629 595)
3(597 630 596)
3(598 631 597)
3(599 632 598)
3(600 633 599)
3(634 601 32)
3(601 634 600)
3(67 985 602)
3(602 2842 603)
3(603 533 604)
3(604 534 605)
3(605 535 606)
3(606 536 607)
3(607 537 608)
3(608 538 609)
3(609 539 610)
3(610 540 611)
3(611 541 612)
3(612 542 613)
3(613 543 614)
3(614 544 615)
3(615 545 616)
3(616 546 617)
3(617 547 618)
3(618 548 619)
3(619 549 620)
3(620 986 48)
3(66 532 985)
3(534 604 533)
3(535 605 534)
3(536 606 535)
3(537 607 536)
3(538 608 537)
3(539 609 538)
3(540 610 539)
3(541 611 540)
3(542 612 541)
3(543 613 542)
3(544 614 543)
3(545 615 544)
3(546 616 545)
3(547 617 546)
3(548 618 547)
3(549 619 548)
3(47 986 549)
3(549 986 620)
3(603 2842 533)
3(2842 532 533)
3(602 985 2842)
3(532 2842 985)
3(65 525 66)
3(525 492 526)
3(526 493 527)
3(527 494 528)
3(528 495 529)
3(529 496 530)
3(530 497 531)
3(29 30 498)
3(492 525 65)
3(493 526 492)
3(494 527 493)
3(495 528 494)
3(496 529 495)
3(497 530 496)
3(531 498 30)
3(498 531 497)
3(65 983 499)
3(499 2841 500)
3(500 430 501)
3(432 502 431)
3(503 502 433)
3(433 434 503)
3(505 504 435)
3(506 505 436)
3(507 506 437)
3(508 438 509)
3(439 440 509)
3(511 510 441)
3(441 442 511)
3(512 442 513)
3(514 444 515)
3(515 445 516)
3(516 447 517)
3(517 984 46)
3(64 429 983)
3(434 435 504)
3(435 436 505)
3(445 515 444)
3(45 984 447)
3(983 2841 499)
3(447 984 517)
3(501 431 502)
3(432 433 502)
3(510 509 440)
3(440 441 510)
3(442 443 513)
3(501 430 431)
3(504 503 434)
3(509 438 439)
3(512 511 442)
3(516 446 447)
3(430 2841 429)
3(436 437 506)
3(438 507 437)
3(516 445 446)
3(444 513 443)
3(429 2841 983)
3(500 2841 430)
3(508 507 438)
3(514 513 444)
3(63 422 64)
3(422 389 423)
3(423 390 424)
3(424 391 425)
3(425 392 426)
3(426 393 427)
3(427 394 428)
3(27 28 395)
3(389 422 63)
3(390 423 389)
3(391 424 390)
3(392 425 391)
3(393 426 392)
3(394 427 393)
3(428 395 28)
3(395 428 394)
3(63 981 396)
3(396 2840 397)
3(397 326 398)
3(328 399 327)
3(400 399 329)
3(329 330 400)
3(402 401 331)
3(403 402 332)
3(404 403 333)
3(405 334 406)
3(335 336 406)
3(408 407 337)
3(337 338 408)
3(409 338 410)
3(411 340 412)
3(412 341 413)
3(413 343 414)
3(414 982 44)
3(62 325 981)
3(330 331 401)
3(331 332 402)
3(341 412 340)
3(43 982 343)
3(981 2840 396)
3(343 982 414)
3(398 327 399)
3(328 329 399)
3(407 406 336)
3(336 337 407)
3(338 339 410)
3(398 326 327)
3(401 400 330)
3(406 334 335)
3(409 408 338)
3(413 342 343)
3(326 2840 325)
3(332 333 403)
3(334 404 333)
3(413 341 342)
3(340 410 339)
3(325 2840 981)
3(397 2840 326)
3(405 404 334)
3(410 340 411)
3(61 318 62)
3(318 285 319)
3(319 286 320)
3(320 287 321)
3(321 288 322)
3(322 289 323)
3(323 290 324)
3(25 26 291)
3(285 318 61)
3(286 319 285)
3(287 320 286)
3(288 321 287)
3(289 322 288)
3(290 323 289)
3(324 291 26)
3(291 324 290)
3(61 979 292)
3(292 2839 293)
3(293 223 294)
3(294 224 295)
3(295 225 296)
3(296 226 297)
3(297 227 298)
3(298 228 299)
3(299 229 300)
3(300 230 301)
3(301 231 302)
3(302 232 303)
3(303 233 304)
3(304 234 305)
3(305 235 306)
3(306 236 307)
3(307 237 308)
3(308 238 309)
3(309 239 310)
3(310 980 42)
3(60 222 979)
3(224 294 223)
3(225 295 224)
3(226 296 225)
3(227 297 226)
3(228 298 227)
3(229 299 228)
3(230 300 229)
3(231 301 230)
3(232 302 231)
3(233 303 232)
3(234 304 233)
3(235 305 234)
3(236 306 235)
3(237 307 236)
3(238 308 237)
3(239 309 238)
3(41 980 239)
3(239 980 310)
3(293 2839 223)
3(2839 222 223)
3(292 979 2839)
3(222 2839 979)
3(59 215 60)
3(215 182 216)
3(216 183 217)
3(217 184 218)
3(218 185 219)
3(219 186 220)
3(220 187 221)
3(23 24 188)
3(182 215 59)
3(183 216 182)
3(184 217 183)
3(185 218 184)
3(186 219 185)
3(187 220 186)
3(221 188 24)
3(188 221 187)
3(59 977 189)
3(189 2838 190)
3(190 121 191)
3(191 122 192)
3(192 123 193)
3(193 124 194)
3(194 125 195)
3(195 126 196)
3(196 127 197)
3(197 128 198)
3(198 129 199)
3(199 130 200)
3(200 131 201)
3(201 132 202)
3(202 133 203)
3(203 134 204)
3(204 135 205)
3(205 136 206)
3(206 137 207)
3(207 978 40)
3(58 120 977)
3(122 191 121)
3(123 192 122)
3(124 193 123)
3(125 194 124)
3(126 195 125)
3(127 196 126)
3(128 197 127)
3(129 198 128)
3(130 199 129)
3(131 200 130)
3(132 201 131)
3(133 202 132)
3(134 203 133)
3(135 204 134)
3(136 205 135)
3(137 206 136)
3(39 978 137)
3(137 978 207)
3(190 2838 121)
3(2838 120 121)
3(189 977 2838)
3(120 2838 977)
3(57 113 58)
3(113 919 114)
3(114 920 115)
3(115 921 116)
3(116 922 117)
3(117 923 118)
3(118 924 119)
3(21 22 925)
3(919 113 57)
3(920 114 919)
3(921 115 920)
3(922 116 921)
3(923 117 922)
3(924 118 923)
3(119 925 22)
3(925 119 924)
3(57 926 919)
3(919 2732 920)
3(921 2733 922)
3(923 2734 924)
3(925 94 21)
3(927 2735 926)
3(928 2736 927)
3(927 2736 2735)
3(929 2737 928)
3(928 2737 2736)
3(930 2738 929)
3(929 2738 2737)
3(931 2739 930)
3(930 2739 2738)
3(932 2740 931)
3(931 2740 2739)
3(933 2741 932)
3(932 2741 2740)
3(934 2742 933)
3(933 2742 2741)
3(935 2743 934)
3(934 2743 2742)
3(936 2744 935)
3(935 2744 2743)
3(937 2745 936)
3(936 2745 2744)
3(938 2746 937)
3(937 2746 2745)
3(939 2747 938)
3(938 2747 2746)
3(940 2748 939)
3(939 2748 2747)
3(941 2749 940)
3(940 2749 2748)
3(942 2750 941)
3(941 2750 2749)
3(943 2751 942)
3(942 2751 2750)
3(944 2752 943)
3(943 2752 2751)
3(38 2753 944)
3(945 2753 38)
3(944 2753 2752)
3(946 2754 945)
3(945 2754 2753)
3(947 2755 946)
3(946 2755 2754)
3(948 2756 947)
3(947 2756 2755)
3(949 2757 948)
3(948 2757 2756)
3(950 2758 949)
3(949 2758 2757)
3(951 2759 950)
3(950 2759 2758)
3(4 112 951)
3(94 2760 95)
3(96 2761 97)
3(98 2762 99)
3(100 2763 101)
3(102 2764 103)
3(104 2765 105)
3(106 2766 107)
3(108 2767 109)
3(110 2768 111)
3(925 2760 94)
3(2732 2769 920)
3(920 2769 921)
3(921 2769 2733)
3(922 2770 923)
3(922 2733 2770)
3(924 2771 925)
3(919 2735 2732)
3(112 2759 951)
3(2762 2772 99)
3(99 2772 100)
3(2761 2773 97)
3(97 2773 98)
3(95 2774 96)
3(98 2773 2762)
3(95 2760 2774)
3(100 2772 2763)
3(101 2775 102)
3(103 2776 104)
3(105 2777 106)
3(107 2778 108)
3(109 2779 110)
3(925 2771 2760)
3(111 2780 112)
3(926 2735 919)
3(924 2734 2771)
3(2763 2775 101)
3(2764 2776 103)
3(2765 2777 105)
3(2766 2778 107)
3(2767 2779 109)
3(2768 2780 111)
3(2778 2767 108)
3(2779 2768 110)
3(2770 2734 923)
3(112 2780 2759)
3(2774 2761 96)
3(2777 2766 106)
3(2776 2765 104)
3(2775 2764 102)
3(2735 2781 2732)
3(2736 2781 2735)
3(2732 2781 2769)
3(2769 2782 2733)
3(2780 2783 2759)
3(2759 2783 2758)
3(2778 2812 2767)
3(2734 2784 2771)
3(2771 2784 2760)
3(2764 2785 2776)
3(2737 2786 2736)
3(2736 2786 2781)
3(2738 2787 2737)
3(2739 2788 2738)
3(2738 2788 2787)
3(2740 2789 2739)
3(2739 2789 2788)
3(2741 2790 2740)
3(2740 2790 2789)
3(2742 2791 2741)
3(2741 2791 2790)
3(2743 2792 2742)
3(2742 2792 2791)
3(2744 2793 2743)
3(2743 2793 2792)
3(2745 2794 2744)
3(2744 2794 2793)
3(2746 2795 2745)
3(2745 2795 2794)
3(2747 2796 2746)
3(2746 2796 2795)
3(2748 2797 2747)
3(2747 2797 2796)
3(2749 2798 2748)
3(2748 2798 2797)
3(2750 2799 2749)
3(2749 2799 2798)
3(2751 2800 2750)
3(2750 2800 2799)
3(2752 2801 2751)
3(2751 2801 2800)
3(2760 2784 2774)
3(2756 2802 2755)
3(2757 2803 2756)
3(2756 2803 2802)
3(2758 2804 2757)
3(2783 2804 2758)
3(2757 2804 2803)
3(2772 2805 2763)
3(2762 2806 2772)
3(2772 2806 2805)
3(2777 2807 2766)
3(2773 2808 2762)
3(2762 2808 2806)
3(2761 2809 2773)
3(2773 2809 2808)
3(2765 2810 2777)
3(2777 2810 2807)
3(2775 2811 2764)
3(2764 2811 2785)
3(2766 2812 2778)
3(2807 2812 2766)
3(2776 2813 2765)
3(2765 2813 2810)
3(2779 2814 2768)
3(2768 2783 2780)
3(2770 2815 2734)
3(2734 2815 2784)
3(2774 2816 2761)
3(2784 2816 2774)
3(2761 2816 2809)
3(2763 2817 2775)
3(2805 2817 2763)
3(2775 2817 2811)
3(2812 2818 2767)
3(2767 2818 2779)
3(2733 2819 2770)
3(2785 2813 2776)
3(2737 2787 2786)
3(2753 2754 2752)
3(2802 2801 2755)
3(2755 2801 2754)
3(2779 2818 2814)
3(2781 2782 2769)
3(2752 2754 2801)
3(2814 2783 2768)
3(2733 2782 2819)
3(2819 2815 2770)
3(2781 2786 2782)
3(2814 2804 2783)
3(2791 2820 2790)
3(2797 2821 2796)
3(2803 2822 2802)
3(2787 2823 2786)
3(2786 2823 2782)
3(2788 2824 2787)
3(2787 2824 2823)
3(2811 2825 2785)
3(2782 2823 2819)
3(2815 2816 2784)
3(2819 2826 2815)
3(2815 2826 2816)
3(2819 2823 2826)
3(2808 2827 2806)
3(2790 2820 2828)
3(2789 2828 2788)
3(2788 2828 2824)
3(2822 2821 2798)
3(2792 2829 2791)
3(2791 2829 2820)
3(2794 2830 2793)
3(2795 2831 2794)
3(2794 2831 2830)
3(2796 2832 2795)
3(2795 2832 2831)
3(2801 2802 2800)
3(2811 2829 2825)
3(2818 2822 2814)
3(2806 2833 2805)
3(2827 2833 2806)
3(2805 2833 2817)
3(2813 2834 2810)
3(2809 2835 2808)
3(2810 2836 2807)
3(2834 2836 2810)
3(2807 2836 2812)
3(2808 2835 2827)
3(2816 2826 2809)
3(2802 2822 2800)
3(2818 2821 2822)
3(2826 2835 2809)
3(2821 2832 2796)
3(2785 2825 2813)
3(2820 2833 2827)
3(2826 2823 2835)
3(2792 2830 2829)
3(2793 2830 2792)
3(2800 2822 2799)
3(2811 2837 2829)
3(2817 2837 2811)
3(2829 2837 2820)
3(2813 2825 2834)
3(2835 2828 2827)
3(2827 2828 2820)
3(2834 2821 2836)
3(2790 2828 2789)
3(2822 2803 2814)
3(2799 2822 2798)
3(2804 2814 2803)
3(2824 2835 2823)
3(2824 2828 2835)
3(2834 2825 2831)
3(2830 2825 2829)
3(2832 2834 2831)
3(2797 2798 2821)
3(2830 2831 2825)
3(2833 2837 2817)
3(2837 2833 2820)
3(2821 2834 2832)
3(2818 2836 2821)
3(2812 2836 2818)
3(893 54 952)
3(74 952 54)
3(953 893 952)
3(954 894 953)
3(955 895 954)
3(956 896 955)
3(957 897 956)
3(958 898 957)
3(958 55 899)
3(954 895 894)
3(893 953 894)
3(895 955 896)
3(896 956 897)
3(897 957 898)
3(958 899 898)
3(20 899 55)
3(827 52 860)
3(53 860 52)
3(861 827 860)
3(862 828 861)
3(863 829 862)
3(864 830 863)
3(865 831 864)
3(866 832 865)
3(866 19 833)
3(862 829 828)
3(827 861 828)
3(829 863 830)
3(830 864 831)
3(831 865 832)
3(866 833 832)
3(18 833 19)
3(724 50 756)
3(51 756 50)
3(757 724 756)
3(758 725 757)
3(759 726 758)
3(760 727 759)
3(761 728 760)
3(762 729 761)
3(762 17 730)
3(758 726 725)
3(724 757 725)
3(726 759 727)
3(727 760 728)
3(728 761 729)
3(762 730 729)
3(16 730 17)
3(621 48 654)
3(49 654 48)
3(655 621 654)
3(656 622 655)
3(657 623 656)
3(658 624 657)
3(659 625 658)
3(660 626 659)
3(660 15 627)
3(656 623 622)
3(621 655 622)
3(623 657 624)
3(624 658 625)
3(625 659 626)
3(660 627 626)
3(14 627 15)
3(518 46 550)
3(47 550 46)
3(551 518 550)
3(552 519 551)
3(553 520 552)
3(554 521 553)
3(555 522 554)
3(556 523 555)
3(556 13 524)
3(552 520 519)
3(518 551 519)
3(520 553 521)
3(521 554 522)
3(522 555 523)
3(556 524 523)
3(12 524 13)
3(415 44 448)
3(45 448 44)
3(449 415 448)
3(450 416 449)
3(451 417 450)
3(452 418 451)
3(453 419 452)
3(454 420 453)
3(454 11 421)
3(450 417 416)
3(415 449 416)
3(417 451 418)
3(418 452 419)
3(419 453 420)
3(454 421 420)
3(10 421 11)
3(311 42 344)
3(43 344 42)
3(345 311 344)
3(346 312 345)
3(347 313 346)
3(348 314 347)
3(349 315 348)
3(350 316 349)
3(350 9 317)
3(346 313 312)
3(311 345 312)
3(313 347 314)
3(314 348 315)
3(315 349 316)
3(350 317 316)
3(8 317 9)
3(208 40 240)
3(41 240 40)
3(241 208 240)
3(242 209 241)
3(243 210 242)
3(244 211 243)
3(245 212 244)
3(246 213 245)
3(246 7 214)
3(242 210 209)
3(208 241 209)
3(210 243 211)
3(211 244 212)
3(212 245 213)
3(246 214 213)
3(6 214 7)
3(945 38 138)
3(39 138 38)
3(139 945 138)
3(140 946 139)
3(141 947 140)
3(142 948 141)
3(143 949 142)
3(144 950 143)
3(144 5 951)
3(140 947 946)
3(945 139 946)
3(947 141 948)
3(948 142 949)
3(949 143 950)
3(144 951 950)
3(4 951 5)
3(993 1039 75)
3(994 2846 993)
3(995 2847 994)
3(994 2847 2846)
3(996 2848 995)
3(995 2848 2847)
3(997 2849 996)
3(996 2849 2848)
3(998 2850 997)
3(997 2850 2849)
3(999 2851 998)
3(998 2851 2850)
3(56 2852 999)
3(959 2852 56)
3(999 2852 2851)
3(1039 2853 1040)
3(1041 2854 1042)
3(1043 2855 1044)
3(1045 2856 1046)
3(1047 2857 1048)
3(1049 2858 1050)
3(1051 2859 1052)
3(1053 2860 1054)
3(1055 2861 1056)
3(1056 952 74)
3(2861 952 1056)
3(953 2862 954)
3(955 2863 956)
3(957 2864 958)
3(958 2865 55)
3(2864 2865 958)
3(55 2865 976)
3(960 2866 959)
3(959 2866 2852)
3(961 2867 960)
3(960 2867 2866)
3(962 2868 961)
3(961 2868 2867)
3(963 2869 962)
3(962 2869 2868)
3(964 2870 963)
3(963 2870 2869)
3(965 2871 964)
3(964 2871 2870)
3(966 2872 965)
3(965 2872 2871)
3(967 2873 966)
3(966 2873 2872)
3(968 2874 967)
3(967 2874 2873)
3(969 2875 968)
3(968 2875 2874)
3(970 2876 969)
3(969 2876 2875)
3(971 2877 970)
3(970 2877 2876)
3(972 2878 971)
3(971 2878 2877)
3(973 2879 972)
3(972 2879 2878)
3(974 2880 973)
3(973 2880 2879)
3(975 2881 974)
3(974 2881 2880)
3(976 2882 975)
3(2865 2882 976)
3(975 2882 2881)
3(2854 2883 1042)
3(1042 2883 1043)
3(1040 2884 1041)
3(1043 2883 2855)
3(1040 2853 2884)
3(1044 2885 1045)
3(1046 2886 1047)
3(1048 2887 1049)
3(1050 2888 1051)
3(1052 2889 1053)
3(1054 2890 1055)
3(952 2891 953)
3(2861 2891 952)
3(953 2891 2862)
3(954 2892 955)
3(956 2893 957)
3(2888 2859 1051)
3(1044 2855 2885)
3(2887 2858 1049)
3(993 2853 1039)
3(2856 2886 1046)
3(2857 2887 1048)
3(2858 2888 1050)
3(2859 2889 1052)
3(2860 2890 1054)
3(2863 2893 956)
3(954 2862 2892)
3(2889 2860 1053)
3(2890 2861 1055)
3(2884 2854 1041)
3(2886 2857 1047)
3(2885 2856 1045)
3(2892 2863 955)
3(2893 2864 957)
3(2846 2853 993)
3(2856 2894 2886)
3(2848 2895 2847)
3(2849 2896 2848)
3(2848 2896 2895)
3(2850 2897 2849)
3(2849 2897 2896)
3(2851 2898 2850)
3(2850 2898 2897)
3(2852 2866 2851)
3(2854 2899 2883)
3(2886 2900 2857)
3(2892 2901 2863)
3(2857 2900 2887)
3(2885 2902 2856)
3(2856 2902 2894)
3(2858 2903 2888)
3(2855 2904 2885)
3(2885 2904 2902)
3(2860 2905 2890)
3(2890 2906 2861)
3(2905 2906 2890)
3(2861 2906 2891)
3(2863 2907 2893)
3(2884 2908 2854)
3(2854 2908 2899)
3(2889 2909 2860)
3(2860 2909 2905)
3(2862 2910 2892)
3(2892 2910 2901)
3(2846 2911 2853)
3(2847 2911 2846)
3(2853 2911 2884)
3(2888 2912 2859)
3(2903 2912 2888)
3(2859 2912 2889)
3(2868 2913 2867)
3(2869 2914 2868)
3(2868 2914 2913)
3(2870 2915 2869)
3(2869 2915 2914)
3(2871 2916 2870)
3(2870 2916 2915)
3(2872 2917 2871)
3(2871 2917 2916)
3(2873 2918 2872)
3(2872 2918 2917)
3(2874 2919 2873)
3(2873 2919 2918)
3(2875 2920 2874)
3(2874 2920 2919)
3(2876 2921 2875)
3(2875 2921 2920)
3(2877 2922 2876)
3(2876 2922 2921)
3(2878 2923 2877)
3(2877 2923 2922)
3(2879 2924 2878)
3(2878 2924 2923)
3(2880 2925 2879)
3(2879 2925 2924)
3(2881 2926 2880)
3(2880 2926 2925)
3(2887 2927 2858)
3(2858 2927 2903)
3(2866 2898 2851)
3(2894 2928 2886)
3(2886 2928 2900)
3(2862 2891 2910)
3(2847 2895 2911)
3(2883 2904 2855)
3(2899 2904 2883)
3(2901 2907 2863)
3(2900 2927 2887)
3(2866 2867 2898)
3(2867 2913 2898)
3(2884 2911 2908)
3(2893 2929 2864)
3(2893 2907 2929)
3(2864 2882 2865)
3(2881 2929 2926)
3(2912 2930 2889)
3(2889 2930 2909)
3(2891 2906 2910)
3(2911 2895 2908)
3(2901 2931 2907)
3(2864 2929 2882)
3(2900 2932 2927)
3(2896 2933 2895)
3(2910 2934 2901)
3(2901 2934 2931)
3(2913 2935 2898)
3(2898 2935 2897)
3(2918 2936 2917)
3(2924 2937 2923)
3(2903 2938 2912)
3(2912 2938 2930)
3(2895 2933 2908)
3(2928 2932 2900)
3(2897 2939 2896)
3(2935 2939 2897)
3(2896 2939 2933)
3(2904 2940 2902)
3(2902 2941 2894)
3(2940 2941 2902)
3(2894 2941 2928)
3(2905 2910 2906)
3(2908 2933 2899)
3(2909 2934 2905)
3(2910 2905 2934)
3(2907 2942 2929)
3(2931 2942 2907)
3(2929 2942 2926)
3(2914 2935 2913)
3(2909 2937 2934)
3(2915 2943 2914)
3(2914 2943 2935)
3(2916 2944 2915)
3(2915 2944 2943)
3(2917 2945 2916)
3(2936 2945 2917)
3(2916 2945 2944)
3(2920 2946 2919)
3(2922 2947 2921)
3(2923 2948 2922)
3(2937 2948 2923)
3(2922 2948 2947)
3(2925 2931 2924)
3(2926 2942 2925)
3(2927 2949 2903)
3(2932 2949 2927)
3(2903 2949 2938)
3(2882 2929 2881)
3(2918 2946 2936)
3(2938 2948 2930)
3(2931 2937 2924)
3(2904 2950 2940)
3(2930 2937 2909)
3(2920 2947 2946)
3(2919 2946 2918)
3(2921 2947 2920)
3(2941 2936 2928)
3(2938 2949 2948)
3(2928 2936 2932)
3(2940 2945 2941)
3(2935 2943 2939)
3(2931 2934 2937)
3(2950 2943 2940)
3(2930 2948 2937)
3(2933 2950 2899)
3(2899 2950 2904)
3(2936 2941 2945)
3(2933 2939 2950)
3(2932 2947 2949)
3(2947 2932 2946)
3(2945 2940 2944)
3(2925 2942 2931)
3(2940 2943 2944)
3(2932 2936 2946)
3(2948 2949 2947)
3(2950 2939 2943)
3(56 900 959)
3(959 901 960)
3(960 902 961)
3(961 903 962)
3(962 904 963)
3(963 905 964)
3(964 906 965)
3(965 907 966)
3(966 908 967)
3(967 909 968)
3(968 910 969)
3(969 911 970)
3(970 912 971)
3(971 913 972)
3(972 914 973)
3(973 915 974)
3(974 916 975)
3(975 917 976)
3(976 918 55)
3(37 900 56)
3(901 959 900)
3(902 960 901)
3(903 961 902)
3(904 962 903)
3(905 963 904)
3(906 964 905)
3(907 965 906)
3(908 966 907)
3(909 967 908)
3(910 968 909)
3(911 969 910)
3(912 970 911)
3(913 971 912)
3(914 972 913)
3(915 973 914)
3(916 974 915)
3(917 975 916)
3(918 976 917)
3(20 55 918)
3(73 874 867)
3(867 2626 868)
3(869 2627 870)
3(871 2628 872)
3(873 900 37)
3(875 2629 874)
3(876 2630 875)
3(875 2630 2629)
3(877 2631 876)
3(876 2631 2630)
3(878 2632 877)
3(877 2632 2631)
3(879 2633 878)
3(878 2633 2632)
3(880 2634 879)
3(879 2634 2633)
3(881 2635 880)
3(880 2635 2634)
3(882 2636 881)
3(881 2636 2635)
3(883 2637 882)
3(882 2637 2636)
3(884 2638 883)
3(883 2638 2637)
3(885 2639 884)
3(884 2639 2638)
3(886 2640 885)
3(885 2640 2639)
3(887 2641 886)
3(886 2641 2640)
3(888 2642 887)
3(887 2642 2641)
3(889 2643 888)
3(888 2643 2642)
3(890 2644 889)
3(889 2644 2643)
3(891 2645 890)
3(890 2645 2644)
3(892 2646 891)
3(891 2646 2645)
3(54 2647 892)
3(893 2647 54)
3(892 2647 2646)
3(894 2648 893)
3(893 2648 2647)
3(895 2649 894)
3(894 2649 2648)
3(896 2650 895)
3(895 2650 2649)
3(897 2651 896)
3(896 2651 2650)
3(898 2652 897)
3(897 2652 2651)
3(899 2653 898)
3(898 2653 2652)
3(20 918 899)
3(900 2654 901)
3(902 2655 903)
3(904 2656 905)
3(906 2657 907)
3(908 2658 909)
3(910 2659 911)
3(912 2660 913)
3(914 2661 915)
3(916 2662 917)
3(873 2654 900)
3(2626 2663 868)
3(868 2663 869)
3(869 2663 2627)
3(870 2664 871)
3(870 2627 2664)
3(872 2665 873)
3(867 2629 2626)
3(918 2653 899)
3(2656 2666 905)
3(905 2666 906)
3(2655 2667 903)
3(903 2667 904)
3(901 2668 902)
3(904 2667 2656)
3(901 2654 2668)
3(906 2666 2657)
3(907 2669 908)
3(909 2670 910)
3(911 2671 912)
3(913 2672 914)
3(915 2673 916)
3(873 2665 2654)
3(917 2674 918)
3(874 2629 867)
3(872 2628 2665)
3(2657 2669 907)
3(2658 2670 909)
3(2659 2671 911)
3(2660 2672 913)
3(2661 2673 915)
3(2662 2674 917)
3(2672 2661 914)
3(2673 2662 916)
3(2664 2628 871)
3(918 2674 2653)
3(2668 2655 902)
3(2671 2660 912)
3(2670 2659 910)
3(2669 2658 908)
3(2629 2675 2626)
3(2630 2675 2629)
3(2626 2675 2663)
3(2663 2676 2627)
3(2674 2677 2653)
3(2653 2677 2652)
3(2672 2706 2661)
3(2628 2678 2665)
3(2665 2678 2654)
3(2658 2679 2670)
3(2631 2680 2630)
3(2630 2680 2675)
3(2632 2681 2631)
3(2633 2682 2632)
3(2632 2682 2681)
3(2634 2683 2633)
3(2633 2683 2682)
3(2635 2684 2634)
3(2634 2684 2683)
3(2636 2685 2635)
3(2635 2685 2684)
3(2637 2686 2636)
3(2636 2686 2685)
3(2638 2687 2637)
3(2637 2687 2686)
3(2639 2688 2638)
3(2638 2688 2687)
3(2640 2689 2639)
3(2639 2689 2688)
3(2641 2690 2640)
3(2640 2690 2689)
3(2642 2691 2641)
3(2641 2691 2690)
3(2643 2692 2642)
3(2642 2692 2691)
3(2644 2693 2643)
3(2643 2693 2692)
3(2645 2694 2644)
3(2644 2694 2693)
3(2646 2695 2645)
3(2645 2695 2694)
3(2654 2678 2668)
3(2650 2696 2649)
3(2651 2697 2650)
3(2650 2697 2696)
3(2652 2698 2651)
3(2677 2698 2652)
3(2651 2698 2697)
3(2666 2699 2657)
3(2656 2700 2666)
3(2666 2700 2699)
3(2671 2701 2660)
3(2667 2702 2656)
3(2656 2702 2700)
3(2655 2703 2667)
3(2667 2703 2702)
3(2659 2704 2671)
3(2671 2704 2701)
3(2669 2705 2658)
3(2658 2705 2679)
3(2660 2706 2672)
3(2701 2706 2660)
3(2670 2707 2659)
3(2659 2707 2704)
3(2673 2708 2662)
3(2662 2677 2674)
3(2664 2709 2628)
3(2628 2709 2678)
3(2668 2710 2655)
3(2678 2710 2668)
3(2655 2710 2703)
3(2657 2711 2669)
3(2699 2711 2657)
3(2669 2711 2705)
3(2706 2712 2661)
3(2661 2712 2673)
3(2627 2713 2664)
3(2679 2707 2670)
3(2631 2681 2680)
3(2647 2648 2646)
3(2696 2695 2649)
3(2649 2695 2648)
3(2673 2712 2708)
3(2675 2676 2663)
3(2646 2648 2695)
3(2708 2677 2662)
3(2627 2676 2713)
3(2713 2709 2664)
3(2675 2680 2676)
3(2708 2698 2677)
3(2685 2714 2684)
3(2691 2715 2690)
3(2697 2716 2696)
3(2681 2717 2680)
3(2680 2717 2676)
3(2682 2718 2681)
3(2681 2718 2717)
3(2705 2719 2679)
3(2676 2717 2713)
3(2709 2710 2678)
3(2713 2720 2709)
3(2709 2720 2710)
3(2713 2717 2720)
3(2702 2721 2700)
3(2684 2714 2722)
3(2683 2722 2682)
3(2682 2722 2718)
3(2716 2715 2692)
3(2686 2723 2685)
3(2685 2723 2714)
3(2688 2724 2687)
3(2689 2725 2688)
3(2688 2725 2724)
3(2690 2726 2689)
3(2689 2726 2725)
3(2695 2696 2694)
3(2705 2723 2719)
3(2712 2716 2708)
3(2700 2727 2699)
3(2721 2727 2700)
3(2699 2727 2711)
3(2707 2728 2704)
3(2703 2729 2702)
3(2704 2730 2701)
3(2728 2730 2704)
3(2701 2730 2706)
3(2702 2729 2721)
3(2710 2720 2703)
3(2696 2716 2694)
3(2712 2715 2716)
3(2720 2729 2703)
3(2715 2726 2690)
3(2679 2719 2707)
3(2714 2727 2721)
3(2720 2717 2729)
3(2686 2724 2723)
3(2687 2724 2686)
3(2694 2716 2693)
3(2705 2731 2723)
3(2711 2731 2705)
3(2723 2731 2714)
3(2707 2719 2728)
3(2729 2722 2721)
3(2721 2722 2714)
3(2728 2715 2730)
3(2684 2722 2683)
3(2716 2697 2708)
3(2693 2716 2692)
3(2698 2708 2697)
3(2718 2729 2717)
3(2718 2722 2729)
3(2728 2719 2725)
3(2724 2719 2723)
3(2726 2728 2725)
3(2691 2692 2715)
3(2724 2725 2719)
3(2727 2731 2711)
3(2731 2727 2714)
3(2715 2728 2726)
3(2712 2730 2715)
3(2706 2730 2712)
3(834 841 72)
3(835 2533 834)
3(836 2534 835)
3(835 2534 2533)
3(837 2535 836)
3(836 2535 2534)
3(838 2536 837)
3(837 2536 2535)
3(839 2537 838)
3(838 2537 2536)
3(840 2538 839)
3(839 2538 2537)
3(36 2539 840)
3(763 2539 36)
3(840 2539 2538)
3(841 2540 842)
3(843 2541 844)
3(845 2542 846)
3(847 2543 848)
3(849 2544 850)
3(851 2545 852)
3(853 2546 854)
3(855 2547 856)
3(857 2548 858)
3(859 860 53)
3(860 2549 861)
3(862 2550 863)
3(864 2551 865)
3(866 781 19)
3(764 2552 763)
3(763 2552 2539)
3(765 2553 764)
3(764 2553 2552)
3(766 2554 765)
3(765 2554 2553)
3(767 2555 766)
3(766 2555 2554)
3(768 2556 767)
3(767 2556 2555)
3(769 2557 768)
3(768 2557 2556)
3(770 2558 769)
3(769 2558 2557)
3(771 2559 770)
3(770 2559 2558)
3(772 2560 771)
3(771 2560 2559)
3(773 2561 772)
3(772 2561 2560)
3(774 2562 773)
3(773 2562 2561)
3(775 2563 774)
3(774 2563 2562)
3(776 2564 775)
3(775 2564 2563)
3(777 2565 776)
3(776 2565 2564)
3(778 2566 777)
3(777 2566 2565)
3(779 2567 778)
3(778 2567 2566)
3(780 2568 779)
3(779 2568 2567)
3(781 2568 780)
3(859 2549 860)
3(866 2569 781)
3(865 2569 866)
3(781 2569 2568)
3(2533 2540 834)
3(841 834 2540)
3(2541 2570 844)
3(844 2570 845)
3(842 2571 843)
3(845 2570 2542)
3(842 2540 2571)
3(846 2572 847)
3(848 2573 849)
3(850 2574 851)
3(852 2575 853)
3(854 2576 855)
3(856 2577 857)
3(858 2578 859)
3(2549 2579 861)
3(861 2579 862)
3(865 2551 2569)
3(862 2579 2550)
3(863 2580 864)
3(2576 2547 855)
3(846 2542 2572)
3(2577 2548 857)
3(2543 2573 848)
3(2544 2574 850)
3(2545 2575 852)
3(2546 2576 854)
3(2547 2577 856)
3(2548 2578 858)
3(2550 2580 863)
3(2575 2546 853)
3(2574 2545 851)
3(2571 2541 843)
3(2573 2544 849)
3(2572 2543 847)
3(2580 2551 864)
3(2535 2581 2534)
3(2536 2582 2535)
3(2535 2582 2581)
3(2537 2583 2536)
3(2536 2583 2582)
3(2538 2584 2537)
3(2537 2584 2583)
3(2539 2552 2538)
3(2533 2585 2540)
3(2540 2585 2571)
3(2573 2586 2544)
3(2570 2587 2542)
3(2580 2588 2551)
3(2572 2592 2543)
3(2545 2611 2575)
3(2546 2589 2576)
3(2574 2590 2545)
3(2545 2590 2611)
3(2547 2591 2577)
3(2542 2592 2572)
3(2587 2592 2542)
3(2543 2593 2573)
3(2592 2593 2543)
3(2573 2593 2586)
3(2550 2594 2580)
3(2569 2595 2568)
3(2551 2595 2569)
3(2568 2595 2567)
3(2552 2584 2538)
3(2576 2596 2547)
3(2589 2596 2576)
3(2547 2596 2591)
3(2553 2584 2552)
3(2554 2597 2553)
3(2553 2597 2584)
3(2555 2598 2554)
3(2554 2598 2597)
3(2556 2599 2555)
3(2555 2599 2598)
3(2557 2600 2556)
3(2556 2600 2599)
3(2558 2601 2557)
3(2557 2601 2600)
3(2559 2602 2558)
3(2558 2602 2601)
3(2560 2602 2559)
3(2561 2603 2560)
3(2560 2603 2602)
3(2562 2604 2561)
3(2561 2604 2603)
3(2563 2604 2562)
3(2564 2605 2563)
3(2563 2605 2604)
3(2565 2606 2564)
3(2564 2606 2605)
3(2566 2607 2565)
3(2565 2607 2606)
3(2567 2608 2566)
3(2595 2608 2567)
3(2566 2608 2607)
3(2578 2549 859)
3(2541 2609 2570)
3(2570 2609 2587)
3(2534 2585 2533)
3(2579 2610 2550)
3(2550 2610 2594)
3(2575 2611 2546)
3(2546 2611 2589)
3(2578 2612 2549)
3(2548 2612 2578)
3(2549 2612 2579)
3(2585 2613 2571)
3(2571 2613 2541)
3(2594 2588 2580)
3(2534 2581 2585)
3(2588 2595 2551)
3(2544 2590 2574)
3(2591 2614 2577)
3(2577 2614 2548)
3(2579 2612 2610)
3(2541 2613 2609)
3(2614 2612 2548)
3(2614 2610 2612)
3(2584 2597 2583)
3(2586 2590 2544)
3(2581 2613 2585)
3(2591 2615 2614)
3(2614 2615 2610)
3(2594 2616 2588)
3(2581 2617 2613)
3(2613 2617 2609)
3(2588 2608 2595)
3(2602 2618 2601)
3(2619 2605 2622)
3(2610 2615 2594)
3(2597 2620 2583)
3(2583 2620 2582)
3(2616 2608 2588)
3(2582 2617 2581)
3(2586 2618 2621)
3(2594 2615 2616)
3(2605 2619 2604)
3(2591 2622 2615)
3(2615 2622 2616)
3(2598 2620 2597)
3(2599 2623 2598)
3(2598 2623 2620)
3(2600 2623 2599)
3(2606 2622 2605)
3(2608 2616 2607)
3(2620 2617 2582)
3(2621 2619 2590)
3(2591 2596 2622)
3(2617 2624 2609)
3(2620 2624 2617)
3(2609 2624 2587)
3(2606 2616 2622)
3(2592 2625 2593)
3(2600 2618 2623)
3(2592 2624 2625)
3(2586 2621 2590)
3(2601 2618 2600)
3(2604 2621 2603)
3(2611 2619 2589)
3(2602 2621 2618)
3(2619 2622 2589)
3(2589 2622 2596)
3(2593 2618 2586)
3(2620 2623 2624)
3(2603 2621 2602)
3(2623 2625 2624)
3(2587 2624 2592)
3(2621 2604 2619)
3(2607 2616 2606)
3(2590 2619 2611)
3(2618 2625 2623)
3(2625 2618 2593)
3(36 35 763)
3(763 782 764)
3(764 783 765)
3(785 766 784)
3(766 785 767)
3(787 768 786)
3(768 787 769)
3(769 788 770)
3(770 789 771)
3(771 790 772)
3(773 772 792)
3(793 774 792)
3(774 793 775)
3(795 776 794)
3(776 795 777)
3(777 796 778)
3(779 778 798)
3(779 798 780)
3(780 800 781)
3(781 18 19)
3(763 35 782)
3(783 764 782)
3(788 769 787)
3(789 770 788)
3(790 771 789)
3(791 772 790)
3(796 777 795)
3(797 778 796)
3(797 798 778)
3(18 781 800)
3(765 784 766)
3(785 786 767)
3(773 792 774)
3(793 794 775)
3(780 799 800)
3(765 783 784)
3(767 786 768)
3(791 792 772)
3(775 794 776)
3(780 798 799)
3(71 808 801)
3(801 2430 802)
3(803 2431 804)
3(805 2432 806)
3(807 782 35)
3(809 2433 808)
3(810 2434 809)
3(809 2434 2433)
3(811 2435 810)
3(810 2435 2434)
3(812 2436 811)
3(811 2436 2435)
3(813 2437 812)
3(812 2437 2436)
3(814 2438 813)
3(813 2438 2437)
3(815 2439 814)
3(814 2439 2438)
3(816 2440 815)
3(815 2440 2439)
3(817 2441 816)
3(816 2441 2440)
3(818 2442 817)
3(817 2442 2441)
3(819 2443 818)
3(818 2443 2442)
3(820 2444 819)
3(819 2444 2443)
3(821 2445 820)
3(820 2445 2444)
3(822 2446 821)
3(821 2446 2445)
3(823 2447 822)
3(822 2447 2446)
3(824 2448 823)
3(823 2448 2447)
3(825 2449 824)
3(824 2449 2448)
3(826 2450 825)
3(825 2450 2449)
3(52 2451 826)
3(827 2451 52)
3(826 2451 2450)
3(828 2452 827)
3(827 2452 2451)
3(829 2453 828)
3(828 2453 2452)
3(830 2454 829)
3(829 2454 2453)
3(831 2455 830)
3(830 2455 2454)
3(832 2456 831)
3(831 2456 2455)
3(833 2457 832)
3(832 2457 2456)
3(18 800 833)
3(782 2458 783)
3(784 2459 785)
3(786 2460 787)
3(788 2461 789)
3(790 2462 791)
3(792 2463 793)
3(794 2464 795)
3(796 2465 797)
3(798 2466 799)
3(807 2458 782)
3(2430 2467 802)
3(802 2467 803)
3(803 2467 2431)
3(804 2468 805)
3(804 2431 2468)
3(806 2469 807)
3(801 2433 2430)
3(800 2457 833)
3(2460 2470 787)
3(787 2470 788)
3(2459 2471 785)
3(785 2471 786)
3(783 2472 784)
3(786 2471 2460)
3(783 2458 2472)
3(788 2470 2461)
3(789 2473 790)
3(791 2474 792)
3(793 2475 794)
3(795 2476 796)
3(797 2477 798)
3(807 2469 2458)
3(799 2478 800)
3(808 2433 801)
3(806 2432 2469)
3(2461 2473 789)
3(2462 2474 791)
3(2463 2475 793)
3(2464 2476 795)
3(2465 2477 797)
3(2466 2478 799)
3(2476 2465 796)
3(2477 2466 798)
3(2468 2432 805)
3(800 2478 2457)
3(2472 2459 784)
3(2475 2464 794)
3(2474 2463 792)
3(2473 2462 790)
3(2433 2479 2430)
3(2434 2479 2433)
3(2430 2479 2467)
3(2467 2480 2431)
3(2478 2481 2457)
3(2457 2481 2456)
3(2476 2507 2465)
3(2432 2482 2469)
3(2469 2482 2458)
3(2462 2508 2474)
3(2435 2483 2434)
3(2434 2483 2479)
3(2436 2484 2435)
3(2437 2485 2436)
3(2436 2485 2484)
3(2438 2486 2437)
3(2437 2486 2485)
3(2439 2487 2438)
3(2438 2487 2486)
3(2440 2488 2439)
3(2439 2488 2487)
3(2441 2489 2440)
3(2440 2489 2488)
3(2442 2490 2441)
3(2441 2490 2489)
3(2443 2491 2442)
3(2442 2491 2490)
3(2444 2492 2443)
3(2443 2492 2491)
3(2445 2493 2444)
3(2444 2493 2492)
3(2446 2494 2445)
3(2445 2494 2493)
3(2447 2495 2446)
3(2446 2495 2494)
3(2448 2495 2447)
3(2449 2496 2448)
3(2448 2496 2495)
3(2450 2497 2449)
3(2449 2497 2496)
3(2458 2482 2472)
3(2454 2498 2453)
3(2455 2499 2454)
3(2454 2499 2498)
3(2456 2500 2455)
3(2481 2500 2456)
3(2455 2500 2499)
3(2470 2501 2461)
3(2460 2502 2470)
3(2470 2502 2501)
3(2475 2503 2464)
3(2471 2504 2460)
3(2460 2504 2502)
3(2459 2505 2471)
3(2471 2505 2504)
3(2475 2463 2503)
3(2473 2506 2462)
3(2462 2506 2508)
3(2464 2507 2476)
3(2503 2507 2464)
3(2474 2508 2463)
3(2477 2509 2466)
3(2466 2481 2478)
3(2468 2510 2432)
3(2432 2510 2482)
3(2472 2511 2459)
3(2482 2511 2472)
3(2459 2511 2505)
3(2461 2512 2473)
3(2501 2512 2461)
3(2473 2512 2506)
3(2507 2513 2465)
3(2465 2513 2477)
3(2431 2514 2468)
3(2509 2481 2466)
3(2435 2484 2483)
3(2451 2452 2450)
3(2498 2497 2453)
3(2453 2497 2452)
3(2477 2513 2509)
3(2479 2480 2467)
3(2450 2452 2497)
3(2431 2480 2514)
3(2514 2510 2468)
3(2479 2483 2480)
3(2509 2500 2481)
3(2488 2515 2487)
3(2494 2516 2493)
3(2499 2517 2498)
3(2506 2518 2508)
3(2484 2519 2483)
3(2483 2519 2480)
3(2510 2511 2482)
3(2514 2520 2510)
3(2510 2520 2511)
3(2504 2521 2502)
3(2480 2519 2514)
3(2486 2522 2485)
3(2487 2523 2486)
3(2515 2523 2487)
3(2486 2523 2522)
3(2494 2517 2516)
3(2489 2524 2488)
3(2488 2524 2515)
3(2491 2525 2490)
3(2492 2526 2491)
3(2491 2526 2525)
3(2493 2527 2492)
3(2492 2527 2526)
3(2497 2498 2496)
3(2506 2524 2518)
3(2509 2513 2499)
3(2502 2528 2501)
3(2521 2528 2502)
3(2501 2528 2512)
3(2485 2529 2484)
3(2484 2529 2519)
3(2485 2522 2529)
3(2505 2530 2504)
3(2531 2503 2508)
3(2511 2520 2505)
3(2498 2517 2496)
3(2519 2520 2514)
3(2505 2520 2530)
3(2518 2524 2525)
3(2513 2516 2517)
3(2516 2527 2493)
3(2504 2530 2521)
3(2489 2525 2524)
3(2496 2517 2495)
3(2506 2532 2524)
3(2512 2532 2506)
3(2524 2532 2515)
3(2531 2507 2503)
3(2518 2531 2508)
3(2519 2530 2520)
3(2517 2499 2513)
3(2531 2516 2507)
3(2500 2509 2499)
3(2463 2508 2503)
3(2530 2522 2521)
3(2522 2530 2529)
3(2512 2528 2532)
3(2529 2530 2519)
3(2522 2523 2521)
3(2516 2531 2527)
3(2515 2528 2523)
3(2490 2525 2489)
3(2527 2531 2526)
3(2495 2517 2494)
3(2521 2523 2528)
3(2531 2518 2526)
3(2515 2532 2528)
3(2525 2526 2518)
3(2513 2507 2516)
3(731 738 70)
3(732 2325 731)
3(733 2326 732)
3(732 2326 2325)
3(734 2327 733)
3(733 2327 2326)
3(735 2328 734)
3(734 2328 2327)
3(736 2329 735)
3(735 2329 2328)
3(737 2330 736)
3(736 2330 2329)
3(34 2331 737)
3(661 2331 34)
3(737 2331 2330)
3(738 2332 739)
3(740 2333 741)
3(742 2334 743)
3(744 2335 745)
3(746 2336 747)
3(748 2337 749)
3(750 2338 751)
3(752 2339 753)
3(754 2340 755)
3(755 756 51)
3(2340 756 755)
3(757 2341 758)
3(759 2342 760)
3(761 2343 762)
3(762 2344 17)
3(2343 2344 762)
3(17 2344 678)
3(662 2345 661)
3(661 2345 2331)
3(663 2346 662)
3(662 2346 2345)
3(664 2347 663)
3(663 2347 2346)
3(665 2348 664)
3(664 2348 2347)
3(666 2349 665)
3(665 2349 2348)
3(667 2350 666)
3(666 2350 2349)
3(668 2351 667)
3(667 2351 2350)
3(669 2352 668)
3(668 2352 2351)
3(670 2353 669)
3(669 2353 2352)
3(671 2354 670)
3(670 2354 2353)
3(672 2355 671)
3(671 2355 2354)
3(673 2356 672)
3(672 2356 2355)
3(674 2357 673)
3(673 2357 2356)
3(675 2358 674)
3(674 2358 2357)
3(676 2359 675)
3(675 2359 2358)
3(677 2360 676)
3(676 2360 2359)
3(678 2361 677)
3(2344 2361 678)
3(677 2361 2360)
3(2333 2362 741)
3(741 2362 742)
3(739 2363 740)
3(742 2362 2334)
3(739 2332 2363)
3(743 2364 744)
3(745 2365 746)
3(747 2366 748)
3(749 2367 750)
3(751 2368 752)
3(753 2369 754)
3(756 2370 757)
3(2340 2370 756)
3(757 2370 2341)
3(758 2371 759)
3(760 2372 761)
3(2367 2338 750)
3(743 2334 2364)
3(2366 2337 748)
3(731 2332 738)
3(2335 2365 745)
3(2336 2366 747)
3(2337 2367 749)
3(2338 2368 751)
3(2339 2369 753)
3(2342 2372 760)
3(758 2341 2371)
3(2368 2339 752)
3(2369 2340 754)
3(2363 2333 740)
3(2365 2336 746)
3(2364 2335 744)
3(2371 2342 759)
3(2372 2343 761)
3(2325 2332 731)
3(2335 2373 2365)
3(2327 2374 2326)
3(2328 2375 2327)
3(2327 2375 2374)
3(2329 2376 2328)
3(2328 2376 2375)
3(2330 2377 2329)
3(2329 2377 2376)
3(2331 2345 2330)
3(2333 2378 2362)
3(2365 2379 2336)
3(2371 2380 2342)
3(2336 2379 2366)
3(2364 2381 2335)
3(2335 2381 2373)
3(2337 2382 2367)
3(2334 2383 2364)
3(2364 2383 2381)
3(2339 2384 2369)
3(2369 2385 2340)
3(2384 2385 2369)
3(2340 2385 2370)
3(2342 2386 2372)
3(2363 2387 2333)
3(2333 2387 2378)
3(2368 2388 2339)
3(2339 2388 2384)
3(2341 2389 2371)
3(2371 2389 2380)
3(2325 2390 2332)
3(2326 2390 2325)
3(2332 2390 2363)
3(2367 2391 2338)
3(2382 2391 2367)
3(2338 2391 2368)
3(2347 2392 2346)
3(2348 2393 2347)
3(2347 2393 2392)
3(2349 2394 2348)
3(2348 2394 2393)
3(2350 2395 2349)
3(2349 2395 2394)
3(2351 2396 2350)
3(2350 2396 2395)
3(2352 2397 2351)
3(2351 2397 2396)
3(2353 2398 2352)
3(2352 2398 2397)
3(2354 2399 2353)
3(2353 2399 2398)
3(2355 2400 2354)
3(2354 2400 2399)
3(2356 2401 2355)
3(2355 2401 2400)
3(2357 2402 2356)
3(2356 2402 2401)
3(2358 2403 2357)
3(2357 2403 2402)
3(2359 2404 2358)
3(2358 2404 2403)
3(2360 2405 2359)
3(2359 2405 2404)
3(2366 2406 2337)
3(2337 2406 2382)
3(2345 2377 2330)
3(2373 2407 2365)
3(2365 2407 2379)
3(2341 2370 2389)
3(2326 2374 2390)
3(2362 2383 2334)
3(2378 2383 2362)
3(2380 2386 2342)
3(2379 2406 2366)
3(2345 2346 2377)
3(2346 2392 2377)
3(2363 2390 2387)
3(2372 2408 2343)
3(2372 2386 2408)
3(2343 2361 2344)
3(2360 2408 2405)
3(2391 2409 2368)
3(2368 2409 2388)
3(2370 2385 2389)
3(2390 2374 2387)
3(2380 2410 2386)
3(2343 2408 2361)
3(2379 2411 2406)
3(2375 2412 2374)
3(2389 2413 2380)
3(2380 2413 2410)
3(2392 2414 2377)
3(2377 2414 2376)
3(2397 2415 2396)
3(2403 2416 2402)
3(2382 2417 2391)
3(2391 2417 2409)
3(2374 2412 2387)
3(2407 2411 2379)
3(2376 2418 2375)
3(2414 2418 2376)
3(2375 2418 2412)
3(2383 2419 2381)
3(2381 2420 2373)
3(2419 2420 2381)
3(2373 2420 2407)
3(2384 2389 2385)
3(2387 2412 2378)
3(2388 2413 2384)
3(2389 2384 2413)
3(2386 2421 2408)
3(2410 2421 2386)
3(2408 2421 2405)
3(2393 2414 2392)
3(2388 2416 2413)
3(2394 2422 2393)
3(2393 2422 2414)
3(2395 2423 2394)
3(2394 2423 2422)
3(2396 2424 2395)
3(2415 2424 2396)
3(2395 2424 2423)
3(2399 2425 2398)
3(2401 2426 2400)
3(2402 2427 2401)
3(2416 2427 2402)
3(2401 2427 2426)
3(2404 2410 2403)
3(2405 2421 2404)
3(2406 2428 2382)
3(2411 2428 2406)
3(2382 2428 2417)
3(2361 2408 2360)
3(2397 2425 2415)
3(2417 2427 2409)
3(2410 2416 2403)
3(2383 2429 2419)
3(2409 2416 2388)
3(2399 2426 2425)
3(2398 2425 2397)
3(2400 2426 2399)
3(2420 2415 2407)
3(2417 2428 2427)
3(2407 2415 2411)
3(2419 2424 2420)
3(2414 2422 2418)
3(2410 2413 2416)
3(2429 2422 2419)
3(2409 2427 2416)
3(2412 2429 2378)
3(2378 2429 2383)
3(2415 2420 2424)
3(2412 2418 2429)
3(2411 2426 2428)
3(2426 2411 2425)
3(2424 2419 2423)
3(2404 2421 2410)
3(2419 2422 2423)
3(2411 2415 2425)
3(2427 2428 2426)
3(2429 2418 2422)
3(34 679 661)
3(661 680 662)
3(662 681 663)
3(663 682 664)
3(664 683 665)
3(665 684 666)
3(666 685 667)
3(667 686 668)
3(668 687 669)
3(669 688 670)
3(670 689 671)
3(671 690 672)
3(672 691 673)
3(673 692 674)
3(674 693 675)
3(675 694 676)
3(676 695 677)
3(677 696 678)
3(678 697 17)
3(33 679 34)
3(680 661 679)
3(681 662 680)
3(682 663 681)
3(683 664 682)
3(684 665 683)
3(685 666 684)
3(686 667 685)
3(687 668 686)
3(688 669 687)
3(689 670 688)
3(690 671 689)
3(691 672 690)
3(692 673 691)
3(693 674 692)
3(694 675 693)
3(695 676 694)
3(696 677 695)
3(697 678 696)
3(16 17 697)
3(69 705 698)
3(698 2219 699)
3(700 2220 701)
3(702 2221 703)
3(704 679 33)
3(706 2222 705)
3(707 2223 706)
3(706 2223 2222)
3(708 2224 707)
3(707 2224 2223)
3(709 2225 708)
3(708 2225 2224)
3(710 2226 709)
3(709 2226 2225)
3(711 2227 710)
3(710 2227 2226)
3(712 2228 711)
3(711 2228 2227)
3(713 2229 712)
3(712 2229 2228)
3(714 2230 713)
3(713 2230 2229)
3(715 2231 714)
3(714 2231 2230)
3(716 2232 715)
3(715 2232 2231)
3(717 2233 716)
3(716 2233 2232)
3(718 2234 717)
3(717 2234 2233)
3(719 2235 718)
3(718 2235 2234)
3(720 2236 719)
3(719 2236 2235)
3(721 2237 720)
3(720 2237 2236)
3(722 2238 721)
3(721 2238 2237)
3(723 2239 722)
3(722 2239 2238)
3(50 2240 723)
3(724 2240 50)
3(723 2240 2239)
3(725 2241 724)
3(724 2241 2240)
3(726 2242 725)
3(725 2242 2241)
3(727 2243 726)
3(726 2243 2242)
3(728 2244 727)
3(727 2244 2243)
3(729 2245 728)
3(728 2245 2244)
3(730 2246 729)
3(729 2246 2245)
3(16 697 730)
3(679 2247 680)
3(681 2248 682)
3(683 2249 684)
3(685 2250 686)
3(687 2251 688)
3(689 2252 690)
3(691 2253 692)
3(693 2254 694)
3(695 2255 696)
3(704 2247 679)
3(2219 2256 699)
3(699 2256 700)
3(700 2256 2220)
3(701 2257 702)
3(701 2220 2257)
3(703 2258 704)
3(698 2222 2219)
3(697 2246 730)
3(2249 2259 684)
3(684 2259 685)
3(2248 2260 682)
3(682 2260 683)
3(680 2261 681)
3(683 2260 2249)
3(680 2247 2261)
3(685 2259 2250)
3(686 2262 687)
3(688 2263 689)
3(690 2264 691)
3(692 2265 693)
3(694 2266 695)
3(704 2258 2247)
3(696 2267 697)
3(705 2222 698)
3(703 2221 2258)
3(2250 2262 686)
3(2251 2263 688)
3(2252 2264 690)
3(2253 2265 692)
3(2254 2266 694)
3(2255 2267 696)
3(2265 2254 693)
3(2266 2255 695)
3(2257 2221 702)
3(697 2267 2246)
3(2261 2248 681)
3(2264 2253 691)
3(2263 2252 689)
3(2262 2251 687)
3(2222 2268 2219)
3(2223 2268 2222)
3(2219 2268 2256)
3(2256 2269 2220)
3(2267 2270 2246)
3(2246 2270 2245)
3(2265 2299 2254)
3(2221 2271 2258)
3(2258 2271 2247)
3(2251 2272 2263)
3(2224 2273 2223)
3(2223 2273 2268)
3(2225 2274 2224)
3(2226 2275 2225)
3(2225 2275 2274)
3(2227 2276 2226)
3(2226 2276 2275)
3(2228 2277 2227)
3(2227 2277 2276)
3(2229 2278 2228)
3(2228 2278 2277)
3(2230 2279 2229)
3(2229 2279 2278)
3(2231 2280 2230)
3(2230 2280 2279)
3(2232 2281 2231)
3(2231 2281 2280)
3(2233 2282 2232)
3(2232 2282 2281)
3(2234 2283 2233)
3(2233 2283 2282)
3(2235 2284 2234)
3(2234 2284 2283)
3(2236 2285 2235)
3(2235 2285 2284)
3(2237 2286 2236)
3(2236 2286 2285)
3(2238 2287 2237)
3(2237 2287 2286)
3(2239 2288 2238)
3(2238 2288 2287)
3(2247 2271 2261)
3(2243 2289 2242)
3(2244 2290 2243)
3(2243 2290 2289)
3(2245 2291 2244)
3(2270 2291 2245)
3(2244 2291 2290)
3(2259 2292 2250)
3(2249 2293 2259)
3(2259 2293 2292)
3(2264 2294 2253)
3(2260 2295 2249)
3(2249 2295 2293)
3(2248 2296 2260)
3(2260 2296 2295)
3(2252 2297 2264)
3(2264 2297 2294)
3(2262 2298 2251)
3(2251 2298 2272)
3(2253 2299 2265)
3(2294 2299 2253)
3(2263 2300 2252)
3(2252 2300 2297)
3(2266 2301 2255)
3(2255 2270 2267)
3(2257 2302 2221)
3(2221 2302 2271)
3(2261 2303 2248)
3(2271 2303 2261)
3(2248 2303 2296)
3(2250 2304 2262)
3(2292 2304 2250)
3(2262 2304 2298)
3(2299 2305 2254)
3(2254 2305 2266)
3(2220 2306 2257)
3(2272 2300 2263)
3(2224 2274 2273)
3(2240 2241 2239)
3(2289 2288 2242)
3(2242 2288 2241)
3(2266 2305 2301)
3(2268 2269 2256)
3(2239 2241 2288)
3(2301 2270 2255)
3(2220 2269 2306)
3(2306 2302 2257)
3(2268 2273 2269)
3(2301 2291 2270)
3(2278 2307 2277)
3(2284 2308 2283)
3(2290 2309 2289)
3(2274 2310 2273)
3(2273 2310 2269)
3(2275 2311 2274)
3(2274 2311 2310)
3(2298 2312 2272)
3(2269 2310 2306)
3(2302 2303 2271)
3(2306 2313 2302)
3(2302 2313 2303)
3(2306 2310 2313)
3(2295 2314 2293)
3(2277 2307 2315)
3(2276 2315 2275)
3(2275 2315 2311)
3(2309 2308 2285)
3(2279 2316 2278)
3(2278 2316 2307)
3(2281 2317 2280)
3(2282 2318 2281)
3(2281 2318 2317)
3(2283 2319 2282)
3(2282 2319 2318)
3(2288 2289 2287)
3(2298 2316 2312)
3(2305 2309 2301)
3(2293 2320 2292)
3(2314 2320 2293)
3(2292 2320 2304)
3(2300 2321 2297)
3(2296 2322 2295)
3(2297 2323 2294)
3(2321 2323 2297)
3(2294 2323 2299)
3(2295 2322 2314)
3(2303 2313 2296)
3(2289 2309 2287)
3(2305 2308 2309)
3(2313 2322 2296)
3(2308 2319 2283)
3(2272 2312 2300)
3(2307 2320 2314)
3(2313 2310 2322)
3(2279 2317 2316)
3(2280 2317 2279)
3(2287 2309 2286)
3(2298 2324 2316)
3(2304 2324 2298)
3(2316 2324 2307)
3(2300 2312 2321)
3(2322 2315 2314)
3(2314 2315 2307)
3(2321 2308 2323)
3(2277 2315 2276)
3(2309 2290 2301)
3(2286 2309 2285)
3(2291 2301 2290)
3(2311 2322 2310)
3(2311 2315 2322)
3(2321 2312 2318)
3(2317 2312 2316)
3(2319 2321 2318)
3(2284 2285 2308)
3(2317 2318 2312)
3(2320 2324 2304)
3(2324 2320 2307)
3(2308 2321 2319)
3(2305 2323 2308)
3(2299 2323 2305)
3(628 635 68)
3(629 2126 628)
3(630 2127 629)
3(629 2127 2126)
3(631 2128 630)
3(630 2128 2127)
3(632 2129 631)
3(631 2129 2128)
3(633 2130 632)
3(632 2130 2129)
3(634 2131 633)
3(633 2131 2130)
3(32 2132 634)
3(557 2132 32)
3(634 2132 2131)
3(635 2133 636)
3(637 2134 638)
3(639 2135 640)
3(641 2136 642)
3(643 2137 644)
3(645 2138 646)
3(647 2139 648)
3(649 2140 650)
3(651 2141 652)
3(653 654 49)
3(654 2142 655)
3(656 2143 657)
3(658 2144 659)
3(660 575 15)
3(558 2145 557)
3(557 2145 2132)
3(559 2146 558)
3(558 2146 2145)
3(560 2147 559)
3(559 2147 2146)
3(561 2148 560)
3(560 2148 2147)
3(562 2149 561)
3(561 2149 2148)
3(563 2150 562)
3(562 2150 2149)
3(564 2151 563)
3(563 2151 2150)
3(565 2152 564)
3(564 2152 2151)
3(566 2153 565)
3(565 2153 2152)
3(567 2154 566)
3(566 2154 2153)
3(568 2155 567)
3(567 2155 2154)
3(569 2156 568)
3(568 2156 2155)
3(570 2157 569)
3(569 2157 2156)
3(571 2158 570)
3(570 2158 2157)
3(572 2159 571)
3(571 2159 2158)
3(573 2160 572)
3(572 2160 2159)
3(574 2161 573)
3(573 2161 2160)
3(575 2161 574)
3(653 2142 654)
3(660 2162 575)
3(659 2162 660)
3(575 2162 2161)
3(2126 2133 628)
3(635 628 2133)
3(2134 2163 638)
3(638 2163 639)
3(636 2164 637)
3(639 2163 2135)
3(636 2133 2164)
3(640 2165 641)
3(642 2166 643)
3(644 2167 645)
3(646 2168 647)
3(648 2169 649)
3(650 2170 651)
3(652 2171 653)
3(2142 2172 655)
3(655 2172 656)
3(659 2144 2162)
3(656 2172 2143)
3(657 2173 658)
3(2169 2140 649)
3(640 2135 2165)
3(2170 2141 651)
3(2136 2166 642)
3(2137 2167 644)
3(2138 2168 646)
3(2139 2169 648)
3(2140 2170 650)
3(2141 2171 652)
3(2143 2173 657)
3(2168 2139 647)
3(2167 2138 645)
3(2164 2134 637)
3(2166 2137 643)
3(2165 2136 641)
3(2173 2144 658)
3(2128 2174 2127)
3(2129 2175 2128)
3(2128 2175 2174)
3(2130 2176 2129)
3(2129 2176 2175)
3(2131 2177 2130)
3(2130 2177 2176)
3(2132 2145 2131)
3(2126 2178 2133)
3(2133 2178 2164)
3(2166 2179 2137)
3(2163 2180 2135)
3(2173 2181 2144)
3(2165 2185 2136)
3(2138 2204 2168)
3(2139 2182 2169)
3(2167 2183 2138)
3(2138 2183 2204)
3(2140 2184 2170)
3(2135 2185 2165)
3(2180 2185 2135)
3(2136 2186 2166)
3(2185 2186 2136)
3(2166 2186 2179)
3(2143 2187 2173)
3(2162 2188 2161)
3(2144 2188 2162)
3(2161 2188 2160)
3(2145 2177 2131)
3(2169 2189 2140)
3(2182 2189 2169)
3(2140 2189 2184)
3(2146 2177 2145)
3(2147 2190 2146)
3(2146 2190 2177)
3(2148 2191 2147)
3(2147 2191 2190)
3(2149 2192 2148)
3(2148 2192 2191)
3(2150 2193 2149)
3(2149 2193 2192)
3(2151 2194 2150)
3(2150 2194 2193)
3(2152 2195 2151)
3(2151 2195 2194)
3(2153 2195 2152)
3(2154 2196 2153)
3(2153 2196 2195)
3(2155 2197 2154)
3(2154 2197 2196)
3(2156 2197 2155)
3(2157 2198 2156)
3(2156 2198 2197)
3(2158 2199 2157)
3(2157 2199 2198)
3(2159 2200 2158)
3(2158 2200 2199)
3(2160 2201 2159)
3(2188 2201 2160)
3(2159 2201 2200)
3(2171 2142 653)
3(2134 2202 2163)
3(2163 2202 2180)
3(2127 2178 2126)
3(2172 2203 2143)
3(2143 2203 2187)
3(2168 2204 2139)
3(2139 2204 2182)
3(2171 2205 2142)
3(2141 2205 2171)
3(2142 2205 2172)
3(2178 2206 2164)
3(2164 2206 2134)
3(2187 2181 2173)
3(2127 2174 2178)
3(2181 2188 2144)
3(2137 2183 2167)
3(2184 2207 2170)
3(2170 2207 2141)
3(2172 2205 2203)
3(2134 2206 2202)
3(2207 2205 2141)
3(2207 2203 2205)
3(2177 2190 2176)
3(2179 2183 2137)
3(2174 2206 2178)
3(2184 2208 2207)
3(2207 2208 2203)
3(2187 2209 2181)
3(2174 2210 2206)
3(2206 2210 2202)
3(2181 2201 2188)
3(2195 2211 2194)
3(2212 2198 2215)
3(2203 2208 2187)
3(2190 2213 2176)
3(2176 2213 2175)
3(2209 2201 2181)
3(2175 2210 2174)
3(2179 2211 2214)
3(2187 2208 2209)
3(2198 2212 2197)
3(2184 2215 2208)
3(2208 2215 2209)
3(2191 2213 2190)
3(2192 2216 2191)
3(2191 2216 2213)
3(2193 2216 2192)
3(2199 2215 2198)
3(2201 2209 2200)
3(2213 2210 2175)
3(2214 2212 2183)
3(2184 2189 2215)
3(2210 2217 2202)
3(2213 2217 2210)
3(2202 2217 2180)
3(2199 2209 2215)
3(2185 2218 2186)
3(2193 2211 2216)
3(2185 2217 2218)
3(2179 2214 2183)
3(2194 2211 2193)
3(2197 2214 2196)
3(2204 2212 2182)
3(2195 2214 2211)
3(2212 2215 2182)
3(2182 2215 2189)
3(2186 2211 2179)
3(2213 2216 2217)
3(2196 2214 2195)
3(2216 2218 2217)
3(2180 2217 2185)
3(2214 2197 2212)
3(2200 2209 2199)
3(2183 2212 2204)
3(2211 2218 2216)
3(2218 2211 2186)
3(32 31 557)
3(557 576 558)
3(558 577 559)
3(579 560 578)
3(560 579 561)
3(581 562 580)
3(562 581 563)
3(563 582 564)
3(564 583 565)
3(565 584 566)
3(567 566 586)
3(587 568 586)
3(568 587 569)
3(589 570 588)
3(570 589 571)
3(571 590 572)
3(573 572 592)
3(573 592 574)
3(574 594 575)
3(575 14 15)
3(557 31 576)
3(577 558 576)
3(582 563 581)
3(583 564 582)
3(584 565 583)
3(585 566 584)
3(590 571 589)
3(591 572 590)
3(591 592 572)
3(14 575 594)
3(559 578 560)
3(579 580 561)
3(567 586 568)
3(587 588 569)
3(574 593 594)
3(559 577 578)
3(561 580 562)
3(585 586 566)
3(569 588 570)
3(574 592 593)
3(67 602 595)
3(595 2023 596)
3(597 2024 598)
3(599 2025 600)
3(601 576 31)
3(603 2026 602)
3(604 2027 603)
3(603 2027 2026)
3(605 2028 604)
3(604 2028 2027)
3(606 2029 605)
3(605 2029 2028)
3(607 2030 606)
3(606 2030 2029)
3(608 2031 607)
3(607 2031 2030)
3(609 2032 608)
3(608 2032 2031)
3(610 2033 609)
3(609 2033 2032)
3(611 2034 610)
3(610 2034 2033)
3(612 2035 611)
3(611 2035 2034)
3(613 2036 612)
3(612 2036 2035)
3(614 2037 613)
3(613 2037 2036)
3(615 2038 614)
3(614 2038 2037)
3(616 2039 615)
3(615 2039 2038)
3(617 2040 616)
3(616 2040 2039)
3(618 2041 617)
3(617 2041 2040)
3(619 2042 618)
3(618 2042 2041)
3(620 2043 619)
3(619 2043 2042)
3(48 2044 620)
3(621 2044 48)
3(620 2044 2043)
3(622 2045 621)
3(621 2045 2044)
3(623 2046 622)
3(622 2046 2045)
3(624 2047 623)
3(623 2047 2046)
3(625 2048 624)
3(624 2048 2047)
3(626 2049 625)
3(625 2049 2048)
3(627 2050 626)
3(626 2050 2049)
3(14 594 627)
3(576 2051 577)
3(578 2052 579)
3(580 2053 581)
3(582 2054 583)
3(584 2055 585)
3(586 2056 587)
3(588 2057 589)
3(590 2058 591)
3(592 2059 593)
3(601 2051 576)
3(2023 2060 596)
3(596 2060 597)
3(597 2060 2024)
3(598 2061 599)
3(598 2024 2061)
3(600 2062 601)
3(595 2026 2023)
3(594 2050 627)
3(2053 2063 581)
3(581 2063 582)
3(2052 2064 579)
3(579 2064 580)
3(577 2065 578)
3(580 2064 2053)
3(577 2051 2065)
3(582 2063 2054)
3(583 2066 584)
3(585 2067 586)
3(587 2068 588)
3(589 2069 590)
3(591 2070 592)
3(601 2062 2051)
3(593 2071 594)
3(602 2026 595)
3(600 2025 2062)
3(2054 2066 583)
3(2055 2067 585)
3(2056 2068 587)
3(2057 2069 589)
3(2058 2070 591)
3(2059 2071 593)
3(2069 2058 590)
3(2070 2059 592)
3(2061 2025 599)
3(594 2071 2050)
3(2065 2052 578)
3(2068 2057 588)
3(2067 2056 586)
3(2066 2055 584)
3(2026 2072 2023)
3(2027 2072 2026)
3(2023 2072 2060)
3(2060 2073 2024)
3(2071 2074 2050)
3(2050 2074 2049)
3(2069 2100 2058)
3(2025 2075 2062)
3(2062 2075 2051)
3(2055 2101 2067)
3(2028 2076 2027)
3(2027 2076 2072)
3(2029 2077 2028)
3(2030 2078 2029)
3(2029 2078 2077)
3(2031 2079 2030)
3(2030 2079 2078)
3(2032 2080 2031)
3(2031 2080 2079)
3(2033 2081 2032)
3(2032 2081 2080)
3(2034 2082 2033)
3(2033 2082 2081)
3(2035 2083 2034)
3(2034 2083 2082)
3(2036 2084 2035)
3(2035 2084 2083)
3(2037 2085 2036)
3(2036 2085 2084)
3(2038 2086 2037)
3(2037 2086 2085)
3(2039 2087 2038)
3(2038 2087 2086)
3(2040 2088 2039)
3(2039 2088 2087)
3(2041 2088 2040)
3(2042 2089 2041)
3(2041 2089 2088)
3(2043 2090 2042)
3(2042 2090 2089)
3(2051 2075 2065)
3(2047 2091 2046)
3(2048 2092 2047)
3(2047 2092 2091)
3(2049 2093 2048)
3(2074 2093 2049)
3(2048 2093 2092)
3(2063 2094 2054)
3(2053 2095 2063)
3(2063 2095 2094)
3(2068 2096 2057)
3(2064 2097 2053)
3(2053 2097 2095)
3(2052 2098 2064)
3(2064 2098 2097)
3(2068 2056 2096)
3(2066 2099 2055)
3(2055 2099 2101)
3(2057 2100 2069)
3(2096 2100 2057)
3(2067 2101 2056)
3(2070 2102 2059)
3(2059 2074 2071)
3(2061 2103 2025)
3(2025 2103 2075)
3(2065 2104 2052)
3(2075 2104 2065)
3(2052 2104 2098)
3(2054 2105 2066)
3(2094 2105 2054)
3(2066 2105 2099)
3(2100 2106 2058)
3(2058 2106 2070)
3(2024 2107 2061)
3(2102 2074 2059)
3(2028 2077 2076)
3(2044 2045 2043)
3(2091 2090 2046)
3(2046 2090 2045)
3(2070 2106 2102)
3(2072 2073 2060)
3(2043 2045 2090)
3(2024 2073 2107)
3(2107 2103 2061)
3(2072 2076 2073)
3(2102 2093 2074)
3(2081 2108 2080)
3(2087 2109 2086)
3(2092 2110 2091)
3(2099 2111 2101)
3(2077 2112 2076)
3(2076 2112 2073)
3(2103 2104 2075)
3(2107 2113 2103)
3(2103 2113 2104)
3(2097 2114 2095)
3(2073 2112 2107)
3(2079 2115 2078)
3(2080 2116 2079)
3(2108 2116 2080)
3(2079 2116 2115)
3(2087 2110 2109)
3(2082 2117 2081)
3(2081 2117 2108)
3(2084 2118 2083)
3(2085 2119 2084)
3(2084 2119 2118)
3(2086 2120 2085)
3(2085 2120 2119)
3(2090 2091 2089)
3(2099 2117 2111)
3(2102 2106 2092)
3(2095 2121 2094)
3(2114 2121 2095)
3(2094 2121 2105)
3(2078 2122 2077)
3(2077 2122 2112)
3(2078 2115 2122)
3(2098 2123 2097)
3(2124 2096 2101)
3(2104 2113 2098)
3(2091 2110 2089)
3(2112 2113 2107)
3(2098 2113 2123)
3(2111 2117 2118)
3(2106 2109 2110)
3(2109 2120 2086)
3(2097 2123 2114)
3(2082 2118 2117)
3(2089 2110 2088)
3(2099 2125 2117)
3(2105 2125 2099)
3(2117 2125 2108)
3(2124 2100 2096)
3(2111 2124 2101)
3(2112 2123 2113)
3(2110 2092 2106)
3(2124 2109 2100)
3(2093 2102 2092)
3(2056 2101 2096)
3(2115 2123 2122)
3(2105 2121 2125)
3(2122 2123 2112)
3(2115 2114 2123)
3(2109 2124 2120)
3(2108 2121 2116)
3(2083 2118 2082)
3(2120 2124 2119)
3(2088 2110 2087)
3(2114 2116 2121)
3(2115 2116 2114)
3(2124 2111 2119)
3(2108 2125 2121)
3(2118 2119 2111)
3(2106 2100 2109)
3(525 532 66)
3(526 1918 525)
3(527 1919 526)
3(526 1919 1918)
3(528 1920 527)
3(527 1920 1919)
3(529 1921 528)
3(528 1921 1920)
3(530 1922 529)
3(529 1922 1921)
3(531 1923 530)
3(530 1923 1922)
3(30 1924 531)
3(455 1924 30)
3(531 1924 1923)
3(532 1925 533)
3(534 1926 535)
3(536 1927 537)
3(538 1928 539)
3(540 1929 541)
3(542 1930 543)
3(544 1931 545)
3(546 1932 547)
3(548 1933 549)
3(549 550 47)
3(1933 550 549)
3(551 1934 552)
3(553 1935 554)
3(555 1936 556)
3(556 1937 13)
3(1936 1937 556)
3(13 1937 472)
3(456 1938 455)
3(455 1938 1924)
3(457 1939 456)
3(456 1939 1938)
3(458 1940 457)
3(457 1940 1939)
3(459 1941 458)
3(458 1941 1940)
3(460 1942 459)
3(459 1942 1941)
3(461 1943 460)
3(460 1943 1942)
3(462 1944 461)
3(461 1944 1943)
3(463 1945 462)
3(462 1945 1944)
3(464 1946 463)
3(463 1946 1945)
3(465 1947 464)
3(464 1947 1946)
3(466 1948 465)
3(465 1948 1947)
3(467 1949 466)
3(466 1949 1948)
3(468 1950 467)
3(467 1950 1949)
3(469 1951 468)
3(468 1951 1950)
3(470 1952 469)
3(469 1952 1951)
3(471 1953 470)
3(470 1953 1952)
3(472 1954 471)
3(1937 1954 472)
3(471 1954 1953)
3(1926 1955 535)
3(535 1955 536)
3(533 1956 534)
3(536 1955 1927)
3(533 1925 1956)
3(537 1957 538)
3(539 1958 540)
3(541 1959 542)
3(543 1960 544)
3(545 1961 546)
3(547 1962 548)
3(550 1963 551)
3(1933 1963 550)
3(551 1963 1934)
3(552 1964 553)
3(554 1965 555)
3(1960 1931 544)
3(537 1927 1957)
3(1959 1930 542)
3(525 1925 532)
3(1928 1958 539)
3(1929 1959 541)
3(1930 1960 543)
3(1931 1961 545)
3(1932 1962 547)
3(1935 1965 554)
3(552 1934 1964)
3(1961 1932 546)
3(1962 1933 548)
3(1956 1926 534)
3(1958 1929 540)
3(1957 1928 538)
3(1964 1935 553)
3(1965 1936 555)
3(1918 1925 525)
3(1928 1966 1958)
3(1920 1967 1919)
3(1921 1968 1920)
3(1920 1968 1967)
3(1922 1969 1921)
3(1921 1969 1968)
3(1923 1970 1922)
3(1922 1970 1969)
3(1924 1938 1923)
3(1926 1971 1955)
3(1958 1972 1929)
3(1964 1973 1935)
3(1929 1972 1959)
3(1957 1974 1928)
3(1928 1974 1966)
3(1930 1975 1960)
3(1927 1976 1957)
3(1957 1976 1974)
3(1932 1977 1962)
3(1962 1978 1933)
3(1977 1978 1962)
3(1933 1978 1963)
3(1935 1979 1965)
3(1956 1980 1926)
3(1926 1980 1971)
3(1961 1981 1932)
3(1932 1981 1977)
3(1934 1982 1964)
3(1964 1982 1973)
3(1918 1983 1925)
3(1919 1983 1918)
3(1925 1983 1956)
3(1960 1984 1931)
3(1975 1984 1960)
3(1931 1984 1961)
3(1940 1985 1939)
3(1941 1986 1940)
3(1940 1986 1985)
3(1942 1987 1941)
3(1941 1987 1986)
3(1943 1988 1942)
3(1942 1988 1987)
3(1944 1989 1943)
3(1943 1989 1988)
3(1945 1990 1944)
3(1944 1990 1989)
3(1946 1991 1945)
3(1945 1991 1990)
3(1947 1992 1946)
3(1946 1992 1991)
3(1948 1993 1947)
3(1947 1993 1992)
3(1949 1994 1948)
3(1948 1994 1993)
3(1950 1995 1949)
3(1949 1995 1994)
3(1951 1996 1950)
3(1950 1996 1995)
3(1952 1997 1951)
3(1951 1997 1996)
3(1953 1998 1952)
3(1952 1998 1997)
3(1959 1999 1930)
3(1930 1999 1975)
3(1938 1970 1923)
3(1966 2000 1958)
3(1958 2000 1972)
3(1934 1963 1982)
3(1919 1967 1983)
3(1955 1976 1927)
3(1971 1976 1955)
3(1973 1979 1935)
3(1972 1999 1959)
3(1938 1939 1970)
3(1939 1985 1970)
3(1956 1983 1980)
3(1965 2001 1936)
3(1965 1979 2001)
3(1936 1954 1937)
3(1953 2001 1998)
3(1984 2002 1961)
3(1961 2002 1981)
3(1963 1978 1982)
3(1983 1967 1980)
3(1973 2003 1979)
3(1936 2001 1954)
3(1972 2004 1999)
3(1968 2005 1967)
3(1982 2006 1973)
3(1973 2006 2003)
3(1985 2007 1970)
3(1970 2007 1969)
3(1990 2008 1989)
3(1996 2009 1995)
3(1975 2010 1984)
3(1984 2010 2002)
3(1967 2005 1980)
3(2000 2004 1972)
3(1969 2011 1968)
3(2007 2011 1969)
3(1968 2011 2005)
3(1976 2012 1974)
3(1974 2013 1966)
3(2012 2013 1974)
3(1966 2013 2000)
3(1977 1982 1978)
3(1980 2005 1971)
3(1981 2006 1977)
3(1982 1977 2006)
3(1979 2014 2001)
3(2003 2014 1979)
3(2001 2014 1998)
3(1986 2007 1985)
3(1981 2009 2006)
3(1987 2015 1986)
3(1986 2015 2007)
3(1988 2016 1987)
3(1987 2016 2015)
3(1989 2017 1988)
3(2008 2017 1989)
3(1988 2017 2016)
3(1992 2018 1991)
3(1994 2019 1993)
3(1995 2020 1994)
3(2009 2020 1995)
3(1994 2020 2019)
3(1997 2003 1996)
3(1998 2014 1997)
3(1999 2021 1975)
3(2004 2021 1999)
3(1975 2021 2010)
3(1954 2001 1953)
3(1990 2018 2008)
3(2010 2020 2002)
3(2003 2009 1996)
3(1976 2022 2012)
3(2002 2009 1981)
3(1992 2019 2018)
3(1991 2018 1990)
3(1993 2019 1992)
3(2013 2008 2000)
3(2010 2021 2020)
3(2000 2008 2004)
3(2012 2017 2013)
3(2007 2015 2011)
3(2003 2006 2009)
3(2022 2015 2012)
3(2002 2020 2009)
3(2005 2022 1971)
3(1971 2022 1976)
3(2008 2013 2017)
3(2005 2011 2022)
3(2004 2019 2021)
3(2019 2004 2018)
3(2017 2012 2016)
3(1997 2014 2003)
3(2012 2015 2016)
3(2004 2008 2018)
3(2020 2021 2019)
3(2022 2011 2015)
3(30 473 455)
3(455 474 456)
3(456 475 457)
3(457 476 458)
3(458 477 459)
3(459 478 460)
3(460 479 461)
3(461 480 462)
3(462 481 463)
3(463 482 464)
3(464 483 465)
3(465 484 466)
3(466 485 467)
3(467 486 468)
3(468 487 469)
3(469 488 470)
3(470 489 471)
3(471 490 472)
3(472 491 13)
3(29 473 30)
3(474 455 473)
3(475 456 474)
3(476 457 475)
3(477 458 476)
3(478 459 477)
3(479 460 478)
3(480 461 479)
3(481 462 480)
3(482 463 481)
3(483 464 482)
3(484 465 483)
3(485 466 484)
3(486 467 485)
3(487 468 486)
3(488 469 487)
3(489 470 488)
3(490 471 489)
3(491 472 490)
3(12 13 491)
3(65 499 492)
3(492 1809 493)
3(494 1810 495)
3(496 1811 497)
3(498 473 29)
3(500 1812 499)
3(501 1813 500)
3(500 1813 1812)
3(502 1814 501)
3(501 1814 1813)
3(503 1815 502)
3(502 1815 1814)
3(504 1816 503)
3(503 1816 1815)
3(505 1817 504)
3(504 1817 1816)
3(506 1818 505)
3(505 1818 1817)
3(507 1819 506)
3(506 1819 1818)
3(508 1820 507)
3(507 1820 1819)
3(509 1821 508)
3(508 1821 1820)
3(510 1822 509)
3(509 1822 1821)
3(511 1823 510)
3(510 1823 1822)
3(512 1824 511)
3(511 1824 1823)
3(513 1825 512)
3(512 1825 1824)
3(514 1826 513)
3(513 1826 1825)
3(515 1827 514)
3(514 1827 1826)
3(516 1828 515)
3(515 1828 1827)
3(517 1829 516)
3(516 1829 1828)
3(46 1830 517)
3(518 1830 46)
3(517 1830 1829)
3(519 1831 518)
3(518 1831 1830)
3(520 1832 519)
3(519 1832 1831)
3(521 1833 520)
3(520 1833 1832)
3(522 1834 521)
3(521 1834 1833)
3(523 1835 522)
3(522 1835 1834)
3(524 1836 523)
3(523 1836 1835)
3(12 491 524)
3(473 1837 474)
3(475 1838 476)
3(477 1839 478)
3(479 1840 480)
3(481 1841 482)
3(483 1842 484)
3(485 1843 486)
3(487 1844 488)
3(489 1845 490)
3(498 1837 473)
3(1809 1846 493)
3(493 1846 494)
3(494 1846 1810)
3(495 1847 496)
3(495 1810 1847)
3(497 1848 498)
3(492 1812 1809)
3(491 1836 524)
3(1839 1849 478)
3(478 1849 479)
3(1838 1850 476)
3(476 1850 477)
3(474 1851 475)
3(477 1850 1839)
3(474 1837 1851)
3(479 1849 1840)
3(480 1852 481)
3(482 1853 483)
3(484 1854 485)
3(486 1855 487)
3(488 1856 489)
3(490 1857 491)
3(499 1812 492)
3(497 1811 1848)
3(1840 1852 480)
3(1841 1853 482)
3(1842 1854 484)
3(1843 1855 486)
3(1844 1856 488)
3(1845 1857 490)
3(1855 1844 487)
3(1856 1845 489)
3(1857 1836 491)
3(1847 1811 496)
3(1848 1837 498)
3(1851 1838 475)
3(1854 1843 485)
3(1853 1842 483)
3(1852 1841 481)
3(1812 1858 1809)
3(1813 1858 1812)
3(1809 1858 1846)
3(1846 1859 1810)
3(1848 1860 1837)
3(1837 1860 1851)
3(1811 1860 1848)
3(1847 1861 1811)
3(1811 1861 1860)
3(1841 1862 1853)
3(1814 1863 1813)
3(1813 1863 1858)
3(1815 1864 1814)
3(1816 1865 1815)
3(1815 1865 1864)
3(1817 1866 1816)
3(1816 1866 1865)
3(1818 1867 1817)
3(1817 1867 1866)
3(1819 1868 1818)
3(1818 1868 1867)
3(1820 1869 1819)
3(1819 1869 1868)
3(1821 1870 1820)
3(1820 1870 1869)
3(1822 1871 1821)
3(1821 1871 1870)
3(1823 1872 1822)
3(1822 1872 1871)
3(1824 1873 1823)
3(1823 1873 1872)
3(1825 1874 1824)
3(1824 1874 1873)
3(1826 1875 1825)
3(1825 1875 1874)
3(1827 1876 1826)
3(1826 1876 1875)
3(1828 1877 1827)
3(1827 1877 1876)
3(1829 1878 1828)
3(1828 1878 1877)
3(1833 1879 1832)
3(1834 1880 1833)
3(1833 1880 1879)
3(1835 1881 1834)
3(1834 1881 1880)
3(1836 1882 1835)
3(1857 1882 1836)
3(1835 1882 1881)
3(1849 1883 1840)
3(1839 1884 1849)
3(1849 1884 1883)
3(1854 1885 1843)
3(1850 1886 1839)
3(1839 1886 1884)
3(1838 1887 1850)
3(1850 1887 1886)
3(1842 1888 1854)
3(1854 1888 1885)
3(1852 1889 1841)
3(1841 1889 1862)
3(1853 1890 1842)
3(1842 1890 1888)
3(1844 1891 1856)
3(1845 1882 1857)
3(1855 1892 1844)
3(1844 1892 1891)
3(1851 1893 1838)
3(1860 1893 1851)
3(1838 1893 1887)
3(1840 1894 1852)
3(1883 1894 1840)
3(1852 1894 1889)
3(1810 1895 1847)
3(1862 1890 1853)
3(1814 1864 1863)
3(1810 1859 1895)
3(1879 1878 1832)
3(1830 1831 1829)
3(1832 1878 1831)
3(1858 1859 1846)
3(1829 1831 1878)
3(1843 1896 1855)
3(1891 1897 1856)
3(1856 1897 1845)
3(1845 1897 1882)
3(1895 1861 1847)
3(1843 1885 1896)
3(1896 1892 1855)
3(1863 1859 1858)
3(1861 1893 1860)
3(1868 1898 1867)
3(1874 1899 1873)
3(1864 1900 1863)
3(1863 1900 1859)
3(1882 1897 1881)
3(1880 1901 1879)
3(1865 1902 1864)
3(1864 1902 1900)
3(1889 1903 1862)
3(1897 1904 1881)
3(1881 1904 1880)
3(1885 1905 1896)
3(1859 1900 1895)
3(1861 1906 1893)
3(1893 1906 1887)
3(1866 1907 1865)
3(1865 1907 1902)
3(1867 1908 1866)
3(1866 1908 1907)
3(1901 1899 1875)
3(1869 1909 1868)
3(1868 1909 1898)
3(1871 1910 1870)
3(1872 1911 1871)
3(1871 1911 1910)
3(1873 1912 1872)
3(1872 1912 1911)
3(1889 1909 1903)
3(1878 1879 1877)
3(1904 1901 1880)
3(1861 1895 1906)
3(1901 1877 1879)
3(1884 1913 1883)
3(1886 1913 1884)
3(1887 1914 1886)
3(1906 1914 1887)
3(1886 1914 1913)
3(1867 1898 1908)
3(1890 1915 1888)
3(1891 1904 1897)
3(1895 1900 1906)
3(1891 1916 1904)
3(1892 1916 1891)
3(1904 1916 1901)
3(1892 1905 1916)
3(1899 1912 1873)
3(1862 1903 1890)
3(1890 1903 1915)
3(1869 1910 1909)
3(1870 1910 1869)
3(1889 1917 1909)
3(1894 1917 1889)
3(1909 1917 1898)
3(1877 1901 1876)
3(1885 1915 1905)
3(1913 1917 1883)
3(1898 1913 1908)
3(1883 1917 1894)
3(1896 1905 1892)
3(1917 1913 1898)
3(1888 1915 1885)
3(1914 1906 1902)
3(1907 1914 1902)
3(1901 1916 1899)
3(1913 1914 1908)
3(1876 1901 1875)
3(1915 1912 1905)
3(1915 1903 1911)
3(1899 1905 1912)
3(1910 1903 1909)
3(1908 1914 1907)
3(1910 1911 1903)
3(1912 1915 1911)
3(1874 1875 1899)
3(1900 1902 1906)
3(1916 1905 1899)
3(422 429 64)
3(423 1717 422)
3(424 1718 423)
3(423 1718 1717)
3(425 1719 424)
3(424 1719 1718)
3(426 1720 425)
3(425 1720 1719)
3(427 1721 426)
3(426 1721 1720)
3(428 1722 427)
3(427 1722 1721)
3(28 1723 428)
3(351 1723 28)
3(428 1723 1722)
3(429 1724 430)
3(431 1725 432)
3(433 1726 434)
3(435 1727 436)
3(437 1728 438)
3(439 1729 440)
3(441 1730 442)
3(443 1731 444)
3(445 1732 446)
3(447 448 45)
3(448 1733 449)
3(450 1734 451)
3(452 1735 453)
3(454 369 11)
3(352 1736 351)
3(351 1736 1723)
3(353 1737 352)
3(352 1737 1736)
3(354 1738 353)
3(353 1738 1737)
3(355 1739 354)
3(354 1739 1738)
3(356 1740 355)
3(355 1740 1739)
3(357 1741 356)
3(356 1741 1740)
3(358 1742 357)
3(357 1742 1741)
3(359 1743 358)
3(358 1743 1742)
3(360 1744 359)
3(359 1744 1743)
3(361 1745 360)
3(360 1745 1744)
3(362 1746 361)
3(361 1746 1745)
3(363 1747 362)
3(362 1747 1746)
3(364 1748 363)
3(363 1748 1747)
3(365 1749 364)
3(364 1749 1748)
3(366 1750 365)
3(365 1750 1749)
3(367 1751 366)
3(366 1751 1750)
3(368 1752 367)
3(367 1752 1751)
3(369 1752 368)
3(447 1733 448)
3(454 1753 369)
3(453 1753 454)
3(369 1753 1752)
3(1717 1724 422)
3(429 422 1724)
3(1725 1754 432)
3(432 1754 433)
3(430 1755 431)
3(433 1754 1726)
3(430 1724 1755)
3(434 1756 435)
3(436 1757 437)
3(438 1758 439)
3(440 1759 441)
3(442 1760 443)
3(444 1761 445)
3(446 1762 447)
3(1733 1763 449)
3(449 1763 450)
3(453 1735 1753)
3(450 1763 1734)
3(451 1764 452)
3(1760 1731 443)
3(434 1726 1756)
3(1761 1732 445)
3(1727 1757 436)
3(1728 1758 438)
3(1729 1759 440)
3(1730 1760 442)
3(1731 1761 444)
3(1732 1762 446)
3(1734 1764 451)
3(1759 1730 441)
3(1758 1729 439)
3(1755 1725 431)
3(1757 1728 437)
3(1756 1727 435)
3(1764 1735 452)
3(1719 1765 1718)
3(1720 1766 1719)
3(1719 1766 1765)
3(1721 1767 1720)
3(1720 1767 1766)
3(1722 1768 1721)
3(1721 1768 1767)
3(1723 1736 1722)
3(1717 1769 1724)
3(1724 1769 1755)
3(1757 1770 1728)
3(1754 1771 1726)
3(1764 1772 1735)
3(1756 1776 1727)
3(1729 1794 1759)
3(1730 1773 1760)
3(1758 1774 1729)
3(1729 1774 1794)
3(1731 1775 1761)
3(1726 1776 1756)
3(1771 1776 1726)
3(1727 1777 1757)
3(1776 1777 1727)
3(1757 1777 1770)
3(1734 1778 1764)
3(1753 1779 1752)
3(1735 1779 1753)
3(1752 1779 1751)
3(1736 1768 1722)
3(1760 1780 1731)
3(1773 1780 1760)
3(1731 1780 1775)
3(1737 1768 1736)
3(1738 1781 1737)
3(1737 1781 1768)
3(1739 1782 1738)
3(1738 1782 1781)
3(1740 1783 1739)
3(1739 1783 1782)
3(1741 1784 1740)
3(1740 1784 1783)
3(1742 1785 1741)
3(1741 1785 1784)
3(1743 1786 1742)
3(1742 1786 1785)
3(1744 1786 1743)
3(1745 1787 1744)
3(1744 1787 1786)
3(1746 1787 1745)
3(1747 1788 1746)
3(1746 1788 1787)
3(1748 1788 1747)
3(1749 1789 1748)
3(1748 1789 1788)
3(1750 1790 1749)
3(1749 1790 1789)
3(1751 1791 1750)
3(1779 1791 1751)
3(1750 1791 1790)
3(1762 1733 447)
3(1725 1792 1754)
3(1754 1792 1771)
3(1718 1769 1717)
3(1763 1793 1734)
3(1734 1793 1778)
3(1759 1794 1730)
3(1730 1794 1773)
3(1762 1795 1733)
3(1732 1795 1762)
3(1733 1795 1763)
3(1769 1796 1755)
3(1755 1796 1725)
3(1778 1772 1764)
3(1718 1765 1769)
3(1772 1779 1735)
3(1728 1770 1758)
3(1758 1770 1774)
3(1775 1797 1761)
3(1761 1797 1732)
3(1763 1795 1793)
3(1725 1796 1792)
3(1797 1795 1732)
3(1797 1793 1795)
3(1768 1781 1767)
3(1765 1796 1769)
3(1775 1798 1797)
3(1797 1798 1793)
3(1778 1799 1772)
3(1765 1800 1796)
3(1796 1800 1792)
3(1772 1791 1779)
3(1786 1801 1785)
3(1789 1802 1788)
3(1793 1798 1778)
3(1781 1803 1767)
3(1767 1803 1766)
3(1799 1791 1772)
3(1766 1800 1765)
3(1770 1804 1774)
3(1804 1801 1786)
3(1778 1798 1799)
3(1804 1788 1774)
3(1775 1805 1798)
3(1798 1805 1799)
3(1782 1803 1781)
3(1783 1806 1782)
3(1782 1806 1803)
3(1784 1806 1783)
3(1789 1805 1802)
3(1791 1799 1790)
3(1803 1800 1766)
3(1802 1774 1788)
3(1775 1780 1805)
3(1800 1807 1792)
3(1803 1807 1800)
3(1792 1807 1771)
3(1789 1799 1805)
3(1776 1808 1777)
3(1801 1806 1785)
3(1776 1807 1808)
3(1802 1805 1773)
3(1784 1785 1806)
3(1794 1802 1773)
3(1770 1801 1804)
3(1777 1801 1770)
3(1803 1806 1807)
3(1787 1804 1786)
3(1806 1808 1807)
3(1788 1804 1787)
3(1780 1773 1805)
3(1771 1807 1776)
3(1790 1799 1789)
3(1774 1802 1794)
3(1801 1808 1806)
3(1808 1801 1777)
3(28 27 351)
3(351 370 352)
3(352 371 353)
3(373 354 372)
3(354 373 355)
3(375 356 374)
3(356 375 357)
3(357 376 358)
3(358 377 359)
3(359 378 360)
3(361 360 380)
3(381 362 380)
3(362 381 363)
3(383 364 382)
3(364 383 365)
3(365 384 366)
3(367 366 386)
3(367 386 368)
3(368 388 369)
3(369 10 11)
3(351 27 370)
3(371 352 370)
3(376 357 375)
3(377 358 376)
3(378 359 377)
3(379 360 378)
3(384 365 383)
3(385 366 384)
3(385 386 366)
3(10 369 388)
3(353 372 354)
3(373 374 355)
3(361 380 362)
3(381 382 363)
3(368 387 388)
3(353 371 372)
3(355 374 356)
3(379 380 360)
3(363 382 364)
3(368 386 387)
3(63 396 389)
3(389 1611 390)
3(391 1612 392)
3(393 1613 394)
3(395 370 27)
3(397 1614 396)
3(398 1615 397)
3(397 1615 1614)
3(399 1616 398)
3(398 1616 1615)
3(400 1617 399)
3(399 1617 1616)
3(401 1618 400)
3(400 1618 1617)
3(402 1619 401)
3(401 1619 1618)
3(403 1620 402)
3(402 1620 1619)
3(404 1621 403)
3(403 1621 1620)
3(405 1622 404)
3(404 1622 1621)
3(406 1623 405)
3(405 1623 1622)
3(407 1624 406)
3(406 1624 1623)
3(408 1625 407)
3(407 1625 1624)
3(409 1626 408)
3(408 1626 1625)
3(410 1627 409)
3(409 1627 1626)
3(411 1628 410)
3(410 1628 1627)
3(412 1629 411)
3(411 1629 1628)
3(413 1630 412)
3(412 1630 1629)
3(414 1631 413)
3(413 1631 1630)
3(44 1632 414)
3(415 1632 44)
3(414 1632 1631)
3(416 1633 415)
3(415 1633 1632)
3(417 1634 416)
3(416 1634 1633)
3(418 1635 417)
3(417 1635 1634)
3(419 1636 418)
3(418 1636 1635)
3(420 1637 419)
3(419 1637 1636)
3(421 1638 420)
3(420 1638 1637)
3(10 388 421)
3(370 1639 371)
3(372 1640 373)
3(374 1641 375)
3(376 1642 377)
3(378 1643 379)
3(380 1644 381)
3(382 1645 383)
3(384 1646 385)
3(386 1647 387)
3(395 1639 370)
3(1611 1648 390)
3(390 1648 391)
3(391 1648 1612)
3(392 1649 393)
3(392 1612 1649)
3(394 1650 395)
3(389 1614 1611)
3(388 1638 421)
3(1641 1651 375)
3(375 1651 376)
3(1640 1652 373)
3(373 1652 374)
3(371 1653 372)
3(374 1652 1641)
3(371 1639 1653)
3(376 1651 1642)
3(377 1654 378)
3(379 1655 380)
3(381 1656 382)
3(383 1657 384)
3(385 1658 386)
3(395 1650 1639)
3(387 1659 388)
3(396 1614 389)
3(394 1613 1650)
3(1642 1654 377)
3(1643 1655 379)
3(1644 1656 381)
3(1645 1657 383)
3(1646 1658 385)
3(1647 1659 387)
3(1657 1646 384)
3(1658 1647 386)
3(1649 1613 393)
3(388 1659 1638)
3(1653 1640 372)
3(1656 1645 382)
3(1655 1644 380)
3(1654 1643 378)
3(1614 1660 1611)
3(1615 1660 1614)
3(1611 1660 1648)
3(1648 1661 1612)
3(1659 1662 1638)
3(1638 1662 1637)
3(1657 1691 1646)
3(1613 1663 1650)
3(1650 1663 1639)
3(1643 1664 1655)
3(1616 1665 1615)
3(1615 1665 1660)
3(1617 1666 1616)
3(1618 1667 1617)
3(1617 1667 1666)
3(1619 1668 1618)
3(1618 1668 1667)
3(1620 1669 1619)
3(1619 1669 1668)
3(1621 1670 1620)
3(1620 1670 1669)
3(1622 1671 1621)
3(1621 1671 1670)
3(1623 1672 1622)
3(1622 1672 1671)
3(1624 1673 1623)
3(1623 1673 1672)
3(1625 1674 1624)
3(1624 1674 1673)
3(1626 1675 1625)
3(1625 1675 1674)
3(1627 1676 1626)
3(1626 1676 1675)
3(1628 1677 1627)
3(1627 1677 1676)
3(1629 1678 1628)
3(1628 1678 1677)
3(1630 1679 1629)
3(1629 1679 1678)
3(1631 1680 1630)
3(1630 1680 1679)
3(1639 1663 1653)
3(1635 1681 1634)
3(1636 1682 1635)
3(1635 1682 1681)
3(1637 1683 1636)
3(1662 1683 1637)
3(1636 1683 1682)
3(1651 1684 1642)
3(1641 1685 1651)
3(1651 1685 1684)
3(1656 1686 1645)
3(1652 1687 1641)
3(1641 1687 1685)
3(1640 1688 1652)
3(1652 1688 1687)
3(1644 1689 1656)
3(1656 1689 1686)
3(1654 1690 1643)
3(1643 1690 1664)
3(1645 1691 1657)
3(1686 1691 1645)
3(1655 1692 1644)
3(1644 1692 1689)
3(1658 1693 1647)
3(1647 1662 1659)
3(1649 1694 1613)
3(1613 1694 1663)
3(1653 1695 1640)
3(1663 1695 1653)
3(1640 1695 1688)
3(1642 1696 1654)
3(1684 1696 1642)
3(1654 1696 1690)
3(1691 1697 1646)
3(1646 1697 1658)
3(1612 1698 1649)
3(1664 1692 1655)
3(1616 1666 1665)
3(1632 1633 1631)
3(1681 1680 1634)
3(1634 1680 1633)
3(1658 1697 1693)
3(1660 1661 1648)
3(1631 1633 1680)
3(1693 1662 1647)
3(1612 1661 1698)
3(1698 1694 1649)
3(1660 1665 1661)
3(1693 1683 1662)
3(1670 1699 1669)
3(1676 1700 1675)
3(1682 1701 1681)
3(1666 1702 1665)
3(1665 1702 1661)
3(1667 1703 1666)
3(1666 1703 1702)
3(1690 1704 1664)
3(1661 1702 1698)
3(1694 1695 1663)
3(1698 1705 1694)
3(1694 1705 1695)
3(1698 1702 1705)
3(1687 1706 1685)
3(1669 1699 1707)
3(1668 1707 1667)
3(1667 1707 1703)
3(1701 1700 1677)
3(1671 1708 1670)
3(1670 1708 1699)
3(1673 1709 1672)
3(1674 1710 1673)
3(1673 1710 1709)
3(1675 1711 1674)
3(1674 1711 1710)
3(1680 1681 1679)
3(1690 1708 1704)
3(1697 1701 1693)
3(1685 1712 1684)
3(1706 1712 1685)
3(1684 1712 1696)
3(1692 1713 1689)
3(1688 1714 1687)
3(1689 1715 1686)
3(1713 1715 1689)
3(1686 1715 1691)
3(1687 1714 1706)
3(1695 1705 1688)
3(1681 1701 1679)
3(1697 1700 1701)
3(1705 1714 1688)
3(1700 1711 1675)
3(1664 1704 1692)
3(1699 1712 1706)
3(1705 1702 1714)
3(1671 1709 1708)
3(1672 1709 1671)
3(1679 1701 1678)
3(1690 1716 1708)
3(1696 1716 1690)
3(1708 1716 1699)
3(1692 1704 1713)
3(1714 1707 1706)
3(1706 1707 1699)
3(1713 1700 1715)
3(1669 1707 1668)
3(1701 1682 1693)
3(1678 1701 1677)
3(1683 1693 1682)
3(1703 1714 1702)
3(1703 1707 1714)
3(1713 1704 1710)
3(1709 1704 1708)
3(1711 1713 1710)
3(1676 1677 1700)
3(1709 1710 1704)
3(1712 1716 1696)
3(1716 1712 1699)
3(1700 1713 1711)
3(1697 1715 1700)
3(1691 1715 1697)
3(318 325 62)
3(319 1518 318)
3(320 1519 319)
3(319 1519 1518)
3(321 1520 320)
3(320 1520 1519)
3(322 1521 321)
3(321 1521 1520)
3(323 1522 322)
3(322 1522 1521)
3(324 1523 323)
3(323 1523 1522)
3(26 1524 324)
3(247 1524 26)
3(324 1524 1523)
3(325 1525 326)
3(327 1526 328)
3(329 1527 330)
3(331 1528 332)
3(333 1529 334)
3(335 1530 336)
3(337 1531 338)
3(339 1532 340)
3(341 1533 342)
3(343 344 43)
3(344 1534 345)
3(346 1535 347)
3(348 1536 349)
3(350 265 9)
3(248 1537 247)
3(247 1537 1524)
3(249 1538 248)
3(248 1538 1537)
3(250 1539 249)
3(249 1539 1538)
3(251 1540 250)
3(250 1540 1539)
3(252 1541 251)
3(251 1541 1540)
3(253 1542 252)
3(252 1542 1541)
3(254 1543 253)
3(253 1543 1542)
3(255 1544 254)
3(254 1544 1543)
3(256 1545 255)
3(255 1545 1544)
3(257 1546 256)
3(256 1546 1545)
3(258 1547 257)
3(257 1547 1546)
3(259 1548 258)
3(258 1548 1547)
3(260 1549 259)
3(259 1549 1548)
3(261 1550 260)
3(260 1550 1549)
3(262 1551 261)
3(261 1551 1550)
3(263 1552 262)
3(262 1552 1551)
3(264 1553 263)
3(263 1553 1552)
3(265 1553 264)
3(343 1534 344)
3(350 1554 265)
3(349 1554 350)
3(265 1554 1553)
3(1518 1525 318)
3(325 318 1525)
3(1526 1555 328)
3(328 1555 329)
3(326 1556 327)
3(329 1555 1527)
3(326 1525 1556)
3(330 1557 331)
3(332 1558 333)
3(334 1559 335)
3(336 1560 337)
3(338 1561 339)
3(340 1562 341)
3(342 1563 343)
3(1534 1564 345)
3(345 1564 346)
3(349 1536 1554)
3(346 1564 1535)
3(347 1565 348)
3(1561 1532 339)
3(330 1527 1557)
3(1562 1533 341)
3(1528 1558 332)
3(1529 1559 334)
3(1530 1560 336)
3(1531 1561 338)
3(1532 1562 340)
3(1533 1563 342)
3(1535 1565 347)
3(1560 1531 337)
3(1559 1530 335)
3(1556 1526 327)
3(1558 1529 333)
3(1557 1528 331)
3(1565 1536 348)
3(1520 1566 1519)
3(1521 1567 1520)
3(1520 1567 1566)
3(1522 1568 1521)
3(1521 1568 1567)
3(1523 1569 1522)
3(1522 1569 1568)
3(1524 1537 1523)
3(1518 1570 1525)
3(1525 1570 1556)
3(1558 1571 1529)
3(1555 1572 1527)
3(1565 1573 1536)
3(1557 1577 1528)
3(1530 1596 1560)
3(1531 1574 1561)
3(1559 1575 1530)
3(1530 1575 1596)
3(1532 1576 1562)
3(1527 1577 1557)
3(1572 1577 1527)
3(1528 1578 1558)
3(1577 1578 1528)
3(1558 1578 1571)
3(1535 1579 1565)
3(1554 1580 1553)
3(1536 1580 1554)
3(1553 1580 1552)
3(1537 1569 1523)
3(1561 1581 1532)
3(1574 1581 1561)
3(1532 1581 1576)
3(1538 1569 1537)
3(1539 1582 1538)
3(1538 1582 1569)
3(1540 1583 1539)
3(1539 1583 1582)
3(1541 1584 1540)
3(1540 1584 1583)
3(1542 1585 1541)
3(1541 1585 1584)
3(1543 1586 1542)
3(1542 1586 1585)
3(1544 1587 1543)
3(1543 1587 1586)
3(1545 1587 1544)
3(1546 1588 1545)
3(1545 1588 1587)
3(1547 1589 1546)
3(1546 1589 1588)
3(1548 1589 1547)
3(1549 1590 1548)
3(1548 1590 1589)
3(1550 1591 1549)
3(1549 1591 1590)
3(1551 1592 1550)
3(1550 1592 1591)
3(1552 1593 1551)
3(1580 1593 1552)
3(1551 1593 1592)
3(1563 1534 343)
3(1526 1594 1555)
3(1555 1594 1572)
3(1519 1570 1518)
3(1564 1595 1535)
3(1535 1595 1579)
3(1560 1596 1531)
3(1531 1596 1574)
3(1563 1597 1534)
3(1533 1597 1563)
3(1534 1597 1564)
3(1570 1598 1556)
3(1556 1598 1526)
3(1579 1573 1565)
3(1519 1566 1570)
3(1573 1580 1536)
3(1529 1575 1559)
3(1576 1599 1562)
3(1562 1599 1533)
3(1564 1597 1595)
3(1526 1598 1594)
3(1599 1597 1533)
3(1599 1595 1597)
3(1569 1582 1568)
3(1571 1575 1529)
3(1566 1598 1570)
3(1576 1600 1599)
3(1599 1600 1595)
3(1579 1601 1573)
3(1566 1602 1598)
3(1598 1602 1594)
3(1573 1593 1580)
3(1587 1603 1586)
3(1604 1590 1607)
3(1595 1600 1579)
3(1582 1605 1568)
3(1568 1605 1567)
3(1601 1593 1573)
3(1567 1602 1566)
3(1571 1603 1606)
3(1579 1600 1601)
3(1590 1604 1589)
3(1576 1607 1600)
3(1600 1607 1601)
3(1583 1605 1582)
3(1584 1608 1583)
3(1583 1608 1605)
3(1585 1608 1584)
3(1591 1607 1590)
3(1593 1601 1592)
3(1605 1602 1567)
3(1606 1604 1575)
3(1576 1581 1607)
3(1602 1609 1594)
3(1605 1609 1602)
3(1594 1609 1572)
3(1591 1601 1607)
3(1577 1610 1578)
3(1585 1603 1608)
3(1577 1609 1610)
3(1571 1606 1575)
3(1586 1603 1585)
3(1589 1606 1588)
3(1596 1604 1574)
3(1587 1606 1603)
3(1604 1607 1574)
3(1574 1607 1581)
3(1578 1603 1571)
3(1605 1608 1609)
3(1588 1606 1587)
3(1608 1610 1609)
3(1572 1609 1577)
3(1606 1589 1604)
3(1592 1601 1591)
3(1575 1604 1596)
3(1603 1610 1608)
3(1610 1603 1578)
3(26 25 247)
3(247 266 248)
3(248 267 249)
3(269 250 268)
3(250 269 251)
3(271 252 270)
3(252 271 253)
3(253 272 254)
3(254 273 255)
3(255 274 256)
3(257 256 276)
3(277 258 276)
3(258 277 259)
3(279 260 278)
3(260 279 261)
3(261 280 262)
3(263 262 282)
3(263 282 264)
3(264 284 265)
3(265 8 9)
3(247 25 266)
3(267 248 266)
3(272 253 271)
3(273 254 272)
3(274 255 273)
3(275 256 274)
3(280 261 279)
3(281 262 280)
3(281 282 262)
3(8 265 284)
3(249 268 250)
3(269 270 251)
3(257 276 258)
3(277 278 259)
3(264 283 284)
3(249 267 268)
3(251 270 252)
3(275 276 256)
3(259 278 260)
3(264 282 283)
3(61 292 285)
3(285 1415 286)
3(287 1416 288)
3(289 1417 290)
3(291 266 25)
3(293 1418 292)
3(294 1419 293)
3(293 1419 1418)
3(295 1420 294)
3(294 1420 1419)
3(296 1421 295)
3(295 1421 1420)
3(297 1422 296)
3(296 1422 1421)
3(298 1423 297)
3(297 1423 1422)
3(299 1424 298)
3(298 1424 1423)
3(300 1425 299)
3(299 1425 1424)
3(301 1426 300)
3(300 1426 1425)
3(302 1427 301)
3(301 1427 1426)
3(303 1428 302)
3(302 1428 1427)
3(304 1429 303)
3(303 1429 1428)
3(305 1430 304)
3(304 1430 1429)
3(306 1431 305)
3(305 1431 1430)
3(307 1432 306)
3(306 1432 1431)
3(308 1433 307)
3(307 1433 1432)
3(309 1434 308)
3(308 1434 1433)
3(310 1435 309)
3(309 1435 1434)
3(42 1436 310)
3(311 1436 42)
3(310 1436 1435)
3(312 1437 311)
3(311 1437 1436)
3(313 1438 312)
3(312 1438 1437)
3(314 1439 313)
3(313 1439 1438)
3(315 1440 314)
3(314 1440 1439)
3(316 1441 315)
3(315 1441 1440)
3(317 1442 316)
3(316 1442 1441)
3(8 284 317)
3(266 1443 267)
3(268 1444 269)
3(270 1445 271)
3(272 1446 273)
3(274 1447 275)
3(276 1448 277)
3(278 1449 279)
3(280 1450 281)
3(282 1451 283)
3(291 1443 266)
3(1415 1452 286)
3(286 1452 287)
3(287 1452 1416)
3(288 1453 289)
3(288 1416 1453)
3(290 1454 291)
3(285 1418 1415)
3(284 1442 317)
3(1445 1455 271)
3(271 1455 272)
3(1444 1456 269)
3(269 1456 270)
3(267 1457 268)
3(270 1456 1445)
3(267 1443 1457)
3(272 1455 1446)
3(273 1458 274)
3(275 1459 276)
3(277 1460 278)
3(279 1461 280)
3(281 1462 282)
3(291 1454 1443)
3(283 1463 284)
3(292 1418 285)
3(290 1417 1454)
3(1446 1458 273)
3(1447 1459 275)
3(1448 1460 277)
3(1449 1461 279)
3(1450 1462 281)
3(1451 1463 283)
3(1461 1450 280)
3(1462 1451 282)
3(1453 1417 289)
3(284 1463 1442)
3(1457 1444 268)
3(1460 1449 278)
3(1459 1448 276)
3(1458 1447 274)
3(1418 1464 1415)
3(1419 1464 1418)
3(1415 1464 1452)
3(1452 1465 1416)
3(1463 1466 1442)
3(1442 1466 1441)
3(1461 1492 1450)
3(1417 1467 1454)
3(1454 1467 1443)
3(1447 1493 1459)
3(1420 1468 1419)
3(1419 1468 1464)
3(1421 1469 1420)
3(1422 1470 1421)
3(1421 1470 1469)
3(1423 1471 1422)
3(1422 1471 1470)
3(1424 1472 1423)
3(1423 1472 1471)
3(1425 1473 1424)
3(1424 1473 1472)
3(1426 1474 1425)
3(1425 1474 1473)
3(1427 1475 1426)
3(1426 1475 1474)
3(1428 1476 1427)
3(1427 1476 1475)
3(1429 1477 1428)
3(1428 1477 1476)
3(1430 1478 1429)
3(1429 1478 1477)
3(1431 1479 1430)
3(1430 1479 1478)
3(1432 1480 1431)
3(1431 1480 1479)
3(1433 1480 1432)
3(1434 1481 1433)
3(1433 1481 1480)
3(1435 1482 1434)
3(1434 1482 1481)
3(1443 1467 1457)
3(1439 1483 1438)
3(1440 1484 1439)
3(1439 1484 1483)
3(1441 1485 1440)
3(1466 1485 1441)
3(1440 1485 1484)
3(1455 1486 1446)
3(1445 1487 1455)
3(1455 1487 1486)
3(1460 1488 1449)
3(1456 1489 1445)
3(1445 1489 1487)
3(1444 1490 1456)
3(1456 1490 1489)
3(1460 1448 1488)
3(1458 1491 1447)
3(1447 1491 1493)
3(1449 1492 1461)
3(1488 1492 1449)
3(1459 1493 1448)
3(1462 1494 1451)
3(1451 1466 1463)
3(1453 1495 1417)
3(1417 1495 1467)
3(1457 1496 1444)
3(1467 1496 1457)
3(1444 1496 1490)
3(1446 1497 1458)
3(1486 1497 1446)
3(1458 1497 1491)
3(1492 1498 1450)
3(1450 1498 1462)
3(1416 1499 1453)
3(1494 1466 1451)
3(1420 1469 1468)
3(1436 1437 1435)
3(1483 1482 1438)
3(1438 1482 1437)
3(1462 1498 1494)
3(1464 1465 1452)
3(1435 1437 1482)
3(1416 1465 1499)
3(1499 1495 1453)
3(1464 1468 1465)
3(1494 1485 1466)
3(1473 1500 1472)
3(1479 1501 1478)
3(1484 1502 1483)
3(1491 1503 1493)
3(1469 1504 1468)
3(1468 1504 1465)
3(1495 1496 1467)
3(1499 1505 1495)
3(1495 1505 1496)
3(1489 1506 1487)
3(1465 1504 1499)
3(1471 1507 1470)
3(1472 1508 1471)
3(1500 1508 1472)
3(1471 1508 1507)
3(1479 1502 1501)
3(1474 1509 1473)
3(1473 1509 1500)
3(1476 1510 1475)
3(1477 1511 1476)
3(1476 1511 1510)
3(1478 1512 1477)
3(1477 1512 1511)
3(1482 1483 1481)
3(1491 1509 1503)
3(1494 1498 1484)
3(1487 1513 1486)
3(1506 1513 1487)
3(1486 1513 1497)
3(1470 1514 1469)
3(1469 1514 1504)
3(1470 1507 1514)
3(1490 1515 1489)
3(1516 1488 1493)
3(1496 1505 1490)
3(1483 1502 1481)
3(1504 1505 1499)
3(1490 1505 1515)
3(1503 1509 1510)
3(1498 1501 1502)
3(1501 1512 1478)
3(1489 1515 1506)
3(1474 1510 1509)
3(1481 1502 1480)
3(1491 1517 1509)
3(1497 1517 1491)
3(1509 1517 1500)
3(1516 1492 1488)
3(1503 1516 1493)
3(1504 1515 1505)
3(1502 1484 1498)
3(1516 1501 1492)
3(1485 1494 1484)
3(1448 1493 1488)
3(1515 1507 1506)
3(1507 1515 1514)
3(1497 1513 1517)
3(1514 1515 1504)
3(1507 1508 1506)
3(1501 1516 1512)
3(1500 1513 1508)
3(1475 1510 1474)
3(1512 1516 1511)
3(1480 1502 1479)
3(1506 1508 1513)
3(1516 1503 1511)
3(1500 1517 1513)
3(1510 1511 1503)
3(1498 1492 1501)
3(215 222 60)
3(216 1310 215)
3(217 1311 216)
3(216 1311 1310)
3(218 1312 217)
3(217 1312 1311)
3(219 1313 218)
3(218 1313 1312)
3(220 1314 219)
3(219 1314 1313)
3(221 1315 220)
3(220 1315 1314)
3(24 1316 221)
3(145 1316 24)
3(221 1316 1315)
3(222 1317 223)
3(224 1318 225)
3(226 1319 227)
3(228 1320 229)
3(230 1321 231)
3(232 1322 233)
3(234 1323 235)
3(236 1324 237)
3(238 1325 239)
3(239 240 41)
3(1325 240 239)
3(241 1326 242)
3(243 1327 244)
3(245 1328 246)
3(246 1329 7)
3(1328 1329 246)
3(7 1329 162)
3(146 1330 145)
3(145 1330 1316)
3(147 1331 146)
3(146 1331 1330)
3(148 1332 147)
3(147 1332 1331)
3(149 1333 148)
3(148 1333 1332)
3(150 1334 149)
3(149 1334 1333)
3(151 1335 150)
3(150 1335 1334)
3(152 1336 151)
3(151 1336 1335)
3(153 1337 152)
3(152 1337 1336)
3(154 1338 153)
3(153 1338 1337)
3(155 1339 154)
3(154 1339 1338)
3(156 1340 155)
3(155 1340 1339)
3(157 1341 156)
3(156 1341 1340)
3(158 1342 157)
3(157 1342 1341)
3(159 1343 158)
3(158 1343 1342)
3(160 1344 159)
3(159 1344 1343)
3(161 1345 160)
3(160 1345 1344)
3(162 1346 161)
3(1329 1346 162)
3(161 1346 1345)
3(1318 1347 225)
3(225 1347 226)
3(223 1348 224)
3(226 1347 1319)
3(223 1317 1348)
3(227 1349 228)
3(229 1350 230)
3(231 1351 232)
3(233 1352 234)
3(235 1353 236)
3(237 1354 238)
3(240 1355 241)
3(1325 1355 240)
3(241 1355 1326)
3(242 1356 243)
3(244 1357 245)
3(1352 1323 234)
3(227 1319 1349)
3(1351 1322 232)
3(215 1317 222)
3(1320 1350 229)
3(1321 1351 231)
3(1322 1352 233)
3(1323 1353 235)
3(1324 1354 237)
3(1327 1357 244)
3(242 1326 1356)
3(1353 1324 236)
3(1354 1325 238)
3(1348 1318 224)
3(1350 1321 230)
3(1349 1320 228)
3(1356 1327 243)
3(1357 1328 245)
3(1310 1317 215)
3(1320 1358 1350)
3(1312 1359 1311)
3(1313 1360 1312)
3(1312 1360 1359)
3(1314 1361 1313)
3(1313 1361 1360)
3(1315 1362 1314)
3(1314 1362 1361)
3(1316 1330 1315)
3(1318 1363 1347)
3(1350 1364 1321)
3(1356 1365 1327)
3(1321 1364 1351)
3(1349 1366 1320)
3(1320 1366 1358)
3(1322 1367 1352)
3(1319 1368 1349)
3(1349 1368 1366)
3(1324 1369 1354)
3(1354 1370 1325)
3(1369 1370 1354)
3(1325 1370 1355)
3(1327 1371 1357)
3(1348 1372 1318)
3(1318 1372 1363)
3(1353 1373 1324)
3(1324 1373 1369)
3(1326 1374 1356)
3(1356 1374 1365)
3(1310 1375 1317)
3(1311 1375 1310)
3(1317 1375 1348)
3(1352 1376 1323)
3(1367 1376 1352)
3(1323 1376 1353)
3(1332 1377 1331)
3(1333 1378 1332)
3(1332 1378 1377)
3(1334 1379 1333)
3(1333 1379 1378)
3(1335 1380 1334)
3(1334 1380 1379)
3(1336 1381 1335)
3(1335 1381 1380)
3(1337 1382 1336)
3(1336 1382 1381)
3(1338 1383 1337)
3(1337 1383 1382)
3(1339 1384 1338)
3(1338 1384 1383)
3(1340 1385 1339)
3(1339 1385 1384)
3(1341 1386 1340)
3(1340 1386 1385)
3(1342 1387 1341)
3(1341 1387 1386)
3(1343 1388 1342)
3(1342 1388 1387)
3(1344 1389 1343)
3(1343 1389 1388)
3(1345 1390 1344)
3(1344 1390 1389)
3(1351 1391 1322)
3(1322 1391 1367)
3(1330 1362 1315)
3(1358 1392 1350)
3(1350 1392 1364)
3(1326 1355 1374)
3(1311 1359 1375)
3(1347 1368 1319)
3(1363 1368 1347)
3(1365 1371 1327)
3(1364 1391 1351)
3(1330 1331 1362)
3(1331 1377 1362)
3(1348 1375 1372)
3(1357 1393 1328)
3(1357 1371 1393)
3(1328 1346 1329)
3(1345 1393 1390)
3(1376 1394 1353)
3(1353 1394 1373)
3(1355 1370 1374)
3(1375 1359 1372)
3(1365 1395 1371)
3(1328 1393 1346)
3(1364 1396 1391)
3(1360 1397 1359)
3(1374 1398 1365)
3(1365 1398 1395)
3(1377 1399 1362)
3(1362 1399 1361)
3(1382 1400 1381)
3(1388 1401 1387)
3(1367 1402 1376)
3(1376 1402 1394)
3(1359 1397 1372)
3(1392 1396 1364)
3(1361 1403 1360)
3(1399 1403 1361)
3(1360 1403 1397)
3(1368 1404 1366)
3(1366 1405 1358)
3(1404 1405 1366)
3(1358 1405 1392)
3(1369 1374 1370)
3(1372 1397 1363)
3(1373 1398 1369)
3(1374 1369 1398)
3(1371 1406 1393)
3(1395 1406 1371)
3(1393 1406 1390)
3(1378 1399 1377)
3(1373 1401 1398)
3(1379 1407 1378)
3(1378 1407 1399)
3(1380 1408 1379)
3(1379 1408 1407)
3(1381 1409 1380)
3(1400 1409 1381)
3(1380 1409 1408)
3(1384 1410 1383)
3(1386 1411 1385)
3(1387 1412 1386)
3(1401 1412 1387)
3(1386 1412 1411)
3(1389 1395 1388)
3(1390 1406 1389)
3(1391 1413 1367)
3(1396 1413 1391)
3(1367 1413 1402)
3(1346 1393 1345)
3(1382 1410 1400)
3(1402 1412 1394)
3(1395 1401 1388)
3(1368 1414 1404)
3(1394 1401 1373)
3(1384 1411 1410)
3(1383 1410 1382)
3(1385 1411 1384)
3(1405 1400 1392)
3(1402 1413 1412)
3(1392 1400 1396)
3(1404 1409 1405)
3(1399 1407 1403)
3(1395 1398 1401)
3(1414 1407 1404)
3(1394 1412 1401)
3(1397 1414 1363)
3(1363 1414 1368)
3(1400 1405 1409)
3(1397 1403 1414)
3(1396 1411 1413)
3(1411 1396 1410)
3(1409 1404 1408)
3(1389 1406 1395)
3(1404 1407 1408)
3(1396 1400 1410)
3(1412 1413 1411)
3(1414 1403 1407)
3(24 163 145)
3(145 164 146)
3(146 165 147)
3(147 166 148)
3(148 167 149)
3(149 168 150)
3(150 169 151)
3(151 170 152)
3(152 171 153)
3(153 172 154)
3(154 173 155)
3(155 174 156)
3(156 175 157)
3(157 176 158)
3(158 177 159)
3(159 178 160)
3(160 179 161)
3(161 180 162)
3(162 181 7)
3(23 163 24)
3(164 145 163)
3(165 146 164)
3(166 147 165)
3(167 148 166)
3(168 149 167)
3(169 150 168)
3(170 151 169)
3(171 152 170)
3(172 153 171)
3(173 154 172)
3(174 155 173)
3(175 156 174)
3(176 157 175)
3(177 158 176)
3(178 159 177)
3(179 160 178)
3(180 161 179)
3(181 162 180)
3(6 7 181)
3(59 189 182)
3(182 1201 183)
3(184 1202 185)
3(186 1203 187)
3(188 163 23)
3(190 1204 189)
3(191 1205 190)
3(190 1205 1204)
3(192 1206 191)
3(191 1206 1205)
3(193 1207 192)
3(192 1207 1206)
3(194 1208 193)
3(193 1208 1207)
3(195 1209 194)
3(194 1209 1208)
3(196 1210 195)
3(195 1210 1209)
3(197 1211 196)
3(196 1211 1210)
3(198 1212 197)
3(197 1212 1211)
3(199 1213 198)
3(198 1213 1212)
3(200 1214 199)
3(199 1214 1213)
3(201 1215 200)
3(200 1215 1214)
3(202 1216 201)
3(201 1216 1215)
3(203 1217 202)
3(202 1217 1216)
3(204 1218 203)
3(203 1218 1217)
3(205 1219 204)
3(204 1219 1218)
3(206 1220 205)
3(205 1220 1219)
3(207 1221 206)
3(206 1221 1220)
3(40 1222 207)
3(208 1222 40)
3(207 1222 1221)
3(209 1223 208)
3(208 1223 1222)
3(210 1224 209)
3(209 1224 1223)
3(211 1225 210)
3(210 1225 1224)
3(212 1226 211)
3(211 1226 1225)
3(213 1227 212)
3(212 1227 1226)
3(214 1228 213)
3(213 1228 1227)
3(6 181 214)
3(163 1229 164)
3(165 1230 166)
3(167 1231 168)
3(169 1232 170)
3(171 1233 172)
3(173 1234 174)
3(175 1235 176)
3(177 1236 178)
3(179 1237 180)
3(188 1229 163)
3(1201 1238 183)
3(183 1238 184)
3(184 1238 1202)
3(185 1239 186)
3(185 1202 1239)
3(187 1240 188)
3(182 1204 1201)
3(181 1228 214)
3(1231 1241 168)
3(168 1241 169)
3(1230 1242 166)
3(166 1242 167)
3(164 1243 165)
3(167 1242 1231)
3(164 1229 1243)
3(169 1241 1232)
3(170 1244 171)
3(172 1245 173)
3(174 1246 175)
3(176 1247 177)
3(178 1248 179)
3(180 1249 181)
3(189 1204 182)
3(187 1203 1240)
3(1232 1244 170)
3(1233 1245 172)
3(1234 1246 174)
3(1235 1247 176)
3(1236 1248 178)
3(1237 1249 180)
3(1247 1236 177)
3(1248 1237 179)
3(1249 1228 181)
3(1239 1203 186)
3(1240 1229 188)
3(1243 1230 165)
3(1246 1235 175)
3(1245 1234 173)
3(1244 1233 171)
3(1204 1250 1201)
3(1205 1250 1204)
3(1201 1250 1238)
3(1238 1251 1202)
3(1240 1252 1229)
3(1229 1252 1243)
3(1203 1252 1240)
3(1239 1253 1203)
3(1203 1253 1252)
3(1233 1254 1245)
3(1206 1255 1205)
3(1205 1255 1250)
3(1207 1256 1206)
3(1208 1257 1207)
3(1207 1257 1256)
3(1209 1258 1208)
3(1208 1258 1257)
3(1210 1259 1209)
3(1209 1259 1258)
3(1211 1260 1210)
3(1210 1260 1259)
3(1212 1261 1211)
3(1211 1261 1260)
3(1213 1262 1212)
3(1212 1262 1261)
3(1214 1263 1213)
3(1213 1263 1262)
3(1215 1264 1214)
3(1214 1264 1263)
3(1216 1265 1215)
3(1215 1265 1264)
3(1217 1266 1216)
3(1216 1266 1265)
3(1218 1267 1217)
3(1217 1267 1266)
3(1219 1268 1218)
3(1218 1268 1267)
3(1220 1269 1219)
3(1219 1269 1268)
3(1221 1270 1220)
3(1220 1270 1269)
3(1225 1271 1224)
3(1226 1272 1225)
3(1225 1272 1271)
3(1227 1273 1226)
3(1226 1273 1272)
3(1228 1274 1227)
3(1249 1274 1228)
3(1227 1274 1273)
3(1241 1275 1232)
3(1231 1276 1241)
3(1241 1276 1275)
3(1246 1277 1235)
3(1242 1278 1231)
3(1231 1278 1276)
3(1230 1279 1242)
3(1242 1279 1278)
3(1234 1280 1246)
3(1246 1280 1277)
3(1244 1281 1233)
3(1233 1281 1254)
3(1245 1282 1234)
3(1234 1282 1280)
3(1236 1283 1248)
3(1237 1274 1249)
3(1247 1284 1236)
3(1236 1284 1283)
3(1243 1285 1230)
3(1252 1285 1243)
3(1230 1285 1279)
3(1232 1286 1244)
3(1275 1286 1232)
3(1244 1286 1281)
3(1202 1287 1239)
3(1254 1282 1245)
3(1206 1256 1255)
3(1202 1251 1287)
3(1271 1270 1224)
3(1222 1223 1221)
3(1224 1270 1223)
3(1250 1251 1238)
3(1221 1223 1270)
3(1235 1288 1247)
3(1283 1289 1248)
3(1248 1289 1237)
3(1237 1289 1274)
3(1287 1253 1239)
3(1235 1277 1288)
3(1288 1284 1247)
3(1255 1251 1250)
3(1253 1285 1252)
3(1260 1290 1259)
3(1266 1291 1265)
3(1256 1292 1255)
3(1255 1292 1251)
3(1274 1289 1273)
3(1272 1293 1271)
3(1257 1294 1256)
3(1256 1294 1292)
3(1281 1295 1254)
3(1289 1296 1273)
3(1273 1296 1272)
3(1277 1297 1288)
3(1251 1292 1287)
3(1253 1298 1285)
3(1285 1298 1279)
3(1258 1299 1257)
3(1257 1299 1294)
3(1259 1300 1258)
3(1258 1300 1299)
3(1293 1291 1267)
3(1261 1301 1260)
3(1260 1301 1290)
3(1263 1302 1262)
3(1264 1303 1263)
3(1263 1303 1302)
3(1265 1304 1264)
3(1264 1304 1303)
3(1281 1301 1295)
3(1270 1271 1269)
3(1296 1293 1272)
3(1253 1287 1298)
3(1293 1269 1271)
3(1276 1305 1275)
3(1278 1305 1276)
3(1279 1306 1278)
3(1298 1306 1279)
3(1278 1306 1305)
3(1259 1290 1300)
3(1282 1307 1280)
3(1283 1296 1289)
3(1287 1292 1298)
3(1283 1308 1296)
3(1284 1308 1283)
3(1296 1308 1293)
3(1284 1297 1308)
3(1291 1304 1265)
3(1254 1295 1282)
3(1282 1295 1307)
3(1261 1302 1301)
3(1262 1302 1261)
3(1281 1309 1301)
3(1286 1309 1281)
3(1301 1309 1290)
3(1269 1293 1268)
3(1277 1307 1297)
3(1305 1309 1275)
3(1290 1305 1300)
3(1275 1309 1286)
3(1288 1297 1284)
3(1309 1305 1290)
3(1280 1307 1277)
3(1306 1298 1294)
3(1305 1306 1300)
3(1299 1306 1294)
3(1293 1308 1291)
3(1268 1293 1267)
3(1307 1304 1297)
3(1307 1295 1303)
3(1291 1297 1304)
3(1302 1295 1301)
3(1300 1306 1299)
3(1302 1303 1295)
3(1304 1307 1303)
3(1266 1267 1291)
3(1292 1294 1298)
3(1308 1297 1291)
3(113 120 58)
3(114 1096 113)
3(115 1097 114)
3(114 1097 1096)
3(116 1098 115)
3(115 1098 1097)
3(117 1099 116)
3(116 1099 1098)
3(118 1100 117)
3(117 1100 1099)
3(119 1101 118)
3(118 1101 1100)
3(22 1102 119)
3(76 1102 22)
3(119 1102 1101)
3(120 1103 121)
3(122 1104 123)
3(124 1105 125)
3(126 1106 127)
3(128 1107 129)
3(130 1108 131)
3(132 1109 133)
3(134 1110 135)
3(136 1111 137)
3(137 138 39)
3(1111 138 137)
3(139 1112 140)
3(141 1113 142)
3(143 1114 144)
3(144 1115 5)
3(1114 1115 144)
3(5 1115 93)
3(77 1116 76)
3(76 1116 1102)
3(78 1117 77)
3(77 1117 1116)
3(79 1118 78)
3(78 1118 1117)
3(80 1119 79)
3(79 1119 1118)
3(81 1120 80)
3(80 1120 1119)
3(82 1121 81)
3(81 1121 1120)
3(83 1122 82)
3(82 1122 1121)
3(84 1123 83)
3(83 1123 1122)
3(85 1124 84)
3(84 1124 1123)
3(86 1125 85)
3(85 1125 1124)
3(87 1126 86)
3(86 1126 1125)
3(88 1127 87)
3(87 1127 1126)
3(89 1128 88)
3(88 1128 1127)
3(90 1129 89)
3(89 1129 1128)
3(91 1130 90)
3(90 1130 1129)
3(92 1131 91)
3(91 1131 1130)
3(93 1132 92)
3(1115 1132 93)
3(92 1132 1131)
3(1104 1133 123)
3(123 1133 124)
3(121 1134 122)
3(124 1133 1105)
3(121 1103 1134)
3(125 1135 126)
3(127 1136 128)
3(129 1137 130)
3(131 1138 132)
3(133 1139 134)
3(135 1140 136)
3(138 1141 139)
3(1111 1141 138)
3(139 1141 1112)
3(140 1142 141)
3(142 1143 143)
3(1138 1109 132)
3(125 1105 1135)
3(1137 1108 130)
3(113 1103 120)
3(1106 1136 127)
3(1107 1137 129)
3(1108 1138 131)
3(1109 1139 133)
3(1110 1140 135)
3(1113 1143 142)
3(140 1112 1142)
3(1139 1110 134)
3(1140 1111 136)
3(1134 1104 122)
3(1136 1107 128)
3(1135 1106 126)
3(1142 1113 141)
3(1143 1114 143)
3(1096 1103 113)
3(1106 1144 1136)
3(1098 1145 1097)
3(1099 1146 1098)
3(1098 1146 1145)
3(1100 1147 1099)
3(1099 1147 1146)
3(1101 1148 1100)
3(1100 1148 1147)
3(1102 1116 1101)
3(1104 1149 1133)
3(1136 1150 1107)
3(1142 1151 1113)
3(1107 1150 1137)
3(1135 1152 1106)
3(1106 1152 1144)
3(1108 1153 1138)
3(1105 1154 1135)
3(1135 1154 1152)
3(1110 1155 1140)
3(1140 1156 1111)
3(1155 1156 1140)
3(1111 1156 1141)
3(1113 1157 1143)
3(1134 1158 1104)
3(1104 1158 1149)
3(1139 1159 1110)
3(1110 1159 1155)
3(1112 1160 1142)
3(1142 1160 1151)
3(1096 1161 1103)
3(1097 1161 1096)
3(1103 1161 1134)
3(1138 1162 1109)
3(1153 1162 1138)
3(1109 1162 1139)
3(1118 1163 1117)
3(1119 1164 1118)
3(1118 1164 1163)
3(1120 1165 1119)
3(1119 1165 1164)
3(1121 1166 1120)
3(1120 1166 1165)
3(1122 1167 1121)
3(1121 1167 1166)
3(1123 1168 1122)
3(1122 1168 1167)
3(1124 1169 1123)
3(1123 1169 1168)
3(1125 1170 1124)
3(1124 1170 1169)
3(1126 1171 1125)
3(1125 1171 1170)
3(1127 1172 1126)
3(1126 1172 1171)
3(1128 1173 1127)
3(1127 1173 1172)
3(1129 1174 1128)
3(1128 1174 1173)
3(1130 1175 1129)
3(1129 1175 1174)
3(1131 1176 1130)
3(1130 1176 1175)
3(1137 1177 1108)
3(1108 1177 1153)
3(1116 1148 1101)
3(1144 1178 1136)
3(1136 1178 1150)
3(1112 1141 1160)
3(1097 1145 1161)
3(1133 1154 1105)
3(1149 1154 1133)
3(1151 1157 1113)
3(1150 1177 1137)
3(1116 1117 1148)
3(1117 1163 1148)
3(1134 1161 1158)
3(1143 1179 1114)
3(1143 1157 1179)
3(1114 1132 1115)
3(1131 1179 1176)
3(1162 1180 1139)
3(1139 1180 1159)
3(1141 1156 1160)
3(1161 1145 1158)
3(1151 1181 1157)
3(1114 1179 1132)
3(1150 1182 1177)
3(1146 1183 1145)
3(1160 1184 1151)
3(1151 1184 1181)
3(1163 1185 1148)
3(1148 1185 1147)
3(1168 1186 1167)
3(1174 1187 1173)
3(1153 1188 1162)
3(1162 1188 1180)
3(1145 1183 1158)
3(1178 1182 1150)
3(1147 1189 1146)
3(1185 1189 1147)
3(1146 1189 1183)
3(1154 1190 1152)
3(1152 1191 1144)
3(1190 1191 1152)
3(1144 1191 1178)
3(1155 1160 1156)
3(1158 1183 1149)
3(1159 1184 1155)
3(1160 1155 1184)
3(1157 1192 1179)
3(1181 1192 1157)
3(1179 1192 1176)
3(1164 1185 1163)
3(1159 1187 1184)
3(1165 1193 1164)
3(1164 1193 1185)
3(1166 1194 1165)
3(1165 1194 1193)
3(1167 1195 1166)
3(1186 1195 1167)
3(1166 1195 1194)
3(1170 1196 1169)
3(1172 1197 1171)
3(1173 1198 1172)
3(1187 1198 1173)
3(1172 1198 1197)
3(1175 1181 1174)
3(1176 1192 1175)
3(1177 1199 1153)
3(1182 1199 1177)
3(1153 1199 1188)
3(1132 1179 1131)
3(1168 1196 1186)
3(1188 1198 1180)
3(1181 1187 1174)
3(1154 1200 1190)
3(1180 1187 1159)
3(1170 1197 1196)
3(1169 1196 1168)
3(1171 1197 1170)
3(1191 1186 1178)
3(1188 1199 1198)
3(1178 1186 1182)
3(1190 1195 1191)
3(1185 1193 1189)
3(1181 1184 1187)
3(1200 1193 1190)
3(1180 1198 1187)
3(1183 1200 1149)
3(1149 1200 1154)
3(1186 1191 1195)
3(1183 1189 1200)
3(1182 1197 1199)
3(1197 1182 1196)
3(1195 1190 1194)
3(1175 1192 1181)
3(1190 1193 1194)
3(1182 1186 1196)
3(1198 1199 1197)
3(1200 1189 1193)
3(22 94 76)
3(76 95 77)
3(77 96 78)
3(78 97 79)
3(79 98 80)
3(80 99 81)
3(81 100 82)
3(82 101 83)
3(83 102 84)
3(84 103 85)
3(85 104 86)
3(86 105 87)
3(87 106 88)
3(88 107 89)
3(89 108 90)
3(90 109 91)
3(91 110 92)
3(92 111 93)
3(93 112 5)
3(21 94 22)
3(95 76 94)
3(96 77 95)
3(97 78 96)
3(98 79 97)
3(99 80 98)
3(100 81 99)
3(101 82 100)
3(102 83 101)
3(103 84 102)
3(104 85 103)
3(105 86 104)
3(106 87 105)
3(107 88 106)
3(108 89 107)
3(109 90 108)
3(110 91 109)
3(111 92 110)
3(112 93 111)
3(4 5 112)
)


// ************************************************************************* //
