/*--------------------------------*- C++ -*----------------------------------*\
  =========                 |
  \\      /  F ield         | OpenFOAM: The Open Source CFD Toolbox
   \\    /   O peration     | Website:  https://openfoam.org
    \\  /    A nd           | Version:  13
     \\/     M anipulation  |
\*---------------------------------------------------------------------------*/
FoamFile
{
    format      ascii;
    class       cellSet;
    location    "constant/polyMesh/sets";
    object      rotor1;
}
// * * * * * * * * * * * * * * * * * * * * * * * * * * * * * * * * * * * * * //


49680
(
131760 
131761 
131762 
131763 
131764 
131765 
131766 
131767 
131768 
131769 
131770 
131771 
131772 
131773 
131774 
131775 
131776 
131777 
131778 
131779 
131780 
131781 
131782 
131783 
131784 
131785 
131786 
131787 
131788 
131789 
131790 
131791 
131792 
131793 
131794 
131795 
131796 
131797 
131798 
131799 
131800 
131801 
131802 
131803 
131804 
131805 
131806 
131807 
131808 
131809 
131810 
131811 
131812 
131813 
131814 
131815 
131816 
131817 
131818 
131819 
131820 
131821 
131822 
131823 
131824 
131825 
131826 
131827 
131828 
131829 
131830 
131831 
131832 
131833 
131834 
131835 
131836 
131837 
131838 
131839 
131840 
131841 
131842 
131843 
131844 
131845 
131846 
131847 
131848 
131849 
131850 
131851 
131852 
131853 
131854 
131855 
131856 
131857 
131858 
131859 
131860 
131861 
131862 
131863 
131864 
131865 
131866 
131867 
131868 
131869 
131870 
131871 
131872 
131873 
131874 
131875 
131876 
131877 
131878 
131879 
131880 
131881 
131882 
131883 
131884 
131885 
131886 
131887 
131888 
131889 
131890 
131891 
131892 
131893 
131894 
131895 
131896 
131897 
131898 
131899 
131900 
131901 
131902 
131903 
131904 
131905 
131906 
131907 
131908 
131909 
131910 
131911 
131912 
131913 
131914 
131915 
131916 
131917 
131918 
131919 
131920 
131921 
131922 
131923 
131924 
131925 
131926 
131927 
131928 
131929 
131930 
131931 
131932 
131933 
131934 
131935 
131936 
131937 
131938 
131939 
131940 
131941 
131942 
131943 
131944 
131945 
131946 
131947 
131948 
131949 
131950 
131951 
131952 
131953 
131954 
131955 
131956 
131957 
131958 
131959 
131960 
131961 
131962 
131963 
131964 
131965 
131966 
131967 
131968 
131969 
131970 
131971 
131972 
131973 
131974 
131975 
131976 
131977 
131978 
131979 
131980 
131981 
131982 
131983 
131984 
131985 
131986 
131987 
131988 
131989 
131990 
131991 
131992 
131993 
131994 
131995 
131996 
131997 
131998 
131999 
132000 
132001 
132002 
132003 
132004 
132005 
132006 
132007 
132008 
132009 
132010 
132011 
132012 
132013 
132014 
132015 
132016 
132017 
132018 
132019 
132020 
132021 
132022 
132023 
132024 
132025 
132026 
132027 
132028 
132029 
132030 
132031 
132032 
132033 
132034 
132035 
132036 
132037 
132038 
132039 
132040 
132041 
132042 
132043 
132044 
132045 
132046 
132047 
132048 
132049 
132050 
132051 
132052 
132053 
132054 
132055 
132056 
132057 
132058 
132059 
132060 
132061 
132062 
132063 
132064 
132065 
132066 
132067 
132068 
132069 
132070 
132071 
132072 
132073 
132074 
132075 
132076 
132077 
132078 
132079 
132080 
132081 
132082 
132083 
132084 
132085 
132086 
132087 
132088 
132089 
132090 
132091 
132092 
132093 
132094 
132095 
132096 
132097 
132098 
132099 
132100 
132101 
132102 
132103 
132104 
132105 
132106 
132107 
132108 
132109 
132110 
132111 
132112 
132113 
132114 
132115 
132116 
132117 
132118 
132119 
132120 
132121 
132122 
132123 
132124 
132125 
132126 
132127 
132128 
132129 
132130 
132131 
132132 
132133 
132134 
132135 
132136 
132137 
132138 
132139 
132140 
132141 
132142 
132143 
132144 
132145 
132146 
132147 
132148 
132149 
132150 
132151 
132152 
132153 
132154 
132155 
132156 
132157 
132158 
132159 
132160 
132161 
132162 
132163 
132164 
132165 
132166 
132167 
132168 
132169 
132170 
132171 
132172 
132173 
132174 
132175 
132176 
132177 
132178 
132179 
132180 
132181 
132182 
132183 
132184 
132185 
132186 
132187 
132188 
132189 
132190 
132191 
132192 
132193 
132194 
132195 
132196 
132197 
132198 
132199 
132200 
132201 
132202 
132203 
132204 
132205 
132206 
132207 
132208 
132209 
132210 
132211 
132212 
132213 
132214 
132215 
132216 
132217 
132218 
132219 
132220 
132221 
132222 
132223 
132224 
132225 
132226 
132227 
132228 
132229 
132230 
132231 
132232 
132233 
132234 
132235 
132236 
132237 
132238 
132239 
132240 
132241 
132242 
132243 
132244 
132245 
132246 
132247 
132248 
132249 
132250 
132251 
132252 
132253 
132254 
132255 
132256 
132257 
132258 
132259 
132260 
132261 
132262 
132263 
132264 
132265 
132266 
132267 
132268 
132269 
132270 
132271 
132272 
132273 
132274 
132275 
132276 
132277 
132278 
132279 
132280 
132281 
132282 
132283 
132284 
132285 
132286 
132287 
132288 
132289 
132290 
132291 
132292 
132293 
132294 
132295 
132296 
132297 
132298 
132299 
132300 
132301 
132302 
132303 
132304 
132305 
132306 
132307 
132308 
132309 
132310 
132311 
132312 
132313 
132314 
132315 
132316 
132317 
132318 
132319 
132320 
132321 
132322 
132323 
132324 
132325 
132326 
132327 
132328 
132329 
132330 
132331 
132332 
132333 
132334 
132335 
132336 
132337 
132338 
132339 
132340 
132341 
132342 
132343 
132344 
132345 
132346 
132347 
132348 
132349 
132350 
132351 
132352 
132353 
132354 
132355 
132356 
132357 
132358 
132359 
132360 
132361 
132362 
132363 
132364 
132365 
132366 
132367 
132368 
132369 
132370 
132371 
132372 
132373 
132374 
132375 
132376 
132377 
132378 
132379 
132380 
132381 
132382 
132383 
132384 
132385 
132386 
132387 
132388 
132389 
132390 
132391 
132392 
132393 
132394 
132395 
132396 
132397 
132398 
132399 
132400 
132401 
132402 
132403 
132404 
132405 
132406 
132407 
132408 
132409 
132410 
132411 
132412 
132413 
132414 
132415 
132416 
132417 
132418 
132419 
132420 
132421 
132422 
132423 
132424 
132425 
132426 
132427 
132428 
132429 
132430 
132431 
132432 
132433 
132434 
132435 
132436 
132437 
132438 
132439 
132440 
132441 
132442 
132443 
132444 
132445 
132446 
132447 
132448 
132449 
132450 
132451 
132452 
132453 
132454 
132455 
132456 
132457 
132458 
132459 
132460 
132461 
132462 
132463 
132464 
132465 
132466 
132467 
132468 
132469 
132470 
132471 
132472 
132473 
132474 
132475 
132476 
132477 
132478 
132479 
132480 
132481 
132482 
132483 
132484 
132485 
132486 
132487 
132488 
132489 
132490 
132491 
132492 
132493 
132494 
132495 
132496 
132497 
132498 
132499 
132500 
132501 
132502 
132503 
132504 
132505 
132506 
132507 
132508 
132509 
132510 
132511 
132512 
132513 
132514 
132515 
132516 
132517 
132518 
132519 
132520 
132521 
132522 
132523 
132524 
132525 
132526 
132527 
132528 
132529 
132530 
132531 
132532 
132533 
132534 
132535 
132536 
132537 
132538 
132539 
132540 
132541 
132542 
132543 
132544 
132545 
132546 
132547 
132548 
132549 
132550 
132551 
132552 
132553 
132554 
132555 
132556 
132557 
132558 
132559 
132560 
132561 
132562 
132563 
132564 
132565 
132566 
132567 
132568 
132569 
132570 
132571 
132572 
132573 
132574 
132575 
132576 
132577 
132578 
132579 
132580 
132581 
132582 
132583 
132584 
132585 
132586 
132587 
132588 
132589 
132590 
132591 
132592 
132593 
132594 
132595 
132596 
132597 
132598 
132599 
132600 
132601 
132602 
132603 
132604 
132605 
132606 
132607 
132608 
132609 
132610 
132611 
132612 
132613 
132614 
132615 
132616 
132617 
132618 
132619 
132620 
132621 
132622 
132623 
132624 
132625 
132626 
132627 
132628 
132629 
132630 
132631 
132632 
132633 
132634 
132635 
132636 
132637 
132638 
132639 
132640 
132641 
132642 
132643 
132644 
132645 
132646 
132647 
132648 
132649 
132650 
132651 
132652 
132653 
132654 
132655 
132656 
132657 
132658 
132659 
132660 
132661 
132662 
132663 
132664 
132665 
132666 
132667 
132668 
132669 
132670 
132671 
132672 
132673 
132674 
132675 
132676 
132677 
132678 
132679 
132680 
132681 
132682 
132683 
132684 
132685 
132686 
132687 
132688 
132689 
132690 
132691 
132692 
132693 
132694 
132695 
132696 
132697 
132698 
132699 
132700 
132701 
132702 
132703 
132704 
132705 
132706 
132707 
132708 
132709 
132710 
132711 
132712 
132713 
132714 
132715 
132716 
132717 
132718 
132719 
132720 
132721 
132722 
132723 
132724 
132725 
132726 
132727 
132728 
132729 
132730 
132731 
132732 
132733 
132734 
132735 
132736 
132737 
132738 
132739 
132740 
132741 
132742 
132743 
132744 
132745 
132746 
132747 
132748 
132749 
132750 
132751 
132752 
132753 
132754 
132755 
132756 
132757 
132758 
132759 
132760 
132761 
132762 
132763 
132764 
132765 
132766 
132767 
132768 
132769 
132770 
132771 
132772 
132773 
132774 
132775 
132776 
132777 
132778 
132779 
132780 
132781 
132782 
132783 
132784 
132785 
132786 
132787 
132788 
132789 
132790 
132791 
132792 
132793 
132794 
132795 
132796 
132797 
132798 
132799 
132800 
132801 
132802 
132803 
132804 
132805 
132806 
132807 
132808 
132809 
132810 
132811 
132812 
132813 
132814 
132815 
132816 
132817 
132818 
132819 
132820 
132821 
132822 
132823 
132824 
132825 
132826 
132827 
132828 
132829 
132830 
132831 
132832 
132833 
132834 
132835 
132836 
132837 
132838 
132839 
132840 
132841 
132842 
132843 
132844 
132845 
132846 
132847 
132848 
132849 
132850 
132851 
132852 
132853 
132854 
132855 
132856 
132857 
132858 
132859 
132860 
132861 
132862 
132863 
132864 
132865 
132866 
132867 
132868 
132869 
132870 
132871 
132872 
132873 
132874 
132875 
132876 
132877 
132878 
132879 
132880 
132881 
132882 
132883 
132884 
132885 
132886 
132887 
132888 
132889 
132890 
132891 
132892 
132893 
132894 
132895 
132896 
132897 
132898 
132899 
132900 
132901 
132902 
132903 
132904 
132905 
132906 
132907 
132908 
132909 
132910 
132911 
132912 
132913 
132914 
132915 
132916 
132917 
132918 
132919 
132920 
132921 
132922 
132923 
132924 
132925 
132926 
132927 
132928 
132929 
132930 
132931 
132932 
132933 
132934 
132935 
132936 
132937 
132938 
132939 
132940 
132941 
132942 
132943 
132944 
132945 
132946 
132947 
132948 
132949 
132950 
132951 
132952 
132953 
132954 
132955 
132956 
132957 
132958 
132959 
132960 
132961 
132962 
132963 
132964 
132965 
132966 
132967 
132968 
132969 
132970 
132971 
132972 
132973 
132974 
132975 
132976 
132977 
132978 
132979 
132980 
132981 
132982 
132983 
132984 
132985 
132986 
132987 
132988 
132989 
132990 
132991 
132992 
132993 
132994 
132995 
132996 
132997 
132998 
132999 
133000 
133001 
133002 
133003 
133004 
133005 
133006 
133007 
133008 
133009 
133010 
133011 
133012 
133013 
133014 
133015 
133016 
133017 
133018 
133019 
133020 
133021 
133022 
133023 
133024 
133025 
133026 
133027 
133028 
133029 
133030 
133031 
133032 
133033 
133034 
133035 
133036 
133037 
133038 
133039 
133040 
133041 
133042 
133043 
133044 
133045 
133046 
133047 
133048 
133049 
133050 
133051 
133052 
133053 
133054 
133055 
133056 
133057 
133058 
133059 
133060 
133061 
133062 
133063 
133064 
133065 
133066 
133067 
133068 
133069 
133070 
133071 
133072 
133073 
133074 
133075 
133076 
133077 
133078 
133079 
133080 
133081 
133082 
133083 
133084 
133085 
133086 
133087 
133088 
133089 
133090 
133091 
133092 
133093 
133094 
133095 
133096 
133097 
133098 
133099 
133100 
133101 
133102 
133103 
133104 
133105 
133106 
133107 
133108 
133109 
133110 
133111 
133112 
133113 
133114 
133115 
133116 
133117 
133118 
133119 
133120 
133121 
133122 
133123 
133124 
133125 
133126 
133127 
133128 
133129 
133130 
133131 
133132 
133133 
133134 
133135 
133136 
133137 
133138 
133139 
133140 
133141 
133142 
133143 
133144 
133145 
133146 
133147 
133148 
133149 
133150 
133151 
133152 
133153 
133154 
133155 
133156 
133157 
133158 
133159 
133160 
133161 
133162 
133163 
133164 
133165 
133166 
133167 
133168 
133169 
133170 
133171 
133172 
133173 
133174 
133175 
133176 
133177 
133178 
133179 
133180 
133181 
133182 
133183 
133184 
133185 
133186 
133187 
133188 
133189 
133190 
133191 
133192 
133193 
133194 
133195 
133196 
133197 
133198 
133199 
133200 
133201 
133202 
133203 
133204 
133205 
133206 
133207 
133208 
133209 
133210 
133211 
133212 
133213 
133214 
133215 
133216 
133217 
133218 
133219 
133220 
133221 
133222 
133223 
133224 
133225 
133226 
133227 
133228 
133229 
133230 
133231 
133232 
133233 
133234 
133235 
133236 
133237 
133238 
133239 
133240 
133241 
133242 
133243 
133244 
133245 
133246 
133247 
133248 
133249 
133250 
133251 
133252 
133253 
133254 
133255 
133256 
133257 
133258 
133259 
133260 
133261 
133262 
133263 
133264 
133265 
133266 
133267 
133268 
133269 
133270 
133271 
133272 
133273 
133274 
133275 
133276 
133277 
133278 
133279 
133280 
133281 
133282 
133283 
133284 
133285 
133286 
133287 
133288 
133289 
133290 
133291 
133292 
133293 
133294 
133295 
133296 
133297 
133298 
133299 
133300 
133301 
133302 
133303 
133304 
133305 
133306 
133307 
133308 
133309 
133310 
133311 
133312 
133313 
133314 
133315 
133316 
133317 
133318 
133319 
133320 
133321 
133322 
133323 
133324 
133325 
133326 
133327 
133328 
133329 
133330 
133331 
133332 
133333 
133334 
133335 
133336 
133337 
133338 
133339 
133340 
133341 
133342 
133343 
133344 
133345 
133346 
133347 
133348 
133349 
133350 
133351 
133352 
133353 
133354 
133355 
133356 
133357 
133358 
133359 
133360 
133361 
133362 
133363 
133364 
133365 
133366 
133367 
133368 
133369 
133370 
133371 
133372 
133373 
133374 
133375 
133376 
133377 
133378 
133379 
133380 
133381 
133382 
133383 
133384 
133385 
133386 
133387 
133388 
133389 
133390 
133391 
133392 
133393 
133394 
133395 
133396 
133397 
133398 
133399 
133400 
133401 
133402 
133403 
133404 
133405 
133406 
133407 
133408 
133409 
133410 
133411 
133412 
133413 
133414 
133415 
133416 
133417 
133418 
133419 
133420 
133421 
133422 
133423 
133424 
133425 
133426 
133427 
133428 
133429 
133430 
133431 
133432 
133433 
133434 
133435 
133436 
133437 
133438 
133439 
133440 
133441 
133442 
133443 
133444 
133445 
133446 
133447 
133448 
133449 
133450 
133451 
133452 
133453 
133454 
133455 
133456 
133457 
133458 
133459 
133460 
133461 
133462 
133463 
133464 
133465 
133466 
133467 
133468 
133469 
133470 
133471 
133472 
133473 
133474 
133475 
133476 
133477 
133478 
133479 
133480 
133481 
133482 
133483 
133484 
133485 
133486 
133487 
133488 
133489 
133490 
133491 
133492 
133493 
133494 
133495 
133496 
133497 
133498 
133499 
133500 
133501 
133502 
133503 
133504 
133505 
133506 
133507 
133508 
133509 
133510 
133511 
133512 
133513 
133514 
133515 
133516 
133517 
133518 
133519 
133520 
133521 
133522 
133523 
133524 
133525 
133526 
133527 
133528 
133529 
133530 
133531 
133532 
133533 
133534 
133535 
133536 
133537 
133538 
133539 
133540 
133541 
133542 
133543 
133544 
133545 
133546 
133547 
133548 
133549 
133550 
133551 
133552 
133553 
133554 
133555 
133556 
133557 
133558 
133559 
133560 
133561 
133562 
133563 
133564 
133565 
133566 
133567 
133568 
133569 
133570 
133571 
133572 
133573 
133574 
133575 
133576 
133577 
133578 
133579 
133580 
133581 
133582 
133583 
133584 
133585 
133586 
133587 
133588 
133589 
133590 
133591 
133592 
133593 
133594 
133595 
133596 
133597 
133598 
133599 
133600 
133601 
133602 
133603 
133604 
133605 
133606 
133607 
133608 
133609 
133610 
133611 
133612 
133613 
133614 
133615 
133616 
133617 
133618 
133619 
133620 
133621 
133622 
133623 
133624 
133625 
133626 
133627 
133628 
133629 
133630 
133631 
133632 
133633 
133634 
133635 
133636 
133637 
133638 
133639 
133640 
133641 
133642 
133643 
133644 
133645 
133646 
133647 
133648 
133649 
133650 
133651 
133652 
133653 
133654 
133655 
133656 
133657 
133658 
133659 
133660 
133661 
133662 
133663 
133664 
133665 
133666 
133667 
133668 
133669 
133670 
133671 
133672 
133673 
133674 
133675 
133676 
133677 
133678 
133679 
133680 
133681 
133682 
133683 
133684 
133685 
133686 
133687 
133688 
133689 
133690 
133691 
133692 
133693 
133694 
133695 
133696 
133697 
133698 
133699 
133700 
133701 
133702 
133703 
133704 
133705 
133706 
133707 
133708 
133709 
133710 
133711 
133712 
133713 
133714 
133715 
133716 
133717 
133718 
133719 
133720 
133721 
133722 
133723 
133724 
133725 
133726 
133727 
133728 
133729 
133730 
133731 
133732 
133733 
133734 
133735 
133736 
133737 
133738 
133739 
133740 
133741 
133742 
133743 
133744 
133745 
133746 
133747 
133748 
133749 
133750 
133751 
133752 
133753 
133754 
133755 
133756 
133757 
133758 
133759 
133760 
133761 
133762 
133763 
133764 
133765 
133766 
133767 
133768 
133769 
133770 
133771 
133772 
133773 
133774 
133775 
133776 
133777 
133778 
133779 
133780 
133781 
133782 
133783 
133784 
133785 
133786 
133787 
133788 
133789 
133790 
133791 
133792 
133793 
133794 
133795 
133796 
133797 
133798 
133799 
133800 
133801 
133802 
133803 
133804 
133805 
133806 
133807 
133808 
133809 
133810 
133811 
133812 
133813 
133814 
133815 
133816 
133817 
133818 
133819 
133820 
133821 
133822 
133823 
133824 
133825 
133826 
133827 
133828 
133829 
133830 
133831 
133832 
133833 
133834 
133835 
133836 
133837 
133838 
133839 
133840 
133841 
133842 
133843 
133844 
133845 
133846 
133847 
133848 
133849 
133850 
133851 
133852 
133853 
133854 
133855 
133856 
133857 
133858 
133859 
133860 
133861 
133862 
133863 
133864 
133865 
133866 
133867 
133868 
133869 
133870 
133871 
133872 
133873 
133874 
133875 
133876 
133877 
133878 
133879 
133880 
133881 
133882 
133883 
133884 
133885 
133886 
133887 
133888 
133889 
133890 
133891 
133892 
133893 
133894 
133895 
133896 
133897 
133898 
133899 
133900 
133901 
133902 
133903 
133904 
133905 
133906 
133907 
133908 
133909 
133910 
133911 
133912 
133913 
133914 
133915 
133916 
133917 
133918 
133919 
146880 
146881 
146882 
146883 
146884 
146885 
146886 
146887 
146888 
146889 
146890 
146891 
146892 
146893 
146894 
146895 
146896 
146897 
146898 
146899 
146900 
146901 
146902 
146903 
146904 
146905 
146906 
146907 
146908 
146909 
146910 
146911 
146912 
146913 
146914 
146915 
146916 
146917 
146918 
146919 
146920 
146921 
146922 
146923 
146924 
146925 
146926 
146927 
146928 
146929 
146930 
146931 
146932 
146933 
146934 
146935 
146936 
146937 
146938 
146939 
146940 
146941 
146942 
146943 
146944 
146945 
146946 
146947 
146948 
146949 
146950 
146951 
146952 
146953 
146954 
146955 
146956 
146957 
146958 
146959 
146960 
146961 
146962 
146963 
146964 
146965 
146966 
146967 
146968 
146969 
146970 
146971 
146972 
146973 
146974 
146975 
146976 
146977 
146978 
146979 
146980 
146981 
146982 
146983 
146984 
146985 
146986 
146987 
146988 
146989 
146990 
146991 
146992 
146993 
146994 
146995 
146996 
146997 
146998 
146999 
147000 
147001 
147002 
147003 
147004 
147005 
147006 
147007 
147008 
147009 
147010 
147011 
147012 
147013 
147014 
147015 
147016 
147017 
147018 
147019 
147020 
147021 
147022 
147023 
147024 
147025 
147026 
147027 
147028 
147029 
147030 
147031 
147032 
147033 
147034 
147035 
147036 
147037 
147038 
147039 
147040 
147041 
147042 
147043 
147044 
147045 
147046 
147047 
147048 
147049 
147050 
147051 
147052 
147053 
147054 
147055 
147056 
147057 
147058 
147059 
147060 
147061 
147062 
147063 
147064 
147065 
147066 
147067 
147068 
147069 
147070 
147071 
147072 
147073 
147074 
147075 
147076 
147077 
147078 
147079 
147080 
147081 
147082 
147083 
147084 
147085 
147086 
147087 
147088 
147089 
147090 
147091 
147092 
147093 
147094 
147095 
147096 
147097 
147098 
147099 
147100 
147101 
147102 
147103 
147104 
147105 
147106 
147107 
147108 
147109 
147110 
147111 
147112 
147113 
147114 
147115 
147116 
147117 
147118 
147119 
147120 
147121 
147122 
147123 
147124 
147125 
147126 
147127 
147128 
147129 
147130 
147131 
147132 
147133 
147134 
147135 
147136 
147137 
147138 
147139 
147140 
147141 
147142 
147143 
147144 
147145 
147146 
147147 
147148 
147149 
147150 
147151 
147152 
147153 
147154 
147155 
147156 
147157 
147158 
147159 
147160 
147161 
147162 
147163 
147164 
147165 
147166 
147167 
147168 
147169 
147170 
147171 
147172 
147173 
147174 
147175 
147176 
147177 
147178 
147179 
147180 
147181 
147182 
147183 
147184 
147185 
147186 
147187 
147188 
147189 
147190 
147191 
147192 
147193 
147194 
147195 
147196 
147197 
147198 
147199 
147200 
147201 
147202 
147203 
147204 
147205 
147206 
147207 
147208 
147209 
147210 
147211 
147212 
147213 
147214 
147215 
147216 
147217 
147218 
147219 
147220 
147221 
147222 
147223 
147224 
147225 
147226 
147227 
147228 
147229 
147230 
147231 
147232 
147233 
147234 
147235 
147236 
147237 
147238 
147239 
147240 
147241 
147242 
147243 
147244 
147245 
147246 
147247 
147248 
147249 
147250 
147251 
147252 
147253 
147254 
147255 
147256 
147257 
147258 
147259 
147260 
147261 
147262 
147263 
147264 
147265 
147266 
147267 
147268 
147269 
147270 
147271 
147272 
147273 
147274 
147275 
147276 
147277 
147278 
147279 
147280 
147281 
147282 
147283 
147284 
147285 
147286 
147287 
147288 
147289 
147290 
147291 
147292 
147293 
147294 
147295 
147296 
147297 
147298 
147299 
147300 
147301 
147302 
147303 
147304 
147305 
147306 
147307 
147308 
147309 
147310 
147311 
147312 
147313 
147314 
147315 
147316 
147317 
147318 
147319 
147320 
147321 
147322 
147323 
147324 
147325 
147326 
147327 
147328 
147329 
147330 
147331 
147332 
147333 
147334 
147335 
147336 
147337 
147338 
147339 
147340 
147341 
147342 
147343 
147344 
147345 
147346 
147347 
147348 
147349 
147350 
147351 
147352 
147353 
147354 
147355 
147356 
147357 
147358 
147359 
147360 
147361 
147362 
147363 
147364 
147365 
147366 
147367 
147368 
147369 
147370 
147371 
147372 
147373 
147374 
147375 
147376 
147377 
147378 
147379 
147380 
147381 
147382 
147383 
147384 
147385 
147386 
147387 
147388 
147389 
147390 
147391 
147392 
147393 
147394 
147395 
147396 
147397 
147398 
147399 
147400 
147401 
147402 
147403 
147404 
147405 
147406 
147407 
147408 
147409 
147410 
147411 
147412 
147413 
147414 
147415 
147416 
147417 
147418 
147419 
147420 
147421 
147422 
147423 
147424 
147425 
147426 
147427 
147428 
147429 
147430 
147431 
147432 
147433 
147434 
147435 
147436 
147437 
147438 
147439 
147440 
147441 
147442 
147443 
147444 
147445 
147446 
147447 
147448 
147449 
147450 
147451 
147452 
147453 
147454 
147455 
147456 
147457 
147458 
147459 
147460 
147461 
147462 
147463 
147464 
147465 
147466 
147467 
147468 
147469 
147470 
147471 
147472 
147473 
147474 
147475 
147476 
147477 
147478 
147479 
147480 
147481 
147482 
147483 
147484 
147485 
147486 
147487 
147488 
147489 
147490 
147491 
147492 
147493 
147494 
147495 
147496 
147497 
147498 
147499 
147500 
147501 
147502 
147503 
147504 
147505 
147506 
147507 
147508 
147509 
147510 
147511 
147512 
147513 
147514 
147515 
147516 
147517 
147518 
147519 
147520 
147521 
147522 
147523 
147524 
147525 
147526 
147527 
147528 
147529 
147530 
147531 
147532 
147533 
147534 
147535 
147536 
147537 
147538 
147539 
147540 
147541 
147542 
147543 
147544 
147545 
147546 
147547 
147548 
147549 
147550 
147551 
147552 
147553 
147554 
147555 
147556 
147557 
147558 
147559 
147560 
147561 
147562 
147563 
147564 
147565 
147566 
147567 
147568 
147569 
147570 
147571 
147572 
147573 
147574 
147575 
147576 
147577 
147578 
147579 
147580 
147581 
147582 
147583 
147584 
147585 
147586 
147587 
147588 
147589 
147590 
147591 
147592 
147593 
147594 
147595 
147596 
147597 
147598 
147599 
147600 
147601 
147602 
147603 
147604 
147605 
147606 
147607 
147608 
147609 
147610 
147611 
147612 
147613 
147614 
147615 
147616 
147617 
147618 
147619 
147620 
147621 
147622 
147623 
147624 
147625 
147626 
147627 
147628 
147629 
147630 
147631 
147632 
147633 
147634 
147635 
147636 
147637 
147638 
147639 
147640 
147641 
147642 
147643 
147644 
147645 
147646 
147647 
147648 
147649 
147650 
147651 
147652 
147653 
147654 
147655 
147656 
147657 
147658 
147659 
147660 
147661 
147662 
147663 
147664 
147665 
147666 
147667 
147668 
147669 
147670 
147671 
147672 
147673 
147674 
147675 
147676 
147677 
147678 
147679 
147680 
147681 
147682 
147683 
147684 
147685 
147686 
147687 
147688 
147689 
147690 
147691 
147692 
147693 
147694 
147695 
147696 
147697 
147698 
147699 
147700 
147701 
147702 
147703 
147704 
147705 
147706 
147707 
147708 
147709 
147710 
147711 
147712 
147713 
147714 
147715 
147716 
147717 
147718 
147719 
147720 
147721 
147722 
147723 
147724 
147725 
147726 
147727 
147728 
147729 
147730 
147731 
147732 
147733 
147734 
147735 
147736 
147737 
147738 
147739 
147740 
147741 
147742 
147743 
147744 
147745 
147746 
147747 
147748 
147749 
147750 
147751 
147752 
147753 
147754 
147755 
147756 
147757 
147758 
147759 
147760 
147761 
147762 
147763 
147764 
147765 
147766 
147767 
147768 
147769 
147770 
147771 
147772 
147773 
147774 
147775 
147776 
147777 
147778 
147779 
147780 
147781 
147782 
147783 
147784 
147785 
147786 
147787 
147788 
147789 
147790 
147791 
147792 
147793 
147794 
147795 
147796 
147797 
147798 
147799 
147800 
147801 
147802 
147803 
147804 
147805 
147806 
147807 
147808 
147809 
147810 
147811 
147812 
147813 
147814 
147815 
147816 
147817 
147818 
147819 
147820 
147821 
147822 
147823 
147824 
147825 
147826 
147827 
147828 
147829 
147830 
147831 
147832 
147833 
147834 
147835 
147836 
147837 
147838 
147839 
147840 
147841 
147842 
147843 
147844 
147845 
147846 
147847 
147848 
147849 
147850 
147851 
147852 
147853 
147854 
147855 
147856 
147857 
147858 
147859 
147860 
147861 
147862 
147863 
147864 
147865 
147866 
147867 
147868 
147869 
147870 
147871 
147872 
147873 
147874 
147875 
147876 
147877 
147878 
147879 
147880 
147881 
147882 
147883 
147884 
147885 
147886 
147887 
147888 
147889 
147890 
147891 
147892 
147893 
147894 
147895 
147896 
147897 
147898 
147899 
147900 
147901 
147902 
147903 
147904 
147905 
147906 
147907 
147908 
147909 
147910 
147911 
147912 
147913 
147914 
147915 
147916 
147917 
147918 
147919 
147920 
147921 
147922 
147923 
147924 
147925 
147926 
147927 
147928 
147929 
147930 
147931 
147932 
147933 
147934 
147935 
147936 
147937 
147938 
147939 
147940 
147941 
147942 
147943 
147944 
147945 
147946 
147947 
147948 
147949 
147950 
147951 
147952 
147953 
147954 
147955 
147956 
147957 
147958 
147959 
147960 
147961 
147962 
147963 
147964 
147965 
147966 
147967 
147968 
147969 
147970 
147971 
147972 
147973 
147974 
147975 
147976 
147977 
147978 
147979 
147980 
147981 
147982 
147983 
147984 
147985 
147986 
147987 
147988 
147989 
147990 
147991 
147992 
147993 
147994 
147995 
147996 
147997 
147998 
147999 
148000 
148001 
148002 
148003 
148004 
148005 
148006 
148007 
148008 
148009 
148010 
148011 
148012 
148013 
148014 
148015 
148016 
148017 
148018 
148019 
148020 
148021 
148022 
148023 
148024 
148025 
148026 
148027 
148028 
148029 
148030 
148031 
148032 
148033 
148034 
148035 
148036 
148037 
148038 
148039 
148040 
148041 
148042 
148043 
148044 
148045 
148046 
148047 
148048 
148049 
148050 
148051 
148052 
148053 
148054 
148055 
148056 
148057 
148058 
148059 
148060 
148061 
148062 
148063 
148064 
148065 
148066 
148067 
148068 
148069 
148070 
148071 
148072 
148073 
148074 
148075 
148076 
148077 
148078 
148079 
148080 
148081 
148082 
148083 
148084 
148085 
148086 
148087 
148088 
148089 
148090 
148091 
148092 
148093 
148094 
148095 
148096 
148097 
148098 
148099 
148100 
148101 
148102 
148103 
148104 
148105 
148106 
148107 
148108 
148109 
148110 
148111 
148112 
148113 
148114 
148115 
148116 
148117 
148118 
148119 
148120 
148121 
148122 
148123 
148124 
148125 
148126 
148127 
148128 
148129 
148130 
148131 
148132 
148133 
148134 
148135 
148136 
148137 
148138 
148139 
148140 
148141 
148142 
148143 
148144 
148145 
148146 
148147 
148148 
148149 
148150 
148151 
148152 
148153 
148154 
148155 
148156 
148157 
148158 
148159 
148160 
148161 
148162 
148163 
148164 
148165 
148166 
148167 
148168 
148169 
148170 
148171 
148172 
148173 
148174 
148175 
148176 
148177 
148178 
148179 
148180 
148181 
148182 
148183 
148184 
148185 
148186 
148187 
148188 
148189 
148190 
148191 
148192 
148193 
148194 
148195 
148196 
148197 
148198 
148199 
148200 
148201 
148202 
148203 
148204 
148205 
148206 
148207 
148208 
148209 
148210 
148211 
148212 
148213 
148214 
148215 
148216 
148217 
148218 
148219 
148220 
148221 
148222 
148223 
148224 
148225 
148226 
148227 
148228 
148229 
148230 
148231 
148232 
148233 
148234 
148235 
148236 
148237 
148238 
148239 
148240 
148241 
148242 
148243 
148244 
148245 
148246 
148247 
148248 
148249 
148250 
148251 
148252 
148253 
148254 
148255 
148256 
148257 
148258 
148259 
148260 
148261 
148262 
148263 
148264 
148265 
148266 
148267 
148268 
148269 
148270 
148271 
148272 
148273 
148274 
148275 
148276 
148277 
148278 
148279 
148280 
148281 
148282 
148283 
148284 
148285 
148286 
148287 
148288 
148289 
148290 
148291 
148292 
148293 
148294 
148295 
148296 
148297 
148298 
148299 
148300 
148301 
148302 
148303 
148304 
148305 
148306 
148307 
148308 
148309 
148310 
148311 
148312 
148313 
148314 
148315 
148316 
148317 
148318 
148319 
148320 
148321 
148322 
148323 
148324 
148325 
148326 
148327 
148328 
148329 
148330 
148331 
148332 
148333 
148334 
148335 
148336 
148337 
148338 
148339 
148340 
148341 
148342 
148343 
148344 
148345 
148346 
148347 
148348 
148349 
148350 
148351 
148352 
148353 
148354 
148355 
148356 
148357 
148358 
148359 
148360 
148361 
148362 
148363 
148364 
148365 
148366 
148367 
148368 
148369 
148370 
148371 
148372 
148373 
148374 
148375 
148376 
148377 
148378 
148379 
148380 
148381 
148382 
148383 
148384 
148385 
148386 
148387 
148388 
148389 
148390 
148391 
148392 
148393 
148394 
148395 
148396 
148397 
148398 
148399 
148400 
148401 
148402 
148403 
148404 
148405 
148406 
148407 
148408 
148409 
148410 
148411 
148412 
148413 
148414 
148415 
148416 
148417 
148418 
148419 
148420 
148421 
148422 
148423 
148424 
148425 
148426 
148427 
148428 
148429 
148430 
148431 
148432 
148433 
148434 
148435 
148436 
148437 
148438 
148439 
148440 
148441 
148442 
148443 
148444 
148445 
148446 
148447 
148448 
148449 
148450 
148451 
148452 
148453 
148454 
148455 
148456 
148457 
148458 
148459 
148460 
148461 
148462 
148463 
148464 
148465 
148466 
148467 
148468 
148469 
148470 
148471 
148472 
148473 
148474 
148475 
148476 
148477 
148478 
148479 
148480 
148481 
148482 
148483 
148484 
148485 
148486 
148487 
148488 
148489 
148490 
148491 
148492 
148493 
148494 
148495 
148496 
148497 
148498 
148499 
148500 
148501 
148502 
148503 
148504 
148505 
148506 
148507 
148508 
148509 
148510 
148511 
148512 
148513 
148514 
148515 
148516 
148517 
148518 
148519 
148520 
148521 
148522 
148523 
148524 
148525 
148526 
148527 
148528 
148529 
148530 
148531 
148532 
148533 
148534 
148535 
148536 
148537 
148538 
148539 
148540 
148541 
148542 
148543 
148544 
148545 
148546 
148547 
148548 
148549 
148550 
148551 
148552 
148553 
148554 
148555 
148556 
148557 
148558 
148559 
148560 
148561 
148562 
148563 
148564 
148565 
148566 
148567 
148568 
148569 
148570 
148571 
148572 
148573 
148574 
148575 
148576 
148577 
148578 
148579 
148580 
148581 
148582 
148583 
148584 
148585 
148586 
148587 
148588 
148589 
148590 
148591 
148592 
148593 
148594 
148595 
148596 
148597 
148598 
148599 
148600 
148601 
148602 
148603 
148604 
148605 
148606 
148607 
148608 
148609 
148610 
148611 
148612 
148613 
148614 
148615 
148616 
148617 
148618 
148619 
148620 
148621 
148622 
148623 
148624 
148625 
148626 
148627 
148628 
148629 
148630 
148631 
148632 
148633 
148634 
148635 
148636 
148637 
148638 
148639 
148640 
148641 
148642 
148643 
148644 
148645 
148646 
148647 
148648 
148649 
148650 
148651 
148652 
148653 
148654 
148655 
148656 
148657 
148658 
148659 
148660 
148661 
148662 
148663 
148664 
148665 
148666 
148667 
148668 
148669 
148670 
148671 
148672 
148673 
148674 
148675 
148676 
148677 
148678 
148679 
148680 
148681 
148682 
148683 
148684 
148685 
148686 
148687 
148688 
148689 
148690 
148691 
148692 
148693 
148694 
148695 
148696 
148697 
148698 
148699 
148700 
148701 
148702 
148703 
148704 
148705 
148706 
148707 
148708 
148709 
148710 
148711 
148712 
148713 
148714 
148715 
148716 
148717 
148718 
148719 
148720 
148721 
148722 
148723 
148724 
148725 
148726 
148727 
148728 
148729 
148730 
148731 
148732 
148733 
148734 
148735 
148736 
148737 
148738 
148739 
148740 
148741 
148742 
148743 
148744 
148745 
148746 
148747 
148748 
148749 
148750 
148751 
148752 
148753 
148754 
148755 
148756 
148757 
148758 
148759 
148760 
148761 
148762 
148763 
148764 
148765 
148766 
148767 
148768 
148769 
148770 
148771 
148772 
148773 
148774 
148775 
148776 
148777 
148778 
148779 
148780 
148781 
148782 
148783 
148784 
148785 
148786 
148787 
148788 
148789 
148790 
148791 
148792 
148793 
148794 
148795 
148796 
148797 
148798 
148799 
148800 
148801 
148802 
148803 
148804 
148805 
148806 
148807 
148808 
148809 
148810 
148811 
148812 
148813 
148814 
148815 
148816 
148817 
148818 
148819 
148820 
148821 
148822 
148823 
148824 
148825 
148826 
148827 
148828 
148829 
148830 
148831 
148832 
148833 
148834 
148835 
148836 
148837 
148838 
148839 
148840 
148841 
148842 
148843 
148844 
148845 
148846 
148847 
148848 
148849 
148850 
148851 
148852 
148853 
148854 
148855 
148856 
148857 
148858 
148859 
148860 
148861 
148862 
148863 
148864 
148865 
148866 
148867 
148868 
148869 
148870 
148871 
148872 
148873 
148874 
148875 
148876 
148877 
148878 
148879 
148880 
148881 
148882 
148883 
148884 
148885 
148886 
148887 
148888 
148889 
148890 
148891 
148892 
148893 
148894 
148895 
148896 
148897 
148898 
148899 
148900 
148901 
148902 
148903 
148904 
148905 
148906 
148907 
148908 
148909 
148910 
148911 
148912 
148913 
148914 
148915 
148916 
148917 
148918 
148919 
148920 
148921 
148922 
148923 
148924 
148925 
148926 
148927 
148928 
148929 
148930 
148931 
148932 
148933 
148934 
148935 
148936 
148937 
148938 
148939 
148940 
148941 
148942 
148943 
148944 
148945 
148946 
148947 
148948 
148949 
148950 
148951 
148952 
148953 
148954 
148955 
148956 
148957 
148958 
148959 
148960 
148961 
148962 
148963 
148964 
148965 
148966 
148967 
148968 
148969 
148970 
148971 
148972 
148973 
148974 
148975 
148976 
148977 
148978 
148979 
148980 
148981 
148982 
148983 
148984 
148985 
148986 
148987 
148988 
148989 
148990 
148991 
148992 
148993 
148994 
148995 
148996 
148997 
148998 
148999 
149000 
149001 
149002 
149003 
149004 
149005 
149006 
149007 
149008 
149009 
149010 
149011 
149012 
149013 
149014 
149015 
149016 
149017 
149018 
149019 
149020 
149021 
149022 
149023 
149024 
149025 
149026 
149027 
149028 
149029 
149030 
149031 
149032 
149033 
149034 
149035 
149036 
149037 
149038 
149039 
149040 
149041 
149042 
149043 
149044 
149045 
149046 
149047 
149048 
149049 
149050 
149051 
149052 
149053 
149054 
149055 
149056 
149057 
149058 
149059 
149060 
149061 
149062 
149063 
149064 
149065 
149066 
149067 
149068 
149069 
149070 
149071 
149072 
149073 
149074 
149075 
149076 
149077 
149078 
149079 
149080 
149081 
149082 
149083 
149084 
149085 
149086 
149087 
149088 
149089 
149090 
149091 
149092 
149093 
149094 
149095 
149096 
149097 
149098 
149099 
149100 
149101 
149102 
149103 
149104 
149105 
149106 
149107 
149108 
149109 
149110 
149111 
149112 
149113 
149114 
149115 
149116 
149117 
149118 
149119 
149120 
149121 
149122 
149123 
149124 
149125 
149126 
149127 
149128 
149129 
149130 
149131 
149132 
149133 
149134 
149135 
149136 
149137 
149138 
149139 
149140 
149141 
149142 
149143 
149144 
149145 
149146 
149147 
149148 
149149 
149150 
149151 
149152 
149153 
149154 
149155 
149156 
149157 
149158 
149159 
149160 
149161 
149162 
149163 
149164 
149165 
149166 
149167 
149168 
149169 
149170 
149171 
149172 
149173 
149174 
149175 
149176 
149177 
149178 
149179 
149180 
149181 
149182 
149183 
149184 
149185 
149186 
149187 
149188 
149189 
149190 
149191 
149192 
149193 
149194 
149195 
149196 
149197 
149198 
149199 
149200 
149201 
149202 
149203 
149204 
149205 
149206 
149207 
149208 
149209 
149210 
149211 
149212 
149213 
149214 
149215 
149216 
149217 
149218 
149219 
149220 
149221 
149222 
149223 
149224 
149225 
149226 
149227 
149228 
149229 
149230 
149231 
149232 
149233 
149234 
149235 
149236 
149237 
149238 
149239 
149240 
149241 
149242 
149243 
149244 
149245 
149246 
149247 
149248 
149249 
149250 
149251 
149252 
149253 
149254 
149255 
149256 
149257 
149258 
149259 
149260 
149261 
149262 
149263 
149264 
149265 
149266 
149267 
149268 
149269 
149270 
149271 
149272 
149273 
149274 
149275 
149276 
149277 
149278 
149279 
149280 
149281 
149282 
149283 
149284 
149285 
149286 
149287 
149288 
149289 
149290 
149291 
149292 
149293 
149294 
149295 
149296 
149297 
149298 
149299 
149300 
149301 
149302 
149303 
149304 
149305 
149306 
149307 
149308 
149309 
149310 
149311 
149312 
149313 
149314 
149315 
149316 
149317 
149318 
149319 
149320 
149321 
149322 
149323 
149324 
149325 
149326 
149327 
149328 
149329 
149330 
149331 
149332 
149333 
149334 
149335 
149336 
149337 
149338 
149339 
149340 
149341 
149342 
149343 
149344 
149345 
149346 
149347 
149348 
149349 
149350 
149351 
149352 
149353 
149354 
149355 
149356 
149357 
149358 
149359 
149360 
149361 
149362 
149363 
149364 
149365 
149366 
149367 
149368 
149369 
149370 
149371 
149372 
149373 
149374 
149375 
149376 
149377 
149378 
149379 
149380 
149381 
149382 
149383 
149384 
149385 
149386 
149387 
149388 
149389 
149390 
149391 
149392 
149393 
149394 
149395 
149396 
149397 
149398 
149399 
149400 
149401 
149402 
149403 
149404 
149405 
149406 
149407 
149408 
149409 
149410 
149411 
149412 
149413 
149414 
149415 
149416 
149417 
149418 
149419 
149420 
149421 
149422 
149423 
149424 
149425 
149426 
149427 
149428 
149429 
149430 
149431 
149432 
149433 
149434 
149435 
149436 
149437 
149438 
149439 
149440 
149441 
149442 
149443 
149444 
149445 
149446 
149447 
149448 
149449 
149450 
149451 
149452 
149453 
149454 
149455 
149456 
149457 
149458 
149459 
149460 
149461 
149462 
149463 
149464 
149465 
149466 
149467 
149468 
149469 
149470 
149471 
149472 
149473 
149474 
149475 
149476 
149477 
149478 
149479 
149480 
149481 
149482 
149483 
149484 
149485 
149486 
149487 
149488 
149489 
149490 
149491 
149492 
149493 
149494 
149495 
149496 
149497 
149498 
149499 
149500 
149501 
149502 
149503 
149504 
149505 
149506 
149507 
149508 
149509 
149510 
149511 
149512 
149513 
149514 
149515 
149516 
149517 
149518 
149519 
149520 
149521 
149522 
149523 
149524 
149525 
149526 
149527 
149528 
149529 
149530 
149531 
149532 
149533 
149534 
149535 
149536 
149537 
149538 
149539 
149540 
149541 
149542 
149543 
149544 
149545 
149546 
149547 
149548 
149549 
149550 
149551 
149552 
149553 
149554 
149555 
149556 
149557 
149558 
149559 
149560 
149561 
149562 
149563 
149564 
149565 
149566 
149567 
149568 
149569 
149570 
149571 
149572 
149573 
149574 
149575 
149576 
149577 
149578 
149579 
149580 
149581 
149582 
149583 
149584 
149585 
149586 
149587 
149588 
149589 
149590 
149591 
149592 
149593 
149594 
149595 
149596 
149597 
149598 
149599 
149600 
149601 
149602 
149603 
149604 
149605 
149606 
149607 
149608 
149609 
149610 
149611 
149612 
149613 
149614 
149615 
149616 
149617 
149618 
149619 
149620 
149621 
149622 
149623 
149624 
149625 
149626 
149627 
149628 
149629 
149630 
149631 
149632 
149633 
149634 
149635 
149636 
149637 
149638 
149639 
149640 
149641 
149642 
149643 
149644 
149645 
149646 
149647 
149648 
149649 
149650 
149651 
149652 
149653 
149654 
149655 
149656 
149657 
149658 
149659 
149660 
149661 
149662 
149663 
149664 
149665 
149666 
149667 
149668 
149669 
149670 
149671 
149672 
149673 
149674 
149675 
149676 
149677 
149678 
149679 
149680 
149681 
149682 
149683 
149684 
149685 
149686 
149687 
149688 
149689 
149690 
149691 
149692 
149693 
149694 
149695 
149696 
149697 
149698 
149699 
149700 
149701 
149702 
149703 
149704 
149705 
149706 
149707 
149708 
149709 
149710 
149711 
149712 
149713 
149714 
149715 
149716 
149717 
149718 
149719 
149720 
149721 
149722 
149723 
149724 
149725 
149726 
149727 
149728 
149729 
149730 
149731 
149732 
149733 
149734 
149735 
149736 
149737 
149738 
149739 
149740 
149741 
149742 
149743 
149744 
149745 
149746 
149747 
149748 
149749 
149750 
149751 
149752 
149753 
149754 
149755 
149756 
149757 
149758 
149759 
149760 
149761 
149762 
149763 
149764 
149765 
149766 
149767 
149768 
149769 
149770 
149771 
149772 
149773 
149774 
149775 
149776 
149777 
149778 
149779 
149780 
149781 
149782 
149783 
149784 
149785 
149786 
149787 
149788 
149789 
149790 
149791 
149792 
149793 
149794 
149795 
149796 
149797 
149798 
149799 
149800 
149801 
149802 
149803 
149804 
149805 
149806 
149807 
149808 
149809 
149810 
149811 
149812 
149813 
149814 
149815 
149816 
149817 
149818 
149819 
149820 
149821 
149822 
149823 
149824 
149825 
149826 
149827 
149828 
149829 
149830 
149831 
149832 
149833 
149834 
149835 
149836 
149837 
149838 
149839 
149840 
149841 
149842 
149843 
149844 
149845 
149846 
149847 
149848 
149849 
149850 
149851 
149852 
149853 
149854 
149855 
149856 
149857 
149858 
149859 
149860 
149861 
149862 
149863 
149864 
149865 
149866 
149867 
149868 
149869 
149870 
149871 
149872 
149873 
149874 
149875 
149876 
149877 
149878 
149879 
149880 
149881 
149882 
149883 
149884 
149885 
149886 
149887 
149888 
149889 
149890 
149891 
149892 
149893 
149894 
149895 
149896 
149897 
149898 
149899 
149900 
149901 
149902 
149903 
149904 
149905 
149906 
149907 
149908 
149909 
149910 
149911 
149912 
149913 
149914 
149915 
149916 
149917 
149918 
149919 
149920 
149921 
149922 
149923 
149924 
149925 
149926 
149927 
149928 
149929 
149930 
149931 
149932 
149933 
149934 
149935 
149936 
149937 
149938 
149939 
149940 
149941 
149942 
149943 
149944 
149945 
149946 
149947 
149948 
149949 
149950 
149951 
149952 
149953 
149954 
149955 
149956 
149957 
149958 
149959 
149960 
149961 
149962 
149963 
149964 
149965 
149966 
149967 
149968 
149969 
149970 
149971 
149972 
149973 
149974 
149975 
149976 
149977 
149978 
149979 
149980 
149981 
149982 
149983 
149984 
149985 
149986 
149987 
149988 
149989 
149990 
149991 
149992 
149993 
149994 
149995 
149996 
149997 
149998 
149999 
150000 
150001 
150002 
150003 
150004 
150005 
150006 
150007 
150008 
150009 
150010 
150011 
150012 
150013 
150014 
150015 
150016 
150017 
150018 
150019 
150020 
150021 
150022 
150023 
150024 
150025 
150026 
150027 
150028 
150029 
150030 
150031 
150032 
150033 
150034 
150035 
150036 
150037 
150038 
150039 
150040 
150041 
150042 
150043 
150044 
150045 
150046 
150047 
150048 
150049 
150050 
150051 
150052 
150053 
150054 
150055 
150056 
150057 
150058 
150059 
150060 
150061 
150062 
150063 
150064 
150065 
150066 
150067 
150068 
150069 
150070 
150071 
150072 
150073 
150074 
150075 
150076 
150077 
150078 
150079 
150080 
150081 
150082 
150083 
150084 
150085 
150086 
150087 
150088 
150089 
150090 
150091 
150092 
150093 
150094 
150095 
150096 
150097 
150098 
150099 
150100 
150101 
150102 
150103 
150104 
150105 
150106 
150107 
150108 
150109 
150110 
150111 
150112 
150113 
150114 
150115 
150116 
150117 
150118 
150119 
150120 
150121 
150122 
150123 
150124 
150125 
150126 
150127 
150128 
150129 
150130 
150131 
150132 
150133 
150134 
150135 
150136 
150137 
150138 
150139 
150140 
150141 
150142 
150143 
150144 
150145 
150146 
150147 
150148 
150149 
150150 
150151 
150152 
150153 
150154 
150155 
150156 
150157 
150158 
150159 
150160 
150161 
150162 
150163 
150164 
150165 
150166 
150167 
150168 
150169 
150170 
150171 
150172 
150173 
150174 
150175 
150176 
150177 
150178 
150179 
150180 
150181 
150182 
150183 
150184 
150185 
150186 
150187 
150188 
150189 
150190 
150191 
150192 
150193 
150194 
150195 
150196 
150197 
150198 
150199 
150200 
150201 
150202 
150203 
150204 
150205 
150206 
150207 
150208 
150209 
150210 
150211 
150212 
150213 
150214 
150215 
150216 
150217 
150218 
150219 
150220 
150221 
150222 
150223 
150224 
150225 
150226 
150227 
150228 
150229 
150230 
150231 
150232 
150233 
150234 
150235 
150236 
150237 
150238 
150239 
150240 
150241 
150242 
150243 
150244 
150245 
150246 
150247 
150248 
150249 
150250 
150251 
150252 
150253 
150254 
150255 
150256 
150257 
150258 
150259 
150260 
150261 
150262 
150263 
150264 
150265 
150266 
150267 
150268 
150269 
150270 
150271 
150272 
150273 
150274 
150275 
150276 
150277 
150278 
150279 
150280 
150281 
150282 
150283 
150284 
150285 
150286 
150287 
150288 
150289 
150290 
150291 
150292 
150293 
150294 
150295 
150296 
150297 
150298 
150299 
150300 
150301 
150302 
150303 
150304 
150305 
150306 
150307 
150308 
150309 
150310 
150311 
150312 
150313 
150314 
150315 
150316 
150317 
150318 
150319 
150320 
150321 
150322 
150323 
150324 
150325 
150326 
150327 
150328 
150329 
150330 
150331 
150332 
150333 
150334 
150335 
150336 
150337 
150338 
150339 
150340 
150341 
150342 
150343 
150344 
150345 
150346 
150347 
150348 
150349 
150350 
150351 
150352 
150353 
150354 
150355 
150356 
150357 
150358 
150359 
150360 
150361 
150362 
150363 
150364 
150365 
150366 
150367 
150368 
150369 
150370 
150371 
150372 
150373 
150374 
150375 
150376 
150377 
150378 
150379 
150380 
150381 
150382 
150383 
150384 
150385 
150386 
150387 
150388 
150389 
150390 
150391 
150392 
150393 
150394 
150395 
150396 
150397 
150398 
150399 
150400 
150401 
150402 
150403 
150404 
150405 
150406 
150407 
150408 
150409 
150410 
150411 
150412 
150413 
150414 
150415 
150416 
150417 
150418 
150419 
150420 
150421 
150422 
150423 
150424 
150425 
150426 
150427 
150428 
150429 
150430 
150431 
150432 
150433 
150434 
150435 
150436 
150437 
150438 
150439 
150440 
150441 
150442 
150443 
150444 
150445 
150446 
150447 
150448 
150449 
150450 
150451 
150452 
150453 
150454 
150455 
150456 
150457 
150458 
150459 
150460 
150461 
150462 
150463 
150464 
150465 
150466 
150467 
150468 
150469 
150470 
150471 
150472 
150473 
150474 
150475 
150476 
150477 
150478 
150479 
150480 
150481 
150482 
150483 
150484 
150485 
150486 
150487 
150488 
150489 
150490 
150491 
150492 
150493 
150494 
150495 
150496 
150497 
150498 
150499 
150500 
150501 
150502 
150503 
150504 
150505 
150506 
150507 
150508 
150509 
150510 
150511 
150512 
150513 
150514 
150515 
150516 
150517 
150518 
150519 
150520 
150521 
150522 
150523 
150524 
150525 
150526 
150527 
150528 
150529 
150530 
150531 
150532 
150533 
150534 
150535 
150536 
150537 
150538 
150539 
150540 
150541 
150542 
150543 
150544 
150545 
150546 
150547 
150548 
150549 
150550 
150551 
150552 
150553 
150554 
150555 
150556 
150557 
150558 
150559 
150560 
150561 
150562 
150563 
150564 
150565 
150566 
150567 
150568 
150569 
150570 
150571 
150572 
150573 
150574 
150575 
150576 
150577 
150578 
150579 
150580 
150581 
150582 
150583 
150584 
150585 
150586 
150587 
150588 
150589 
150590 
150591 
150592 
150593 
150594 
150595 
150596 
150597 
150598 
150599 
150600 
150601 
150602 
150603 
150604 
150605 
150606 
150607 
150608 
150609 
150610 
150611 
150612 
150613 
150614 
150615 
150616 
150617 
150618 
150619 
150620 
150621 
150622 
150623 
150624 
150625 
150626 
150627 
150628 
150629 
150630 
150631 
150632 
150633 
150634 
150635 
150636 
150637 
150638 
150639 
150640 
150641 
150642 
150643 
150644 
150645 
150646 
150647 
150648 
150649 
150650 
150651 
150652 
150653 
150654 
150655 
150656 
150657 
150658 
150659 
150660 
150661 
150662 
150663 
150664 
150665 
150666 
150667 
150668 
150669 
150670 
150671 
150672 
150673 
150674 
150675 
150676 
150677 
150678 
150679 
150680 
150681 
150682 
150683 
150684 
150685 
150686 
150687 
150688 
150689 
150690 
150691 
150692 
150693 
150694 
150695 
150696 
150697 
150698 
150699 
150700 
150701 
150702 
150703 
150704 
150705 
150706 
150707 
150708 
150709 
150710 
150711 
150712 
150713 
150714 
150715 
150716 
150717 
150718 
150719 
150720 
150721 
150722 
150723 
150724 
150725 
150726 
150727 
150728 
150729 
150730 
150731 
150732 
150733 
150734 
150735 
150736 
150737 
150738 
150739 
150740 
150741 
150742 
150743 
150744 
150745 
150746 
150747 
150748 
150749 
150750 
150751 
150752 
150753 
150754 
150755 
150756 
150757 
150758 
150759 
150760 
150761 
150762 
150763 
150764 
150765 
150766 
150767 
150768 
150769 
150770 
150771 
150772 
150773 
150774 
150775 
150776 
150777 
150778 
150779 
150780 
150781 
150782 
150783 
150784 
150785 
150786 
150787 
150788 
150789 
150790 
150791 
150792 
150793 
150794 
150795 
150796 
150797 
150798 
150799 
150800 
150801 
150802 
150803 
150804 
150805 
150806 
150807 
150808 
150809 
150810 
150811 
150812 
150813 
150814 
150815 
150816 
150817 
150818 
150819 
150820 
150821 
150822 
150823 
150824 
150825 
150826 
150827 
150828 
150829 
150830 
150831 
150832 
150833 
150834 
150835 
150836 
150837 
150838 
150839 
150840 
150841 
150842 
150843 
150844 
150845 
150846 
150847 
150848 
150849 
150850 
150851 
150852 
150853 
150854 
150855 
150856 
150857 
150858 
150859 
150860 
150861 
150862 
150863 
150864 
150865 
150866 
150867 
150868 
150869 
150870 
150871 
150872 
150873 
150874 
150875 
150876 
150877 
150878 
150879 
150880 
150881 
150882 
150883 
150884 
150885 
150886 
150887 
150888 
150889 
150890 
150891 
150892 
150893 
150894 
150895 
150896 
150897 
150898 
150899 
150900 
150901 
150902 
150903 
150904 
150905 
150906 
150907 
150908 
150909 
150910 
150911 
150912 
150913 
150914 
150915 
150916 
150917 
150918 
150919 
150920 
150921 
150922 
150923 
150924 
150925 
150926 
150927 
150928 
150929 
150930 
150931 
150932 
150933 
150934 
150935 
150936 
150937 
150938 
150939 
150940 
150941 
150942 
150943 
150944 
150945 
150946 
150947 
150948 
150949 
150950 
150951 
150952 
150953 
150954 
150955 
150956 
150957 
150958 
150959 
150960 
150961 
150962 
150963 
150964 
150965 
150966 
150967 
150968 
150969 
150970 
150971 
150972 
150973 
150974 
150975 
150976 
150977 
150978 
150979 
150980 
150981 
150982 
150983 
150984 
150985 
150986 
150987 
150988 
150989 
150990 
150991 
150992 
150993 
150994 
150995 
150996 
150997 
150998 
150999 
151000 
151001 
151002 
151003 
151004 
151005 
151006 
151007 
151008 
151009 
151010 
151011 
151012 
151013 
151014 
151015 
151016 
151017 
151018 
151019 
151020 
151021 
151022 
151023 
151024 
151025 
151026 
151027 
151028 
151029 
151030 
151031 
151032 
151033 
151034 
151035 
151036 
151037 
151038 
151039 
151040 
151041 
151042 
151043 
151044 
151045 
151046 
151047 
151048 
151049 
151050 
151051 
151052 
151053 
151054 
151055 
151056 
151057 
151058 
151059 
151060 
151061 
151062 
151063 
151064 
151065 
151066 
151067 
151068 
151069 
151070 
151071 
151072 
151073 
151074 
151075 
151076 
151077 
151078 
151079 
151080 
151081 
151082 
151083 
151084 
151085 
151086 
151087 
151088 
151089 
151090 
151091 
151092 
151093 
151094 
151095 
151096 
151097 
151098 
151099 
151100 
151101 
151102 
151103 
151104 
151105 
151106 
151107 
151108 
151109 
151110 
151111 
151112 
151113 
151114 
151115 
151116 
151117 
151118 
151119 
151120 
151121 
151122 
151123 
151124 
151125 
151126 
151127 
151128 
151129 
151130 
151131 
151132 
151133 
151134 
151135 
151136 
151137 
151138 
151139 
151140 
151141 
151142 
151143 
151144 
151145 
151146 
151147 
151148 
151149 
151150 
151151 
151152 
151153 
151154 
151155 
151156 
151157 
151158 
151159 
151160 
151161 
151162 
151163 
151164 
151165 
151166 
151167 
151168 
151169 
151170 
151171 
151172 
151173 
151174 
151175 
151176 
151177 
151178 
151179 
151180 
151181 
151182 
151183 
151184 
151185 
151186 
151187 
151188 
151189 
151190 
151191 
151192 
151193 
151194 
151195 
151196 
151197 
151198 
151199 
159840 
159841 
159842 
159843 
159844 
159845 
159846 
159847 
159848 
159849 
159850 
159851 
159852 
159853 
159854 
159855 
159856 
159857 
159858 
159859 
159860 
159861 
159862 
159863 
159864 
159865 
159866 
159867 
159868 
159869 
159870 
159871 
159872 
159873 
159874 
159875 
159876 
159877 
159878 
159879 
159880 
159881 
159882 
159883 
159884 
159885 
159886 
159887 
159888 
159889 
159890 
159891 
159892 
159893 
159894 
159895 
159896 
159897 
159898 
159899 
159900 
159901 
159902 
159903 
159904 
159905 
159906 
159907 
159908 
159909 
159910 
159911 
159912 
159913 
159914 
159915 
159916 
159917 
159918 
159919 
159920 
159921 
159922 
159923 
159924 
159925 
159926 
159927 
159928 
159929 
159930 
159931 
159932 
159933 
159934 
159935 
159936 
159937 
159938 
159939 
159940 
159941 
159942 
159943 
159944 
159945 
159946 
159947 
159948 
159949 
159950 
159951 
159952 
159953 
159954 
159955 
159956 
159957 
159958 
159959 
159960 
159961 
159962 
159963 
159964 
159965 
159966 
159967 
159968 
159969 
159970 
159971 
159972 
159973 
159974 
159975 
159976 
159977 
159978 
159979 
159980 
159981 
159982 
159983 
159984 
159985 
159986 
159987 
159988 
159989 
159990 
159991 
159992 
159993 
159994 
159995 
159996 
159997 
159998 
159999 
160000 
160001 
160002 
160003 
160004 
160005 
160006 
160007 
160008 
160009 
160010 
160011 
160012 
160013 
160014 
160015 
160016 
160017 
160018 
160019 
160020 
160021 
160022 
160023 
160024 
160025 
160026 
160027 
160028 
160029 
160030 
160031 
160032 
160033 
160034 
160035 
160036 
160037 
160038 
160039 
160040 
160041 
160042 
160043 
160044 
160045 
160046 
160047 
160048 
160049 
160050 
160051 
160052 
160053 
160054 
160055 
160056 
160057 
160058 
160059 
160060 
160061 
160062 
160063 
160064 
160065 
160066 
160067 
160068 
160069 
160070 
160071 
160072 
160073 
160074 
160075 
160076 
160077 
160078 
160079 
160080 
160081 
160082 
160083 
160084 
160085 
160086 
160087 
160088 
160089 
160090 
160091 
160092 
160093 
160094 
160095 
160096 
160097 
160098 
160099 
160100 
160101 
160102 
160103 
160104 
160105 
160106 
160107 
160108 
160109 
160110 
160111 
160112 
160113 
160114 
160115 
160116 
160117 
160118 
160119 
160120 
160121 
160122 
160123 
160124 
160125 
160126 
160127 
160128 
160129 
160130 
160131 
160132 
160133 
160134 
160135 
160136 
160137 
160138 
160139 
160140 
160141 
160142 
160143 
160144 
160145 
160146 
160147 
160148 
160149 
160150 
160151 
160152 
160153 
160154 
160155 
160156 
160157 
160158 
160159 
160160 
160161 
160162 
160163 
160164 
160165 
160166 
160167 
160168 
160169 
160170 
160171 
160172 
160173 
160174 
160175 
160176 
160177 
160178 
160179 
160180 
160181 
160182 
160183 
160184 
160185 
160186 
160187 
160188 
160189 
160190 
160191 
160192 
160193 
160194 
160195 
160196 
160197 
160198 
160199 
160200 
160201 
160202 
160203 
160204 
160205 
160206 
160207 
160208 
160209 
160210 
160211 
160212 
160213 
160214 
160215 
160216 
160217 
160218 
160219 
160220 
160221 
160222 
160223 
160224 
160225 
160226 
160227 
160228 
160229 
160230 
160231 
160232 
160233 
160234 
160235 
160236 
160237 
160238 
160239 
160240 
160241 
160242 
160243 
160244 
160245 
160246 
160247 
160248 
160249 
160250 
160251 
160252 
160253 
160254 
160255 
160256 
160257 
160258 
160259 
160260 
160261 
160262 
160263 
160264 
160265 
160266 
160267 
160268 
160269 
160270 
160271 
160272 
160273 
160274 
160275 
160276 
160277 
160278 
160279 
160280 
160281 
160282 
160283 
160284 
160285 
160286 
160287 
160288 
160289 
160290 
160291 
160292 
160293 
160294 
160295 
160296 
160297 
160298 
160299 
160300 
160301 
160302 
160303 
160304 
160305 
160306 
160307 
160308 
160309 
160310 
160311 
160312 
160313 
160314 
160315 
160316 
160317 
160318 
160319 
160320 
160321 
160322 
160323 
160324 
160325 
160326 
160327 
160328 
160329 
160330 
160331 
160332 
160333 
160334 
160335 
160336 
160337 
160338 
160339 
160340 
160341 
160342 
160343 
160344 
160345 
160346 
160347 
160348 
160349 
160350 
160351 
160352 
160353 
160354 
160355 
160356 
160357 
160358 
160359 
160360 
160361 
160362 
160363 
160364 
160365 
160366 
160367 
160368 
160369 
160370 
160371 
160372 
160373 
160374 
160375 
160376 
160377 
160378 
160379 
160380 
160381 
160382 
160383 
160384 
160385 
160386 
160387 
160388 
160389 
160390 
160391 
160392 
160393 
160394 
160395 
160396 
160397 
160398 
160399 
160400 
160401 
160402 
160403 
160404 
160405 
160406 
160407 
160408 
160409 
160410 
160411 
160412 
160413 
160414 
160415 
160416 
160417 
160418 
160419 
160420 
160421 
160422 
160423 
160424 
160425 
160426 
160427 
160428 
160429 
160430 
160431 
160432 
160433 
160434 
160435 
160436 
160437 
160438 
160439 
160440 
160441 
160442 
160443 
160444 
160445 
160446 
160447 
160448 
160449 
160450 
160451 
160452 
160453 
160454 
160455 
160456 
160457 
160458 
160459 
160460 
160461 
160462 
160463 
160464 
160465 
160466 
160467 
160468 
160469 
160470 
160471 
160472 
160473 
160474 
160475 
160476 
160477 
160478 
160479 
160480 
160481 
160482 
160483 
160484 
160485 
160486 
160487 
160488 
160489 
160490 
160491 
160492 
160493 
160494 
160495 
160496 
160497 
160498 
160499 
160500 
160501 
160502 
160503 
160504 
160505 
160506 
160507 
160508 
160509 
160510 
160511 
160512 
160513 
160514 
160515 
160516 
160517 
160518 
160519 
160520 
160521 
160522 
160523 
160524 
160525 
160526 
160527 
160528 
160529 
160530 
160531 
160532 
160533 
160534 
160535 
160536 
160537 
160538 
160539 
160540 
160541 
160542 
160543 
160544 
160545 
160546 
160547 
160548 
160549 
160550 
160551 
160552 
160553 
160554 
160555 
160556 
160557 
160558 
160559 
160560 
160561 
160562 
160563 
160564 
160565 
160566 
160567 
160568 
160569 
160570 
160571 
160572 
160573 
160574 
160575 
160576 
160577 
160578 
160579 
160580 
160581 
160582 
160583 
160584 
160585 
160586 
160587 
160588 
160589 
160590 
160591 
160592 
160593 
160594 
160595 
160596 
160597 
160598 
160599 
160600 
160601 
160602 
160603 
160604 
160605 
160606 
160607 
160608 
160609 
160610 
160611 
160612 
160613 
160614 
160615 
160616 
160617 
160618 
160619 
160620 
160621 
160622 
160623 
160624 
160625 
160626 
160627 
160628 
160629 
160630 
160631 
160632 
160633 
160634 
160635 
160636 
160637 
160638 
160639 
160640 
160641 
160642 
160643 
160644 
160645 
160646 
160647 
160648 
160649 
160650 
160651 
160652 
160653 
160654 
160655 
160656 
160657 
160658 
160659 
160660 
160661 
160662 
160663 
160664 
160665 
160666 
160667 
160668 
160669 
160670 
160671 
160672 
160673 
160674 
160675 
160676 
160677 
160678 
160679 
160680 
160681 
160682 
160683 
160684 
160685 
160686 
160687 
160688 
160689 
160690 
160691 
160692 
160693 
160694 
160695 
160696 
160697 
160698 
160699 
160700 
160701 
160702 
160703 
160704 
160705 
160706 
160707 
160708 
160709 
160710 
160711 
160712 
160713 
160714 
160715 
160716 
160717 
160718 
160719 
160720 
160721 
160722 
160723 
160724 
160725 
160726 
160727 
160728 
160729 
160730 
160731 
160732 
160733 
160734 
160735 
160736 
160737 
160738 
160739 
160740 
160741 
160742 
160743 
160744 
160745 
160746 
160747 
160748 
160749 
160750 
160751 
160752 
160753 
160754 
160755 
160756 
160757 
160758 
160759 
160760 
160761 
160762 
160763 
160764 
160765 
160766 
160767 
160768 
160769 
160770 
160771 
160772 
160773 
160774 
160775 
160776 
160777 
160778 
160779 
160780 
160781 
160782 
160783 
160784 
160785 
160786 
160787 
160788 
160789 
160790 
160791 
160792 
160793 
160794 
160795 
160796 
160797 
160798 
160799 
160800 
160801 
160802 
160803 
160804 
160805 
160806 
160807 
160808 
160809 
160810 
160811 
160812 
160813 
160814 
160815 
160816 
160817 
160818 
160819 
160820 
160821 
160822 
160823 
160824 
160825 
160826 
160827 
160828 
160829 
160830 
160831 
160832 
160833 
160834 
160835 
160836 
160837 
160838 
160839 
160840 
160841 
160842 
160843 
160844 
160845 
160846 
160847 
160848 
160849 
160850 
160851 
160852 
160853 
160854 
160855 
160856 
160857 
160858 
160859 
160860 
160861 
160862 
160863 
160864 
160865 
160866 
160867 
160868 
160869 
160870 
160871 
160872 
160873 
160874 
160875 
160876 
160877 
160878 
160879 
160880 
160881 
160882 
160883 
160884 
160885 
160886 
160887 
160888 
160889 
160890 
160891 
160892 
160893 
160894 
160895 
160896 
160897 
160898 
160899 
160900 
160901 
160902 
160903 
160904 
160905 
160906 
160907 
160908 
160909 
160910 
160911 
160912 
160913 
160914 
160915 
160916 
160917 
160918 
160919 
160920 
160921 
160922 
160923 
160924 
160925 
160926 
160927 
160928 
160929 
160930 
160931 
160932 
160933 
160934 
160935 
160936 
160937 
160938 
160939 
160940 
160941 
160942 
160943 
160944 
160945 
160946 
160947 
160948 
160949 
160950 
160951 
160952 
160953 
160954 
160955 
160956 
160957 
160958 
160959 
160960 
160961 
160962 
160963 
160964 
160965 
160966 
160967 
160968 
160969 
160970 
160971 
160972 
160973 
160974 
160975 
160976 
160977 
160978 
160979 
160980 
160981 
160982 
160983 
160984 
160985 
160986 
160987 
160988 
160989 
160990 
160991 
160992 
160993 
160994 
160995 
160996 
160997 
160998 
160999 
161000 
161001 
161002 
161003 
161004 
161005 
161006 
161007 
161008 
161009 
161010 
161011 
161012 
161013 
161014 
161015 
161016 
161017 
161018 
161019 
161020 
161021 
161022 
161023 
161024 
161025 
161026 
161027 
161028 
161029 
161030 
161031 
161032 
161033 
161034 
161035 
161036 
161037 
161038 
161039 
161040 
161041 
161042 
161043 
161044 
161045 
161046 
161047 
161048 
161049 
161050 
161051 
161052 
161053 
161054 
161055 
161056 
161057 
161058 
161059 
161060 
161061 
161062 
161063 
161064 
161065 
161066 
161067 
161068 
161069 
161070 
161071 
161072 
161073 
161074 
161075 
161076 
161077 
161078 
161079 
161080 
161081 
161082 
161083 
161084 
161085 
161086 
161087 
161088 
161089 
161090 
161091 
161092 
161093 
161094 
161095 
161096 
161097 
161098 
161099 
161100 
161101 
161102 
161103 
161104 
161105 
161106 
161107 
161108 
161109 
161110 
161111 
161112 
161113 
161114 
161115 
161116 
161117 
161118 
161119 
161120 
161121 
161122 
161123 
161124 
161125 
161126 
161127 
161128 
161129 
161130 
161131 
161132 
161133 
161134 
161135 
161136 
161137 
161138 
161139 
161140 
161141 
161142 
161143 
161144 
161145 
161146 
161147 
161148 
161149 
161150 
161151 
161152 
161153 
161154 
161155 
161156 
161157 
161158 
161159 
161160 
161161 
161162 
161163 
161164 
161165 
161166 
161167 
161168 
161169 
161170 
161171 
161172 
161173 
161174 
161175 
161176 
161177 
161178 
161179 
161180 
161181 
161182 
161183 
161184 
161185 
161186 
161187 
161188 
161189 
161190 
161191 
161192 
161193 
161194 
161195 
161196 
161197 
161198 
161199 
161200 
161201 
161202 
161203 
161204 
161205 
161206 
161207 
161208 
161209 
161210 
161211 
161212 
161213 
161214 
161215 
161216 
161217 
161218 
161219 
161220 
161221 
161222 
161223 
161224 
161225 
161226 
161227 
161228 
161229 
161230 
161231 
161232 
161233 
161234 
161235 
161236 
161237 
161238 
161239 
161240 
161241 
161242 
161243 
161244 
161245 
161246 
161247 
161248 
161249 
161250 
161251 
161252 
161253 
161254 
161255 
161256 
161257 
161258 
161259 
161260 
161261 
161262 
161263 
161264 
161265 
161266 
161267 
161268 
161269 
161270 
161271 
161272 
161273 
161274 
161275 
161276 
161277 
161278 
161279 
161280 
161281 
161282 
161283 
161284 
161285 
161286 
161287 
161288 
161289 
161290 
161291 
161292 
161293 
161294 
161295 
161296 
161297 
161298 
161299 
161300 
161301 
161302 
161303 
161304 
161305 
161306 
161307 
161308 
161309 
161310 
161311 
161312 
30240 
161313 
30241 
161314 
30242 
161315 
30243 
161316 
30244 
161317 
30245 
161318 
30246 
161319 
30247 
161320 
30248 
161321 
30249 
161322 
30250 
161323 
30251 
161324 
30252 
161325 
30253 
161326 
30254 
161327 
30255 
161328 
30256 
161329 
30257 
161330 
30258 
161331 
30259 
161332 
30260 
161333 
30261 
161334 
30262 
161335 
30263 
161336 
30264 
161337 
30265 
161338 
30266 
161339 
30267 
161340 
30268 
161341 
30269 
161342 
30270 
161343 
30271 
161344 
30272 
161345 
30273 
161346 
30274 
161347 
30275 
161348 
30276 
161349 
30277 
161350 
30278 
161351 
30279 
161352 
30280 
161353 
30281 
161354 
30282 
161355 
30283 
161356 
30284 
161357 
30285 
161358 
30286 
161359 
30287 
161360 
30288 
161361 
30289 
161362 
30290 
161363 
30291 
161364 
30292 
161365 
30293 
161366 
30294 
161367 
30295 
161368 
30296 
161369 
30297 
161370 
30298 
161371 
30299 
161372 
30300 
161373 
30301 
161374 
30302 
161375 
30303 
161376 
30304 
161377 
30305 
161378 
30306 
161379 
30307 
161380 
30308 
161381 
30309 
161382 
30310 
161383 
30311 
161384 
30312 
161385 
30313 
161386 
30314 
161387 
30315 
161388 
30316 
161389 
30317 
161390 
30318 
161391 
30319 
161392 
30320 
161393 
30321 
161394 
30322 
161395 
30323 
161396 
30324 
161397 
30325 
161398 
30326 
161399 
30327 
161400 
30328 
161401 
30329 
161402 
30330 
161403 
30331 
161404 
30332 
161405 
30333 
161406 
30334 
161407 
30335 
161408 
30336 
161409 
30337 
161410 
30338 
161411 
30339 
161412 
30340 
161413 
30341 
161414 
30342 
161415 
30343 
161416 
30344 
161417 
30345 
161418 
30346 
161419 
30347 
161420 
30348 
161421 
30349 
161422 
30350 
161423 
30351 
161424 
30352 
161425 
30353 
161426 
30354 
161427 
30355 
161428 
30356 
161429 
30357 
161430 
30358 
161431 
30359 
161432 
30360 
161433 
30361 
161434 
30362 
161435 
30363 
161436 
30364 
161437 
30365 
161438 
30366 
161439 
30367 
161440 
30368 
161441 
30369 
161442 
30370 
161443 
30371 
161444 
30372 
161445 
30373 
161446 
30374 
161447 
30375 
161448 
30376 
161449 
30377 
161450 
30378 
161451 
30379 
161452 
30380 
161453 
30381 
161454 
30382 
161455 
30383 
161456 
30384 
161457 
30385 
161458 
30386 
161459 
30387 
161460 
30388 
161461 
30389 
161462 
30390 
161463 
30391 
161464 
30392 
161465 
30393 
161466 
30394 
161467 
30395 
161468 
30396 
161469 
30397 
161470 
30398 
161471 
30399 
161472 
30400 
161473 
30401 
161474 
30402 
161475 
30403 
161476 
30404 
161477 
30405 
161478 
30406 
161479 
30407 
161480 
30408 
161481 
30409 
161482 
30410 
161483 
30411 
161484 
30412 
161485 
30413 
161486 
30414 
161487 
30415 
161488 
30416 
161489 
30417 
161490 
30418 
161491 
30419 
161492 
30420 
161493 
30421 
161494 
30422 
161495 
30423 
161496 
30424 
161497 
30425 
161498 
30426 
161499 
30427 
161500 
30428 
161501 
30429 
161502 
30430 
161503 
30431 
161504 
30432 
161505 
30433 
161506 
30434 
161507 
30435 
161508 
30436 
161509 
30437 
161510 
30438 
161511 
30439 
161512 
30440 
161513 
30441 
161514 
30442 
161515 
30443 
161516 
30444 
161517 
30445 
161518 
30446 
161519 
30447 
161520 
30448 
161521 
30449 
161522 
30450 
161523 
30451 
161524 
30452 
161525 
30453 
161526 
30454 
161527 
30455 
161528 
30456 
161529 
30457 
161530 
30458 
161531 
30459 
161532 
30460 
161533 
30461 
161534 
30462 
161535 
30463 
161536 
30464 
161537 
30465 
161538 
30466 
161539 
30467 
161540 
30468 
161541 
30469 
161542 
30470 
161543 
30471 
161544 
30472 
161545 
30473 
161546 
30474 
161547 
30475 
161548 
30476 
161549 
30477 
161550 
30478 
161551 
30479 
161552 
30480 
161553 
30481 
161554 
30482 
161555 
30483 
161556 
30484 
161557 
30485 
161558 
30486 
161559 
30487 
161560 
30488 
161561 
30489 
161562 
30490 
161563 
30491 
161564 
30492 
161565 
30493 
161566 
30494 
161567 
30495 
161568 
30496 
161569 
30497 
161570 
30498 
161571 
30499 
161572 
30500 
161573 
30501 
161574 
30502 
161575 
30503 
161576 
30504 
161577 
30505 
161578 
30506 
161579 
30507 
161580 
30508 
161581 
30509 
161582 
30510 
161583 
30511 
161584 
30512 
161585 
30513 
161586 
30514 
161587 
30515 
161588 
30516 
161589 
30517 
161590 
30518 
161591 
30519 
161592 
30520 
161593 
30521 
161594 
30522 
161595 
30523 
161596 
30524 
161597 
30525 
161598 
30526 
161599 
30527 
161600 
30528 
161601 
30529 
161602 
30530 
161603 
30531 
161604 
30532 
161605 
30533 
161606 
30534 
161607 
30535 
161608 
30536 
161609 
30537 
161610 
30538 
161611 
30539 
161612 
30540 
161613 
30541 
161614 
30542 
161615 
30543 
161616 
30544 
161617 
30545 
161618 
30546 
161619 
30547 
161620 
30548 
161621 
30549 
161622 
30550 
161623 
30551 
161624 
30552 
161625 
30553 
161626 
30554 
161627 
30555 
161628 
30556 
161629 
30557 
161630 
30558 
161631 
30559 
161632 
30560 
161633 
30561 
161634 
30562 
161635 
30563 
161636 
30564 
161637 
30565 
161638 
30566 
161639 
30567 
161640 
30568 
161641 
30569 
161642 
30570 
161643 
30571 
161644 
30572 
161645 
30573 
161646 
30574 
161647 
30575 
161648 
30576 
161649 
30577 
161650 
30578 
161651 
30579 
161652 
30580 
161653 
30581 
161654 
30582 
161655 
30583 
161656 
30584 
161657 
30585 
161658 
30586 
161659 
30587 
161660 
30588 
161661 
30589 
161662 
30590 
161663 
30591 
161664 
30592 
161665 
30593 
161666 
30594 
161667 
30595 
161668 
30596 
161669 
30597 
161670 
30598 
161671 
30599 
161672 
30600 
161673 
30601 
161674 
30602 
161675 
30603 
161676 
30604 
161677 
30605 
161678 
30606 
161679 
30607 
161680 
30608 
161681 
30609 
161682 
30610 
161683 
30611 
161684 
30612 
161685 
30613 
161686 
30614 
161687 
30615 
161688 
30616 
161689 
30617 
161690 
30618 
161691 
30619 
161692 
30620 
161693 
30621 
161694 
30622 
161695 
30623 
161696 
30624 
161697 
30625 
161698 
30626 
161699 
30627 
161700 
30628 
161701 
30629 
161702 
30630 
161703 
30631 
161704 
30632 
161705 
30633 
161706 
30634 
161707 
30635 
161708 
30636 
161709 
30637 
161710 
30638 
161711 
30639 
161712 
30640 
161713 
30641 
161714 
30642 
161715 
30643 
161716 
30644 
161717 
30645 
161718 
30646 
161719 
30647 
161720 
30648 
161721 
30649 
161722 
30650 
161723 
30651 
161724 
30652 
161725 
30653 
161726 
30654 
161727 
30655 
161728 
30656 
161729 
30657 
161730 
30658 
161731 
30659 
161732 
30660 
161733 
30661 
161734 
30662 
161735 
30663 
161736 
30664 
161737 
30665 
161738 
30666 
161739 
30667 
161740 
30668 
161741 
30669 
161742 
30670 
161743 
30671 
161744 
30672 
161745 
30673 
161746 
30674 
161747 
30675 
161748 
30676 
161749 
30677 
161750 
30678 
161751 
30679 
161752 
30680 
161753 
30681 
161754 
30682 
161755 
30683 
161756 
30684 
161757 
30685 
161758 
30686 
161759 
30687 
161760 
30688 
161761 
30689 
161762 
30690 
161763 
30691 
161764 
30692 
161765 
30693 
161766 
30694 
161767 
30695 
161768 
30696 
161769 
30697 
161770 
30698 
161771 
30699 
161772 
30700 
161773 
30701 
161774 
30702 
161775 
30703 
161776 
30704 
161777 
30705 
161778 
30706 
161779 
30707 
161780 
30708 
161781 
30709 
161782 
30710 
161783 
30711 
161784 
30712 
161785 
30713 
161786 
30714 
161787 
30715 
161788 
30716 
161789 
30717 
161790 
30718 
161791 
30719 
161792 
30720 
161793 
30721 
161794 
30722 
161795 
30723 
161796 
30724 
161797 
30725 
161798 
30726 
161799 
30727 
161800 
30728 
161801 
30729 
161802 
30730 
161803 
30731 
161804 
30732 
161805 
30733 
161806 
30734 
161807 
30735 
161808 
30736 
161809 
30737 
161810 
30738 
161811 
30739 
161812 
30740 
161813 
30741 
161814 
30742 
161815 
30743 
161816 
30744 
161817 
30745 
161818 
30746 
161819 
30747 
161820 
30748 
161821 
30749 
161822 
30750 
161823 
30751 
161824 
30752 
161825 
30753 
161826 
30754 
161827 
30755 
161828 
30756 
161829 
30757 
161830 
30758 
161831 
30759 
161832 
30760 
161833 
30761 
161834 
30762 
161835 
30763 
161836 
30764 
161837 
30765 
161838 
30766 
161839 
30767 
161840 
30768 
161841 
30769 
161842 
30770 
161843 
30771 
161844 
30772 
161845 
30773 
161846 
30774 
161847 
30775 
161848 
30776 
161849 
30777 
161850 
30778 
161851 
30779 
161852 
30780 
161853 
30781 
161854 
30782 
161855 
30783 
161856 
30784 
161857 
30785 
161858 
30786 
161859 
30787 
161860 
30788 
161861 
30789 
161862 
30790 
161863 
30791 
161864 
30792 
161865 
30793 
161866 
30794 
161867 
30795 
161868 
30796 
161869 
30797 
161870 
30798 
161871 
30799 
161872 
30800 
161873 
30801 
161874 
30802 
161875 
30803 
161876 
30804 
161877 
30805 
161878 
30806 
161879 
30807 
161880 
30808 
161881 
30809 
161882 
30810 
161883 
30811 
161884 
30812 
161885 
30813 
161886 
30814 
161887 
30815 
161888 
30816 
161889 
30817 
161890 
30818 
161891 
30819 
161892 
30820 
161893 
30821 
161894 
30822 
161895 
30823 
161896 
30824 
161897 
30825 
161898 
30826 
161899 
30827 
161900 
30828 
161901 
30829 
161902 
30830 
161903 
30831 
161904 
30832 
161905 
30833 
161906 
30834 
161907 
30835 
161908 
30836 
161909 
30837 
161910 
30838 
161911 
30839 
161912 
30840 
161913 
30841 
161914 
30842 
161915 
30843 
161916 
30844 
161917 
30845 
161918 
30846 
161919 
30847 
161920 
30848 
161921 
30849 
161922 
30850 
161923 
30851 
161924 
30852 
161925 
30853 
161926 
30854 
161927 
30855 
161928 
30856 
161929 
30857 
161930 
30858 
161931 
30859 
161932 
30860 
161933 
30861 
161934 
30862 
161935 
30863 
161936 
30864 
161937 
30865 
161938 
30866 
161939 
30867 
161940 
30868 
161941 
30869 
161942 
30870 
161943 
30871 
161944 
30872 
161945 
30873 
161946 
30874 
161947 
30875 
161948 
30876 
161949 
30877 
161950 
30878 
161951 
30879 
161952 
30880 
161953 
30881 
161954 
30882 
161955 
30883 
161956 
30884 
161957 
30885 
161958 
30886 
161959 
30887 
161960 
30888 
161961 
30889 
161962 
30890 
161963 
30891 
161964 
30892 
161965 
30893 
161966 
30894 
161967 
30895 
161968 
30896 
161969 
30897 
161970 
30898 
161971 
30899 
161972 
30900 
161973 
30901 
161974 
30902 
161975 
30903 
161976 
30904 
161977 
30905 
161978 
30906 
161979 
30907 
161980 
30908 
161981 
30909 
161982 
30910 
161983 
30911 
161984 
30912 
161985 
30913 
161986 
30914 
161987 
30915 
161988 
30916 
161989 
30917 
161990 
30918 
161991 
30919 
161992 
30920 
161993 
30921 
161994 
30922 
161995 
30923 
161996 
30924 
161997 
30925 
161998 
30926 
161999 
30927 
162000 
30928 
162001 
30929 
162002 
30930 
162003 
30931 
162004 
30932 
162005 
30933 
162006 
30934 
162007 
30935 
162008 
30936 
162009 
30937 
162010 
30938 
162011 
30939 
162012 
30940 
162013 
30941 
162014 
30942 
162015 
30943 
162016 
30944 
162017 
30945 
162018 
30946 
162019 
30947 
162020 
30948 
162021 
30949 
162022 
30950 
162023 
30951 
162024 
30952 
162025 
30953 
162026 
30954 
162027 
30955 
162028 
30956 
162029 
30957 
162030 
30958 
162031 
30959 
162032 
30960 
162033 
30961 
162034 
30962 
162035 
30963 
162036 
30964 
162037 
30965 
162038 
30966 
162039 
30967 
162040 
30968 
162041 
30969 
162042 
30970 
162043 
30971 
162044 
30972 
162045 
30973 
162046 
30974 
162047 
30975 
162048 
30976 
162049 
30977 
162050 
30978 
162051 
30979 
162052 
30980 
162053 
30981 
162054 
30982 
162055 
30983 
162056 
30984 
162057 
30985 
162058 
30986 
162059 
30987 
162060 
30988 
162061 
30989 
162062 
30990 
162063 
30991 
162064 
30992 
162065 
30993 
162066 
30994 
162067 
30995 
162068 
30996 
162069 
30997 
162070 
30998 
162071 
30999 
162072 
31000 
162073 
31001 
162074 
31002 
162075 
31003 
162076 
31004 
162077 
31005 
162078 
31006 
162079 
31007 
162080 
31008 
162081 
31009 
162082 
31010 
162083 
31011 
162084 
31012 
162085 
31013 
162086 
31014 
162087 
31015 
162088 
31016 
162089 
31017 
162090 
31018 
162091 
31019 
162092 
31020 
162093 
31021 
162094 
31022 
162095 
31023 
162096 
31024 
162097 
31025 
162098 
31026 
162099 
31027 
162100 
31028 
162101 
31029 
162102 
31030 
162103 
31031 
162104 
31032 
162105 
31033 
162106 
31034 
162107 
31035 
162108 
31036 
162109 
31037 
162110 
31038 
162111 
31039 
162112 
31040 
162113 
31041 
162114 
31042 
162115 
31043 
162116 
31044 
162117 
31045 
162118 
31046 
162119 
31047 
162120 
31048 
162121 
31049 
162122 
31050 
162123 
31051 
162124 
31052 
162125 
31053 
162126 
31054 
162127 
31055 
162128 
31056 
162129 
31057 
162130 
31058 
162131 
31059 
162132 
31060 
162133 
31061 
162134 
31062 
162135 
31063 
162136 
31064 
162137 
31065 
162138 
31066 
162139 
31067 
162140 
31068 
162141 
31069 
162142 
31070 
162143 
31071 
162144 
31072 
162145 
31073 
162146 
31074 
162147 
31075 
162148 
31076 
162149 
31077 
162150 
31078 
162151 
31079 
162152 
31080 
162153 
31081 
162154 
31082 
162155 
31083 
162156 
31084 
162157 
31085 
162158 
31086 
162159 
31087 
162160 
31088 
162161 
31089 
162162 
31090 
162163 
31091 
162164 
31092 
162165 
31093 
162166 
31094 
162167 
31095 
162168 
31096 
162169 
31097 
162170 
31098 
162171 
31099 
162172 
31100 
162173 
31101 
162174 
31102 
162175 
31103 
162176 
31104 
162177 
31105 
162178 
31106 
162179 
31107 
162180 
31108 
162181 
31109 
162182 
31110 
162183 
31111 
162184 
31112 
162185 
31113 
162186 
31114 
162187 
31115 
162188 
31116 
162189 
31117 
162190 
31118 
162191 
31119 
162192 
31120 
162193 
31121 
162194 
31122 
162195 
31123 
162196 
31124 
162197 
31125 
162198 
31126 
162199 
31127 
162200 
31128 
162201 
31129 
162202 
31130 
162203 
31131 
162204 
31132 
162205 
31133 
162206 
31134 
162207 
31135 
162208 
31136 
162209 
31137 
162210 
31138 
162211 
31139 
162212 
31140 
162213 
31141 
162214 
31142 
162215 
31143 
162216 
31144 
162217 
31145 
162218 
31146 
162219 
31147 
162220 
31148 
162221 
31149 
162222 
31150 
162223 
31151 
162224 
31152 
162225 
31153 
162226 
31154 
162227 
31155 
162228 
31156 
162229 
31157 
162230 
31158 
162231 
31159 
162232 
31160 
162233 
31161 
162234 
31162 
162235 
31163 
162236 
31164 
162237 
31165 
162238 
31166 
162239 
31167 
162240 
31168 
162241 
31169 
162242 
31170 
162243 
31171 
162244 
31172 
162245 
31173 
162246 
31174 
162247 
31175 
162248 
31176 
162249 
31177 
162250 
31178 
162251 
31179 
162252 
31180 
162253 
31181 
162254 
31182 
162255 
31183 
162256 
31184 
162257 
31185 
162258 
31186 
162259 
31187 
162260 
31188 
162261 
31189 
162262 
31190 
162263 
31191 
162264 
31192 
162265 
31193 
162266 
31194 
162267 
31195 
162268 
31196 
162269 
31197 
162270 
31198 
162271 
31199 
162272 
31200 
162273 
31201 
162274 
31202 
162275 
31203 
162276 
31204 
162277 
31205 
162278 
31206 
162279 
31207 
162280 
31208 
162281 
31209 
162282 
31210 
162283 
31211 
162284 
31212 
162285 
31213 
162286 
31214 
162287 
31215 
162288 
31216 
162289 
31217 
162290 
31218 
162291 
31219 
162292 
31220 
162293 
31221 
162294 
31222 
162295 
31223 
162296 
31224 
162297 
31225 
162298 
31226 
162299 
31227 
162300 
31228 
162301 
31229 
162302 
31230 
162303 
31231 
162304 
31232 
162305 
31233 
162306 
31234 
162307 
31235 
162308 
31236 
162309 
31237 
162310 
31238 
162311 
31239 
162312 
31240 
162313 
31241 
162314 
31242 
162315 
31243 
162316 
31244 
162317 
31245 
162318 
31246 
162319 
31247 
162320 
31248 
162321 
31249 
162322 
31250 
162323 
31251 
162324 
31252 
162325 
31253 
162326 
31254 
162327 
31255 
162328 
31256 
162329 
31257 
162330 
31258 
162331 
31259 
162332 
31260 
162333 
31261 
162334 
31262 
162335 
31263 
162336 
31264 
162337 
31265 
162338 
31266 
162339 
31267 
162340 
31268 
162341 
31269 
162342 
31270 
162343 
31271 
162344 
31272 
162345 
31273 
162346 
31274 
162347 
31275 
162348 
31276 
162349 
31277 
162350 
31278 
162351 
31279 
162352 
31280 
162353 
31281 
162354 
31282 
162355 
31283 
162356 
31284 
162357 
31285 
162358 
31286 
162359 
31287 
162360 
31288 
162361 
31289 
162362 
31290 
162363 
31291 
162364 
31292 
162365 
31293 
162366 
31294 
162367 
31295 
162368 
31296 
162369 
31297 
162370 
31298 
162371 
31299 
162372 
31300 
162373 
31301 
162374 
31302 
162375 
31303 
162376 
31304 
162377 
31305 
162378 
31306 
162379 
31307 
162380 
31308 
162381 
31309 
162382 
31310 
162383 
31311 
162384 
31312 
162385 
31313 
162386 
31314 
162387 
31315 
162388 
31316 
162389 
31317 
162390 
31318 
162391 
31319 
162392 
31320 
162393 
31321 
162394 
31322 
162395 
31323 
162396 
31324 
162397 
31325 
162398 
31326 
162399 
31327 
162400 
31328 
162401 
31329 
162402 
31330 
162403 
31331 
162404 
31332 
162405 
31333 
162406 
31334 
162407 
31335 
162408 
31336 
162409 
31337 
162410 
31338 
162411 
31339 
162412 
31340 
162413 
31341 
162414 
31342 
162415 
31343 
162416 
31344 
162417 
31345 
162418 
31346 
162419 
31347 
162420 
31348 
162421 
31349 
162422 
31350 
162423 
31351 
162424 
31352 
162425 
31353 
162426 
31354 
162427 
31355 
162428 
31356 
162429 
31357 
162430 
31358 
162431 
31359 
162432 
31360 
162433 
31361 
162434 
31362 
162435 
31363 
162436 
31364 
162437 
31365 
162438 
31366 
162439 
31367 
162440 
31368 
162441 
31369 
162442 
31370 
162443 
31371 
162444 
31372 
162445 
31373 
162446 
31374 
162447 
31375 
162448 
31376 
162449 
31377 
162450 
31378 
162451 
31379 
162452 
31380 
162453 
31381 
162454 
31382 
162455 
31383 
162456 
31384 
162457 
31385 
162458 
31386 
162459 
31387 
162460 
31388 
162461 
31389 
162462 
31390 
162463 
31391 
162464 
31392 
162465 
31393 
162466 
31394 
162467 
31395 
162468 
31396 
162469 
31397 
162470 
31398 
162471 
31399 
162472 
31400 
162473 
31401 
162474 
31402 
162475 
31403 
162476 
31404 
162477 
31405 
162478 
31406 
162479 
31407 
162480 
31408 
162481 
31409 
162482 
31410 
162483 
31411 
162484 
31412 
162485 
31413 
162486 
31414 
162487 
31415 
162488 
31416 
162489 
31417 
162490 
31418 
162491 
31419 
162492 
31420 
162493 
31421 
162494 
31422 
162495 
31423 
162496 
31424 
162497 
31425 
162498 
31426 
162499 
31427 
162500 
31428 
162501 
31429 
162502 
31430 
162503 
31431 
162504 
31432 
162505 
31433 
162506 
31434 
162507 
31435 
162508 
31436 
162509 
31437 
162510 
31438 
162511 
31439 
162512 
31440 
162513 
31441 
162514 
31442 
162515 
31443 
162516 
31444 
162517 
31445 
162518 
31446 
162519 
31447 
162520 
31448 
162521 
31449 
162522 
31450 
162523 
31451 
162524 
31452 
162525 
31453 
162526 
31454 
162527 
31455 
162528 
31456 
162529 
31457 
162530 
31458 
162531 
31459 
162532 
31460 
162533 
31461 
162534 
31462 
162535 
31463 
162536 
31464 
162537 
31465 
162538 
31466 
162539 
31467 
162540 
31468 
162541 
31469 
162542 
31470 
162543 
31471 
162544 
31472 
162545 
31473 
162546 
31474 
162547 
31475 
162548 
31476 
162549 
31477 
162550 
31478 
162551 
31479 
162552 
31480 
162553 
31481 
162554 
31482 
162555 
31483 
162556 
31484 
162557 
31485 
162558 
31486 
162559 
31487 
162560 
31488 
162561 
31489 
162562 
31490 
162563 
31491 
162564 
31492 
162565 
31493 
162566 
31494 
162567 
31495 
162568 
31496 
162569 
31497 
162570 
31498 
162571 
31499 
162572 
31500 
162573 
31501 
162574 
31502 
162575 
31503 
162576 
31504 
162577 
31505 
162578 
31506 
162579 
31507 
162580 
31508 
162581 
31509 
162582 
31510 
162583 
31511 
162584 
31512 
162585 
31513 
162586 
31514 
162587 
31515 
162588 
31516 
162589 
31517 
162590 
31518 
162591 
31519 
162592 
31520 
162593 
31521 
162594 
31522 
162595 
31523 
162596 
31524 
162597 
31525 
162598 
31526 
162599 
31527 
162600 
31528 
162601 
31529 
162602 
31530 
162603 
31531 
162604 
31532 
162605 
31533 
162606 
31534 
162607 
31535 
162608 
31536 
162609 
31537 
162610 
31538 
162611 
31539 
162612 
31540 
162613 
31541 
162614 
31542 
162615 
31543 
162616 
31544 
162617 
31545 
162618 
31546 
162619 
31547 
162620 
31548 
162621 
31549 
162622 
31550 
162623 
31551 
162624 
31552 
162625 
31553 
162626 
31554 
162627 
31555 
162628 
31556 
162629 
31557 
162630 
31558 
162631 
31559 
162632 
31560 
162633 
31561 
162634 
31562 
162635 
31563 
162636 
31564 
162637 
31565 
162638 
31566 
162639 
31567 
162640 
31568 
162641 
31569 
162642 
31570 
162643 
31571 
162644 
31572 
162645 
31573 
162646 
31574 
162647 
31575 
162648 
31576 
162649 
31577 
162650 
31578 
162651 
31579 
162652 
31580 
162653 
31581 
162654 
31582 
162655 
31583 
162656 
31584 
162657 
31585 
162658 
31586 
162659 
31587 
162660 
31588 
162661 
31589 
162662 
31590 
162663 
31591 
162664 
31592 
162665 
31593 
162666 
31594 
162667 
31595 
162668 
31596 
162669 
31597 
162670 
31598 
162671 
31599 
162672 
31600 
162673 
31601 
162674 
31602 
162675 
31603 
162676 
31604 
162677 
31605 
162678 
31606 
162679 
31607 
162680 
31608 
162681 
31609 
162682 
31610 
162683 
31611 
162684 
31612 
162685 
31613 
162686 
31614 
162687 
31615 
162688 
31616 
162689 
31617 
162690 
31618 
162691 
31619 
162692 
31620 
162693 
31621 
162694 
31622 
162695 
31623 
162696 
31624 
162697 
31625 
162698 
31626 
162699 
31627 
162700 
31628 
162701 
31629 
162702 
31630 
162703 
31631 
162704 
31632 
162705 
31633 
162706 
31634 
162707 
31635 
162708 
31636 
162709 
31637 
162710 
31638 
162711 
31639 
162712 
31640 
162713 
31641 
162714 
31642 
162715 
31643 
162716 
31644 
162717 
31645 
162718 
31646 
162719 
31647 
162720 
31648 
162721 
31649 
162722 
31650 
162723 
31651 
162724 
31652 
162725 
31653 
162726 
31654 
162727 
31655 
162728 
31656 
162729 
31657 
162730 
31658 
162731 
31659 
162732 
31660 
162733 
31661 
162734 
31662 
162735 
31663 
162736 
31664 
162737 
31665 
162738 
31666 
162739 
31667 
162740 
31668 
162741 
31669 
162742 
31670 
162743 
31671 
162744 
31672 
162745 
31673 
162746 
31674 
162747 
31675 
162748 
31676 
162749 
31677 
162750 
31678 
162751 
31679 
162752 
31680 
162753 
31681 
162754 
31682 
162755 
31683 
162756 
31684 
162757 
31685 
162758 
31686 
162759 
31687 
162760 
31688 
162761 
31689 
162762 
31690 
162763 
31691 
162764 
31692 
162765 
31693 
162766 
31694 
162767 
31695 
162768 
31696 
162769 
31697 
162770 
31698 
162771 
31699 
162772 
31700 
162773 
31701 
162774 
31702 
162775 
31703 
162776 
31704 
162777 
31705 
162778 
31706 
162779 
31707 
162780 
31708 
162781 
31709 
162782 
31710 
162783 
31711 
162784 
31712 
162785 
31713 
162786 
31714 
162787 
31715 
162788 
31716 
162789 
31717 
162790 
31718 
162791 
31719 
162792 
31720 
162793 
31721 
162794 
31722 
162795 
31723 
162796 
31724 
162797 
31725 
162798 
31726 
162799 
31727 
162800 
31728 
162801 
31729 
162802 
31730 
162803 
31731 
162804 
31732 
162805 
31733 
162806 
31734 
162807 
31735 
162808 
31736 
162809 
31737 
162810 
31738 
162811 
31739 
162812 
31740 
162813 
31741 
162814 
31742 
162815 
31743 
162816 
31744 
162817 
31745 
162818 
31746 
162819 
31747 
162820 
31748 
162821 
31749 
162822 
31750 
162823 
31751 
162824 
31752 
162825 
31753 
162826 
31754 
162827 
31755 
162828 
31756 
162829 
31757 
162830 
31758 
162831 
31759 
162832 
31760 
162833 
31761 
162834 
31762 
162835 
31763 
162836 
31764 
162837 
31765 
162838 
31766 
162839 
31767 
162840 
31768 
162841 
31769 
162842 
31770 
162843 
31771 
162844 
31772 
162845 
31773 
162846 
31774 
162847 
31775 
162848 
31776 
162849 
31777 
162850 
31778 
162851 
31779 
162852 
31780 
162853 
31781 
162854 
31782 
162855 
31783 
162856 
31784 
162857 
31785 
162858 
31786 
162859 
31787 
162860 
31788 
162861 
31789 
162862 
31790 
162863 
31791 
162864 
31792 
162865 
31793 
162866 
31794 
162867 
31795 
162868 
31796 
162869 
31797 
162870 
31798 
162871 
31799 
162872 
31800 
162873 
31801 
162874 
31802 
162875 
31803 
162876 
31804 
162877 
31805 
162878 
31806 
162879 
31807 
162880 
31808 
162881 
31809 
162882 
31810 
162883 
31811 
162884 
31812 
162885 
31813 
162886 
31814 
162887 
31815 
162888 
31816 
162889 
31817 
162890 
31818 
162891 
31819 
162892 
31820 
162893 
31821 
162894 
31822 
162895 
31823 
162896 
31824 
162897 
31825 
162898 
31826 
162899 
31827 
162900 
31828 
162901 
31829 
162902 
31830 
162903 
31831 
162904 
31832 
162905 
31833 
162906 
31834 
162907 
31835 
162908 
31836 
162909 
31837 
162910 
31838 
162911 
31839 
162912 
31840 
162913 
31841 
162914 
31842 
162915 
31843 
162916 
31844 
162917 
31845 
162918 
31846 
162919 
31847 
162920 
31848 
162921 
31849 
162922 
31850 
162923 
31851 
162924 
31852 
162925 
31853 
162926 
31854 
162927 
31855 
162928 
31856 
162929 
31857 
162930 
31858 
162931 
31859 
162932 
31860 
162933 
31861 
162934 
31862 
162935 
31863 
162936 
31864 
162937 
31865 
162938 
31866 
162939 
31867 
162940 
31868 
162941 
31869 
162942 
31870 
162943 
31871 
162944 
31872 
162945 
31873 
162946 
31874 
162947 
31875 
162948 
31876 
162949 
31877 
162950 
31878 
162951 
31879 
162952 
31880 
162953 
31881 
162954 
31882 
162955 
31883 
162956 
31884 
162957 
31885 
162958 
31886 
162959 
31887 
162960 
31888 
162961 
31889 
162962 
31890 
162963 
31891 
162964 
31892 
162965 
31893 
162966 
31894 
162967 
31895 
162968 
31896 
162969 
31897 
162970 
31898 
162971 
31899 
162972 
31900 
162973 
31901 
162974 
31902 
162975 
31903 
162976 
31904 
162977 
31905 
162978 
31906 
162979 
31907 
162980 
31908 
162981 
31909 
162982 
31910 
162983 
31911 
162984 
31912 
162985 
31913 
162986 
31914 
162987 
31915 
162988 
31916 
162989 
31917 
162990 
31918 
162991 
31919 
162992 
31920 
162993 
31921 
162994 
31922 
162995 
31923 
162996 
31924 
162997 
31925 
162998 
31926 
162999 
31927 
163000 
31928 
163001 
31929 
163002 
31930 
163003 
31931 
163004 
31932 
163005 
31933 
163006 
31934 
163007 
31935 
163008 
31936 
163009 
31937 
163010 
31938 
163011 
31939 
163012 
31940 
163013 
31941 
163014 
31942 
163015 
31943 
163016 
31944 
163017 
31945 
163018 
31946 
163019 
31947 
163020 
31948 
163021 
31949 
163022 
31950 
163023 
31951 
163024 
31952 
163025 
31953 
163026 
31954 
163027 
31955 
163028 
31956 
163029 
31957 
163030 
31958 
163031 
31959 
163032 
31960 
163033 
31961 
163034 
31962 
163035 
31963 
163036 
31964 
163037 
31965 
163038 
31966 
163039 
31967 
163040 
31968 
163041 
31969 
163042 
31970 
163043 
31971 
163044 
31972 
163045 
31973 
163046 
31974 
163047 
31975 
163048 
31976 
163049 
31977 
163050 
31978 
163051 
31979 
163052 
31980 
163053 
31981 
163054 
31982 
163055 
31983 
163056 
31984 
163057 
31985 
163058 
31986 
163059 
31987 
163060 
31988 
163061 
31989 
163062 
31990 
163063 
31991 
163064 
31992 
163065 
31993 
163066 
31994 
163067 
31995 
163068 
31996 
163069 
31997 
163070 
31998 
163071 
31999 
163072 
32000 
163073 
32001 
163074 
32002 
163075 
32003 
163076 
32004 
163077 
32005 
163078 
32006 
163079 
32007 
163080 
32008 
163081 
32009 
163082 
32010 
163083 
32011 
163084 
32012 
163085 
32013 
163086 
32014 
163087 
32015 
163088 
32016 
163089 
32017 
163090 
32018 
163091 
32019 
163092 
32020 
163093 
32021 
163094 
32022 
163095 
32023 
163096 
32024 
163097 
32025 
163098 
32026 
163099 
32027 
163100 
32028 
163101 
32029 
163102 
32030 
163103 
32031 
163104 
32032 
163105 
32033 
163106 
32034 
163107 
32035 
163108 
32036 
163109 
32037 
163110 
32038 
163111 
32039 
163112 
32040 
163113 
32041 
163114 
32042 
163115 
32043 
163116 
32044 
163117 
32045 
163118 
32046 
163119 
32047 
163120 
32048 
163121 
32049 
163122 
32050 
163123 
32051 
163124 
32052 
163125 
32053 
163126 
32054 
163127 
32055 
163128 
32056 
163129 
32057 
163130 
32058 
163131 
32059 
163132 
32060 
163133 
32061 
163134 
32062 
163135 
32063 
163136 
32064 
163137 
32065 
163138 
32066 
163139 
32067 
163140 
32068 
163141 
32069 
163142 
32070 
163143 
32071 
163144 
32072 
163145 
32073 
163146 
32074 
163147 
32075 
163148 
32076 
163149 
32077 
163150 
32078 
163151 
32079 
163152 
32080 
163153 
32081 
163154 
32082 
163155 
32083 
163156 
32084 
163157 
32085 
163158 
32086 
163159 
32087 
163160 
32088 
163161 
32089 
163162 
32090 
163163 
32091 
163164 
32092 
163165 
32093 
163166 
32094 
163167 
32095 
163168 
32096 
163169 
32097 
163170 
32098 
163171 
32099 
163172 
32100 
163173 
32101 
163174 
32102 
163175 
32103 
163176 
32104 
163177 
32105 
163178 
32106 
163179 
32107 
163180 
32108 
163181 
32109 
163182 
32110 
163183 
32111 
163184 
32112 
163185 
32113 
163186 
32114 
163187 
32115 
163188 
32116 
163189 
32117 
163190 
32118 
163191 
32119 
163192 
32120 
163193 
32121 
163194 
32122 
163195 
32123 
163196 
32124 
163197 
32125 
163198 
32126 
163199 
32127 
163200 
32128 
163201 
32129 
163202 
32130 
163203 
32131 
163204 
32132 
163205 
32133 
163206 
32134 
163207 
32135 
163208 
32136 
163209 
32137 
163210 
32138 
163211 
32139 
163212 
32140 
163213 
32141 
163214 
32142 
163215 
32143 
163216 
32144 
163217 
32145 
163218 
32146 
163219 
32147 
163220 
32148 
163221 
32149 
163222 
32150 
163223 
32151 
163224 
32152 
163225 
32153 
163226 
32154 
163227 
32155 
163228 
32156 
163229 
32157 
163230 
32158 
163231 
32159 
163232 
32160 
163233 
32161 
163234 
32162 
163235 
32163 
163236 
32164 
163237 
32165 
163238 
32166 
163239 
32167 
163240 
32168 
163241 
32169 
163242 
32170 
163243 
32171 
163244 
32172 
163245 
32173 
163246 
32174 
163247 
32175 
163248 
32176 
163249 
32177 
163250 
32178 
163251 
32179 
163252 
32180 
163253 
32181 
163254 
32182 
163255 
32183 
163256 
32184 
163257 
32185 
163258 
32186 
163259 
32187 
163260 
32188 
163261 
32189 
163262 
32190 
163263 
32191 
163264 
32192 
163265 
32193 
163266 
32194 
163267 
32195 
163268 
32196 
163269 
32197 
163270 
32198 
163271 
32199 
163272 
32200 
163273 
32201 
163274 
32202 
163275 
32203 
163276 
32204 
163277 
32205 
163278 
32206 
163279 
32207 
163280 
32208 
163281 
32209 
163282 
32210 
163283 
32211 
163284 
32212 
163285 
32213 
163286 
32214 
163287 
32215 
163288 
32216 
163289 
32217 
163290 
32218 
163291 
32219 
163292 
32220 
163293 
32221 
163294 
32222 
163295 
32223 
163296 
32224 
163297 
32225 
163298 
32226 
163299 
32227 
163300 
32228 
163301 
32229 
163302 
32230 
163303 
32231 
163304 
32232 
163305 
32233 
163306 
32234 
163307 
32235 
163308 
32236 
163309 
32237 
163310 
32238 
163311 
32239 
163312 
32240 
163313 
32241 
163314 
32242 
163315 
32243 
163316 
32244 
163317 
32245 
163318 
32246 
163319 
32247 
163320 
32248 
163321 
32249 
163322 
32250 
163323 
32251 
163324 
32252 
163325 
32253 
163326 
32254 
163327 
32255 
163328 
32256 
163329 
32257 
163330 
32258 
163331 
32259 
163332 
32260 
163333 
32261 
163334 
32262 
163335 
32263 
163336 
32264 
163337 
32265 
163338 
32266 
163339 
32267 
163340 
32268 
163341 
32269 
163342 
32270 
163343 
32271 
163344 
32272 
163345 
32273 
163346 
32274 
163347 
32275 
163348 
32276 
163349 
32277 
163350 
32278 
163351 
32279 
163352 
32280 
163353 
32281 
163354 
32282 
163355 
32283 
163356 
32284 
163357 
32285 
163358 
32286 
163359 
32287 
163360 
32288 
163361 
32289 
163362 
32290 
163363 
32291 
163364 
32292 
163365 
32293 
163366 
32294 
163367 
32295 
163368 
32296 
163369 
32297 
163370 
32298 
163371 
32299 
163372 
32300 
163373 
32301 
163374 
32302 
163375 
32303 
163376 
32304 
163377 
32305 
163378 
32306 
163379 
32307 
163380 
32308 
163381 
32309 
163382 
32310 
163383 
32311 
163384 
32312 
163385 
32313 
163386 
32314 
163387 
32315 
163388 
32316 
163389 
32317 
163390 
32318 
163391 
32319 
163392 
32320 
163393 
32321 
163394 
32322 
163395 
32323 
163396 
32324 
163397 
32325 
163398 
32326 
163399 
32327 
163400 
32328 
163401 
32329 
163402 
32330 
163403 
32331 
163404 
32332 
163405 
32333 
163406 
32334 
163407 
32335 
163408 
32336 
163409 
32337 
163410 
32338 
163411 
32339 
163412 
32340 
163413 
32341 
163414 
32342 
163415 
32343 
163416 
32344 
163417 
32345 
163418 
32346 
163419 
32347 
163420 
32348 
163421 
32349 
163422 
32350 
163423 
32351 
163424 
32352 
163425 
32353 
163426 
32354 
163427 
32355 
163428 
32356 
163429 
32357 
163430 
32358 
163431 
32359 
163432 
32360 
163433 
32361 
163434 
32362 
163435 
32363 
163436 
32364 
163437 
32365 
163438 
32366 
163439 
32367 
163440 
32368 
163441 
32369 
163442 
32370 
163443 
32371 
163444 
32372 
163445 
32373 
163446 
32374 
163447 
32375 
163448 
32376 
163449 
32377 
163450 
32378 
163451 
32379 
163452 
32380 
163453 
32381 
163454 
32382 
163455 
32383 
163456 
32384 
163457 
32385 
163458 
32386 
163459 
32387 
163460 
32388 
163461 
32389 
163462 
32390 
163463 
32391 
163464 
32392 
163465 
32393 
163466 
32394 
163467 
32395 
163468 
32396 
163469 
32397 
163470 
32398 
163471 
32399 
163472 
32400 
163473 
32401 
163474 
32402 
163475 
32403 
163476 
32404 
163477 
32405 
163478 
32406 
163479 
32407 
163480 
32408 
163481 
32409 
163482 
32410 
163483 
32411 
163484 
32412 
163485 
32413 
163486 
32414 
163487 
32415 
163488 
32416 
163489 
32417 
163490 
32418 
163491 
32419 
163492 
32420 
163493 
32421 
163494 
32422 
163495 
32423 
163496 
32424 
163497 
32425 
163498 
32426 
163499 
32427 
163500 
32428 
163501 
32429 
163502 
32430 
163503 
32431 
163504 
32432 
163505 
32433 
163506 
32434 
163507 
32435 
163508 
32436 
163509 
32437 
163510 
32438 
163511 
32439 
163512 
32440 
163513 
32441 
163514 
32442 
163515 
32443 
163516 
32444 
163517 
32445 
163518 
32446 
163519 
32447 
163520 
32448 
163521 
32449 
163522 
32450 
163523 
32451 
163524 
32452 
163525 
32453 
163526 
32454 
163527 
32455 
163528 
32456 
163529 
32457 
163530 
32458 
163531 
32459 
163532 
32460 
163533 
32461 
163534 
32462 
163535 
32463 
163536 
32464 
163537 
32465 
163538 
32466 
163539 
32467 
163540 
32468 
163541 
32469 
163542 
32470 
163543 
32471 
163544 
32472 
163545 
32473 
163546 
32474 
163547 
32475 
163548 
32476 
163549 
32477 
163550 
32478 
163551 
32479 
163552 
32480 
163553 
32481 
163554 
32482 
163555 
32483 
163556 
32484 
163557 
32485 
163558 
32486 
163559 
32487 
163560 
32488 
163561 
32489 
163562 
32490 
163563 
32491 
163564 
32492 
163565 
32493 
163566 
32494 
163567 
32495 
163568 
32496 
163569 
32497 
163570 
32498 
163571 
32499 
163572 
32500 
163573 
32501 
163574 
32502 
163575 
32503 
163576 
32504 
163577 
32505 
163578 
32506 
163579 
32507 
163580 
32508 
163581 
32509 
163582 
32510 
163583 
32511 
163584 
32512 
163585 
32513 
163586 
32514 
163587 
32515 
163588 
32516 
163589 
32517 
163590 
32518 
163591 
32519 
163592 
32520 
163593 
32521 
163594 
32522 
163595 
32523 
163596 
32524 
163597 
32525 
163598 
32526 
163599 
32527 
163600 
32528 
163601 
32529 
163602 
32530 
163603 
32531 
163604 
32532 
163605 
32533 
163606 
32534 
163607 
32535 
163608 
32536 
163609 
32537 
163610 
32538 
163611 
32539 
163612 
32540 
163613 
32541 
163614 
32542 
163615 
32543 
163616 
32544 
163617 
32545 
163618 
32546 
163619 
32547 
163620 
32548 
163621 
32549 
163622 
32550 
163623 
32551 
163624 
32552 
163625 
32553 
163626 
32554 
163627 
32555 
163628 
32556 
163629 
32557 
163630 
32558 
163631 
32559 
163632 
32560 
163633 
32561 
163634 
32562 
163635 
32563 
163636 
32564 
163637 
32565 
163638 
32566 
163639 
32567 
163640 
32568 
163641 
32569 
163642 
32570 
163643 
32571 
163644 
32572 
163645 
32573 
163646 
32574 
163647 
32575 
163648 
32576 
163649 
32577 
163650 
32578 
163651 
32579 
163652 
32580 
163653 
32581 
163654 
32582 
163655 
32583 
163656 
32584 
163657 
32585 
163658 
32586 
163659 
32587 
163660 
32588 
163661 
32589 
163662 
32590 
163663 
32591 
163664 
32592 
163665 
32593 
163666 
32594 
163667 
32595 
163668 
32596 
163669 
32597 
163670 
32598 
163671 
32599 
163672 
32600 
163673 
32601 
163674 
32602 
163675 
32603 
163676 
32604 
163677 
32605 
163678 
32606 
163679 
32607 
163680 
32608 
163681 
32609 
163682 
32610 
163683 
32611 
163684 
32612 
163685 
32613 
163686 
32614 
163687 
32615 
163688 
32616 
163689 
32617 
163690 
32618 
163691 
32619 
163692 
32620 
163693 
32621 
163694 
32622 
163695 
32623 
163696 
32624 
163697 
32625 
163698 
32626 
163699 
32627 
163700 
32628 
163701 
32629 
163702 
32630 
163703 
32631 
163704 
32632 
163705 
32633 
163706 
32634 
163707 
32635 
163708 
32636 
163709 
32637 
163710 
32638 
163711 
32639 
163712 
32640 
163713 
32641 
163714 
32642 
163715 
32643 
163716 
32644 
163717 
32645 
163718 
32646 
163719 
32647 
163720 
32648 
163721 
32649 
163722 
32650 
163723 
32651 
163724 
32652 
163725 
32653 
163726 
32654 
163727 
32655 
163728 
32656 
163729 
32657 
163730 
32658 
163731 
32659 
163732 
32660 
163733 
32661 
163734 
32662 
163735 
32663 
163736 
32664 
163737 
32665 
163738 
32666 
163739 
32667 
163740 
32668 
163741 
32669 
163742 
32670 
163743 
32671 
163744 
32672 
163745 
32673 
163746 
32674 
163747 
32675 
163748 
32676 
163749 
32677 
163750 
32678 
163751 
32679 
163752 
32680 
163753 
32681 
163754 
32682 
163755 
32683 
163756 
32684 
163757 
32685 
163758 
32686 
163759 
32687 
163760 
32688 
163761 
32689 
163762 
32690 
163763 
32691 
163764 
32692 
163765 
32693 
163766 
32694 
163767 
32695 
163768 
32696 
163769 
32697 
163770 
32698 
163771 
32699 
163772 
32700 
163773 
32701 
163774 
32702 
163775 
32703 
163776 
32704 
163777 
32705 
163778 
32706 
163779 
32707 
163780 
32708 
163781 
32709 
163782 
32710 
163783 
32711 
163784 
32712 
163785 
32713 
163786 
32714 
163787 
32715 
163788 
32716 
163789 
32717 
163790 
32718 
163791 
32719 
163792 
32720 
163793 
32721 
163794 
32722 
163795 
32723 
163796 
32724 
163797 
32725 
163798 
32726 
163799 
32727 
163800 
32728 
163801 
32729 
163802 
32730 
163803 
32731 
163804 
32732 
163805 
32733 
163806 
32734 
163807 
32735 
163808 
32736 
163809 
32737 
163810 
32738 
163811 
32739 
163812 
32740 
163813 
32741 
163814 
32742 
163815 
32743 
163816 
32744 
163817 
32745 
163818 
32746 
163819 
32747 
163820 
32748 
163821 
32749 
163822 
32750 
163823 
32751 
163824 
32752 
163825 
32753 
163826 
32754 
163827 
32755 
163828 
32756 
163829 
32757 
163830 
32758 
163831 
32759 
163832 
32760 
163833 
32761 
163834 
32762 
163835 
32763 
163836 
32764 
163837 
32765 
163838 
32766 
163839 
32767 
163840 
32768 
163841 
32769 
163842 
32770 
163843 
32771 
163844 
32772 
163845 
32773 
163846 
32774 
163847 
32775 
163848 
32776 
163849 
32777 
163850 
32778 
163851 
32779 
163852 
32780 
163853 
32781 
163854 
32782 
163855 
32783 
163856 
32784 
163857 
32785 
163858 
32786 
163859 
32787 
163860 
32788 
163861 
32789 
163862 
32790 
163863 
32791 
163864 
32792 
163865 
32793 
163866 
32794 
163867 
32795 
163868 
32796 
163869 
32797 
163870 
32798 
163871 
32799 
163872 
32800 
163873 
32801 
163874 
32802 
163875 
32803 
163876 
32804 
163877 
32805 
163878 
32806 
163879 
32807 
163880 
32808 
163881 
32809 
163882 
32810 
163883 
32811 
163884 
32812 
163885 
32813 
163886 
32814 
163887 
32815 
163888 
32816 
163889 
32817 
163890 
32818 
163891 
32819 
163892 
32820 
163893 
32821 
163894 
32822 
163895 
32823 
163896 
32824 
163897 
32825 
163898 
32826 
163899 
32827 
163900 
32828 
163901 
32829 
163902 
32830 
163903 
32831 
163904 
32832 
163905 
32833 
163906 
32834 
163907 
32835 
163908 
32836 
163909 
32837 
163910 
32838 
163911 
32839 
163912 
32840 
163913 
32841 
163914 
32842 
163915 
32843 
163916 
32844 
163917 
32845 
163918 
32846 
163919 
32847 
163920 
32848 
163921 
32849 
163922 
32850 
163923 
32851 
163924 
32852 
163925 
32853 
163926 
32854 
163927 
32855 
163928 
32856 
163929 
32857 
163930 
32858 
163931 
32859 
163932 
32860 
163933 
32861 
163934 
32862 
163935 
32863 
163936 
32864 
163937 
32865 
163938 
32866 
163939 
32867 
163940 
32868 
163941 
32869 
163942 
32870 
163943 
32871 
163944 
32872 
163945 
32873 
163946 
32874 
163947 
32875 
163948 
32876 
163949 
32877 
163950 
32878 
163951 
32879 
163952 
32880 
163953 
32881 
163954 
32882 
163955 
32883 
163956 
32884 
163957 
32885 
163958 
32886 
163959 
32887 
163960 
32888 
163961 
32889 
163962 
32890 
163963 
32891 
163964 
32892 
163965 
32893 
163966 
32894 
163967 
32895 
163968 
32896 
163969 
32897 
163970 
32898 
163971 
32899 
163972 
32900 
163973 
32901 
163974 
32902 
163975 
32903 
163976 
32904 
163977 
32905 
163978 
32906 
163979 
32907 
163980 
32908 
163981 
32909 
163982 
32910 
163983 
32911 
163984 
32912 
163985 
32913 
163986 
32914 
163987 
32915 
163988 
32916 
163989 
32917 
163990 
32918 
163991 
32919 
163992 
32920 
163993 
32921 
163994 
32922 
163995 
32923 
163996 
32924 
163997 
32925 
163998 
32926 
163999 
32927 
164000 
32928 
164001 
32929 
164002 
32930 
164003 
32931 
164004 
32932 
164005 
32933 
164006 
32934 
164007 
32935 
164008 
32936 
164009 
32937 
164010 
32938 
164011 
32939 
164012 
32940 
164013 
32941 
164014 
32942 
164015 
32943 
164016 
32944 
164017 
32945 
164018 
32946 
164019 
32947 
164020 
32948 
164021 
32949 
164022 
32950 
164023 
32951 
164024 
32952 
164025 
32953 
164026 
32954 
164027 
32955 
164028 
32956 
164029 
32957 
164030 
32958 
164031 
32959 
164032 
32960 
164033 
32961 
164034 
32962 
164035 
32963 
164036 
32964 
164037 
32965 
164038 
32966 
164039 
32967 
164040 
32968 
164041 
32969 
164042 
32970 
164043 
32971 
164044 
32972 
164045 
32973 
164046 
32974 
164047 
32975 
164048 
32976 
164049 
32977 
164050 
32978 
164051 
32979 
164052 
32980 
164053 
32981 
164054 
32982 
164055 
32983 
164056 
32984 
164057 
32985 
164058 
32986 
164059 
32987 
164060 
32988 
164061 
32989 
164062 
32990 
164063 
32991 
164064 
32992 
164065 
32993 
164066 
32994 
164067 
32995 
164068 
32996 
164069 
32997 
164070 
32998 
164071 
32999 
164072 
33000 
164073 
33001 
164074 
33002 
164075 
33003 
164076 
33004 
164077 
33005 
164078 
33006 
164079 
33007 
164080 
33008 
164081 
33009 
164082 
33010 
164083 
33011 
164084 
33012 
164085 
33013 
164086 
33014 
164087 
33015 
164088 
33016 
164089 
33017 
164090 
33018 
164091 
33019 
164092 
33020 
164093 
33021 
164094 
33022 
164095 
33023 
164096 
33024 
164097 
33025 
164098 
33026 
164099 
33027 
164100 
33028 
164101 
33029 
164102 
33030 
164103 
33031 
164104 
33032 
164105 
33033 
164106 
33034 
164107 
33035 
164108 
33036 
164109 
33037 
164110 
33038 
164111 
33039 
164112 
33040 
164113 
33041 
164114 
33042 
164115 
33043 
164116 
33044 
164117 
33045 
164118 
33046 
164119 
33047 
164120 
33048 
164121 
33049 
164122 
33050 
164123 
33051 
164124 
33052 
164125 
33053 
164126 
33054 
164127 
33055 
164128 
33056 
164129 
33057 
164130 
33058 
164131 
33059 
164132 
33060 
164133 
33061 
164134 
33062 
164135 
33063 
164136 
33064 
164137 
33065 
164138 
33066 
164139 
33067 
164140 
33068 
164141 
33069 
164142 
33070 
164143 
33071 
164144 
33072 
164145 
33073 
164146 
33074 
164147 
33075 
164148 
33076 
164149 
33077 
164150 
33078 
164151 
33079 
164152 
33080 
164153 
33081 
164154 
33082 
164155 
33083 
164156 
33084 
164157 
33085 
164158 
33086 
164159 
33087 
33088 
33089 
33090 
33091 
33092 
33093 
33094 
33095 
33096 
33097 
33098 
33099 
33100 
33101 
33102 
33103 
33104 
33105 
33106 
33107 
33108 
33109 
33110 
33111 
33112 
33113 
33114 
33115 
33116 
33117 
33118 
33119 
33120 
33121 
33122 
33123 
33124 
33125 
33126 
33127 
33128 
33129 
33130 
33131 
33132 
33133 
33134 
33135 
33136 
33137 
33138 
33139 
33140 
33141 
33142 
33143 
33144 
33145 
33146 
33147 
33148 
33149 
33150 
33151 
33152 
33153 
33154 
33155 
33156 
33157 
33158 
33159 
33160 
33161 
33162 
33163 
33164 
33165 
33166 
33167 
33168 
33169 
33170 
33171 
33172 
33173 
33174 
33175 
33176 
33177 
33178 
33179 
33180 
33181 
33182 
33183 
33184 
33185 
33186 
33187 
33188 
33189 
33190 
33191 
33192 
33193 
33194 
33195 
33196 
33197 
33198 
33199 
33200 
33201 
33202 
33203 
33204 
33205 
33206 
33207 
33208 
33209 
33210 
33211 
33212 
33213 
33214 
33215 
33216 
33217 
33218 
33219 
33220 
33221 
33222 
33223 
33224 
33225 
33226 
33227 
33228 
33229 
33230 
33231 
33232 
33233 
33234 
33235 
33236 
33237 
33238 
33239 
33240 
33241 
33242 
33243 
33244 
33245 
33246 
33247 
33248 
33249 
33250 
33251 
33252 
33253 
33254 
33255 
33256 
33257 
33258 
33259 
33260 
33261 
33262 
33263 
33264 
33265 
33266 
33267 
33268 
33269 
33270 
33271 
33272 
33273 
33274 
33275 
33276 
33277 
33278 
33279 
33280 
33281 
33282 
33283 
33284 
33285 
33286 
33287 
33288 
33289 
33290 
33291 
33292 
33293 
33294 
33295 
33296 
33297 
33298 
33299 
33300 
33301 
33302 
33303 
33304 
33305 
33306 
33307 
33308 
33309 
33310 
33311 
33312 
33313 
33314 
33315 
33316 
33317 
33318 
33319 
33320 
33321 
33322 
33323 
33324 
33325 
33326 
33327 
33328 
33329 
33330 
33331 
33332 
33333 
33334 
33335 
33336 
33337 
33338 
33339 
33340 
33341 
33342 
33343 
33344 
33345 
33346 
33347 
33348 
33349 
33350 
33351 
33352 
33353 
33354 
33355 
33356 
33357 
33358 
33359 
33360 
33361 
33362 
33363 
33364 
33365 
33366 
33367 
33368 
33369 
33370 
33371 
33372 
33373 
33374 
33375 
33376 
33377 
33378 
33379 
33380 
33381 
33382 
33383 
33384 
33385 
33386 
33387 
33388 
33389 
33390 
33391 
33392 
33393 
33394 
33395 
33396 
33397 
33398 
33399 
33400 
33401 
33402 
33403 
33404 
33405 
33406 
33407 
33408 
33409 
33410 
33411 
33412 
33413 
33414 
33415 
33416 
33417 
33418 
33419 
33420 
33421 
33422 
33423 
33424 
33425 
33426 
33427 
33428 
33429 
33430 
33431 
33432 
33433 
33434 
33435 
33436 
33437 
33438 
33439 
33440 
33441 
33442 
33443 
33444 
33445 
33446 
33447 
33448 
33449 
33450 
33451 
33452 
33453 
33454 
33455 
33456 
33457 
33458 
33459 
33460 
33461 
33462 
33463 
33464 
33465 
33466 
33467 
33468 
33469 
33470 
33471 
33472 
33473 
33474 
33475 
33476 
33477 
33478 
33479 
39960 
39961 
39962 
39963 
39964 
39965 
39966 
39967 
39968 
39969 
39970 
39971 
39972 
39973 
39974 
39975 
39976 
39977 
39978 
39979 
39980 
39981 
39982 
39983 
39984 
39985 
39986 
39987 
39988 
39989 
39990 
39991 
39992 
39993 
39994 
39995 
39996 
39997 
39998 
39999 
40000 
40001 
40002 
40003 
40004 
40005 
40006 
40007 
40008 
40009 
40010 
40011 
40012 
40013 
40014 
40015 
40016 
40017 
40018 
40019 
40020 
40021 
40022 
40023 
40024 
40025 
40026 
40027 
40028 
40029 
40030 
40031 
40032 
40033 
40034 
40035 
40036 
40037 
40038 
40039 
40040 
40041 
40042 
40043 
40044 
40045 
40046 
40047 
40048 
40049 
40050 
40051 
40052 
40053 
40054 
40055 
40056 
40057 
40058 
40059 
40060 
40061 
40062 
40063 
40064 
40065 
40066 
40067 
40068 
40069 
40070 
40071 
40072 
40073 
40074 
40075 
40076 
40077 
40078 
40079 
40080 
40081 
40082 
40083 
40084 
40085 
40086 
40087 
40088 
40089 
40090 
40091 
40092 
40093 
40094 
40095 
40096 
40097 
40098 
40099 
40100 
40101 
40102 
40103 
40104 
40105 
40106 
40107 
40108 
40109 
40110 
40111 
40112 
40113 
40114 
40115 
40116 
40117 
40118 
40119 
40120 
40121 
40122 
40123 
40124 
40125 
40126 
40127 
40128 
40129 
40130 
40131 
40132 
40133 
40134 
40135 
40136 
40137 
40138 
40139 
40140 
40141 
40142 
40143 
40144 
40145 
40146 
40147 
40148 
40149 
40150 
40151 
40152 
40153 
40154 
40155 
40156 
40157 
40158 
40159 
40160 
40161 
40162 
40163 
40164 
40165 
40166 
40167 
40168 
40169 
40170 
40171 
40172 
40173 
40174 
40175 
40176 
40177 
40178 
40179 
40180 
40181 
40182 
40183 
40184 
40185 
40186 
40187 
40188 
40189 
40190 
40191 
40192 
40193 
40194 
40195 
40196 
40197 
40198 
40199 
40200 
40201 
40202 
40203 
40204 
40205 
40206 
40207 
40208 
40209 
40210 
40211 
40212 
40213 
40214 
40215 
40216 
40217 
40218 
40219 
40220 
40221 
40222 
40223 
40224 
40225 
40226 
40227 
40228 
40229 
40230 
40231 
40232 
40233 
40234 
40235 
40236 
40237 
40238 
40239 
40240 
40241 
40242 
40243 
40244 
40245 
40246 
40247 
40248 
40249 
40250 
40251 
40252 
40253 
40254 
40255 
40256 
40257 
40258 
40259 
40260 
40261 
40262 
40263 
40264 
40265 
40266 
40267 
40268 
40269 
40270 
40271 
40272 
40273 
40274 
40275 
40276 
40277 
40278 
40279 
40280 
40281 
40282 
40283 
40284 
40285 
40286 
40287 
40288 
40289 
40290 
40291 
40292 
40293 
40294 
40295 
40296 
40297 
40298 
40299 
40300 
40301 
40302 
40303 
40304 
40305 
40306 
40307 
40308 
40309 
40310 
40311 
40312 
40313 
40314 
40315 
40316 
40317 
40318 
40319 
40320 
40321 
40322 
40323 
40324 
40325 
40326 
40327 
40328 
40329 
40330 
40331 
40332 
40333 
40334 
40335 
40336 
40337 
40338 
40339 
40340 
40341 
40342 
40343 
40344 
40345 
40346 
40347 
40348 
40349 
40350 
40351 
40352 
40353 
40354 
40355 
40356 
40357 
40358 
40359 
40360 
40361 
40362 
40363 
40364 
40365 
40366 
40367 
40368 
40369 
40370 
40371 
40372 
40373 
40374 
40375 
40376 
40377 
40378 
40379 
40380 
40381 
40382 
40383 
40384 
40385 
40386 
40387 
40388 
40389 
40390 
40391 
40392 
40393 
40394 
40395 
40396 
40397 
40398 
40399 
40400 
40401 
40402 
40403 
40404 
40405 
40406 
40407 
40408 
40409 
40410 
40411 
40412 
40413 
40414 
40415 
40416 
40417 
40418 
40419 
40420 
40421 
40422 
40423 
40424 
40425 
40426 
40427 
40428 
40429 
40430 
40431 
40432 
40433 
40434 
40435 
40436 
40437 
40438 
40439 
40440 
40441 
40442 
40443 
40444 
40445 
40446 
40447 
40448 
40449 
40450 
40451 
40452 
40453 
40454 
40455 
40456 
40457 
40458 
40459 
40460 
40461 
40462 
40463 
40464 
40465 
40466 
40467 
40468 
40469 
40470 
40471 
40472 
40473 
40474 
40475 
40476 
40477 
40478 
40479 
40480 
40481 
40482 
40483 
40484 
40485 
40486 
40487 
40488 
40489 
40490 
40491 
40492 
40493 
40494 
40495 
40496 
40497 
40498 
40499 
40500 
40501 
40502 
40503 
40504 
40505 
40506 
40507 
40508 
40509 
40510 
40511 
40512 
40513 
40514 
40515 
40516 
40517 
40518 
40519 
40520 
40521 
40522 
40523 
40524 
40525 
40526 
40527 
40528 
40529 
40530 
40531 
40532 
40533 
40534 
40535 
40536 
40537 
40538 
40539 
40540 
40541 
40542 
40543 
40544 
40545 
40546 
40547 
40548 
40549 
40550 
40551 
40552 
40553 
40554 
40555 
40556 
40557 
40558 
40559 
40560 
40561 
40562 
40563 
40564 
40565 
40566 
40567 
40568 
40569 
40570 
40571 
40572 
40573 
40574 
40575 
40576 
40577 
40578 
40579 
40580 
40581 
40582 
40583 
40584 
40585 
40586 
40587 
40588 
40589 
40590 
40591 
40592 
40593 
40594 
40595 
40596 
40597 
40598 
40599 
40600 
40601 
40602 
40603 
40604 
40605 
40606 
40607 
40608 
40609 
40610 
40611 
40612 
40613 
40614 
40615 
40616 
40617 
40618 
40619 
40620 
40621 
40622 
40623 
40624 
40625 
40626 
40627 
40628 
40629 
40630 
40631 
40632 
40633 
40634 
40635 
40636 
40637 
40638 
40639 
40640 
40641 
40642 
40643 
40644 
40645 
40646 
40647 
40648 
40649 
40650 
40651 
40652 
40653 
40654 
40655 
40656 
40657 
40658 
40659 
40660 
40661 
40662 
40663 
40664 
40665 
40666 
40667 
40668 
40669 
40670 
40671 
40672 
40673 
40674 
40675 
40676 
40677 
40678 
40679 
40680 
40681 
40682 
40683 
40684 
40685 
40686 
40687 
40688 
40689 
40690 
40691 
40692 
40693 
40694 
40695 
40696 
40697 
40698 
40699 
40700 
40701 
40702 
40703 
40704 
40705 
40706 
40707 
40708 
40709 
40710 
40711 
40712 
40713 
40714 
40715 
40716 
40717 
40718 
40719 
40720 
40721 
40722 
40723 
40724 
40725 
40726 
40727 
40728 
40729 
40730 
40731 
40732 
40733 
40734 
40735 
40736 
40737 
40738 
40739 
40740 
40741 
40742 
40743 
40744 
40745 
40746 
40747 
40748 
40749 
40750 
40751 
40752 
40753 
40754 
40755 
40756 
40757 
40758 
40759 
40760 
40761 
40762 
40763 
40764 
40765 
40766 
40767 
40768 
40769 
40770 
40771 
40772 
40773 
40774 
40775 
40776 
40777 
40778 
40779 
40780 
40781 
40782 
40783 
40784 
40785 
40786 
40787 
40788 
40789 
40790 
40791 
40792 
40793 
40794 
40795 
40796 
40797 
40798 
40799 
40800 
40801 
40802 
40803 
40804 
40805 
40806 
40807 
40808 
40809 
40810 
40811 
40812 
40813 
40814 
40815 
40816 
40817 
40818 
40819 
40820 
40821 
40822 
40823 
40824 
40825 
40826 
40827 
40828 
40829 
40830 
40831 
40832 
40833 
40834 
40835 
40836 
40837 
40838 
40839 
40840 
40841 
40842 
40843 
40844 
40845 
40846 
40847 
40848 
40849 
40850 
40851 
40852 
40853 
40854 
40855 
40856 
40857 
40858 
40859 
40860 
40861 
40862 
40863 
40864 
40865 
40866 
40867 
40868 
40869 
40870 
40871 
40872 
40873 
40874 
40875 
40876 
40877 
40878 
40879 
40880 
40881 
40882 
40883 
40884 
40885 
40886 
40887 
40888 
40889 
40890 
40891 
40892 
40893 
40894 
40895 
40896 
40897 
40898 
40899 
40900 
40901 
40902 
40903 
40904 
40905 
40906 
40907 
40908 
40909 
40910 
40911 
40912 
40913 
40914 
40915 
40916 
40917 
40918 
40919 
40920 
40921 
40922 
40923 
40924 
40925 
40926 
40927 
40928 
40929 
40930 
40931 
40932 
40933 
40934 
40935 
40936 
40937 
40938 
40939 
40940 
40941 
40942 
40943 
40944 
40945 
40946 
40947 
40948 
40949 
40950 
40951 
40952 
40953 
40954 
40955 
40956 
40957 
40958 
40959 
40960 
40961 
40962 
40963 
40964 
40965 
40966 
40967 
40968 
40969 
40970 
40971 
40972 
40973 
40974 
40975 
40976 
40977 
40978 
40979 
40980 
40981 
40982 
40983 
40984 
40985 
40986 
40987 
40988 
40989 
40990 
40991 
40992 
40993 
40994 
40995 
40996 
40997 
40998 
40999 
41000 
41001 
41002 
41003 
41004 
41005 
41006 
41007 
41008 
41009 
41010 
41011 
41012 
41013 
41014 
41015 
41016 
41017 
41018 
41019 
41020 
41021 
41022 
41023 
41024 
41025 
41026 
41027 
41028 
41029 
41030 
41031 
41032 
41033 
41034 
41035 
41036 
41037 
41038 
41039 
41040 
41041 
41042 
41043 
41044 
41045 
41046 
41047 
41048 
41049 
41050 
41051 
41052 
41053 
41054 
41055 
41056 
41057 
41058 
41059 
41060 
41061 
41062 
41063 
41064 
41065 
41066 
41067 
41068 
41069 
41070 
41071 
41072 
41073 
41074 
41075 
41076 
41077 
41078 
41079 
41080 
41081 
41082 
41083 
41084 
41085 
41086 
41087 
41088 
41089 
41090 
41091 
41092 
41093 
41094 
41095 
41096 
41097 
41098 
41099 
41100 
41101 
41102 
41103 
41104 
41105 
41106 
41107 
41108 
41109 
41110 
41111 
41112 
41113 
41114 
41115 
41116 
41117 
41118 
41119 
41120 
41121 
41122 
41123 
41124 
41125 
41126 
41127 
41128 
41129 
41130 
41131 
41132 
41133 
41134 
41135 
41136 
41137 
41138 
41139 
41140 
41141 
41142 
41143 
41144 
41145 
41146 
41147 
41148 
41149 
41150 
41151 
41152 
41153 
41154 
41155 
41156 
41157 
41158 
41159 
41160 
41161 
41162 
41163 
41164 
41165 
41166 
41167 
41168 
41169 
41170 
41171 
41172 
41173 
41174 
41175 
41176 
41177 
41178 
41179 
41180 
41181 
41182 
41183 
41184 
41185 
41186 
41187 
41188 
41189 
41190 
41191 
41192 
41193 
41194 
41195 
41196 
41197 
41198 
41199 
41200 
41201 
41202 
41203 
41204 
41205 
41206 
41207 
41208 
41209 
41210 
41211 
41212 
41213 
41214 
41215 
41216 
41217 
41218 
41219 
41220 
41221 
41222 
41223 
41224 
41225 
41226 
41227 
41228 
41229 
41230 
41231 
41232 
41233 
41234 
41235 
41236 
41237 
41238 
41239 
41240 
41241 
41242 
41243 
41244 
41245 
41246 
41247 
41248 
41249 
41250 
41251 
41252 
41253 
41254 
41255 
41256 
41257 
41258 
41259 
41260 
41261 
41262 
41263 
41264 
41265 
41266 
41267 
41268 
41269 
41270 
41271 
41272 
41273 
41274 
41275 
41276 
41277 
41278 
41279 
41280 
41281 
41282 
41283 
41284 
41285 
41286 
41287 
41288 
41289 
41290 
41291 
41292 
41293 
41294 
41295 
41296 
41297 
41298 
41299 
41300 
41301 
41302 
41303 
41304 
41305 
41306 
41307 
41308 
41309 
41310 
41311 
41312 
41313 
41314 
41315 
41316 
41317 
41318 
41319 
41320 
41321 
41322 
41323 
41324 
41325 
41326 
41327 
41328 
41329 
41330 
41331 
41332 
41333 
41334 
41335 
41336 
41337 
41338 
41339 
41340 
41341 
41342 
41343 
41344 
41345 
41346 
41347 
41348 
41349 
41350 
41351 
41352 
41353 
41354 
41355 
41356 
41357 
41358 
41359 
41360 
41361 
41362 
41363 
41364 
41365 
41366 
41367 
41368 
41369 
41370 
41371 
41372 
41373 
41374 
41375 
41376 
41377 
41378 
41379 
41380 
41381 
41382 
41383 
41384 
41385 
41386 
41387 
41388 
41389 
41390 
41391 
41392 
41393 
41394 
41395 
41396 
41397 
41398 
41399 
41400 
41401 
41402 
41403 
41404 
41405 
41406 
41407 
41408 
41409 
41410 
41411 
41412 
41413 
41414 
41415 
41416 
41417 
41418 
41419 
41420 
41421 
41422 
41423 
41424 
41425 
41426 
41427 
41428 
41429 
41430 
41431 
41432 
41433 
41434 
41435 
41436 
41437 
41438 
41439 
41440 
41441 
41442 
41443 
41444 
41445 
41446 
41447 
41448 
41449 
41450 
41451 
41452 
41453 
41454 
41455 
41456 
41457 
41458 
41459 
41460 
41461 
41462 
41463 
41464 
41465 
41466 
41467 
41468 
41469 
41470 
41471 
41472 
41473 
41474 
41475 
41476 
41477 
41478 
41479 
41480 
41481 
41482 
41483 
41484 
41485 
41486 
41487 
41488 
41489 
41490 
41491 
41492 
41493 
41494 
41495 
41496 
41497 
41498 
41499 
41500 
41501 
41502 
41503 
41504 
41505 
41506 
41507 
41508 
41509 
41510 
41511 
41512 
41513 
41514 
41515 
41516 
41517 
41518 
41519 
41520 
41521 
41522 
41523 
41524 
41525 
41526 
41527 
41528 
41529 
41530 
41531 
41532 
41533 
41534 
41535 
41536 
41537 
41538 
41539 
41540 
41541 
41542 
41543 
41544 
41545 
41546 
41547 
41548 
41549 
41550 
41551 
41552 
41553 
41554 
41555 
41556 
41557 
41558 
41559 
41560 
41561 
41562 
41563 
41564 
41565 
41566 
41567 
41568 
41569 
41570 
41571 
41572 
41573 
41574 
41575 
41576 
41577 
41578 
41579 
41580 
41581 
41582 
41583 
41584 
41585 
41586 
41587 
41588 
41589 
41590 
41591 
41592 
41593 
41594 
41595 
41596 
41597 
41598 
41599 
41600 
41601 
41602 
41603 
41604 
41605 
41606 
41607 
41608 
41609 
41610 
41611 
41612 
41613 
41614 
41615 
41616 
41617 
41618 
41619 
41620 
41621 
41622 
41623 
41624 
41625 
41626 
41627 
41628 
41629 
41630 
41631 
41632 
41633 
41634 
41635 
41636 
41637 
41638 
41639 
41640 
41641 
41642 
41643 
41644 
41645 
41646 
41647 
41648 
41649 
41650 
41651 
41652 
41653 
41654 
41655 
41656 
41657 
41658 
41659 
41660 
41661 
41662 
41663 
41664 
41665 
41666 
41667 
41668 
41669 
41670 
41671 
41672 
41673 
41674 
41675 
41676 
41677 
41678 
41679 
41680 
41681 
41682 
41683 
41684 
41685 
41686 
41687 
41688 
41689 
41690 
41691 
41692 
41693 
41694 
41695 
41696 
41697 
41698 
41699 
41700 
41701 
41702 
41703 
41704 
41705 
41706 
41707 
41708 
41709 
41710 
41711 
41712 
41713 
41714 
41715 
41716 
41717 
41718 
41719 
41720 
41721 
41722 
41723 
41724 
41725 
41726 
41727 
41728 
41729 
41730 
41731 
41732 
41733 
41734 
41735 
41736 
41737 
41738 
41739 
41740 
41741 
41742 
41743 
41744 
41745 
41746 
41747 
41748 
41749 
41750 
41751 
41752 
41753 
41754 
41755 
41756 
41757 
41758 
41759 
41760 
41761 
41762 
41763 
41764 
41765 
41766 
41767 
41768 
41769 
41770 
41771 
41772 
41773 
41774 
41775 
41776 
41777 
41778 
41779 
41780 
41781 
41782 
41783 
41784 
41785 
41786 
41787 
41788 
41789 
41790 
41791 
41792 
41793 
41794 
41795 
41796 
41797 
41798 
41799 
41800 
41801 
41802 
41803 
41804 
41805 
41806 
41807 
41808 
41809 
41810 
41811 
41812 
41813 
41814 
41815 
41816 
41817 
41818 
41819 
41820 
41821 
41822 
41823 
41824 
41825 
41826 
41827 
41828 
41829 
41830 
41831 
41832 
41833 
41834 
41835 
41836 
41837 
41838 
41839 
41840 
41841 
41842 
41843 
41844 
41845 
41846 
41847 
41848 
41849 
41850 
41851 
41852 
41853 
41854 
41855 
41856 
41857 
41858 
41859 
41860 
41861 
41862 
41863 
41864 
41865 
41866 
41867 
41868 
41869 
41870 
41871 
41872 
41873 
41874 
41875 
41876 
41877 
41878 
41879 
41880 
41881 
41882 
41883 
41884 
41885 
41886 
41887 
41888 
41889 
41890 
41891 
41892 
41893 
41894 
41895 
41896 
41897 
41898 
41899 
41900 
41901 
41902 
41903 
41904 
41905 
41906 
41907 
41908 
41909 
41910 
41911 
41912 
41913 
41914 
41915 
41916 
41917 
41918 
41919 
41920 
41921 
41922 
41923 
41924 
41925 
41926 
41927 
41928 
41929 
41930 
41931 
41932 
41933 
41934 
41935 
41936 
41937 
41938 
41939 
41940 
41941 
41942 
41943 
41944 
41945 
41946 
41947 
41948 
41949 
41950 
41951 
41952 
41953 
41954 
41955 
41956 
41957 
41958 
41959 
41960 
41961 
41962 
41963 
41964 
41965 
41966 
41967 
41968 
41969 
41970 
41971 
41972 
41973 
41974 
41975 
41976 
41977 
41978 
41979 
41980 
41981 
41982 
41983 
41984 
41985 
41986 
41987 
41988 
41989 
41990 
41991 
41992 
41993 
41994 
41995 
41996 
41997 
41998 
41999 
42000 
42001 
42002 
42003 
42004 
42005 
42006 
42007 
42008 
42009 
42010 
42011 
42012 
42013 
42014 
42015 
42016 
42017 
42018 
42019 
42020 
42021 
42022 
42023 
42024 
42025 
42026 
42027 
42028 
42029 
42030 
42031 
42032 
42033 
42034 
42035 
42036 
42037 
42038 
42039 
42040 
42041 
42042 
42043 
42044 
42045 
42046 
42047 
42048 
42049 
42050 
42051 
42052 
42053 
42054 
42055 
42056 
42057 
42058 
42059 
42060 
42061 
42062 
42063 
42064 
42065 
42066 
42067 
42068 
42069 
42070 
42071 
42072 
42073 
42074 
42075 
42076 
42077 
42078 
42079 
42080 
42081 
42082 
42083 
42084 
42085 
42086 
42087 
42088 
42089 
42090 
42091 
42092 
42093 
42094 
42095 
42096 
42097 
42098 
42099 
42100 
42101 
42102 
42103 
42104 
42105 
42106 
42107 
42108 
42109 
42110 
42111 
42112 
42113 
42114 
42115 
42116 
42117 
42118 
42119 
42120 
42121 
42122 
42123 
42124 
42125 
42126 
42127 
42128 
42129 
42130 
42131 
42132 
42133 
42134 
42135 
42136 
42137 
42138 
42139 
42140 
42141 
42142 
42143 
42144 
42145 
42146 
42147 
42148 
42149 
42150 
42151 
42152 
42153 
42154 
42155 
42156 
42157 
42158 
42159 
42160 
42161 
42162 
42163 
42164 
42165 
42166 
42167 
42168 
42169 
42170 
42171 
42172 
42173 
42174 
42175 
42176 
42177 
42178 
42179 
42180 
42181 
42182 
42183 
42184 
42185 
42186 
42187 
42188 
42189 
42190 
42191 
42192 
42193 
42194 
42195 
42196 
42197 
42198 
42199 
42200 
42201 
42202 
42203 
42204 
42205 
42206 
42207 
42208 
42209 
42210 
42211 
42212 
42213 
42214 
42215 
42216 
42217 
42218 
42219 
42220 
42221 
42222 
42223 
42224 
42225 
42226 
42227 
42228 
42229 
42230 
42231 
42232 
42233 
42234 
42235 
42236 
42237 
42238 
42239 
42240 
42241 
42242 
42243 
42244 
42245 
42246 
42247 
42248 
42249 
42250 
42251 
42252 
42253 
42254 
42255 
42256 
42257 
42258 
42259 
42260 
42261 
42262 
42263 
42264 
42265 
42266 
42267 
42268 
42269 
42270 
42271 
42272 
42273 
42274 
42275 
42276 
42277 
42278 
42279 
42280 
42281 
42282 
42283 
42284 
42285 
42286 
42287 
42288 
42289 
42290 
42291 
42292 
42293 
42294 
42295 
42296 
42297 
42298 
42299 
42300 
42301 
42302 
42303 
42304 
42305 
42306 
42307 
42308 
42309 
42310 
42311 
42312 
42313 
42314 
42315 
42316 
42317 
42318 
42319 
42320 
42321 
42322 
42323 
42324 
42325 
42326 
42327 
42328 
42329 
42330 
42331 
42332 
42333 
42334 
42335 
42336 
42337 
42338 
42339 
42340 
42341 
42342 
42343 
42344 
42345 
42346 
42347 
42348 
42349 
42350 
42351 
42352 
42353 
42354 
42355 
42356 
42357 
42358 
42359 
42360 
42361 
42362 
42363 
42364 
42365 
42366 
42367 
42368 
42369 
42370 
42371 
42372 
42373 
42374 
42375 
42376 
42377 
42378 
42379 
42380 
42381 
42382 
42383 
42384 
42385 
42386 
42387 
42388 
42389 
42390 
42391 
42392 
42393 
42394 
42395 
42396 
42397 
42398 
42399 
42400 
42401 
42402 
42403 
42404 
42405 
42406 
42407 
42408 
42409 
42410 
42411 
42412 
42413 
42414 
42415 
42416 
42417 
42418 
42419 
42420 
42421 
42422 
42423 
42424 
42425 
42426 
42427 
42428 
42429 
42430 
42431 
42432 
42433 
42434 
42435 
42436 
42437 
42438 
42439 
42440 
42441 
42442 
42443 
42444 
42445 
42446 
42447 
42448 
42449 
42450 
42451 
42452 
42453 
42454 
42455 
42456 
42457 
42458 
42459 
42460 
42461 
42462 
42463 
42464 
42465 
42466 
42467 
42468 
42469 
42470 
42471 
42472 
42473 
42474 
42475 
42476 
42477 
42478 
42479 
42480 
42481 
42482 
42483 
42484 
42485 
42486 
42487 
42488 
42489 
42490 
42491 
42492 
42493 
42494 
42495 
42496 
42497 
42498 
42499 
42500 
42501 
42502 
42503 
42504 
42505 
42506 
42507 
42508 
42509 
42510 
42511 
42512 
42513 
42514 
42515 
42516 
42517 
42518 
42519 
42520 
42521 
42522 
42523 
42524 
42525 
42526 
42527 
42528 
42529 
42530 
42531 
42532 
42533 
42534 
42535 
42536 
42537 
42538 
42539 
42540 
42541 
42542 
42543 
42544 
42545 
42546 
42547 
42548 
42549 
42550 
42551 
42552 
42553 
42554 
42555 
42556 
42557 
42558 
42559 
42560 
42561 
42562 
42563 
42564 
42565 
42566 
42567 
42568 
42569 
42570 
42571 
42572 
42573 
42574 
42575 
42576 
42577 
42578 
42579 
42580 
42581 
42582 
42583 
42584 
42585 
42586 
42587 
42588 
42589 
42590 
42591 
42592 
42593 
42594 
42595 
42596 
42597 
42598 
42599 
42600 
42601 
42602 
42603 
42604 
42605 
42606 
42607 
42608 
42609 
42610 
42611 
42612 
42613 
42614 
42615 
42616 
42617 
42618 
42619 
42620 
42621 
42622 
42623 
42624 
42625 
42626 
42627 
42628 
42629 
42630 
42631 
42632 
42633 
42634 
42635 
42636 
42637 
42638 
42639 
42640 
42641 
42642 
42643 
42644 
42645 
42646 
42647 
42648 
42649 
42650 
42651 
42652 
42653 
42654 
42655 
42656 
42657 
42658 
42659 
42660 
42661 
42662 
42663 
42664 
42665 
42666 
42667 
42668 
42669 
42670 
42671 
42672 
42673 
42674 
42675 
42676 
42677 
42678 
42679 
42680 
42681 
42682 
42683 
42684 
42685 
42686 
42687 
42688 
42689 
42690 
42691 
42692 
42693 
42694 
42695 
42696 
42697 
42698 
42699 
42700 
42701 
42702 
42703 
42704 
42705 
42706 
42707 
42708 
42709 
42710 
42711 
42712 
42713 
42714 
42715 
42716 
42717 
42718 
42719 
42720 
42721 
42722 
42723 
42724 
42725 
42726 
42727 
42728 
42729 
42730 
42731 
42732 
42733 
42734 
42735 
42736 
42737 
42738 
42739 
42740 
42741 
42742 
42743 
42744 
42745 
42746 
42747 
42748 
42749 
42750 
42751 
42752 
42753 
42754 
42755 
42756 
42757 
42758 
42759 
42760 
42761 
42762 
42763 
42764 
42765 
42766 
42767 
42768 
42769 
42770 
42771 
42772 
42773 
42774 
42775 
42776 
42777 
42778 
42779 
42780 
42781 
42782 
42783 
42784 
42785 
42786 
42787 
42788 
42789 
42790 
42791 
42792 
42793 
42794 
42795 
42796 
42797 
42798 
42799 
42800 
42801 
42802 
42803 
42804 
42805 
42806 
42807 
42808 
42809 
42810 
42811 
42812 
42813 
42814 
42815 
42816 
42817 
42818 
42819 
42820 
42821 
42822 
42823 
42824 
42825 
42826 
42827 
42828 
42829 
42830 
42831 
42832 
42833 
42834 
42835 
42836 
42837 
42838 
42839 
42840 
42841 
42842 
42843 
42844 
42845 
42846 
42847 
42848 
42849 
42850 
42851 
42852 
42853 
42854 
42855 
42856 
42857 
42858 
42859 
42860 
42861 
42862 
42863 
42864 
42865 
42866 
42867 
42868 
42869 
42870 
42871 
42872 
42873 
42874 
42875 
42876 
42877 
42878 
42879 
42880 
42881 
42882 
42883 
42884 
42885 
42886 
42887 
42888 
42889 
42890 
42891 
42892 
42893 
42894 
42895 
42896 
42897 
42898 
42899 
42900 
42901 
42902 
42903 
42904 
42905 
42906 
42907 
42908 
42909 
42910 
42911 
42912 
42913 
42914 
42915 
42916 
42917 
42918 
42919 
42920 
42921 
42922 
42923 
42924 
42925 
42926 
42927 
42928 
42929 
42930 
42931 
42932 
42933 
42934 
42935 
42936 
42937 
42938 
42939 
42940 
42941 
42942 
42943 
42944 
42945 
42946 
42947 
42948 
42949 
42950 
42951 
42952 
42953 
42954 
42955 
42956 
42957 
42958 
42959 
42960 
42961 
42962 
42963 
42964 
42965 
42966 
42967 
42968 
42969 
42970 
42971 
42972 
42973 
42974 
42975 
42976 
42977 
42978 
42979 
42980 
42981 
42982 
42983 
42984 
42985 
42986 
42987 
42988 
42989 
42990 
42991 
42992 
42993 
42994 
42995 
42996 
42997 
42998 
42999 
43000 
43001 
43002 
43003 
43004 
43005 
43006 
43007 
43008 
43009 
43010 
43011 
43012 
43013 
43014 
43015 
43016 
43017 
43018 
43019 
43020 
43021 
43022 
43023 
43024 
43025 
43026 
43027 
43028 
43029 
43030 
43031 
43032 
43033 
43034 
43035 
43036 
43037 
43038 
43039 
43040 
43041 
43042 
43043 
43044 
43045 
43046 
43047 
43048 
43049 
43050 
43051 
43052 
43053 
43054 
43055 
43056 
43057 
43058 
43059 
43060 
43061 
43062 
43063 
43064 
43065 
43066 
43067 
43068 
43069 
43070 
43071 
43072 
43073 
43074 
43075 
43076 
43077 
43078 
43079 
43080 
43081 
43082 
43083 
43084 
43085 
43086 
43087 
43088 
43089 
43090 
43091 
43092 
43093 
43094 
43095 
43096 
43097 
43098 
43099 
43100 
43101 
43102 
43103 
43104 
43105 
43106 
43107 
43108 
43109 
43110 
43111 
43112 
43113 
43114 
43115 
43116 
43117 
43118 
43119 
43120 
43121 
43122 
43123 
43124 
43125 
43126 
43127 
43128 
43129 
43130 
43131 
43132 
43133 
43134 
43135 
43136 
43137 
43138 
43139 
43140 
43141 
43142 
43143 
43144 
43145 
43146 
43147 
43148 
43149 
43150 
43151 
43152 
43153 
43154 
43155 
43156 
43157 
43158 
43159 
43160 
43161 
43162 
43163 
43164 
43165 
43166 
43167 
43168 
43169 
43170 
43171 
43172 
43173 
43174 
43175 
43176 
43177 
43178 
43179 
43180 
43181 
43182 
43183 
43184 
43185 
43186 
43187 
43188 
43189 
43190 
43191 
43192 
43193 
43194 
43195 
43196 
43197 
43198 
43199 
49680 
49681 
49682 
49683 
49684 
49685 
49686 
49687 
49688 
49689 
49690 
49691 
49692 
49693 
49694 
49695 
49696 
49697 
49698 
49699 
49700 
49701 
49702 
49703 
49704 
49705 
49706 
49707 
49708 
49709 
49710 
49711 
49712 
49713 
49714 
49715 
49716 
49717 
49718 
49719 
49720 
49721 
49722 
49723 
49724 
49725 
49726 
49727 
49728 
49729 
49730 
49731 
49732 
49733 
49734 
49735 
49736 
49737 
49738 
49739 
49740 
49741 
49742 
49743 
49744 
49745 
49746 
49747 
49748 
49749 
49750 
49751 
49752 
49753 
49754 
49755 
49756 
49757 
49758 
49759 
49760 
49761 
49762 
49763 
49764 
49765 
49766 
49767 
49768 
49769 
49770 
49771 
49772 
49773 
49774 
49775 
49776 
49777 
49778 
49779 
49780 
49781 
49782 
49783 
49784 
49785 
49786 
49787 
49788 
49789 
49790 
49791 
49792 
49793 
49794 
49795 
49796 
49797 
49798 
49799 
49800 
49801 
49802 
49803 
49804 
49805 
49806 
49807 
49808 
49809 
49810 
49811 
49812 
49813 
49814 
49815 
49816 
49817 
49818 
49819 
49820 
49821 
49822 
49823 
49824 
49825 
49826 
49827 
49828 
49829 
49830 
49831 
49832 
49833 
49834 
49835 
49836 
49837 
49838 
49839 
49840 
49841 
49842 
49843 
49844 
49845 
49846 
49847 
49848 
49849 
49850 
49851 
49852 
49853 
49854 
49855 
49856 
49857 
49858 
49859 
49860 
49861 
49862 
49863 
49864 
49865 
49866 
49867 
49868 
49869 
49870 
49871 
49872 
49873 
49874 
49875 
49876 
49877 
49878 
49879 
49880 
49881 
49882 
49883 
49884 
49885 
49886 
49887 
49888 
49889 
49890 
49891 
49892 
49893 
49894 
49895 
49896 
49897 
49898 
49899 
49900 
49901 
49902 
49903 
49904 
49905 
49906 
49907 
49908 
49909 
49910 
49911 
49912 
49913 
49914 
49915 
49916 
49917 
49918 
49919 
49920 
49921 
49922 
49923 
49924 
49925 
49926 
49927 
49928 
49929 
49930 
49931 
49932 
49933 
49934 
49935 
49936 
49937 
49938 
49939 
49940 
49941 
49942 
49943 
49944 
49945 
49946 
49947 
49948 
49949 
49950 
49951 
49952 
49953 
49954 
49955 
49956 
49957 
49958 
49959 
49960 
49961 
49962 
49963 
49964 
49965 
49966 
49967 
49968 
49969 
49970 
49971 
49972 
49973 
49974 
49975 
49976 
49977 
49978 
49979 
49980 
49981 
49982 
49983 
49984 
49985 
49986 
49987 
49988 
49989 
49990 
49991 
49992 
49993 
49994 
49995 
49996 
49997 
49998 
49999 
50000 
50001 
50002 
50003 
50004 
50005 
50006 
50007 
50008 
50009 
50010 
50011 
50012 
50013 
50014 
50015 
50016 
50017 
50018 
50019 
50020 
50021 
50022 
50023 
50024 
50025 
50026 
50027 
50028 
50029 
50030 
50031 
50032 
50033 
50034 
50035 
50036 
50037 
50038 
50039 
50040 
50041 
50042 
50043 
50044 
50045 
50046 
50047 
50048 
50049 
50050 
50051 
50052 
50053 
50054 
50055 
50056 
50057 
50058 
50059 
50060 
50061 
50062 
50063 
50064 
50065 
50066 
50067 
50068 
50069 
50070 
50071 
50072 
50073 
50074 
50075 
50076 
50077 
50078 
50079 
50080 
50081 
50082 
50083 
50084 
50085 
50086 
50087 
50088 
50089 
50090 
50091 
50092 
50093 
50094 
50095 
50096 
50097 
50098 
50099 
50100 
50101 
50102 
50103 
50104 
50105 
50106 
50107 
50108 
50109 
50110 
50111 
50112 
50113 
50114 
50115 
50116 
50117 
50118 
50119 
50120 
50121 
50122 
50123 
50124 
50125 
50126 
50127 
50128 
50129 
50130 
50131 
50132 
50133 
50134 
50135 
50136 
50137 
50138 
50139 
50140 
50141 
50142 
50143 
50144 
50145 
50146 
50147 
50148 
50149 
50150 
50151 
50152 
50153 
50154 
50155 
50156 
50157 
50158 
50159 
50160 
50161 
50162 
50163 
50164 
50165 
50166 
50167 
50168 
50169 
50170 
50171 
50172 
50173 
50174 
50175 
50176 
50177 
50178 
50179 
50180 
50181 
50182 
50183 
50184 
50185 
50186 
50187 
50188 
50189 
50190 
50191 
50192 
50193 
50194 
50195 
50196 
50197 
50198 
50199 
50200 
50201 
50202 
50203 
50204 
50205 
50206 
50207 
50208 
50209 
50210 
50211 
50212 
50213 
50214 
50215 
50216 
50217 
50218 
50219 
50220 
50221 
50222 
50223 
50224 
50225 
50226 
50227 
50228 
50229 
50230 
50231 
50232 
50233 
50234 
50235 
50236 
50237 
50238 
50239 
50240 
50241 
50242 
50243 
50244 
50245 
50246 
50247 
50248 
50249 
50250 
50251 
50252 
50253 
50254 
50255 
50256 
50257 
50258 
50259 
50260 
50261 
50262 
50263 
50264 
50265 
50266 
50267 
50268 
50269 
50270 
50271 
50272 
50273 
50274 
50275 
50276 
50277 
50278 
50279 
50280 
50281 
50282 
50283 
50284 
50285 
50286 
50287 
50288 
50289 
50290 
50291 
50292 
50293 
50294 
50295 
50296 
50297 
50298 
50299 
50300 
50301 
50302 
50303 
50304 
50305 
50306 
50307 
50308 
50309 
50310 
50311 
50312 
50313 
50314 
50315 
50316 
50317 
50318 
50319 
50320 
50321 
50322 
50323 
50324 
50325 
50326 
50327 
50328 
50329 
50330 
50331 
50332 
50333 
50334 
50335 
50336 
50337 
50338 
50339 
50340 
50341 
50342 
50343 
50344 
50345 
50346 
50347 
50348 
50349 
50350 
50351 
50352 
50353 
50354 
50355 
50356 
50357 
50358 
50359 
50360 
50361 
50362 
50363 
50364 
50365 
50366 
50367 
50368 
50369 
50370 
50371 
50372 
50373 
50374 
50375 
50376 
50377 
50378 
50379 
50380 
50381 
50382 
50383 
50384 
50385 
50386 
50387 
50388 
50389 
50390 
50391 
50392 
50393 
50394 
50395 
50396 
50397 
50398 
50399 
50400 
50401 
50402 
50403 
50404 
50405 
50406 
50407 
50408 
50409 
50410 
50411 
50412 
50413 
50414 
50415 
50416 
50417 
50418 
50419 
50420 
50421 
50422 
50423 
50424 
50425 
50426 
50427 
50428 
50429 
50430 
50431 
50432 
50433 
50434 
50435 
50436 
50437 
50438 
50439 
50440 
50441 
50442 
50443 
50444 
50445 
50446 
50447 
50448 
50449 
50450 
50451 
50452 
50453 
50454 
50455 
50456 
50457 
50458 
50459 
50460 
50461 
50462 
50463 
50464 
50465 
50466 
50467 
50468 
50469 
50470 
50471 
50472 
50473 
50474 
50475 
50476 
50477 
50478 
50479 
50480 
50481 
50482 
50483 
50484 
50485 
50486 
50487 
50488 
50489 
50490 
50491 
50492 
50493 
50494 
50495 
50496 
50497 
50498 
50499 
50500 
50501 
50502 
50503 
50504 
50505 
50506 
50507 
50508 
50509 
50510 
50511 
50512 
50513 
50514 
50515 
50516 
50517 
50518 
50519 
50520 
50521 
50522 
50523 
50524 
50525 
50526 
50527 
50528 
50529 
50530 
50531 
50532 
50533 
50534 
50535 
50536 
50537 
50538 
50539 
50540 
50541 
50542 
50543 
50544 
50545 
50546 
50547 
50548 
50549 
50550 
50551 
50552 
50553 
50554 
50555 
50556 
50557 
50558 
50559 
50560 
50561 
50562 
50563 
50564 
50565 
50566 
50567 
50568 
50569 
50570 
50571 
50572 
50573 
50574 
50575 
50576 
50577 
50578 
50579 
50580 
50581 
50582 
50583 
50584 
50585 
50586 
50587 
50588 
50589 
50590 
50591 
50592 
50593 
50594 
50595 
50596 
50597 
50598 
50599 
50600 
50601 
50602 
50603 
50604 
50605 
50606 
50607 
50608 
50609 
50610 
50611 
50612 
50613 
50614 
50615 
50616 
50617 
50618 
50619 
50620 
50621 
50622 
50623 
50624 
50625 
50626 
50627 
50628 
50629 
50630 
50631 
50632 
50633 
50634 
50635 
50636 
50637 
50638 
50639 
50640 
50641 
50642 
50643 
50644 
50645 
50646 
50647 
50648 
50649 
50650 
50651 
50652 
50653 
50654 
50655 
50656 
50657 
50658 
50659 
50660 
50661 
50662 
50663 
50664 
50665 
50666 
50667 
50668 
50669 
50670 
50671 
50672 
50673 
50674 
50675 
50676 
50677 
50678 
50679 
50680 
50681 
50682 
50683 
50684 
50685 
50686 
50687 
50688 
50689 
50690 
50691 
50692 
50693 
50694 
50695 
50696 
50697 
50698 
50699 
50700 
50701 
50702 
50703 
50704 
50705 
50706 
50707 
50708 
50709 
50710 
50711 
50712 
50713 
50714 
50715 
50716 
50717 
50718 
50719 
50720 
50721 
50722 
50723 
50724 
50725 
50726 
50727 
50728 
50729 
50730 
50731 
50732 
50733 
50734 
50735 
50736 
50737 
50738 
50739 
50740 
50741 
50742 
50743 
50744 
50745 
50746 
50747 
50748 
50749 
50750 
50751 
50752 
50753 
50754 
50755 
50756 
50757 
50758 
50759 
50760 
50761 
50762 
50763 
50764 
50765 
50766 
50767 
50768 
50769 
50770 
50771 
50772 
50773 
50774 
50775 
50776 
50777 
50778 
50779 
50780 
50781 
50782 
50783 
50784 
50785 
50786 
50787 
50788 
50789 
50790 
50791 
50792 
50793 
50794 
50795 
50796 
50797 
50798 
50799 
50800 
50801 
50802 
50803 
50804 
50805 
50806 
50807 
50808 
50809 
50810 
50811 
50812 
50813 
50814 
50815 
50816 
50817 
50818 
50819 
50820 
50821 
50822 
50823 
50824 
50825 
50826 
50827 
50828 
50829 
50830 
50831 
50832 
50833 
50834 
50835 
50836 
50837 
50838 
50839 
50840 
50841 
50842 
50843 
50844 
50845 
50846 
50847 
50848 
50849 
50850 
50851 
50852 
50853 
50854 
50855 
50856 
50857 
50858 
50859 
50860 
50861 
50862 
50863 
50864 
50865 
50866 
50867 
50868 
50869 
50870 
50871 
50872 
50873 
50874 
50875 
50876 
50877 
50878 
50879 
50880 
50881 
50882 
50883 
50884 
50885 
50886 
50887 
50888 
50889 
50890 
50891 
50892 
50893 
50894 
50895 
50896 
50897 
50898 
50899 
50900 
50901 
50902 
50903 
50904 
50905 
50906 
50907 
50908 
50909 
50910 
50911 
50912 
50913 
50914 
50915 
50916 
50917 
50918 
50919 
50920 
50921 
50922 
50923 
50924 
50925 
50926 
50927 
50928 
50929 
50930 
50931 
50932 
50933 
50934 
50935 
50936 
50937 
50938 
50939 
50940 
50941 
50942 
50943 
50944 
50945 
50946 
50947 
50948 
50949 
50950 
50951 
50952 
50953 
50954 
50955 
50956 
50957 
50958 
50959 
50960 
50961 
50962 
50963 
50964 
50965 
50966 
50967 
50968 
50969 
50970 
50971 
50972 
50973 
50974 
50975 
50976 
50977 
50978 
50979 
50980 
50981 
50982 
50983 
50984 
50985 
50986 
50987 
50988 
50989 
50990 
50991 
50992 
50993 
50994 
50995 
50996 
50997 
50998 
50999 
51000 
51001 
51002 
51003 
51004 
51005 
51006 
51007 
51008 
51009 
51010 
51011 
51012 
51013 
51014 
51015 
51016 
51017 
51018 
51019 
51020 
51021 
51022 
51023 
51024 
51025 
51026 
51027 
51028 
51029 
51030 
51031 
51032 
51033 
51034 
51035 
51036 
51037 
51038 
51039 
51040 
51041 
51042 
51043 
51044 
51045 
51046 
51047 
51048 
51049 
51050 
51051 
51052 
51053 
51054 
51055 
51056 
51057 
51058 
51059 
51060 
51061 
51062 
51063 
51064 
51065 
51066 
51067 
51068 
51069 
51070 
51071 
51072 
51073 
51074 
51075 
51076 
51077 
51078 
51079 
51080 
51081 
51082 
51083 
51084 
51085 
51086 
51087 
51088 
51089 
51090 
51091 
51092 
51093 
51094 
51095 
51096 
51097 
51098 
51099 
51100 
51101 
51102 
51103 
51104 
51105 
51106 
51107 
51108 
51109 
51110 
51111 
51112 
51113 
51114 
51115 
51116 
51117 
51118 
51119 
51120 
51121 
51122 
51123 
51124 
51125 
51126 
51127 
51128 
51129 
51130 
51131 
51132 
51133 
51134 
51135 
51136 
51137 
51138 
51139 
51140 
51141 
51142 
51143 
51144 
51145 
51146 
51147 
51148 
51149 
51150 
51151 
51152 
51153 
51154 
51155 
51156 
51157 
51158 
51159 
51160 
51161 
51162 
51163 
51164 
51165 
51166 
51167 
51168 
51169 
51170 
51171 
51172 
51173 
51174 
51175 
51176 
51177 
51178 
51179 
51180 
51181 
51182 
51183 
51184 
51185 
51186 
51187 
51188 
51189 
51190 
51191 
51192 
51193 
51194 
51195 
51196 
51197 
51198 
51199 
51200 
51201 
51202 
51203 
51204 
51205 
51206 
51207 
51208 
51209 
51210 
51211 
51212 
51213 
51214 
51215 
51216 
51217 
51218 
51219 
51220 
51221 
51222 
51223 
51224 
51225 
51226 
51227 
51228 
51229 
51230 
51231 
51232 
51233 
51234 
51235 
51236 
51237 
51238 
51239 
51240 
51241 
51242 
51243 
51244 
51245 
51246 
51247 
51248 
51249 
51250 
51251 
51252 
51253 
51254 
51255 
51256 
51257 
51258 
51259 
51260 
51261 
51262 
51263 
51264 
51265 
51266 
51267 
51268 
51269 
51270 
51271 
51272 
51273 
51274 
51275 
51276 
51277 
51278 
51279 
51280 
51281 
51282 
51283 
51284 
51285 
51286 
51287 
51288 
51289 
51290 
51291 
51292 
51293 
51294 
51295 
51296 
51297 
51298 
51299 
51300 
51301 
51302 
51303 
51304 
51305 
51306 
51307 
51308 
51309 
51310 
51311 
51312 
51313 
51314 
51315 
51316 
51317 
51318 
51319 
51320 
51321 
51322 
51323 
51324 
51325 
51326 
51327 
51328 
51329 
51330 
51331 
51332 
51333 
51334 
51335 
51336 
51337 
51338 
51339 
51340 
51341 
51342 
51343 
51344 
51345 
51346 
51347 
51348 
51349 
51350 
51351 
51352 
51353 
51354 
51355 
51356 
51357 
51358 
51359 
51360 
51361 
51362 
51363 
51364 
51365 
51366 
51367 
51368 
51369 
51370 
51371 
51372 
51373 
51374 
51375 
51376 
51377 
51378 
51379 
51380 
51381 
51382 
51383 
51384 
51385 
51386 
51387 
51388 
51389 
51390 
51391 
51392 
51393 
51394 
51395 
51396 
51397 
51398 
51399 
51400 
51401 
51402 
51403 
51404 
51405 
51406 
51407 
51408 
51409 
51410 
51411 
51412 
51413 
51414 
51415 
51416 
51417 
51418 
51419 
51420 
51421 
51422 
51423 
51424 
51425 
51426 
51427 
51428 
51429 
51430 
51431 
51432 
51433 
51434 
51435 
51436 
51437 
51438 
51439 
51440 
51441 
51442 
51443 
51444 
51445 
51446 
51447 
51448 
51449 
51450 
51451 
51452 
51453 
51454 
51455 
51456 
51457 
51458 
51459 
51460 
51461 
51462 
51463 
51464 
51465 
51466 
51467 
51468 
51469 
51470 
51471 
51472 
51473 
51474 
51475 
51476 
51477 
51478 
51479 
51480 
51481 
51482 
51483 
51484 
51485 
51486 
51487 
51488 
51489 
51490 
51491 
51492 
51493 
51494 
51495 
51496 
51497 
51498 
51499 
51500 
51501 
51502 
51503 
51504 
51505 
51506 
51507 
51508 
51509 
51510 
51511 
51512 
51513 
51514 
51515 
51516 
51517 
51518 
51519 
51520 
51521 
51522 
51523 
51524 
51525 
51526 
51527 
51528 
51529 
51530 
51531 
51532 
51533 
51534 
51535 
51536 
51537 
51538 
51539 
51540 
51541 
51542 
51543 
51544 
51545 
51546 
51547 
51548 
51549 
51550 
51551 
51552 
51553 
51554 
51555 
51556 
51557 
51558 
51559 
51560 
51561 
51562 
51563 
51564 
51565 
51566 
51567 
51568 
51569 
51570 
51571 
51572 
51573 
51574 
51575 
51576 
51577 
51578 
51579 
51580 
51581 
51582 
51583 
51584 
51585 
51586 
51587 
51588 
51589 
51590 
51591 
51592 
51593 
51594 
51595 
51596 
51597 
51598 
51599 
51600 
51601 
51602 
51603 
51604 
51605 
51606 
51607 
51608 
51609 
51610 
51611 
51612 
51613 
51614 
51615 
51616 
51617 
51618 
51619 
51620 
51621 
51622 
51623 
51624 
51625 
51626 
51627 
51628 
51629 
51630 
51631 
51632 
51633 
51634 
51635 
51636 
51637 
51638 
51639 
51640 
51641 
51642 
51643 
51644 
51645 
51646 
51647 
51648 
51649 
51650 
51651 
51652 
51653 
51654 
51655 
51656 
51657 
51658 
51659 
51660 
51661 
51662 
51663 
51664 
51665 
51666 
51667 
51668 
51669 
51670 
51671 
51672 
51673 
51674 
51675 
51676 
51677 
51678 
51679 
51680 
51681 
51682 
51683 
51684 
51685 
51686 
51687 
51688 
51689 
51690 
51691 
51692 
51693 
51694 
51695 
51696 
51697 
51698 
51699 
51700 
51701 
51702 
51703 
51704 
51705 
51706 
51707 
51708 
51709 
51710 
51711 
51712 
51713 
51714 
51715 
51716 
51717 
51718 
51719 
51720 
51721 
51722 
51723 
51724 
51725 
51726 
51727 
51728 
51729 
51730 
51731 
51732 
51733 
51734 
51735 
51736 
51737 
51738 
51739 
51740 
51741 
51742 
51743 
51744 
51745 
51746 
51747 
51748 
51749 
51750 
51751 
51752 
51753 
51754 
51755 
51756 
51757 
51758 
51759 
51760 
51761 
51762 
51763 
51764 
51765 
51766 
51767 
51768 
51769 
51770 
51771 
51772 
51773 
51774 
51775 
51776 
51777 
51778 
51779 
51780 
51781 
51782 
51783 
51784 
51785 
51786 
51787 
51788 
51789 
51790 
51791 
51792 
51793 
51794 
51795 
51796 
51797 
51798 
51799 
51800 
51801 
51802 
51803 
51804 
51805 
51806 
51807 
51808 
51809 
51810 
51811 
51812 
51813 
51814 
51815 
51816 
51817 
51818 
51819 
51820 
51821 
51822 
51823 
51824 
51825 
51826 
51827 
51828 
51829 
51830 
51831 
51832 
51833 
51834 
51835 
51836 
51837 
51838 
51839 
51840 
51841 
51842 
51843 
51844 
51845 
51846 
51847 
51848 
51849 
51850 
51851 
51852 
51853 
51854 
51855 
51856 
51857 
51858 
51859 
51860 
51861 
51862 
51863 
51864 
51865 
51866 
51867 
51868 
51869 
51870 
51871 
51872 
51873 
51874 
51875 
51876 
51877 
51878 
51879 
51880 
51881 
51882 
51883 
51884 
51885 
51886 
51887 
51888 
51889 
51890 
51891 
51892 
51893 
51894 
51895 
51896 
51897 
51898 
51899 
51900 
51901 
51902 
51903 
51904 
51905 
51906 
51907 
51908 
51909 
51910 
51911 
51912 
51913 
51914 
51915 
51916 
51917 
51918 
51919 
51920 
51921 
51922 
51923 
51924 
51925 
51926 
51927 
51928 
51929 
51930 
51931 
51932 
51933 
51934 
51935 
51936 
51937 
51938 
51939 
51940 
51941 
51942 
51943 
51944 
51945 
51946 
51947 
51948 
51949 
51950 
51951 
51952 
51953 
51954 
51955 
51956 
51957 
51958 
51959 
51960 
51961 
51962 
51963 
51964 
51965 
51966 
51967 
51968 
51969 
51970 
51971 
51972 
51973 
51974 
51975 
51976 
51977 
51978 
51979 
51980 
51981 
51982 
51983 
51984 
51985 
51986 
51987 
51988 
51989 
51990 
51991 
51992 
51993 
51994 
51995 
51996 
51997 
51998 
51999 
52000 
52001 
52002 
52003 
52004 
52005 
52006 
52007 
52008 
52009 
52010 
52011 
52012 
52013 
52014 
52015 
52016 
52017 
52018 
52019 
52020 
52021 
52022 
52023 
52024 
52025 
52026 
52027 
52028 
52029 
52030 
52031 
52032 
52033 
52034 
52035 
52036 
52037 
52038 
52039 
52040 
52041 
52042 
52043 
52044 
52045 
52046 
52047 
52048 
52049 
52050 
52051 
52052 
52053 
52054 
52055 
52056 
52057 
52058 
52059 
52060 
52061 
52062 
52063 
52064 
52065 
52066 
52067 
52068 
52069 
52070 
52071 
52072 
52073 
52074 
52075 
52076 
52077 
52078 
52079 
52080 
52081 
52082 
52083 
52084 
52085 
52086 
52087 
52088 
52089 
52090 
52091 
52092 
52093 
52094 
52095 
52096 
52097 
52098 
52099 
52100 
52101 
52102 
52103 
52104 
52105 
52106 
52107 
52108 
52109 
52110 
52111 
52112 
52113 
52114 
52115 
52116 
52117 
52118 
52119 
52120 
52121 
52122 
52123 
52124 
52125 
52126 
52127 
52128 
52129 
52130 
52131 
52132 
52133 
52134 
52135 
52136 
52137 
52138 
52139 
52140 
52141 
52142 
52143 
52144 
52145 
52146 
52147 
52148 
52149 
52150 
52151 
52152 
52153 
52154 
52155 
52156 
52157 
52158 
52159 
52160 
52161 
52162 
52163 
52164 
52165 
52166 
52167 
52168 
52169 
52170 
52171 
52172 
52173 
52174 
52175 
52176 
52177 
52178 
52179 
52180 
52181 
52182 
52183 
52184 
52185 
52186 
52187 
52188 
52189 
52190 
52191 
52192 
52193 
52194 
52195 
52196 
52197 
52198 
52199 
52200 
52201 
52202 
52203 
52204 
52205 
52206 
52207 
52208 
52209 
52210 
52211 
52212 
52213 
52214 
52215 
52216 
52217 
52218 
52219 
52220 
52221 
52222 
52223 
52224 
52225 
52226 
52227 
52228 
52229 
52230 
52231 
52232 
52233 
52234 
52235 
52236 
52237 
52238 
52239 
52240 
52241 
52242 
52243 
52244 
52245 
52246 
52247 
52248 
52249 
52250 
52251 
52252 
52253 
52254 
52255 
52256 
52257 
52258 
52259 
52260 
52261 
52262 
52263 
52264 
52265 
52266 
52267 
52268 
52269 
52270 
52271 
52272 
52273 
52274 
52275 
52276 
52277 
52278 
52279 
52280 
52281 
52282 
52283 
52284 
52285 
52286 
52287 
52288 
52289 
52290 
52291 
52292 
52293 
52294 
52295 
52296 
52297 
52298 
52299 
52300 
52301 
52302 
52303 
52304 
52305 
52306 
52307 
52308 
52309 
52310 
52311 
52312 
52313 
52314 
52315 
52316 
52317 
52318 
52319 
52320 
52321 
52322 
52323 
52324 
52325 
52326 
52327 
52328 
52329 
52330 
52331 
52332 
52333 
52334 
52335 
52336 
52337 
52338 
52339 
52340 
52341 
52342 
52343 
52344 
52345 
52346 
52347 
52348 
52349 
52350 
52351 
52352 
52353 
52354 
52355 
52356 
52357 
52358 
52359 
52360 
52361 
52362 
52363 
52364 
52365 
52366 
52367 
52368 
52369 
52370 
52371 
52372 
52373 
52374 
52375 
52376 
52377 
52378 
52379 
52380 
52381 
52382 
52383 
52384 
52385 
52386 
52387 
52388 
52389 
52390 
52391 
52392 
52393 
52394 
52395 
52396 
52397 
52398 
52399 
52400 
52401 
52402 
52403 
52404 
52405 
52406 
52407 
52408 
52409 
52410 
52411 
52412 
52413 
52414 
52415 
52416 
52417 
52418 
52419 
52420 
52421 
52422 
52423 
52424 
52425 
52426 
52427 
52428 
52429 
52430 
52431 
52432 
52433 
52434 
52435 
52436 
52437 
52438 
52439 
52440 
52441 
52442 
52443 
52444 
52445 
52446 
52447 
52448 
52449 
52450 
52451 
52452 
52453 
52454 
52455 
52456 
52457 
52458 
52459 
52460 
52461 
52462 
52463 
52464 
52465 
52466 
52467 
52468 
52469 
52470 
52471 
52472 
52473 
52474 
52475 
52476 
52477 
52478 
52479 
52480 
52481 
52482 
52483 
52484 
52485 
52486 
52487 
52488 
52489 
52490 
52491 
52492 
52493 
52494 
52495 
52496 
52497 
52498 
52499 
52500 
52501 
52502 
52503 
52504 
52505 
52506 
52507 
52508 
52509 
52510 
52511 
52512 
52513 
52514 
52515 
52516 
52517 
52518 
52519 
52520 
52521 
52522 
52523 
52524 
52525 
52526 
52527 
52528 
52529 
52530 
52531 
52532 
52533 
52534 
52535 
52536 
52537 
52538 
52539 
52540 
52541 
52542 
52543 
52544 
52545 
52546 
52547 
52548 
52549 
52550 
52551 
52552 
52553 
52554 
52555 
52556 
52557 
52558 
52559 
52560 
52561 
52562 
52563 
52564 
52565 
52566 
52567 
52568 
52569 
52570 
52571 
52572 
52573 
52574 
52575 
52576 
52577 
52578 
52579 
52580 
52581 
52582 
52583 
52584 
52585 
52586 
52587 
52588 
52589 
52590 
52591 
52592 
52593 
52594 
52595 
52596 
52597 
52598 
52599 
52600 
52601 
52602 
52603 
52604 
52605 
52606 
52607 
52608 
52609 
52610 
52611 
52612 
52613 
52614 
52615 
52616 
52617 
52618 
52619 
52620 
52621 
52622 
52623 
52624 
52625 
52626 
52627 
52628 
52629 
52630 
52631 
52632 
52633 
52634 
52635 
52636 
52637 
52638 
52639 
52640 
52641 
52642 
52643 
52644 
52645 
52646 
52647 
52648 
52649 
52650 
52651 
52652 
52653 
52654 
52655 
52656 
52657 
52658 
52659 
52660 
52661 
52662 
52663 
52664 
52665 
52666 
52667 
52668 
52669 
52670 
52671 
52672 
52673 
52674 
52675 
52676 
52677 
52678 
52679 
52680 
52681 
52682 
52683 
52684 
52685 
52686 
52687 
52688 
52689 
52690 
52691 
52692 
52693 
52694 
52695 
52696 
52697 
52698 
52699 
52700 
52701 
52702 
52703 
52704 
52705 
52706 
52707 
52708 
52709 
52710 
52711 
52712 
52713 
52714 
52715 
52716 
52717 
52718 
52719 
52720 
52721 
52722 
52723 
52724 
52725 
52726 
52727 
52728 
52729 
52730 
52731 
52732 
52733 
52734 
52735 
52736 
52737 
52738 
52739 
52740 
52741 
52742 
52743 
52744 
52745 
52746 
52747 
52748 
52749 
52750 
52751 
52752 
52753 
52754 
52755 
52756 
52757 
52758 
52759 
52760 
52761 
52762 
52763 
52764 
52765 
52766 
52767 
52768 
52769 
52770 
52771 
52772 
52773 
52774 
52775 
52776 
52777 
52778 
52779 
52780 
52781 
52782 
52783 
52784 
52785 
52786 
52787 
52788 
52789 
52790 
52791 
52792 
52793 
52794 
52795 
52796 
52797 
52798 
52799 
52800 
52801 
52802 
52803 
52804 
52805 
52806 
52807 
52808 
52809 
52810 
52811 
52812 
52813 
52814 
52815 
52816 
52817 
52818 
52819 
52820 
52821 
52822 
52823 
52824 
52825 
52826 
52827 
52828 
52829 
52830 
52831 
52832 
52833 
52834 
52835 
52836 
52837 
52838 
52839 
52840 
52841 
52842 
52843 
52844 
52845 
52846 
52847 
52848 
52849 
52850 
52851 
52852 
52853 
52854 
52855 
52856 
52857 
52858 
52859 
52860 
52861 
52862 
52863 
52864 
52865 
52866 
52867 
52868 
52869 
52870 
52871 
52872 
52873 
52874 
52875 
52876 
52877 
52878 
52879 
52880 
52881 
52882 
52883 
52884 
52885 
52886 
52887 
52888 
52889 
52890 
52891 
52892 
52893 
52894 
52895 
52896 
52897 
52898 
52899 
52900 
52901 
52902 
52903 
52904 
52905 
52906 
52907 
52908 
52909 
52910 
52911 
52912 
52913 
52914 
52915 
52916 
52917 
52918 
52919 
59400 
59401 
59402 
59403 
59404 
59405 
59406 
59407 
59408 
59409 
59410 
59411 
59412 
59413 
59414 
59415 
59416 
59417 
59418 
59419 
59420 
59421 
59422 
59423 
59424 
59425 
59426 
59427 
59428 
59429 
59430 
59431 
59432 
59433 
59434 
59435 
59436 
59437 
59438 
59439 
59440 
59441 
59442 
59443 
59444 
59445 
59446 
59447 
59448 
59449 
59450 
59451 
59452 
59453 
59454 
59455 
59456 
59457 
59458 
59459 
59460 
59461 
59462 
59463 
59464 
59465 
59466 
59467 
59468 
59469 
59470 
59471 
59472 
59473 
59474 
59475 
59476 
59477 
59478 
59479 
59480 
59481 
59482 
59483 
59484 
59485 
59486 
59487 
59488 
59489 
59490 
59491 
59492 
59493 
59494 
59495 
59496 
59497 
59498 
59499 
59500 
59501 
59502 
59503 
59504 
59505 
59506 
59507 
59508 
59509 
59510 
59511 
59512 
59513 
59514 
59515 
59516 
59517 
59518 
59519 
59520 
59521 
59522 
59523 
59524 
59525 
59526 
59527 
59528 
59529 
59530 
59531 
59532 
59533 
59534 
59535 
59536 
59537 
59538 
59539 
59540 
59541 
59542 
59543 
59544 
59545 
59546 
59547 
59548 
59549 
59550 
59551 
59552 
59553 
59554 
59555 
59556 
59557 
59558 
59559 
59560 
59561 
59562 
59563 
59564 
59565 
59566 
59567 
59568 
59569 
59570 
59571 
59572 
59573 
59574 
59575 
59576 
59577 
59578 
59579 
59580 
59581 
59582 
59583 
59584 
59585 
59586 
59587 
59588 
59589 
59590 
59591 
59592 
59593 
59594 
59595 
59596 
59597 
59598 
59599 
59600 
59601 
59602 
59603 
59604 
59605 
59606 
59607 
59608 
59609 
59610 
59611 
59612 
59613 
59614 
59615 
59616 
59617 
59618 
59619 
59620 
59621 
59622 
59623 
59624 
59625 
59626 
59627 
59628 
59629 
59630 
59631 
59632 
59633 
59634 
59635 
59636 
59637 
59638 
59639 
59640 
59641 
59642 
59643 
59644 
59645 
59646 
59647 
59648 
59649 
59650 
59651 
59652 
59653 
59654 
59655 
59656 
59657 
59658 
59659 
59660 
59661 
59662 
59663 
59664 
59665 
59666 
59667 
59668 
59669 
59670 
59671 
59672 
59673 
59674 
59675 
59676 
59677 
59678 
59679 
59680 
59681 
59682 
59683 
59684 
59685 
59686 
59687 
59688 
59689 
59690 
59691 
59692 
59693 
59694 
59695 
59696 
59697 
59698 
59699 
59700 
59701 
59702 
59703 
59704 
59705 
59706 
59707 
59708 
59709 
59710 
59711 
59712 
59713 
59714 
59715 
59716 
59717 
59718 
59719 
59720 
59721 
59722 
59723 
59724 
59725 
59726 
59727 
59728 
59729 
59730 
59731 
59732 
59733 
59734 
59735 
59736 
59737 
59738 
59739 
59740 
59741 
59742 
59743 
59744 
59745 
59746 
59747 
59748 
59749 
59750 
59751 
59752 
59753 
59754 
59755 
59756 
59757 
59758 
59759 
59760 
59761 
59762 
59763 
59764 
59765 
59766 
59767 
59768 
59769 
59770 
59771 
59772 
59773 
59774 
59775 
59776 
59777 
59778 
59779 
59780 
59781 
59782 
59783 
59784 
59785 
59786 
59787 
59788 
59789 
59790 
59791 
59792 
59793 
59794 
59795 
59796 
59797 
59798 
59799 
59800 
59801 
59802 
59803 
59804 
59805 
59806 
59807 
59808 
59809 
59810 
59811 
59812 
59813 
59814 
59815 
59816 
59817 
59818 
59819 
59820 
59821 
59822 
59823 
59824 
59825 
59826 
59827 
59828 
59829 
59830 
59831 
59832 
59833 
59834 
59835 
59836 
59837 
59838 
59839 
59840 
59841 
59842 
59843 
59844 
59845 
59846 
59847 
59848 
59849 
59850 
59851 
59852 
59853 
59854 
59855 
59856 
59857 
59858 
59859 
59860 
59861 
59862 
59863 
59864 
59865 
59866 
59867 
59868 
59869 
59870 
59871 
59872 
59873 
59874 
59875 
59876 
59877 
59878 
59879 
59880 
59881 
59882 
59883 
59884 
59885 
59886 
59887 
59888 
59889 
59890 
59891 
59892 
59893 
59894 
59895 
59896 
59897 
59898 
59899 
59900 
59901 
59902 
59903 
59904 
59905 
59906 
59907 
59908 
59909 
59910 
59911 
59912 
59913 
59914 
59915 
59916 
59917 
59918 
59919 
59920 
59921 
59922 
59923 
59924 
59925 
59926 
59927 
59928 
59929 
59930 
59931 
59932 
59933 
59934 
59935 
59936 
59937 
59938 
59939 
59940 
59941 
59942 
59943 
59944 
59945 
59946 
59947 
59948 
59949 
59950 
59951 
59952 
59953 
59954 
59955 
59956 
59957 
59958 
59959 
59960 
59961 
59962 
59963 
59964 
59965 
59966 
59967 
59968 
59969 
59970 
59971 
59972 
59973 
59974 
59975 
59976 
59977 
59978 
59979 
59980 
59981 
59982 
59983 
59984 
59985 
59986 
59987 
59988 
59989 
59990 
59991 
59992 
59993 
59994 
59995 
59996 
59997 
59998 
59999 
60000 
60001 
60002 
60003 
60004 
60005 
60006 
60007 
60008 
60009 
60010 
60011 
60012 
60013 
60014 
60015 
60016 
60017 
60018 
60019 
60020 
60021 
60022 
60023 
60024 
60025 
60026 
60027 
60028 
60029 
60030 
60031 
60032 
60033 
60034 
60035 
60036 
60037 
60038 
60039 
60040 
60041 
60042 
60043 
60044 
60045 
60046 
60047 
60048 
60049 
60050 
60051 
60052 
60053 
60054 
60055 
60056 
60057 
60058 
60059 
60060 
60061 
60062 
60063 
60064 
60065 
60066 
60067 
60068 
60069 
60070 
60071 
60072 
60073 
60074 
60075 
60076 
60077 
60078 
60079 
60080 
60081 
60082 
60083 
60084 
60085 
60086 
60087 
60088 
60089 
60090 
60091 
60092 
60093 
60094 
60095 
60096 
60097 
60098 
60099 
60100 
60101 
60102 
60103 
60104 
60105 
60106 
60107 
60108 
60109 
60110 
60111 
60112 
60113 
60114 
60115 
60116 
60117 
60118 
60119 
60120 
60121 
60122 
60123 
60124 
60125 
60126 
60127 
60128 
60129 
60130 
60131 
60132 
60133 
60134 
60135 
60136 
60137 
60138 
60139 
60140 
60141 
60142 
60143 
60144 
60145 
60146 
60147 
60148 
60149 
60150 
60151 
60152 
60153 
60154 
60155 
60156 
60157 
60158 
60159 
60160 
60161 
60162 
60163 
60164 
60165 
60166 
60167 
60168 
60169 
60170 
60171 
60172 
60173 
60174 
60175 
60176 
60177 
60178 
60179 
60180 
60181 
60182 
60183 
60184 
60185 
60186 
60187 
60188 
60189 
60190 
60191 
60192 
60193 
60194 
60195 
60196 
60197 
60198 
60199 
60200 
60201 
60202 
60203 
60204 
60205 
60206 
60207 
60208 
60209 
60210 
60211 
60212 
60213 
60214 
60215 
60216 
60217 
60218 
60219 
60220 
60221 
60222 
60223 
60224 
60225 
60226 
60227 
60228 
60229 
60230 
60231 
60232 
60233 
60234 
60235 
60236 
60237 
60238 
60239 
60240 
60241 
60242 
60243 
60244 
60245 
60246 
60247 
60248 
60249 
60250 
60251 
60252 
60253 
60254 
60255 
60256 
60257 
60258 
60259 
60260 
60261 
60262 
60263 
60264 
60265 
60266 
60267 
60268 
60269 
60270 
60271 
60272 
60273 
60274 
60275 
60276 
60277 
60278 
60279 
60280 
60281 
60282 
60283 
60284 
60285 
60286 
60287 
60288 
60289 
60290 
60291 
60292 
60293 
60294 
60295 
60296 
60297 
60298 
60299 
60300 
60301 
60302 
60303 
60304 
60305 
60306 
60307 
60308 
60309 
60310 
60311 
60312 
60313 
60314 
60315 
60316 
60317 
60318 
60319 
60320 
60321 
60322 
60323 
60324 
60325 
60326 
60327 
60328 
60329 
60330 
60331 
60332 
60333 
60334 
60335 
60336 
60337 
60338 
60339 
60340 
60341 
60342 
60343 
60344 
60345 
60346 
60347 
60348 
60349 
60350 
60351 
60352 
60353 
60354 
60355 
60356 
60357 
60358 
60359 
60360 
60361 
60362 
60363 
60364 
60365 
60366 
60367 
60368 
60369 
60370 
60371 
60372 
60373 
60374 
60375 
60376 
60377 
60378 
60379 
60380 
60381 
60382 
60383 
60384 
60385 
60386 
60387 
60388 
60389 
60390 
60391 
60392 
60393 
60394 
60395 
60396 
60397 
60398 
60399 
60400 
60401 
60402 
60403 
60404 
60405 
60406 
60407 
60408 
60409 
60410 
60411 
60412 
60413 
60414 
60415 
60416 
60417 
60418 
60419 
60420 
60421 
60422 
60423 
60424 
60425 
60426 
60427 
60428 
60429 
60430 
60431 
60432 
60433 
60434 
60435 
60436 
60437 
60438 
60439 
60440 
60441 
60442 
60443 
60444 
60445 
60446 
60447 
60448 
60449 
60450 
60451 
60452 
60453 
60454 
60455 
60456 
60457 
60458 
60459 
60460 
60461 
60462 
60463 
60464 
60465 
60466 
60467 
60468 
60469 
60470 
60471 
60472 
60473 
60474 
60475 
60476 
60477 
60478 
60479 
60480 
60481 
60482 
60483 
60484 
60485 
60486 
60487 
60488 
60489 
60490 
60491 
60492 
60493 
60494 
60495 
60496 
60497 
60498 
60499 
60500 
60501 
60502 
60503 
60504 
60505 
60506 
60507 
60508 
60509 
60510 
60511 
60512 
60513 
60514 
60515 
60516 
60517 
60518 
60519 
60520 
60521 
60522 
60523 
60524 
60525 
60526 
60527 
60528 
60529 
60530 
60531 
60532 
60533 
60534 
60535 
60536 
60537 
60538 
60539 
60540 
60541 
60542 
60543 
60544 
60545 
60546 
60547 
60548 
60549 
60550 
60551 
60552 
60553 
60554 
60555 
60556 
60557 
60558 
60559 
60560 
60561 
60562 
60563 
60564 
60565 
60566 
60567 
60568 
60569 
60570 
60571 
60572 
60573 
60574 
60575 
60576 
60577 
60578 
60579 
60580 
60581 
60582 
60583 
60584 
60585 
60586 
60587 
60588 
60589 
60590 
60591 
60592 
60593 
60594 
60595 
60596 
60597 
60598 
60599 
60600 
60601 
60602 
60603 
60604 
60605 
60606 
60607 
60608 
60609 
60610 
60611 
60612 
60613 
60614 
60615 
60616 
60617 
60618 
60619 
60620 
60621 
60622 
60623 
60624 
60625 
60626 
60627 
60628 
60629 
60630 
60631 
60632 
60633 
60634 
60635 
60636 
60637 
60638 
60639 
60640 
60641 
60642 
60643 
60644 
60645 
60646 
60647 
60648 
60649 
60650 
60651 
60652 
60653 
60654 
60655 
60656 
60657 
60658 
60659 
60660 
60661 
60662 
60663 
60664 
60665 
60666 
60667 
60668 
60669 
60670 
60671 
60672 
60673 
60674 
60675 
60676 
60677 
60678 
60679 
60680 
60681 
60682 
60683 
60684 
60685 
60686 
60687 
60688 
60689 
60690 
60691 
60692 
60693 
60694 
60695 
60696 
60697 
60698 
60699 
60700 
60701 
60702 
60703 
60704 
60705 
60706 
60707 
60708 
60709 
60710 
60711 
60712 
60713 
60714 
60715 
60716 
60717 
60718 
60719 
60720 
60721 
60722 
60723 
60724 
60725 
60726 
60727 
60728 
60729 
60730 
60731 
60732 
60733 
60734 
60735 
60736 
60737 
60738 
60739 
60740 
60741 
60742 
60743 
60744 
60745 
60746 
60747 
60748 
60749 
60750 
60751 
60752 
60753 
60754 
60755 
60756 
60757 
60758 
60759 
60760 
60761 
60762 
60763 
60764 
60765 
60766 
60767 
60768 
60769 
60770 
60771 
60772 
60773 
60774 
60775 
60776 
60777 
60778 
60779 
60780 
60781 
60782 
60783 
60784 
60785 
60786 
60787 
60788 
60789 
60790 
60791 
60792 
60793 
60794 
60795 
60796 
60797 
60798 
60799 
60800 
60801 
60802 
60803 
60804 
60805 
60806 
60807 
60808 
60809 
60810 
60811 
60812 
60813 
60814 
60815 
60816 
60817 
60818 
60819 
60820 
60821 
60822 
60823 
60824 
60825 
60826 
60827 
60828 
60829 
60830 
60831 
60832 
60833 
60834 
60835 
60836 
60837 
60838 
60839 
60840 
60841 
60842 
60843 
60844 
60845 
60846 
60847 
60848 
60849 
60850 
60851 
60852 
60853 
60854 
60855 
60856 
60857 
60858 
60859 
60860 
60861 
60862 
60863 
60864 
60865 
60866 
60867 
60868 
60869 
60870 
60871 
60872 
60873 
60874 
60875 
60876 
60877 
60878 
60879 
60880 
60881 
60882 
60883 
60884 
60885 
60886 
60887 
60888 
60889 
60890 
60891 
60892 
60893 
60894 
60895 
60896 
60897 
60898 
60899 
60900 
60901 
60902 
60903 
60904 
60905 
60906 
60907 
60908 
60909 
60910 
60911 
60912 
60913 
60914 
60915 
60916 
60917 
60918 
60919 
60920 
60921 
60922 
60923 
60924 
60925 
60926 
60927 
60928 
60929 
60930 
60931 
60932 
60933 
60934 
60935 
60936 
60937 
60938 
60939 
60940 
60941 
60942 
60943 
60944 
60945 
60946 
60947 
60948 
60949 
60950 
60951 
60952 
60953 
60954 
60955 
60956 
60957 
60958 
60959 
60960 
60961 
60962 
60963 
60964 
60965 
60966 
60967 
60968 
60969 
60970 
60971 
60972 
60973 
60974 
60975 
60976 
60977 
60978 
60979 
60980 
60981 
60982 
60983 
60984 
60985 
60986 
60987 
60988 
60989 
60990 
60991 
60992 
60993 
60994 
60995 
60996 
60997 
60998 
60999 
61000 
61001 
61002 
61003 
61004 
61005 
61006 
61007 
61008 
61009 
61010 
61011 
61012 
61013 
61014 
61015 
61016 
61017 
61018 
61019 
61020 
61021 
61022 
61023 
61024 
61025 
61026 
61027 
61028 
61029 
61030 
61031 
61032 
61033 
61034 
61035 
61036 
61037 
61038 
61039 
61040 
61041 
61042 
61043 
61044 
61045 
61046 
61047 
61048 
61049 
61050 
61051 
61052 
61053 
61054 
61055 
61056 
61057 
61058 
61059 
61060 
61061 
61062 
61063 
61064 
61065 
61066 
61067 
61068 
61069 
61070 
61071 
61072 
61073 
61074 
61075 
61076 
61077 
61078 
61079 
61080 
61081 
61082 
61083 
61084 
61085 
61086 
61087 
61088 
61089 
61090 
61091 
61092 
61093 
61094 
61095 
61096 
61097 
61098 
61099 
61100 
61101 
61102 
61103 
61104 
61105 
61106 
61107 
61108 
61109 
61110 
61111 
61112 
61113 
61114 
61115 
61116 
61117 
61118 
61119 
61120 
61121 
61122 
61123 
61124 
61125 
61126 
61127 
61128 
61129 
61130 
61131 
61132 
61133 
61134 
61135 
61136 
61137 
61138 
61139 
61140 
61141 
61142 
61143 
61144 
61145 
61146 
61147 
61148 
61149 
61150 
61151 
61152 
61153 
61154 
61155 
61156 
61157 
61158 
61159 
61160 
61161 
61162 
61163 
61164 
61165 
61166 
61167 
61168 
61169 
61170 
61171 
61172 
61173 
61174 
61175 
61176 
61177 
61178 
61179 
61180 
61181 
61182 
61183 
61184 
61185 
61186 
61187 
61188 
61189 
61190 
61191 
61192 
61193 
61194 
61195 
61196 
61197 
61198 
61199 
61200 
61201 
61202 
61203 
61204 
61205 
61206 
61207 
61208 
61209 
61210 
61211 
61212 
61213 
61214 
61215 
61216 
61217 
61218 
61219 
61220 
61221 
61222 
61223 
61224 
61225 
61226 
61227 
61228 
61229 
61230 
61231 
61232 
61233 
61234 
61235 
61236 
61237 
61238 
61239 
61240 
61241 
61242 
61243 
61244 
61245 
61246 
61247 
61248 
61249 
61250 
61251 
61252 
61253 
61254 
61255 
61256 
61257 
61258 
61259 
61260 
61261 
61262 
61263 
61264 
61265 
61266 
61267 
61268 
61269 
61270 
61271 
61272 
61273 
61274 
61275 
61276 
61277 
61278 
61279 
61280 
61281 
61282 
61283 
61284 
61285 
61286 
61287 
61288 
61289 
61290 
61291 
61292 
61293 
61294 
61295 
61296 
61297 
61298 
61299 
61300 
61301 
61302 
61303 
61304 
61305 
61306 
61307 
61308 
61309 
61310 
61311 
61312 
61313 
61314 
61315 
61316 
61317 
61318 
61319 
61320 
61321 
61322 
61323 
61324 
61325 
61326 
61327 
61328 
61329 
61330 
61331 
61332 
61333 
61334 
61335 
61336 
61337 
61338 
61339 
61340 
61341 
61342 
61343 
61344 
61345 
61346 
61347 
61348 
61349 
61350 
61351 
61352 
61353 
61354 
61355 
61356 
61357 
61358 
61359 
61360 
61361 
61362 
61363 
61364 
61365 
61366 
61367 
61368 
61369 
61370 
61371 
61372 
61373 
61374 
61375 
61376 
61377 
61378 
61379 
61380 
61381 
61382 
61383 
61384 
61385 
61386 
61387 
61388 
61389 
61390 
61391 
61392 
61393 
61394 
61395 
61396 
61397 
61398 
61399 
61400 
61401 
61402 
61403 
61404 
61405 
61406 
61407 
61408 
61409 
61410 
61411 
61412 
61413 
61414 
61415 
61416 
61417 
61418 
61419 
61420 
61421 
61422 
61423 
61424 
61425 
61426 
61427 
61428 
61429 
61430 
61431 
61432 
61433 
61434 
61435 
61436 
61437 
61438 
61439 
61440 
61441 
61442 
61443 
61444 
61445 
61446 
61447 
61448 
61449 
61450 
61451 
61452 
61453 
61454 
61455 
61456 
61457 
61458 
61459 
61460 
61461 
61462 
61463 
61464 
61465 
61466 
61467 
61468 
61469 
61470 
61471 
61472 
61473 
61474 
61475 
61476 
61477 
61478 
61479 
61480 
61481 
61482 
61483 
61484 
61485 
61486 
61487 
61488 
61489 
61490 
61491 
61492 
61493 
61494 
61495 
61496 
61497 
61498 
61499 
61500 
61501 
61502 
61503 
61504 
61505 
61506 
61507 
61508 
61509 
61510 
61511 
61512 
61513 
61514 
61515 
61516 
61517 
61518 
61519 
61520 
61521 
61522 
61523 
61524 
61525 
61526 
61527 
61528 
61529 
61530 
61531 
61532 
61533 
61534 
61535 
61536 
61537 
61538 
61539 
61540 
61541 
61542 
61543 
61544 
61545 
61546 
61547 
61548 
61549 
61550 
61551 
61552 
61553 
61554 
61555 
61556 
61557 
61558 
61559 
61560 
61561 
61562 
61563 
61564 
61565 
61566 
61567 
61568 
61569 
61570 
61571 
61572 
61573 
61574 
61575 
61576 
61577 
61578 
61579 
61580 
61581 
61582 
61583 
61584 
61585 
61586 
61587 
61588 
61589 
61590 
61591 
61592 
61593 
61594 
61595 
61596 
61597 
61598 
61599 
61600 
61601 
61602 
61603 
61604 
61605 
61606 
61607 
61608 
61609 
61610 
61611 
61612 
61613 
61614 
61615 
61616 
61617 
61618 
61619 
61620 
61621 
61622 
61623 
61624 
61625 
61626 
61627 
61628 
61629 
61630 
61631 
61632 
61633 
61634 
61635 
61636 
61637 
61638 
61639 
61640 
61641 
61642 
61643 
61644 
61645 
61646 
61647 
61648 
61649 
61650 
61651 
61652 
61653 
61654 
61655 
61656 
61657 
61658 
61659 
61660 
61661 
61662 
61663 
61664 
61665 
61666 
61667 
61668 
61669 
61670 
61671 
61672 
61673 
61674 
61675 
61676 
61677 
61678 
61679 
61680 
61681 
61682 
61683 
61684 
61685 
61686 
61687 
61688 
61689 
61690 
61691 
61692 
61693 
61694 
61695 
61696 
61697 
61698 
61699 
61700 
61701 
61702 
61703 
61704 
61705 
61706 
61707 
61708 
61709 
61710 
61711 
61712 
61713 
61714 
61715 
61716 
61717 
61718 
61719 
61720 
61721 
61722 
61723 
61724 
61725 
61726 
61727 
61728 
61729 
61730 
61731 
61732 
61733 
61734 
61735 
61736 
61737 
61738 
61739 
61740 
61741 
61742 
61743 
61744 
61745 
61746 
61747 
61748 
61749 
61750 
61751 
61752 
61753 
61754 
61755 
61756 
61757 
61758 
61759 
61760 
61761 
61762 
61763 
61764 
61765 
61766 
61767 
61768 
61769 
61770 
61771 
61772 
61773 
61774 
61775 
61776 
61777 
61778 
61779 
61780 
61781 
61782 
61783 
61784 
61785 
61786 
61787 
61788 
61789 
61790 
61791 
61792 
61793 
61794 
61795 
61796 
61797 
61798 
61799 
61800 
61801 
61802 
61803 
61804 
61805 
61806 
61807 
61808 
61809 
61810 
61811 
61812 
61813 
61814 
61815 
61816 
61817 
61818 
61819 
61820 
61821 
61822 
61823 
61824 
61825 
61826 
61827 
61828 
61829 
61830 
61831 
61832 
61833 
61834 
61835 
61836 
61837 
61838 
61839 
61840 
61841 
61842 
61843 
61844 
61845 
61846 
61847 
61848 
61849 
61850 
61851 
61852 
61853 
61854 
61855 
61856 
61857 
61858 
61859 
61860 
61861 
61862 
61863 
61864 
61865 
61866 
61867 
61868 
61869 
61870 
61871 
61872 
61873 
61874 
61875 
61876 
61877 
61878 
61879 
61880 
61881 
61882 
61883 
61884 
61885 
61886 
61887 
61888 
61889 
61890 
61891 
61892 
61893 
61894 
61895 
61896 
61897 
61898 
61899 
61900 
61901 
61902 
61903 
61904 
61905 
61906 
61907 
61908 
61909 
61910 
61911 
61912 
61913 
61914 
61915 
61916 
61917 
61918 
61919 
61920 
61921 
61922 
61923 
61924 
61925 
61926 
61927 
61928 
61929 
61930 
61931 
61932 
61933 
61934 
61935 
61936 
61937 
61938 
61939 
61940 
61941 
61942 
61943 
61944 
61945 
61946 
61947 
61948 
61949 
61950 
61951 
61952 
61953 
61954 
61955 
61956 
61957 
61958 
61959 
61960 
61961 
61962 
61963 
61964 
61965 
61966 
61967 
61968 
61969 
61970 
61971 
61972 
61973 
61974 
61975 
61976 
61977 
61978 
61979 
61980 
61981 
61982 
61983 
61984 
61985 
61986 
61987 
61988 
61989 
61990 
61991 
61992 
61993 
61994 
61995 
61996 
61997 
61998 
61999 
62000 
62001 
62002 
62003 
62004 
62005 
62006 
62007 
62008 
62009 
62010 
62011 
62012 
62013 
62014 
62015 
62016 
62017 
62018 
62019 
62020 
62021 
62022 
62023 
62024 
62025 
62026 
62027 
62028 
62029 
62030 
62031 
62032 
62033 
62034 
62035 
62036 
62037 
62038 
62039 
62040 
62041 
62042 
62043 
62044 
62045 
62046 
62047 
62048 
62049 
62050 
62051 
62052 
62053 
62054 
62055 
62056 
62057 
62058 
62059 
62060 
62061 
62062 
62063 
62064 
62065 
62066 
62067 
62068 
62069 
62070 
62071 
62072 
62073 
62074 
62075 
62076 
62077 
62078 
62079 
62080 
62081 
62082 
62083 
62084 
62085 
62086 
62087 
62088 
62089 
62090 
62091 
62092 
62093 
62094 
62095 
62096 
62097 
62098 
62099 
62100 
62101 
62102 
62103 
62104 
62105 
62106 
62107 
62108 
62109 
62110 
62111 
62112 
62113 
62114 
62115 
62116 
62117 
62118 
62119 
62120 
62121 
62122 
62123 
62124 
62125 
62126 
62127 
62128 
62129 
62130 
62131 
62132 
62133 
62134 
62135 
62136 
62137 
62138 
62139 
62140 
62141 
62142 
62143 
62144 
62145 
62146 
62147 
62148 
62149 
62150 
62151 
62152 
62153 
62154 
62155 
62156 
62157 
62158 
62159 
62160 
62161 
62162 
62163 
62164 
62165 
62166 
62167 
62168 
62169 
62170 
62171 
62172 
62173 
62174 
62175 
62176 
62177 
62178 
62179 
62180 
62181 
62182 
62183 
62184 
62185 
62186 
62187 
62188 
62189 
62190 
62191 
62192 
62193 
62194 
62195 
62196 
62197 
62198 
62199 
62200 
62201 
62202 
62203 
62204 
62205 
62206 
62207 
62208 
62209 
62210 
62211 
62212 
62213 
62214 
62215 
62216 
62217 
62218 
62219 
62220 
62221 
62222 
62223 
62224 
62225 
62226 
62227 
62228 
62229 
62230 
62231 
62232 
62233 
62234 
62235 
62236 
62237 
62238 
62239 
62240 
62241 
62242 
62243 
62244 
62245 
62246 
62247 
62248 
62249 
62250 
62251 
62252 
62253 
62254 
62255 
62256 
62257 
62258 
62259 
62260 
62261 
62262 
62263 
62264 
62265 
62266 
62267 
62268 
62269 
62270 
62271 
62272 
62273 
62274 
62275 
62276 
62277 
62278 
62279 
62280 
62281 
62282 
62283 
62284 
62285 
62286 
62287 
62288 
62289 
62290 
62291 
62292 
62293 
62294 
62295 
62296 
62297 
62298 
62299 
62300 
62301 
62302 
62303 
62304 
62305 
62306 
62307 
62308 
62309 
62310 
62311 
62312 
62313 
62314 
62315 
62316 
62317 
62318 
62319 
62320 
62321 
62322 
62323 
62324 
62325 
62326 
62327 
62328 
62329 
62330 
62331 
62332 
62333 
62334 
62335 
62336 
62337 
62338 
62339 
62340 
62341 
62342 
62343 
62344 
62345 
62346 
62347 
62348 
62349 
62350 
62351 
62352 
62353 
62354 
62355 
62356 
62357 
62358 
62359 
62360 
62361 
62362 
62363 
62364 
62365 
62366 
62367 
62368 
62369 
62370 
62371 
62372 
62373 
62374 
62375 
62376 
62377 
62378 
62379 
62380 
62381 
62382 
62383 
62384 
62385 
62386 
62387 
62388 
62389 
62390 
62391 
62392 
62393 
62394 
62395 
62396 
62397 
62398 
62399 
62400 
62401 
62402 
62403 
62404 
62405 
62406 
62407 
62408 
62409 
62410 
62411 
62412 
62413 
62414 
62415 
62416 
62417 
62418 
62419 
62420 
62421 
62422 
62423 
62424 
62425 
62426 
62427 
62428 
62429 
62430 
62431 
62432 
62433 
62434 
62435 
62436 
62437 
62438 
62439 
62440 
62441 
62442 
62443 
62444 
62445 
62446 
62447 
62448 
62449 
62450 
62451 
62452 
62453 
62454 
62455 
62456 
62457 
62458 
62459 
62460 
62461 
62462 
62463 
62464 
62465 
62466 
62467 
62468 
62469 
62470 
62471 
62472 
62473 
62474 
62475 
62476 
62477 
62478 
62479 
62480 
62481 
62482 
62483 
62484 
62485 
62486 
62487 
62488 
62489 
62490 
62491 
62492 
62493 
62494 
62495 
62496 
62497 
62498 
62499 
62500 
62501 
62502 
62503 
62504 
62505 
62506 
62507 
62508 
62509 
62510 
62511 
62512 
62513 
62514 
62515 
62516 
62517 
62518 
62519 
62520 
62521 
62522 
62523 
62524 
62525 
62526 
62527 
62528 
62529 
62530 
62531 
62532 
62533 
62534 
62535 
62536 
62537 
62538 
62539 
62540 
62541 
62542 
62543 
62544 
62545 
62546 
62547 
62548 
62549 
62550 
62551 
62552 
62553 
62554 
62555 
62556 
62557 
62558 
62559 
62560 
62561 
62562 
62563 
62564 
62565 
62566 
62567 
62568 
62569 
62570 
62571 
62572 
62573 
62574 
62575 
62576 
62577 
62578 
62579 
62580 
62581 
62582 
62583 
62584 
62585 
62586 
62587 
62588 
62589 
62590 
62591 
62592 
62593 
62594 
62595 
62596 
62597 
62598 
62599 
62600 
62601 
62602 
62603 
62604 
62605 
62606 
62607 
62608 
62609 
62610 
62611 
62612 
62613 
62614 
62615 
62616 
62617 
62618 
62619 
62620 
62621 
62622 
62623 
62624 
62625 
62626 
62627 
62628 
62629 
62630 
62631 
62632 
62633 
62634 
62635 
62636 
62637 
62638 
62639 
72360 
72361 
72362 
72363 
72364 
72365 
72366 
72367 
72368 
72369 
72370 
72371 
72372 
72373 
72374 
72375 
72376 
72377 
72378 
72379 
72380 
72381 
72382 
72383 
72384 
72385 
72386 
72387 
72388 
72389 
72390 
72391 
72392 
72393 
72394 
72395 
72396 
72397 
72398 
72399 
72400 
72401 
72402 
72403 
72404 
72405 
72406 
72407 
72408 
72409 
72410 
72411 
72412 
72413 
72414 
72415 
72416 
72417 
72418 
72419 
72420 
72421 
72422 
72423 
72424 
72425 
72426 
72427 
72428 
72429 
72430 
72431 
72432 
72433 
72434 
72435 
72436 
72437 
72438 
72439 
72440 
72441 
72442 
72443 
72444 
72445 
72446 
72447 
72448 
72449 
72450 
72451 
72452 
72453 
72454 
72455 
72456 
72457 
72458 
72459 
72460 
72461 
72462 
72463 
72464 
72465 
72466 
72467 
72468 
72469 
72470 
72471 
72472 
72473 
72474 
72475 
72476 
72477 
72478 
72479 
72480 
72481 
72482 
72483 
72484 
72485 
72486 
72487 
72488 
72489 
72490 
72491 
72492 
72493 
72494 
72495 
72496 
72497 
72498 
72499 
72500 
72501 
72502 
72503 
72504 
72505 
72506 
72507 
72508 
72509 
72510 
72511 
72512 
72513 
72514 
72515 
72516 
72517 
72518 
72519 
72520 
72521 
72522 
72523 
72524 
72525 
72526 
72527 
72528 
72529 
72530 
72531 
72532 
72533 
72534 
72535 
72536 
72537 
72538 
72539 
72540 
72541 
72542 
72543 
72544 
72545 
72546 
72547 
72548 
72549 
72550 
72551 
72552 
72553 
72554 
72555 
72556 
72557 
72558 
72559 
72560 
72561 
72562 
72563 
72564 
72565 
72566 
72567 
72568 
72569 
72570 
72571 
72572 
72573 
72574 
72575 
72576 
72577 
72578 
72579 
72580 
72581 
72582 
72583 
72584 
72585 
72586 
72587 
72588 
72589 
72590 
72591 
72592 
72593 
72594 
72595 
72596 
72597 
72598 
72599 
72600 
72601 
72602 
72603 
72604 
72605 
72606 
72607 
72608 
72609 
72610 
72611 
72612 
72613 
72614 
72615 
72616 
72617 
72618 
72619 
72620 
72621 
72622 
72623 
72624 
72625 
72626 
72627 
72628 
72629 
72630 
72631 
72632 
72633 
72634 
72635 
72636 
72637 
72638 
72639 
72640 
72641 
72642 
72643 
72644 
72645 
72646 
72647 
72648 
72649 
72650 
72651 
72652 
72653 
72654 
72655 
72656 
72657 
72658 
72659 
72660 
72661 
72662 
72663 
72664 
72665 
72666 
72667 
72668 
72669 
72670 
72671 
72672 
72673 
72674 
72675 
72676 
72677 
72678 
72679 
72680 
72681 
72682 
72683 
72684 
72685 
72686 
72687 
72688 
72689 
72690 
72691 
72692 
72693 
72694 
72695 
72696 
72697 
72698 
72699 
72700 
72701 
72702 
72703 
72704 
72705 
72706 
72707 
72708 
72709 
72710 
72711 
72712 
72713 
72714 
72715 
72716 
72717 
72718 
72719 
72720 
72721 
72722 
72723 
72724 
72725 
72726 
72727 
72728 
72729 
72730 
72731 
72732 
72733 
72734 
72735 
72736 
72737 
72738 
72739 
72740 
72741 
72742 
72743 
72744 
72745 
72746 
72747 
72748 
72749 
72750 
72751 
72752 
72753 
72754 
72755 
72756 
72757 
72758 
72759 
72760 
72761 
72762 
72763 
72764 
72765 
72766 
72767 
72768 
72769 
72770 
72771 
72772 
72773 
72774 
72775 
72776 
72777 
72778 
72779 
72780 
72781 
72782 
72783 
72784 
72785 
72786 
72787 
72788 
72789 
72790 
72791 
72792 
72793 
72794 
72795 
72796 
72797 
72798 
72799 
72800 
72801 
72802 
72803 
72804 
72805 
72806 
72807 
72808 
72809 
72810 
72811 
72812 
72813 
72814 
72815 
72816 
72817 
72818 
72819 
72820 
72821 
72822 
72823 
72824 
72825 
72826 
72827 
72828 
72829 
72830 
72831 
72832 
72833 
72834 
72835 
72836 
72837 
72838 
72839 
72840 
72841 
72842 
72843 
72844 
72845 
72846 
72847 
72848 
72849 
72850 
72851 
72852 
72853 
72854 
72855 
72856 
72857 
72858 
72859 
72860 
72861 
72862 
72863 
72864 
72865 
72866 
72867 
72868 
72869 
72870 
72871 
72872 
72873 
72874 
72875 
72876 
72877 
72878 
72879 
72880 
72881 
72882 
72883 
72884 
72885 
72886 
72887 
72888 
72889 
72890 
72891 
72892 
72893 
72894 
72895 
72896 
72897 
72898 
72899 
72900 
72901 
72902 
72903 
72904 
72905 
72906 
72907 
72908 
72909 
72910 
72911 
72912 
72913 
72914 
72915 
72916 
72917 
72918 
72919 
72920 
72921 
72922 
72923 
72924 
72925 
72926 
72927 
72928 
72929 
72930 
72931 
72932 
72933 
72934 
72935 
72936 
72937 
72938 
72939 
72940 
72941 
72942 
72943 
72944 
72945 
72946 
72947 
72948 
72949 
72950 
72951 
72952 
72953 
72954 
72955 
72956 
72957 
72958 
72959 
72960 
72961 
72962 
72963 
72964 
72965 
72966 
72967 
72968 
72969 
72970 
72971 
72972 
72973 
72974 
72975 
72976 
72977 
72978 
72979 
72980 
72981 
72982 
72983 
72984 
72985 
72986 
72987 
72988 
72989 
72990 
72991 
72992 
72993 
72994 
72995 
72996 
72997 
72998 
72999 
73000 
73001 
73002 
73003 
73004 
73005 
73006 
73007 
73008 
73009 
73010 
73011 
73012 
73013 
73014 
73015 
73016 
73017 
73018 
73019 
73020 
73021 
73022 
73023 
73024 
73025 
73026 
73027 
73028 
73029 
73030 
73031 
73032 
73033 
73034 
73035 
73036 
73037 
73038 
73039 
73040 
73041 
73042 
73043 
73044 
73045 
73046 
73047 
73048 
73049 
73050 
73051 
73052 
73053 
73054 
73055 
73056 
73057 
73058 
73059 
73060 
73061 
73062 
73063 
73064 
73065 
73066 
73067 
73068 
73069 
73070 
73071 
73072 
73073 
73074 
73075 
73076 
73077 
73078 
73079 
73080 
73081 
73082 
73083 
73084 
73085 
73086 
73087 
73088 
73089 
73090 
73091 
73092 
73093 
73094 
73095 
73096 
73097 
73098 
73099 
73100 
73101 
73102 
73103 
73104 
73105 
73106 
73107 
73108 
73109 
73110 
73111 
73112 
73113 
73114 
73115 
73116 
73117 
73118 
73119 
73120 
73121 
73122 
73123 
73124 
73125 
73126 
73127 
73128 
73129 
73130 
73131 
73132 
73133 
73134 
73135 
73136 
73137 
73138 
73139 
73140 
73141 
73142 
73143 
73144 
73145 
73146 
73147 
73148 
73149 
73150 
73151 
73152 
73153 
73154 
73155 
73156 
73157 
73158 
73159 
73160 
73161 
73162 
73163 
73164 
73165 
73166 
73167 
73168 
73169 
73170 
73171 
73172 
73173 
73174 
73175 
73176 
73177 
73178 
73179 
73180 
73181 
73182 
73183 
73184 
73185 
73186 
73187 
73188 
73189 
73190 
73191 
73192 
73193 
73194 
73195 
73196 
73197 
73198 
73199 
73200 
73201 
73202 
73203 
73204 
73205 
73206 
73207 
73208 
73209 
73210 
73211 
73212 
73213 
73214 
73215 
73216 
73217 
73218 
73219 
73220 
73221 
73222 
73223 
73224 
73225 
73226 
73227 
73228 
73229 
73230 
73231 
73232 
73233 
73234 
73235 
73236 
73237 
73238 
73239 
73240 
73241 
73242 
73243 
73244 
73245 
73246 
73247 
73248 
73249 
73250 
73251 
73252 
73253 
73254 
73255 
73256 
73257 
73258 
73259 
73260 
73261 
73262 
73263 
73264 
73265 
73266 
73267 
73268 
73269 
73270 
73271 
73272 
73273 
73274 
73275 
73276 
73277 
73278 
73279 
73280 
73281 
73282 
73283 
73284 
73285 
73286 
73287 
73288 
73289 
73290 
73291 
73292 
73293 
73294 
73295 
73296 
73297 
73298 
73299 
73300 
73301 
73302 
73303 
73304 
73305 
73306 
73307 
73308 
73309 
73310 
73311 
73312 
73313 
73314 
73315 
73316 
73317 
73318 
73319 
73320 
73321 
73322 
73323 
73324 
73325 
73326 
73327 
73328 
73329 
73330 
73331 
73332 
73333 
73334 
73335 
73336 
73337 
73338 
73339 
73340 
73341 
73342 
73343 
73344 
73345 
73346 
73347 
73348 
73349 
73350 
73351 
73352 
73353 
73354 
73355 
73356 
73357 
73358 
73359 
73360 
73361 
73362 
73363 
73364 
73365 
73366 
73367 
73368 
73369 
73370 
73371 
73372 
73373 
73374 
73375 
73376 
73377 
73378 
73379 
73380 
73381 
73382 
73383 
73384 
73385 
73386 
73387 
73388 
73389 
73390 
73391 
73392 
73393 
73394 
73395 
73396 
73397 
73398 
73399 
73400 
73401 
73402 
73403 
73404 
73405 
73406 
73407 
73408 
73409 
73410 
73411 
73412 
73413 
73414 
73415 
73416 
73417 
73418 
73419 
73420 
73421 
73422 
73423 
73424 
73425 
73426 
73427 
73428 
73429 
73430 
73431 
73432 
73433 
73434 
73435 
73436 
73437 
73438 
73439 
73440 
73441 
73442 
73443 
73444 
73445 
73446 
73447 
73448 
73449 
73450 
73451 
73452 
73453 
73454 
73455 
73456 
73457 
73458 
73459 
73460 
73461 
73462 
73463 
73464 
73465 
73466 
73467 
73468 
73469 
73470 
73471 
73472 
73473 
73474 
73475 
73476 
73477 
73478 
73479 
73480 
73481 
73482 
73483 
73484 
73485 
73486 
73487 
73488 
73489 
73490 
73491 
73492 
73493 
73494 
73495 
73496 
73497 
73498 
73499 
73500 
73501 
73502 
73503 
73504 
73505 
73506 
73507 
73508 
73509 
73510 
73511 
73512 
73513 
73514 
73515 
73516 
73517 
73518 
73519 
73520 
73521 
73522 
73523 
73524 
73525 
73526 
73527 
73528 
73529 
73530 
73531 
73532 
73533 
73534 
73535 
73536 
73537 
73538 
73539 
73540 
73541 
73542 
73543 
73544 
73545 
73546 
73547 
73548 
73549 
73550 
73551 
73552 
73553 
73554 
73555 
73556 
73557 
73558 
73559 
73560 
73561 
73562 
73563 
73564 
73565 
73566 
73567 
73568 
73569 
73570 
73571 
73572 
73573 
73574 
73575 
73576 
73577 
73578 
73579 
73580 
73581 
73582 
73583 
73584 
73585 
73586 
73587 
73588 
73589 
73590 
73591 
73592 
73593 
73594 
73595 
73596 
73597 
73598 
73599 
73600 
73601 
73602 
73603 
73604 
73605 
73606 
73607 
73608 
73609 
73610 
73611 
73612 
73613 
73614 
73615 
73616 
73617 
73618 
73619 
73620 
73621 
73622 
73623 
73624 
73625 
73626 
73627 
73628 
73629 
73630 
73631 
73632 
73633 
73634 
73635 
73636 
73637 
73638 
73639 
73640 
73641 
73642 
73643 
73644 
73645 
73646 
73647 
73648 
73649 
73650 
73651 
73652 
73653 
73654 
73655 
73656 
73657 
73658 
73659 
73660 
73661 
73662 
73663 
73664 
73665 
73666 
73667 
73668 
73669 
73670 
73671 
73672 
73673 
73674 
73675 
73676 
73677 
73678 
73679 
73680 
73681 
73682 
73683 
73684 
73685 
73686 
73687 
73688 
73689 
73690 
73691 
73692 
73693 
73694 
73695 
73696 
73697 
73698 
73699 
73700 
73701 
73702 
73703 
73704 
73705 
73706 
73707 
73708 
73709 
73710 
73711 
73712 
73713 
73714 
73715 
73716 
73717 
73718 
73719 
73720 
73721 
73722 
73723 
73724 
73725 
73726 
73727 
73728 
73729 
73730 
73731 
73732 
73733 
73734 
73735 
73736 
73737 
73738 
73739 
73740 
73741 
73742 
73743 
73744 
73745 
73746 
73747 
73748 
73749 
73750 
73751 
73752 
73753 
73754 
73755 
73756 
73757 
73758 
73759 
73760 
73761 
73762 
73763 
73764 
73765 
73766 
73767 
73768 
73769 
73770 
73771 
73772 
73773 
73774 
73775 
73776 
73777 
73778 
73779 
73780 
73781 
73782 
73783 
73784 
73785 
73786 
73787 
73788 
73789 
73790 
73791 
73792 
73793 
73794 
73795 
73796 
73797 
73798 
73799 
73800 
73801 
73802 
73803 
73804 
73805 
73806 
73807 
73808 
73809 
73810 
73811 
73812 
73813 
73814 
73815 
73816 
73817 
73818 
73819 
73820 
73821 
73822 
73823 
73824 
73825 
73826 
73827 
73828 
73829 
73830 
73831 
73832 
73833 
73834 
73835 
73836 
73837 
73838 
73839 
73840 
73841 
73842 
73843 
73844 
73845 
73846 
73847 
73848 
73849 
73850 
73851 
73852 
73853 
73854 
73855 
73856 
73857 
73858 
73859 
73860 
73861 
73862 
73863 
73864 
73865 
73866 
73867 
73868 
73869 
73870 
73871 
73872 
73873 
73874 
73875 
73876 
73877 
73878 
73879 
73880 
73881 
73882 
73883 
73884 
73885 
73886 
73887 
73888 
73889 
73890 
73891 
73892 
73893 
73894 
73895 
73896 
73897 
73898 
73899 
73900 
73901 
73902 
73903 
73904 
73905 
73906 
73907 
73908 
73909 
73910 
73911 
73912 
73913 
73914 
73915 
73916 
73917 
73918 
73919 
73920 
73921 
73922 
73923 
73924 
73925 
73926 
73927 
73928 
73929 
73930 
73931 
73932 
73933 
73934 
73935 
73936 
73937 
73938 
73939 
73940 
73941 
73942 
73943 
73944 
73945 
73946 
73947 
73948 
73949 
73950 
73951 
73952 
73953 
73954 
73955 
73956 
73957 
73958 
73959 
73960 
73961 
73962 
73963 
73964 
73965 
73966 
73967 
73968 
73969 
73970 
73971 
73972 
73973 
73974 
73975 
73976 
73977 
73978 
73979 
73980 
73981 
73982 
73983 
73984 
73985 
73986 
73987 
73988 
73989 
73990 
73991 
73992 
73993 
73994 
73995 
73996 
73997 
73998 
73999 
74000 
74001 
74002 
74003 
74004 
74005 
74006 
74007 
74008 
74009 
74010 
74011 
74012 
74013 
74014 
74015 
74016 
74017 
74018 
74019 
74020 
74021 
74022 
74023 
74024 
74025 
74026 
74027 
74028 
74029 
74030 
74031 
74032 
74033 
74034 
74035 
74036 
74037 
74038 
74039 
74040 
74041 
74042 
74043 
74044 
74045 
74046 
74047 
74048 
74049 
74050 
74051 
74052 
74053 
74054 
74055 
74056 
74057 
74058 
74059 
74060 
74061 
74062 
74063 
74064 
74065 
74066 
74067 
74068 
74069 
74070 
74071 
74072 
74073 
74074 
74075 
74076 
74077 
74078 
74079 
74080 
74081 
74082 
74083 
74084 
74085 
74086 
74087 
74088 
74089 
74090 
74091 
74092 
74093 
74094 
74095 
74096 
74097 
74098 
74099 
74100 
74101 
74102 
74103 
74104 
74105 
74106 
74107 
74108 
74109 
74110 
74111 
74112 
74113 
74114 
74115 
74116 
74117 
74118 
74119 
74120 
74121 
74122 
74123 
74124 
74125 
74126 
74127 
74128 
74129 
74130 
74131 
74132 
74133 
74134 
74135 
74136 
74137 
74138 
74139 
74140 
74141 
74142 
74143 
74144 
74145 
74146 
74147 
74148 
74149 
74150 
74151 
74152 
74153 
74154 
74155 
74156 
74157 
74158 
74159 
74160 
74161 
74162 
74163 
74164 
74165 
74166 
74167 
74168 
74169 
74170 
74171 
74172 
74173 
74174 
74175 
74176 
74177 
74178 
74179 
74180 
74181 
74182 
74183 
74184 
74185 
74186 
74187 
74188 
74189 
74190 
74191 
74192 
74193 
74194 
74195 
74196 
74197 
74198 
74199 
74200 
74201 
74202 
74203 
74204 
74205 
74206 
74207 
74208 
74209 
74210 
74211 
74212 
74213 
74214 
74215 
74216 
74217 
74218 
74219 
74220 
74221 
74222 
74223 
74224 
74225 
74226 
74227 
74228 
74229 
74230 
74231 
74232 
74233 
74234 
74235 
74236 
74237 
74238 
74239 
74240 
74241 
74242 
74243 
74244 
74245 
74246 
74247 
74248 
74249 
74250 
74251 
74252 
74253 
74254 
74255 
74256 
74257 
74258 
74259 
74260 
74261 
74262 
74263 
74264 
74265 
74266 
74267 
74268 
74269 
74270 
74271 
74272 
74273 
74274 
74275 
74276 
74277 
74278 
74279 
74280 
74281 
74282 
74283 
74284 
74285 
74286 
74287 
74288 
74289 
74290 
74291 
74292 
74293 
74294 
74295 
74296 
74297 
74298 
74299 
74300 
74301 
74302 
74303 
74304 
74305 
74306 
74307 
74308 
74309 
74310 
74311 
74312 
74313 
74314 
74315 
74316 
74317 
74318 
74319 
74320 
74321 
74322 
74323 
74324 
74325 
74326 
74327 
74328 
74329 
74330 
74331 
74332 
74333 
74334 
74335 
74336 
74337 
74338 
74339 
74340 
74341 
74342 
74343 
74344 
74345 
74346 
74347 
74348 
74349 
74350 
74351 
74352 
74353 
74354 
74355 
74356 
74357 
74358 
74359 
74360 
74361 
74362 
74363 
74364 
74365 
74366 
74367 
74368 
74369 
74370 
74371 
74372 
74373 
74374 
74375 
74376 
74377 
74378 
74379 
74380 
74381 
74382 
74383 
74384 
74385 
74386 
74387 
74388 
74389 
74390 
74391 
74392 
74393 
74394 
74395 
74396 
74397 
74398 
74399 
74400 
74401 
74402 
74403 
74404 
74405 
74406 
74407 
74408 
74409 
74410 
74411 
74412 
74413 
74414 
74415 
74416 
74417 
74418 
74419 
74420 
74421 
74422 
74423 
74424 
74425 
74426 
74427 
74428 
74429 
74430 
74431 
74432 
74433 
74434 
74435 
74436 
74437 
74438 
74439 
74440 
74441 
74442 
74443 
74444 
74445 
74446 
74447 
74448 
74449 
74450 
74451 
74452 
74453 
74454 
74455 
74456 
74457 
74458 
74459 
74460 
74461 
74462 
74463 
74464 
74465 
74466 
74467 
74468 
74469 
74470 
74471 
74472 
74473 
74474 
74475 
74476 
74477 
74478 
74479 
74480 
74481 
74482 
74483 
74484 
74485 
74486 
74487 
74488 
74489 
74490 
74491 
74492 
74493 
74494 
74495 
74496 
74497 
74498 
74499 
74500 
74501 
74502 
74503 
74504 
74505 
74506 
74507 
74508 
74509 
74510 
74511 
74512 
74513 
74514 
74515 
74516 
74517 
74518 
74519 
74520 
74521 
74522 
74523 
74524 
74525 
74526 
74527 
74528 
74529 
74530 
74531 
74532 
74533 
74534 
74535 
74536 
74537 
74538 
74539 
74540 
74541 
74542 
74543 
74544 
74545 
74546 
74547 
74548 
74549 
74550 
74551 
74552 
74553 
74554 
74555 
74556 
74557 
74558 
74559 
74560 
74561 
74562 
74563 
74564 
74565 
74566 
74567 
74568 
74569 
74570 
74571 
74572 
74573 
74574 
74575 
74576 
74577 
74578 
74579 
74580 
74581 
74582 
74583 
74584 
74585 
74586 
74587 
74588 
74589 
74590 
74591 
74592 
74593 
74594 
74595 
74596 
74597 
74598 
74599 
74600 
74601 
74602 
74603 
74604 
74605 
74606 
74607 
74608 
74609 
74610 
74611 
74612 
74613 
74614 
74615 
74616 
74617 
74618 
74619 
74620 
74621 
74622 
74623 
74624 
74625 
74626 
74627 
74628 
74629 
74630 
74631 
74632 
74633 
74634 
74635 
74636 
74637 
74638 
74639 
74640 
74641 
74642 
74643 
74644 
74645 
74646 
74647 
74648 
74649 
74650 
74651 
74652 
74653 
74654 
74655 
74656 
74657 
74658 
74659 
74660 
74661 
74662 
74663 
74664 
74665 
74666 
74667 
74668 
74669 
74670 
74671 
74672 
74673 
74674 
74675 
74676 
74677 
74678 
74679 
74680 
74681 
74682 
74683 
74684 
74685 
74686 
74687 
74688 
74689 
74690 
74691 
74692 
74693 
74694 
74695 
74696 
74697 
74698 
74699 
74700 
74701 
74702 
74703 
74704 
74705 
74706 
74707 
74708 
74709 
74710 
74711 
74712 
74713 
74714 
74715 
74716 
74717 
74718 
74719 
74720 
74721 
74722 
74723 
74724 
74725 
74726 
74727 
74728 
74729 
74730 
74731 
74732 
74733 
74734 
74735 
74736 
74737 
74738 
74739 
74740 
74741 
74742 
74743 
74744 
74745 
74746 
74747 
74748 
74749 
74750 
74751 
74752 
74753 
74754 
74755 
74756 
74757 
74758 
74759 
74760 
74761 
74762 
74763 
74764 
74765 
74766 
74767 
74768 
74769 
74770 
74771 
74772 
74773 
74774 
74775 
74776 
74777 
74778 
74779 
74780 
74781 
74782 
74783 
74784 
74785 
74786 
74787 
74788 
74789 
74790 
74791 
74792 
74793 
74794 
74795 
74796 
74797 
74798 
74799 
74800 
74801 
74802 
74803 
74804 
74805 
74806 
74807 
74808 
74809 
74810 
74811 
74812 
74813 
74814 
74815 
74816 
74817 
74818 
74819 
74820 
74821 
74822 
74823 
74824 
74825 
74826 
74827 
74828 
74829 
74830 
74831 
74832 
74833 
74834 
74835 
74836 
74837 
74838 
74839 
74840 
74841 
74842 
74843 
74844 
74845 
74846 
74847 
74848 
74849 
74850 
74851 
74852 
74853 
74854 
74855 
74856 
74857 
74858 
74859 
74860 
74861 
74862 
74863 
74864 
74865 
74866 
74867 
74868 
74869 
74870 
74871 
74872 
74873 
74874 
74875 
74876 
74877 
74878 
74879 
74880 
74881 
74882 
74883 
74884 
74885 
74886 
74887 
74888 
74889 
74890 
74891 
74892 
74893 
74894 
74895 
74896 
74897 
74898 
74899 
74900 
74901 
74902 
74903 
74904 
74905 
74906 
74907 
74908 
74909 
74910 
74911 
74912 
74913 
74914 
74915 
74916 
74917 
74918 
74919 
74920 
74921 
74922 
74923 
74924 
74925 
74926 
74927 
74928 
74929 
74930 
74931 
74932 
74933 
74934 
74935 
74936 
74937 
74938 
74939 
74940 
74941 
74942 
74943 
74944 
74945 
74946 
74947 
74948 
74949 
74950 
74951 
74952 
74953 
74954 
74955 
74956 
74957 
74958 
74959 
74960 
74961 
74962 
74963 
74964 
74965 
74966 
74967 
74968 
74969 
74970 
74971 
74972 
74973 
74974 
74975 
74976 
74977 
74978 
74979 
74980 
74981 
74982 
74983 
74984 
74985 
74986 
74987 
74988 
74989 
74990 
74991 
74992 
74993 
74994 
74995 
74996 
74997 
74998 
74999 
75000 
75001 
75002 
75003 
75004 
75005 
75006 
75007 
75008 
75009 
75010 
75011 
75012 
75013 
75014 
75015 
75016 
75017 
75018 
75019 
75020 
75021 
75022 
75023 
75024 
75025 
75026 
75027 
75028 
75029 
75030 
75031 
75032 
75033 
75034 
75035 
75036 
75037 
75038 
75039 
75040 
75041 
75042 
75043 
75044 
75045 
75046 
75047 
75048 
75049 
75050 
75051 
75052 
75053 
75054 
75055 
75056 
75057 
75058 
75059 
75060 
75061 
75062 
75063 
75064 
75065 
75066 
75067 
75068 
75069 
75070 
75071 
75072 
75073 
75074 
75075 
75076 
75077 
75078 
75079 
75080 
75081 
75082 
75083 
75084 
75085 
75086 
75087 
75088 
75089 
75090 
75091 
75092 
75093 
75094 
75095 
75096 
75097 
75098 
75099 
75100 
75101 
75102 
75103 
75104 
75105 
75106 
75107 
75108 
75109 
75110 
75111 
75112 
75113 
75114 
75115 
75116 
75117 
75118 
75119 
75120 
75121 
75122 
75123 
75124 
75125 
75126 
75127 
75128 
75129 
75130 
75131 
75132 
75133 
75134 
75135 
75136 
75137 
75138 
75139 
75140 
75141 
75142 
75143 
75144 
75145 
75146 
75147 
75148 
75149 
75150 
75151 
75152 
75153 
75154 
75155 
75156 
75157 
75158 
75159 
75160 
75161 
75162 
75163 
75164 
75165 
75166 
75167 
75168 
75169 
75170 
75171 
75172 
75173 
75174 
75175 
75176 
75177 
75178 
75179 
75180 
75181 
75182 
75183 
75184 
75185 
75186 
75187 
75188 
75189 
75190 
75191 
75192 
75193 
75194 
75195 
75196 
75197 
75198 
75199 
75200 
75201 
75202 
75203 
75204 
75205 
75206 
75207 
75208 
75209 
75210 
75211 
75212 
75213 
75214 
75215 
75216 
75217 
75218 
75219 
75220 
75221 
75222 
75223 
75224 
75225 
75226 
75227 
75228 
75229 
75230 
75231 
75232 
75233 
75234 
75235 
75236 
75237 
75238 
75239 
75240 
75241 
75242 
75243 
75244 
75245 
75246 
75247 
75248 
75249 
75250 
75251 
75252 
75253 
75254 
75255 
75256 
75257 
75258 
75259 
75260 
75261 
75262 
75263 
75264 
75265 
75266 
75267 
75268 
75269 
75270 
75271 
75272 
75273 
75274 
75275 
75276 
75277 
75278 
75279 
75280 
75281 
75282 
75283 
75284 
75285 
75286 
75287 
75288 
75289 
75290 
75291 
75292 
75293 
75294 
75295 
75296 
75297 
75298 
75299 
75300 
75301 
75302 
75303 
75304 
75305 
75306 
75307 
75308 
75309 
75310 
75311 
75312 
75313 
75314 
75315 
75316 
75317 
75318 
75319 
75320 
75321 
75322 
75323 
75324 
75325 
75326 
75327 
75328 
75329 
75330 
75331 
75332 
75333 
75334 
75335 
75336 
75337 
75338 
75339 
75340 
75341 
75342 
75343 
75344 
75345 
75346 
75347 
75348 
75349 
75350 
75351 
75352 
75353 
75354 
75355 
75356 
75357 
75358 
75359 
75360 
75361 
75362 
75363 
75364 
75365 
75366 
75367 
75368 
75369 
75370 
75371 
75372 
75373 
75374 
75375 
75376 
75377 
75378 
75379 
75380 
75381 
75382 
75383 
75384 
75385 
75386 
75387 
75388 
75389 
75390 
75391 
75392 
75393 
75394 
75395 
75396 
75397 
75398 
75399 
75400 
75401 
75402 
75403 
75404 
75405 
75406 
75407 
75408 
75409 
75410 
75411 
75412 
75413 
75414 
75415 
75416 
75417 
75418 
75419 
75420 
75421 
75422 
75423 
75424 
75425 
75426 
75427 
75428 
75429 
75430 
75431 
75432 
75433 
75434 
75435 
75436 
75437 
75438 
75439 
75440 
75441 
75442 
75443 
75444 
75445 
75446 
75447 
75448 
75449 
75450 
75451 
75452 
75453 
75454 
75455 
75456 
75457 
75458 
75459 
75460 
75461 
75462 
75463 
75464 
75465 
75466 
75467 
75468 
75469 
75470 
75471 
75472 
75473 
75474 
75475 
75476 
75477 
75478 
75479 
75480 
75481 
75482 
75483 
75484 
75485 
75486 
75487 
75488 
75489 
75490 
75491 
75492 
75493 
75494 
75495 
75496 
75497 
75498 
75499 
75500 
75501 
75502 
75503 
75504 
75505 
75506 
75507 
75508 
75509 
75510 
75511 
75512 
75513 
75514 
75515 
75516 
75517 
75518 
75519 
75520 
75521 
75522 
75523 
75524 
75525 
75526 
75527 
75528 
75529 
75530 
75531 
75532 
75533 
75534 
75535 
75536 
75537 
75538 
75539 
75540 
75541 
75542 
75543 
75544 
75545 
75546 
75547 
75548 
75549 
75550 
75551 
75552 
75553 
75554 
75555 
75556 
75557 
75558 
75559 
75560 
75561 
75562 
75563 
75564 
75565 
75566 
75567 
75568 
75569 
75570 
75571 
75572 
75573 
75574 
75575 
75576 
75577 
75578 
75579 
75580 
75581 
75582 
75583 
75584 
75585 
75586 
75587 
75588 
75589 
75590 
75591 
75592 
75593 
75594 
75595 
75596 
75597 
75598 
75599 
78840 
78841 
78842 
78843 
78844 
78845 
78846 
78847 
78848 
78849 
78850 
78851 
78852 
78853 
78854 
78855 
78856 
78857 
78858 
78859 
78860 
78861 
78862 
78863 
78864 
78865 
78866 
78867 
78868 
78869 
78870 
78871 
78872 
78873 
78874 
78875 
78876 
78877 
78878 
78879 
78880 
78881 
78882 
78883 
78884 
78885 
78886 
78887 
78888 
78889 
78890 
78891 
78892 
78893 
78894 
78895 
78896 
78897 
78898 
78899 
78900 
78901 
78902 
78903 
78904 
78905 
78906 
78907 
78908 
78909 
78910 
78911 
78912 
78913 
78914 
78915 
78916 
78917 
78918 
78919 
78920 
78921 
78922 
78923 
78924 
78925 
78926 
78927 
78928 
78929 
78930 
78931 
78932 
78933 
78934 
78935 
78936 
78937 
78938 
78939 
78940 
78941 
78942 
78943 
78944 
78945 
78946 
78947 
78948 
78949 
78950 
78951 
78952 
78953 
78954 
78955 
78956 
78957 
78958 
78959 
78960 
78961 
78962 
78963 
78964 
78965 
78966 
78967 
78968 
78969 
78970 
78971 
78972 
78973 
78974 
78975 
78976 
78977 
78978 
78979 
78980 
78981 
78982 
78983 
78984 
78985 
78986 
78987 
78988 
78989 
78990 
78991 
78992 
78993 
78994 
78995 
78996 
78997 
78998 
78999 
79000 
79001 
79002 
79003 
79004 
79005 
79006 
79007 
79008 
79009 
79010 
79011 
79012 
79013 
79014 
79015 
79016 
79017 
79018 
79019 
79020 
79021 
79022 
79023 
79024 
79025 
79026 
79027 
79028 
79029 
79030 
79031 
79032 
79033 
79034 
79035 
79036 
79037 
79038 
79039 
79040 
79041 
79042 
79043 
79044 
79045 
79046 
79047 
79048 
79049 
79050 
79051 
79052 
79053 
79054 
79055 
79056 
79057 
79058 
79059 
79060 
79061 
79062 
79063 
79064 
79065 
79066 
79067 
79068 
79069 
79070 
79071 
79072 
79073 
79074 
79075 
79076 
79077 
79078 
79079 
79080 
79081 
79082 
79083 
79084 
79085 
79086 
79087 
79088 
79089 
79090 
79091 
79092 
79093 
79094 
79095 
79096 
79097 
79098 
79099 
79100 
79101 
79102 
79103 
79104 
79105 
79106 
79107 
79108 
79109 
79110 
79111 
79112 
79113 
79114 
79115 
79116 
79117 
79118 
79119 
79120 
79121 
79122 
79123 
79124 
79125 
79126 
79127 
79128 
79129 
79130 
79131 
79132 
79133 
79134 
79135 
79136 
79137 
79138 
79139 
79140 
79141 
79142 
79143 
79144 
79145 
79146 
79147 
79148 
79149 
79150 
79151 
79152 
79153 
79154 
79155 
79156 
79157 
79158 
79159 
79160 
79161 
79162 
79163 
79164 
79165 
79166 
79167 
79168 
79169 
79170 
79171 
79172 
79173 
79174 
79175 
79176 
79177 
79178 
79179 
79180 
79181 
79182 
79183 
79184 
79185 
79186 
79187 
79188 
79189 
79190 
79191 
79192 
79193 
79194 
79195 
79196 
79197 
79198 
79199 
79200 
79201 
79202 
79203 
79204 
79205 
79206 
79207 
79208 
79209 
79210 
79211 
79212 
79213 
79214 
79215 
79216 
79217 
79218 
79219 
79220 
79221 
79222 
79223 
79224 
79225 
79226 
79227 
79228 
79229 
79230 
79231 
79232 
79233 
79234 
79235 
79236 
79237 
79238 
79239 
79240 
79241 
79242 
79243 
79244 
79245 
79246 
79247 
79248 
79249 
79250 
79251 
79252 
79253 
79254 
79255 
79256 
79257 
79258 
79259 
79260 
79261 
79262 
79263 
79264 
79265 
79266 
79267 
79268 
79269 
79270 
79271 
79272 
79273 
79274 
79275 
79276 
79277 
79278 
79279 
79280 
79281 
79282 
79283 
79284 
79285 
79286 
79287 
79288 
79289 
79290 
79291 
79292 
79293 
79294 
79295 
79296 
79297 
79298 
79299 
79300 
79301 
79302 
79303 
79304 
79305 
79306 
79307 
79308 
79309 
79310 
79311 
79312 
79313 
79314 
79315 
79316 
79317 
79318 
79319 
79320 
79321 
79322 
79323 
79324 
79325 
79326 
79327 
79328 
79329 
79330 
79331 
79332 
79333 
79334 
79335 
79336 
79337 
79338 
79339 
79340 
79341 
79342 
79343 
79344 
79345 
79346 
79347 
79348 
79349 
79350 
79351 
79352 
79353 
79354 
79355 
79356 
79357 
79358 
79359 
79360 
79361 
79362 
79363 
79364 
79365 
79366 
79367 
79368 
79369 
79370 
79371 
79372 
79373 
79374 
79375 
79376 
79377 
79378 
79379 
79380 
79381 
79382 
79383 
79384 
79385 
79386 
79387 
79388 
79389 
79390 
79391 
79392 
79393 
79394 
79395 
79396 
79397 
79398 
79399 
79400 
79401 
79402 
79403 
79404 
79405 
79406 
79407 
79408 
79409 
79410 
79411 
79412 
79413 
79414 
79415 
79416 
79417 
79418 
79419 
79420 
79421 
79422 
79423 
79424 
79425 
79426 
79427 
79428 
79429 
79430 
79431 
79432 
79433 
79434 
79435 
79436 
79437 
79438 
79439 
79440 
79441 
79442 
79443 
79444 
79445 
79446 
79447 
79448 
79449 
79450 
79451 
79452 
79453 
79454 
79455 
79456 
79457 
79458 
79459 
79460 
79461 
79462 
79463 
79464 
79465 
79466 
79467 
79468 
79469 
79470 
79471 
79472 
79473 
79474 
79475 
79476 
79477 
79478 
79479 
79480 
79481 
79482 
79483 
79484 
79485 
79486 
79487 
79488 
79489 
79490 
79491 
79492 
79493 
79494 
79495 
79496 
79497 
79498 
79499 
79500 
79501 
79502 
79503 
79504 
79505 
79506 
79507 
79508 
79509 
79510 
79511 
79512 
79513 
79514 
79515 
79516 
79517 
79518 
79519 
79520 
79521 
79522 
79523 
79524 
79525 
79526 
79527 
79528 
79529 
79530 
79531 
79532 
79533 
79534 
79535 
79536 
79537 
79538 
79539 
79540 
79541 
79542 
79543 
79544 
79545 
79546 
79547 
79548 
79549 
79550 
79551 
79552 
79553 
79554 
79555 
79556 
79557 
79558 
79559 
79560 
79561 
79562 
79563 
79564 
79565 
79566 
79567 
79568 
79569 
79570 
79571 
79572 
79573 
79574 
79575 
79576 
79577 
79578 
79579 
79580 
79581 
79582 
79583 
79584 
79585 
79586 
79587 
79588 
79589 
79590 
79591 
79592 
79593 
79594 
79595 
79596 
79597 
79598 
79599 
79600 
79601 
79602 
79603 
79604 
79605 
79606 
79607 
79608 
79609 
79610 
79611 
79612 
79613 
79614 
79615 
79616 
79617 
79618 
79619 
79620 
79621 
79622 
79623 
79624 
79625 
79626 
79627 
79628 
79629 
79630 
79631 
79632 
79633 
79634 
79635 
79636 
79637 
79638 
79639 
79640 
79641 
79642 
79643 
79644 
79645 
79646 
79647 
79648 
79649 
79650 
79651 
79652 
79653 
79654 
79655 
79656 
79657 
79658 
79659 
79660 
79661 
79662 
79663 
79664 
79665 
79666 
79667 
79668 
79669 
79670 
79671 
79672 
79673 
79674 
79675 
79676 
79677 
79678 
79679 
79680 
79681 
79682 
79683 
79684 
79685 
79686 
79687 
79688 
79689 
79690 
79691 
79692 
79693 
79694 
79695 
79696 
79697 
79698 
79699 
79700 
79701 
79702 
79703 
79704 
79705 
79706 
79707 
79708 
79709 
79710 
79711 
79712 
79713 
79714 
79715 
79716 
79717 
79718 
79719 
79720 
79721 
79722 
79723 
79724 
79725 
79726 
79727 
79728 
79729 
79730 
79731 
79732 
79733 
79734 
79735 
79736 
79737 
79738 
79739 
79740 
79741 
79742 
79743 
79744 
79745 
79746 
79747 
79748 
79749 
79750 
79751 
79752 
79753 
79754 
79755 
79756 
79757 
79758 
79759 
79760 
79761 
79762 
79763 
79764 
79765 
79766 
79767 
79768 
79769 
79770 
79771 
79772 
79773 
79774 
79775 
79776 
79777 
79778 
79779 
79780 
79781 
79782 
79783 
79784 
79785 
79786 
79787 
79788 
79789 
79790 
79791 
79792 
79793 
79794 
79795 
79796 
79797 
79798 
79799 
79800 
79801 
79802 
79803 
79804 
79805 
79806 
79807 
79808 
79809 
79810 
79811 
79812 
79813 
79814 
79815 
79816 
79817 
79818 
79819 
79820 
79821 
79822 
79823 
79824 
79825 
79826 
79827 
79828 
79829 
79830 
79831 
79832 
79833 
79834 
79835 
79836 
79837 
79838 
79839 
79840 
79841 
79842 
79843 
79844 
79845 
79846 
79847 
79848 
79849 
79850 
79851 
79852 
79853 
79854 
79855 
79856 
79857 
79858 
79859 
79860 
79861 
79862 
79863 
79864 
79865 
79866 
79867 
79868 
79869 
79870 
79871 
79872 
79873 
79874 
79875 
79876 
79877 
79878 
79879 
79880 
79881 
79882 
79883 
79884 
79885 
79886 
79887 
79888 
79889 
79890 
79891 
79892 
79893 
79894 
79895 
79896 
79897 
79898 
79899 
79900 
79901 
79902 
79903 
79904 
79905 
79906 
79907 
79908 
79909 
79910 
79911 
79912 
79913 
79914 
79915 
79916 
79917 
79918 
79919 
79920 
79921 
79922 
79923 
79924 
79925 
79926 
79927 
79928 
79929 
79930 
79931 
79932 
79933 
79934 
79935 
79936 
79937 
79938 
79939 
79940 
79941 
79942 
79943 
79944 
79945 
79946 
79947 
79948 
79949 
79950 
79951 
79952 
79953 
79954 
79955 
79956 
79957 
79958 
79959 
79960 
79961 
79962 
79963 
79964 
79965 
79966 
79967 
79968 
79969 
79970 
79971 
79972 
79973 
79974 
79975 
79976 
79977 
79978 
79979 
79980 
79981 
79982 
79983 
79984 
79985 
79986 
79987 
79988 
79989 
79990 
79991 
79992 
79993 
79994 
79995 
79996 
79997 
79998 
79999 
80000 
80001 
80002 
80003 
80004 
80005 
80006 
80007 
80008 
80009 
80010 
80011 
80012 
80013 
80014 
80015 
80016 
80017 
80018 
80019 
80020 
80021 
80022 
80023 
80024 
80025 
80026 
80027 
80028 
80029 
80030 
80031 
80032 
80033 
80034 
80035 
80036 
80037 
80038 
80039 
80040 
80041 
80042 
80043 
80044 
80045 
80046 
80047 
80048 
80049 
80050 
80051 
80052 
80053 
80054 
80055 
80056 
80057 
80058 
80059 
80060 
80061 
80062 
80063 
80064 
80065 
80066 
80067 
80068 
80069 
80070 
80071 
80072 
80073 
80074 
80075 
80076 
80077 
80078 
80079 
80080 
80081 
80082 
80083 
80084 
80085 
80086 
80087 
80088 
80089 
80090 
80091 
80092 
80093 
80094 
80095 
80096 
80097 
80098 
80099 
80100 
80101 
80102 
80103 
80104 
80105 
80106 
80107 
80108 
80109 
80110 
80111 
80112 
80113 
80114 
80115 
80116 
80117 
80118 
80119 
80120 
80121 
80122 
80123 
80124 
80125 
80126 
80127 
80128 
80129 
80130 
80131 
80132 
80133 
80134 
80135 
80136 
80137 
80138 
80139 
80140 
80141 
80142 
80143 
80144 
80145 
80146 
80147 
80148 
80149 
80150 
80151 
80152 
80153 
80154 
80155 
80156 
80157 
80158 
80159 
80160 
80161 
80162 
80163 
80164 
80165 
80166 
80167 
80168 
80169 
80170 
80171 
80172 
80173 
80174 
80175 
80176 
80177 
80178 
80179 
80180 
80181 
80182 
80183 
80184 
80185 
80186 
80187 
80188 
80189 
80190 
80191 
80192 
80193 
80194 
80195 
80196 
80197 
80198 
80199 
80200 
80201 
80202 
80203 
80204 
80205 
80206 
80207 
80208 
80209 
80210 
80211 
80212 
80213 
80214 
80215 
80216 
80217 
80218 
80219 
80220 
80221 
80222 
80223 
80224 
80225 
80226 
80227 
80228 
80229 
80230 
80231 
80232 
80233 
80234 
80235 
80236 
80237 
80238 
80239 
80240 
80241 
80242 
80243 
80244 
80245 
80246 
80247 
80248 
80249 
80250 
80251 
80252 
80253 
80254 
80255 
80256 
80257 
80258 
80259 
80260 
80261 
80262 
80263 
80264 
80265 
80266 
80267 
80268 
80269 
80270 
80271 
80272 
80273 
80274 
80275 
80276 
80277 
80278 
80279 
80280 
80281 
80282 
80283 
80284 
80285 
80286 
80287 
80288 
80289 
80290 
80291 
80292 
80293 
80294 
80295 
80296 
80297 
80298 
80299 
80300 
80301 
80302 
80303 
80304 
80305 
80306 
80307 
80308 
80309 
80310 
80311 
80312 
80313 
80314 
80315 
80316 
80317 
80318 
80319 
80320 
80321 
80322 
80323 
80324 
80325 
80326 
80327 
80328 
80329 
80330 
80331 
80332 
80333 
80334 
80335 
80336 
80337 
80338 
80339 
80340 
80341 
80342 
80343 
80344 
80345 
80346 
80347 
80348 
80349 
80350 
80351 
80352 
80353 
80354 
80355 
80356 
80357 
80358 
80359 
80360 
80361 
80362 
80363 
80364 
80365 
80366 
80367 
80368 
80369 
80370 
80371 
80372 
80373 
80374 
80375 
80376 
80377 
80378 
80379 
80380 
80381 
80382 
80383 
80384 
80385 
80386 
80387 
80388 
80389 
80390 
80391 
80392 
80393 
80394 
80395 
80396 
80397 
80398 
80399 
80400 
80401 
80402 
80403 
80404 
80405 
80406 
80407 
80408 
80409 
80410 
80411 
80412 
80413 
80414 
80415 
80416 
80417 
80418 
80419 
80420 
80421 
80422 
80423 
80424 
80425 
80426 
80427 
80428 
80429 
80430 
80431 
80432 
80433 
80434 
80435 
80436 
80437 
80438 
80439 
80440 
80441 
80442 
80443 
80444 
80445 
80446 
80447 
80448 
80449 
80450 
80451 
80452 
80453 
80454 
80455 
80456 
80457 
80458 
80459 
80460 
80461 
80462 
80463 
80464 
80465 
80466 
80467 
80468 
80469 
80470 
80471 
80472 
80473 
80474 
80475 
80476 
80477 
80478 
80479 
80480 
80481 
80482 
80483 
80484 
80485 
80486 
80487 
80488 
80489 
80490 
80491 
80492 
80493 
80494 
80495 
80496 
80497 
80498 
80499 
80500 
80501 
80502 
80503 
80504 
80505 
80506 
80507 
80508 
80509 
80510 
80511 
80512 
80513 
80514 
80515 
80516 
80517 
80518 
80519 
80520 
80521 
80522 
80523 
80524 
80525 
80526 
80527 
80528 
80529 
80530 
80531 
80532 
80533 
80534 
80535 
80536 
80537 
80538 
80539 
80540 
80541 
80542 
80543 
80544 
80545 
80546 
80547 
80548 
80549 
80550 
80551 
80552 
80553 
80554 
80555 
80556 
80557 
80558 
80559 
80560 
80561 
80562 
80563 
80564 
80565 
80566 
80567 
80568 
80569 
80570 
80571 
80572 
80573 
80574 
80575 
80576 
80577 
80578 
80579 
80580 
80581 
80582 
80583 
80584 
80585 
80586 
80587 
80588 
80589 
80590 
80591 
80592 
80593 
80594 
80595 
80596 
80597 
80598 
80599 
80600 
80601 
80602 
80603 
80604 
80605 
80606 
80607 
80608 
80609 
80610 
80611 
80612 
80613 
80614 
80615 
80616 
80617 
80618 
80619 
80620 
80621 
80622 
80623 
80624 
80625 
80626 
80627 
80628 
80629 
80630 
80631 
80632 
80633 
80634 
80635 
80636 
80637 
80638 
80639 
80640 
80641 
80642 
80643 
80644 
80645 
80646 
80647 
80648 
80649 
80650 
80651 
80652 
80653 
80654 
80655 
80656 
80657 
80658 
80659 
80660 
80661 
80662 
80663 
80664 
80665 
80666 
80667 
80668 
80669 
80670 
80671 
80672 
80673 
80674 
80675 
80676 
80677 
80678 
80679 
80680 
80681 
80682 
80683 
80684 
80685 
80686 
80687 
80688 
80689 
80690 
80691 
80692 
80693 
80694 
80695 
80696 
80697 
80698 
80699 
80700 
80701 
80702 
80703 
80704 
80705 
80706 
80707 
80708 
80709 
80710 
80711 
80712 
80713 
80714 
80715 
80716 
80717 
80718 
80719 
80720 
80721 
80722 
80723 
80724 
80725 
80726 
80727 
80728 
80729 
80730 
80731 
80732 
80733 
80734 
80735 
80736 
80737 
80738 
80739 
80740 
80741 
80742 
80743 
80744 
80745 
80746 
80747 
80748 
80749 
80750 
80751 
80752 
80753 
80754 
80755 
80756 
80757 
80758 
80759 
80760 
80761 
80762 
80763 
80764 
80765 
80766 
80767 
80768 
80769 
80770 
80771 
80772 
80773 
80774 
80775 
80776 
80777 
80778 
80779 
80780 
80781 
80782 
80783 
80784 
80785 
80786 
80787 
80788 
80789 
80790 
80791 
80792 
80793 
80794 
80795 
80796 
80797 
80798 
80799 
80800 
80801 
80802 
80803 
80804 
80805 
80806 
80807 
80808 
80809 
80810 
80811 
80812 
80813 
80814 
80815 
80816 
80817 
80818 
80819 
80820 
80821 
80822 
80823 
80824 
80825 
80826 
80827 
80828 
80829 
80830 
80831 
80832 
80833 
80834 
80835 
80836 
80837 
80838 
80839 
80840 
80841 
80842 
80843 
80844 
80845 
80846 
80847 
80848 
80849 
80850 
80851 
80852 
80853 
80854 
80855 
80856 
80857 
80858 
80859 
80860 
80861 
80862 
80863 
80864 
80865 
80866 
80867 
80868 
80869 
80870 
80871 
80872 
80873 
80874 
80875 
80876 
80877 
80878 
80879 
80880 
80881 
80882 
80883 
80884 
80885 
80886 
80887 
80888 
80889 
80890 
80891 
80892 
80893 
80894 
80895 
80896 
80897 
80898 
80899 
80900 
80901 
80902 
80903 
80904 
80905 
80906 
80907 
80908 
80909 
80910 
80911 
80912 
80913 
80914 
80915 
80916 
80917 
80918 
80919 
80920 
80921 
80922 
80923 
80924 
80925 
80926 
80927 
80928 
80929 
80930 
80931 
80932 
80933 
80934 
80935 
80936 
80937 
80938 
80939 
80940 
80941 
80942 
80943 
80944 
80945 
80946 
80947 
80948 
80949 
80950 
80951 
80952 
80953 
80954 
80955 
80956 
80957 
80958 
80959 
80960 
80961 
80962 
80963 
80964 
80965 
80966 
80967 
80968 
80969 
80970 
80971 
80972 
80973 
80974 
80975 
80976 
80977 
80978 
80979 
80980 
80981 
80982 
80983 
80984 
80985 
80986 
80987 
80988 
80989 
80990 
80991 
80992 
80993 
80994 
80995 
80996 
80997 
80998 
80999 
81000 
81001 
81002 
81003 
81004 
81005 
81006 
81007 
81008 
81009 
81010 
81011 
81012 
81013 
81014 
81015 
81016 
81017 
81018 
81019 
81020 
81021 
81022 
81023 
81024 
81025 
81026 
81027 
81028 
81029 
81030 
81031 
81032 
81033 
81034 
81035 
81036 
81037 
81038 
81039 
81040 
81041 
81042 
81043 
81044 
81045 
81046 
81047 
81048 
81049 
81050 
81051 
81052 
81053 
81054 
81055 
81056 
81057 
81058 
81059 
81060 
81061 
81062 
81063 
81064 
81065 
81066 
81067 
81068 
81069 
81070 
81071 
81072 
81073 
81074 
81075 
81076 
81077 
81078 
81079 
81080 
81081 
81082 
81083 
81084 
81085 
81086 
81087 
81088 
81089 
81090 
81091 
81092 
81093 
81094 
81095 
81096 
81097 
81098 
81099 
81100 
81101 
81102 
81103 
81104 
81105 
81106 
81107 
81108 
81109 
81110 
81111 
81112 
81113 
81114 
81115 
81116 
81117 
81118 
81119 
81120 
81121 
81122 
81123 
81124 
81125 
81126 
81127 
81128 
81129 
81130 
81131 
81132 
81133 
81134 
81135 
81136 
81137 
81138 
81139 
81140 
81141 
81142 
81143 
81144 
81145 
81146 
81147 
81148 
81149 
81150 
81151 
81152 
81153 
81154 
81155 
81156 
81157 
81158 
81159 
81160 
81161 
81162 
81163 
81164 
81165 
81166 
81167 
81168 
81169 
81170 
81171 
81172 
81173 
81174 
81175 
81176 
81177 
81178 
81179 
81180 
81181 
81182 
81183 
81184 
81185 
81186 
81187 
81188 
81189 
81190 
81191 
81192 
81193 
81194 
81195 
81196 
81197 
81198 
81199 
81200 
81201 
81202 
81203 
81204 
81205 
81206 
81207 
81208 
81209 
81210 
81211 
81212 
81213 
81214 
81215 
81216 
81217 
81218 
81219 
81220 
81221 
81222 
81223 
81224 
81225 
81226 
81227 
81228 
81229 
81230 
81231 
81232 
81233 
81234 
81235 
81236 
81237 
81238 
81239 
81240 
81241 
81242 
81243 
81244 
81245 
81246 
81247 
81248 
81249 
81250 
81251 
81252 
81253 
81254 
81255 
81256 
81257 
81258 
81259 
81260 
81261 
81262 
81263 
81264 
81265 
81266 
81267 
81268 
81269 
81270 
81271 
81272 
81273 
81274 
81275 
81276 
81277 
81278 
81279 
81280 
81281 
81282 
81283 
81284 
81285 
81286 
81287 
81288 
81289 
81290 
81291 
81292 
81293 
81294 
81295 
81296 
81297 
81298 
81299 
81300 
81301 
81302 
81303 
81304 
81305 
81306 
81307 
81308 
81309 
81310 
81311 
81312 
81313 
81314 
81315 
81316 
81317 
81318 
81319 
81320 
81321 
81322 
81323 
81324 
81325 
81326 
81327 
81328 
81329 
81330 
81331 
81332 
81333 
81334 
81335 
81336 
81337 
81338 
81339 
81340 
81341 
81342 
81343 
81344 
81345 
81346 
81347 
81348 
81349 
81350 
81351 
81352 
81353 
81354 
81355 
81356 
81357 
81358 
81359 
81360 
81361 
81362 
81363 
81364 
81365 
81366 
81367 
81368 
81369 
81370 
81371 
81372 
81373 
81374 
81375 
81376 
81377 
81378 
81379 
81380 
81381 
81382 
81383 
81384 
81385 
81386 
81387 
81388 
81389 
81390 
81391 
81392 
81393 
81394 
81395 
81396 
81397 
81398 
81399 
81400 
81401 
81402 
81403 
81404 
81405 
81406 
81407 
81408 
81409 
81410 
81411 
81412 
81413 
81414 
81415 
81416 
81417 
81418 
81419 
81420 
81421 
81422 
81423 
81424 
81425 
81426 
81427 
81428 
81429 
81430 
81431 
81432 
81433 
81434 
81435 
81436 
81437 
81438 
81439 
81440 
81441 
81442 
81443 
81444 
81445 
81446 
81447 
81448 
81449 
81450 
81451 
81452 
81453 
81454 
81455 
81456 
81457 
81458 
81459 
81460 
81461 
81462 
81463 
81464 
81465 
81466 
81467 
81468 
81469 
81470 
81471 
81472 
81473 
81474 
81475 
81476 
81477 
81478 
81479 
81480 
81481 
81482 
81483 
81484 
81485 
81486 
81487 
81488 
81489 
81490 
81491 
81492 
81493 
81494 
81495 
81496 
81497 
81498 
81499 
81500 
81501 
81502 
81503 
81504 
81505 
81506 
81507 
81508 
81509 
81510 
81511 
81512 
81513 
81514 
81515 
81516 
81517 
81518 
81519 
81520 
81521 
81522 
81523 
81524 
81525 
81526 
81527 
81528 
81529 
81530 
81531 
81532 
81533 
81534 
81535 
81536 
81537 
81538 
81539 
81540 
81541 
81542 
81543 
81544 
81545 
81546 
81547 
81548 
81549 
81550 
81551 
81552 
81553 
81554 
81555 
81556 
81557 
81558 
81559 
81560 
81561 
81562 
81563 
81564 
81565 
81566 
81567 
81568 
81569 
81570 
81571 
81572 
81573 
81574 
81575 
81576 
81577 
81578 
81579 
81580 
81581 
81582 
81583 
81584 
81585 
81586 
81587 
81588 
81589 
81590 
81591 
81592 
81593 
81594 
81595 
81596 
81597 
81598 
81599 
81600 
81601 
81602 
81603 
81604 
81605 
81606 
81607 
81608 
81609 
81610 
81611 
81612 
81613 
81614 
81615 
81616 
81617 
81618 
81619 
81620 
81621 
81622 
81623 
81624 
81625 
81626 
81627 
81628 
81629 
81630 
81631 
81632 
81633 
81634 
81635 
81636 
81637 
81638 
81639 
81640 
81641 
81642 
81643 
81644 
81645 
81646 
81647 
81648 
81649 
81650 
81651 
81652 
81653 
81654 
81655 
81656 
81657 
81658 
81659 
81660 
81661 
81662 
81663 
81664 
81665 
81666 
81667 
81668 
81669 
81670 
81671 
81672 
81673 
81674 
81675 
81676 
81677 
81678 
81679 
81680 
81681 
81682 
81683 
81684 
81685 
81686 
81687 
81688 
81689 
81690 
81691 
81692 
81693 
81694 
81695 
81696 
81697 
81698 
81699 
81700 
81701 
81702 
81703 
81704 
81705 
81706 
81707 
81708 
81709 
81710 
81711 
81712 
81713 
81714 
81715 
81716 
81717 
81718 
81719 
81720 
81721 
81722 
81723 
81724 
81725 
81726 
81727 
81728 
81729 
81730 
81731 
81732 
81733 
81734 
81735 
81736 
81737 
81738 
81739 
81740 
81741 
81742 
81743 
81744 
81745 
81746 
81747 
81748 
81749 
81750 
81751 
81752 
81753 
81754 
81755 
81756 
81757 
81758 
81759 
81760 
81761 
81762 
81763 
81764 
81765 
81766 
81767 
81768 
81769 
81770 
81771 
81772 
81773 
81774 
81775 
81776 
81777 
81778 
81779 
81780 
81781 
81782 
81783 
81784 
81785 
81786 
81787 
81788 
81789 
81790 
81791 
81792 
81793 
81794 
81795 
81796 
81797 
81798 
81799 
81800 
81801 
81802 
81803 
81804 
81805 
81806 
81807 
81808 
81809 
81810 
81811 
81812 
81813 
81814 
81815 
81816 
81817 
81818 
81819 
81820 
81821 
81822 
81823 
81824 
81825 
81826 
81827 
81828 
81829 
81830 
81831 
81832 
81833 
81834 
81835 
81836 
81837 
81838 
81839 
81840 
81841 
81842 
81843 
81844 
81845 
81846 
81847 
81848 
81849 
81850 
81851 
81852 
81853 
81854 
81855 
81856 
81857 
81858 
81859 
81860 
81861 
81862 
81863 
81864 
81865 
81866 
81867 
81868 
81869 
81870 
81871 
81872 
81873 
81874 
81875 
81876 
81877 
81878 
81879 
81880 
81881 
81882 
81883 
81884 
81885 
81886 
81887 
81888 
81889 
81890 
81891 
81892 
81893 
81894 
81895 
81896 
81897 
81898 
81899 
81900 
81901 
81902 
81903 
81904 
81905 
81906 
81907 
81908 
81909 
81910 
81911 
81912 
81913 
81914 
81915 
81916 
81917 
81918 
81919 
81920 
81921 
81922 
81923 
81924 
81925 
81926 
81927 
81928 
81929 
81930 
81931 
81932 
81933 
81934 
81935 
81936 
81937 
81938 
81939 
81940 
81941 
81942 
81943 
81944 
81945 
81946 
81947 
81948 
81949 
81950 
81951 
81952 
81953 
81954 
81955 
81956 
81957 
81958 
81959 
81960 
81961 
81962 
81963 
81964 
81965 
81966 
81967 
81968 
81969 
81970 
81971 
81972 
81973 
81974 
81975 
81976 
81977 
81978 
81979 
81980 
81981 
81982 
81983 
81984 
81985 
81986 
81987 
81988 
81989 
81990 
81991 
81992 
81993 
81994 
81995 
81996 
81997 
81998 
81999 
82000 
82001 
82002 
82003 
82004 
82005 
82006 
82007 
82008 
82009 
82010 
82011 
82012 
82013 
82014 
82015 
82016 
82017 
82018 
82019 
82020 
82021 
82022 
82023 
82024 
82025 
82026 
82027 
82028 
82029 
82030 
82031 
82032 
82033 
82034 
82035 
82036 
82037 
82038 
82039 
82040 
82041 
82042 
82043 
82044 
82045 
82046 
82047 
82048 
82049 
82050 
82051 
82052 
82053 
82054 
82055 
82056 
82057 
82058 
82059 
82060 
82061 
82062 
82063 
82064 
82065 
82066 
82067 
82068 
82069 
82070 
82071 
82072 
82073 
82074 
82075 
82076 
82077 
82078 
82079 
85320 
85321 
85322 
85323 
85324 
85325 
85326 
85327 
85328 
85329 
85330 
85331 
85332 
85333 
85334 
85335 
85336 
85337 
85338 
85339 
85340 
85341 
85342 
85343 
85344 
85345 
85346 
85347 
85348 
85349 
85350 
85351 
85352 
85353 
85354 
85355 
85356 
85357 
85358 
85359 
85360 
85361 
85362 
85363 
85364 
85365 
85366 
85367 
85368 
85369 
85370 
85371 
85372 
85373 
85374 
85375 
85376 
85377 
85378 
85379 
85380 
85381 
85382 
85383 
85384 
85385 
85386 
85387 
85388 
85389 
85390 
85391 
85392 
85393 
85394 
85395 
85396 
85397 
85398 
85399 
85400 
85401 
85402 
85403 
85404 
85405 
85406 
85407 
85408 
85409 
85410 
85411 
85412 
85413 
85414 
85415 
85416 
85417 
85418 
85419 
85420 
85421 
85422 
85423 
85424 
85425 
85426 
85427 
85428 
85429 
85430 
85431 
85432 
85433 
85434 
85435 
85436 
85437 
85438 
85439 
85440 
85441 
85442 
85443 
85444 
85445 
85446 
85447 
85448 
85449 
85450 
85451 
85452 
85453 
85454 
85455 
85456 
85457 
85458 
85459 
85460 
85461 
85462 
85463 
85464 
85465 
85466 
85467 
85468 
85469 
85470 
85471 
85472 
85473 
85474 
85475 
85476 
85477 
85478 
85479 
85480 
85481 
85482 
85483 
85484 
85485 
85486 
85487 
85488 
85489 
85490 
85491 
85492 
85493 
85494 
85495 
85496 
85497 
85498 
85499 
85500 
85501 
85502 
85503 
85504 
85505 
85506 
85507 
85508 
85509 
85510 
85511 
85512 
85513 
85514 
85515 
85516 
85517 
85518 
85519 
85520 
85521 
85522 
85523 
85524 
85525 
85526 
85527 
85528 
85529 
85530 
85531 
85532 
85533 
85534 
85535 
85536 
85537 
85538 
85539 
85540 
85541 
85542 
85543 
85544 
85545 
85546 
85547 
85548 
85549 
85550 
85551 
85552 
85553 
85554 
85555 
85556 
85557 
85558 
85559 
85560 
85561 
85562 
85563 
85564 
85565 
85566 
85567 
85568 
85569 
85570 
85571 
85572 
85573 
85574 
85575 
85576 
85577 
85578 
85579 
85580 
85581 
85582 
85583 
85584 
85585 
85586 
85587 
85588 
85589 
85590 
85591 
85592 
85593 
85594 
85595 
85596 
85597 
85598 
85599 
85600 
85601 
85602 
85603 
85604 
85605 
85606 
85607 
85608 
85609 
85610 
85611 
85612 
85613 
85614 
85615 
85616 
85617 
85618 
85619 
85620 
85621 
85622 
85623 
85624 
85625 
85626 
85627 
85628 
85629 
85630 
85631 
85632 
85633 
85634 
85635 
85636 
85637 
85638 
85639 
85640 
85641 
85642 
85643 
85644 
85645 
85646 
85647 
85648 
85649 
85650 
85651 
85652 
85653 
85654 
85655 
85656 
85657 
85658 
85659 
85660 
85661 
85662 
85663 
85664 
85665 
85666 
85667 
85668 
85669 
85670 
85671 
85672 
85673 
85674 
85675 
85676 
85677 
85678 
85679 
85680 
85681 
85682 
85683 
85684 
85685 
85686 
85687 
85688 
85689 
85690 
85691 
85692 
85693 
85694 
85695 
85696 
85697 
85698 
85699 
85700 
85701 
85702 
85703 
85704 
85705 
85706 
85707 
85708 
85709 
85710 
85711 
85712 
85713 
85714 
85715 
85716 
85717 
85718 
85719 
85720 
85721 
85722 
85723 
85724 
85725 
85726 
85727 
85728 
85729 
85730 
85731 
85732 
85733 
85734 
85735 
85736 
85737 
85738 
85739 
85740 
85741 
85742 
85743 
85744 
85745 
85746 
85747 
85748 
85749 
85750 
85751 
85752 
85753 
85754 
85755 
85756 
85757 
85758 
85759 
85760 
85761 
85762 
85763 
85764 
85765 
85766 
85767 
85768 
85769 
85770 
85771 
85772 
85773 
85774 
85775 
85776 
85777 
85778 
85779 
85780 
85781 
85782 
85783 
85784 
85785 
85786 
85787 
85788 
85789 
85790 
85791 
85792 
85793 
85794 
85795 
85796 
85797 
85798 
85799 
85800 
85801 
85802 
85803 
85804 
85805 
85806 
85807 
85808 
85809 
85810 
85811 
85812 
85813 
85814 
85815 
85816 
85817 
85818 
85819 
85820 
85821 
85822 
85823 
85824 
85825 
85826 
85827 
85828 
85829 
85830 
85831 
85832 
85833 
85834 
85835 
85836 
85837 
85838 
85839 
85840 
85841 
85842 
85843 
85844 
85845 
85846 
85847 
85848 
85849 
85850 
85851 
85852 
85853 
85854 
85855 
85856 
85857 
85858 
85859 
85860 
85861 
85862 
85863 
85864 
85865 
85866 
85867 
85868 
85869 
85870 
85871 
85872 
85873 
85874 
85875 
85876 
85877 
85878 
85879 
85880 
85881 
85882 
85883 
85884 
85885 
85886 
85887 
85888 
85889 
85890 
85891 
85892 
85893 
85894 
85895 
85896 
85897 
85898 
85899 
85900 
85901 
85902 
85903 
85904 
85905 
85906 
85907 
85908 
85909 
85910 
85911 
85912 
85913 
85914 
85915 
85916 
85917 
85918 
85919 
85920 
85921 
85922 
85923 
85924 
85925 
85926 
85927 
85928 
85929 
85930 
85931 
85932 
85933 
85934 
85935 
85936 
85937 
85938 
85939 
85940 
85941 
85942 
85943 
85944 
85945 
85946 
85947 
85948 
85949 
85950 
85951 
85952 
85953 
85954 
85955 
85956 
85957 
85958 
85959 
85960 
85961 
85962 
85963 
85964 
85965 
85966 
85967 
85968 
85969 
85970 
85971 
85972 
85973 
85974 
85975 
85976 
85977 
85978 
85979 
85980 
85981 
85982 
85983 
85984 
85985 
85986 
85987 
85988 
85989 
85990 
85991 
85992 
85993 
85994 
85995 
85996 
85997 
85998 
85999 
86000 
86001 
86002 
86003 
86004 
86005 
86006 
86007 
86008 
86009 
86010 
86011 
86012 
86013 
86014 
86015 
86016 
86017 
86018 
86019 
86020 
86021 
86022 
86023 
86024 
86025 
86026 
86027 
86028 
86029 
86030 
86031 
86032 
86033 
86034 
86035 
86036 
86037 
86038 
86039 
86040 
86041 
86042 
86043 
86044 
86045 
86046 
86047 
86048 
86049 
86050 
86051 
86052 
86053 
86054 
86055 
86056 
86057 
86058 
86059 
86060 
86061 
86062 
86063 
86064 
86065 
86066 
86067 
86068 
86069 
86070 
86071 
86072 
86073 
86074 
86075 
86076 
86077 
86078 
86079 
86080 
86081 
86082 
86083 
86084 
86085 
86086 
86087 
86088 
86089 
86090 
86091 
86092 
86093 
86094 
86095 
86096 
86097 
86098 
86099 
86100 
86101 
86102 
86103 
86104 
86105 
86106 
86107 
86108 
86109 
86110 
86111 
86112 
86113 
86114 
86115 
86116 
86117 
86118 
86119 
86120 
86121 
86122 
86123 
86124 
86125 
86126 
86127 
86128 
86129 
86130 
86131 
86132 
86133 
86134 
86135 
86136 
86137 
86138 
86139 
86140 
86141 
86142 
86143 
86144 
86145 
86146 
86147 
86148 
86149 
86150 
86151 
86152 
86153 
86154 
86155 
86156 
86157 
86158 
86159 
86160 
86161 
86162 
86163 
86164 
86165 
86166 
86167 
86168 
86169 
86170 
86171 
86172 
86173 
86174 
86175 
86176 
86177 
86178 
86179 
86180 
86181 
86182 
86183 
86184 
86185 
86186 
86187 
86188 
86189 
86190 
86191 
86192 
86193 
86194 
86195 
86196 
86197 
86198 
86199 
86200 
86201 
86202 
86203 
86204 
86205 
86206 
86207 
86208 
86209 
86210 
86211 
86212 
86213 
86214 
86215 
86216 
86217 
86218 
86219 
86220 
86221 
86222 
86223 
86224 
86225 
86226 
86227 
86228 
86229 
86230 
86231 
86232 
86233 
86234 
86235 
86236 
86237 
86238 
86239 
86240 
86241 
86242 
86243 
86244 
86245 
86246 
86247 
86248 
86249 
86250 
86251 
86252 
86253 
86254 
86255 
86256 
86257 
86258 
86259 
86260 
86261 
86262 
86263 
86264 
86265 
86266 
86267 
86268 
86269 
86270 
86271 
86272 
86273 
86274 
86275 
86276 
86277 
86278 
86279 
86280 
86281 
86282 
86283 
86284 
86285 
86286 
86287 
86288 
86289 
86290 
86291 
86292 
86293 
86294 
86295 
86296 
86297 
86298 
86299 
86300 
86301 
86302 
86303 
86304 
86305 
86306 
86307 
86308 
86309 
86310 
86311 
86312 
86313 
86314 
86315 
86316 
86317 
86318 
86319 
86320 
86321 
86322 
86323 
86324 
86325 
86326 
86327 
86328 
86329 
86330 
86331 
86332 
86333 
86334 
86335 
86336 
86337 
86338 
86339 
86340 
86341 
86342 
86343 
86344 
86345 
86346 
86347 
86348 
86349 
86350 
86351 
86352 
86353 
86354 
86355 
86356 
86357 
86358 
86359 
86360 
86361 
86362 
86363 
86364 
86365 
86366 
86367 
86368 
86369 
86370 
86371 
86372 
86373 
86374 
86375 
86376 
86377 
86378 
86379 
86380 
86381 
86382 
86383 
86384 
86385 
86386 
86387 
86388 
86389 
86390 
86391 
86392 
86393 
86394 
86395 
86396 
86397 
86398 
86399 
86400 
86401 
86402 
86403 
86404 
86405 
86406 
86407 
86408 
86409 
86410 
86411 
86412 
86413 
86414 
86415 
86416 
86417 
86418 
86419 
86420 
86421 
86422 
86423 
86424 
86425 
86426 
86427 
86428 
86429 
86430 
86431 
86432 
86433 
86434 
86435 
86436 
86437 
86438 
86439 
86440 
86441 
86442 
86443 
86444 
86445 
86446 
86447 
86448 
86449 
86450 
86451 
86452 
86453 
86454 
86455 
86456 
86457 
86458 
86459 
86460 
86461 
86462 
86463 
86464 
86465 
86466 
86467 
86468 
86469 
86470 
86471 
86472 
86473 
86474 
86475 
86476 
86477 
86478 
86479 
86480 
86481 
86482 
86483 
86484 
86485 
86486 
86487 
86488 
86489 
86490 
86491 
86492 
86493 
86494 
86495 
86496 
86497 
86498 
86499 
86500 
86501 
86502 
86503 
86504 
86505 
86506 
86507 
86508 
86509 
86510 
86511 
86512 
86513 
86514 
86515 
86516 
86517 
86518 
86519 
86520 
86521 
86522 
86523 
86524 
86525 
86526 
86527 
86528 
86529 
86530 
86531 
86532 
86533 
86534 
86535 
86536 
86537 
86538 
86539 
86540 
86541 
86542 
86543 
86544 
86545 
86546 
86547 
86548 
86549 
86550 
86551 
86552 
86553 
86554 
86555 
86556 
86557 
86558 
86559 
86560 
86561 
86562 
86563 
86564 
86565 
86566 
86567 
86568 
86569 
86570 
86571 
86572 
86573 
86574 
86575 
86576 
86577 
86578 
86579 
86580 
86581 
86582 
86583 
86584 
86585 
86586 
86587 
86588 
86589 
86590 
86591 
86592 
86593 
86594 
86595 
86596 
86597 
86598 
86599 
86600 
86601 
86602 
86603 
86604 
86605 
86606 
86607 
86608 
86609 
86610 
86611 
86612 
86613 
86614 
86615 
86616 
86617 
86618 
86619 
86620 
86621 
86622 
86623 
86624 
86625 
86626 
86627 
86628 
86629 
86630 
86631 
86632 
86633 
86634 
86635 
86636 
86637 
86638 
86639 
86640 
86641 
86642 
86643 
86644 
86645 
86646 
86647 
86648 
86649 
86650 
86651 
86652 
86653 
86654 
86655 
86656 
86657 
86658 
86659 
86660 
86661 
86662 
86663 
86664 
86665 
86666 
86667 
86668 
86669 
86670 
86671 
86672 
86673 
86674 
86675 
86676 
86677 
86678 
86679 
86680 
86681 
86682 
86683 
86684 
86685 
86686 
86687 
86688 
86689 
86690 
86691 
86692 
86693 
86694 
86695 
86696 
86697 
86698 
86699 
86700 
86701 
86702 
86703 
86704 
86705 
86706 
86707 
86708 
86709 
86710 
86711 
86712 
86713 
86714 
86715 
86716 
86717 
86718 
86719 
86720 
86721 
86722 
86723 
86724 
86725 
86726 
86727 
86728 
86729 
86730 
86731 
86732 
86733 
86734 
86735 
86736 
86737 
86738 
86739 
86740 
86741 
86742 
86743 
86744 
86745 
86746 
86747 
86748 
86749 
86750 
86751 
86752 
86753 
86754 
86755 
86756 
86757 
86758 
86759 
86760 
86761 
86762 
86763 
86764 
86765 
86766 
86767 
86768 
86769 
86770 
86771 
86772 
86773 
86774 
86775 
86776 
86777 
86778 
86779 
86780 
86781 
86782 
86783 
86784 
86785 
86786 
86787 
86788 
86789 
86790 
86791 
86792 
86793 
86794 
86795 
86796 
86797 
86798 
86799 
86800 
86801 
86802 
86803 
86804 
86805 
86806 
86807 
86808 
86809 
86810 
86811 
86812 
86813 
86814 
86815 
86816 
86817 
86818 
86819 
86820 
86821 
86822 
86823 
86824 
86825 
86826 
86827 
86828 
86829 
86830 
86831 
86832 
86833 
86834 
86835 
86836 
86837 
86838 
86839 
86840 
86841 
86842 
86843 
86844 
86845 
86846 
86847 
86848 
86849 
86850 
86851 
86852 
86853 
86854 
86855 
86856 
86857 
86858 
86859 
86860 
86861 
86862 
86863 
86864 
86865 
86866 
86867 
86868 
86869 
86870 
86871 
86872 
86873 
86874 
86875 
86876 
86877 
86878 
86879 
86880 
86881 
86882 
86883 
86884 
86885 
86886 
86887 
86888 
86889 
86890 
86891 
86892 
86893 
86894 
86895 
86896 
86897 
86898 
86899 
86900 
86901 
86902 
86903 
86904 
86905 
86906 
86907 
86908 
86909 
86910 
86911 
86912 
86913 
86914 
86915 
86916 
86917 
86918 
86919 
86920 
86921 
86922 
86923 
86924 
86925 
86926 
86927 
86928 
86929 
86930 
86931 
86932 
86933 
86934 
86935 
86936 
86937 
86938 
86939 
86940 
86941 
86942 
86943 
86944 
86945 
86946 
86947 
86948 
86949 
86950 
86951 
86952 
86953 
86954 
86955 
86956 
86957 
86958 
86959 
86960 
86961 
86962 
86963 
86964 
86965 
86966 
86967 
86968 
86969 
86970 
86971 
86972 
86973 
86974 
86975 
86976 
86977 
86978 
86979 
86980 
86981 
86982 
86983 
86984 
86985 
86986 
86987 
86988 
86989 
86990 
86991 
86992 
86993 
86994 
86995 
86996 
86997 
86998 
86999 
87000 
87001 
87002 
87003 
87004 
87005 
87006 
87007 
87008 
87009 
87010 
87011 
87012 
87013 
87014 
87015 
87016 
87017 
87018 
87019 
87020 
87021 
87022 
87023 
87024 
87025 
87026 
87027 
87028 
87029 
87030 
87031 
87032 
87033 
87034 
87035 
87036 
87037 
87038 
87039 
87040 
87041 
87042 
87043 
87044 
87045 
87046 
87047 
87048 
87049 
87050 
87051 
87052 
87053 
87054 
87055 
87056 
87057 
87058 
87059 
87060 
87061 
87062 
87063 
87064 
87065 
87066 
87067 
87068 
87069 
87070 
87071 
87072 
87073 
87074 
87075 
87076 
87077 
87078 
87079 
87080 
87081 
87082 
87083 
87084 
87085 
87086 
87087 
87088 
87089 
87090 
87091 
87092 
87093 
87094 
87095 
87096 
87097 
87098 
87099 
87100 
87101 
87102 
87103 
87104 
87105 
87106 
87107 
87108 
87109 
87110 
87111 
87112 
87113 
87114 
87115 
87116 
87117 
87118 
87119 
87120 
87121 
87122 
87123 
87124 
87125 
87126 
87127 
87128 
87129 
87130 
87131 
87132 
87133 
87134 
87135 
87136 
87137 
87138 
87139 
87140 
87141 
87142 
87143 
87144 
87145 
87146 
87147 
87148 
87149 
87150 
87151 
87152 
87153 
87154 
87155 
87156 
87157 
87158 
87159 
87160 
87161 
87162 
87163 
87164 
87165 
87166 
87167 
87168 
87169 
87170 
87171 
87172 
87173 
87174 
87175 
87176 
87177 
87178 
87179 
87180 
87181 
87182 
87183 
87184 
87185 
87186 
87187 
87188 
87189 
87190 
87191 
87192 
87193 
87194 
87195 
87196 
87197 
87198 
87199 
87200 
87201 
87202 
87203 
87204 
87205 
87206 
87207 
87208 
87209 
87210 
87211 
87212 
87213 
87214 
87215 
87216 
87217 
87218 
87219 
87220 
87221 
87222 
87223 
87224 
87225 
87226 
87227 
87228 
87229 
87230 
87231 
87232 
87233 
87234 
87235 
87236 
87237 
87238 
87239 
87240 
87241 
87242 
87243 
87244 
87245 
87246 
87247 
87248 
87249 
87250 
87251 
87252 
87253 
87254 
87255 
87256 
87257 
87258 
87259 
87260 
87261 
87262 
87263 
87264 
87265 
87266 
87267 
87268 
87269 
87270 
87271 
87272 
87273 
87274 
87275 
87276 
87277 
87278 
87279 
87280 
87281 
87282 
87283 
87284 
87285 
87286 
87287 
87288 
87289 
87290 
87291 
87292 
87293 
87294 
87295 
87296 
87297 
87298 
87299 
87300 
87301 
87302 
87303 
87304 
87305 
87306 
87307 
87308 
87309 
87310 
87311 
87312 
87313 
87314 
87315 
87316 
87317 
87318 
87319 
87320 
87321 
87322 
87323 
87324 
87325 
87326 
87327 
87328 
87329 
87330 
87331 
87332 
87333 
87334 
87335 
87336 
87337 
87338 
87339 
87340 
87341 
87342 
87343 
87344 
87345 
87346 
87347 
87348 
87349 
87350 
87351 
87352 
87353 
87354 
87355 
87356 
87357 
87358 
87359 
87360 
87361 
87362 
87363 
87364 
87365 
87366 
87367 
87368 
87369 
87370 
87371 
87372 
87373 
87374 
87375 
87376 
87377 
87378 
87379 
87380 
87381 
87382 
87383 
87384 
87385 
87386 
87387 
87388 
87389 
87390 
87391 
87392 
87393 
87394 
87395 
87396 
87397 
87398 
87399 
87400 
87401 
87402 
87403 
87404 
87405 
87406 
87407 
87408 
87409 
87410 
87411 
87412 
87413 
87414 
87415 
87416 
87417 
87418 
87419 
87420 
87421 
87422 
87423 
87424 
87425 
87426 
87427 
87428 
87429 
87430 
87431 
87432 
87433 
87434 
87435 
87436 
87437 
87438 
87439 
87440 
87441 
87442 
87443 
87444 
87445 
87446 
87447 
87448 
87449 
87450 
87451 
87452 
87453 
87454 
87455 
87456 
87457 
87458 
87459 
87460 
87461 
87462 
87463 
87464 
87465 
87466 
87467 
87468 
87469 
87470 
87471 
87472 
87473 
87474 
87475 
87476 
87477 
87478 
87479 
87480 
87481 
87482 
87483 
87484 
87485 
87486 
87487 
87488 
87489 
87490 
87491 
87492 
87493 
87494 
87495 
87496 
87497 
87498 
87499 
87500 
87501 
87502 
87503 
87504 
87505 
87506 
87507 
87508 
87509 
87510 
87511 
87512 
87513 
87514 
87515 
87516 
87517 
87518 
87519 
87520 
87521 
87522 
87523 
87524 
87525 
87526 
87527 
87528 
87529 
87530 
87531 
87532 
87533 
87534 
87535 
87536 
87537 
87538 
87539 
87540 
87541 
87542 
87543 
87544 
87545 
87546 
87547 
87548 
87549 
87550 
87551 
87552 
87553 
87554 
87555 
87556 
87557 
87558 
87559 
87560 
87561 
87562 
87563 
87564 
87565 
87566 
87567 
87568 
87569 
87570 
87571 
87572 
87573 
87574 
87575 
87576 
87577 
87578 
87579 
87580 
87581 
87582 
87583 
87584 
87585 
87586 
87587 
87588 
87589 
87590 
87591 
87592 
87593 
87594 
87595 
87596 
87597 
87598 
87599 
87600 
87601 
87602 
87603 
87604 
87605 
87606 
87607 
87608 
87609 
87610 
87611 
87612 
87613 
87614 
87615 
87616 
87617 
87618 
87619 
87620 
87621 
87622 
87623 
87624 
87625 
87626 
87627 
87628 
87629 
87630 
87631 
87632 
87633 
87634 
87635 
87636 
87637 
87638 
87639 
87640 
87641 
87642 
87643 
87644 
87645 
87646 
87647 
87648 
87649 
87650 
87651 
87652 
87653 
87654 
87655 
87656 
87657 
87658 
87659 
87660 
87661 
87662 
87663 
87664 
87665 
87666 
87667 
87668 
87669 
87670 
87671 
87672 
87673 
87674 
87675 
87676 
87677 
87678 
87679 
87680 
87681 
87682 
87683 
87684 
87685 
87686 
87687 
87688 
87689 
87690 
87691 
87692 
87693 
87694 
87695 
87696 
87697 
87698 
87699 
87700 
87701 
87702 
87703 
87704 
87705 
87706 
87707 
87708 
87709 
87710 
87711 
87712 
87713 
87714 
87715 
87716 
87717 
87718 
87719 
87720 
87721 
87722 
87723 
87724 
87725 
87726 
87727 
87728 
87729 
87730 
87731 
87732 
87733 
87734 
87735 
87736 
87737 
87738 
87739 
87740 
87741 
87742 
87743 
87744 
87745 
87746 
87747 
87748 
87749 
87750 
87751 
87752 
87753 
87754 
87755 
87756 
87757 
87758 
87759 
87760 
87761 
87762 
87763 
87764 
87765 
87766 
87767 
87768 
87769 
87770 
87771 
87772 
87773 
87774 
87775 
87776 
87777 
87778 
87779 
87780 
87781 
87782 
87783 
87784 
87785 
87786 
87787 
87788 
87789 
87790 
87791 
87792 
87793 
87794 
87795 
87796 
87797 
87798 
87799 
87800 
87801 
87802 
87803 
87804 
87805 
87806 
87807 
87808 
87809 
87810 
87811 
87812 
87813 
87814 
87815 
87816 
87817 
87818 
87819 
87820 
87821 
87822 
87823 
87824 
87825 
87826 
87827 
87828 
87829 
87830 
87831 
87832 
87833 
87834 
87835 
87836 
87837 
87838 
87839 
87840 
87841 
87842 
87843 
87844 
87845 
87846 
87847 
87848 
87849 
87850 
87851 
87852 
87853 
87854 
87855 
87856 
87857 
87858 
87859 
87860 
87861 
87862 
87863 
87864 
87865 
87866 
87867 
87868 
87869 
87870 
87871 
87872 
87873 
87874 
87875 
87876 
87877 
87878 
87879 
87880 
87881 
87882 
87883 
87884 
87885 
87886 
87887 
87888 
87889 
87890 
87891 
87892 
87893 
87894 
87895 
87896 
87897 
87898 
87899 
87900 
87901 
87902 
87903 
87904 
87905 
87906 
87907 
87908 
87909 
87910 
87911 
87912 
87913 
87914 
87915 
87916 
87917 
87918 
87919 
87920 
87921 
87922 
87923 
87924 
87925 
87926 
87927 
87928 
87929 
87930 
87931 
87932 
87933 
87934 
87935 
87936 
87937 
87938 
87939 
87940 
87941 
87942 
87943 
87944 
87945 
87946 
87947 
87948 
87949 
87950 
87951 
87952 
87953 
87954 
87955 
87956 
87957 
87958 
87959 
87960 
87961 
87962 
87963 
87964 
87965 
87966 
87967 
87968 
87969 
87970 
87971 
87972 
87973 
87974 
87975 
87976 
87977 
87978 
87979 
87980 
87981 
87982 
87983 
87984 
87985 
87986 
87987 
87988 
87989 
87990 
87991 
87992 
87993 
87994 
87995 
87996 
87997 
87998 
87999 
88000 
88001 
88002 
88003 
88004 
88005 
88006 
88007 
88008 
88009 
88010 
88011 
88012 
88013 
88014 
88015 
88016 
88017 
88018 
88019 
88020 
88021 
88022 
88023 
88024 
88025 
88026 
88027 
88028 
88029 
88030 
88031 
88032 
88033 
88034 
88035 
88036 
88037 
88038 
88039 
88040 
88041 
88042 
88043 
88044 
88045 
88046 
88047 
88048 
88049 
88050 
88051 
88052 
88053 
88054 
88055 
88056 
88057 
88058 
88059 
88060 
88061 
88062 
88063 
88064 
88065 
88066 
88067 
88068 
88069 
88070 
88071 
88072 
88073 
88074 
88075 
88076 
88077 
88078 
88079 
88080 
88081 
88082 
88083 
88084 
88085 
88086 
88087 
88088 
88089 
88090 
88091 
88092 
88093 
88094 
88095 
88096 
88097 
88098 
88099 
88100 
88101 
88102 
88103 
88104 
88105 
88106 
88107 
88108 
88109 
88110 
88111 
88112 
88113 
88114 
88115 
88116 
88117 
88118 
88119 
88120 
88121 
88122 
88123 
88124 
88125 
88126 
88127 
88128 
88129 
88130 
88131 
88132 
88133 
88134 
88135 
88136 
88137 
88138 
88139 
88140 
88141 
88142 
88143 
88144 
88145 
88146 
88147 
88148 
88149 
88150 
88151 
88152 
88153 
88154 
88155 
88156 
88157 
88158 
88159 
88160 
88161 
88162 
88163 
88164 
88165 
88166 
88167 
88168 
88169 
88170 
88171 
88172 
88173 
88174 
88175 
88176 
88177 
88178 
88179 
88180 
88181 
88182 
88183 
88184 
88185 
88186 
88187 
88188 
88189 
88190 
88191 
88192 
88193 
88194 
88195 
88196 
88197 
88198 
88199 
88200 
88201 
88202 
88203 
88204 
88205 
88206 
88207 
88208 
88209 
88210 
88211 
88212 
88213 
88214 
88215 
88216 
88217 
88218 
88219 
88220 
88221 
88222 
88223 
88224 
88225 
88226 
88227 
88228 
88229 
88230 
88231 
88232 
88233 
88234 
88235 
88236 
88237 
88238 
88239 
88240 
88241 
88242 
88243 
88244 
88245 
88246 
88247 
88248 
88249 
88250 
88251 
88252 
88253 
88254 
88255 
88256 
88257 
88258 
88259 
88260 
88261 
88262 
88263 
88264 
88265 
88266 
88267 
88268 
88269 
88270 
88271 
88272 
88273 
88274 
88275 
88276 
88277 
88278 
88279 
88280 
88281 
88282 
88283 
88284 
88285 
88286 
88287 
88288 
88289 
88290 
88291 
88292 
88293 
88294 
88295 
88296 
88297 
88298 
88299 
88300 
88301 
88302 
88303 
88304 
88305 
88306 
88307 
88308 
88309 
88310 
88311 
88312 
88313 
88314 
88315 
88316 
88317 
88318 
88319 
88320 
88321 
88322 
88323 
88324 
88325 
88326 
88327 
88328 
88329 
88330 
88331 
88332 
88333 
88334 
88335 
88336 
88337 
88338 
88339 
88340 
88341 
88342 
88343 
88344 
88345 
88346 
88347 
88348 
88349 
88350 
88351 
88352 
88353 
88354 
88355 
88356 
88357 
88358 
88359 
88360 
88361 
88362 
88363 
88364 
88365 
88366 
88367 
88368 
88369 
88370 
88371 
88372 
88373 
88374 
88375 
88376 
88377 
88378 
88379 
88380 
88381 
88382 
88383 
88384 
88385 
88386 
88387 
88388 
88389 
88390 
88391 
88392 
88393 
88394 
88395 
88396 
88397 
88398 
88399 
88400 
88401 
88402 
88403 
88404 
88405 
88406 
88407 
88408 
88409 
88410 
88411 
88412 
88413 
88414 
88415 
88416 
88417 
88418 
88419 
88420 
88421 
88422 
88423 
88424 
88425 
88426 
88427 
88428 
88429 
88430 
88431 
88432 
88433 
88434 
88435 
88436 
88437 
88438 
88439 
88440 
88441 
88442 
88443 
88444 
88445 
88446 
88447 
88448 
88449 
88450 
88451 
88452 
88453 
88454 
88455 
88456 
88457 
88458 
88459 
88460 
88461 
88462 
88463 
88464 
88465 
88466 
88467 
88468 
88469 
88470 
88471 
88472 
88473 
88474 
88475 
88476 
88477 
88478 
88479 
88480 
88481 
88482 
88483 
88484 
88485 
88486 
88487 
88488 
88489 
88490 
88491 
88492 
88493 
88494 
88495 
88496 
88497 
88498 
88499 
88500 
88501 
88502 
88503 
88504 
88505 
88506 
88507 
88508 
88509 
88510 
88511 
88512 
88513 
88514 
88515 
88516 
88517 
88518 
88519 
88520 
88521 
88522 
88523 
88524 
88525 
88526 
88527 
88528 
88529 
88530 
88531 
88532 
88533 
88534 
88535 
88536 
88537 
88538 
88539 
88540 
88541 
88542 
88543 
88544 
88545 
88546 
88547 
88548 
88549 
88550 
88551 
88552 
88553 
88554 
88555 
88556 
88557 
88558 
88559 
96120 
96121 
96122 
96123 
96124 
96125 
96126 
96127 
96128 
96129 
96130 
96131 
96132 
96133 
96134 
96135 
96136 
96137 
96138 
96139 
96140 
96141 
96142 
96143 
96144 
96145 
96146 
96147 
96148 
96149 
96150 
96151 
96152 
96153 
96154 
96155 
96156 
96157 
96158 
96159 
96160 
96161 
96162 
96163 
96164 
96165 
96166 
96167 
96168 
96169 
96170 
96171 
96172 
96173 
96174 
96175 
96176 
96177 
96178 
96179 
96180 
96181 
96182 
96183 
96184 
96185 
96186 
96187 
96188 
96189 
96190 
96191 
96192 
96193 
96194 
96195 
96196 
96197 
96198 
96199 
96200 
96201 
96202 
96203 
96204 
96205 
96206 
96207 
96208 
96209 
96210 
96211 
96212 
96213 
96214 
96215 
96216 
96217 
96218 
96219 
96220 
96221 
96222 
96223 
96224 
96225 
96226 
96227 
96228 
96229 
96230 
96231 
96232 
96233 
96234 
96235 
96236 
96237 
96238 
96239 
96240 
96241 
96242 
96243 
96244 
96245 
96246 
96247 
96248 
96249 
96250 
96251 
96252 
96253 
96254 
96255 
96256 
96257 
96258 
96259 
96260 
96261 
96262 
96263 
96264 
96265 
96266 
96267 
96268 
96269 
96270 
96271 
96272 
96273 
96274 
96275 
96276 
96277 
96278 
96279 
96280 
96281 
96282 
96283 
96284 
96285 
96286 
96287 
96288 
96289 
96290 
96291 
96292 
96293 
96294 
96295 
96296 
96297 
96298 
96299 
96300 
96301 
96302 
96303 
96304 
96305 
96306 
96307 
96308 
96309 
96310 
96311 
96312 
96313 
96314 
96315 
96316 
96317 
96318 
96319 
96320 
96321 
96322 
96323 
96324 
96325 
96326 
96327 
96328 
96329 
96330 
96331 
96332 
96333 
96334 
96335 
96336 
96337 
96338 
96339 
96340 
96341 
96342 
96343 
96344 
96345 
96346 
96347 
96348 
96349 
96350 
96351 
96352 
96353 
96354 
96355 
96356 
96357 
96358 
96359 
96360 
96361 
96362 
96363 
96364 
96365 
96366 
96367 
96368 
96369 
96370 
96371 
96372 
96373 
96374 
96375 
96376 
96377 
96378 
96379 
96380 
96381 
96382 
96383 
96384 
96385 
96386 
96387 
96388 
96389 
96390 
96391 
96392 
96393 
96394 
96395 
96396 
96397 
96398 
96399 
96400 
96401 
96402 
96403 
96404 
96405 
96406 
96407 
96408 
96409 
96410 
96411 
96412 
96413 
96414 
96415 
96416 
96417 
96418 
96419 
96420 
96421 
96422 
96423 
96424 
96425 
96426 
96427 
96428 
96429 
96430 
96431 
96432 
96433 
96434 
96435 
96436 
96437 
96438 
96439 
96440 
96441 
96442 
96443 
96444 
96445 
96446 
96447 
96448 
96449 
96450 
96451 
96452 
96453 
96454 
96455 
96456 
96457 
96458 
96459 
96460 
96461 
96462 
96463 
96464 
96465 
96466 
96467 
96468 
96469 
96470 
96471 
96472 
96473 
96474 
96475 
96476 
96477 
96478 
96479 
96480 
96481 
96482 
96483 
96484 
96485 
96486 
96487 
96488 
96489 
96490 
96491 
96492 
96493 
96494 
96495 
96496 
96497 
96498 
96499 
96500 
96501 
96502 
96503 
96504 
96505 
96506 
96507 
96508 
96509 
96510 
96511 
96512 
96513 
96514 
96515 
96516 
96517 
96518 
96519 
96520 
96521 
96522 
96523 
96524 
96525 
96526 
96527 
96528 
96529 
96530 
96531 
96532 
96533 
96534 
96535 
96536 
96537 
96538 
96539 
96540 
96541 
96542 
96543 
96544 
96545 
96546 
96547 
96548 
96549 
96550 
96551 
96552 
96553 
96554 
96555 
96556 
96557 
96558 
96559 
96560 
96561 
96562 
96563 
96564 
96565 
96566 
96567 
96568 
96569 
96570 
96571 
96572 
96573 
96574 
96575 
96576 
96577 
96578 
96579 
96580 
96581 
96582 
96583 
96584 
96585 
96586 
96587 
96588 
96589 
96590 
96591 
96592 
96593 
96594 
96595 
96596 
96597 
96598 
96599 
96600 
96601 
96602 
96603 
96604 
96605 
96606 
96607 
96608 
96609 
96610 
96611 
96612 
96613 
96614 
96615 
96616 
96617 
96618 
96619 
96620 
96621 
96622 
96623 
96624 
96625 
96626 
96627 
96628 
96629 
96630 
96631 
96632 
96633 
96634 
96635 
96636 
96637 
96638 
96639 
96640 
96641 
96642 
96643 
96644 
96645 
96646 
96647 
96648 
96649 
96650 
96651 
96652 
96653 
96654 
96655 
96656 
96657 
96658 
96659 
96660 
96661 
96662 
96663 
96664 
96665 
96666 
96667 
96668 
96669 
96670 
96671 
96672 
96673 
96674 
96675 
96676 
96677 
96678 
96679 
96680 
96681 
96682 
96683 
96684 
96685 
96686 
96687 
96688 
96689 
96690 
96691 
96692 
96693 
96694 
96695 
96696 
96697 
96698 
96699 
96700 
96701 
96702 
96703 
96704 
96705 
96706 
96707 
96708 
96709 
96710 
96711 
96712 
96713 
96714 
96715 
96716 
96717 
96718 
96719 
96720 
96721 
96722 
96723 
96724 
96725 
96726 
96727 
96728 
96729 
96730 
96731 
96732 
96733 
96734 
96735 
96736 
96737 
96738 
96739 
96740 
96741 
96742 
96743 
96744 
96745 
96746 
96747 
96748 
96749 
96750 
96751 
96752 
96753 
96754 
96755 
96756 
96757 
96758 
96759 
96760 
96761 
96762 
96763 
96764 
96765 
96766 
96767 
96768 
96769 
96770 
96771 
96772 
96773 
96774 
96775 
96776 
96777 
96778 
96779 
96780 
96781 
96782 
96783 
96784 
96785 
96786 
96787 
96788 
96789 
96790 
96791 
96792 
96793 
96794 
96795 
96796 
96797 
96798 
96799 
96800 
96801 
96802 
96803 
96804 
96805 
96806 
96807 
96808 
96809 
96810 
96811 
96812 
96813 
96814 
96815 
96816 
96817 
96818 
96819 
96820 
96821 
96822 
96823 
96824 
96825 
96826 
96827 
96828 
96829 
96830 
96831 
96832 
96833 
96834 
96835 
96836 
96837 
96838 
96839 
96840 
96841 
96842 
96843 
96844 
96845 
96846 
96847 
96848 
96849 
96850 
96851 
96852 
96853 
96854 
96855 
96856 
96857 
96858 
96859 
96860 
96861 
96862 
96863 
96864 
96865 
96866 
96867 
96868 
96869 
96870 
96871 
96872 
96873 
96874 
96875 
96876 
96877 
96878 
96879 
96880 
96881 
96882 
96883 
96884 
96885 
96886 
96887 
96888 
96889 
96890 
96891 
96892 
96893 
96894 
96895 
96896 
96897 
96898 
96899 
96900 
96901 
96902 
96903 
96904 
96905 
96906 
96907 
96908 
96909 
96910 
96911 
96912 
96913 
96914 
96915 
96916 
96917 
96918 
96919 
96920 
96921 
96922 
96923 
96924 
96925 
96926 
96927 
96928 
96929 
96930 
96931 
96932 
96933 
96934 
96935 
96936 
96937 
96938 
96939 
96940 
96941 
96942 
96943 
96944 
96945 
96946 
96947 
96948 
96949 
96950 
96951 
96952 
96953 
96954 
96955 
96956 
96957 
96958 
96959 
96960 
96961 
96962 
96963 
96964 
96965 
96966 
96967 
96968 
96969 
96970 
96971 
96972 
96973 
96974 
96975 
96976 
96977 
96978 
96979 
96980 
96981 
96982 
96983 
96984 
96985 
96986 
96987 
96988 
96989 
96990 
96991 
96992 
96993 
96994 
96995 
96996 
96997 
96998 
96999 
97000 
97001 
97002 
97003 
97004 
97005 
97006 
97007 
97008 
97009 
97010 
97011 
97012 
97013 
97014 
97015 
97016 
97017 
97018 
97019 
97020 
97021 
97022 
97023 
97024 
97025 
97026 
97027 
97028 
97029 
97030 
97031 
97032 
97033 
97034 
97035 
97036 
97037 
97038 
97039 
97040 
97041 
97042 
97043 
97044 
97045 
97046 
97047 
97048 
97049 
97050 
97051 
97052 
97053 
97054 
97055 
97056 
97057 
97058 
97059 
97060 
97061 
97062 
97063 
97064 
97065 
97066 
97067 
97068 
97069 
97070 
97071 
97072 
97073 
97074 
97075 
97076 
97077 
97078 
97079 
97080 
97081 
97082 
97083 
97084 
97085 
97086 
97087 
97088 
97089 
97090 
97091 
97092 
97093 
97094 
97095 
97096 
97097 
97098 
97099 
97100 
97101 
97102 
97103 
97104 
97105 
97106 
97107 
97108 
97109 
97110 
97111 
97112 
97113 
97114 
97115 
97116 
97117 
97118 
97119 
97120 
97121 
97122 
97123 
97124 
97125 
97126 
97127 
97128 
97129 
97130 
97131 
97132 
97133 
97134 
97135 
97136 
97137 
97138 
97139 
97140 
97141 
97142 
97143 
97144 
97145 
97146 
97147 
97148 
97149 
97150 
97151 
97152 
97153 
97154 
97155 
97156 
97157 
97158 
97159 
97160 
97161 
97162 
97163 
97164 
97165 
97166 
97167 
97168 
97169 
97170 
97171 
97172 
97173 
97174 
97175 
97176 
97177 
97178 
97179 
97180 
97181 
97182 
97183 
97184 
97185 
97186 
97187 
97188 
97189 
97190 
97191 
97192 
97193 
97194 
97195 
97196 
97197 
97198 
97199 
97200 
97201 
97202 
97203 
97204 
97205 
97206 
97207 
97208 
97209 
97210 
97211 
97212 
97213 
97214 
97215 
97216 
97217 
97218 
97219 
97220 
97221 
97222 
97223 
97224 
97225 
97226 
97227 
97228 
97229 
97230 
97231 
97232 
97233 
97234 
97235 
97236 
97237 
97238 
97239 
97240 
97241 
97242 
97243 
97244 
97245 
97246 
97247 
97248 
97249 
97250 
97251 
97252 
97253 
97254 
97255 
97256 
97257 
97258 
97259 
97260 
97261 
97262 
97263 
97264 
97265 
97266 
97267 
97268 
97269 
97270 
97271 
97272 
97273 
97274 
97275 
97276 
97277 
97278 
97279 
97280 
97281 
97282 
97283 
97284 
97285 
97286 
97287 
97288 
97289 
97290 
97291 
97292 
97293 
97294 
97295 
97296 
97297 
97298 
97299 
97300 
97301 
97302 
97303 
97304 
97305 
97306 
97307 
97308 
97309 
97310 
97311 
97312 
97313 
97314 
97315 
97316 
97317 
97318 
97319 
97320 
97321 
97322 
97323 
97324 
97325 
97326 
97327 
97328 
97329 
97330 
97331 
97332 
97333 
97334 
97335 
97336 
97337 
97338 
97339 
97340 
97341 
97342 
97343 
97344 
97345 
97346 
97347 
97348 
97349 
97350 
97351 
97352 
97353 
97354 
97355 
97356 
97357 
97358 
97359 
97360 
97361 
97362 
97363 
97364 
97365 
97366 
97367 
97368 
97369 
97370 
97371 
97372 
97373 
97374 
97375 
97376 
97377 
97378 
97379 
97380 
97381 
97382 
97383 
97384 
97385 
97386 
97387 
97388 
97389 
97390 
97391 
97392 
97393 
97394 
97395 
97396 
97397 
97398 
97399 
97400 
97401 
97402 
97403 
97404 
97405 
97406 
97407 
97408 
97409 
97410 
97411 
97412 
97413 
97414 
97415 
97416 
97417 
97418 
97419 
97420 
97421 
97422 
97423 
97424 
97425 
97426 
97427 
97428 
97429 
97430 
97431 
97432 
97433 
97434 
97435 
97436 
97437 
97438 
97439 
97440 
97441 
97442 
97443 
97444 
97445 
97446 
97447 
97448 
97449 
97450 
97451 
97452 
97453 
97454 
97455 
97456 
97457 
97458 
97459 
97460 
97461 
97462 
97463 
97464 
97465 
97466 
97467 
97468 
97469 
97470 
97471 
97472 
97473 
97474 
97475 
97476 
97477 
97478 
97479 
97480 
97481 
97482 
97483 
97484 
97485 
97486 
97487 
97488 
97489 
97490 
97491 
97492 
97493 
97494 
97495 
97496 
97497 
97498 
97499 
97500 
97501 
97502 
97503 
97504 
97505 
97506 
97507 
97508 
97509 
97510 
97511 
97512 
97513 
97514 
97515 
97516 
97517 
97518 
97519 
97520 
97521 
97522 
97523 
97524 
97525 
97526 
97527 
97528 
97529 
97530 
97531 
97532 
97533 
97534 
97535 
97536 
97537 
97538 
97539 
97540 
97541 
97542 
97543 
97544 
97545 
97546 
97547 
97548 
97549 
97550 
97551 
97552 
97553 
97554 
97555 
97556 
97557 
97558 
97559 
97560 
97561 
97562 
97563 
97564 
97565 
97566 
97567 
97568 
97569 
97570 
97571 
97572 
97573 
97574 
97575 
97576 
97577 
97578 
97579 
97580 
97581 
97582 
97583 
97584 
97585 
97586 
97587 
97588 
97589 
97590 
97591 
97592 
97593 
97594 
97595 
97596 
97597 
97598 
97599 
97600 
97601 
97602 
97603 
97604 
97605 
97606 
97607 
97608 
97609 
97610 
97611 
97612 
97613 
97614 
97615 
97616 
97617 
97618 
97619 
97620 
97621 
97622 
97623 
97624 
97625 
97626 
97627 
97628 
97629 
97630 
97631 
97632 
97633 
97634 
97635 
97636 
97637 
97638 
97639 
97640 
97641 
97642 
97643 
97644 
97645 
97646 
97647 
97648 
97649 
97650 
97651 
97652 
97653 
97654 
97655 
97656 
97657 
97658 
97659 
97660 
97661 
97662 
97663 
97664 
97665 
97666 
97667 
97668 
97669 
97670 
97671 
97672 
97673 
97674 
97675 
97676 
97677 
97678 
97679 
97680 
97681 
97682 
97683 
97684 
97685 
97686 
97687 
97688 
97689 
97690 
97691 
97692 
97693 
97694 
97695 
97696 
97697 
97698 
97699 
97700 
97701 
97702 
97703 
97704 
97705 
97706 
97707 
97708 
97709 
97710 
97711 
97712 
97713 
97714 
97715 
97716 
97717 
97718 
97719 
97720 
97721 
97722 
97723 
97724 
97725 
97726 
97727 
97728 
97729 
97730 
97731 
97732 
97733 
97734 
97735 
97736 
97737 
97738 
97739 
97740 
97741 
97742 
97743 
97744 
97745 
97746 
97747 
97748 
97749 
97750 
97751 
97752 
97753 
97754 
97755 
97756 
97757 
97758 
97759 
97760 
97761 
97762 
97763 
97764 
97765 
97766 
97767 
97768 
97769 
97770 
97771 
97772 
97773 
97774 
97775 
97776 
97777 
97778 
97779 
97780 
97781 
97782 
97783 
97784 
97785 
97786 
97787 
97788 
97789 
97790 
97791 
97792 
97793 
97794 
97795 
97796 
97797 
97798 
97799 
97800 
97801 
97802 
97803 
97804 
97805 
97806 
97807 
97808 
97809 
97810 
97811 
97812 
97813 
97814 
97815 
97816 
97817 
97818 
97819 
97820 
97821 
97822 
97823 
97824 
97825 
97826 
97827 
97828 
97829 
97830 
97831 
97832 
97833 
97834 
97835 
97836 
97837 
97838 
97839 
97840 
97841 
97842 
97843 
97844 
97845 
97846 
97847 
97848 
97849 
97850 
97851 
97852 
97853 
97854 
97855 
97856 
97857 
97858 
97859 
97860 
97861 
97862 
97863 
97864 
97865 
97866 
97867 
97868 
97869 
97870 
97871 
97872 
97873 
97874 
97875 
97876 
97877 
97878 
97879 
97880 
97881 
97882 
97883 
97884 
97885 
97886 
97887 
97888 
97889 
97890 
97891 
97892 
97893 
97894 
97895 
97896 
97897 
97898 
97899 
97900 
97901 
97902 
97903 
97904 
97905 
97906 
97907 
97908 
97909 
97910 
97911 
97912 
97913 
97914 
97915 
97916 
97917 
97918 
97919 
97920 
97921 
97922 
97923 
97924 
97925 
97926 
97927 
97928 
97929 
97930 
97931 
97932 
97933 
97934 
97935 
97936 
97937 
97938 
97939 
97940 
97941 
97942 
97943 
97944 
97945 
97946 
97947 
97948 
97949 
97950 
97951 
97952 
97953 
97954 
97955 
97956 
97957 
97958 
97959 
97960 
97961 
97962 
97963 
97964 
97965 
97966 
97967 
97968 
97969 
97970 
97971 
97972 
97973 
97974 
97975 
97976 
97977 
97978 
97979 
97980 
97981 
97982 
97983 
97984 
97985 
97986 
97987 
97988 
97989 
97990 
97991 
97992 
97993 
97994 
97995 
97996 
97997 
97998 
97999 
98000 
98001 
98002 
98003 
98004 
98005 
98006 
98007 
98008 
98009 
98010 
98011 
98012 
98013 
98014 
98015 
98016 
98017 
98018 
98019 
98020 
98021 
98022 
98023 
98024 
98025 
98026 
98027 
98028 
98029 
98030 
98031 
98032 
98033 
98034 
98035 
98036 
98037 
98038 
98039 
98040 
98041 
98042 
98043 
98044 
98045 
98046 
98047 
98048 
98049 
98050 
98051 
98052 
98053 
98054 
98055 
98056 
98057 
98058 
98059 
98060 
98061 
98062 
98063 
98064 
98065 
98066 
98067 
98068 
98069 
98070 
98071 
98072 
98073 
98074 
98075 
98076 
98077 
98078 
98079 
98080 
98081 
98082 
98083 
98084 
98085 
98086 
98087 
98088 
98089 
98090 
98091 
98092 
98093 
98094 
98095 
98096 
98097 
98098 
98099 
98100 
98101 
98102 
98103 
98104 
98105 
98106 
98107 
98108 
98109 
98110 
98111 
98112 
98113 
98114 
98115 
98116 
98117 
98118 
98119 
98120 
98121 
98122 
98123 
98124 
98125 
98126 
98127 
98128 
98129 
98130 
98131 
98132 
98133 
98134 
98135 
98136 
98137 
98138 
98139 
98140 
98141 
98142 
98143 
98144 
98145 
98146 
98147 
98148 
98149 
98150 
98151 
98152 
98153 
98154 
98155 
98156 
98157 
98158 
98159 
98160 
98161 
98162 
98163 
98164 
98165 
98166 
98167 
98168 
98169 
98170 
98171 
98172 
98173 
98174 
98175 
98176 
98177 
98178 
98179 
98180 
98181 
98182 
98183 
98184 
98185 
98186 
98187 
98188 
98189 
98190 
98191 
98192 
98193 
98194 
98195 
98196 
98197 
98198 
98199 
98200 
98201 
98202 
98203 
98204 
98205 
98206 
98207 
98208 
98209 
98210 
98211 
98212 
98213 
98214 
98215 
98216 
98217 
98218 
98219 
98220 
98221 
98222 
98223 
98224 
98225 
98226 
98227 
98228 
98229 
98230 
98231 
98232 
98233 
98234 
98235 
98236 
98237 
98238 
98239 
98240 
98241 
98242 
98243 
98244 
98245 
98246 
98247 
98248 
98249 
98250 
98251 
98252 
98253 
98254 
98255 
98256 
98257 
98258 
98259 
98260 
98261 
98262 
98263 
98264 
98265 
98266 
98267 
98268 
98269 
98270 
98271 
98272 
98273 
98274 
98275 
98276 
98277 
98278 
98279 
98280 
98281 
98282 
98283 
98284 
98285 
98286 
98287 
98288 
98289 
98290 
98291 
98292 
98293 
98294 
98295 
98296 
98297 
98298 
98299 
98300 
98301 
98302 
98303 
98304 
98305 
98306 
98307 
98308 
98309 
98310 
98311 
98312 
98313 
98314 
98315 
98316 
98317 
98318 
98319 
98320 
98321 
98322 
98323 
98324 
98325 
98326 
98327 
98328 
98329 
98330 
98331 
98332 
98333 
98334 
98335 
98336 
98337 
98338 
98339 
98340 
98341 
98342 
98343 
98344 
98345 
98346 
98347 
98348 
98349 
98350 
98351 
98352 
98353 
98354 
98355 
98356 
98357 
98358 
98359 
98360 
98361 
98362 
98363 
98364 
98365 
98366 
98367 
98368 
98369 
98370 
98371 
98372 
98373 
98374 
98375 
98376 
98377 
98378 
98379 
98380 
98381 
98382 
98383 
98384 
98385 
98386 
98387 
98388 
98389 
98390 
98391 
98392 
98393 
98394 
98395 
98396 
98397 
98398 
98399 
98400 
98401 
98402 
98403 
98404 
98405 
98406 
98407 
98408 
98409 
98410 
98411 
98412 
98413 
98414 
98415 
98416 
98417 
98418 
98419 
98420 
98421 
98422 
98423 
98424 
98425 
98426 
98427 
98428 
98429 
98430 
98431 
98432 
98433 
98434 
98435 
98436 
98437 
98438 
98439 
98440 
98441 
98442 
98443 
98444 
98445 
98446 
98447 
98448 
98449 
98450 
98451 
98452 
98453 
98454 
98455 
98456 
98457 
98458 
98459 
98460 
98461 
98462 
98463 
98464 
98465 
98466 
98467 
98468 
98469 
98470 
98471 
98472 
98473 
98474 
98475 
98476 
98477 
98478 
98479 
98480 
98481 
98482 
98483 
98484 
98485 
98486 
98487 
98488 
98489 
98490 
98491 
98492 
98493 
98494 
98495 
98496 
98497 
98498 
98499 
98500 
98501 
98502 
98503 
98504 
98505 
98506 
98507 
98508 
98509 
98510 
98511 
98512 
98513 
98514 
98515 
98516 
98517 
98518 
98519 
98520 
98521 
98522 
98523 
98524 
98525 
98526 
98527 
98528 
98529 
98530 
98531 
98532 
98533 
98534 
98535 
98536 
98537 
98538 
98539 
98540 
98541 
98542 
98543 
98544 
98545 
98546 
98547 
98548 
98549 
98550 
98551 
98552 
98553 
98554 
98555 
98556 
98557 
98558 
98559 
98560 
98561 
98562 
98563 
98564 
98565 
98566 
98567 
98568 
98569 
98570 
98571 
98572 
98573 
98574 
98575 
98576 
98577 
98578 
98579 
98580 
98581 
98582 
98583 
98584 
98585 
98586 
98587 
98588 
98589 
98590 
98591 
98592 
98593 
98594 
98595 
98596 
98597 
98598 
98599 
98600 
98601 
98602 
98603 
98604 
98605 
98606 
98607 
98608 
98609 
98610 
98611 
98612 
98613 
98614 
98615 
98616 
98617 
98618 
98619 
98620 
98621 
98622 
98623 
98624 
98625 
98626 
98627 
98628 
98629 
98630 
98631 
98632 
98633 
98634 
98635 
98636 
98637 
98638 
98639 
98640 
98641 
98642 
98643 
98644 
98645 
98646 
98647 
98648 
98649 
98650 
98651 
98652 
98653 
98654 
98655 
98656 
98657 
98658 
98659 
98660 
98661 
98662 
98663 
98664 
98665 
98666 
98667 
98668 
98669 
98670 
98671 
98672 
98673 
98674 
98675 
98676 
98677 
98678 
98679 
98680 
98681 
98682 
98683 
98684 
98685 
98686 
98687 
98688 
98689 
98690 
98691 
98692 
98693 
98694 
98695 
98696 
98697 
98698 
98699 
98700 
98701 
98702 
98703 
98704 
98705 
98706 
98707 
98708 
98709 
98710 
98711 
98712 
98713 
98714 
98715 
98716 
98717 
98718 
98719 
98720 
98721 
98722 
98723 
98724 
98725 
98726 
98727 
98728 
98729 
98730 
98731 
98732 
98733 
98734 
98735 
98736 
98737 
98738 
98739 
98740 
98741 
98742 
98743 
98744 
98745 
98746 
98747 
98748 
98749 
98750 
98751 
98752 
98753 
98754 
98755 
98756 
98757 
98758 
98759 
98760 
98761 
98762 
98763 
98764 
98765 
98766 
98767 
98768 
98769 
98770 
98771 
98772 
98773 
98774 
98775 
98776 
98777 
98778 
98779 
98780 
98781 
98782 
98783 
98784 
98785 
98786 
98787 
98788 
98789 
98790 
98791 
98792 
98793 
98794 
98795 
98796 
98797 
98798 
98799 
98800 
98801 
98802 
98803 
98804 
98805 
98806 
98807 
98808 
98809 
98810 
98811 
98812 
98813 
98814 
98815 
98816 
98817 
98818 
98819 
98820 
98821 
98822 
98823 
98824 
98825 
98826 
98827 
98828 
98829 
98830 
98831 
98832 
98833 
98834 
98835 
98836 
98837 
98838 
98839 
98840 
98841 
98842 
98843 
98844 
98845 
98846 
98847 
98848 
98849 
98850 
98851 
98852 
98853 
98854 
98855 
98856 
98857 
98858 
98859 
98860 
98861 
98862 
98863 
98864 
98865 
98866 
98867 
98868 
98869 
98870 
98871 
98872 
98873 
98874 
98875 
98876 
98877 
98878 
98879 
98880 
98881 
98882 
98883 
98884 
98885 
98886 
98887 
98888 
98889 
98890 
98891 
98892 
98893 
98894 
98895 
98896 
98897 
98898 
98899 
98900 
98901 
98902 
98903 
98904 
98905 
98906 
98907 
98908 
98909 
98910 
98911 
98912 
98913 
98914 
98915 
98916 
98917 
98918 
98919 
98920 
98921 
98922 
98923 
98924 
98925 
98926 
98927 
98928 
98929 
98930 
98931 
98932 
98933 
98934 
98935 
98936 
98937 
98938 
98939 
98940 
98941 
98942 
98943 
98944 
98945 
98946 
98947 
98948 
98949 
98950 
98951 
98952 
98953 
98954 
98955 
98956 
98957 
98958 
98959 
98960 
98961 
98962 
98963 
98964 
98965 
98966 
98967 
98968 
98969 
98970 
98971 
98972 
98973 
98974 
98975 
98976 
98977 
98978 
98979 
98980 
98981 
98982 
98983 
98984 
98985 
98986 
98987 
98988 
98989 
98990 
98991 
98992 
98993 
98994 
98995 
98996 
98997 
98998 
98999 
99000 
99001 
99002 
99003 
99004 
99005 
99006 
99007 
99008 
99009 
99010 
99011 
99012 
99013 
99014 
99015 
99016 
99017 
99018 
99019 
99020 
99021 
99022 
99023 
99024 
99025 
99026 
99027 
99028 
99029 
99030 
99031 
99032 
99033 
99034 
99035 
99036 
99037 
99038 
99039 
99040 
99041 
99042 
99043 
99044 
99045 
99046 
99047 
99048 
99049 
99050 
99051 
99052 
99053 
99054 
99055 
99056 
99057 
99058 
99059 
99060 
99061 
99062 
99063 
99064 
99065 
99066 
99067 
99068 
99069 
99070 
99071 
99072 
99073 
99074 
99075 
99076 
99077 
99078 
99079 
99080 
99081 
99082 
99083 
99084 
99085 
99086 
99087 
99088 
99089 
99090 
99091 
99092 
99093 
99094 
99095 
99096 
99097 
99098 
99099 
99100 
99101 
99102 
99103 
99104 
99105 
99106 
99107 
99108 
99109 
99110 
99111 
99112 
99113 
99114 
99115 
99116 
99117 
99118 
99119 
99120 
99121 
99122 
99123 
99124 
99125 
99126 
99127 
99128 
99129 
99130 
99131 
99132 
99133 
99134 
99135 
99136 
99137 
99138 
99139 
99140 
99141 
99142 
99143 
99144 
99145 
99146 
99147 
99148 
99149 
99150 
99151 
99152 
99153 
99154 
99155 
99156 
99157 
99158 
99159 
99160 
99161 
99162 
99163 
99164 
99165 
99166 
99167 
99168 
99169 
99170 
99171 
99172 
99173 
99174 
99175 
99176 
99177 
99178 
99179 
99180 
99181 
99182 
99183 
99184 
99185 
99186 
99187 
99188 
99189 
99190 
99191 
99192 
99193 
99194 
99195 
99196 
99197 
99198 
99199 
99200 
99201 
99202 
99203 
99204 
99205 
99206 
99207 
99208 
99209 
99210 
99211 
99212 
99213 
99214 
99215 
99216 
99217 
99218 
99219 
99220 
99221 
99222 
99223 
99224 
99225 
99226 
99227 
99228 
99229 
99230 
99231 
99232 
99233 
99234 
99235 
99236 
99237 
99238 
99239 
99240 
99241 
99242 
99243 
99244 
99245 
99246 
99247 
99248 
99249 
99250 
99251 
99252 
99253 
99254 
99255 
99256 
99257 
99258 
99259 
99260 
99261 
99262 
99263 
99264 
99265 
99266 
99267 
99268 
99269 
99270 
99271 
99272 
99273 
99274 
99275 
99276 
99277 
99278 
99279 
99280 
99281 
99282 
99283 
99284 
99285 
99286 
99287 
99288 
99289 
99290 
99291 
99292 
99293 
99294 
99295 
99296 
99297 
99298 
99299 
99300 
99301 
99302 
99303 
99304 
99305 
99306 
99307 
99308 
99309 
99310 
99311 
99312 
99313 
99314 
99315 
99316 
99317 
99318 
99319 
99320 
99321 
99322 
99323 
99324 
99325 
99326 
99327 
99328 
99329 
99330 
99331 
99332 
99333 
99334 
99335 
99336 
99337 
99338 
99339 
99340 
99341 
99342 
99343 
99344 
99345 
99346 
99347 
99348 
99349 
99350 
99351 
99352 
99353 
99354 
99355 
99356 
99357 
99358 
99359 
105840 
105841 
105842 
105843 
105844 
105845 
105846 
105847 
105848 
105849 
105850 
105851 
105852 
105853 
105854 
105855 
105856 
105857 
105858 
105859 
105860 
105861 
105862 
105863 
105864 
105865 
105866 
105867 
105868 
105869 
105870 
105871 
105872 
105873 
105874 
105875 
105876 
105877 
105878 
105879 
105880 
105881 
105882 
105883 
105884 
105885 
105886 
105887 
105888 
105889 
105890 
105891 
105892 
105893 
105894 
105895 
105896 
105897 
105898 
105899 
105900 
105901 
105902 
105903 
105904 
105905 
105906 
105907 
105908 
105909 
105910 
105911 
105912 
105913 
105914 
105915 
105916 
105917 
105918 
105919 
105920 
105921 
105922 
105923 
105924 
105925 
105926 
105927 
105928 
105929 
105930 
105931 
105932 
105933 
105934 
105935 
105936 
105937 
105938 
105939 
105940 
105941 
105942 
105943 
105944 
105945 
105946 
105947 
105948 
105949 
105950 
105951 
105952 
105953 
105954 
105955 
105956 
105957 
105958 
105959 
105960 
105961 
105962 
105963 
105964 
105965 
105966 
105967 
105968 
105969 
105970 
105971 
105972 
105973 
105974 
105975 
105976 
105977 
105978 
105979 
105980 
105981 
105982 
105983 
105984 
105985 
105986 
105987 
105988 
105989 
105990 
105991 
105992 
105993 
105994 
105995 
105996 
105997 
105998 
105999 
106000 
106001 
106002 
106003 
106004 
106005 
106006 
106007 
106008 
106009 
106010 
106011 
106012 
106013 
106014 
106015 
106016 
106017 
106018 
106019 
106020 
106021 
106022 
106023 
106024 
106025 
106026 
106027 
106028 
106029 
106030 
106031 
106032 
106033 
106034 
106035 
106036 
106037 
106038 
106039 
106040 
106041 
106042 
106043 
106044 
106045 
106046 
106047 
106048 
106049 
106050 
106051 
106052 
106053 
106054 
106055 
106056 
106057 
106058 
106059 
106060 
106061 
106062 
106063 
106064 
106065 
106066 
106067 
106068 
106069 
106070 
106071 
106072 
106073 
106074 
106075 
106076 
106077 
106078 
106079 
106080 
106081 
106082 
106083 
106084 
106085 
106086 
106087 
106088 
106089 
106090 
106091 
106092 
106093 
106094 
106095 
106096 
106097 
106098 
106099 
106100 
106101 
106102 
106103 
106104 
106105 
106106 
106107 
106108 
106109 
106110 
106111 
106112 
106113 
106114 
106115 
106116 
106117 
106118 
106119 
106120 
106121 
106122 
106123 
106124 
106125 
106126 
106127 
106128 
106129 
106130 
106131 
106132 
106133 
106134 
106135 
106136 
106137 
106138 
106139 
106140 
106141 
106142 
106143 
106144 
106145 
106146 
106147 
106148 
106149 
106150 
106151 
106152 
106153 
106154 
106155 
106156 
106157 
106158 
106159 
106160 
106161 
106162 
106163 
106164 
106165 
106166 
106167 
106168 
106169 
106170 
106171 
106172 
106173 
106174 
106175 
106176 
106177 
106178 
106179 
106180 
106181 
106182 
106183 
106184 
106185 
106186 
106187 
106188 
106189 
106190 
106191 
106192 
106193 
106194 
106195 
106196 
106197 
106198 
106199 
106200 
106201 
106202 
106203 
106204 
106205 
106206 
106207 
106208 
106209 
106210 
106211 
106212 
106213 
106214 
106215 
106216 
106217 
106218 
106219 
106220 
106221 
106222 
106223 
106224 
106225 
106226 
106227 
106228 
106229 
106230 
106231 
106232 
106233 
106234 
106235 
106236 
106237 
106238 
106239 
106240 
106241 
106242 
106243 
106244 
106245 
106246 
106247 
106248 
106249 
106250 
106251 
106252 
106253 
106254 
106255 
106256 
106257 
106258 
106259 
106260 
106261 
106262 
106263 
106264 
106265 
106266 
106267 
106268 
106269 
106270 
106271 
106272 
106273 
106274 
106275 
106276 
106277 
106278 
106279 
106280 
106281 
106282 
106283 
106284 
106285 
106286 
106287 
106288 
106289 
106290 
106291 
106292 
106293 
106294 
106295 
106296 
106297 
106298 
106299 
106300 
106301 
106302 
106303 
106304 
106305 
106306 
106307 
106308 
106309 
106310 
106311 
106312 
106313 
106314 
106315 
106316 
106317 
106318 
106319 
106320 
106321 
106322 
106323 
106324 
106325 
106326 
106327 
106328 
106329 
106330 
106331 
106332 
106333 
106334 
106335 
106336 
106337 
106338 
106339 
106340 
106341 
106342 
106343 
106344 
106345 
106346 
106347 
106348 
106349 
106350 
106351 
106352 
106353 
106354 
106355 
106356 
106357 
106358 
106359 
106360 
106361 
106362 
106363 
106364 
106365 
106366 
106367 
106368 
106369 
106370 
106371 
106372 
106373 
106374 
106375 
106376 
106377 
106378 
106379 
106380 
106381 
106382 
106383 
106384 
106385 
106386 
106387 
106388 
106389 
106390 
106391 
106392 
106393 
106394 
106395 
106396 
106397 
106398 
106399 
106400 
106401 
106402 
106403 
106404 
106405 
106406 
106407 
106408 
106409 
106410 
106411 
106412 
106413 
106414 
106415 
106416 
106417 
106418 
106419 
106420 
106421 
106422 
106423 
106424 
106425 
106426 
106427 
106428 
106429 
106430 
106431 
106432 
106433 
106434 
106435 
106436 
106437 
106438 
106439 
106440 
106441 
106442 
106443 
106444 
106445 
106446 
106447 
106448 
106449 
106450 
106451 
106452 
106453 
106454 
106455 
106456 
106457 
106458 
106459 
106460 
106461 
106462 
106463 
106464 
106465 
106466 
106467 
106468 
106469 
106470 
106471 
106472 
106473 
106474 
106475 
106476 
106477 
106478 
106479 
106480 
106481 
106482 
106483 
106484 
106485 
106486 
106487 
106488 
106489 
106490 
106491 
106492 
106493 
106494 
106495 
106496 
106497 
106498 
106499 
106500 
106501 
106502 
106503 
106504 
106505 
106506 
106507 
106508 
106509 
106510 
106511 
106512 
106513 
106514 
106515 
106516 
106517 
106518 
106519 
106520 
106521 
106522 
106523 
106524 
106525 
106526 
106527 
106528 
106529 
106530 
106531 
106532 
106533 
106534 
106535 
106536 
106537 
106538 
106539 
106540 
106541 
106542 
106543 
106544 
106545 
106546 
106547 
106548 
106549 
106550 
106551 
106552 
106553 
106554 
106555 
106556 
106557 
106558 
106559 
106560 
106561 
106562 
106563 
106564 
106565 
106566 
106567 
106568 
106569 
106570 
106571 
106572 
106573 
106574 
106575 
106576 
106577 
106578 
106579 
106580 
106581 
106582 
106583 
106584 
106585 
106586 
106587 
106588 
106589 
106590 
106591 
106592 
106593 
106594 
106595 
106596 
106597 
106598 
106599 
106600 
106601 
106602 
106603 
106604 
106605 
106606 
106607 
106608 
106609 
106610 
106611 
106612 
106613 
106614 
106615 
106616 
106617 
106618 
106619 
106620 
106621 
106622 
106623 
106624 
106625 
106626 
106627 
106628 
106629 
106630 
106631 
106632 
106633 
106634 
106635 
106636 
106637 
106638 
106639 
106640 
106641 
106642 
106643 
106644 
106645 
106646 
106647 
106648 
106649 
106650 
106651 
106652 
106653 
106654 
106655 
106656 
106657 
106658 
106659 
106660 
106661 
106662 
106663 
106664 
106665 
106666 
106667 
106668 
106669 
106670 
106671 
106672 
106673 
106674 
106675 
106676 
106677 
106678 
106679 
106680 
106681 
106682 
106683 
106684 
106685 
106686 
106687 
106688 
106689 
106690 
106691 
106692 
106693 
106694 
106695 
106696 
106697 
106698 
106699 
106700 
106701 
106702 
106703 
106704 
106705 
106706 
106707 
106708 
106709 
106710 
106711 
106712 
106713 
106714 
106715 
106716 
106717 
106718 
106719 
106720 
106721 
106722 
106723 
106724 
106725 
106726 
106727 
106728 
106729 
106730 
106731 
106732 
106733 
106734 
106735 
106736 
106737 
106738 
106739 
106740 
106741 
106742 
106743 
106744 
106745 
106746 
106747 
106748 
106749 
106750 
106751 
106752 
106753 
106754 
106755 
106756 
106757 
106758 
106759 
106760 
106761 
106762 
106763 
106764 
106765 
106766 
106767 
106768 
106769 
106770 
106771 
106772 
106773 
106774 
106775 
106776 
106777 
106778 
106779 
106780 
106781 
106782 
106783 
106784 
106785 
106786 
106787 
106788 
106789 
106790 
106791 
106792 
106793 
106794 
106795 
106796 
106797 
106798 
106799 
106800 
106801 
106802 
106803 
106804 
106805 
106806 
106807 
106808 
106809 
106810 
106811 
106812 
106813 
106814 
106815 
106816 
106817 
106818 
106819 
106820 
106821 
106822 
106823 
106824 
106825 
106826 
106827 
106828 
106829 
106830 
106831 
106832 
106833 
106834 
106835 
106836 
106837 
106838 
106839 
106840 
106841 
106842 
106843 
106844 
106845 
106846 
106847 
106848 
106849 
106850 
106851 
106852 
106853 
106854 
106855 
106856 
106857 
106858 
106859 
106860 
106861 
106862 
106863 
106864 
106865 
106866 
106867 
106868 
106869 
106870 
106871 
106872 
106873 
106874 
106875 
106876 
106877 
106878 
106879 
106880 
106881 
106882 
106883 
106884 
106885 
106886 
106887 
106888 
106889 
106890 
106891 
106892 
106893 
106894 
106895 
106896 
106897 
106898 
106899 
106900 
106901 
106902 
106903 
106904 
106905 
106906 
106907 
106908 
106909 
106910 
106911 
106912 
106913 
106914 
106915 
106916 
106917 
106918 
106919 
106920 
106921 
106922 
106923 
106924 
106925 
106926 
106927 
106928 
106929 
106930 
106931 
106932 
106933 
106934 
106935 
106936 
106937 
106938 
106939 
106940 
106941 
106942 
106943 
106944 
106945 
106946 
106947 
106948 
106949 
106950 
106951 
106952 
106953 
106954 
106955 
106956 
106957 
106958 
106959 
106960 
106961 
106962 
106963 
106964 
106965 
106966 
106967 
106968 
106969 
106970 
106971 
106972 
106973 
106974 
106975 
106976 
106977 
106978 
106979 
106980 
106981 
106982 
106983 
106984 
106985 
106986 
106987 
106988 
106989 
106990 
106991 
106992 
106993 
106994 
106995 
106996 
106997 
106998 
106999 
107000 
107001 
107002 
107003 
107004 
107005 
107006 
107007 
107008 
107009 
107010 
107011 
107012 
107013 
107014 
107015 
107016 
107017 
107018 
107019 
107020 
107021 
107022 
107023 
107024 
107025 
107026 
107027 
107028 
107029 
107030 
107031 
107032 
107033 
107034 
107035 
107036 
107037 
107038 
107039 
107040 
107041 
107042 
107043 
107044 
107045 
107046 
107047 
107048 
107049 
107050 
107051 
107052 
107053 
107054 
107055 
107056 
107057 
107058 
107059 
107060 
107061 
107062 
107063 
107064 
107065 
107066 
107067 
107068 
107069 
107070 
107071 
107072 
107073 
107074 
107075 
107076 
107077 
107078 
107079 
107080 
107081 
107082 
107083 
107084 
107085 
107086 
107087 
107088 
107089 
107090 
107091 
107092 
107093 
107094 
107095 
107096 
107097 
107098 
107099 
107100 
107101 
107102 
107103 
107104 
107105 
107106 
107107 
107108 
107109 
107110 
107111 
107112 
107113 
107114 
107115 
107116 
107117 
107118 
107119 
107120 
107121 
107122 
107123 
107124 
107125 
107126 
107127 
107128 
107129 
107130 
107131 
107132 
107133 
107134 
107135 
107136 
107137 
107138 
107139 
107140 
107141 
107142 
107143 
107144 
107145 
107146 
107147 
107148 
107149 
107150 
107151 
107152 
107153 
107154 
107155 
107156 
107157 
107158 
107159 
107160 
107161 
107162 
107163 
107164 
107165 
107166 
107167 
107168 
107169 
107170 
107171 
107172 
107173 
107174 
107175 
107176 
107177 
107178 
107179 
107180 
107181 
107182 
107183 
107184 
107185 
107186 
107187 
107188 
107189 
107190 
107191 
107192 
107193 
107194 
107195 
107196 
107197 
107198 
107199 
107200 
107201 
107202 
107203 
107204 
107205 
107206 
107207 
107208 
107209 
107210 
107211 
107212 
107213 
107214 
107215 
107216 
107217 
107218 
107219 
107220 
107221 
107222 
107223 
107224 
107225 
107226 
107227 
107228 
107229 
107230 
107231 
107232 
107233 
107234 
107235 
107236 
107237 
107238 
107239 
107240 
107241 
107242 
107243 
107244 
107245 
107246 
107247 
107248 
107249 
107250 
107251 
107252 
107253 
107254 
107255 
107256 
107257 
107258 
107259 
107260 
107261 
107262 
107263 
107264 
107265 
107266 
107267 
107268 
107269 
107270 
107271 
107272 
107273 
107274 
107275 
107276 
107277 
107278 
107279 
107280 
107281 
107282 
107283 
107284 
107285 
107286 
107287 
107288 
107289 
107290 
107291 
107292 
107293 
107294 
107295 
107296 
107297 
107298 
107299 
107300 
107301 
107302 
107303 
107304 
107305 
107306 
107307 
107308 
107309 
107310 
107311 
107312 
107313 
107314 
107315 
107316 
107317 
107318 
107319 
107320 
107321 
107322 
107323 
107324 
107325 
107326 
107327 
107328 
107329 
107330 
107331 
107332 
107333 
107334 
107335 
107336 
107337 
107338 
107339 
107340 
107341 
107342 
107343 
107344 
107345 
107346 
107347 
107348 
107349 
107350 
107351 
107352 
107353 
107354 
107355 
107356 
107357 
107358 
107359 
107360 
107361 
107362 
107363 
107364 
107365 
107366 
107367 
107368 
107369 
107370 
107371 
107372 
107373 
107374 
107375 
107376 
107377 
107378 
107379 
107380 
107381 
107382 
107383 
107384 
107385 
107386 
107387 
107388 
107389 
107390 
107391 
107392 
107393 
107394 
107395 
107396 
107397 
107398 
107399 
107400 
107401 
107402 
107403 
107404 
107405 
107406 
107407 
107408 
107409 
107410 
107411 
107412 
107413 
107414 
107415 
107416 
107417 
107418 
107419 
107420 
107421 
107422 
107423 
107424 
107425 
107426 
107427 
107428 
107429 
107430 
107431 
107432 
107433 
107434 
107435 
107436 
107437 
107438 
107439 
107440 
107441 
107442 
107443 
107444 
107445 
107446 
107447 
107448 
107449 
107450 
107451 
107452 
107453 
107454 
107455 
107456 
107457 
107458 
107459 
107460 
107461 
107462 
107463 
107464 
107465 
107466 
107467 
107468 
107469 
107470 
107471 
107472 
107473 
107474 
107475 
107476 
107477 
107478 
107479 
107480 
107481 
107482 
107483 
107484 
107485 
107486 
107487 
107488 
107489 
107490 
107491 
107492 
107493 
107494 
107495 
107496 
107497 
107498 
107499 
107500 
107501 
107502 
107503 
107504 
107505 
107506 
107507 
107508 
107509 
107510 
107511 
107512 
107513 
107514 
107515 
107516 
107517 
107518 
107519 
107520 
107521 
107522 
107523 
107524 
107525 
107526 
107527 
107528 
107529 
107530 
107531 
107532 
107533 
107534 
107535 
107536 
107537 
107538 
107539 
107540 
107541 
107542 
107543 
107544 
107545 
107546 
107547 
107548 
107549 
107550 
107551 
107552 
107553 
107554 
107555 
107556 
107557 
107558 
107559 
107560 
107561 
107562 
107563 
107564 
107565 
107566 
107567 
107568 
107569 
107570 
107571 
107572 
107573 
107574 
107575 
107576 
107577 
107578 
107579 
107580 
107581 
107582 
107583 
107584 
107585 
107586 
107587 
107588 
107589 
107590 
107591 
107592 
107593 
107594 
107595 
107596 
107597 
107598 
107599 
107600 
107601 
107602 
107603 
107604 
107605 
107606 
107607 
107608 
107609 
107610 
107611 
107612 
107613 
107614 
107615 
107616 
107617 
107618 
107619 
107620 
107621 
107622 
107623 
107624 
107625 
107626 
107627 
107628 
107629 
107630 
107631 
107632 
107633 
107634 
107635 
107636 
107637 
107638 
107639 
107640 
107641 
107642 
107643 
107644 
107645 
107646 
107647 
107648 
107649 
107650 
107651 
107652 
107653 
107654 
107655 
107656 
107657 
107658 
107659 
107660 
107661 
107662 
107663 
107664 
107665 
107666 
107667 
107668 
107669 
107670 
107671 
107672 
107673 
107674 
107675 
107676 
107677 
107678 
107679 
107680 
107681 
107682 
107683 
107684 
107685 
107686 
107687 
107688 
107689 
107690 
107691 
107692 
107693 
107694 
107695 
107696 
107697 
107698 
107699 
107700 
107701 
107702 
107703 
107704 
107705 
107706 
107707 
107708 
107709 
107710 
107711 
107712 
107713 
107714 
107715 
107716 
107717 
107718 
107719 
107720 
107721 
107722 
107723 
107724 
107725 
107726 
107727 
107728 
107729 
107730 
107731 
107732 
107733 
107734 
107735 
107736 
107737 
107738 
107739 
107740 
107741 
107742 
107743 
107744 
107745 
107746 
107747 
107748 
107749 
107750 
107751 
107752 
107753 
107754 
107755 
107756 
107757 
107758 
107759 
107760 
107761 
107762 
107763 
107764 
107765 
107766 
107767 
107768 
107769 
107770 
107771 
107772 
107773 
107774 
107775 
107776 
107777 
107778 
107779 
107780 
107781 
107782 
107783 
107784 
107785 
107786 
107787 
107788 
107789 
107790 
107791 
107792 
107793 
107794 
107795 
107796 
107797 
107798 
107799 
107800 
107801 
107802 
107803 
107804 
107805 
107806 
107807 
107808 
107809 
107810 
107811 
107812 
107813 
107814 
107815 
107816 
107817 
107818 
107819 
107820 
107821 
107822 
107823 
107824 
107825 
107826 
107827 
107828 
107829 
107830 
107831 
107832 
107833 
107834 
107835 
107836 
107837 
107838 
107839 
107840 
107841 
107842 
107843 
107844 
107845 
107846 
107847 
107848 
107849 
107850 
107851 
107852 
107853 
107854 
107855 
107856 
107857 
107858 
107859 
107860 
107861 
107862 
107863 
107864 
107865 
107866 
107867 
107868 
107869 
107870 
107871 
107872 
107873 
107874 
107875 
107876 
107877 
107878 
107879 
107880 
107881 
107882 
107883 
107884 
107885 
107886 
107887 
107888 
107889 
107890 
107891 
107892 
107893 
107894 
107895 
107896 
107897 
107898 
107899 
107900 
107901 
107902 
107903 
107904 
107905 
107906 
107907 
107908 
107909 
107910 
107911 
107912 
107913 
107914 
107915 
107916 
107917 
107918 
107919 
107920 
107921 
107922 
107923 
107924 
107925 
107926 
107927 
107928 
107929 
107930 
107931 
107932 
107933 
107934 
107935 
107936 
107937 
107938 
107939 
107940 
107941 
107942 
107943 
107944 
107945 
107946 
107947 
107948 
107949 
107950 
107951 
107952 
107953 
107954 
107955 
107956 
107957 
107958 
107959 
107960 
107961 
107962 
107963 
107964 
107965 
107966 
107967 
107968 
107969 
107970 
107971 
107972 
107973 
107974 
107975 
107976 
107977 
107978 
107979 
107980 
107981 
107982 
107983 
107984 
107985 
107986 
107987 
107988 
107989 
107990 
107991 
107992 
107993 
107994 
107995 
107996 
107997 
107998 
107999 
110160 
110161 
110162 
110163 
110164 
110165 
110166 
110167 
110168 
110169 
110170 
110171 
110172 
110173 
110174 
110175 
110176 
110177 
110178 
110179 
110180 
110181 
110182 
110183 
110184 
110185 
110186 
110187 
110188 
110189 
110190 
110191 
110192 
110193 
110194 
110195 
110196 
110197 
110198 
110199 
110200 
110201 
110202 
110203 
110204 
110205 
110206 
110207 
110208 
110209 
110210 
110211 
110212 
110213 
110214 
110215 
110216 
110217 
110218 
110219 
110220 
110221 
110222 
110223 
110224 
110225 
110226 
110227 
110228 
110229 
110230 
110231 
110232 
110233 
110234 
110235 
110236 
110237 
110238 
110239 
110240 
110241 
110242 
110243 
110244 
110245 
110246 
110247 
110248 
110249 
110250 
110251 
110252 
110253 
110254 
110255 
110256 
110257 
110258 
110259 
110260 
110261 
110262 
110263 
110264 
110265 
110266 
110267 
110268 
110269 
110270 
110271 
110272 
110273 
110274 
110275 
110276 
110277 
110278 
110279 
110280 
110281 
110282 
110283 
110284 
110285 
110286 
110287 
110288 
110289 
110290 
110291 
110292 
110293 
110294 
110295 
110296 
110297 
110298 
110299 
110300 
110301 
110302 
110303 
110304 
110305 
110306 
110307 
110308 
110309 
110310 
110311 
110312 
110313 
110314 
110315 
110316 
110317 
110318 
110319 
110320 
110321 
110322 
110323 
110324 
110325 
110326 
110327 
110328 
110329 
110330 
110331 
110332 
110333 
110334 
110335 
110336 
110337 
110338 
110339 
110340 
110341 
110342 
110343 
110344 
110345 
110346 
110347 
110348 
110349 
110350 
110351 
110352 
110353 
110354 
110355 
110356 
110357 
110358 
110359 
110360 
110361 
110362 
110363 
110364 
110365 
110366 
110367 
110368 
110369 
110370 
110371 
110372 
110373 
110374 
110375 
110376 
110377 
110378 
110379 
110380 
110381 
110382 
110383 
110384 
110385 
110386 
110387 
110388 
110389 
110390 
110391 
110392 
110393 
110394 
110395 
110396 
110397 
110398 
110399 
110400 
110401 
110402 
110403 
110404 
110405 
110406 
110407 
110408 
110409 
110410 
110411 
110412 
110413 
110414 
110415 
110416 
110417 
110418 
110419 
110420 
110421 
110422 
110423 
110424 
110425 
110426 
110427 
110428 
110429 
110430 
110431 
110432 
110433 
110434 
110435 
110436 
110437 
110438 
110439 
110440 
110441 
110442 
110443 
110444 
110445 
110446 
110447 
110448 
110449 
110450 
110451 
110452 
110453 
110454 
110455 
110456 
110457 
110458 
110459 
110460 
110461 
110462 
110463 
110464 
110465 
110466 
110467 
110468 
110469 
110470 
110471 
110472 
110473 
110474 
110475 
110476 
110477 
110478 
110479 
110480 
110481 
110482 
110483 
110484 
110485 
110486 
110487 
110488 
110489 
110490 
110491 
110492 
110493 
110494 
110495 
110496 
110497 
110498 
110499 
110500 
110501 
110502 
110503 
110504 
110505 
110506 
110507 
110508 
110509 
110510 
110511 
110512 
110513 
110514 
110515 
110516 
110517 
110518 
110519 
110520 
110521 
110522 
110523 
110524 
110525 
110526 
110527 
110528 
110529 
110530 
110531 
110532 
110533 
110534 
110535 
110536 
110537 
110538 
110539 
110540 
110541 
110542 
110543 
110544 
110545 
110546 
110547 
110548 
110549 
110550 
110551 
110552 
110553 
110554 
110555 
110556 
110557 
110558 
110559 
110560 
110561 
110562 
110563 
110564 
110565 
110566 
110567 
110568 
110569 
110570 
110571 
110572 
110573 
110574 
110575 
110576 
110577 
110578 
110579 
110580 
110581 
110582 
110583 
110584 
110585 
110586 
110587 
110588 
110589 
110590 
110591 
110592 
110593 
110594 
110595 
110596 
110597 
110598 
110599 
110600 
110601 
110602 
110603 
110604 
110605 
110606 
110607 
110608 
110609 
110610 
110611 
110612 
110613 
110614 
110615 
110616 
110617 
110618 
110619 
110620 
110621 
110622 
110623 
110624 
110625 
110626 
110627 
110628 
110629 
110630 
110631 
110632 
110633 
110634 
110635 
110636 
110637 
110638 
110639 
110640 
110641 
110642 
110643 
110644 
110645 
110646 
110647 
110648 
110649 
110650 
110651 
110652 
110653 
110654 
110655 
110656 
110657 
110658 
110659 
110660 
110661 
110662 
110663 
110664 
110665 
110666 
110667 
110668 
110669 
110670 
110671 
110672 
110673 
110674 
110675 
110676 
110677 
110678 
110679 
110680 
110681 
110682 
110683 
110684 
110685 
110686 
110687 
110688 
110689 
110690 
110691 
110692 
110693 
110694 
110695 
110696 
110697 
110698 
110699 
110700 
110701 
110702 
110703 
110704 
110705 
110706 
110707 
110708 
110709 
110710 
110711 
110712 
110713 
110714 
110715 
110716 
110717 
110718 
110719 
110720 
110721 
110722 
110723 
110724 
110725 
110726 
110727 
110728 
110729 
110730 
110731 
110732 
110733 
110734 
110735 
110736 
110737 
110738 
110739 
110740 
110741 
110742 
110743 
110744 
110745 
110746 
110747 
110748 
110749 
110750 
110751 
110752 
110753 
110754 
110755 
110756 
110757 
110758 
110759 
110760 
110761 
110762 
110763 
110764 
110765 
110766 
110767 
110768 
110769 
110770 
110771 
110772 
110773 
110774 
110775 
110776 
110777 
110778 
110779 
110780 
110781 
110782 
110783 
110784 
110785 
110786 
110787 
110788 
110789 
110790 
110791 
110792 
110793 
110794 
110795 
110796 
110797 
110798 
110799 
110800 
110801 
110802 
110803 
110804 
110805 
110806 
110807 
110808 
110809 
110810 
110811 
110812 
110813 
110814 
110815 
110816 
110817 
110818 
110819 
110820 
110821 
110822 
110823 
110824 
110825 
110826 
110827 
110828 
110829 
110830 
110831 
110832 
110833 
110834 
110835 
110836 
110837 
110838 
110839 
110840 
110841 
110842 
110843 
110844 
110845 
110846 
110847 
110848 
110849 
110850 
110851 
110852 
110853 
110854 
110855 
110856 
110857 
110858 
110859 
110860 
110861 
110862 
110863 
110864 
110865 
110866 
110867 
110868 
110869 
110870 
110871 
110872 
110873 
110874 
110875 
110876 
110877 
110878 
110879 
110880 
110881 
110882 
110883 
110884 
110885 
110886 
110887 
110888 
110889 
110890 
110891 
110892 
110893 
110894 
110895 
110896 
110897 
110898 
110899 
110900 
110901 
110902 
110903 
110904 
110905 
110906 
110907 
110908 
110909 
110910 
110911 
110912 
110913 
110914 
110915 
110916 
110917 
110918 
110919 
110920 
110921 
110922 
110923 
110924 
110925 
110926 
110927 
110928 
110929 
110930 
110931 
110932 
110933 
110934 
110935 
110936 
110937 
110938 
110939 
110940 
110941 
110942 
110943 
110944 
110945 
110946 
110947 
110948 
110949 
110950 
110951 
110952 
110953 
110954 
110955 
110956 
110957 
110958 
110959 
110960 
110961 
110962 
110963 
110964 
110965 
110966 
110967 
110968 
110969 
110970 
110971 
110972 
110973 
110974 
110975 
110976 
110977 
110978 
110979 
110980 
110981 
110982 
110983 
110984 
110985 
110986 
110987 
110988 
110989 
110990 
110991 
110992 
110993 
110994 
110995 
110996 
110997 
110998 
110999 
111000 
111001 
111002 
111003 
111004 
111005 
111006 
111007 
111008 
111009 
111010 
111011 
111012 
111013 
111014 
111015 
111016 
111017 
111018 
111019 
111020 
111021 
111022 
111023 
111024 
111025 
111026 
111027 
111028 
111029 
111030 
111031 
111032 
111033 
111034 
111035 
111036 
111037 
111038 
111039 
111040 
111041 
111042 
111043 
111044 
111045 
111046 
111047 
111048 
111049 
111050 
111051 
111052 
111053 
111054 
111055 
111056 
111057 
111058 
111059 
111060 
111061 
111062 
111063 
111064 
111065 
111066 
111067 
111068 
111069 
111070 
111071 
111072 
111073 
111074 
111075 
111076 
111077 
111078 
111079 
111080 
111081 
111082 
111083 
111084 
111085 
111086 
111087 
111088 
111089 
111090 
111091 
111092 
111093 
111094 
111095 
111096 
111097 
111098 
111099 
111100 
111101 
111102 
111103 
111104 
111105 
111106 
111107 
111108 
111109 
111110 
111111 
111112 
111113 
111114 
111115 
111116 
111117 
111118 
111119 
111120 
111121 
111122 
111123 
111124 
111125 
111126 
111127 
111128 
111129 
111130 
111131 
111132 
111133 
111134 
111135 
111136 
111137 
111138 
111139 
111140 
111141 
111142 
111143 
111144 
111145 
111146 
111147 
111148 
111149 
111150 
111151 
111152 
111153 
111154 
111155 
111156 
111157 
111158 
111159 
111160 
111161 
111162 
111163 
111164 
111165 
111166 
111167 
111168 
111169 
111170 
111171 
111172 
111173 
111174 
111175 
111176 
111177 
111178 
111179 
111180 
111181 
111182 
111183 
111184 
111185 
111186 
111187 
111188 
111189 
111190 
111191 
111192 
111193 
111194 
111195 
111196 
111197 
111198 
111199 
111200 
111201 
111202 
111203 
111204 
111205 
111206 
111207 
111208 
111209 
111210 
111211 
111212 
111213 
111214 
111215 
111216 
111217 
111218 
111219 
111220 
111221 
111222 
111223 
111224 
111225 
111226 
111227 
111228 
111229 
111230 
111231 
111232 
111233 
111234 
111235 
111236 
111237 
111238 
111239 
111240 
111241 
111242 
111243 
111244 
111245 
111246 
111247 
111248 
111249 
111250 
111251 
111252 
111253 
111254 
111255 
111256 
111257 
111258 
111259 
111260 
111261 
111262 
111263 
111264 
111265 
111266 
111267 
111268 
111269 
111270 
111271 
111272 
111273 
111274 
111275 
111276 
111277 
111278 
111279 
111280 
111281 
111282 
111283 
111284 
111285 
111286 
111287 
111288 
111289 
111290 
111291 
111292 
111293 
111294 
111295 
111296 
111297 
111298 
111299 
111300 
111301 
111302 
111303 
111304 
111305 
111306 
111307 
111308 
111309 
111310 
111311 
111312 
111313 
111314 
111315 
111316 
111317 
111318 
111319 
111320 
111321 
111322 
111323 
111324 
111325 
111326 
111327 
111328 
111329 
111330 
111331 
111332 
111333 
111334 
111335 
111336 
111337 
111338 
111339 
111340 
111341 
111342 
111343 
111344 
111345 
111346 
111347 
111348 
111349 
111350 
111351 
111352 
111353 
111354 
111355 
111356 
111357 
111358 
111359 
111360 
111361 
111362 
111363 
111364 
111365 
111366 
111367 
111368 
111369 
111370 
111371 
111372 
111373 
111374 
111375 
111376 
111377 
111378 
111379 
111380 
111381 
111382 
111383 
111384 
111385 
111386 
111387 
111388 
111389 
111390 
111391 
111392 
111393 
111394 
111395 
111396 
111397 
111398 
111399 
111400 
111401 
111402 
111403 
111404 
111405 
111406 
111407 
111408 
111409 
111410 
111411 
111412 
111413 
111414 
111415 
111416 
111417 
111418 
111419 
111420 
111421 
111422 
111423 
111424 
111425 
111426 
111427 
111428 
111429 
111430 
111431 
111432 
111433 
111434 
111435 
111436 
111437 
111438 
111439 
111440 
111441 
111442 
111443 
111444 
111445 
111446 
111447 
111448 
111449 
111450 
111451 
111452 
111453 
111454 
111455 
111456 
111457 
111458 
111459 
111460 
111461 
111462 
111463 
111464 
111465 
111466 
111467 
111468 
111469 
111470 
111471 
111472 
111473 
111474 
111475 
111476 
111477 
111478 
111479 
111480 
111481 
111482 
111483 
111484 
111485 
111486 
111487 
111488 
111489 
111490 
111491 
111492 
111493 
111494 
111495 
111496 
111497 
111498 
111499 
111500 
111501 
111502 
111503 
111504 
111505 
111506 
111507 
111508 
111509 
111510 
111511 
111512 
111513 
111514 
111515 
111516 
111517 
111518 
111519 
111520 
111521 
111522 
111523 
111524 
111525 
111526 
111527 
111528 
111529 
111530 
111531 
111532 
111533 
111534 
111535 
111536 
111537 
111538 
111539 
111540 
111541 
111542 
111543 
111544 
111545 
111546 
111547 
111548 
111549 
111550 
111551 
111552 
111553 
111554 
111555 
111556 
111557 
111558 
111559 
111560 
111561 
111562 
111563 
111564 
111565 
111566 
111567 
111568 
111569 
111570 
111571 
111572 
111573 
111574 
111575 
111576 
111577 
111578 
111579 
111580 
111581 
111582 
111583 
111584 
111585 
111586 
111587 
111588 
111589 
111590 
111591 
111592 
111593 
111594 
111595 
111596 
111597 
111598 
111599 
111600 
111601 
111602 
111603 
111604 
111605 
111606 
111607 
111608 
111609 
111610 
111611 
111612 
111613 
111614 
111615 
111616 
111617 
111618 
111619 
111620 
111621 
111622 
111623 
111624 
111625 
111626 
111627 
111628 
111629 
111630 
111631 
111632 
111633 
111634 
111635 
111636 
111637 
111638 
111639 
111640 
111641 
111642 
111643 
111644 
111645 
111646 
111647 
111648 
111649 
111650 
111651 
111652 
111653 
111654 
111655 
111656 
111657 
111658 
111659 
111660 
111661 
111662 
111663 
111664 
111665 
111666 
111667 
111668 
111669 
111670 
111671 
111672 
111673 
111674 
111675 
111676 
111677 
111678 
111679 
111680 
111681 
111682 
111683 
111684 
111685 
111686 
111687 
111688 
111689 
111690 
111691 
111692 
111693 
111694 
111695 
111696 
111697 
111698 
111699 
111700 
111701 
111702 
111703 
111704 
111705 
111706 
111707 
111708 
111709 
111710 
111711 
111712 
111713 
111714 
111715 
111716 
111717 
111718 
111719 
111720 
111721 
111722 
111723 
111724 
111725 
111726 
111727 
111728 
111729 
111730 
111731 
111732 
111733 
111734 
111735 
111736 
111737 
111738 
111739 
111740 
111741 
111742 
111743 
111744 
111745 
111746 
111747 
111748 
111749 
111750 
111751 
111752 
111753 
111754 
111755 
111756 
111757 
111758 
111759 
111760 
111761 
111762 
111763 
111764 
111765 
111766 
111767 
111768 
111769 
111770 
111771 
111772 
111773 
111774 
111775 
111776 
111777 
111778 
111779 
111780 
111781 
111782 
111783 
111784 
111785 
111786 
111787 
111788 
111789 
111790 
111791 
111792 
111793 
111794 
111795 
111796 
111797 
111798 
111799 
111800 
111801 
111802 
111803 
111804 
111805 
111806 
111807 
111808 
111809 
111810 
111811 
111812 
111813 
111814 
111815 
111816 
111817 
111818 
111819 
111820 
111821 
111822 
111823 
111824 
111825 
111826 
111827 
111828 
111829 
111830 
111831 
111832 
111833 
111834 
111835 
111836 
111837 
111838 
111839 
111840 
111841 
111842 
111843 
111844 
111845 
111846 
111847 
111848 
111849 
111850 
111851 
111852 
111853 
111854 
111855 
111856 
111857 
111858 
111859 
111860 
111861 
111862 
111863 
111864 
111865 
111866 
111867 
111868 
111869 
111870 
111871 
111872 
111873 
111874 
111875 
111876 
111877 
111878 
111879 
111880 
111881 
111882 
111883 
111884 
111885 
111886 
111887 
111888 
111889 
111890 
111891 
111892 
111893 
111894 
111895 
111896 
111897 
111898 
111899 
111900 
111901 
111902 
111903 
111904 
111905 
111906 
111907 
111908 
111909 
111910 
111911 
111912 
111913 
111914 
111915 
111916 
111917 
111918 
111919 
111920 
111921 
111922 
111923 
111924 
111925 
111926 
111927 
111928 
111929 
111930 
111931 
111932 
111933 
111934 
111935 
111936 
111937 
111938 
111939 
111940 
111941 
111942 
111943 
111944 
111945 
111946 
111947 
111948 
111949 
111950 
111951 
111952 
111953 
111954 
111955 
111956 
111957 
111958 
111959 
111960 
111961 
111962 
111963 
111964 
111965 
111966 
111967 
111968 
111969 
111970 
111971 
111972 
111973 
111974 
111975 
111976 
111977 
111978 
111979 
111980 
111981 
111982 
111983 
111984 
111985 
111986 
111987 
111988 
111989 
111990 
111991 
111992 
111993 
111994 
111995 
111996 
111997 
111998 
111999 
112000 
112001 
112002 
112003 
112004 
112005 
112006 
112007 
112008 
112009 
112010 
112011 
112012 
112013 
112014 
112015 
112016 
112017 
112018 
112019 
112020 
112021 
112022 
112023 
112024 
112025 
112026 
112027 
112028 
112029 
112030 
112031 
112032 
112033 
112034 
112035 
112036 
112037 
112038 
112039 
112040 
112041 
112042 
112043 
112044 
112045 
112046 
112047 
112048 
112049 
112050 
112051 
112052 
112053 
112054 
112055 
112056 
112057 
112058 
112059 
112060 
112061 
112062 
112063 
112064 
112065 
112066 
112067 
112068 
112069 
112070 
112071 
112072 
112073 
112074 
112075 
112076 
112077 
112078 
112079 
112080 
112081 
112082 
112083 
112084 
112085 
112086 
112087 
112088 
112089 
112090 
112091 
112092 
112093 
112094 
112095 
112096 
112097 
112098 
112099 
112100 
112101 
112102 
112103 
112104 
112105 
112106 
112107 
112108 
112109 
112110 
112111 
112112 
112113 
112114 
112115 
112116 
112117 
112118 
112119 
112120 
112121 
112122 
112123 
112124 
112125 
112126 
112127 
112128 
112129 
112130 
112131 
112132 
112133 
112134 
112135 
112136 
112137 
112138 
112139 
112140 
112141 
112142 
112143 
112144 
112145 
112146 
112147 
112148 
112149 
112150 
112151 
112152 
112153 
112154 
112155 
112156 
112157 
112158 
112159 
112160 
112161 
112162 
112163 
112164 
112165 
112166 
112167 
112168 
112169 
112170 
112171 
112172 
112173 
112174 
112175 
112176 
112177 
112178 
112179 
112180 
112181 
112182 
112183 
112184 
112185 
112186 
112187 
112188 
112189 
112190 
112191 
112192 
112193 
112194 
112195 
112196 
112197 
112198 
112199 
112200 
112201 
112202 
112203 
112204 
112205 
112206 
112207 
112208 
112209 
112210 
112211 
112212 
112213 
112214 
112215 
112216 
112217 
112218 
112219 
112220 
112221 
112222 
112223 
112224 
112225 
112226 
112227 
112228 
112229 
112230 
112231 
112232 
112233 
112234 
112235 
112236 
112237 
112238 
112239 
112240 
112241 
112242 
112243 
112244 
112245 
112246 
112247 
112248 
112249 
112250 
112251 
112252 
112253 
112254 
112255 
112256 
112257 
112258 
112259 
112260 
112261 
112262 
112263 
112264 
112265 
112266 
112267 
112268 
112269 
112270 
112271 
112272 
112273 
112274 
112275 
112276 
112277 
112278 
112279 
112280 
112281 
112282 
112283 
112284 
112285 
112286 
112287 
112288 
112289 
112290 
112291 
112292 
112293 
112294 
112295 
112296 
112297 
112298 
112299 
112300 
112301 
112302 
112303 
112304 
112305 
112306 
112307 
112308 
112309 
112310 
112311 
112312 
112313 
112314 
112315 
112316 
112317 
112318 
112319 
114480 
114481 
114482 
114483 
114484 
114485 
114486 
114487 
114488 
114489 
114490 
114491 
114492 
114493 
114494 
114495 
114496 
114497 
114498 
114499 
114500 
114501 
114502 
114503 
114504 
114505 
114506 
114507 
114508 
114509 
114510 
114511 
114512 
114513 
114514 
114515 
114516 
114517 
114518 
114519 
114520 
114521 
114522 
114523 
114524 
114525 
114526 
114527 
114528 
114529 
114530 
114531 
114532 
114533 
114534 
114535 
114536 
114537 
114538 
114539 
114540 
114541 
114542 
114543 
114544 
114545 
114546 
114547 
114548 
114549 
114550 
114551 
114552 
114553 
114554 
114555 
114556 
114557 
114558 
114559 
114560 
114561 
114562 
114563 
114564 
114565 
114566 
114567 
114568 
114569 
114570 
114571 
114572 
114573 
114574 
114575 
114576 
114577 
114578 
114579 
114580 
114581 
114582 
114583 
114584 
114585 
114586 
114587 
114588 
114589 
114590 
114591 
114592 
114593 
114594 
114595 
114596 
114597 
114598 
114599 
114600 
114601 
114602 
114603 
114604 
114605 
114606 
114607 
114608 
114609 
114610 
114611 
114612 
114613 
114614 
114615 
114616 
114617 
114618 
114619 
114620 
114621 
114622 
114623 
114624 
114625 
114626 
114627 
114628 
114629 
114630 
114631 
114632 
114633 
114634 
114635 
114636 
114637 
114638 
114639 
114640 
114641 
114642 
114643 
114644 
114645 
114646 
114647 
114648 
114649 
114650 
114651 
114652 
114653 
114654 
114655 
114656 
114657 
114658 
114659 
114660 
114661 
114662 
114663 
114664 
114665 
114666 
114667 
114668 
114669 
114670 
114671 
114672 
114673 
114674 
114675 
114676 
114677 
114678 
114679 
114680 
114681 
114682 
114683 
114684 
114685 
114686 
114687 
114688 
114689 
114690 
114691 
114692 
114693 
114694 
114695 
114696 
114697 
114698 
114699 
114700 
114701 
114702 
114703 
114704 
114705 
114706 
114707 
114708 
114709 
114710 
114711 
114712 
114713 
114714 
114715 
114716 
114717 
114718 
114719 
114720 
114721 
114722 
114723 
114724 
114725 
114726 
114727 
114728 
114729 
114730 
114731 
114732 
114733 
114734 
114735 
114736 
114737 
114738 
114739 
114740 
114741 
114742 
114743 
114744 
114745 
114746 
114747 
114748 
114749 
114750 
114751 
114752 
114753 
114754 
114755 
114756 
114757 
114758 
114759 
114760 
114761 
114762 
114763 
114764 
114765 
114766 
114767 
114768 
114769 
114770 
114771 
114772 
114773 
114774 
114775 
114776 
114777 
114778 
114779 
114780 
114781 
114782 
114783 
114784 
114785 
114786 
114787 
114788 
114789 
114790 
114791 
114792 
114793 
114794 
114795 
114796 
114797 
114798 
114799 
114800 
114801 
114802 
114803 
114804 
114805 
114806 
114807 
114808 
114809 
114810 
114811 
114812 
114813 
114814 
114815 
114816 
114817 
114818 
114819 
114820 
114821 
114822 
114823 
114824 
114825 
114826 
114827 
114828 
114829 
114830 
114831 
114832 
114833 
114834 
114835 
114836 
114837 
114838 
114839 
114840 
114841 
114842 
114843 
114844 
114845 
114846 
114847 
114848 
114849 
114850 
114851 
114852 
114853 
114854 
114855 
114856 
114857 
114858 
114859 
114860 
114861 
114862 
114863 
114864 
114865 
114866 
114867 
114868 
114869 
114870 
114871 
114872 
114873 
114874 
114875 
114876 
114877 
114878 
114879 
114880 
114881 
114882 
114883 
114884 
114885 
114886 
114887 
114888 
114889 
114890 
114891 
114892 
114893 
114894 
114895 
114896 
114897 
114898 
114899 
114900 
114901 
114902 
114903 
114904 
114905 
114906 
114907 
114908 
114909 
114910 
114911 
114912 
114913 
114914 
114915 
114916 
114917 
114918 
114919 
114920 
114921 
114922 
114923 
114924 
114925 
114926 
114927 
114928 
114929 
114930 
114931 
114932 
114933 
114934 
114935 
114936 
114937 
114938 
114939 
114940 
114941 
114942 
114943 
114944 
114945 
114946 
114947 
114948 
114949 
114950 
114951 
114952 
114953 
114954 
114955 
114956 
114957 
114958 
114959 
114960 
114961 
114962 
114963 
114964 
114965 
114966 
114967 
114968 
114969 
114970 
114971 
114972 
114973 
114974 
114975 
114976 
114977 
114978 
114979 
114980 
114981 
114982 
114983 
114984 
114985 
114986 
114987 
114988 
114989 
114990 
114991 
114992 
114993 
114994 
114995 
114996 
114997 
114998 
114999 
115000 
115001 
115002 
115003 
115004 
115005 
115006 
115007 
115008 
115009 
115010 
115011 
115012 
115013 
115014 
115015 
115016 
115017 
115018 
115019 
115020 
115021 
115022 
115023 
115024 
115025 
115026 
115027 
115028 
115029 
115030 
115031 
115032 
115033 
115034 
115035 
115036 
115037 
115038 
115039 
115040 
115041 
115042 
115043 
115044 
115045 
115046 
115047 
115048 
115049 
115050 
115051 
115052 
115053 
115054 
115055 
115056 
115057 
115058 
115059 
115060 
115061 
115062 
115063 
115064 
115065 
115066 
115067 
115068 
115069 
115070 
115071 
115072 
115073 
115074 
115075 
115076 
115077 
115078 
115079 
115080 
115081 
115082 
115083 
115084 
115085 
115086 
115087 
115088 
115089 
115090 
115091 
115092 
115093 
115094 
115095 
115096 
115097 
115098 
115099 
115100 
115101 
115102 
115103 
115104 
115105 
115106 
115107 
115108 
115109 
115110 
115111 
115112 
115113 
115114 
115115 
115116 
115117 
115118 
115119 
115120 
115121 
115122 
115123 
115124 
115125 
115126 
115127 
115128 
115129 
115130 
115131 
115132 
115133 
115134 
115135 
115136 
115137 
115138 
115139 
115140 
115141 
115142 
115143 
115144 
115145 
115146 
115147 
115148 
115149 
115150 
115151 
115152 
115153 
115154 
115155 
115156 
115157 
115158 
115159 
115160 
115161 
115162 
115163 
115164 
115165 
115166 
115167 
115168 
115169 
115170 
115171 
115172 
115173 
115174 
115175 
115176 
115177 
115178 
115179 
115180 
115181 
115182 
115183 
115184 
115185 
115186 
115187 
115188 
115189 
115190 
115191 
115192 
115193 
115194 
115195 
115196 
115197 
115198 
115199 
115200 
115201 
115202 
115203 
115204 
115205 
115206 
115207 
115208 
115209 
115210 
115211 
115212 
115213 
115214 
115215 
115216 
115217 
115218 
115219 
115220 
115221 
115222 
115223 
115224 
115225 
115226 
115227 
115228 
115229 
115230 
115231 
115232 
115233 
115234 
115235 
115236 
115237 
115238 
115239 
115240 
115241 
115242 
115243 
115244 
115245 
115246 
115247 
115248 
115249 
115250 
115251 
115252 
115253 
115254 
115255 
115256 
115257 
115258 
115259 
115260 
115261 
115262 
115263 
115264 
115265 
115266 
115267 
115268 
115269 
115270 
115271 
115272 
115273 
115274 
115275 
115276 
115277 
115278 
115279 
115280 
115281 
115282 
115283 
115284 
115285 
115286 
115287 
115288 
115289 
115290 
115291 
115292 
115293 
115294 
115295 
115296 
115297 
115298 
115299 
115300 
115301 
115302 
115303 
115304 
115305 
115306 
115307 
115308 
115309 
115310 
115311 
115312 
115313 
115314 
115315 
115316 
115317 
115318 
115319 
115320 
115321 
115322 
115323 
115324 
115325 
115326 
115327 
115328 
115329 
115330 
115331 
115332 
115333 
115334 
115335 
115336 
115337 
115338 
115339 
115340 
115341 
115342 
115343 
115344 
115345 
115346 
115347 
115348 
115349 
115350 
115351 
115352 
115353 
115354 
115355 
115356 
115357 
115358 
115359 
115360 
115361 
115362 
115363 
115364 
115365 
115366 
115367 
115368 
115369 
115370 
115371 
115372 
115373 
115374 
115375 
115376 
115377 
115378 
115379 
115380 
115381 
115382 
115383 
115384 
115385 
115386 
115387 
115388 
115389 
115390 
115391 
115392 
115393 
115394 
115395 
115396 
115397 
115398 
115399 
115400 
115401 
115402 
115403 
115404 
115405 
115406 
115407 
115408 
115409 
115410 
115411 
115412 
115413 
115414 
115415 
115416 
115417 
115418 
115419 
115420 
115421 
115422 
115423 
115424 
115425 
115426 
115427 
115428 
115429 
115430 
115431 
115432 
115433 
115434 
115435 
115436 
115437 
115438 
115439 
115440 
115441 
115442 
115443 
115444 
115445 
115446 
115447 
115448 
115449 
115450 
115451 
115452 
115453 
115454 
115455 
115456 
115457 
115458 
115459 
115460 
115461 
115462 
115463 
115464 
115465 
115466 
115467 
115468 
115469 
115470 
115471 
115472 
115473 
115474 
115475 
115476 
115477 
115478 
115479 
115480 
115481 
115482 
115483 
115484 
115485 
115486 
115487 
115488 
115489 
115490 
115491 
115492 
115493 
115494 
115495 
115496 
115497 
115498 
115499 
115500 
115501 
115502 
115503 
115504 
115505 
115506 
115507 
115508 
115509 
115510 
115511 
115512 
115513 
115514 
115515 
115516 
115517 
115518 
115519 
115520 
115521 
115522 
115523 
115524 
115525 
115526 
115527 
115528 
115529 
115530 
115531 
115532 
115533 
115534 
115535 
115536 
115537 
115538 
115539 
115540 
115541 
115542 
115543 
115544 
115545 
115546 
115547 
115548 
115549 
115550 
115551 
115552 
115553 
115554 
115555 
115556 
115557 
115558 
115559 
115560 
115561 
115562 
115563 
115564 
115565 
115566 
115567 
115568 
115569 
115570 
115571 
115572 
115573 
115574 
115575 
115576 
115577 
115578 
115579 
115580 
115581 
115582 
115583 
115584 
115585 
115586 
115587 
115588 
115589 
115590 
115591 
115592 
115593 
115594 
115595 
115596 
115597 
115598 
115599 
115600 
115601 
115602 
115603 
115604 
115605 
115606 
115607 
115608 
115609 
115610 
115611 
115612 
115613 
115614 
115615 
115616 
115617 
115618 
115619 
115620 
115621 
115622 
115623 
115624 
115625 
115626 
115627 
115628 
115629 
115630 
115631 
115632 
115633 
115634 
115635 
115636 
115637 
115638 
115639 
115640 
115641 
115642 
115643 
115644 
115645 
115646 
115647 
115648 
115649 
115650 
115651 
115652 
115653 
115654 
115655 
115656 
115657 
115658 
115659 
115660 
115661 
115662 
115663 
115664 
115665 
115666 
115667 
115668 
115669 
115670 
115671 
115672 
115673 
115674 
115675 
115676 
115677 
115678 
115679 
115680 
115681 
115682 
115683 
115684 
115685 
115686 
115687 
115688 
115689 
115690 
115691 
115692 
115693 
115694 
115695 
115696 
115697 
115698 
115699 
115700 
115701 
115702 
115703 
115704 
115705 
115706 
115707 
115708 
115709 
115710 
115711 
115712 
115713 
115714 
115715 
115716 
115717 
115718 
115719 
115720 
115721 
115722 
115723 
115724 
115725 
115726 
115727 
115728 
115729 
115730 
115731 
115732 
115733 
115734 
115735 
115736 
115737 
115738 
115739 
115740 
115741 
115742 
115743 
115744 
115745 
115746 
115747 
115748 
115749 
115750 
115751 
115752 
115753 
115754 
115755 
115756 
115757 
115758 
115759 
115760 
115761 
115762 
115763 
115764 
115765 
115766 
115767 
115768 
115769 
115770 
115771 
115772 
115773 
115774 
115775 
115776 
115777 
115778 
115779 
115780 
115781 
115782 
115783 
115784 
115785 
115786 
115787 
115788 
115789 
115790 
115791 
115792 
115793 
115794 
115795 
115796 
115797 
115798 
115799 
115800 
115801 
115802 
115803 
115804 
115805 
115806 
115807 
115808 
115809 
115810 
115811 
115812 
115813 
115814 
115815 
115816 
115817 
115818 
115819 
115820 
115821 
115822 
115823 
115824 
115825 
115826 
115827 
115828 
115829 
115830 
115831 
115832 
115833 
115834 
115835 
115836 
115837 
115838 
115839 
115840 
115841 
115842 
115843 
115844 
115845 
115846 
115847 
115848 
115849 
115850 
115851 
115852 
115853 
115854 
115855 
115856 
115857 
115858 
115859 
115860 
115861 
115862 
115863 
115864 
115865 
115866 
115867 
115868 
115869 
115870 
115871 
115872 
115873 
115874 
115875 
115876 
115877 
115878 
115879 
115880 
115881 
115882 
115883 
115884 
115885 
115886 
115887 
115888 
115889 
115890 
115891 
115892 
115893 
115894 
115895 
115896 
115897 
115898 
115899 
115900 
115901 
115902 
115903 
115904 
115905 
115906 
115907 
115908 
115909 
115910 
115911 
115912 
115913 
115914 
115915 
115916 
115917 
115918 
115919 
115920 
115921 
115922 
115923 
115924 
115925 
115926 
115927 
115928 
115929 
115930 
115931 
115932 
115933 
115934 
115935 
115936 
115937 
115938 
115939 
115940 
115941 
115942 
115943 
115944 
115945 
115946 
115947 
115948 
115949 
115950 
115951 
115952 
115953 
115954 
115955 
115956 
115957 
115958 
115959 
115960 
115961 
115962 
115963 
115964 
115965 
115966 
115967 
115968 
115969 
115970 
115971 
115972 
115973 
115974 
115975 
115976 
115977 
115978 
115979 
115980 
115981 
115982 
115983 
115984 
115985 
115986 
115987 
115988 
115989 
115990 
115991 
115992 
115993 
115994 
115995 
115996 
115997 
115998 
115999 
116000 
116001 
116002 
116003 
116004 
116005 
116006 
116007 
116008 
116009 
116010 
116011 
116012 
116013 
116014 
116015 
116016 
116017 
116018 
116019 
116020 
116021 
116022 
116023 
116024 
116025 
116026 
116027 
116028 
116029 
116030 
116031 
116032 
116033 
116034 
116035 
116036 
116037 
116038 
116039 
116040 
116041 
116042 
116043 
116044 
116045 
116046 
116047 
116048 
116049 
116050 
116051 
116052 
116053 
116054 
116055 
116056 
116057 
116058 
116059 
116060 
116061 
116062 
116063 
116064 
116065 
116066 
116067 
116068 
116069 
116070 
116071 
116072 
116073 
116074 
116075 
116076 
116077 
116078 
116079 
116080 
116081 
116082 
116083 
116084 
116085 
116086 
116087 
116088 
116089 
116090 
116091 
116092 
116093 
116094 
116095 
116096 
116097 
116098 
116099 
116100 
116101 
116102 
116103 
116104 
116105 
116106 
116107 
116108 
116109 
116110 
116111 
116112 
116113 
116114 
116115 
116116 
116117 
116118 
116119 
116120 
116121 
116122 
116123 
116124 
116125 
116126 
116127 
116128 
116129 
116130 
116131 
116132 
116133 
116134 
116135 
116136 
116137 
116138 
116139 
116140 
116141 
116142 
116143 
116144 
116145 
116146 
116147 
116148 
116149 
116150 
116151 
116152 
116153 
116154 
116155 
116156 
116157 
116158 
116159 
116160 
116161 
116162 
116163 
116164 
116165 
116166 
116167 
116168 
116169 
116170 
116171 
116172 
116173 
116174 
116175 
116176 
116177 
116178 
116179 
116180 
116181 
116182 
116183 
116184 
116185 
116186 
116187 
116188 
116189 
116190 
116191 
116192 
116193 
116194 
116195 
116196 
116197 
116198 
116199 
116200 
116201 
116202 
116203 
116204 
116205 
116206 
116207 
116208 
116209 
116210 
116211 
116212 
116213 
116214 
116215 
116216 
116217 
116218 
116219 
116220 
116221 
116222 
116223 
116224 
116225 
116226 
116227 
116228 
116229 
116230 
116231 
116232 
116233 
116234 
116235 
116236 
116237 
116238 
116239 
116240 
116241 
116242 
116243 
116244 
116245 
116246 
116247 
116248 
116249 
116250 
116251 
116252 
116253 
116254 
116255 
116256 
116257 
116258 
116259 
116260 
116261 
116262 
116263 
116264 
116265 
116266 
116267 
116268 
116269 
116270 
116271 
116272 
116273 
116274 
116275 
116276 
116277 
116278 
116279 
116280 
116281 
116282 
116283 
116284 
116285 
116286 
116287 
116288 
116289 
116290 
116291 
116292 
116293 
116294 
116295 
116296 
116297 
116298 
116299 
116300 
116301 
116302 
116303 
116304 
116305 
116306 
116307 
116308 
116309 
116310 
116311 
116312 
116313 
116314 
116315 
116316 
116317 
116318 
116319 
116320 
116321 
116322 
116323 
116324 
116325 
116326 
116327 
116328 
116329 
116330 
116331 
116332 
116333 
116334 
116335 
116336 
116337 
116338 
116339 
116340 
116341 
116342 
116343 
116344 
116345 
116346 
116347 
116348 
116349 
116350 
116351 
116352 
116353 
116354 
116355 
116356 
116357 
116358 
116359 
116360 
116361 
116362 
116363 
116364 
116365 
116366 
116367 
116368 
116369 
116370 
116371 
116372 
116373 
116374 
116375 
116376 
116377 
116378 
116379 
116380 
116381 
116382 
116383 
116384 
116385 
116386 
116387 
116388 
116389 
116390 
116391 
116392 
116393 
116394 
116395 
116396 
116397 
116398 
116399 
116400 
116401 
116402 
116403 
116404 
116405 
116406 
116407 
116408 
116409 
116410 
116411 
116412 
116413 
116414 
116415 
116416 
116417 
116418 
116419 
116420 
116421 
116422 
116423 
116424 
116425 
116426 
116427 
116428 
116429 
116430 
116431 
116432 
116433 
116434 
116435 
116436 
116437 
116438 
116439 
116440 
116441 
116442 
116443 
116444 
116445 
116446 
116447 
116448 
116449 
116450 
116451 
116452 
116453 
116454 
116455 
116456 
116457 
116458 
116459 
116460 
116461 
116462 
116463 
116464 
116465 
116466 
116467 
116468 
116469 
116470 
116471 
116472 
116473 
116474 
116475 
116476 
116477 
116478 
116479 
116480 
116481 
116482 
116483 
116484 
116485 
116486 
116487 
116488 
116489 
116490 
116491 
116492 
116493 
116494 
116495 
116496 
116497 
116498 
116499 
116500 
116501 
116502 
116503 
116504 
116505 
116506 
116507 
116508 
116509 
116510 
116511 
116512 
116513 
116514 
116515 
116516 
116517 
116518 
116519 
116520 
116521 
116522 
116523 
116524 
116525 
116526 
116527 
116528 
116529 
116530 
116531 
116532 
116533 
116534 
116535 
116536 
116537 
116538 
116539 
116540 
116541 
116542 
116543 
116544 
116545 
116546 
116547 
116548 
116549 
116550 
116551 
116552 
116553 
116554 
116555 
116556 
116557 
116558 
116559 
116560 
116561 
116562 
116563 
116564 
116565 
116566 
116567 
116568 
116569 
116570 
116571 
116572 
116573 
116574 
116575 
116576 
116577 
116578 
116579 
116580 
116581 
116582 
116583 
116584 
116585 
116586 
116587 
116588 
116589 
116590 
116591 
116592 
116593 
116594 
116595 
116596 
116597 
116598 
116599 
116600 
116601 
116602 
116603 
116604 
116605 
116606 
116607 
116608 
116609 
116610 
116611 
116612 
116613 
116614 
116615 
116616 
116617 
116618 
116619 
116620 
116621 
116622 
116623 
116624 
116625 
116626 
116627 
116628 
116629 
116630 
116631 
116632 
116633 
116634 
116635 
116636 
116637 
116638 
116639 
118800 
118801 
118802 
118803 
118804 
118805 
118806 
118807 
118808 
118809 
118810 
118811 
118812 
118813 
118814 
118815 
118816 
118817 
118818 
118819 
118820 
118821 
118822 
118823 
118824 
118825 
118826 
118827 
118828 
118829 
118830 
118831 
118832 
118833 
118834 
118835 
118836 
118837 
118838 
118839 
118840 
118841 
118842 
118843 
118844 
118845 
118846 
118847 
118848 
118849 
118850 
118851 
118852 
118853 
118854 
118855 
118856 
118857 
118858 
118859 
118860 
118861 
118862 
118863 
118864 
118865 
118866 
118867 
118868 
118869 
118870 
118871 
118872 
118873 
118874 
118875 
118876 
118877 
118878 
118879 
118880 
118881 
118882 
118883 
118884 
118885 
118886 
118887 
118888 
118889 
118890 
118891 
118892 
118893 
118894 
118895 
118896 
118897 
118898 
118899 
118900 
118901 
118902 
118903 
118904 
118905 
118906 
118907 
118908 
118909 
118910 
118911 
118912 
118913 
118914 
118915 
118916 
118917 
118918 
118919 
118920 
118921 
118922 
118923 
118924 
118925 
118926 
118927 
118928 
118929 
118930 
118931 
118932 
118933 
118934 
118935 
118936 
118937 
118938 
118939 
118940 
118941 
118942 
118943 
118944 
118945 
118946 
118947 
118948 
118949 
118950 
118951 
118952 
118953 
118954 
118955 
118956 
118957 
118958 
118959 
118960 
118961 
118962 
118963 
118964 
118965 
118966 
118967 
118968 
118969 
118970 
118971 
118972 
118973 
118974 
118975 
118976 
118977 
118978 
118979 
118980 
118981 
118982 
118983 
118984 
118985 
118986 
118987 
118988 
118989 
118990 
118991 
118992 
118993 
118994 
118995 
118996 
118997 
118998 
118999 
119000 
119001 
119002 
119003 
119004 
119005 
119006 
119007 
119008 
119009 
119010 
119011 
119012 
119013 
119014 
119015 
119016 
119017 
119018 
119019 
119020 
119021 
119022 
119023 
119024 
119025 
119026 
119027 
119028 
119029 
119030 
119031 
119032 
119033 
119034 
119035 
119036 
119037 
119038 
119039 
119040 
119041 
119042 
119043 
119044 
119045 
119046 
119047 
119048 
119049 
119050 
119051 
119052 
119053 
119054 
119055 
119056 
119057 
119058 
119059 
119060 
119061 
119062 
119063 
119064 
119065 
119066 
119067 
119068 
119069 
119070 
119071 
119072 
119073 
119074 
119075 
119076 
119077 
119078 
119079 
119080 
119081 
119082 
119083 
119084 
119085 
119086 
119087 
119088 
119089 
119090 
119091 
119092 
119093 
119094 
119095 
119096 
119097 
119098 
119099 
119100 
119101 
119102 
119103 
119104 
119105 
119106 
119107 
119108 
119109 
119110 
119111 
119112 
119113 
119114 
119115 
119116 
119117 
119118 
119119 
119120 
119121 
119122 
119123 
119124 
119125 
119126 
119127 
119128 
119129 
119130 
119131 
119132 
119133 
119134 
119135 
119136 
119137 
119138 
119139 
119140 
119141 
119142 
119143 
119144 
119145 
119146 
119147 
119148 
119149 
119150 
119151 
119152 
119153 
119154 
119155 
119156 
119157 
119158 
119159 
119160 
119161 
119162 
119163 
119164 
119165 
119166 
119167 
119168 
119169 
119170 
119171 
119172 
119173 
119174 
119175 
119176 
119177 
119178 
119179 
119180 
119181 
119182 
119183 
119184 
119185 
119186 
119187 
119188 
119189 
119190 
119191 
119192 
119193 
119194 
119195 
119196 
119197 
119198 
119199 
119200 
119201 
119202 
119203 
119204 
119205 
119206 
119207 
119208 
119209 
119210 
119211 
119212 
119213 
119214 
119215 
119216 
119217 
119218 
119219 
119220 
119221 
119222 
119223 
119224 
119225 
119226 
119227 
119228 
119229 
119230 
119231 
119232 
119233 
119234 
119235 
119236 
119237 
119238 
119239 
119240 
119241 
119242 
119243 
119244 
119245 
119246 
119247 
119248 
119249 
119250 
119251 
119252 
119253 
119254 
119255 
119256 
119257 
119258 
119259 
119260 
119261 
119262 
119263 
119264 
119265 
119266 
119267 
119268 
119269 
119270 
119271 
119272 
119273 
119274 
119275 
119276 
119277 
119278 
119279 
119280 
119281 
119282 
119283 
119284 
119285 
119286 
119287 
119288 
119289 
119290 
119291 
119292 
119293 
119294 
119295 
119296 
119297 
119298 
119299 
119300 
119301 
119302 
119303 
119304 
119305 
119306 
119307 
119308 
119309 
119310 
119311 
119312 
119313 
119314 
119315 
119316 
119317 
119318 
119319 
119320 
119321 
119322 
119323 
119324 
119325 
119326 
119327 
119328 
119329 
119330 
119331 
119332 
119333 
119334 
119335 
119336 
119337 
119338 
119339 
119340 
119341 
119342 
119343 
119344 
119345 
119346 
119347 
119348 
119349 
119350 
119351 
119352 
119353 
119354 
119355 
119356 
119357 
119358 
119359 
119360 
119361 
119362 
119363 
119364 
119365 
119366 
119367 
119368 
119369 
119370 
119371 
119372 
119373 
119374 
119375 
119376 
119377 
119378 
119379 
119380 
119381 
119382 
119383 
119384 
119385 
119386 
119387 
119388 
119389 
119390 
119391 
119392 
119393 
119394 
119395 
119396 
119397 
119398 
119399 
119400 
119401 
119402 
119403 
119404 
119405 
119406 
119407 
119408 
119409 
119410 
119411 
119412 
119413 
119414 
119415 
119416 
119417 
119418 
119419 
119420 
119421 
119422 
119423 
119424 
119425 
119426 
119427 
119428 
119429 
119430 
119431 
119432 
119433 
119434 
119435 
119436 
119437 
119438 
119439 
119440 
119441 
119442 
119443 
119444 
119445 
119446 
119447 
119448 
119449 
119450 
119451 
119452 
119453 
119454 
119455 
119456 
119457 
119458 
119459 
119460 
119461 
119462 
119463 
119464 
119465 
119466 
119467 
119468 
119469 
119470 
119471 
119472 
119473 
119474 
119475 
119476 
119477 
119478 
119479 
119480 
119481 
119482 
119483 
119484 
119485 
119486 
119487 
119488 
119489 
119490 
119491 
119492 
119493 
119494 
119495 
119496 
119497 
119498 
119499 
119500 
119501 
119502 
119503 
119504 
119505 
119506 
119507 
119508 
119509 
119510 
119511 
119512 
119513 
119514 
119515 
119516 
119517 
119518 
119519 
119520 
119521 
119522 
119523 
119524 
119525 
119526 
119527 
119528 
119529 
119530 
119531 
119532 
119533 
119534 
119535 
119536 
119537 
119538 
119539 
119540 
119541 
119542 
119543 
119544 
119545 
119546 
119547 
119548 
119549 
119550 
119551 
119552 
119553 
119554 
119555 
119556 
119557 
119558 
119559 
119560 
119561 
119562 
119563 
119564 
119565 
119566 
119567 
119568 
119569 
119570 
119571 
119572 
119573 
119574 
119575 
119576 
119577 
119578 
119579 
119580 
119581 
119582 
119583 
119584 
119585 
119586 
119587 
119588 
119589 
119590 
119591 
119592 
119593 
119594 
119595 
119596 
119597 
119598 
119599 
119600 
119601 
119602 
119603 
119604 
119605 
119606 
119607 
119608 
119609 
119610 
119611 
119612 
119613 
119614 
119615 
119616 
119617 
119618 
119619 
119620 
119621 
119622 
119623 
119624 
119625 
119626 
119627 
119628 
119629 
119630 
119631 
119632 
119633 
119634 
119635 
119636 
119637 
119638 
119639 
119640 
119641 
119642 
119643 
119644 
119645 
119646 
119647 
119648 
119649 
119650 
119651 
119652 
119653 
119654 
119655 
119656 
119657 
119658 
119659 
119660 
119661 
119662 
119663 
119664 
119665 
119666 
119667 
119668 
119669 
119670 
119671 
119672 
119673 
119674 
119675 
119676 
119677 
119678 
119679 
119680 
119681 
119682 
119683 
119684 
119685 
119686 
119687 
119688 
119689 
119690 
119691 
119692 
119693 
119694 
119695 
119696 
119697 
119698 
119699 
119700 
119701 
119702 
119703 
119704 
119705 
119706 
119707 
119708 
119709 
119710 
119711 
119712 
119713 
119714 
119715 
119716 
119717 
119718 
119719 
119720 
119721 
119722 
119723 
119724 
119725 
119726 
119727 
119728 
119729 
119730 
119731 
119732 
119733 
119734 
119735 
119736 
119737 
119738 
119739 
119740 
119741 
119742 
119743 
119744 
119745 
119746 
119747 
119748 
119749 
119750 
119751 
119752 
119753 
119754 
119755 
119756 
119757 
119758 
119759 
119760 
119761 
119762 
119763 
119764 
119765 
119766 
119767 
119768 
119769 
119770 
119771 
119772 
119773 
119774 
119775 
119776 
119777 
119778 
119779 
119780 
119781 
119782 
119783 
119784 
119785 
119786 
119787 
119788 
119789 
119790 
119791 
119792 
119793 
119794 
119795 
119796 
119797 
119798 
119799 
119800 
119801 
119802 
119803 
119804 
119805 
119806 
119807 
119808 
119809 
119810 
119811 
119812 
119813 
119814 
119815 
119816 
119817 
119818 
119819 
119820 
119821 
119822 
119823 
119824 
119825 
119826 
119827 
119828 
119829 
119830 
119831 
119832 
119833 
119834 
119835 
119836 
119837 
119838 
119839 
119840 
119841 
119842 
119843 
119844 
119845 
119846 
119847 
119848 
119849 
119850 
119851 
119852 
119853 
119854 
119855 
119856 
119857 
119858 
119859 
119860 
119861 
119862 
119863 
119864 
119865 
119866 
119867 
119868 
119869 
119870 
119871 
119872 
119873 
119874 
119875 
119876 
119877 
119878 
119879 
119880 
119881 
119882 
119883 
119884 
119885 
119886 
119887 
119888 
119889 
119890 
119891 
119892 
119893 
119894 
119895 
119896 
119897 
119898 
119899 
119900 
119901 
119902 
119903 
119904 
119905 
119906 
119907 
119908 
119909 
119910 
119911 
119912 
119913 
119914 
119915 
119916 
119917 
119918 
119919 
119920 
119921 
119922 
119923 
119924 
119925 
119926 
119927 
119928 
119929 
119930 
119931 
119932 
119933 
119934 
119935 
119936 
119937 
119938 
119939 
119940 
119941 
119942 
119943 
119944 
119945 
119946 
119947 
119948 
119949 
119950 
119951 
119952 
119953 
119954 
119955 
119956 
119957 
119958 
119959 
119960 
119961 
119962 
119963 
119964 
119965 
119966 
119967 
119968 
119969 
119970 
119971 
119972 
119973 
119974 
119975 
119976 
119977 
119978 
119979 
119980 
119981 
119982 
119983 
119984 
119985 
119986 
119987 
119988 
119989 
119990 
119991 
119992 
119993 
119994 
119995 
119996 
119997 
119998 
119999 
120000 
120001 
120002 
120003 
120004 
120005 
120006 
120007 
120008 
120009 
120010 
120011 
120012 
120013 
120014 
120015 
120016 
120017 
120018 
120019 
120020 
120021 
120022 
120023 
120024 
120025 
120026 
120027 
120028 
120029 
120030 
120031 
120032 
120033 
120034 
120035 
120036 
120037 
120038 
120039 
120040 
120041 
120042 
120043 
120044 
120045 
120046 
120047 
120048 
120049 
120050 
120051 
120052 
120053 
120054 
120055 
120056 
120057 
120058 
120059 
120060 
120061 
120062 
120063 
120064 
120065 
120066 
120067 
120068 
120069 
120070 
120071 
120072 
120073 
120074 
120075 
120076 
120077 
120078 
120079 
120080 
120081 
120082 
120083 
120084 
120085 
120086 
120087 
120088 
120089 
120090 
120091 
120092 
120093 
120094 
120095 
120096 
120097 
120098 
120099 
120100 
120101 
120102 
120103 
120104 
120105 
120106 
120107 
120108 
120109 
120110 
120111 
120112 
120113 
120114 
120115 
120116 
120117 
120118 
120119 
120120 
120121 
120122 
120123 
120124 
120125 
120126 
120127 
120128 
120129 
120130 
120131 
120132 
120133 
120134 
120135 
120136 
120137 
120138 
120139 
120140 
120141 
120142 
120143 
120144 
120145 
120146 
120147 
120148 
120149 
120150 
120151 
120152 
120153 
120154 
120155 
120156 
120157 
120158 
120159 
120160 
120161 
120162 
120163 
120164 
120165 
120166 
120167 
120168 
120169 
120170 
120171 
120172 
120173 
120174 
120175 
120176 
120177 
120178 
120179 
120180 
120181 
120182 
120183 
120184 
120185 
120186 
120187 
120188 
120189 
120190 
120191 
120192 
120193 
120194 
120195 
120196 
120197 
120198 
120199 
120200 
120201 
120202 
120203 
120204 
120205 
120206 
120207 
120208 
120209 
120210 
120211 
120212 
120213 
120214 
120215 
120216 
120217 
120218 
120219 
120220 
120221 
120222 
120223 
120224 
120225 
120226 
120227 
120228 
120229 
120230 
120231 
120232 
120233 
120234 
120235 
120236 
120237 
120238 
120239 
120240 
120241 
120242 
120243 
120244 
120245 
120246 
120247 
120248 
120249 
120250 
120251 
120252 
120253 
120254 
120255 
120256 
120257 
120258 
120259 
120260 
120261 
120262 
120263 
120264 
120265 
120266 
120267 
120268 
120269 
120270 
120271 
120272 
120273 
120274 
120275 
120276 
120277 
120278 
120279 
120280 
120281 
120282 
120283 
120284 
120285 
120286 
120287 
120288 
120289 
120290 
120291 
120292 
120293 
120294 
120295 
120296 
120297 
120298 
120299 
120300 
120301 
120302 
120303 
120304 
120305 
120306 
120307 
120308 
120309 
120310 
120311 
120312 
120313 
120314 
120315 
120316 
120317 
120318 
120319 
120320 
120321 
120322 
120323 
120324 
120325 
120326 
120327 
120328 
120329 
120330 
120331 
120332 
120333 
120334 
120335 
120336 
120337 
120338 
120339 
120340 
120341 
120342 
120343 
120344 
120345 
120346 
120347 
120348 
120349 
120350 
120351 
120352 
120353 
120354 
120355 
120356 
120357 
120358 
120359 
120360 
120361 
120362 
120363 
120364 
120365 
120366 
120367 
120368 
120369 
120370 
120371 
120372 
120373 
120374 
120375 
120376 
120377 
120378 
120379 
120380 
120381 
120382 
120383 
120384 
120385 
120386 
120387 
120388 
120389 
120390 
120391 
120392 
120393 
120394 
120395 
120396 
120397 
120398 
120399 
120400 
120401 
120402 
120403 
120404 
120405 
120406 
120407 
120408 
120409 
120410 
120411 
120412 
120413 
120414 
120415 
120416 
120417 
120418 
120419 
120420 
120421 
120422 
120423 
120424 
120425 
120426 
120427 
120428 
120429 
120430 
120431 
120432 
120433 
120434 
120435 
120436 
120437 
120438 
120439 
120440 
120441 
120442 
120443 
120444 
120445 
120446 
120447 
120448 
120449 
120450 
120451 
120452 
120453 
120454 
120455 
120456 
120457 
120458 
120459 
120460 
120461 
120462 
120463 
120464 
120465 
120466 
120467 
120468 
120469 
120470 
120471 
120472 
120473 
120474 
120475 
120476 
120477 
120478 
120479 
120480 
120481 
120482 
120483 
120484 
120485 
120486 
120487 
120488 
120489 
120490 
120491 
120492 
120493 
120494 
120495 
120496 
120497 
120498 
120499 
120500 
120501 
120502 
120503 
120504 
120505 
120506 
120507 
120508 
120509 
120510 
120511 
120512 
120513 
120514 
120515 
120516 
120517 
120518 
120519 
120520 
120521 
120522 
120523 
120524 
120525 
120526 
120527 
120528 
120529 
120530 
120531 
120532 
120533 
120534 
120535 
120536 
120537 
120538 
120539 
120540 
120541 
120542 
120543 
120544 
120545 
120546 
120547 
120548 
120549 
120550 
120551 
120552 
120553 
120554 
120555 
120556 
120557 
120558 
120559 
120560 
120561 
120562 
120563 
120564 
120565 
120566 
120567 
120568 
120569 
120570 
120571 
120572 
120573 
120574 
120575 
120576 
120577 
120578 
120579 
120580 
120581 
120582 
120583 
120584 
120585 
120586 
120587 
120588 
120589 
120590 
120591 
120592 
120593 
120594 
120595 
120596 
120597 
120598 
120599 
120600 
120601 
120602 
120603 
120604 
120605 
120606 
120607 
120608 
120609 
120610 
120611 
120612 
120613 
120614 
120615 
120616 
120617 
120618 
120619 
120620 
120621 
120622 
120623 
120624 
120625 
120626 
120627 
120628 
120629 
120630 
120631 
120632 
120633 
120634 
120635 
120636 
120637 
120638 
120639 
120640 
120641 
120642 
120643 
120644 
120645 
120646 
120647 
120648 
120649 
120650 
120651 
120652 
120653 
120654 
120655 
120656 
120657 
120658 
120659 
120660 
120661 
120662 
120663 
120664 
120665 
120666 
120667 
120668 
120669 
120670 
120671 
120672 
120673 
120674 
120675 
120676 
120677 
120678 
120679 
120680 
120681 
120682 
120683 
120684 
120685 
120686 
120687 
120688 
120689 
120690 
120691 
120692 
120693 
120694 
120695 
120696 
120697 
120698 
120699 
120700 
120701 
120702 
120703 
120704 
120705 
120706 
120707 
120708 
120709 
120710 
120711 
120712 
120713 
120714 
120715 
120716 
120717 
120718 
120719 
120720 
120721 
120722 
120723 
120724 
120725 
120726 
120727 
120728 
120729 
120730 
120731 
120732 
120733 
120734 
120735 
120736 
120737 
120738 
120739 
120740 
120741 
120742 
120743 
120744 
120745 
120746 
120747 
120748 
120749 
120750 
120751 
120752 
120753 
120754 
120755 
120756 
120757 
120758 
120759 
120760 
120761 
120762 
120763 
120764 
120765 
120766 
120767 
120768 
120769 
120770 
120771 
120772 
120773 
120774 
120775 
120776 
120777 
120778 
120779 
120780 
120781 
120782 
120783 
120784 
120785 
120786 
120787 
120788 
120789 
120790 
120791 
120792 
120793 
120794 
120795 
120796 
120797 
120798 
120799 
120800 
120801 
120802 
120803 
120804 
120805 
120806 
120807 
120808 
120809 
120810 
120811 
120812 
120813 
120814 
120815 
120816 
120817 
120818 
120819 
120820 
120821 
120822 
120823 
120824 
120825 
120826 
120827 
120828 
120829 
120830 
120831 
120832 
120833 
120834 
120835 
120836 
120837 
120838 
120839 
120840 
120841 
120842 
120843 
120844 
120845 
120846 
120847 
120848 
120849 
120850 
120851 
120852 
120853 
120854 
120855 
120856 
120857 
120858 
120859 
120860 
120861 
120862 
120863 
120864 
120865 
120866 
120867 
120868 
120869 
120870 
120871 
120872 
120873 
120874 
120875 
120876 
120877 
120878 
120879 
120880 
120881 
120882 
120883 
120884 
120885 
120886 
120887 
120888 
120889 
120890 
120891 
120892 
120893 
120894 
120895 
120896 
120897 
120898 
120899 
120900 
120901 
120902 
120903 
120904 
120905 
120906 
120907 
120908 
120909 
120910 
120911 
120912 
120913 
120914 
120915 
120916 
120917 
120918 
120919 
120920 
120921 
120922 
120923 
120924 
120925 
120926 
120927 
120928 
120929 
120930 
120931 
120932 
120933 
120934 
120935 
120936 
120937 
120938 
120939 
120940 
120941 
120942 
120943 
120944 
120945 
120946 
120947 
120948 
120949 
120950 
120951 
120952 
120953 
120954 
120955 
120956 
120957 
120958 
120959 
123120 
123121 
123122 
123123 
123124 
123125 
123126 
123127 
123128 
123129 
123130 
123131 
123132 
123133 
123134 
123135 
123136 
123137 
123138 
123139 
123140 
123141 
123142 
123143 
123144 
123145 
123146 
123147 
123148 
123149 
123150 
123151 
123152 
123153 
123154 
123155 
123156 
123157 
123158 
123159 
123160 
123161 
123162 
123163 
123164 
123165 
123166 
123167 
123168 
123169 
123170 
123171 
123172 
123173 
123174 
123175 
123176 
123177 
123178 
123179 
123180 
123181 
123182 
123183 
123184 
123185 
123186 
123187 
123188 
123189 
123190 
123191 
123192 
123193 
123194 
123195 
123196 
123197 
123198 
123199 
123200 
123201 
123202 
123203 
123204 
123205 
123206 
123207 
123208 
123209 
123210 
123211 
123212 
123213 
123214 
123215 
123216 
123217 
123218 
123219 
123220 
123221 
123222 
123223 
123224 
123225 
123226 
123227 
123228 
123229 
123230 
123231 
123232 
123233 
123234 
123235 
123236 
123237 
123238 
123239 
123240 
123241 
123242 
123243 
123244 
123245 
123246 
123247 
123248 
123249 
123250 
123251 
123252 
123253 
123254 
123255 
123256 
123257 
123258 
123259 
123260 
123261 
123262 
123263 
123264 
123265 
123266 
123267 
123268 
123269 
123270 
123271 
123272 
123273 
123274 
123275 
123276 
123277 
123278 
123279 
123280 
123281 
123282 
123283 
123284 
123285 
123286 
123287 
123288 
123289 
123290 
123291 
123292 
123293 
123294 
123295 
123296 
123297 
123298 
123299 
123300 
123301 
123302 
123303 
123304 
123305 
123306 
123307 
123308 
123309 
123310 
123311 
123312 
123313 
123314 
123315 
123316 
123317 
123318 
123319 
123320 
123321 
123322 
123323 
123324 
123325 
123326 
123327 
123328 
123329 
123330 
123331 
123332 
123333 
123334 
123335 
123336 
123337 
123338 
123339 
123340 
123341 
123342 
123343 
123344 
123345 
123346 
123347 
123348 
123349 
123350 
123351 
123352 
123353 
123354 
123355 
123356 
123357 
123358 
123359 
123360 
123361 
123362 
123363 
123364 
123365 
123366 
123367 
123368 
123369 
123370 
123371 
123372 
123373 
123374 
123375 
123376 
123377 
123378 
123379 
123380 
123381 
123382 
123383 
123384 
123385 
123386 
123387 
123388 
123389 
123390 
123391 
123392 
123393 
123394 
123395 
123396 
123397 
123398 
123399 
123400 
123401 
123402 
123403 
123404 
123405 
123406 
123407 
123408 
123409 
123410 
123411 
123412 
123413 
123414 
123415 
123416 
123417 
123418 
123419 
123420 
123421 
123422 
123423 
123424 
123425 
123426 
123427 
123428 
123429 
123430 
123431 
123432 
123433 
123434 
123435 
123436 
123437 
123438 
123439 
123440 
123441 
123442 
123443 
123444 
123445 
123446 
123447 
123448 
123449 
123450 
123451 
123452 
123453 
123454 
123455 
123456 
123457 
123458 
123459 
123460 
123461 
123462 
123463 
123464 
123465 
123466 
123467 
123468 
123469 
123470 
123471 
123472 
123473 
123474 
123475 
123476 
123477 
123478 
123479 
123480 
123481 
123482 
123483 
123484 
123485 
123486 
123487 
123488 
123489 
123490 
123491 
123492 
123493 
123494 
123495 
123496 
123497 
123498 
123499 
123500 
123501 
123502 
123503 
123504 
123505 
123506 
123507 
123508 
123509 
123510 
123511 
123512 
123513 
123514 
123515 
123516 
123517 
123518 
123519 
123520 
123521 
123522 
123523 
123524 
123525 
123526 
123527 
123528 
123529 
123530 
123531 
123532 
123533 
123534 
123535 
123536 
123537 
123538 
123539 
123540 
123541 
123542 
123543 
123544 
123545 
123546 
123547 
123548 
123549 
123550 
123551 
123552 
123553 
123554 
123555 
123556 
123557 
123558 
123559 
123560 
123561 
123562 
123563 
123564 
123565 
123566 
123567 
123568 
123569 
123570 
123571 
123572 
123573 
123574 
123575 
123576 
123577 
123578 
123579 
123580 
123581 
123582 
123583 
123584 
123585 
123586 
123587 
123588 
123589 
123590 
123591 
123592 
123593 
123594 
123595 
123596 
123597 
123598 
123599 
123600 
123601 
123602 
123603 
123604 
123605 
123606 
123607 
123608 
123609 
123610 
123611 
123612 
123613 
123614 
123615 
123616 
123617 
123618 
123619 
123620 
123621 
123622 
123623 
123624 
123625 
123626 
123627 
123628 
123629 
123630 
123631 
123632 
123633 
123634 
123635 
123636 
123637 
123638 
123639 
123640 
123641 
123642 
123643 
123644 
123645 
123646 
123647 
123648 
123649 
123650 
123651 
123652 
123653 
123654 
123655 
123656 
123657 
123658 
123659 
123660 
123661 
123662 
123663 
123664 
123665 
123666 
123667 
123668 
123669 
123670 
123671 
123672 
123673 
123674 
123675 
123676 
123677 
123678 
123679 
123680 
123681 
123682 
123683 
123684 
123685 
123686 
123687 
123688 
123689 
123690 
123691 
123692 
123693 
123694 
123695 
123696 
123697 
123698 
123699 
123700 
123701 
123702 
123703 
123704 
123705 
123706 
123707 
123708 
123709 
123710 
123711 
123712 
123713 
123714 
123715 
123716 
123717 
123718 
123719 
123720 
123721 
123722 
123723 
123724 
123725 
123726 
123727 
123728 
123729 
123730 
123731 
123732 
123733 
123734 
123735 
123736 
123737 
123738 
123739 
123740 
123741 
123742 
123743 
123744 
123745 
123746 
123747 
123748 
123749 
123750 
123751 
123752 
123753 
123754 
123755 
123756 
123757 
123758 
123759 
123760 
123761 
123762 
123763 
123764 
123765 
123766 
123767 
123768 
123769 
123770 
123771 
123772 
123773 
123774 
123775 
123776 
123777 
123778 
123779 
123780 
123781 
123782 
123783 
123784 
123785 
123786 
123787 
123788 
123789 
123790 
123791 
123792 
123793 
123794 
123795 
123796 
123797 
123798 
123799 
123800 
123801 
123802 
123803 
123804 
123805 
123806 
123807 
123808 
123809 
123810 
123811 
123812 
123813 
123814 
123815 
123816 
123817 
123818 
123819 
123820 
123821 
123822 
123823 
123824 
123825 
123826 
123827 
123828 
123829 
123830 
123831 
123832 
123833 
123834 
123835 
123836 
123837 
123838 
123839 
123840 
123841 
123842 
123843 
123844 
123845 
123846 
123847 
123848 
123849 
123850 
123851 
123852 
123853 
123854 
123855 
123856 
123857 
123858 
123859 
123860 
123861 
123862 
123863 
123864 
123865 
123866 
123867 
123868 
123869 
123870 
123871 
123872 
123873 
123874 
123875 
123876 
123877 
123878 
123879 
123880 
123881 
123882 
123883 
123884 
123885 
123886 
123887 
123888 
123889 
123890 
123891 
123892 
123893 
123894 
123895 
123896 
123897 
123898 
123899 
123900 
123901 
123902 
123903 
123904 
123905 
123906 
123907 
123908 
123909 
123910 
123911 
123912 
123913 
123914 
123915 
123916 
123917 
123918 
123919 
123920 
123921 
123922 
123923 
123924 
123925 
123926 
123927 
123928 
123929 
123930 
123931 
123932 
123933 
123934 
123935 
123936 
123937 
123938 
123939 
123940 
123941 
123942 
123943 
123944 
123945 
123946 
123947 
123948 
123949 
123950 
123951 
123952 
123953 
123954 
123955 
123956 
123957 
123958 
123959 
123960 
123961 
123962 
123963 
123964 
123965 
123966 
123967 
123968 
123969 
123970 
123971 
123972 
123973 
123974 
123975 
123976 
123977 
123978 
123979 
123980 
123981 
123982 
123983 
123984 
123985 
123986 
123987 
123988 
123989 
123990 
123991 
123992 
123993 
123994 
123995 
123996 
123997 
123998 
123999 
124000 
124001 
124002 
124003 
124004 
124005 
124006 
124007 
124008 
124009 
124010 
124011 
124012 
124013 
124014 
124015 
124016 
124017 
124018 
124019 
124020 
124021 
124022 
124023 
124024 
124025 
124026 
124027 
124028 
124029 
124030 
124031 
124032 
124033 
124034 
124035 
124036 
124037 
124038 
124039 
124040 
124041 
124042 
124043 
124044 
124045 
124046 
124047 
124048 
124049 
124050 
124051 
124052 
124053 
124054 
124055 
124056 
124057 
124058 
124059 
124060 
124061 
124062 
124063 
124064 
124065 
124066 
124067 
124068 
124069 
124070 
124071 
124072 
124073 
124074 
124075 
124076 
124077 
124078 
124079 
124080 
124081 
124082 
124083 
124084 
124085 
124086 
124087 
124088 
124089 
124090 
124091 
124092 
124093 
124094 
124095 
124096 
124097 
124098 
124099 
124100 
124101 
124102 
124103 
124104 
124105 
124106 
124107 
124108 
124109 
124110 
124111 
124112 
124113 
124114 
124115 
124116 
124117 
124118 
124119 
124120 
124121 
124122 
124123 
124124 
124125 
124126 
124127 
124128 
124129 
124130 
124131 
124132 
124133 
124134 
124135 
124136 
124137 
124138 
124139 
124140 
124141 
124142 
124143 
124144 
124145 
124146 
124147 
124148 
124149 
124150 
124151 
124152 
124153 
124154 
124155 
124156 
124157 
124158 
124159 
124160 
124161 
124162 
124163 
124164 
124165 
124166 
124167 
124168 
124169 
124170 
124171 
124172 
124173 
124174 
124175 
124176 
124177 
124178 
124179 
124180 
124181 
124182 
124183 
124184 
124185 
124186 
124187 
124188 
124189 
124190 
124191 
124192 
124193 
124194 
124195 
124196 
124197 
124198 
124199 
124200 
124201 
124202 
124203 
124204 
124205 
124206 
124207 
124208 
124209 
124210 
124211 
124212 
124213 
124214 
124215 
124216 
124217 
124218 
124219 
124220 
124221 
124222 
124223 
124224 
124225 
124226 
124227 
124228 
124229 
124230 
124231 
124232 
124233 
124234 
124235 
124236 
124237 
124238 
124239 
124240 
124241 
124242 
124243 
124244 
124245 
124246 
124247 
124248 
124249 
124250 
124251 
124252 
124253 
124254 
124255 
124256 
124257 
124258 
124259 
124260 
124261 
124262 
124263 
124264 
124265 
124266 
124267 
124268 
124269 
124270 
124271 
124272 
124273 
124274 
124275 
124276 
124277 
124278 
124279 
124280 
124281 
124282 
124283 
124284 
124285 
124286 
124287 
124288 
124289 
124290 
124291 
124292 
124293 
124294 
124295 
124296 
124297 
124298 
124299 
124300 
124301 
124302 
124303 
124304 
124305 
124306 
124307 
124308 
124309 
124310 
124311 
124312 
124313 
124314 
124315 
124316 
124317 
124318 
124319 
124320 
124321 
124322 
124323 
124324 
124325 
124326 
124327 
124328 
124329 
124330 
124331 
124332 
124333 
124334 
124335 
124336 
124337 
124338 
124339 
124340 
124341 
124342 
124343 
124344 
124345 
124346 
124347 
124348 
124349 
124350 
124351 
124352 
124353 
124354 
124355 
124356 
124357 
124358 
124359 
124360 
124361 
124362 
124363 
124364 
124365 
124366 
124367 
124368 
124369 
124370 
124371 
124372 
124373 
124374 
124375 
124376 
124377 
124378 
124379 
124380 
124381 
124382 
124383 
124384 
124385 
124386 
124387 
124388 
124389 
124390 
124391 
124392 
124393 
124394 
124395 
124396 
124397 
124398 
124399 
124400 
124401 
124402 
124403 
124404 
124405 
124406 
124407 
124408 
124409 
124410 
124411 
124412 
124413 
124414 
124415 
124416 
124417 
124418 
124419 
124420 
124421 
124422 
124423 
124424 
124425 
124426 
124427 
124428 
124429 
124430 
124431 
124432 
124433 
124434 
124435 
124436 
124437 
124438 
124439 
124440 
124441 
124442 
124443 
124444 
124445 
124446 
124447 
124448 
124449 
124450 
124451 
124452 
124453 
124454 
124455 
124456 
124457 
124458 
124459 
124460 
124461 
124462 
124463 
124464 
124465 
124466 
124467 
124468 
124469 
124470 
124471 
124472 
124473 
124474 
124475 
124476 
124477 
124478 
124479 
124480 
124481 
124482 
124483 
124484 
124485 
124486 
124487 
124488 
124489 
124490 
124491 
124492 
124493 
124494 
124495 
124496 
124497 
124498 
124499 
124500 
124501 
124502 
124503 
124504 
124505 
124506 
124507 
124508 
124509 
124510 
124511 
124512 
124513 
124514 
124515 
124516 
124517 
124518 
124519 
124520 
124521 
124522 
124523 
124524 
124525 
124526 
124527 
124528 
124529 
124530 
124531 
124532 
124533 
124534 
124535 
124536 
124537 
124538 
124539 
124540 
124541 
124542 
124543 
124544 
124545 
124546 
124547 
124548 
124549 
124550 
124551 
124552 
124553 
124554 
124555 
124556 
124557 
124558 
124559 
124560 
124561 
124562 
124563 
124564 
124565 
124566 
124567 
124568 
124569 
124570 
124571 
124572 
124573 
124574 
124575 
124576 
124577 
124578 
124579 
124580 
124581 
124582 
124583 
124584 
124585 
124586 
124587 
124588 
124589 
124590 
124591 
124592 
124593 
124594 
124595 
124596 
124597 
124598 
124599 
124600 
124601 
124602 
124603 
124604 
124605 
124606 
124607 
124608 
124609 
124610 
124611 
124612 
124613 
124614 
124615 
124616 
124617 
124618 
124619 
124620 
124621 
124622 
124623 
124624 
124625 
124626 
124627 
124628 
124629 
124630 
124631 
124632 
124633 
124634 
124635 
124636 
124637 
124638 
124639 
124640 
124641 
124642 
124643 
124644 
124645 
124646 
124647 
124648 
124649 
124650 
124651 
124652 
124653 
124654 
124655 
124656 
124657 
124658 
124659 
124660 
124661 
124662 
124663 
124664 
124665 
124666 
124667 
124668 
124669 
124670 
124671 
124672 
124673 
124674 
124675 
124676 
124677 
124678 
124679 
124680 
124681 
124682 
124683 
124684 
124685 
124686 
124687 
124688 
124689 
124690 
124691 
124692 
124693 
124694 
124695 
124696 
124697 
124698 
124699 
124700 
124701 
124702 
124703 
124704 
124705 
124706 
124707 
124708 
124709 
124710 
124711 
124712 
124713 
124714 
124715 
124716 
124717 
124718 
124719 
124720 
124721 
124722 
124723 
124724 
124725 
124726 
124727 
124728 
124729 
124730 
124731 
124732 
124733 
124734 
124735 
124736 
124737 
124738 
124739 
124740 
124741 
124742 
124743 
124744 
124745 
124746 
124747 
124748 
124749 
124750 
124751 
124752 
124753 
124754 
124755 
124756 
124757 
124758 
124759 
124760 
124761 
124762 
124763 
124764 
124765 
124766 
124767 
124768 
124769 
124770 
124771 
124772 
124773 
124774 
124775 
124776 
124777 
124778 
124779 
124780 
124781 
124782 
124783 
124784 
124785 
124786 
124787 
124788 
124789 
124790 
124791 
124792 
124793 
124794 
124795 
124796 
124797 
124798 
124799 
124800 
124801 
124802 
124803 
124804 
124805 
124806 
124807 
124808 
124809 
124810 
124811 
124812 
124813 
124814 
124815 
124816 
124817 
124818 
124819 
124820 
124821 
124822 
124823 
124824 
124825 
124826 
124827 
124828 
124829 
124830 
124831 
124832 
124833 
124834 
124835 
124836 
124837 
124838 
124839 
124840 
124841 
124842 
124843 
124844 
124845 
124846 
124847 
124848 
124849 
124850 
124851 
124852 
124853 
124854 
124855 
124856 
124857 
124858 
124859 
124860 
124861 
124862 
124863 
124864 
124865 
124866 
124867 
124868 
124869 
124870 
124871 
124872 
124873 
124874 
124875 
124876 
124877 
124878 
124879 
124880 
124881 
124882 
124883 
124884 
124885 
124886 
124887 
124888 
124889 
124890 
124891 
124892 
124893 
124894 
124895 
124896 
124897 
124898 
124899 
124900 
124901 
124902 
124903 
124904 
124905 
124906 
124907 
124908 
124909 
124910 
124911 
124912 
124913 
124914 
124915 
124916 
124917 
124918 
124919 
124920 
124921 
124922 
124923 
124924 
124925 
124926 
124927 
124928 
124929 
124930 
124931 
124932 
124933 
124934 
124935 
124936 
124937 
124938 
124939 
124940 
124941 
124942 
124943 
124944 
124945 
124946 
124947 
124948 
124949 
124950 
124951 
124952 
124953 
124954 
124955 
124956 
124957 
124958 
124959 
124960 
124961 
124962 
124963 
124964 
124965 
124966 
124967 
124968 
124969 
124970 
124971 
124972 
124973 
124974 
124975 
124976 
124977 
124978 
124979 
124980 
124981 
124982 
124983 
124984 
124985 
124986 
124987 
124988 
124989 
124990 
124991 
124992 
124993 
124994 
124995 
124996 
124997 
124998 
124999 
125000 
125001 
125002 
125003 
125004 
125005 
125006 
125007 
125008 
125009 
125010 
125011 
125012 
125013 
125014 
125015 
125016 
125017 
125018 
125019 
125020 
125021 
125022 
125023 
125024 
125025 
125026 
125027 
125028 
125029 
125030 
125031 
125032 
125033 
125034 
125035 
125036 
125037 
125038 
125039 
125040 
125041 
125042 
125043 
125044 
125045 
125046 
125047 
125048 
125049 
125050 
125051 
125052 
125053 
125054 
125055 
125056 
125057 
125058 
125059 
125060 
125061 
125062 
125063 
125064 
125065 
125066 
125067 
125068 
125069 
125070 
125071 
125072 
125073 
125074 
125075 
125076 
125077 
125078 
125079 
125080 
125081 
125082 
125083 
125084 
125085 
125086 
125087 
125088 
125089 
125090 
125091 
125092 
125093 
125094 
125095 
125096 
125097 
125098 
125099 
125100 
125101 
125102 
125103 
125104 
125105 
125106 
125107 
125108 
125109 
125110 
125111 
125112 
125113 
125114 
125115 
125116 
125117 
125118 
125119 
125120 
125121 
125122 
125123 
125124 
125125 
125126 
125127 
125128 
125129 
125130 
125131 
125132 
125133 
125134 
125135 
125136 
125137 
125138 
125139 
125140 
125141 
125142 
125143 
125144 
125145 
125146 
125147 
125148 
125149 
125150 
125151 
125152 
125153 
125154 
125155 
125156 
125157 
125158 
125159 
125160 
125161 
125162 
125163 
125164 
125165 
125166 
125167 
125168 
125169 
125170 
125171 
125172 
125173 
125174 
125175 
125176 
125177 
125178 
125179 
125180 
125181 
125182 
125183 
125184 
125185 
125186 
125187 
125188 
125189 
125190 
125191 
125192 
125193 
125194 
125195 
125196 
125197 
125198 
125199 
125200 
125201 
125202 
125203 
125204 
125205 
125206 
125207 
125208 
125209 
125210 
125211 
125212 
125213 
125214 
125215 
125216 
125217 
125218 
125219 
125220 
125221 
125222 
125223 
125224 
125225 
125226 
125227 
125228 
125229 
125230 
125231 
125232 
125233 
125234 
125235 
125236 
125237 
125238 
125239 
125240 
125241 
125242 
125243 
125244 
125245 
125246 
125247 
125248 
125249 
125250 
125251 
125252 
125253 
125254 
125255 
125256 
125257 
125258 
125259 
125260 
125261 
125262 
125263 
125264 
125265 
125266 
125267 
125268 
125269 
125270 
125271 
125272 
125273 
125274 
125275 
125276 
125277 
125278 
125279 
127440 
127441 
127442 
127443 
127444 
127445 
127446 
127447 
127448 
127449 
127450 
127451 
127452 
127453 
127454 
127455 
127456 
127457 
127458 
127459 
127460 
127461 
127462 
127463 
127464 
127465 
127466 
127467 
127468 
127469 
127470 
127471 
127472 
127473 
127474 
127475 
127476 
127477 
127478 
127479 
127480 
127481 
127482 
127483 
127484 
127485 
127486 
127487 
127488 
127489 
127490 
127491 
127492 
127493 
127494 
127495 
127496 
127497 
127498 
127499 
127500 
127501 
127502 
127503 
127504 
127505 
127506 
127507 
127508 
127509 
127510 
127511 
127512 
127513 
127514 
127515 
127516 
127517 
127518 
127519 
127520 
127521 
127522 
127523 
127524 
127525 
127526 
127527 
127528 
127529 
127530 
127531 
127532 
127533 
127534 
127535 
127536 
127537 
127538 
127539 
127540 
127541 
127542 
127543 
127544 
127545 
127546 
127547 
127548 
127549 
127550 
127551 
127552 
127553 
127554 
127555 
127556 
127557 
127558 
127559 
127560 
127561 
127562 
127563 
127564 
127565 
127566 
127567 
127568 
127569 
127570 
127571 
127572 
127573 
127574 
127575 
127576 
127577 
127578 
127579 
127580 
127581 
127582 
127583 
127584 
127585 
127586 
127587 
127588 
127589 
127590 
127591 
127592 
127593 
127594 
127595 
127596 
127597 
127598 
127599 
127600 
127601 
127602 
127603 
127604 
127605 
127606 
127607 
127608 
127609 
127610 
127611 
127612 
127613 
127614 
127615 
127616 
127617 
127618 
127619 
127620 
127621 
127622 
127623 
127624 
127625 
127626 
127627 
127628 
127629 
127630 
127631 
127632 
127633 
127634 
127635 
127636 
127637 
127638 
127639 
127640 
127641 
127642 
127643 
127644 
127645 
127646 
127647 
127648 
127649 
127650 
127651 
127652 
127653 
127654 
127655 
127656 
127657 
127658 
127659 
127660 
127661 
127662 
127663 
127664 
127665 
127666 
127667 
127668 
127669 
127670 
127671 
127672 
127673 
127674 
127675 
127676 
127677 
127678 
127679 
127680 
127681 
127682 
127683 
127684 
127685 
127686 
127687 
127688 
127689 
127690 
127691 
127692 
127693 
127694 
127695 
127696 
127697 
127698 
127699 
127700 
127701 
127702 
127703 
127704 
127705 
127706 
127707 
127708 
127709 
127710 
127711 
127712 
127713 
127714 
127715 
127716 
127717 
127718 
127719 
127720 
127721 
127722 
127723 
127724 
127725 
127726 
127727 
127728 
127729 
127730 
127731 
127732 
127733 
127734 
127735 
127736 
127737 
127738 
127739 
127740 
127741 
127742 
127743 
127744 
127745 
127746 
127747 
127748 
127749 
127750 
127751 
127752 
127753 
127754 
127755 
127756 
127757 
127758 
127759 
127760 
127761 
127762 
127763 
127764 
127765 
127766 
127767 
127768 
127769 
127770 
127771 
127772 
127773 
127774 
127775 
127776 
127777 
127778 
127779 
127780 
127781 
127782 
127783 
127784 
127785 
127786 
127787 
127788 
127789 
127790 
127791 
127792 
127793 
127794 
127795 
127796 
127797 
127798 
127799 
127800 
127801 
127802 
127803 
127804 
127805 
127806 
127807 
127808 
127809 
127810 
127811 
127812 
127813 
127814 
127815 
127816 
127817 
127818 
127819 
127820 
127821 
127822 
127823 
127824 
127825 
127826 
127827 
127828 
127829 
127830 
127831 
127832 
127833 
127834 
127835 
127836 
127837 
127838 
127839 
127840 
127841 
127842 
127843 
127844 
127845 
127846 
127847 
127848 
127849 
127850 
127851 
127852 
127853 
127854 
127855 
127856 
127857 
127858 
127859 
127860 
127861 
127862 
127863 
127864 
127865 
127866 
127867 
127868 
127869 
127870 
127871 
127872 
127873 
127874 
127875 
127876 
127877 
127878 
127879 
127880 
127881 
127882 
127883 
127884 
127885 
127886 
127887 
127888 
127889 
127890 
127891 
127892 
127893 
127894 
127895 
127896 
127897 
127898 
127899 
127900 
127901 
127902 
127903 
127904 
127905 
127906 
127907 
127908 
127909 
127910 
127911 
127912 
127913 
127914 
127915 
127916 
127917 
127918 
127919 
127920 
127921 
127922 
127923 
127924 
127925 
127926 
127927 
127928 
127929 
127930 
127931 
127932 
127933 
127934 
127935 
127936 
127937 
127938 
127939 
127940 
127941 
127942 
127943 
127944 
127945 
127946 
127947 
127948 
127949 
127950 
127951 
127952 
127953 
127954 
127955 
127956 
127957 
127958 
127959 
127960 
127961 
127962 
127963 
127964 
127965 
127966 
127967 
127968 
127969 
127970 
127971 
127972 
127973 
127974 
127975 
127976 
127977 
127978 
127979 
127980 
127981 
127982 
127983 
127984 
127985 
127986 
127987 
127988 
127989 
127990 
127991 
127992 
127993 
127994 
127995 
127996 
127997 
127998 
127999 
128000 
128001 
128002 
128003 
128004 
128005 
128006 
128007 
128008 
128009 
128010 
128011 
128012 
128013 
128014 
128015 
128016 
128017 
128018 
128019 
128020 
128021 
128022 
128023 
128024 
128025 
128026 
128027 
128028 
128029 
128030 
128031 
128032 
128033 
128034 
128035 
128036 
128037 
128038 
128039 
128040 
128041 
128042 
128043 
128044 
128045 
128046 
128047 
128048 
128049 
128050 
128051 
128052 
128053 
128054 
128055 
128056 
128057 
128058 
128059 
128060 
128061 
128062 
128063 
128064 
128065 
128066 
128067 
128068 
128069 
128070 
128071 
128072 
128073 
128074 
128075 
128076 
128077 
128078 
128079 
128080 
128081 
128082 
128083 
128084 
128085 
128086 
128087 
128088 
128089 
128090 
128091 
128092 
128093 
128094 
128095 
128096 
128097 
128098 
128099 
128100 
128101 
128102 
128103 
128104 
128105 
128106 
128107 
128108 
128109 
128110 
128111 
128112 
128113 
128114 
128115 
128116 
128117 
128118 
128119 
128120 
128121 
128122 
128123 
128124 
128125 
128126 
128127 
128128 
128129 
128130 
128131 
128132 
128133 
128134 
128135 
128136 
128137 
128138 
128139 
128140 
128141 
128142 
128143 
128144 
128145 
128146 
128147 
128148 
128149 
128150 
128151 
128152 
128153 
128154 
128155 
128156 
128157 
128158 
128159 
128160 
128161 
128162 
128163 
128164 
128165 
128166 
128167 
128168 
128169 
128170 
128171 
128172 
128173 
128174 
128175 
128176 
128177 
128178 
128179 
128180 
128181 
128182 
128183 
128184 
128185 
128186 
128187 
128188 
128189 
128190 
128191 
128192 
128193 
128194 
128195 
128196 
128197 
128198 
128199 
128200 
128201 
128202 
128203 
128204 
128205 
128206 
128207 
128208 
128209 
128210 
128211 
128212 
128213 
128214 
128215 
128216 
128217 
128218 
128219 
128220 
128221 
128222 
128223 
128224 
128225 
128226 
128227 
128228 
128229 
128230 
128231 
128232 
128233 
128234 
128235 
128236 
128237 
128238 
128239 
128240 
128241 
128242 
128243 
128244 
128245 
128246 
128247 
128248 
128249 
128250 
128251 
128252 
128253 
128254 
128255 
128256 
128257 
128258 
128259 
128260 
128261 
128262 
128263 
128264 
128265 
128266 
128267 
128268 
128269 
128270 
128271 
128272 
128273 
128274 
128275 
128276 
128277 
128278 
128279 
128280 
128281 
128282 
128283 
128284 
128285 
128286 
128287 
128288 
128289 
128290 
128291 
128292 
128293 
128294 
128295 
128296 
128297 
128298 
128299 
128300 
128301 
128302 
128303 
128304 
128305 
128306 
128307 
128308 
128309 
128310 
128311 
128312 
128313 
128314 
128315 
128316 
128317 
128318 
128319 
128320 
128321 
128322 
128323 
128324 
128325 
128326 
128327 
128328 
128329 
128330 
128331 
128332 
128333 
128334 
128335 
128336 
128337 
128338 
128339 
128340 
128341 
128342 
128343 
128344 
128345 
128346 
128347 
128348 
128349 
128350 
128351 
128352 
128353 
128354 
128355 
128356 
128357 
128358 
128359 
128360 
128361 
128362 
128363 
128364 
128365 
128366 
128367 
128368 
128369 
128370 
128371 
128372 
128373 
128374 
128375 
128376 
128377 
128378 
128379 
128380 
128381 
128382 
128383 
128384 
128385 
128386 
128387 
128388 
128389 
128390 
128391 
128392 
128393 
128394 
128395 
128396 
128397 
128398 
128399 
128400 
128401 
128402 
128403 
128404 
128405 
128406 
128407 
128408 
128409 
128410 
128411 
128412 
128413 
128414 
128415 
128416 
128417 
128418 
128419 
128420 
128421 
128422 
128423 
128424 
128425 
128426 
128427 
128428 
128429 
128430 
128431 
128432 
128433 
128434 
128435 
128436 
128437 
128438 
128439 
128440 
128441 
128442 
128443 
128444 
128445 
128446 
128447 
128448 
128449 
128450 
128451 
128452 
128453 
128454 
128455 
128456 
128457 
128458 
128459 
128460 
128461 
128462 
128463 
128464 
128465 
128466 
128467 
128468 
128469 
128470 
128471 
128472 
128473 
128474 
128475 
128476 
128477 
128478 
128479 
128480 
128481 
128482 
128483 
128484 
128485 
128486 
128487 
128488 
128489 
128490 
128491 
128492 
128493 
128494 
128495 
128496 
128497 
128498 
128499 
128500 
128501 
128502 
128503 
128504 
128505 
128506 
128507 
128508 
128509 
128510 
128511 
128512 
128513 
128514 
128515 
128516 
128517 
128518 
128519 
128520 
128521 
128522 
128523 
128524 
128525 
128526 
128527 
128528 
128529 
128530 
128531 
128532 
128533 
128534 
128535 
128536 
128537 
128538 
128539 
128540 
128541 
128542 
128543 
128544 
128545 
128546 
128547 
128548 
128549 
128550 
128551 
128552 
128553 
128554 
128555 
128556 
128557 
128558 
128559 
128560 
128561 
128562 
128563 
128564 
128565 
128566 
128567 
128568 
128569 
128570 
128571 
128572 
128573 
128574 
128575 
128576 
128577 
128578 
128579 
128580 
128581 
128582 
128583 
128584 
128585 
128586 
128587 
128588 
128589 
128590 
128591 
128592 
128593 
128594 
128595 
128596 
128597 
128598 
128599 
128600 
128601 
128602 
128603 
128604 
128605 
128606 
128607 
128608 
128609 
128610 
128611 
128612 
128613 
128614 
128615 
128616 
128617 
128618 
128619 
128620 
128621 
128622 
128623 
128624 
128625 
128626 
128627 
128628 
128629 
128630 
128631 
128632 
128633 
128634 
128635 
128636 
128637 
128638 
128639 
128640 
128641 
128642 
128643 
128644 
128645 
128646 
128647 
128648 
128649 
128650 
128651 
128652 
128653 
128654 
128655 
128656 
128657 
128658 
128659 
128660 
128661 
128662 
128663 
128664 
128665 
128666 
128667 
128668 
128669 
128670 
128671 
128672 
128673 
128674 
128675 
128676 
128677 
128678 
128679 
128680 
128681 
128682 
128683 
128684 
128685 
128686 
128687 
128688 
128689 
128690 
128691 
128692 
128693 
128694 
128695 
128696 
128697 
128698 
128699 
128700 
128701 
128702 
128703 
128704 
128705 
128706 
128707 
128708 
128709 
128710 
128711 
128712 
128713 
128714 
128715 
128716 
128717 
128718 
128719 
128720 
128721 
128722 
128723 
128724 
128725 
128726 
128727 
128728 
128729 
128730 
128731 
128732 
128733 
128734 
128735 
128736 
128737 
128738 
128739 
128740 
128741 
128742 
128743 
128744 
128745 
128746 
128747 
128748 
128749 
128750 
128751 
128752 
128753 
128754 
128755 
128756 
128757 
128758 
128759 
128760 
128761 
128762 
128763 
128764 
128765 
128766 
128767 
128768 
128769 
128770 
128771 
128772 
128773 
128774 
128775 
128776 
128777 
128778 
128779 
128780 
128781 
128782 
128783 
128784 
128785 
128786 
128787 
128788 
128789 
128790 
128791 
128792 
128793 
128794 
128795 
128796 
128797 
128798 
128799 
128800 
128801 
128802 
128803 
128804 
128805 
128806 
128807 
128808 
128809 
128810 
128811 
128812 
128813 
128814 
128815 
128816 
128817 
128818 
128819 
128820 
128821 
128822 
128823 
128824 
128825 
128826 
128827 
128828 
128829 
128830 
128831 
128832 
128833 
128834 
128835 
128836 
128837 
128838 
128839 
128840 
128841 
128842 
128843 
128844 
128845 
128846 
128847 
128848 
128849 
128850 
128851 
128852 
128853 
128854 
128855 
128856 
128857 
128858 
128859 
128860 
128861 
128862 
128863 
128864 
128865 
128866 
128867 
128868 
128869 
128870 
128871 
128872 
128873 
128874 
128875 
128876 
128877 
128878 
128879 
128880 
128881 
128882 
128883 
128884 
128885 
128886 
128887 
128888 
128889 
128890 
128891 
128892 
128893 
128894 
128895 
128896 
128897 
128898 
128899 
128900 
128901 
128902 
128903 
128904 
128905 
128906 
128907 
128908 
128909 
128910 
128911 
128912 
128913 
128914 
128915 
128916 
128917 
128918 
128919 
128920 
128921 
128922 
128923 
128924 
128925 
128926 
128927 
128928 
128929 
128930 
128931 
128932 
128933 
128934 
128935 
128936 
128937 
128938 
128939 
128940 
128941 
128942 
128943 
128944 
128945 
128946 
128947 
128948 
128949 
128950 
128951 
128952 
128953 
128954 
128955 
128956 
128957 
128958 
128959 
128960 
128961 
128962 
128963 
128964 
128965 
128966 
128967 
128968 
128969 
128970 
128971 
128972 
128973 
128974 
128975 
128976 
128977 
128978 
128979 
128980 
128981 
128982 
128983 
128984 
128985 
128986 
128987 
128988 
128989 
128990 
128991 
128992 
128993 
128994 
128995 
128996 
128997 
128998 
128999 
129000 
129001 
129002 
129003 
129004 
129005 
129006 
129007 
129008 
129009 
129010 
129011 
129012 
129013 
129014 
129015 
129016 
129017 
129018 
129019 
129020 
129021 
129022 
129023 
129024 
129025 
129026 
129027 
129028 
129029 
129030 
129031 
129032 
129033 
129034 
129035 
129036 
129037 
129038 
129039 
129040 
129041 
129042 
129043 
129044 
129045 
129046 
129047 
129048 
129049 
129050 
129051 
129052 
129053 
129054 
129055 
129056 
129057 
129058 
129059 
129060 
129061 
129062 
129063 
129064 
129065 
129066 
129067 
129068 
129069 
129070 
129071 
129072 
129073 
129074 
129075 
129076 
129077 
129078 
129079 
129080 
129081 
129082 
129083 
129084 
129085 
129086 
129087 
129088 
129089 
129090 
129091 
129092 
129093 
129094 
129095 
129096 
129097 
129098 
129099 
129100 
129101 
129102 
129103 
129104 
129105 
129106 
129107 
129108 
129109 
129110 
129111 
129112 
129113 
129114 
129115 
129116 
129117 
129118 
129119 
129120 
129121 
129122 
129123 
129124 
129125 
129126 
129127 
129128 
129129 
129130 
129131 
129132 
129133 
129134 
129135 
129136 
129137 
129138 
129139 
129140 
129141 
129142 
129143 
129144 
129145 
129146 
129147 
129148 
129149 
129150 
129151 
129152 
129153 
129154 
129155 
129156 
129157 
129158 
129159 
129160 
129161 
129162 
129163 
129164 
129165 
129166 
129167 
129168 
129169 
129170 
129171 
129172 
129173 
129174 
129175 
129176 
129177 
129178 
129179 
129180 
129181 
129182 
129183 
129184 
129185 
129186 
129187 
129188 
129189 
129190 
129191 
129192 
129193 
129194 
129195 
129196 
129197 
129198 
129199 
129200 
129201 
129202 
129203 
129204 
129205 
129206 
129207 
129208 
129209 
129210 
129211 
129212 
129213 
129214 
129215 
129216 
129217 
129218 
129219 
129220 
129221 
129222 
129223 
129224 
129225 
129226 
129227 
129228 
129229 
129230 
129231 
129232 
129233 
129234 
129235 
129236 
129237 
129238 
129239 
129240 
129241 
129242 
129243 
129244 
129245 
129246 
129247 
129248 
129249 
129250 
129251 
129252 
129253 
129254 
129255 
129256 
129257 
129258 
129259 
129260 
129261 
129262 
129263 
129264 
129265 
129266 
129267 
129268 
129269 
129270 
129271 
129272 
129273 
129274 
129275 
129276 
129277 
129278 
129279 
129280 
129281 
129282 
129283 
129284 
129285 
129286 
129287 
129288 
129289 
129290 
129291 
129292 
129293 
129294 
129295 
129296 
129297 
129298 
129299 
129300 
129301 
129302 
129303 
129304 
129305 
129306 
129307 
129308 
129309 
129310 
129311 
129312 
129313 
129314 
129315 
129316 
129317 
129318 
129319 
129320 
129321 
129322 
129323 
129324 
129325 
129326 
129327 
129328 
129329 
129330 
129331 
129332 
129333 
129334 
129335 
129336 
129337 
129338 
129339 
129340 
129341 
129342 
129343 
129344 
129345 
129346 
129347 
129348 
129349 
129350 
129351 
129352 
129353 
129354 
129355 
129356 
129357 
129358 
129359 
129360 
129361 
129362 
129363 
129364 
129365 
129366 
129367 
129368 
129369 
129370 
129371 
129372 
129373 
129374 
129375 
129376 
129377 
129378 
129379 
129380 
129381 
129382 
129383 
129384 
129385 
129386 
129387 
129388 
129389 
129390 
129391 
129392 
129393 
129394 
129395 
129396 
129397 
129398 
129399 
129400 
129401 
129402 
129403 
129404 
129405 
129406 
129407 
129408 
129409 
129410 
129411 
129412 
129413 
129414 
129415 
129416 
129417 
129418 
129419 
129420 
129421 
129422 
129423 
129424 
129425 
129426 
129427 
129428 
129429 
129430 
129431 
129432 
129433 
129434 
129435 
129436 
129437 
129438 
129439 
129440 
129441 
129442 
129443 
129444 
129445 
129446 
129447 
129448 
129449 
129450 
129451 
129452 
129453 
129454 
129455 
129456 
129457 
129458 
129459 
129460 
129461 
129462 
129463 
129464 
129465 
129466 
129467 
129468 
129469 
129470 
129471 
129472 
129473 
129474 
129475 
129476 
129477 
129478 
129479 
129480 
129481 
129482 
129483 
129484 
129485 
129486 
129487 
129488 
129489 
129490 
129491 
129492 
129493 
129494 
129495 
129496 
129497 
129498 
129499 
129500 
129501 
129502 
129503 
129504 
129505 
129506 
129507 
129508 
129509 
129510 
129511 
129512 
129513 
129514 
129515 
129516 
129517 
129518 
129519 
129520 
129521 
129522 
129523 
129524 
129525 
129526 
129527 
129528 
129529 
129530 
129531 
129532 
129533 
129534 
129535 
129536 
129537 
129538 
129539 
129540 
129541 
129542 
129543 
129544 
129545 
129546 
129547 
129548 
129549 
129550 
129551 
129552 
129553 
129554 
129555 
129556 
129557 
129558 
129559 
129560 
129561 
129562 
129563 
129564 
129565 
129566 
129567 
129568 
129569 
129570 
129571 
129572 
129573 
129574 
129575 
129576 
129577 
129578 
129579 
129580 
129581 
129582 
129583 
129584 
129585 
129586 
129587 
129588 
129589 
129590 
129591 
129592 
129593 
129594 
129595 
129596 
129597 
129598 
129599 
)

// ************************************************************************* //
