/*--------------------------------*- C++ -*----------------------------------*\
| =========                 |                                                 |
| \\      /  F ield         | OpenFOAM: The Open Source CFD Toolbox           |
|  \\    /   O peration     | Version:  2512                                  |
|   \\  /    A nd           | Website:  www.openfoam.com                      |
|    \\/     M anipulation  |                                                 |
\*---------------------------------------------------------------------------*/
FoamFile
{
    version     2.0;
    format      binary;
    arch        "LSB;label=32;scalar=64";
    class       cellSet;
    location    "constant/polyMesh/sets";
    object      region1;
}
// * * * * * * * * * * * * * * * * * * * * * * * * * * * * * * * * * * * * * //


57600
(
143775
143776
143777
143778
143779
143780
143781
143782
143783
143784
143785
143786
143787
143788
143789
143790
143791
143792
143793
143794
143795
143796
143797
143798
143799
143800
143801
143802
143803
143804
143805
143806
143807
143808
143809
143810
143811
143812
143813
143814
143815
143816
143817
143818
143819
143820
143821
143822
143823
143824
143825
143826
143827
143828
143829
143830
143831
143832
143833
143834
143835
143836
143837
143838
143839
143840
143841
143842
143843
143844
143845
143846
143847
143848
143849
143850
143851
143852
143853
143854
143855
143856
143857
143858
143859
143860
143861
143862
143863
143864
143865
143866
143867
143868
143869
143870
143871
143872
143873
143874
143875
143876
143877
143878
143879
143880
143881
143882
143883
143884
143885
143886
143887
143888
143889
143890
143891
143892
143893
143894
143895
143896
143897
143898
143899
143900
143901
143902
143903
143904
143905
143906
143907
143908
143909
143910
143911
143912
143913
143914
143915
143916
143917
143918
143919
143920
143921
143922
143923
143924
143925
143926
143927
143928
143929
143930
143931
143932
143933
143934
143935
143936
143937
143938
143939
143940
143941
143942
143943
143944
143945
143946
143947
143948
143949
143950
143951
143952
143953
143954
143955
143956
143957
143958
143959
143960
143961
143962
143963
143964
143965
143966
143967
143968
143969
143970
143971
143972
143973
143974
143975
143976
143977
143978
143979
143980
143981
143982
143983
143984
143985
143986
143987
143988
143989
143990
143991
143992
143993
143994
143995
143996
143997
143998
143999
144000
144001
144002
144003
144004
144005
144006
144007
144008
144009
144010
144011
144012
144013
144014
144015
144016
144017
144018
144019
144020
144021
144022
144023
144024
144025
144026
144027
144028
144029
144030
144031
144032
144033
144034
144035
144036
144037
144038
144039
144040
144041
144042
144043
144044
144045
144046
144047
144048
144049
144050
144051
144052
144053
144054
144055
144056
144057
144058
144059
144060
144061
144062
144063
144064
144065
144066
144067
144068
144069
144070
144071
144072
144073
144074
144075
144076
144077
144078
144079
144080
144081
144082
144083
144084
144085
144086
144087
144088
144089
144090
144091
144092
144093
144094
144095
144096
144097
144098
144099
144100
144101
144102
144103
144104
144105
144106
144107
144108
144109
144110
144111
144112
144113
144114
144115
144116
144117
144118
144119
144120
144121
144122
144123
144124
144125
144126
144127
144128
144129
144130
144131
144132
144133
144134
144135
144136
144137
144138
144139
144140
144141
144142
144143
144144
144145
144146
144147
144148
144149
144150
144151
144152
144153
144154
144155
144156
144157
144158
144159
144160
144161
144162
144163
144164
144165
144166
144167
144168
144169
144170
144171
144172
144173
144174
144175
144176
144177
144178
144179
144180
144181
144182
144183
144184
144185
144186
144187
144188
144189
144190
144191
144192
144193
144194
144195
144196
144197
144198
144199
144200
144201
144202
144203
144204
144205
144206
144207
144208
144209
144210
144211
144212
144213
144214
144215
144216
144217
144218
144219
144220
144221
144222
144223
144224
144225
144226
144227
144228
144229
144230
144231
144232
144233
144234
144235
144236
144237
144238
144239
144240
144241
144242
144243
144244
144245
144246
144247
144248
144249
144250
144251
144252
144253
144254
144255
144256
144257
144258
144259
144260
144261
144262
144263
144264
144265
144266
144267
144268
144269
144270
144271
144272
144273
144274
144275
144276
144277
144278
144279
144280
144281
144282
144283
144284
144285
144286
144287
144288
144289
144290
144291
144292
144293
144294
144295
144296
144297
144298
144299
144300
144301
144302
144303
144304
144305
144306
144307
144308
144309
144310
144311
144312
144313
144314
144315
144316
144317
144318
144319
144320
144321
144322
144323
144324
144325
144326
144327
144328
144329
144330
144331
144332
144333
144334
144335
144336
144337
144338
144339
144340
144341
144342
144343
144344
144345
144346
144347
144348
144349
144350
144351
144352
144353
144354
144355
144356
144357
144358
144359
144360
144361
144362
144363
144364
144365
144366
144367
144368
144369
144370
144371
144372
144373
144374
144375
144376
144377
144378
144379
144380
144381
144382
144383
144384
144385
144386
144387
144388
144389
144390
144391
144392
144393
144394
144395
144396
144397
144398
144399
144400
144401
144402
144403
144404
144405
144406
144407
144408
144409
144410
144411
144412
144413
144414
144415
144416
144417
144418
144419
144420
144421
144422
144423
144424
144425
144426
144427
144428
144429
144430
144431
144432
144433
144434
144435
144436
144437
144438
144439
144440
144441
144442
144443
144444
144445
144446
144447
144448
144449
144450
144451
144452
144453
144454
144455
144456
144457
144458
144459
144460
144461
144462
144463
144464
144465
144466
144467
144468
144469
144470
144471
144472
144473
144474
144475
144476
144477
144478
144479
144480
144481
144482
144483
144484
144485
144486
144487
144488
144489
144490
144491
144492
144493
144494
144495
144496
144497
144498
144499
144500
144501
144502
144503
144504
144505
144506
144507
144508
144509
144510
144511
144512
144513
144514
144515
144516
144517
144518
144519
144520
144521
144522
144523
144524
144525
144526
144527
144528
144529
144530
144531
144532
144533
144534
144535
144536
144537
144538
144539
144540
144541
144542
144543
144544
144545
144546
144547
144548
144549
144550
144551
144552
144553
144554
144555
144556
144557
144558
144559
144560
144561
144562
144563
144564
144565
144566
144567
144568
144569
144570
144571
144572
144573
144574
144575
144576
144577
144578
144579
144580
144581
144582
144583
144584
144585
144586
144587
144588
144589
144590
144591
144592
144593
144594
144595
144596
144597
144598
144599
144600
144601
144602
144603
144604
144605
144606
144607
144608
144609
144610
144611
144612
144613
144614
144615
144616
144617
144618
144619
144620
144621
144622
144623
144624
144625
144626
144627
144628
144629
144630
144631
144632
144633
144634
144635
144636
144637
144638
144639
144640
144641
144642
144643
144644
144645
144646
144647
144648
144649
144650
144651
144652
144653
144654
144655
144656
144657
144658
144659
144660
144661
144662
144663
144664
144665
144666
144667
144668
144669
144670
144671
144672
144673
144674
144675
144676
144677
144678
144679
144680
144681
144682
144683
144684
144685
144686
144687
144688
144689
144690
144691
144692
144693
144694
144695
144696
144697
144698
144699
144700
144701
144702
144703
144704
144705
144706
144707
144708
144709
144710
144711
144712
144713
144714
144715
144716
144717
144718
144719
144720
144721
144722
144723
144724
144725
144726
144727
144728
144729
144730
144731
144732
144733
144734
144735
144736
144737
144738
144739
144740
144741
144742
144743
144744
144745
144746
144747
144748
144749
144750
144751
144752
144753
144754
144755
144756
144757
144758
144759
144760
144761
144762
144763
144764
144765
144766
144767
144768
144769
144770
144771
144772
144773
144774
144775
144776
144777
144778
144779
144780
144781
144782
144783
144784
144785
144786
144787
144788
144789
144790
144791
144792
144793
144794
144795
144796
144797
144798
144799
144800
144801
144802
144803
144804
144805
144806
144807
144808
144809
144810
144811
144812
144813
144814
144815
144816
144817
144818
144819
144820
144821
144822
144823
144824
144825
144826
144827
144828
144829
144830
144831
144832
144833
144834
144835
144836
144837
144838
144839
144840
144841
144842
144843
144844
144845
144846
144847
144848
144849
144850
144851
144852
144853
144854
144855
144856
144857
144858
144859
144860
144861
144862
144863
144864
144865
144866
144867
144868
144869
144870
144871
144872
144873
144874
144875
144876
144877
144878
144879
144880
144881
144882
144883
144884
144885
144886
144887
144888
144889
144890
144891
144892
144893
144894
144895
144896
144897
144898
144899
144900
144901
144902
144903
144904
144905
144906
144907
144908
144909
144910
144911
144912
144913
144914
144915
144916
144917
144918
144919
144920
144921
144922
144923
144924
144925
144926
144927
144928
144929
144930
144931
144932
144933
144934
144935
144936
144937
144938
144939
144940
144941
144942
144943
144944
144945
144946
144947
144948
144949
144950
144951
144952
144953
144954
144955
144956
144957
144958
144959
144960
144961
144962
144963
144964
144965
144966
144967
144968
144969
144970
144971
144972
144973
144974
144975
144976
144977
144978
144979
144980
144981
144982
144983
144984
144985
144986
144987
144988
144989
144990
144991
144992
144993
144994
144995
144996
144997
144998
144999
145000
145001
145002
145003
276075
145004
276076
145005
276077
145006
276078
145007
276079
145008
276080
145009
276081
145010
276082
145011
276083
145012
276084
145013
276085
145014
276086
145015
276087
145016
276088
145017
276089
145018
276090
145019
276091
145020
276092
145021
276093
145022
276094
145023
276095
145024
276096
145025
276097
145026
276098
145027
276099
145028
276100
145029
276101
145030
276102
145031
276103
145032
276104
145033
276105
145034
276106
145035
276107
145036
276108
145037
276109
145038
276110
145039
276111
145040
276112
145041
276113
145042
276114
145043
276115
145044
276116
145045
276117
145046
276118
145047
276119
145048
276120
145049
276121
145050
276122
145051
276123
145052
276124
145053
276125
145054
276126
145055
276127
145056
276128
145057
276129
145058
276130
145059
276131
145060
276132
145061
276133
145062
276134
145063
276135
145064
276136
145065
276137
145066
276138
145067
276139
145068
276140
145069
276141
145070
276142
145071
276143
145072
276144
145073
276145
145074
276146
145075
276147
145076
276148
145077
276149
145078
276150
145079
276151
145080
276152
145081
276153
145082
276154
145083
276155
145084
276156
145085
276157
145086
276158
145087
276159
145088
276160
145089
276161
145090
276162
145091
276163
145092
276164
145093
276165
145094
276166
145095
276167
145096
276168
145097
276169
145098
276170
145099
276171
145100
276172
145101
276173
145102
276174
145103
276175
145104
276176
145105
276177
145106
276178
145107
276179
145108
276180
145109
276181
145110
276182
145111
276183
145112
276184
145113
276185
145114
276186
145115
276187
145116
276188
145117
276189
145118
276190
145119
276191
145120
276192
145121
276193
145122
276194
145123
276195
145124
276196
145125
276197
145126
276198
145127
276199
145128
276200
145129
276201
145130
276202
145131
276203
145132
276204
145133
276205
145134
276206
145135
276207
145136
276208
145137
276209
145138
276210
145139
276211
145140
276212
145141
276213
145142
276214
145143
276215
145144
276216
145145
276217
145146
276218
145147
276219
145148
276220
145149
276221
145150
276222
145151
276223
145152
276224
145153
276225
145154
276226
145155
276227
145156
276228
145157
276229
145158
276230
145159
276231
145160
276232
145161
276233
145162
276234
145163
276235
145164
276236
145165
276237
145166
276238
145167
276239
145168
276240
145169
276241
145170
276242
145171
276243
145172
276244
145173
276245
145174
276246
145175
276247
145176
276248
145177
276249
145178
276250
145179
276251
145180
276252
145181
276253
145182
276254
145183
276255
145184
276256
145185
276257
145186
276258
145187
276259
145188
276260
145189
276261
145190
276262
145191
276263
145192
276264
145193
276265
145194
276266
145195
276267
145196
276268
145197
276269
145198
276270
145199
276271
145200
276272
145201
276273
145202
276274
145203
276275
145204
276276
145205
276277
145206
276278
145207
276279
145208
276280
145209
276281
145210
276282
145211
276283
145212
276284
145213
276285
145214
276286
145215
276287
145216
276288
145217
276289
145218
276290
145219
276291
145220
276292
145221
276293
145222
276294
145223
276295
145224
276296
145225
276297
145226
276298
145227
276299
145228
276300
145229
276301
145230
276302
145231
276303
145232
276304
145233
276305
145234
276306
145235
276307
145236
276308
145237
276309
145238
276310
145239
276311
145240
276312
145241
276313
145242
276314
145243
276315
145244
276316
145245
276317
145246
276318
145247
276319
145248
276320
145249
276321
145250
276322
145251
276323
145252
276324
145253
276325
145254
276326
145255
276327
145256
276328
145257
276329
145258
276330
145259
276331
145260
276332
145261
276333
145262
276334
145263
276335
145264
276336
145265
276337
145266
276338
145267
276339
145268
276340
145269
276341
145270
276342
145271
276343
145272
276344
145273
276345
145274
276346
145275
276347
145276
276348
145277
276349
145278
276350
145279
276351
145280
276352
145281
276353
145282
276354
145283
276355
145284
276356
145285
276357
145286
276358
145287
276359
145288
276360
145289
276361
145290
276362
145291
276363
145292
276364
145293
276365
145294
276366
145295
276367
145296
276368
145297
276369
145298
276370
145299
276371
145300
276372
145301
276373
145302
276374
145303
276375
145304
276376
145305
276377
145306
276378
145307
276379
145308
276380
145309
276381
145310
276382
145311
276383
145312
276384
145313
276385
145314
276386
145315
276387
145316
276388
145317
276389
145318
276390
145319
276391
145320
276392
145321
276393
145322
276394
145323
276395
145324
276396
145325
276397
145326
276398
145327
276399
145328
276400
145329
276401
145330
276402
145331
276403
145332
276404
145333
276405
145334
276406
145335
276407
145336
276408
145337
276409
145338
276410
145339
276411
145340
276412
145341
276413
145342
276414
145343
276415
145344
276416
145345
276417
145346
276418
145347
276419
145348
276420
145349
276421
145350
276422
145351
276423
145352
276424
145353
276425
145354
276426
145355
276427
145356
276428
145357
276429
145358
276430
145359
276431
145360
276432
145361
276433
145362
276434
145363
276435
145364
276436
145365
276437
145366
276438
145367
276439
145368
276440
145369
276441
145370
276442
145371
276443
145372
276444
145373
276445
145374
276446
145375
276447
145376
276448
145377
276449
145378
276450
145379
276451
145380
276452
145381
276453
145382
276454
145383
276455
145384
276456
145385
276457
145386
276458
145387
276459
145388
276460
145389
276461
145390
276462
145391
276463
145392
276464
145393
276465
145394
276466
145395
276467
145396
276468
145397
276469
145398
276470
145399
276471
145400
276472
145401
276473
145402
276474
145403
276475
145404
276476
145405
276477
145406
276478
145407
276479
145408
276480
145409
276481
145410
276482
145411
276483
145412
276484
145413
276485
145414
276486
145415
276487
145416
276488
145417
276489
145418
276490
145419
276491
145420
276492
145421
276493
145422
276494
145423
276495
145424
276496
145425
276497
145426
276498
145427
276499
145428
276500
145429
276501
145430
276502
145431
276503
145432
276504
145433
276505
145434
276506
145435
276507
145436
276508
145437
276509
145438
276510
145439
276511
145440
276512
145441
276513
145442
276514
145443
276515
145444
276516
145445
276517
145446
276518
145447
276519
145448
276520
145449
276521
145450
276522
145451
276523
145452
276524
145453
276525
145454
276526
145455
276527
145456
276528
145457
276529
145458
276530
145459
276531
145460
276532
145461
276533
145462
276534
145463
276535
145464
276536
145465
276537
145466
276538
145467
276539
145468
276540
145469
276541
145470
276542
145471
276543
145472
276544
145473
276545
145474
276546
145475
276547
145476
276548
145477
276549
145478
276550
145479
276551
145480
276552
145481
276553
145482
276554
145483
276555
145484
276556
145485
276557
145486
276558
145487
276559
145488
276560
145489
276561
145490
276562
145491
276563
145492
276564
145493
276565
145494
276566
145495
276567
145496
276568
145497
276569
145498
276570
145499
276571
145500
276572
145501
276573
145502
276574
145503
276575
145504
276576
145505
276577
145506
276578
145507
276579
145508
276580
145509
276581
145510
276582
145511
276583
145512
276584
145513
276585
145514
276586
145515
276587
145516
276588
145517
276589
145518
276590
145519
276591
145520
276592
145521
276593
145522
276594
145523
276595
145524
276596
145525
276597
145526
276598
145527
276599
145528
276600
145529
276601
145530
276602
145531
276603
145532
276604
145533
276605
145534
276606
145535
276607
145536
276608
145537
276609
145538
276610
145539
276611
145540
276612
145541
276613
145542
276614
145543
276615
145544
276616
145545
276617
145546
276618
145547
276619
145548
276620
145549
276621
145550
276622
145551
276623
145552
276624
145553
276625
145554
276626
145555
276627
145556
276628
145557
276629
145558
276630
145559
276631
145560
276632
145561
276633
145562
276634
145563
276635
145564
276636
145565
276637
145566
276638
145567
276639
145568
276640
145569
276641
145570
276642
145571
276643
145572
276644
145573
276645
145574
276646
145575
276647
145576
276648
145577
276649
145578
276650
145579
276651
145580
276652
145581
276653
145582
276654
145583
276655
145584
276656
145585
276657
145586
276658
145587
276659
145588
276660
145589
276661
145590
276662
145591
276663
145592
276664
145593
276665
145594
276666
145595
276667
145596
276668
145597
276669
145598
276670
145599
276671
145600
276672
145601
276673
145602
276674
145603
276675
145604
276676
145605
276677
145606
276678
145607
276679
145608
276680
145609
276681
145610
276682
145611
276683
145612
276684
145613
276685
145614
276686
145615
276687
145616
276688
145617
276689
145618
276690
145619
276691
145620
276692
145621
276693
145622
276694
145623
276695
145624
276696
145625
276697
145626
276698
145627
276699
145628
276700
145629
276701
145630
276702
145631
276703
145632
276704
145633
276705
145634
276706
145635
276707
145636
276708
145637
276709
145638
276710
145639
276711
145640
276712
145641
276713
145642
276714
145643
276715
145644
276716
145645
276717
145646
276718
145647
276719
145648
276720
145649
276721
145650
276722
145651
276723
145652
276724
145653
276725
145654
276726
145655
276727
145656
276728
145657
276729
145658
276730
145659
276731
145660
276732
145661
276733
145662
276734
145663
276735
145664
276736
145665
276737
145666
276738
145667
276739
145668
276740
145669
276741
145670
276742
145671
276743
145672
276744
145673
276745
145674
276746
145675
276747
145676
276748
145677
276749
145678
276750
145679
276751
145680
276752
145681
276753
145682
276754
145683
276755
145684
276756
145685
276757
145686
276758
145687
276759
145688
276760
145689
276761
145690
276762
145691
276763
145692
276764
145693
276765
145694
276766
145695
276767
145696
276768
145697
276769
145698
276770
145699
276771
145700
276772
145701
276773
145702
276774
145703
276775
145704
276776
145705
276777
145706
276778
145707
276779
145708
276780
145709
276781
145710
276782
145711
276783
145712
276784
145713
276785
145714
276786
145715
276787
145716
276788
145717
276789
145718
276790
145719
276791
145720
276792
145721
276793
145722
276794
145723
276795
145724
276796
145725
276797
145726
276798
145727
276799
145728
276800
145729
276801
145730
276802
145731
276803
145732
276804
145733
276805
145734
276806
145735
276807
145736
276808
145737
276809
145738
276810
145739
276811
145740
276812
145741
276813
145742
276814
145743
276815
145744
276816
145745
276817
145746
276818
145747
276819
145748
276820
145749
276821
145750
276822
145751
276823
145752
276824
145753
276825
145754
276826
145755
276827
145756
276828
145757
276829
145758
276830
145759
276831
145760
276832
145761
276833
145762
276834
145763
276835
145764
276836
145765
276837
145766
276838
145767
276839
145768
276840
145769
276841
145770
276842
145771
276843
145772
276844
145773
276845
145774
276846
145775
276847
145776
276848
145777
276849
145778
276850
145779
276851
145780
276852
145781
276853
145782
276854
145783
276855
145784
276856
145785
276857
145786
276858
145787
276859
145788
276860
145789
276861
145790
276862
145791
276863
145792
276864
145793
276865
145794
276866
145795
276867
145796
276868
145797
276869
145798
276870
145799
276871
145800
276872
145801
276873
145802
276874
145803
276875
145804
276876
145805
276877
145806
276878
145807
276879
145808
276880
145809
276881
145810
276882
145811
276883
145812
276884
145813
276885
145814
276886
145815
276887
145816
276888
145817
276889
145818
276890
145819
276891
145820
276892
145821
276893
145822
276894
145823
276895
145824
276896
145825
276897
145826
276898
145827
276899
145828
276900
145829
276901
145830
276902
145831
276903
145832
276904
145833
276905
145834
276906
145835
276907
145836
276908
145837
276909
145838
276910
145839
276911
145840
276912
145841
276913
145842
276914
145843
276915
145844
276916
145845
276917
145846
276918
145847
276919
145848
276920
145849
276921
145850
276922
145851
276923
145852
276924
145853
276925
145854
276926
145855
276927
145856
276928
145857
276929
145858
276930
145859
276931
145860
276932
145861
276933
145862
276934
145863
276935
145864
276936
145865
276937
145866
276938
145867
276939
145868
276940
145869
276941
145870
276942
145871
276943
145872
276944
145873
276945
145874
276946
145875
276947
145876
276948
145877
276949
145878
276950
145879
276951
145880
276952
145881
276953
145882
276954
145883
276955
145884
276956
145885
276957
145886
276958
145887
276959
145888
276960
145889
276961
145890
276962
145891
276963
145892
276964
145893
276965
145894
276966
145895
276967
145896
276968
145897
276969
145898
276970
145899
276971
145900
276972
145901
276973
145902
276974
145903
276975
145904
276976
145905
276977
145906
276978
145907
276979
145908
276980
145909
276981
145910
276982
145911
276983
145912
276984
145913
276985
145914
276986
145915
276987
145916
276988
145917
276989
145918
276990
145919
276991
145920
276992
145921
276993
145922
276994
145923
276995
145924
276996
145925
276997
145926
276998
145927
276999
145928
277000
145929
277001
145930
277002
145931
277003
145932
277004
145933
277005
145934
277006
145935
277007
145936
277008
145937
277009
145938
277010
145939
277011
145940
277012
145941
277013
145942
277014
145943
277015
145944
277016
145945
277017
145946
277018
145947
277019
145948
277020
145949
277021
145950
277022
145951
277023
145952
277024
145953
277025
145954
277026
145955
277027
145956
277028
145957
277029
145958
277030
145959
277031
145960
277032
145961
277033
145962
277034
145963
277035
145964
277036
145965
277037
145966
277038
145967
277039
145968
277040
145969
277041
145970
277042
145971
277043
145972
277044
145973
277045
145974
277046
145975
277047
145976
277048
145977
277049
145978
277050
145979
277051
145980
277052
145981
277053
145982
277054
145983
277055
145984
277056
145985
277057
145986
277058
145987
277059
145988
277060
145989
277061
145990
277062
145991
277063
145992
277064
145993
277065
145994
277066
145995
277067
145996
277068
145997
277069
145998
277070
145999
277071
146000
277072
146001
277073
146002
277074
146003
277075
146004
277076
146005
277077
146006
277078
146007
277079
146008
277080
146009
277081
146010
277082
146011
277083
146012
277084
146013
277085
146014
277086
146015
277087
146016
277088
146017
277089
146018
277090
146019
277091
146020
277092
146021
277093
146022
277094
146023
277095
146024
277096
146025
277097
146026
277098
146027
277099
146028
277100
146029
277101
146030
277102
146031
277103
146032
277104
146033
277105
146034
277106
146035
277107
146036
277108
146037
277109
146038
277110
146039
277111
146040
277112
146041
277113
146042
277114
146043
277115
146044
277116
146045
277117
146046
277118
146047
277119
146048
277120
146049
277121
146050
277122
146051
277123
146052
277124
146053
277125
146054
277126
146055
277127
146056
277128
146057
277129
146058
277130
146059
277131
146060
277132
146061
277133
146062
277134
146063
277135
146064
277136
146065
277137
146066
277138
146067
277139
146068
277140
146069
277141
146070
277142
146071
277143
146072
277144
146073
277145
146074
277146
146075
277147
146076
277148
146077
277149
146078
277150
146079
277151
146080
277152
146081
277153
146082
277154
146083
277155
146084
277156
146085
277157
146086
277158
146087
277159
146088
277160
146089
277161
146090
277162
146091
277163
146092
277164
146093
277165
146094
277166
146095
277167
146096
277168
146097
277169
146098
277170
146099
277171
146100
277172
146101
277173
146102
277174
146103
277175
146104
277176
146105
277177
146106
277178
146107
277179
146108
277180
146109
277181
146110
277182
146111
277183
146112
277184
146113
277185
146114
277186
146115
277187
146116
277188
146117
277189
146118
277190
146119
277191
146120
277192
146121
277193
146122
277194
146123
277195
146124
277196
146125
277197
146126
277198
146127
277199
146128
277200
146129
277201
146130
277202
146131
277203
146132
277204
146133
277205
146134
277206
146135
277207
146136
277208
146137
277209
146138
277210
146139
277211
146140
277212
146141
277213
146142
277214
146143
277215
146144
277216
146145
277217
146146
277218
146147
277219
146148
277220
146149
277221
146150
277222
146151
277223
146152
277224
146153
277225
146154
277226
146155
277227
146156
277228
146157
277229
146158
277230
146159
277231
146160
277232
146161
277233
146162
277234
146163
277235
146164
277236
146165
277237
146166
277238
146167
277239
146168
277240
146169
277241
146170
277242
146171
277243
146172
277244
146173
277245
146174
277246
146175
277247
146176
277248
146177
277249
146178
277250
146179
277251
146180
277252
146181
277253
146182
277254
146183
277255
146184
277256
146185
277257
146186
277258
146187
277259
146188
277260
146189
277261
146190
277262
146191
277263
146192
277264
146193
277265
146194
277266
146195
277267
146196
277268
146197
277269
146198
277270
146199
277271
146200
277272
146201
277273
146202
277274
146203
277275
146204
277276
146205
277277
146206
277278
146207
277279
146208
277280
146209
277281
146210
277282
146211
277283
146212
277284
146213
277285
146214
277286
146215
277287
146216
277288
146217
277289
146218
277290
146219
277291
146220
277292
146221
277293
146222
277294
146223
277295
146224
277296
146225
277297
146226
277298
146227
277299
146228
277300
146229
277301
146230
277302
146231
277303
146232
277304
146233
277305
146234
277306
146235
277307
146236
277308
146237
277309
146238
277310
146239
277311
146240
277312
146241
277313
146242
277314
146243
277315
146244
277316
146245
277317
146246
277318
146247
277319
146248
277320
146249
277321
146250
277322
146251
277323
146252
277324
146253
277325
146254
277326
146255
277327
146256
277328
146257
277329
146258
277330
146259
277331
146260
277332
146261
277333
146262
277334
146263
277335
146264
277336
146265
277337
146266
277338
146267
277339
146268
277340
146269
277341
146270
277342
146271
277343
146272
277344
146273
277345
146274
277346
146275
277347
146276
277348
146277
277349
146278
277350
146279
277351
146280
277352
146281
277353
146282
277354
146283
277355
146284
277356
146285
277357
146286
277358
146287
277359
146288
277360
146289
277361
146290
277362
146291
277363
146292
277364
146293
277365
146294
277366
146295
277367
146296
277368
146297
277369
146298
277370
146299
277371
146300
277372
146301
277373
146302
277374
146303
277375
146304
277376
146305
277377
146306
277378
146307
277379
146308
277380
146309
277381
146310
277382
146311
277383
146312
277384
146313
277385
146314
277386
146315
277387
146316
277388
146317
277389
146318
277390
146319
277391
146320
277392
146321
277393
146322
277394
146323
277395
146324
277396
146325
277397
146326
277398
146327
277399
146328
277400
146329
277401
146330
277402
146331
277403
146332
277404
146333
277405
146334
277406
146335
277407
146336
277408
146337
277409
146338
277410
146339
277411
146340
277412
146341
277413
146342
277414
146343
277415
146344
277416
146345
277417
146346
277418
146347
277419
146348
277420
146349
277421
146350
277422
146351
277423
146352
277424
146353
277425
146354
277426
146355
277427
146356
277428
146357
277429
146358
277430
146359
277431
146360
277432
146361
277433
146362
277434
146363
277435
146364
277436
146365
277437
146366
277438
146367
277439
146368
277440
146369
277441
146370
277442
146371
277443
146372
277444
146373
277445
146374
277446
146375
277447
146376
277448
146377
277449
146378
277450
146379
277451
146380
277452
146381
277453
146382
277454
146383
277455
146384
277456
146385
277457
146386
277458
146387
277459
146388
277460
146389
277461
146390
277462
146391
277463
146392
277464
146393
277465
146394
277466
146395
277467
146396
277468
146397
277469
146398
277470
146399
277471
146400
277472
146401
277473
146402
277474
146403
277475
146404
277476
146405
277477
146406
277478
146407
277479
146408
277480
146409
277481
146410
277482
146411
277483
146412
277484
146413
277485
146414
277486
146415
277487
146416
277488
146417
277489
146418
277490
146419
277491
146420
277492
146421
277493
146422
277494
146423
277495
146424
277496
146425
277497
146426
277498
146427
277499
146428
277500
146429
277501
146430
277502
146431
277503
146432
277504
146433
277505
146434
277506
146435
277507
146436
277508
146437
277509
146438
277510
146439
277511
146440
277512
146441
277513
146442
277514
146443
277515
146444
277516
146445
277517
146446
277518
146447
277519
146448
277520
146449
277521
146450
277522
146451
277523
146452
277524
146453
277525
146454
277526
146455
277527
146456
277528
146457
277529
146458
277530
146459
277531
146460
277532
146461
277533
146462
277534
146463
277535
146464
277536
146465
277537
146466
277538
146467
277539
146468
277540
146469
277541
146470
277542
146471
277543
146472
277544
146473
277545
146474
277546
146475
277547
146476
277548
146477
277549
146478
277550
146479
277551
146480
277552
146481
277553
146482
277554
146483
277555
146484
277556
146485
277557
146486
277558
146487
277559
146488
277560
146489
277561
146490
277562
146491
277563
146492
277564
146493
277565
146494
277566
146495
277567
146496
277568
146497
277569
146498
277570
146499
277571
146500
277572
146501
277573
146502
277574
146503
277575
146504
277576
146505
277577
146506
277578
146507
277579
146508
277580
146509
277581
146510
277582
146511
277583
146512
277584
146513
277585
146514
277586
146515
277587
146516
277588
146517
277589
146518
277590
146519
277591
146520
277592
146521
277593
146522
277594
146523
277595
146524
277596
146525
277597
146526
277598
146527
277599
146528
277600
146529
277601
146530
277602
146531
277603
146532
277604
146533
277605
146534
277606
146535
277607
146536
277608
146537
277609
146538
277610
146539
277611
146540
277612
146541
277613
146542
277614
146543
277615
146544
277616
146545
277617
146546
277618
146547
277619
146548
277620
146549
277621
146550
277622
146551
277623
146552
277624
146553
277625
146554
277626
146555
277627
146556
277628
146557
277629
146558
277630
146559
277631
146560
277632
146561
277633
146562
277634
146563
277635
146564
277636
146565
277637
146566
277638
146567
277639
146568
277640
146569
277641
146570
277642
146571
277643
146572
277644
146573
277645
146574
277646
146575
277647
146576
277648
146577
277649
146578
277650
146579
277651
146580
277652
146581
277653
146582
277654
146583
277655
146584
277656
146585
277657
146586
277658
146587
277659
146588
277660
146589
277661
146590
277662
146591
277663
146592
277664
146593
277665
146594
277666
146595
277667
146596
277668
146597
277669
146598
277670
146599
277671
146600
277672
146601
277673
146602
277674
146603
277675
146604
277676
146605
277677
146606
277678
146607
277679
146608
277680
146609
277681
146610
277682
146611
277683
146612
277684
146613
277685
146614
277686
146615
277687
146616
277688
146617
277689
146618
277690
146619
277691
146620
277692
146621
277693
146622
277694
146623
277695
146624
277696
146625
277697
146626
277698
146627
277699
146628
277700
146629
277701
146630
277702
146631
277703
146632
277704
146633
277705
146634
277706
146635
277707
146636
277708
146637
277709
146638
277710
146639
277711
146640
277712
146641
277713
146642
277714
146643
277715
146644
277716
146645
277717
146646
277718
146647
277719
146648
277720
146649
277721
146650
277722
146651
277723
146652
277724
146653
277725
146654
277726
146655
277727
146656
277728
146657
277729
146658
277730
146659
277731
146660
277732
146661
277733
146662
277734
146663
277735
146664
277736
146665
277737
146666
277738
146667
277739
146668
277740
146669
277741
146670
277742
146671
277743
146672
277744
146673
277745
146674
277746
146675
277747
146676
277748
146677
277749
146678
277750
146679
277751
146680
277752
146681
277753
146682
277754
146683
277755
146684
277756
146685
277757
146686
277758
146687
277759
146688
277760
146689
277761
146690
277762
146691
277763
146692
277764
146693
277765
146694
277766
146695
277767
146696
277768
146697
277769
146698
277770
146699
277771
146700
277772
146701
277773
146702
277774
146703
277775
146704
277776
146705
277777
146706
277778
146707
277779
146708
277780
146709
277781
146710
277782
146711
277783
146712
277784
146713
277785
146714
277786
146715
277787
146716
277788
146717
277789
146718
277790
146719
277791
146720
277792
146721
277793
146722
277794
146723
277795
146724
277796
146725
277797
146726
277798
146727
277799
146728
277800
146729
277801
146730
277802
146731
277803
146732
277804
146733
277805
146734
277806
146735
277807
146736
277808
146737
277809
146738
277810
146739
277811
146740
277812
146741
277813
146742
277814
146743
277815
146744
277816
146745
277817
146746
277818
146747
277819
146748
277820
146749
277821
146750
277822
146751
277823
146752
277824
146753
277825
146754
277826
146755
277827
146756
277828
146757
277829
146758
277830
146759
277831
146760
277832
146761
277833
146762
277834
146763
277835
146764
277836
146765
277837
146766
277838
146767
277839
146768
277840
146769
277841
146770
277842
146771
277843
146772
277844
146773
277845
146774
277846
146775
277847
146776
277848
146777
277849
146778
277850
146779
277851
146780
277852
146781
277853
146782
277854
146783
277855
146784
277856
146785
277857
146786
277858
146787
277859
146788
277860
146789
277861
146790
277862
146791
277863
146792
277864
146793
277865
146794
277866
146795
277867
146796
277868
146797
277869
146798
277870
146799
277871
146800
277872
146801
277873
146802
277874
146803
277875
146804
277876
146805
277877
146806
277878
146807
277879
146808
277880
146809
277881
146810
277882
146811
277883
146812
277884
146813
277885
146814
277886
146815
277887
146816
277888
146817
277889
146818
277890
146819
277891
146820
277892
146821
277893
146822
277894
146823
277895
146824
277896
146825
277897
146826
277898
146827
277899
146828
277900
146829
277901
146830
277902
146831
277903
146832
277904
146833
277905
146834
277906
146835
277907
146836
277908
146837
277909
146838
277910
146839
277911
146840
277912
146841
277913
146842
277914
146843
277915
146844
277916
146845
277917
146846
277918
146847
277919
146848
277920
146849
277921
146850
277922
146851
277923
146852
277924
146853
277925
146854
277926
146855
277927
146856
277928
146857
277929
146858
277930
146859
277931
146860
277932
146861
277933
146862
277934
146863
277935
146864
277936
146865
277937
146866
277938
146867
277939
146868
277940
146869
277941
146870
277942
146871
277943
146872
277944
146873
277945
146874
277946
146875
277947
146876
277948
146877
277949
146878
277950
146879
277951
146880
277952
146881
277953
146882
277954
146883
277955
146884
277956
146885
277957
146886
277958
146887
277959
146888
277960
146889
277961
146890
277962
146891
277963
146892
277964
146893
277965
146894
277966
146895
277967
146896
277968
146897
277969
146898
277970
146899
277971
146900
277972
146901
277973
146902
277974
146903
277975
146904
277976
146905
277977
146906
277978
146907
277979
146908
277980
146909
277981
146910
277982
146911
277983
146912
277984
146913
277985
146914
277986
146915
277987
146916
277988
146917
277989
146918
277990
146919
277991
146920
277992
146921
277993
146922
277994
146923
277995
146924
277996
146925
277997
146926
277998
146927
277999
146928
278000
146929
278001
146930
278002
146931
278003
146932
278004
146933
278005
146934
278006
146935
278007
146936
278008
146937
278009
146938
278010
146939
278011
146940
278012
146941
278013
146942
278014
146943
278015
146944
278016
146945
278017
146946
278018
146947
278019
146948
278020
146949
278021
146950
278022
146951
278023
146952
278024
146953
278025
146954
278026
146955
278027
146956
278028
146957
278029
146958
278030
146959
278031
146960
278032
146961
278033
146962
278034
146963
278035
146964
278036
146965
278037
146966
278038
146967
278039
146968
278040
146969
278041
146970
278042
146971
278043
146972
278044
146973
278045
146974
278046
146975
278047
146976
278048
146977
278049
146978
278050
146979
278051
146980
278052
146981
278053
146982
278054
146983
278055
146984
278056
146985
278057
146986
278058
146987
278059
146988
278060
146989
278061
146990
278062
146991
278063
146992
278064
146993
278065
146994
278066
146995
278067
146996
278068
146997
278069
146998
278070
146999
278071
147000
278072
147001
278073
147002
278074
147003
278075
147004
278076
147005
278077
147006
278078
147007
278079
147008
278080
147009
278081
147010
278082
147011
278083
147012
278084
147013
278085
147014
278086
147015
278087
147016
278088
147017
278089
147018
278090
147019
278091
147020
278092
147021
278093
147022
278094
147023
278095
147024
278096
147025
278097
147026
278098
147027
278099
147028
278100
147029
278101
147030
278102
147031
278103
278104
147032
278105
147033
278106
147034
278107
147035
278108
147036
278109
147037
278110
147038
278111
147039
278112
147040
278113
147041
278114
147042
278115
147043
278116
147044
278117
147045
278118
147046
278119
147047
278120
147048
278121
147049
278122
147050
278123
147051
278124
147052
278125
147053
278126
147054
278127
147055
278128
147056
278129
147057
278130
147058
278131
147059
278132
147060
278133
147061
278134
147062
278135
147063
278136
147064
278137
147065
278138
147066
278139
147067
278140
147068
278141
147069
278142
147070
278143
147071
278144
147072
278145
147073
278146
147074
278147
147075
278148
147076
278149
147077
278150
147078
278151
147079
278152
147080
278153
147081
278154
147082
278155
147083
278156
147084
278157
147085
278158
147086
278159
147087
278160
147088
278161
147089
278162
147090
278163
147091
278164
147092
278165
147093
278166
147094
278167
147095
278168
147096
278169
147097
278170
147098
278171
147099
278172
147100
278173
147101
278174
147102
278175
147103
278176
147104
278177
147105
278178
147106
278179
147107
278180
147108
278181
147109
278182
147110
278183
147111
278184
147112
278185
147113
278186
147114
278187
147115
278188
147116
278189
147117
278190
147118
278191
147119
278192
147120
278193
147121
278194
147122
278195
147123
278196
147124
278197
147125
278198
147126
278199
147127
278200
147128
278201
147129
278202
147130
278203
147131
278204
147132
278205
147133
278206
147134
278207
147135
278208
147136
278209
147137
278210
147138
278211
147139
278212
147140
278213
147141
278214
147142
278215
147143
278216
147144
278217
147145
278218
147146
278219
147147
278220
147148
278221
147149
278222
147150
278223
147151
278224
147152
278225
147153
278226
147154
278227
147155
278228
147156
278229
147157
278230
147158
278231
147159
278232
147160
278233
147161
278234
147162
278235
147163
278236
147164
278237
147165
278238
147166
278239
147167
278240
147168
278241
147169
278242
147170
278243
147171
278244
147172
278245
147173
278246
147174
278247
147175
278248
147176
278249
147177
278250
147178
278251
147179
278252
147180
278253
147181
278254
147182
278255
147183
278256
147184
278257
147185
278258
147186
278259
147187
278260
147188
278261
147189
278262
147190
278263
147191
278264
147192
278265
147193
278266
147194
278267
147195
278268
147196
278269
147197
278270
147198
278271
147199
278272
147200
278273
147201
278274
147202
278275
147203
278276
147204
278277
147205
278278
147206
278279
147207
278280
147208
278281
147209
278282
147210
278283
147211
278284
147212
278285
147213
278286
147214
278287
147215
278288
147216
278289
147217
278290
147218
278291
147219
278292
147220
278293
147221
278294
147222
278295
147223
278296
147224
278297
147225
278298
147226
278299
147227
278300
147228
278301
147229
278302
147230
278303
147231
278304
147232
278305
147233
278306
147234
278307
147235
278308
147236
278309
147237
278310
147238
278311
147239
278312
147240
278313
147241
278314
147242
278315
147243
278316
147244
278317
147245
278318
147246
278319
147247
278320
147248
278321
147249
278322
147250
278323
147251
278324
147252
278325
147253
278326
147254
278327
147255
278328
147256
278329
147257
278330
147258
278331
147259
278332
147260
278333
147261
278334
147262
278335
147263
278336
147264
278337
147265
278338
147266
278339
147267
278340
147268
278341
147269
278342
147270
278343
147271
278344
147272
278345
147273
278346
147274
278347
147275
278348
147276
278349
147277
278350
147278
278351
147279
278352
147280
278353
147281
278354
147282
278355
147283
278356
147284
278357
147285
278358
147286
278359
147287
278360
147288
278361
147289
278362
147290
278363
147291
278364
147292
278365
147293
278366
147294
278367
147295
278368
147296
278369
147297
278370
147298
278371
147299
278372
147300
278373
147301
278374
147302
278375
147303
278376
147304
278377
147305
278378
147306
278379
147307
278380
147308
278381
147309
278382
147310
278383
147311
278384
147312
278385
147313
278386
147314
278387
147315
278388
147316
278389
147317
278390
147318
278391
147319
278392
147320
278393
147321
278394
147322
278395
147323
278396
147324
278397
147325
278398
147326
278399
147327
278400
147328
278401
147329
278402
147330
278403
147331
278404
147332
278405
147333
278406
147334
278407
147335
278408
147336
278409
147337
278410
147338
278411
147339
278412
147340
278413
147341
278414
147342
278415
147343
278416
147344
278417
147345
278418
147346
278419
147347
278420
147348
278421
147349
278422
147350
278423
147351
278424
147352
278425
147353
278426
147354
278427
147355
278428
147356
278429
147357
278430
147358
278431
147359
278432
147360
278433
147361
278434
147362
278435
147363
278436
147364
278437
147365
278438
147366
278439
147367
278440
147368
278441
147369
278442
147370
278443
147371
278444
147372
278445
147373
278446
147374
278447
147375
278448
147376
278449
147377
278450
147378
278451
147379
278452
147380
278453
147381
278454
147382
278455
147383
278456
147384
278457
147385
278458
147386
278459
147387
278460
147388
278461
147389
278462
147390
278463
147391
278464
147392
278465
147393
278466
147394
278467
147395
278468
147396
278469
147397
278470
147398
278471
147399
278472
147400
278473
147401
278474
147402
278475
147403
278476
147404
278477
147405
278478
147406
278479
147407
278480
147408
278481
147409
278482
147410
278483
147411
278484
147412
278485
147413
278486
147414
278487
147415
278488
147416
278489
147417
278490
147418
278491
147419
278492
147420
278493
147421
278494
147422
278495
147423
278496
147424
278497
147425
278498
147426
278499
147427
278500
147428
278501
147429
278502
147430
278503
147431
278504
147432
278505
147433
278506
147434
278507
147435
278508
147436
278509
147437
278510
147438
278511
147439
278512
147440
278513
147441
278514
147442
278515
147443
278516
147444
278517
147445
278518
147446
278519
147447
278520
147448
278521
147449
278522
147450
278523
147451
278524
147452
278525
147453
278526
147454
278527
147455
278528
147456
278529
147457
278530
147458
278531
147459
278532
147460
278533
147461
278534
147462
278535
147463
278536
147464
278537
147465
278538
147466
278539
147467
278540
147468
278541
147469
278542
147470
278543
147471
278544
147472
278545
147473
278546
147474
278547
147475
278548
147476
278549
147477
278550
147478
278551
147479
278552
147480
278553
147481
278554
147482
278555
147483
278556
147484
278557
147485
278558
147486
278559
147487
278560
147488
278561
147489
278562
147490
278563
147491
278564
147492
278565
147493
278566
147494
278567
147495
278568
147496
278569
147497
278570
147498
278571
147499
278572
147500
278573
147501
278574
147502
278575
147503
278576
147504
278577
147505
278578
147506
278579
147507
278580
147508
278581
147509
278582
147510
278583
147511
278584
147512
278585
147513
278586
147514
278587
147515
278588
147516
278589
147517
278590
147518
278591
147519
278592
147520
278593
147521
278594
147522
278595
147523
278596
147524
278597
147525
278598
147526
278599
147527
278600
147528
278601
147529
278602
147530
278603
147531
278604
147532
278605
147533
278606
147534
278607
147535
278608
147536
278609
147537
278610
147538
278611
147539
278612
147540
278613
147541
278614
147542
278615
147543
278616
147544
278617
147545
278618
147546
278619
147547
278620
147548
278621
147549
278622
147550
278623
147551
278624
147552
278625
147553
278626
147554
278627
147555
278628
147556
278629
147557
278630
147558
278631
147559
278632
147560
278633
147561
278634
147562
278635
147563
278636
147564
278637
147565
278638
147566
278639
147567
278640
147568
278641
147569
278642
147570
278643
147571
278644
147572
278645
147573
278646
147574
278647
147575
278648
147576
278649
147577
278650
147578
278651
147579
278652
147580
278653
147581
278654
147582
278655
147583
278656
147584
278657
147585
278658
147586
278659
147587
278660
147588
278661
147589
278662
147590
278663
147591
278664
147592
278665
147593
278666
147594
278667
147595
278668
147596
278669
147597
278670
147598
278671
147599
278672
147600
278673
147601
278674
147602
278675
147603
278676
147604
278677
147605
278678
147606
278679
147607
278680
147608
278681
147609
278682
147610
278683
147611
278684
147612
278685
147613
278686
147614
278687
147615
278688
147616
278689
147617
278690
147618
278691
147619
278692
147620
278693
147621
278694
147622
278695
147623
278696
147624
278697
147625
278698
147626
278699
147627
278700
147628
278701
147629
278702
147630
278703
147631
278704
147632
278705
147633
278706
147634
278707
147635
278708
147636
278709
147637
278710
147638
278711
147639
278712
147640
278713
147641
278714
147642
278715
147643
278716
147644
278717
147645
278718
147646
278719
147647
278720
147648
278721
147649
278722
147650
278723
147651
278724
147652
278725
147653
278726
147654
278727
147655
278728
147656
278729
147657
278730
147658
278731
147659
278732
147660
278733
147661
278734
147662
278735
147663
278736
147664
278737
147665
278738
147666
278739
147667
278740
147668
278741
147669
278742
147670
278743
147671
278744
147672
278745
147673
278746
147674
278747
147675
278748
147676
278749
147677
278750
147678
278751
147679
278752
147680
278753
147681
278754
147682
278755
147683
278756
147684
278757
147685
278758
147686
278759
147687
278760
147688
278761
147689
278762
147690
278763
147691
278764
147692
278765
147693
278766
147694
278767
147695
278768
147696
278769
147697
278770
147698
278771
147699
278772
147700
278773
147701
278774
147702
278775
147703
278776
147704
278777
147705
278778
147706
278779
147707
278780
147708
278781
147709
278782
147710
278783
147711
278784
147712
278785
147713
278786
147714
278787
147715
278788
147716
278789
147717
278790
147718
278791
147719
278792
147720
278793
147721
278794
147722
278795
147723
278796
147724
278797
147725
278798
147726
278799
147727
278800
147728
278801
147729
278802
147730
278803
147731
278804
147732
278805
147733
278806
147734
278807
147735
278808
147736
278809
147737
278810
147738
278811
147739
278812
147740
278813
147741
278814
147742
278815
147743
278816
147744
278817
147745
278818
147746
278819
147747
278820
147748
278821
147749
278822
147750
278823
147751
278824
147752
278825
147753
278826
147754
278827
147755
278828
147756
278829
147757
278830
147758
278831
147759
278832
147760
278833
147761
278834
147762
278835
147763
278836
147764
278837
147765
278838
147766
278839
147767
278840
147768
278841
147769
278842
147770
278843
147771
278844
147772
278845
147773
278846
147774
278847
147775
278848
147776
278849
147777
278850
147778
278851
147779
278852
147780
278853
147781
278854
147782
278855
147783
278856
147784
278857
147785
278858
147786
278859
147787
278860
147788
278861
147789
278862
147790
278863
147791
278864
147792
278865
147793
278866
147794
278867
147795
278868
147796
278869
147797
278870
147798
278871
147799
278872
147800
278873
147801
278874
147802
278875
147803
278876
147804
278877
147805
278878
147806
278879
147807
278880
147808
278881
147809
278882
147810
278883
147811
278884
147812
278885
147813
278886
147814
278887
147815
278888
147816
278889
147817
278890
147818
278891
147819
278892
147820
278893
147821
278894
147822
278895
147823
278896
147824
278897
147825
278898
147826
278899
147827
278900
147828
278901
147829
278902
147830
278903
147831
278904
147832
278905
147833
278906
147834
278907
147835
278908
147836
278909
147837
278910
147838
278911
147839
278912
147840
278913
147841
278914
147842
278915
147843
278916
147844
278917
147845
278918
147846
278919
147847
278920
147848
278921
147849
278922
147850
278923
147851
278924
147852
278925
147853
278926
147854
278927
147855
278928
147856
278929
147857
278930
147858
278931
147859
278932
147860
278933
147861
278934
147862
278935
147863
278936
147864
278937
147865
278938
147866
278939
147867
278940
147868
278941
147869
278942
147870
278943
147871
278944
147872
278945
147873
278946
147874
278947
147875
278948
147876
278949
147877
278950
147878
278951
147879
278952
147880
278953
147881
278954
147882
278955
147883
278956
147884
278957
147885
278958
147886
278959
147887
278960
147888
278961
147889
278962
147890
278963
147891
278964
147892
278965
147893
278966
147894
278967
147895
278968
147896
278969
147897
278970
147898
278971
147899
278972
147900
278973
147901
278974
147902
278975
147903
278976
147904
278977
147905
278978
147906
278979
147907
278980
147908
278981
147909
278982
147910
278983
147911
278984
147912
278985
147913
278986
147914
278987
147915
278988
147916
278989
147917
278990
147918
278991
147919
278992
147920
278993
147921
278994
147922
278995
147923
278996
147924
278997
147925
278998
147926
278999
147927
279000
147928
279001
147929
279002
147930
279003
147931
279004
147932
279005
147933
279006
147934
279007
147935
279008
147936
279009
147937
279010
147938
279011
147939
279012
147940
279013
147941
279014
147942
279015
147943
279016
147944
279017
147945
279018
147946
279019
147947
279020
147948
279021
147949
279022
147950
279023
147951
279024
147952
279025
147953
279026
147954
279027
147955
279028
147956
279029
147957
279030
147958
279031
147959
279032
147960
279033
147961
279034
147962
279035
147963
279036
147964
279037
147965
279038
147966
279039
147967
279040
147968
279041
147969
279042
147970
279043
147971
279044
147972
279045
147973
279046
147974
279047
147975
279048
147976
279049
147977
279050
147978
279051
147979
279052
147980
279053
147981
279054
147982
279055
147983
279056
147984
279057
147985
279058
147986
279059
147987
279060
147988
279061
147989
279062
147990
279063
147991
279064
147992
279065
147993
279066
147994
279067
147995
279068
147996
279069
147997
279070
147998
279071
147999
279072
148000
279073
148001
279074
148002
279075
148003
279076
148004
279077
148005
279078
148006
279079
148007
279080
148008
279081
148009
279082
148010
279083
148011
279084
148012
279085
148013
279086
148014
279087
148015
279088
148016
279089
148017
279090
148018
279091
148019
279092
148020
279093
148021
279094
148022
279095
148023
279096
148024
279097
148025
279098
148026
279099
148027
279100
148028
279101
148029
279102
148030
279103
148031
279104
148032
279105
148033
279106
148034
279107
148035
279108
148036
279109
148037
279110
148038
279111
148039
279112
148040
279113
148041
279114
148042
279115
148043
279116
148044
279117
148045
279118
148046
279119
148047
279120
148048
279121
148049
279122
148050
279123
148051
279124
148052
279125
148053
279126
148054
279127
148055
279128
148056
279129
148057
279130
148058
279131
148059
279132
148060
279133
148061
279134
148062
279135
148063
279136
148064
279137
148065
279138
148066
279139
148067
279140
148068
279141
148069
279142
148070
279143
148071
279144
148072
279145
148073
279146
148074
279147
148075
279148
148076
279149
148077
279150
148078
279151
148079
279152
148080
279153
148081
279154
148082
279155
148083
279156
148084
279157
148085
279158
148086
279159
148087
279160
148088
279161
148089
279162
148090
279163
148091
279164
148092
279165
148093
279166
148094
279167
148095
279168
148096
279169
148097
279170
148098
279171
148099
279172
148100
279173
148101
279174
148102
279175
148103
279176
148104
279177
148105
279178
148106
279179
148107
279180
148108
279181
148109
279182
148110
279183
148111
279184
148112
279185
148113
279186
148114
279187
148115
279188
148116
279189
148117
279190
148118
279191
148119
279192
148120
279193
148121
279194
148122
279195
148123
279196
148124
279197
148125
279198
148126
279199
148127
279200
148128
279201
148129
279202
148130
279203
148131
279204
148132
279205
148133
279206
148134
279207
148135
279208
148136
279209
148137
279210
148138
279211
148139
279212
148140
279213
148141
279214
148142
279215
148143
279216
148144
279217
148145
279218
148146
279219
148147
279220
148148
279221
148149
279222
148150
279223
148151
279224
148152
279225
148153
279226
148154
279227
148155
279228
148156
279229
148157
279230
148158
279231
148159
279232
148160
279233
148161
279234
148162
279235
148163
279236
148164
279237
148165
279238
148166
279239
148167
279240
148168
279241
148169
279242
148170
279243
148171
279244
148172
279245
148173
279246
148174
279247
148175
279248
148176
279249
148177
279250
148178
279251
148179
279252
148180
279253
148181
279254
148182
279255
148183
279256
148184
279257
148185
279258
148186
279259
148187
279260
148188
279261
148189
279262
148190
279263
148191
279264
148192
279265
148193
279266
148194
279267
148195
279268
148196
279269
148197
279270
148198
279271
148199
279272
148200
279273
148201
279274
148202
279275
148203
279276
148204
279277
148205
279278
148206
279279
148207
279280
148208
279281
148209
279282
148210
279283
148211
279284
148212
279285
148213
279286
148214
279287
148215
279288
148216
279289
148217
279290
148218
279291
148219
279292
148220
279293
148221
279294
148222
279295
148223
279296
148224
279297
148225
279298
148226
279299
148227
279300
148228
279301
148229
279302
148230
279303
148231
279304
148232
279305
148233
279306
148234
279307
148235
279308
148236
279309
148237
279310
148238
279311
148239
279312
148240
279313
148241
279314
148242
279315
148243
279316
148244
279317
148245
279318
148246
279319
148247
279320
148248
279321
148249
279322
148250
279323
148251
279324
148252
279325
148253
279326
148254
279327
148255
279328
148256
279329
148257
279330
148258
279331
148259
279332
148260
279333
148261
279334
148262
279335
148263
279336
148264
279337
148265
279338
148266
279339
148267
279340
148268
279341
148269
279342
148270
279343
148271
279344
148272
279345
148273
279346
148274
279347
148275
279348
148276
279349
148277
279350
148278
279351
148279
279352
148280
279353
148281
279354
148282
279355
148283
279356
148284
279357
148285
279358
148286
279359
148287
279360
148288
279361
148289
279362
148290
279363
148291
279364
148292
279365
148293
279366
148294
279367
148295
279368
148296
279369
148297
279370
148298
279371
148299
279372
148300
279373
148301
279374
148302
279375
148303
279376
148304
279377
148305
279378
148306
279379
148307
279380
148308
279381
148309
279382
148310
279383
148311
279384
148312
279385
148313
279386
148314
279387
148315
279388
148316
279389
148317
279390
148318
279391
148319
279392
148320
279393
148321
279394
148322
279395
148323
279396
148324
279397
148325
279398
148326
279399
148327
279400
148328
279401
148329
279402
148330
279403
148331
279404
148332
279405
148333
279406
148334
279407
148335
279408
148336
279409
148337
279410
148338
279411
148339
279412
148340
279413
148341
279414
148342
279415
148343
279416
148344
279417
148345
279418
148346
279419
148347
279420
148348
279421
148349
279422
148350
279423
148351
279424
148352
279425
148353
279426
148354
279427
148355
279428
148356
279429
148357
279430
148358
279431
148359
279432
148360
279433
148361
279434
148362
279435
148363
279436
148364
279437
148365
279438
148366
279439
148367
279440
148368
279441
148369
279442
148370
279443
148371
279444
148372
279445
148373
279446
148374
279447
148375
279448
148376
279449
148377
279450
148378
279451
148379
279452
148380
279453
148381
279454
148382
279455
148383
279456
148384
279457
148385
279458
148386
279459
148387
279460
148388
279461
148389
279462
148390
279463
148391
279464
148392
279465
148393
279466
148394
279467
148395
279468
148396
279469
148397
279470
148398
279471
148399
279472
148400
279473
148401
279474
148402
279475
148403
279476
148404
279477
148405
279478
148406
279479
148407
279480
148408
279481
148409
279482
148410
279483
148411
279484
148412
279485
148413
279486
148414
279487
148415
279488
148416
279489
148417
279490
148418
279491
148419
279492
148420
279493
148421
279494
148422
279495
148423
279496
148424
279497
148425
279498
148426
279499
148427
279500
148428
279501
148429
279502
148430
279503
148431
279504
148432
279505
148433
279506
148434
279507
148435
279508
148436
279509
148437
279510
148438
279511
148439
279512
148440
279513
148441
279514
148442
279515
148443
279516
148444
279517
148445
279518
148446
279519
148447
279520
148448
279521
148449
279522
148450
279523
148451
279524
148452
279525
148453
279526
148454
279527
148455
279528
148456
279529
148457
279530
148458
279531
148459
279532
148460
279533
148461
279534
148462
279535
148463
279536
148464
279537
148465
279538
148466
279539
148467
279540
148468
279541
148469
279542
148470
279543
148471
279544
148472
279545
148473
279546
148474
279547
148475
279548
148476
279549
148477
279550
148478
279551
148479
279552
148480
279553
148481
279554
148482
279555
148483
279556
148484
279557
148485
279558
148486
279559
148487
279560
148488
279561
148489
279562
148490
279563
148491
279564
148492
279565
148493
279566
148494
279567
148495
279568
148496
279569
148497
279570
148498
279571
148499
279572
148500
279573
148501
279574
148502
279575
148503
279576
148504
279577
148505
279578
148506
279579
148507
279580
148508
279581
148509
279582
148510
279583
148511
279584
148512
279585
148513
279586
148514
279587
148515
279588
148516
279589
148517
279590
148518
279591
148519
279592
148520
279593
148521
279594
148522
279595
148523
279596
148524
279597
148525
279598
148526
279599
148527
279600
148528
279601
148529
279602
148530
279603
148531
279604
148532
279605
148533
279606
148534
279607
148535
279608
148536
279609
148537
279610
148538
279611
148539
279612
148540
279613
148541
279614
148542
279615
148543
279616
148544
279617
148545
279618
148546
279619
148547
279620
148548
279621
148549
279622
148550
279623
148551
279624
148552
279625
148553
279626
148554
279627
148555
279628
148556
279629
148557
279630
148558
279631
148559
279632
148560
279633
148561
279634
148562
279635
148563
279636
148564
279637
148565
279638
148566
279639
148567
279640
148568
279641
148569
279642
148570
279643
148571
279644
148572
279645
148573
279646
148574
279647
148575
279648
148576
279649
148577
279650
148578
279651
148579
279652
148580
279653
148581
279654
148582
279655
148583
279656
148584
279657
148585
279658
148586
279659
148587
279660
148588
279661
148589
279662
148590
279663
148591
279664
148592
279665
148593
279666
148594
279667
148595
279668
148596
279669
148597
279670
148598
279671
148599
279672
148600
279673
148601
279674
148602
279675
148603
279676
148604
279677
148605
279678
148606
279679
148607
279680
148608
279681
148609
279682
148610
279683
148611
279684
148612
279685
148613
279686
148614
279687
148615
279688
148616
279689
148617
279690
148618
279691
148619
279692
148620
279693
148621
279694
148622
279695
148623
279696
148624
279697
148625
279698
148626
279699
148627
279700
148628
279701
148629
279702
148630
279703
148631
279704
148632
279705
148633
279706
148634
279707
148635
279708
148636
279709
148637
279710
148638
279711
148639
279712
148640
279713
148641
279714
148642
279715
148643
279716
148644
279717
148645
279718
148646
279719
148647
279720
148648
279721
148649
279722
148650
279723
148651
279724
148652
279725
148653
279726
148654
279727
148655
279728
148656
279729
148657
279730
148658
279731
148659
279732
148660
279733
148661
279734
148662
279735
148663
279736
148664
279737
148665
279738
148666
279739
148667
279740
148668
279741
148669
279742
148670
279743
148671
279744
148672
279745
148673
279746
148674
279747
148675
279748
148676
279749
148677
279750
148678
279751
148679
279752
148680
279753
148681
279754
148682
279755
148683
279756
148684
279757
148685
279758
148686
279759
148687
279760
148688
279761
148689
279762
148690
279763
148691
279764
148692
279765
148693
279766
148694
279767
148695
279768
148696
279769
148697
279770
148698
279771
148699
279772
148700
279773
148701
279774
148702
279775
148703
279776
148704
279777
148705
279778
148706
279779
148707
279780
148708
279781
148709
279782
148710
279783
148711
279784
148712
279785
148713
279786
148714
279787
148715
279788
148716
279789
148717
279790
148718
279791
148719
279792
148720
279793
148721
279794
148722
279795
148723
279796
148724
279797
148725
279798
148726
279799
148727
279800
148728
279801
148729
279802
148730
279803
148731
279804
148732
279805
148733
279806
148734
279807
148735
279808
148736
279809
148737
279810
148738
279811
148739
279812
148740
279813
148741
279814
148742
279815
148743
279816
148744
279817
148745
279818
148746
279819
148747
279820
148748
279821
148749
279822
148750
279823
148751
279824
148752
279825
148753
279826
148754
279827
148755
279828
148756
279829
148757
279830
148758
279831
148759
279832
148760
279833
148761
279834
148762
279835
148763
279836
148764
279837
148765
279838
148766
279839
148767
279840
148768
279841
148769
279842
148770
279843
148771
279844
148772
279845
148773
279846
148774
279847
148775
279848
148776
279849
148777
279850
148778
279851
148779
279852
148780
279853
148781
279854
148782
279855
148783
279856
148784
279857
148785
279858
148786
279859
148787
279860
148788
279861
148789
279862
148790
279863
148791
279864
148792
279865
148793
279866
148794
279867
148795
279868
148796
279869
148797
279870
148798
279871
148799
279872
148800
279873
148801
279874
148802
279875
148803
279876
148804
279877
148805
279878
148806
279879
148807
279880
148808
279881
148809
279882
148810
279883
148811
279884
148812
279885
148813
279886
148814
279887
148815
279888
148816
279889
148817
279890
148818
279891
148819
279892
148820
279893
148821
279894
148822
279895
148823
279896
148824
279897
148825
279898
148826
279899
148827
279900
148828
279901
148829
279902
148830
279903
148831
279904
148832
279905
148833
279906
148834
279907
148835
279908
148836
279909
148837
279910
148838
279911
148839
279912
148840
279913
148841
279914
148842
279915
148843
279916
148844
279917
148845
279918
148846
279919
148847
279920
148848
279921
148849
279922
148850
279923
148851
279924
148852
279925
148853
279926
148854
279927
148855
279928
148856
279929
148857
279930
148858
279931
148859
279932
148860
279933
148861
279934
148862
279935
148863
279936
148864
279937
148865
279938
148866
279939
148867
279940
148868
279941
148869
279942
148870
279943
148871
279944
148872
279945
148873
279946
148874
279947
148875
279948
148876
279949
148877
279950
148878
279951
148879
279952
148880
279953
148881
279954
148882
279955
148883
279956
148884
279957
148885
279958
148886
279959
148887
279960
148888
279961
148889
279962
148890
279963
148891
279964
148892
279965
148893
279966
148894
279967
148895
279968
148896
279969
148897
279970
148898
279971
148899
279972
148900
279973
148901
279974
148902
279975
148903
279976
148904
279977
148905
279978
148906
279979
148907
279980
148908
279981
148909
279982
148910
279983
148911
279984
148912
279985
148913
279986
148914
279987
148915
279988
148916
279989
148917
279990
148918
279991
148919
279992
148920
279993
148921
279994
148922
279995
148923
279996
148924
279997
148925
279998
148926
279999
148927
280000
148928
280001
148929
280002
148930
280003
148931
280004
148932
280005
148933
280006
148934
280007
148935
280008
148936
280009
148937
280010
148938
280011
148939
280012
148940
280013
148941
280014
148942
280015
148943
280016
148944
280017
148945
280018
148946
280019
148947
280020
148948
280021
148949
280022
148950
280023
148951
280024
148952
280025
148953
280026
148954
280027
148955
280028
148956
280029
148957
280030
148958
280031
148959
280032
148960
280033
148961
280034
148962
280035
148963
280036
148964
280037
148965
280038
148966
280039
148967
280040
148968
280041
148969
280042
148970
280043
148971
280044
148972
280045
148973
280046
148974
280047
148975
280048
148976
280049
148977
280050
148978
280051
148979
280052
148980
280053
148981
280054
148982
280055
148983
280056
148984
280057
148985
280058
148986
280059
148987
280060
148988
280061
148989
280062
148990
280063
148991
280064
148992
280065
148993
280066
148994
280067
148995
280068
148996
280069
148997
280070
148998
280071
148999
280072
149000
280073
149001
280074
149002
280075
149003
280076
149004
280077
149005
280078
149006
280079
149007
280080
149008
280081
149009
280082
149010
280083
149011
280084
149012
280085
149013
280086
149014
280087
149015
280088
149016
280089
149017
280090
149018
280091
149019
280092
149020
280093
149021
280094
149022
280095
149023
280096
149024
280097
149025
280098
149026
280099
149027
280100
149028
280101
149029
280102
149030
280103
149031
280104
149032
280105
149033
280106
149034
280107
149035
280108
149036
280109
149037
280110
149038
280111
149039
280112
149040
280113
149041
280114
149042
280115
149043
280116
149044
280117
149045
280118
149046
280119
149047
280120
149048
280121
149049
280122
149050
280123
149051
280124
149052
280125
149053
280126
149054
280127
149055
280128
149056
280129
149057
280130
149058
280131
149059
280132
149060
280133
149061
280134
149062
280135
149063
280136
149064
280137
149065
280138
149066
280139
149067
280140
149068
280141
149069
280142
149070
280143
149071
280144
149072
280145
149073
280146
149074
280147
149075
280148
149076
280149
149077
280150
149078
280151
149079
280152
149080
280153
149081
280154
149082
280155
149083
280156
149084
280157
149085
280158
149086
280159
149087
280160
149088
280161
149089
280162
149090
280163
149091
280164
149092
280165
149093
280166
149094
280167
149095
280168
149096
280169
149097
280170
149098
280171
149099
280172
149100
280173
149101
280174
149102
280175
149103
280176
149104
280177
149105
280178
149106
280179
149107
280180
149108
280181
149109
280182
149110
280183
149111
280184
149112
280185
149113
280186
149114
280187
149115
280188
149116
280189
149117
280190
149118
280191
149119
280192
149120
280193
149121
280194
149122
280195
149123
280196
149124
280197
149125
280198
149126
280199
149127
280200
149128
280201
149129
280202
149130
280203
149131
280204
149132
280205
149133
280206
149134
280207
149135
280208
149136
280209
149137
280210
149138
280211
149139
280212
149140
280213
149141
280214
149142
280215
149143
280216
149144
280217
149145
280218
149146
280219
149147
280220
149148
280221
149149
280222
149150
280223
149151
280224
149152
280225
149153
280226
149154
280227
149155
280228
149156
280229
149157
280230
149158
280231
149159
280232
149160
280233
149161
280234
149162
280235
149163
280236
149164
280237
149165
280238
149166
280239
149167
280240
149168
280241
149169
280242
149170
280243
149171
280244
149172
280245
149173
280246
149174
280247
149175
280248
149176
280249
149177
280250
149178
280251
149179
280252
149180
280253
149181
280254
149182
280255
149183
280256
149184
280257
149185
280258
149186
280259
149187
280260
149188
280261
149189
280262
149190
280263
149191
280264
149192
280265
149193
280266
149194
280267
149195
280268
149196
280269
149197
280270
149198
280271
149199
280272
149200
280273
149201
280274
149202
280275
149203
280276
149204
280277
149205
280278
149206
280279
149207
280280
149208
280281
149209
280282
149210
280283
149211
280284
149212
280285
149213
280286
149214
280287
149215
280288
149216
280289
149217
280290
149218
280291
149219
280292
149220
280293
149221
280294
149222
280295
149223
280296
149224
280297
149225
280298
149226
280299
149227
280300
149228
280301
149229
280302
149230
280303
149231
280304
149232
280305
149233
280306
149234
280307
149235
280308
149236
280309
149237
280310
149238
280311
149239
280312
149240
280313
149241
280314
149242
280315
149243
280316
149244
280317
149245
280318
149246
280319
149247
280320
149248
280321
149249
280322
149250
280323
149251
280324
149252
280325
149253
280326
149254
280327
149255
280328
149256
280329
149257
280330
149258
280331
149259
280332
149260
280333
149261
280334
149262
280335
149263
280336
149264
280337
149265
280338
149266
280339
149267
280340
149268
280341
149269
280342
149270
280343
149271
280344
149272
280345
149273
280346
149274
280347
149275
280348
149276
280349
149277
280350
149278
280351
149279
280352
149280
280353
149281
280354
149282
280355
149283
280356
149284
280357
149285
280358
149286
280359
149287
280360
149288
280361
149289
280362
149290
280363
149291
280364
149292
280365
149293
280366
149294
280367
149295
280368
149296
280369
149297
280370
149298
280371
149299
280372
149300
280373
149301
280374
149302
280375
149303
280376
149304
280377
149305
280378
149306
280379
149307
280380
149308
280381
149309
280382
149310
280383
149311
280384
149312
280385
149313
280386
149314
280387
149315
280388
149316
280389
149317
280390
149318
280391
149319
280392
149320
280393
149321
280394
149322
280395
149323
280396
149324
280397
149325
280398
149326
280399
149327
280400
149328
280401
149329
280402
149330
280403
149331
280404
149332
280405
149333
280406
149334
280407
149335
280408
149336
280409
149337
280410
149338
280411
149339
280412
149340
280413
149341
280414
149342
280415
149343
280416
149344
280417
149345
280418
149346
280419
149347
280420
149348
280421
149349
280422
149350
280423
149351
280424
149352
280425
149353
280426
149354
280427
149355
280428
149356
280429
149357
280430
149358
280431
149359
280432
149360
280433
149361
280434
149362
280435
149363
280436
149364
280437
149365
280438
149366
280439
149367
280440
149368
280441
149369
280442
149370
280443
149371
280444
149372
280445
149373
280446
149374
280447
149375
280448
149376
280449
149377
280450
149378
280451
149379
280452
149380
280453
149381
280454
149382
280455
149383
280456
149384
280457
149385
280458
149386
280459
149387
280460
149388
280461
149389
280462
149390
280463
149391
280464
149392
280465
149393
280466
149394
280467
149395
280468
149396
280469
149397
280470
149398
280471
149399
280472
149400
280473
149401
280474
149402
280475
149403
280476
149404
280477
149405
280478
149406
280479
149407
280480
149408
280481
149409
280482
149410
280483
149411
280484
149412
280485
149413
280486
149414
280487
149415
280488
149416
280489
149417
280490
149418
280491
149419
280492
149420
280493
149421
280494
149422
280495
149423
280496
149424
280497
149425
280498
149426
280499
149427
280500
149428
280501
149429
280502
149430
280503
149431
280504
149432
280505
149433
280506
149434
280507
149435
280508
149436
280509
149437
280510
149438
280511
149439
280512
149440
280513
149441
280514
149442
280515
149443
280516
149444
280517
149445
280518
149446
280519
149447
280520
149448
280521
149449
280522
149450
280523
149451
280524
149452
280525
149453
280526
149454
280527
149455
280528
149456
280529
149457
280530
149458
280531
149459
280532
149460
280533
149461
280534
149462
280535
149463
280536
149464
280537
149465
280538
149466
280539
149467
280540
149468
280541
149469
280542
149470
280543
149471
280544
149472
280545
149473
280546
149474
280547
149475
280548
149476
280549
149477
280550
149478
280551
149479
280552
149480
280553
149481
280554
149482
280555
149483
280556
149484
280557
149485
280558
149486
280559
149487
280560
149488
280561
149489
280562
149490
280563
149491
280564
149492
280565
149493
280566
149494
280567
149495
280568
149496
280569
149497
280570
149498
280571
149499
280572
149500
280573
149501
280574
149502
280575
149503
280576
149504
280577
149505
280578
149506
280579
149507
280580
149508
280581
149509
280582
149510
280583
149511
280584
149512
280585
149513
280586
149514
280587
149515
280588
149516
280589
149517
280590
149518
280591
149519
280592
149520
280593
149521
280594
149522
280595
149523
280596
149524
280597
149525
280598
149526
280599
149527
280600
149528
280601
149529
280602
149530
280603
149531
280604
149532
280605
149533
280606
149534
280607
149535
280608
149536
280609
149537
280610
149538
280611
149539
280612
149540
280613
149541
280614
149542
280615
149543
280616
149544
280617
149545
280618
149546
280619
149547
280620
149548
280621
149549
280622
149550
280623
149551
280624
149552
280625
149553
280626
149554
280627
149555
280628
149556
280629
149557
280630
149558
280631
149559
280632
149560
280633
149561
280634
149562
280635
149563
280636
149564
280637
149565
280638
149566
280639
149567
280640
149568
280641
149569
280642
149570
280643
149571
280644
149572
280645
149573
280646
149574
280647
149575
280648
149576
280649
149577
280650
149578
280651
149579
280652
149580
280653
149581
280654
149582
280655
149583
280656
149584
280657
149585
280658
149586
280659
149587
280660
149588
280661
149589
280662
149590
280663
149591
280664
149592
280665
149593
280666
149594
280667
149595
280668
149596
280669
149597
280670
149598
280671
149599
280672
149600
280673
149601
280674
149602
280675
149603
280676
149604
280677
149605
280678
149606
280679
149607
280680
149608
280681
149609
280682
149610
280683
149611
280684
149612
280685
149613
280686
149614
280687
149615
280688
149616
280689
149617
280690
149618
280691
149619
280692
149620
280693
149621
280694
149622
280695
149623
280696
149624
280697
149625
280698
149626
280699
149627
280700
149628
280701
149629
280702
149630
280703
149631
280704
149632
280705
149633
280706
149634
280707
149635
280708
149636
280709
149637
280710
149638
280711
149639
280712
149640
280713
149641
280714
149642
280715
149643
280716
149644
280717
149645
280718
149646
280719
149647
280720
149648
280721
149649
280722
149650
280723
149651
280724
149652
280725
149653
280726
149654
280727
149655
280728
149656
280729
149657
280730
149658
280731
149659
280732
149660
280733
149661
280734
149662
280735
149663
280736
149664
280737
149665
280738
149666
280739
149667
280740
149668
280741
149669
280742
149670
280743
149671
280744
149672
280745
149673
280746
149674
280747
149675
280748
149676
280749
149677
280750
149678
280751
149679
280752
149680
280753
149681
280754
149682
280755
149683
280756
149684
280757
149685
280758
149686
280759
149687
280760
149688
280761
149689
280762
149690
280763
149691
280764
149692
280765
149693
280766
149694
280767
149695
280768
149696
280769
149697
280770
149698
280771
149699
280772
149700
280773
149701
280774
149702
280775
149703
280776
149704
280777
149705
280778
149706
280779
149707
280780
149708
280781
149709
280782
149710
280783
149711
280784
149712
280785
149713
280786
149714
280787
149715
280788
149716
280789
149717
280790
149718
280791
149719
280792
149720
280793
149721
280794
149722
280795
149723
280796
149724
280797
149725
280798
149726
280799
149727
280800
149728
280801
149729
280802
149730
280803
149731
280804
149732
280805
149733
280806
149734
280807
149735
280808
149736
280809
149737
280810
149738
280811
149739
280812
149740
280813
149741
280814
149742
280815
149743
280816
149744
280817
149745
280818
149746
280819
149747
280820
149748
280821
149749
280822
149750
280823
149751
280824
149752
280825
149753
280826
149754
280827
149755
280828
149756
280829
149757
280830
149758
280831
149759
280832
149760
280833
149761
280834
149762
280835
149763
280836
149764
280837
149765
280838
149766
280839
149767
280840
149768
280841
149769
280842
149770
280843
149771
280844
149772
280845
149773
280846
149774
280847
149775
280848
149776
280849
149777
280850
149778
280851
149779
280852
149780
280853
149781
280854
149782
280855
149783
280856
149784
280857
149785
280858
149786
280859
149787
280860
149788
280861
149789
280862
149790
280863
149791
280864
149792
280865
149793
280866
149794
280867
149795
280868
149796
280869
149797
280870
149798
280871
149799
280872
149800
280873
149801
280874
149802
280875
149803
280876
149804
280877
149805
280878
149806
280879
149807
280880
149808
280881
149809
280882
149810
280883
149811
280884
149812
280885
149813
280886
149814
280887
149815
280888
149816
280889
149817
280890
149818
280891
149819
280892
149820
280893
149821
280894
149822
280895
149823
280896
149824
280897
149825
280898
149826
280899
149827
280900
149828
280901
149829
280902
149830
280903
149831
280904
149832
280905
149833
280906
149834
280907
149835
280908
149836
280909
149837
280910
149838
280911
149839
280912
149840
280913
149841
280914
149842
280915
149843
280916
149844
280917
149845
280918
149846
280919
149847
280920
149848
280921
149849
280922
149850
280923
149851
280924
149852
280925
149853
280926
149854
280927
149855
280928
149856
280929
149857
280930
149858
280931
149859
280932
149860
280933
149861
280934
149862
280935
149863
280936
149864
280937
149865
280938
149866
280939
149867
280940
149868
280941
149869
280942
149870
280943
149871
280944
149872
280945
149873
280946
149874
280947
149875
280948
149876
280949
149877
280950
149878
280951
149879
280952
149880
280953
149881
280954
149882
280955
149883
280956
149884
280957
149885
280958
149886
280959
149887
280960
149888
280961
149889
280962
149890
280963
149891
280964
149892
280965
149893
280966
149894
280967
149895
280968
149896
280969
149897
280970
149898
280971
149899
280972
149900
280973
149901
280974
149902
280975
149903
280976
149904
280977
149905
280978
149906
280979
149907
280980
149908
280981
149909
280982
149910
280983
149911
280984
149912
280985
149913
280986
149914
280987
149915
280988
149916
280989
149917
280990
149918
280991
149919
280992
149920
280993
149921
280994
149922
280995
149923
280996
149924
280997
149925
280998
149926
280999
149927
281000
149928
281001
149929
281002
149930
281003
149931
281004
149932
281005
149933
281006
149934
281007
149935
281008
149936
281009
149937
281010
149938
281011
149939
281012
149940
281013
149941
281014
149942
281015
149943
281016
149944
281017
149945
281018
149946
281019
149947
281020
149948
281021
149949
281022
149950
281023
149951
281024
149952
281025
149953
281026
149954
281027
149955
281028
149956
281029
149957
281030
149958
281031
149959
281032
149960
281033
149961
281034
149962
281035
149963
281036
149964
281037
149965
281038
149966
281039
149967
281040
149968
281041
149969
281042
149970
281043
149971
281044
149972
281045
149973
281046
149974
281047
149975
281048
149976
281049
149977
281050
149978
281051
149979
281052
149980
281053
149981
281054
149982
281055
149983
281056
149984
281057
149985
281058
149986
281059
149987
281060
149988
281061
149989
281062
149990
281063
149991
281064
149992
281065
149993
281066
149994
281067
149995
281068
149996
281069
149997
281070
149998
281071
149999
281072
150000
281073
150001
281074
150002
281075
150003
281076
150004
281077
150005
281078
150006
281079
150007
281080
150008
281081
150009
281082
150010
281083
150011
281084
150012
281085
150013
281086
150014
281087
150015
281088
150016
281089
150017
281090
150018
281091
150019
281092
150020
281093
150021
281094
150022
281095
150023
281096
150024
281097
150025
281098
150026
281099
150027
281100
150028
281101
150029
281102
150030
281103
150031
281104
150032
281105
150033
281106
150034
281107
150035
281108
150036
281109
150037
281110
150038
281111
150039
281112
150040
281113
150041
281114
150042
281115
150043
281116
150044
281117
150045
281118
150046
281119
150047
281120
150048
281121
150049
281122
150050
281123
150051
281124
150052
281125
150053
281126
150054
281127
150055
281128
150056
281129
150057
281130
150058
281131
150059
281132
150060
281133
150061
281134
150062
281135
150063
281136
150064
281137
150065
281138
150066
281139
150067
281140
150068
281141
150069
281142
150070
281143
150071
281144
150072
281145
150073
281146
150074
281147
150075
281148
150076
281149
150077
281150
150078
281151
150079
281152
150080
281153
150081
281154
150082
281155
150083
281156
150084
281157
150085
281158
150086
281159
150087
281160
150088
281161
150089
281162
150090
281163
150091
281164
150092
281165
150093
281166
150094
281167
150095
281168
150096
281169
150097
281170
150098
281171
150099
281172
150100
281173
150101
281174
150102
281175
150103
281176
150104
281177
150105
281178
150106
281179
150107
281180
150108
281181
150109
281182
150110
281183
150111
281184
150112
281185
150113
281186
150114
281187
150115
281188
150116
281189
150117
281190
150118
281191
150119
281192
150120
281193
150121
281194
150122
281195
150123
281196
150124
281197
150125
281198
150126
281199
150127
281200
150128
281201
150129
281202
150130
281203
150131
281204
150132
281205
150133
281206
150134
281207
150135
281208
150136
281209
150137
281210
150138
281211
150139
281212
150140
281213
150141
281214
150142
281215
150143
281216
150144
281217
150145
281218
150146
281219
150147
281220
150148
281221
150149
281222
150150
281223
150151
281224
150152
281225
150153
281226
150154
281227
150155
281228
150156
281229
150157
281230
150158
281231
150159
281232
150160
281233
150161
281234
150162
281235
150163
281236
150164
281237
150165
281238
150166
281239
150167
281240
150168
281241
150169
281242
150170
281243
150171
281244
150172
281245
150173
281246
150174
281247
150175
281248
150176
281249
150177
281250
150178
281251
150179
281252
150180
281253
150181
281254
150182
281255
150183
281256
150184
281257
150185
281258
150186
281259
150187
281260
150188
281261
150189
281262
150190
281263
150191
281264
150192
281265
150193
281266
150194
281267
150195
281268
150196
281269
150197
281270
150198
281271
150199
281272
150200
281273
150201
281274
150202
281275
150203
281276
150204
281277
150205
281278
150206
281279
150207
281280
150208
281281
150209
281282
150210
281283
150211
281284
150212
281285
150213
281286
150214
281287
150215
281288
150216
281289
150217
281290
150218
281291
150219
281292
150220
281293
150221
281294
150222
281295
150223
281296
150224
281297
150225
281298
150226
281299
150227
281300
150228
281301
150229
281302
150230
281303
150231
281304
150232
281305
150233
281306
150234
281307
150235
281308
150236
281309
150237
281310
150238
281311
150239
281312
150240
281313
150241
281314
150242
281315
150243
281316
150244
281317
150245
281318
150246
281319
150247
281320
150248
281321
150249
281322
150250
281323
150251
281324
150252
281325
150253
281326
150254
281327
150255
281328
150256
281329
150257
281330
150258
281331
150259
281332
150260
281333
150261
281334
150262
281335
150263
281336
150264
281337
150265
281338
150266
281339
150267
281340
150268
281341
150269
281342
150270
281343
150271
281344
150272
281345
150273
281346
150274
281347
150275
281348
150276
281349
150277
281350
150278
281351
150279
281352
150280
281353
150281
281354
150282
281355
150283
281356
150284
281357
150285
281358
150286
281359
150287
281360
150288
281361
150289
281362
150290
281363
150291
281364
150292
281365
150293
281366
150294
281367
150295
281368
150296
281369
150297
281370
150298
281371
150299
281372
150300
281373
150301
281374
150302
281375
150303
281376
150304
281377
150305
281378
150306
281379
150307
281380
150308
281381
150309
281382
150310
281383
150311
281384
150312
281385
150313
281386
150314
281387
150315
281388
150316
281389
150317
281390
150318
281391
150319
281392
150320
281393
150321
281394
150322
281395
150323
281396
150324
281397
150325
281398
150326
281399
150327
281400
150328
281401
150329
281402
150330
281403
150331
281404
150332
281405
150333
281406
150334
281407
150335
281408
150336
281409
150337
281410
150338
281411
150339
281412
150340
281413
150341
281414
150342
281415
150343
281416
150344
281417
150345
281418
150346
281419
150347
281420
150348
281421
150349
281422
150350
281423
150351
281424
150352
281425
150353
281426
150354
281427
150355
281428
150356
281429
150357
281430
150358
281431
150359
281432
150360
281433
150361
281434
150362
281435
150363
281436
150364
281437
150365
281438
150366
281439
150367
281440
150368
281441
150369
281442
150370
281443
150371
281444
150372
281445
150373
281446
150374
281447
150375
281448
150376
281449
150377
281450
150378
281451
150379
281452
150380
281453
150381
281454
150382
281455
150383
281456
150384
281457
150385
281458
150386
281459
150387
281460
150388
281461
150389
281462
150390
281463
150391
281464
150392
281465
150393
281466
150394
281467
150395
281468
150396
281469
150397
281470
150398
281471
150399
281472
150400
281473
150401
281474
150402
281475
150403
281476
150404
281477
150405
281478
150406
281479
150407
281480
150408
281481
150409
281482
150410
281483
150411
281484
150412
281485
150413
281486
150414
281487
150415
281488
150416
281489
150417
281490
150418
281491
150419
281492
150420
281493
150421
281494
150422
281495
150423
281496
150424
281497
150425
281498
150426
281499
150427
281500
150428
281501
150429
281502
150430
281503
150431
281504
150432
281505
150433
281506
150434
281507
150435
281508
150436
281509
150437
281510
150438
281511
150439
281512
150440
281513
150441
281514
150442
281515
150443
281516
150444
281517
150445
281518
150446
281519
150447
281520
150448
281521
150449
281522
150450
281523
150451
281524
150452
281525
150453
281526
150454
281527
150455
281528
150456
281529
150457
281530
150458
281531
150459
281532
150460
281533
150461
281534
150462
281535
150463
281536
150464
281537
150465
281538
150466
281539
150467
281540
150468
281541
150469
281542
150470
281543
150471
281544
150472
281545
150473
281546
150474
281547
150475
281548
150476
281549
150477
281550
150478
281551
150479
281552
150480
281553
150481
281554
150482
281555
150483
281556
150484
281557
150485
281558
150486
281559
150487
281560
150488
281561
150489
281562
150490
281563
150491
281564
150492
281565
150493
281566
150494
281567
150495
281568
150496
281569
150497
281570
150498
281571
150499
281572
150500
281573
150501
281574
150502
281575
150503
281576
150504
281577
150505
281578
150506
281579
150507
281580
150508
281581
150509
281582
150510
281583
150511
281584
150512
281585
150513
281586
150514
281587
150515
281588
150516
281589
150517
281590
150518
281591
150519
281592
150520
281593
150521
281594
150522
281595
150523
281596
150524
281597
150525
281598
150526
281599
150527
281600
150528
281601
150529
281602
150530
281603
150531
281604
150532
281605
150533
281606
150534
281607
150535
281608
150536
281609
150537
281610
150538
281611
150539
281612
150540
281613
150541
281614
150542
281615
150543
281616
150544
281617
150545
281618
150546
281619
150547
281620
150548
281621
150549
281622
150550
281623
150551
281624
150552
281625
150553
281626
150554
281627
150555
281628
150556
281629
150557
281630
150558
281631
150559
281632
150560
281633
150561
281634
150562
281635
150563
281636
150564
281637
150565
281638
150566
281639
150567
281640
150568
281641
150569
281642
150570
281643
150571
281644
150572
281645
150573
281646
150574
281647
150575
281648
150576
281649
150577
281650
150578
281651
150579
281652
150580
281653
150581
281654
150582
281655
150583
281656
150584
281657
150585
281658
150586
281659
150587
281660
150588
281661
150589
281662
150590
281663
150591
281664
150592
281665
150593
281666
150594
281667
150595
281668
150596
281669
150597
281670
150598
281671
150599
281672
150600
281673
150601
281674
150602
281675
150603
281676
150604
281677
150605
281678
150606
281679
150607
281680
150608
281681
150609
281682
150610
281683
150611
281684
150612
281685
150613
281686
150614
281687
150615
281688
150616
281689
150617
281690
150618
281691
150619
281692
150620
281693
150621
281694
150622
281695
150623
281696
150624
281697
150625
281698
150626
281699
150627
281700
150628
281701
150629
281702
150630
281703
150631
281704
150632
281705
150633
281706
150634
281707
150635
281708
150636
281709
150637
281710
150638
281711
150639
281712
150640
281713
150641
281714
150642
281715
150643
281716
150644
281717
150645
281718
150646
281719
150647
281720
150648
281721
150649
281722
150650
281723
150651
281724
150652
281725
150653
281726
150654
281727
150655
281728
150656
281729
150657
281730
150658
281731
150659
281732
150660
281733
150661
281734
150662
281735
150663
281736
150664
281737
150665
281738
150666
281739
150667
281740
150668
281741
150669
281742
150670
281743
150671
281744
150672
281745
150673
281746
150674
281747
150675
281748
150676
281749
150677
281750
150678
281751
150679
281752
150680
281753
150681
281754
150682
281755
150683
281756
150684
281757
150685
281758
150686
281759
150687
281760
150688
281761
150689
281762
150690
281763
150691
281764
150692
281765
150693
281766
150694
281767
150695
281768
150696
281769
150697
281770
150698
281771
150699
281772
150700
281773
150701
281774
150702
281775
150703
281776
150704
281777
150705
281778
150706
281779
150707
281780
150708
281781
150709
281782
150710
281783
150711
281784
150712
281785
150713
281786
150714
281787
150715
281788
150716
281789
150717
281790
150718
281791
150719
281792
150720
281793
150721
281794
150722
281795
150723
281796
150724
281797
150725
281798
150726
281799
150727
281800
150728
281801
150729
281802
150730
281803
150731
281804
150732
281805
150733
281806
150734
281807
150735
281808
150736
281809
150737
281810
150738
281811
150739
281812
150740
281813
150741
281814
150742
281815
150743
281816
150744
281817
150745
281818
150746
281819
150747
281820
150748
281821
150749
281822
150750
281823
150751
281824
150752
281825
150753
281826
150754
281827
150755
281828
150756
281829
150757
281830
150758
281831
150759
281832
150760
281833
150761
281834
150762
281835
150763
281836
150764
281837
150765
281838
150766
281839
150767
281840
150768
281841
150769
281842
150770
281843
150771
281844
150772
281845
150773
281846
150774
281847
150775
281848
150776
281849
150777
281850
150778
281851
150779
281852
150780
281853
150781
281854
150782
281855
150783
281856
150784
281857
150785
281858
150786
281859
150787
281860
150788
281861
150789
281862
150790
281863
150791
281864
150792
281865
150793
281866
150794
281867
150795
281868
150796
281869
150797
281870
150798
281871
150799
281872
150800
281873
150801
281874
150802
281875
150803
281876
150804
281877
150805
281878
150806
281879
150807
281880
150808
281881
150809
281882
150810
281883
150811
281884
150812
281885
150813
281886
150814
281887
150815
281888
150816
281889
150817
281890
150818
281891
150819
281892
150820
281893
150821
281894
150822
281895
150823
281896
150824
281897
150825
281898
150826
281899
150827
281900
150828
281901
150829
281902
150830
281903
150831
281904
150832
281905
150833
281906
150834
281907
150835
281908
150836
281909
150837
281910
150838
281911
150839
281912
150840
281913
150841
281914
150842
281915
150843
281916
150844
281917
150845
281918
150846
281919
150847
281920
150848
281921
150849
281922
150850
281923
150851
281924
150852
281925
150853
281926
150854
281927
150855
281928
150856
281929
150857
281930
150858
281931
150859
281932
150860
281933
150861
281934
150862
281935
150863
281936
150864
281937
150865
281938
150866
281939
150867
281940
150868
281941
150869
281942
150870
281943
150871
281944
150872
281945
150873
281946
150874
281947
150875
281948
150876
281949
150877
281950
150878
281951
150879
281952
150880
281953
150881
281954
150882
281955
150883
281956
150884
281957
150885
281958
150886
281959
150887
281960
150888
281961
150889
281962
150890
281963
150891
281964
150892
281965
150893
281966
150894
281967
150895
281968
150896
281969
150897
281970
150898
281971
150899
281972
150900
281973
150901
281974
150902
281975
150903
281976
150904
281977
150905
281978
150906
281979
150907
281980
150908
281981
150909
281982
150910
281983
150911
281984
150912
281985
150913
281986
150914
281987
150915
281988
150916
281989
150917
281990
150918
281991
150919
281992
150920
281993
150921
281994
150922
281995
150923
281996
150924
281997
150925
281998
150926
281999
150927
282000
150928
282001
150929
282002
150930
282003
150931
282004
150932
282005
150933
282006
150934
282007
150935
282008
150936
282009
150937
282010
150938
282011
150939
282012
150940
282013
150941
282014
150942
282015
150943
282016
150944
282017
150945
282018
150946
282019
150947
282020
150948
282021
150949
282022
150950
282023
150951
282024
150952
282025
150953
282026
150954
282027
150955
282028
150956
282029
150957
282030
150958
282031
150959
282032
150960
282033
150961
282034
150962
282035
150963
282036
150964
282037
150965
282038
150966
282039
150967
282040
150968
282041
150969
282042
150970
282043
150971
282044
150972
282045
150973
282046
150974
282047
150975
282048
150976
282049
150977
282050
150978
282051
150979
282052
150980
282053
150981
282054
150982
282055
150983
282056
150984
282057
150985
282058
150986
282059
150987
282060
150988
282061
150989
282062
150990
282063
150991
282064
150992
282065
150993
282066
150994
282067
150995
282068
150996
282069
150997
282070
150998
282071
150999
282072
151000
282073
151001
282074
151002
282075
151003
282076
151004
282077
151005
282078
151006
282079
151007
282080
151008
282081
151009
282082
151010
282083
151011
282084
151012
282085
151013
282086
151014
282087
151015
282088
151016
282089
151017
282090
151018
282091
151019
282092
151020
282093
151021
282094
151022
282095
151023
282096
151024
282097
151025
282098
151026
282099
151027
282100
151028
282101
151029
282102
151030
282103
151031
282104
151032
282105
151033
282106
151034
282107
151035
282108
151036
282109
151037
282110
151038
282111
151039
282112
151040
282113
151041
282114
151042
282115
151043
282116
151044
282117
151045
282118
151046
282119
151047
282120
151048
282121
151049
282122
151050
282123
151051
282124
151052
282125
151053
282126
151054
282127
151055
282128
151056
282129
151057
282130
151058
282131
151059
282132
151060
282133
151061
282134
151062
282135
151063
282136
151064
282137
151065
282138
151066
282139
151067
282140
151068
282141
151069
282142
151070
282143
151071
282144
151072
282145
151073
282146
151074
282147
151075
282148
151076
282149
151077
282150
151078
282151
151079
282152
151080
282153
151081
282154
151082
282155
151083
282156
151084
282157
151085
282158
151086
282159
151087
282160
151088
282161
151089
282162
151090
282163
151091
282164
151092
282165
151093
282166
151094
282167
151095
282168
151096
282169
151097
282170
151098
282171
151099
282172
151100
282173
151101
282174
151102
282175
151103
282176
151104
282177
151105
282178
151106
282179
151107
282180
151108
282181
151109
282182
151110
282183
151111
282184
151112
282185
151113
282186
151114
282187
151115
282188
151116
282189
151117
282190
151118
282191
151119
282192
151120
282193
151121
282194
151122
282195
151123
282196
151124
282197
151125
282198
151126
282199
151127
282200
151128
282201
151129
282202
151130
282203
151131
282204
151132
282205
151133
282206
151134
282207
151135
282208
151136
282209
151137
282210
151138
282211
151139
282212
151140
282213
151141
282214
151142
282215
151143
282216
151144
282217
151145
282218
151146
282219
151147
282220
151148
282221
151149
282222
151150
282223
151151
282224
151152
282225
151153
282226
151154
282227
151155
282228
151156
282229
151157
282230
151158
282231
151159
282232
151160
282233
151161
282234
151162
282235
151163
282236
151164
282237
151165
282238
151166
282239
151167
282240
151168
282241
151169
282242
151170
282243
151171
282244
151172
282245
151173
282246
151174
282247
151175
282248
151176
282249
151177
282250
151178
282251
151179
282252
151180
282253
151181
282254
151182
282255
151183
282256
151184
282257
151185
282258
151186
282259
151187
282260
151188
282261
151189
282262
151190
282263
151191
282264
151192
282265
151193
282266
151194
282267
151195
282268
151196
282269
151197
282270
151198
282271
151199
282272
151200
282273
151201
282274
151202
282275
151203
282276
151204
282277
151205
282278
151206
282279
151207
282280
151208
282281
151209
282282
151210
282283
151211
282284
151212
282285
151213
282286
151214
282287
151215
282288
151216
282289
151217
282290
151218
282291
151219
282292
151220
282293
151221
282294
151222
282295
151223
282296
151224
282297
151225
282298
151226
282299
151227
282300
151228
282301
151229
282302
151230
282303
151231
282304
151232
282305
151233
282306
151234
282307
151235
282308
151236
282309
151237
282310
151238
282311
151239
282312
151240
282313
151241
282314
151242
282315
151243
282316
151244
282317
151245
282318
151246
282319
151247
282320
151248
282321
151249
282322
151250
282323
151251
282324
151252
282325
151253
282326
151254
282327
151255
282328
151256
282329
151257
282330
151258
282331
151259
282332
151260
282333
151261
282334
151262
282335
151263
282336
151264
282337
151265
282338
151266
282339
151267
282340
151268
282341
151269
282342
151270
282343
151271
282344
151272
282345
151273
282346
151274
282347
151275
282348
151276
282349
151277
282350
151278
282351
151279
282352
151280
282353
151281
282354
151282
282355
151283
282356
151284
282357
151285
282358
151286
282359
151287
282360
151288
282361
151289
282362
151290
282363
151291
282364
151292
282365
151293
282366
151294
282367
151295
282368
151296
282369
151297
282370
151298
282371
151299
282372
151300
282373
151301
282374
151302
282375
151303
282376
151304
282377
151305
282378
151306
282379
151307
282380
151308
282381
151309
282382
151310
282383
151311
282384
151312
282385
151313
282386
151314
282387
151315
282388
151316
282389
151317
282390
151318
282391
151319
282392
151320
282393
151321
282394
151322
282395
151323
282396
151324
282397
151325
282398
151326
282399
151327
282400
151328
282401
151329
282402
151330
282403
151331
282404
151332
282405
151333
282406
151334
282407
151335
282408
151336
282409
151337
282410
151338
282411
151339
282412
151340
282413
151341
282414
151342
282415
151343
282416
151344
282417
151345
282418
151346
282419
151347
282420
151348
282421
151349
282422
151350
282423
151351
282424
151352
282425
151353
282426
151354
282427
151355
282428
151356
282429
151357
282430
151358
282431
151359
282432
151360
282433
151361
282434
151362
282435
151363
282436
151364
282437
151365
282438
151366
282439
151367
282440
151368
282441
151369
282442
151370
282443
151371
282444
151372
282445
151373
282446
151374
282447
151375
282448
151376
282449
151377
282450
151378
282451
151379
282452
151380
282453
151381
282454
151382
282455
151383
282456
151384
282457
151385
282458
151386
282459
151387
282460
151388
282461
151389
282462
151390
282463
151391
282464
151392
282465
151393
282466
151394
282467
151395
282468
151396
282469
151397
282470
151398
282471
151399
282472
151400
282473
151401
282474
151402
282475
151403
282476
151404
282477
151405
282478
151406
282479
151407
282480
151408
282481
151409
282482
151410
282483
151411
282484
151412
282485
151413
282486
151414
282487
151415
282488
151416
282489
151417
282490
151418
282491
151419
282492
151420
282493
151421
282494
151422
282495
151423
282496
151424
282497
151425
282498
151426
282499
151427
282500
151428
282501
151429
282502
151430
282503
151431
282504
151432
282505
151433
282506
151434
282507
151435
282508
151436
282509
151437
282510
151438
282511
151439
282512
151440
282513
151441
282514
151442
282515
151443
282516
151444
282517
151445
282518
151446
282519
151447
282520
151448
282521
151449
282522
151450
282523
151451
282524
151452
282525
151453
282526
151454
282527
151455
282528
151456
282529
151457
282530
151458
282531
151459
282532
151460
282533
151461
282534
151462
282535
151463
282536
151464
282537
151465
282538
151466
282539
151467
282540
151468
282541
151469
282542
151470
282543
151471
282544
151472
282545
151473
282546
151474
282547
151475
282548
151476
282549
151477
282550
151478
282551
151479
282552
151480
282553
151481
282554
151482
282555
151483
282556
151484
282557
151485
282558
151486
282559
151487
282560
151488
282561
151489
282562
151490
282563
151491
282564
151492
282565
151493
282566
151494
282567
151495
282568
151496
282569
151497
282570
151498
282571
151499
282572
151500
282573
151501
282574
151502
282575
151503
282576
151504
282577
151505
282578
151506
282579
151507
282580
151508
282581
151509
282582
151510
282583
151511
282584
151512
282585
151513
282586
151514
282587
151515
282588
151516
282589
151517
282590
151518
282591
151519
282592
151520
282593
151521
282594
151522
282595
151523
282596
151524
282597
151525
282598
151526
282599
151527
282600
151528
282601
151529
282602
151530
282603
151531
282604
151532
282605
151533
282606
151534
282607
151535
282608
151536
282609
151537
282610
151538
282611
151539
282612
151540
282613
151541
282614
151542
282615
151543
282616
151544
282617
151545
282618
151546
282619
151547
282620
151548
282621
151549
282622
151550
282623
151551
282624
151552
282625
151553
282626
151554
282627
151555
282628
151556
282629
151557
282630
151558
282631
151559
282632
151560
282633
151561
282634
151562
282635
151563
282636
151564
282637
151565
282638
151566
282639
151567
282640
151568
282641
151569
282642
151570
282643
151571
282644
151572
282645
151573
282646
151574
282647
151575
282648
151576
282649
151577
282650
151578
282651
151579
282652
151580
282653
151581
282654
151582
282655
151583
282656
151584
282657
151585
282658
151586
282659
151587
282660
151588
282661
151589
282662
151590
282663
151591
282664
151592
282665
151593
282666
151594
282667
151595
282668
151596
282669
151597
282670
151598
282671
151599
282672
151600
282673
151601
282674
151602
282675
151603
282676
151604
282677
151605
282678
151606
282679
151607
282680
151608
282681
151609
282682
151610
282683
151611
282684
151612
282685
151613
282686
151614
282687
151615
282688
151616
282689
151617
282690
151618
282691
151619
282692
151620
282693
151621
282694
151622
282695
151623
282696
151624
282697
151625
282698
151626
282699
151627
282700
151628
282701
151629
282702
151630
282703
151631
282704
151632
282705
151633
282706
151634
282707
151635
282708
151636
282709
151637
282710
151638
282711
151639
282712
151640
282713
151641
282714
151642
282715
151643
282716
151644
282717
151645
282718
151646
282719
151647
282720
151648
282721
151649
282722
151650
282723
151651
282724
151652
282725
151653
282726
151654
282727
151655
282728
151656
282729
151657
282730
151658
282731
151659
282732
151660
282733
151661
282734
151662
282735
151663
282736
151664
282737
151665
282738
151666
282739
151667
282740
151668
282741
151669
282742
151670
282743
151671
282744
151672
282745
151673
282746
151674
282747
151675
282748
151676
282749
151677
282750
151678
282751
151679
282752
151680
282753
151681
282754
151682
282755
151683
282756
151684
282757
151685
282758
151686
282759
151687
282760
151688
282761
151689
282762
151690
282763
151691
282764
151692
282765
151693
282766
151694
282767
151695
282768
151696
282769
151697
282770
151698
282771
151699
282772
151700
282773
151701
282774
151702
282775
151703
282776
151704
282777
151705
282778
151706
282779
151707
282780
151708
282781
151709
282782
151710
282783
151711
282784
151712
282785
151713
282786
151714
282787
151715
282788
151716
282789
151717
282790
151718
282791
151719
282792
151720
282793
151721
282794
151722
282795
151723
282796
151724
282797
151725
282798
151726
282799
151727
282800
151728
282801
151729
282802
151730
282803
151731
282804
151732
282805
151733
282806
151734
282807
151735
282808
151736
282809
151737
282810
151738
282811
151739
282812
151740
282813
151741
282814
151742
282815
151743
282816
151744
282817
151745
282818
151746
282819
151747
282820
151748
282821
151749
282822
151750
282823
151751
282824
151752
282825
151753
282826
151754
282827
151755
282828
151756
282829
151757
282830
151758
282831
151759
282832
151760
282833
151761
282834
151762
282835
151763
282836
151764
282837
151765
282838
151766
282839
151767
282840
151768
282841
151769
282842
151770
282843
151771
282844
151772
282845
151773
282846
151774
282847
151775
282848
151776
282849
151777
282850
151778
282851
151779
282852
151780
282853
151781
282854
151782
282855
151783
282856
151784
282857
151785
282858
151786
282859
151787
282860
151788
282861
151789
282862
151790
282863
151791
282864
151792
282865
151793
282866
151794
282867
151795
282868
151796
282869
151797
282870
151798
282871
151799
282872
151800
282873
151801
282874
151802
282875
151803
282876
151804
282877
151805
282878
151806
282879
151807
282880
151808
282881
151809
282882
151810
282883
151811
282884
151812
282885
151813
282886
151814
282887
151815
282888
151816
282889
151817
282890
151818
282891
151819
282892
151820
282893
151821
282894
151822
282895
151823
282896
151824
282897
151825
282898
151826
282899
151827
282900
151828
282901
151829
282902
151830
282903
151831
282904
151832
282905
151833
282906
151834
282907
151835
282908
151836
282909
151837
282910
151838
282911
151839
282912
151840
282913
151841
282914
151842
282915
151843
282916
151844
282917
151845
282918
151846
282919
151847
282920
151848
282921
151849
282922
151850
282923
151851
282924
151852
282925
151853
282926
151854
282927
151855
282928
151856
282929
151857
282930
151858
282931
151859
282932
151860
282933
151861
282934
151862
282935
151863
282936
151864
282937
151865
282938
151866
282939
151867
282940
151868
282941
151869
282942
151870
282943
151871
282944
151872
282945
151873
282946
151874
282947
151875
282948
151876
282949
151877
282950
151878
282951
151879
282952
151880
282953
151881
282954
151882
282955
151883
282956
151884
282957
151885
282958
151886
282959
151887
282960
151888
282961
151889
282962
151890
282963
151891
282964
151892
282965
151893
282966
151894
282967
151895
282968
151896
282969
151897
282970
151898
282971
151899
282972
151900
282973
151901
282974
151902
282975
151903
282976
151904
282977
151905
282978
151906
282979
151907
282980
151908
282981
151909
282982
151910
282983
151911
282984
151912
282985
151913
282986
151914
282987
151915
282988
151916
282989
151917
282990
151918
282991
151919
282992
151920
282993
151921
282994
151922
282995
151923
282996
151924
282997
151925
282998
151926
282999
151927
283000
151928
283001
151929
283002
151930
283003
151931
283004
151932
283005
151933
283006
151934
283007
151935
283008
151936
283009
151937
283010
151938
283011
151939
283012
151940
283013
151941
283014
151942
283015
151943
283016
151944
283017
151945
283018
151946
283019
151947
283020
151948
283021
151949
283022
151950
283023
151951
283024
151952
283025
151953
283026
151954
283027
151955
283028
151956
283029
151957
283030
151958
283031
151959
283032
151960
283033
151961
283034
151962
283035
151963
283036
151964
283037
151965
283038
151966
283039
151967
283040
151968
283041
151969
283042
151970
283043
151971
283044
151972
283045
151973
283046
151974
283047
151975
283048
151976
283049
151977
283050
151978
283051
151979
283052
151980
283053
151981
283054
151982
283055
151983
283056
151984
283057
151985
283058
151986
283059
151987
283060
151988
283061
151989
283062
151990
283063
151991
283064
151992
283065
151993
283066
151994
283067
151995
283068
151996
283069
151997
283070
151998
283071
151999
283072
152000
283073
152001
283074
152002
283075
152003
283076
152004
283077
152005
283078
152006
283079
152007
283080
152008
283081
152009
283082
152010
283083
152011
283084
152012
283085
152013
283086
152014
283087
152015
283088
152016
283089
152017
283090
152018
283091
152019
283092
152020
283093
152021
283094
152022
283095
152023
283096
152024
283097
152025
283098
152026
283099
152027
283100
152028
283101
152029
283102
152030
283103
152031
283104
152032
283105
152033
283106
152034
283107
152035
283108
152036
283109
152037
283110
152038
283111
152039
283112
152040
283113
152041
283114
152042
283115
152043
283116
152044
283117
152045
283118
152046
283119
152047
283120
152048
283121
152049
283122
152050
283123
152051
283124
152052
283125
152053
283126
152054
283127
152055
283128
152056
283129
152057
283130
152058
283131
152059
283132
152060
283133
152061
283134
152062
283135
152063
283136
152064
283137
152065
283138
152066
283139
152067
283140
152068
283141
152069
283142
152070
283143
152071
283144
152072
283145
152073
283146
152074
283147
152075
283148
152076
283149
152077
283150
152078
283151
152079
283152
152080
283153
152081
283154
152082
283155
152083
283156
152084
283157
152085
283158
152086
283159
152087
283160
152088
283161
152089
283162
152090
283163
152091
283164
152092
283165
152093
283166
152094
283167
152095
283168
152096
283169
152097
283170
152098
283171
152099
283172
152100
283173
152101
283174
152102
283175
152103
283176
152104
283177
152105
283178
152106
283179
152107
283180
152108
283181
152109
283182
152110
283183
152111
283184
152112
283185
152113
283186
152114
283187
152115
283188
152116
283189
152117
283190
152118
283191
152119
283192
152120
283193
152121
283194
152122
283195
152123
283196
152124
283197
152125
283198
152126
283199
152127
283200
152128
283201
152129
283202
152130
283203
152131
283204
152132
283205
152133
283206
152134
283207
152135
283208
152136
283209
152137
283210
152138
283211
152139
283212
152140
283213
152141
283214
152142
283215
152143
283216
152144
283217
152145
283218
152146
283219
152147
283220
152148
283221
152149
283222
152150
283223
152151
283224
152152
283225
152153
283226
152154
283227
152155
283228
152156
283229
152157
283230
152158
283231
152159
283232
152160
283233
152161
283234
152162
283235
152163
283236
152164
283237
152165
283238
152166
283239
152167
283240
152168
283241
152169
283242
152170
283243
152171
283244
152172
283245
152173
283246
152174
283247
152175
283248
152176
283249
152177
283250
152178
283251
152179
283252
152180
283253
152181
283254
152182
283255
152183
283256
152184
283257
152185
283258
152186
283259
152187
283260
152188
283261
152189
283262
152190
283263
152191
283264
152192
283265
152193
283266
152194
283267
152195
283268
152196
283269
152197
283270
152198
283271
152199
283272
152200
283273
152201
283274
152202
152203
152204
152205
152206
152207
152208
152209
152210
152211
152212
152213
152214
152215
152216
152217
152218
152219
152220
152221
152222
152223
152224
152225
152226
152227
152228
152229
152230
152231
152232
152233
152234
152235
152236
152237
152238
152239
152240
152241
152242
152243
152244
152245
152246
152247
152248
152249
152250
152251
152252
152253
152254
152255
152256
152257
152258
152259
152260
152261
152262
152263
152264
152265
152266
152267
152268
152269
152270
152271
152272
152273
152274
152275
152276
152277
152278
152279
152280
152281
152282
152283
152284
152285
152286
152287
152288
152289
152290
152291
152292
152293
152294
152295
152296
152297
152298
152299
152300
152301
152302
152303
152304
152305
152306
152307
152308
152309
152310
152311
152312
152313
152314
152315
152316
152317
152318
152319
152320
152321
152322
152323
152324
152325
152326
152327
152328
152329
152330
152331
152332
152333
152334
152335
152336
152337
152338
152339
152340
152341
152342
152343
152344
152345
152346
152347
152348
152349
152350
152351
152352
152353
152354
152355
152356
152357
152358
152359
152360
152361
152362
152363
152364
152365
152366
152367
152368
152369
152370
152371
152372
152373
152374
152375
152376
152377
152378
152379
152380
152381
152382
152383
152384
152385
152386
152387
152388
152389
152390
152391
152392
152393
152394
152395
152396
152397
152398
152399
152400
152401
152402
152403
152404
152405
152406
152407
152408
152409
152410
152411
152412
152413
152414
152415
152416
152417
152418
152419
152420
152421
152422
152423
152424
152425
152426
152427
152428
152429
152430
152431
152432
152433
152434
152435
152436
152437
152438
152439
152440
152441
152442
152443
152444
152445
152446
152447
152448
152449
152450
152451
152452
152453
152454
152455
152456
152457
152458
152459
152460
152461
152462
152463
152464
152465
152466
152467
152468
152469
152470
152471
152472
152473
152474
152475
152476
152477
152478
152479
152480
152481
152482
152483
152484
152485
152486
152487
152488
152489
152490
152491
152492
152493
152494
152495
152496
152497
152498
152499
152500
152501
152502
152503
152504
152505
152506
152507
152508
152509
152510
152511
152512
152513
152514
152515
152516
152517
152518
152519
152520
152521
152522
152523
152524
152525
152526
152527
152528
152529
152530
152531
152532
152533
152534
152535
152536
152537
152538
152539
152540
152541
152542
152543
152544
152545
152546
152547
152548
152549
152550
152551
152552
152553
152554
152555
152556
152557
152558
152559
152560
152561
152562
152563
152564
152565
152566
152567
152568
152569
152570
152571
152572
152573
152574
152575
152576
152577
152578
152579
152580
152581
152582
152583
152584
152585
152586
152587
152588
152589
152590
152591
152592
152593
152594
152595
152596
152597
152598
152599
152600
152601
152602
152603
152604
152605
152606
152607
152608
152609
152610
152611
152612
152613
152614
152615
152616
152617
152618
152619
152620
152621
152622
152623
152624
152625
152626
152627
152628
152629
152630
152631
152632
152633
152634
152635
152636
152637
152638
152639
152640
152641
152642
152643
152644
152645
152646
152647
152648
152649
152650
152651
152652
152653
152654
152655
152656
152657
152658
152659
152660
152661
152662
152663
152664
152665
152666
152667
152668
152669
152670
152671
152672
152673
152674
152675
152676
152677
152678
152679
152680
152681
152682
152683
152684
152685
152686
152687
152688
152689
152690
152691
152692
152693
152694
152695
152696
152697
152698
152699
152700
152701
152702
152703
152704
152705
152706
152707
152708
152709
152710
152711
152712
152713
152714
152715
152716
152717
152718
152719
152720
152721
152722
152723
152724
152725
152726
152727
152728
152729
152730
152731
152732
152733
152734
152735
152736
152737
152738
152739
152740
152741
152742
152743
152744
152745
152746
152747
152748
152749
152750
152751
152752
152753
152754
152755
152756
152757
152758
152759
152760
152761
152762
152763
152764
152765
152766
152767
152768
152769
152770
152771
152772
152773
152774
152775
152776
152777
152778
152779
152780
152781
152782
152783
152784
152785
152786
152787
152788
152789
152790
152791
152792
152793
152794
152795
152796
152797
152798
152799
152800
152801
152802
152803
152804
152805
152806
152807
152808
152809
152810
152811
152812
152813
152814
152815
152816
152817
152818
152819
152820
152821
152822
152823
152824
152825
152826
152827
152828
152829
152830
152831
152832
152833
152834
152835
152836
152837
152838
152839
152840
152841
152842
152843
152844
152845
152846
152847
152848
152849
152850
152851
152852
152853
152854
152855
152856
152857
152858
152859
152860
152861
152862
152863
152864
152865
152866
152867
152868
152869
152870
152871
152872
152873
152874
152875
152876
152877
152878
152879
152880
152881
152882
152883
152884
152885
152886
152887
152888
152889
152890
152891
152892
152893
152894
152895
152896
152897
152898
152899
152900
152901
152902
152903
152904
152905
152906
152907
152908
152909
152910
152911
152912
152913
152914
152915
152916
152917
152918
152919
152920
152921
152922
152923
152924
152925
152926
152927
152928
152929
152930
152931
152932
152933
152934
152935
152936
152937
152938
152939
152940
152941
152942
152943
152944
152945
152946
152947
152948
152949
152950
152951
152952
152953
152954
152955
152956
152957
152958
152959
152960
152961
152962
152963
152964
152965
152966
152967
152968
152969
152970
152971
152972
152973
152974
152975
152976
152977
152978
152979
152980
152981
152982
152983
152984
152985
152986
152987
152988
152989
152990
152991
152992
152993
152994
152995
152996
152997
152998
152999
153000
153001
153002
153003
153004
153005
153006
153007
153008
153009
153010
153011
153012
153013
153014
153015
153016
153017
153018
153019
153020
153021
153022
153023
153024
153025
153026
153027
153028
153029
153030
153031
153032
153033
153034
153035
153036
153037
153038
153039
153040
153041
153042
153043
153044
153045
153046
153047
153048
153049
153050
153051
153052
153053
153054
153055
153056
153057
153058
153059
153060
153061
153062
153063
153064
153065
153066
153067
153068
153069
153070
153071
153072
153073
153074
153075
153076
153077
153078
153079
153080
153081
153082
153083
153084
153085
153086
153087
153088
153089
153090
153091
153092
153093
153094
153095
153096
153097
153098
153099
153100
153101
153102
153103
153104
153105
153106
153107
153108
153109
153110
153111
153112
153113
153114
153115
153116
153117
153118
153119
153120
153121
153122
153123
153124
153125
153126
153127
153128
153129
153130
153131
153132
153133
153134
153135
153136
153137
153138
153139
153140
153141
153142
153143
153144
153145
153146
153147
153148
153149
153150
153151
153152
153153
153154
153155
153156
153157
153158
153159
153160
153161
153162
153163
153164
153165
153166
153167
153168
153169
153170
153171
153172
153173
153174
153175
153176
153177
153178
153179
153180
153181
153182
153183
153184
153185
153186
153187
153188
153189
153190
153191
153192
153193
153194
153195
153196
153197
153198
153199
153200
153201
153202
153203
153204
153205
153206
153207
153208
153209
153210
153211
153212
153213
153214
153215
153216
153217
153218
153219
153220
153221
153222
153223
153224
153225
153226
153227
153228
153229
153230
153231
153232
153233
153234
153235
153236
153237
153238
153239
153240
153241
153242
153243
153244
153245
153246
153247
153248
153249
153250
153251
153252
153253
153254
153255
153256
153257
153258
153259
153260
153261
153262
153263
153264
153265
153266
153267
153268
153269
153270
153271
153272
153273
153274
153275
153276
153277
153278
153279
153280
153281
153282
153283
153284
153285
153286
153287
153288
153289
153290
153291
153292
153293
153294
153295
153296
153297
153298
153299
153300
153301
153302
153303
153304
153305
153306
153307
153308
153309
153310
153311
153312
153313
153314
153315
153316
153317
153318
153319
153320
153321
153322
153323
153324
153325
153326
153327
153328
153329
153330
153331
153332
153333
153334
153335
153336
153337
153338
153339
153340
153341
153342
153343
153344
153345
153346
153347
153348
153349
153350
153351
153352
153353
153354
153355
153356
153357
153358
153359
153360
153361
153362
153363
153364
153365
153366
153367
153368
153369
153370
153371
153372
153373
153374
153375
153376
153377
153378
153379
153380
153381
153382
153383
153384
153385
153386
153387
153388
153389
153390
153391
153392
153393
153394
153395
153396
153397
153398
153399
153400
153401
153402
153403
153404
153405
153406
153407
153408
153409
153410
153411
153412
153413
153414
153415
153416
153417
153418
153419
153420
153421
153422
153423
153424
153425
153426
153427
153428
153429
153430
153431
153432
153433
153434
153435
153436
153437
153438
153439
153440
153441
153442
153443
153444
153445
153446
153447
153448
153449
153450
153451
153452
153453
153454
153455
153456
153457
153458
153459
153460
153461
153462
153463
153464
153465
153466
153467
153468
153469
153470
153471
153472
153473
153474
153475
153476
153477
153478
153479
153480
153481
153482
153483
153484
153485
153486
153487
153488
153489
153490
153491
153492
153493
153494
153495
153496
153497
153498
153499
153500
153501
153502
153503
153504
153505
153506
153507
153508
153509
153510
153511
153512
153513
153514
153515
153516
153517
153518
153519
153520
153521
153522
153523
153524
153525
153526
153527
153528
153529
153530
153531
153532
153533
153534
153535
153536
153537
153538
153539
153540
153541
153542
153543
153544
153545
153546
153547
153548
153549
153550
153551
153552
153553
153554
153555
153556
153557
153558
153559
153560
153561
153562
153563
153564
153565
153566
153567
153568
153569
153570
153571
153572
153573
153574
153575
153576
153577
153578
153579
153580
153581
153582
153583
153584
153585
153586
153587
153588
153589
153590
153591
153592
153593
153594
153595
153596
153597
153598
153599
153600
153601
153602
153603
153604
153605
153606
153607
153608
153609
153610
153611
153612
153613
153614
153615
153616
153617
153618
153619
153620
153621
153622
153623
153624
153625
153626
153627
153628
153629
153630
153631
153632
153633
153634
153635
153636
153637
153638
153639
153640
153641
153642
153643
153644
153645
153646
153647
153648
153649
153650
153651
153652
153653
153654
153655
153656
153657
153658
153659
153660
153661
153662
153663
153664
153665
153666
153667
153668
153669
153670
153671
153672
153673
153674
153675
153676
153677
153678
153679
153680
153681
153682
153683
153684
153685
153686
153687
153688
153689
153690
153691
153692
153693
153694
153695
153696
153697
153698
153699
153700
153701
153702
153703
153704
153705
153706
153707
153708
153709
153710
153711
153712
153713
153714
153715
153716
153717
153718
153719
153720
153721
153722
153723
153724
153725
153726
153727
153728
153729
153730
153731
153732
153733
153734
153735
153736
153737
153738
153739
153740
153741
153742
153743
153744
153745
153746
153747
153748
153749
153750
153751
153752
153753
153754
153755
153756
153757
153758
153759
153760
153761
153762
153763
153764
153765
153766
153767
153768
153769
153770
153771
153772
153773
153774
153775
153776
153777
153778
153779
153780
153781
153782
153783
153784
153785
153786
153787
153788
153789
153790
153791
153792
153793
153794
153795
153796
153797
153798
153799
153800
153801
153802
153803
153804
153805
153806
153807
153808
153809
153810
153811
153812
153813
153814
153815
153816
153817
153818
153819
153820
153821
153822
153823
153824
153825
153826
153827
153828
153829
153830
153831
153832
153833
153834
153835
153836
153837
153838
153839
153840
153841
153842
153843
153844
153845
153846
153847
153848
153849
153850
153851
153852
153853
153854
153855
153856
153857
153858
153859
153860
153861
153862
153863
153864
153865
153866
153867
153868
153869
153870
153871
153872
153873
153874
153875
153876
153877
153878
153879
153880
153881
153882
153883
153884
153885
153886
153887
153888
153889
153890
153891
153892
153893
153894
153895
153896
153897
153898
153899
153900
153901
153902
153903
153904
153905
153906
153907
153908
153909
153910
153911
153912
153913
153914
153915
153916
153917
153918
153919
153920
153921
153922
153923
153924
153925
153926
153927
153928
153929
153930
153931
153932
153933
153934
153935
153936
153937
153938
153939
153940
153941
153942
153943
153944
153945
153946
153947
153948
153949
153950
153951
153952
153953
153954
153955
153956
153957
153958
153959
153960
153961
153962
153963
153964
153965
153966
153967
153968
153969
153970
153971
153972
153973
153974
153975
153976
153977
153978
153979
153980
153981
153982
153983
153984
153985
153986
153987
153988
153989
153990
153991
153992
153993
153994
153995
153996
153997
153998
153999
154000
154001
154002
154003
154004
154005
154006
154007
154008
154009
154010
154011
154012
154013
154014
154015
154016
154017
154018
154019
154020
154021
154022
154023
154024
154025
154026
154027
154028
154029
154030
154031
154032
154033
154034
154035
154036
154037
154038
154039
154040
154041
154042
154043
154044
154045
154046
154047
154048
154049
154050
154051
154052
154053
154054
154055
154056
154057
154058
154059
154060
154061
154062
154063
154064
154065
154066
154067
154068
154069
154070
154071
154072
154073
154074
154075
154076
154077
154078
154079
154080
154081
154082
154083
154084
154085
154086
154087
154088
154089
154090
154091
154092
154093
154094
154095
154096
154097
154098
154099
154100
154101
154102
154103
154104
154105
154106
154107
154108
154109
154110
154111
154112
154113
154114
154115
154116
154117
154118
154119
154120
154121
154122
154123
154124
154125
154126
154127
154128
154129
154130
154131
154132
154133
154134
154135
154136
154137
154138
154139
154140
154141
154142
154143
154144
154145
154146
154147
154148
154149
154150
154151
154152
154153
154154
154155
154156
154157
154158
154159
154160
154161
154162
154163
154164
154165
154166
154167
154168
154169
154170
154171
154172
154173
154174
154175
154176
154177
154178
154179
154180
154181
154182
154183
154184
154185
154186
154187
154188
154189
154190
154191
154192
154193
154194
154195
154196
154197
154198
154199
154200
154201
154202
154203
154204
154205
154206
154207
154208
154209
154210
154211
154212
154213
154214
154215
154216
154217
154218
154219
154220
154221
154222
154223
154224
154225
154226
154227
154228
154229
154230
154231
154232
154233
154234
154235
154236
154237
154238
154239
154240
154241
154242
154243
154244
154245
154246
154247
154248
154249
154250
154251
154252
154253
154254
154255
154256
154257
154258
154259
154260
154261
154262
154263
154264
154265
154266
154267
154268
154269
154270
154271
154272
154273
154274
154275
154276
154277
154278
154279
154280
154281
154282
154283
154284
154285
154286
154287
154288
154289
154290
154291
154292
154293
154294
154295
154296
154297
154298
154299
154300
154301
154302
154303
154304
154305
154306
154307
154308
154309
154310
154311
154312
154313
154314
154315
154316
154317
154318
154319
154320
154321
154322
154323
154324
154325
154326
154327
154328
154329
154330
154331
154332
154333
154334
154335
154336
154337
154338
154339
154340
154341
154342
154343
154344
154345
154346
154347
154348
154349
154350
154351
154352
154353
154354
154355
154356
154357
154358
154359
154360
154361
154362
154363
154364
154365
154366
154367
154368
154369
154370
154371
154372
154373
154374
154375
154376
154377
154378
154379
154380
154381
154382
154383
154384
154385
154386
154387
154388
154389
154390
154391
154392
154393
154394
154395
154396
154397
154398
154399
154400
154401
154402
154403
154404
154405
154406
154407
154408
154409
154410
154411
154412
154413
154414
154415
154416
154417
154418
154419
154420
154421
154422
154423
154424
154425
154426
154427
154428
154429
154430
154431
154432
154433
154434
154435
154436
154437
154438
154439
154440
154441
154442
154443
154444
154445
154446
154447
154448
154449
154450
154451
154452
154453
154454
154455
154456
154457
154458
154459
154460
154461
154462
154463
154464
154465
154466
154467
154468
154469
154470
154471
154472
154473
154474
154475
154476
154477
154478
154479
154480
154481
154482
154483
154484
154485
154486
154487
154488
154489
154490
154491
154492
154493
154494
154495
154496
154497
154498
154499
154500
154501
154502
154503
154504
154505
154506
154507
154508
154509
154510
154511
154512
154513
154514
154515
154516
154517
154518
154519
154520
154521
154522
154523
154524
154525
154526
154527
154528
154529
154530
154531
154532
154533
154534
154535
154536
154537
154538
154539
154540
154541
154542
154543
154544
154545
154546
154547
154548
154549
154550
154551
154552
154553
154554
154555
154556
154557
154558
154559
154560
154561
154562
154563
154564
154565
154566
154567
154568
154569
154570
154571
154572
154573
154574
154575
154576
154577
154578
154579
154580
154581
154582
154583
154584
154585
154586
154587
154588
154589
154590
154591
154592
154593
154594
154595
154596
154597
154598
154599
154600
154601
154602
154603
154604
154605
154606
154607
154608
154609
154610
154611
154612
154613
154614
154615
154616
154617
154618
154619
154620
154621
154622
154623
154624
154625
154626
154627
154628
154629
154630
154631
154632
154633
154634
154635
154636
154637
154638
154639
154640
154641
154642
154643
154644
154645
154646
154647
154648
154649
154650
154651
154652
154653
154654
154655
154656
154657
154658
154659
154660
154661
154662
154663
154664
154665
154666
154667
154668
154669
154670
154671
154672
154673
154674
154675
154676
154677
154678
154679
154680
154681
154682
154683
154684
154685
154686
154687
154688
154689
154690
154691
154692
154693
154694
154695
154696
154697
154698
154699
154700
154701
154702
154703
154704
154705
154706
154707
154708
154709
154710
154711
154712
154713
154714
154715
154716
154717
154718
154719
154720
154721
154722
154723
154724
154725
154726
154727
154728
154729
154730
154731
154732
154733
154734
154735
154736
154737
154738
154739
154740
154741
154742
154743
154744
154745
154746
154747
154748
154749
154750
154751
154752
154753
154754
154755
154756
154757
154758
154759
154760
154761
154762
154763
154764
154765
154766
154767
154768
154769
154770
154771
154772
154773
154774
154775
154776
154777
154778
154779
154780
154781
154782
154783
154784
154785
154786
154787
154788
154789
154790
154791
154792
154793
154794
154795
154796
154797
154798
154799
154800
154801
154802
154803
154804
154805
154806
154807
154808
154809
154810
154811
154812
154813
154814
154815
154816
154817
154818
154819
154820
154821
154822
154823
154824
154825
154826
154827
154828
154829
154830
154831
154832
154833
154834
154835
154836
154837
154838
154839
154840
154841
154842
154843
154844
154845
154846
154847
154848
154849
154850
154851
154852
154853
154854
154855
154856
154857
154858
154859
154860
154861
154862
154863
154864
154865
154866
154867
154868
154869
154870
154871
154872
154873
154874
154875
154876
154877
154878
154879
154880
154881
154882
154883
154884
154885
154886
154887
154888
154889
154890
154891
154892
154893
154894
154895
154896
154897
154898
154899
154900
154901
154902
154903
154904
154905
154906
154907
154908
154909
154910
154911
154912
154913
154914
154915
154916
154917
154918
154919
154920
154921
154922
154923
154924
154925
154926
154927
154928
154929
154930
154931
154932
154933
154934
154935
154936
154937
154938
154939
154940
154941
154942
154943
154944
154945
154946
154947
154948
154949
154950
154951
154952
154953
154954
154955
154956
154957
154958
154959
154960
154961
154962
154963
154964
154965
154966
154967
154968
154969
154970
154971
154972
154973
154974
154975
154976
154977
154978
154979
154980
154981
154982
154983
154984
154985
154986
154987
154988
154989
154990
154991
154992
154993
154994
154995
154996
154997
154998
154999
155000
155001
155002
155003
155004
155005
155006
155007
155008
155009
155010
155011
155012
155013
155014
155015
155016
155017
155018
155019
155020
155021
155022
155023
155024
155025
155026
155027
155028
155029
155030
155031
155032
155033
155034
155035
155036
155037
155038
155039
155040
155041
155042
155043
155044
155045
155046
155047
155048
155049
155050
155051
155052
155053
155054
155055
155056
155057
155058
155059
155060
155061
155062
155063
155064
155065
155066
155067
155068
155069
155070
155071
155072
155073
155074
155075
155076
155077
155078
155079
155080
155081
155082
155083
155084
155085
155086
155087
155088
155089
155090
155091
155092
155093
155094
155095
155096
155097
155098
155099
155100
155101
155102
155103
155104
155105
155106
155107
155108
155109
155110
155111
155112
155113
155114
155115
155116
155117
155118
155119
155120
155121
155122
155123
155124
155125
155126
155127
155128
155129
155130
155131
155132
155133
155134
155135
155136
155137
155138
155139
155140
155141
155142
155143
155144
155145
155146
155147
155148
155149
155150
155151
155152
155153
155154
155155
155156
155157
155158
155159
155160
155161
155162
155163
155164
155165
155166
155167
155168
155169
155170
155171
155172
155173
155174
155175
155176
155177
155178
155179
155180
155181
155182
155183
155184
155185
155186
155187
155188
155189
155190
155191
155192
155193
155194
155195
155196
155197
155198
155199
155200
155201
155202
155203
155204
155205
155206
155207
155208
155209
155210
155211
155212
155213
155214
155215
155216
155217
155218
155219
155220
155221
155222
155223
155224
155225
155226
155227
155228
155229
155230
155231
155232
155233
155234
155235
155236
155237
155238
155239
155240
155241
155242
155243
155244
155245
155246
155247
155248
155249
155250
155251
155252
155253
155254
155255
155256
155257
155258
155259
155260
155261
155262
155263
155264
155265
155266
155267
155268
155269
155270
155271
155272
155273
155274
155275
155276
155277
155278
155279
155280
155281
155282
155283
155284
155285
155286
155287
155288
155289
155290
155291
155292
155293
155294
155295
155296
155297
155298
155299
155300
155301
155302
155303
155304
155305
155306
155307
155308
155309
155310
155311
155312
155313
155314
155315
155316
155317
155318
155319
155320
155321
155322
155323
155324
155325
155326
155327
155328
155329
155330
155331
155332
155333
155334
155335
155336
155337
155338
155339
155340
155341
155342
155343
155344
155345
155346
155347
155348
155349
155350
155351
155352
155353
155354
155355
155356
155357
155358
155359
155360
155361
155362
155363
155364
155365
155366
155367
155368
155369
155370
155371
155372
155373
155374
155375
155376
155377
155378
155379
155380
155381
155382
155383
155384
155385
155386
155387
155388
155389
155390
155391
155392
155393
155394
155395
155396
155397
155398
155399
155400
155401
155402
155403
155404
155405
155406
155407
155408
155409
155410
155411
155412
155413
155414
155415
155416
155417
155418
155419
155420
155421
155422
155423
155424
155425
155426
155427
155428
155429
155430
155431
155432
155433
155434
155435
155436
155437
155438
155439
155440
155441
155442
155443
155444
155445
155446
155447
155448
155449
155450
155451
155452
155453
155454
155455
155456
155457
155458
155459
155460
155461
155462
155463
155464
155465
155466
155467
155468
155469
155470
155471
155472
155473
155474
155475
155476
155477
155478
155479
155480
155481
155482
155483
155484
155485
155486
155487
155488
155489
155490
155491
155492
155493
155494
155495
155496
155497
155498
155499
155500
155501
155502
155503
155504
155505
155506
155507
155508
155509
155510
155511
155512
155513
155514
155515
155516
155517
155518
155519
155520
155521
155522
155523
155524
155525
155526
155527
155528
155529
155530
155531
155532
155533
155534
155535
155536
155537
155538
155539
155540
155541
155542
155543
155544
155545
155546
155547
155548
155549
155550
155551
155552
155553
155554
155555
155556
155557
155558
155559
155560
155561
155562
155563
155564
155565
155566
155567
155568
155569
155570
155571
155572
155573
155574
155575
155576
155577
155578
155579
155580
155581
155582
155583
155584
155585
155586
155587
155588
155589
155590
155591
155592
155593
155594
155595
155596
155597
155598
155599
155600
155601
155602
155603
155604
155605
155606
155607
155608
155609
155610
155611
155612
155613
155614
155615
155616
155617
155618
155619
155620
155621
155622
155623
155624
155625
155626
155627
155628
155629
155630
155631
155632
155633
155634
155635
155636
155637
155638
155639
155640
155641
155642
155643
155644
155645
155646
155647
155648
155649
155650
155651
155652
155653
155654
155655
155656
155657
155658
155659
155660
155661
155662
155663
155664
155665
155666
155667
155668
155669
155670
155671
155672
155673
155674
155675
155676
155677
155678
155679
155680
155681
155682
155683
155684
155685
155686
155687
155688
155689
155690
155691
155692
155693
155694
155695
155696
155697
155698
155699
155700
155701
155702
155703
155704
155705
155706
155707
155708
155709
155710
155711
155712
155713
155714
155715
155716
155717
155718
155719
155720
155721
155722
155723
155724
155725
155726
155727
155728
155729
155730
155731
155732
155733
155734
155735
155736
155737
155738
155739
155740
155741
155742
155743
155744
155745
155746
155747
155748
155749
155750
155751
155752
155753
155754
155755
155756
155757
155758
155759
155760
155761
155762
155763
155764
155765
155766
155767
155768
155769
155770
155771
155772
155773
155774
155775
155776
155777
155778
155779
155780
155781
155782
155783
155784
155785
155786
155787
155788
155789
155790
155791
155792
155793
155794
155795
155796
155797
155798
155799
155800
155801
155802
155803
155804
155805
155806
155807
155808
155809
155810
155811
155812
155813
155814
155815
155816
155817
155818
155819
155820
155821
155822
155823
155824
155825
155826
155827
155828
155829
155830
155831
155832
155833
155834
155835
155836
155837
155838
155839
155840
155841
155842
155843
155844
155845
155846
155847
155848
155849
155850
155851
155852
155853
155854
155855
155856
155857
155858
155859
155860
155861
155862
155863
155864
155865
155866
155867
155868
155869
155870
155871
155872
155873
155874
155875
155876
155877
155878
155879
155880
155881
155882
155883
155884
155885
155886
155887
155888
155889
155890
155891
155892
155893
155894
155895
155896
155897
155898
155899
155900
155901
155902
155903
155904
155905
155906
155907
155908
155909
155910
155911
155912
155913
155914
155915
155916
155917
155918
155919
155920
155921
155922
155923
155924
155925
155926
155927
155928
155929
155930
155931
155932
155933
155934
155935
155936
155937
155938
155939
155940
155941
155942
155943
155944
155945
155946
155947
155948
155949
155950
155951
155952
155953
155954
155955
155956
155957
155958
155959
155960
155961
155962
155963
155964
155965
155966
155967
155968
155969
155970
155971
155972
155973
155974
155975
155976
155977
155978
155979
155980
155981
155982
155983
155984
155985
155986
155987
155988
155989
155990
155991
155992
155993
155994
155995
155996
155997
155998
155999
156000
156001
156002
156003
156004
156005
156006
156007
156008
156009
156010
156011
156012
156013
156014
156015
156016
156017
156018
156019
156020
156021
156022
156023
156024
156025
156026
156027
156028
156029
156030
156031
156032
156033
156034
156035
156036
156037
156038
156039
156040
156041
156042
156043
156044
156045
156046
156047
156048
156049
156050
156051
156052
156053
156054
156055
156056
156057
156058
156059
156060
156061
156062
156063
156064
156065
156066
156067
156068
156069
156070
156071
156072
156073
156074
156075
156076
156077
156078
156079
156080
156081
156082
156083
156084
156085
156086
156087
156088
156089
156090
156091
156092
156093
156094
156095
156096
156097
156098
156099
156100
156101
156102
156103
156104
156105
156106
156107
156108
156109
156110
156111
156112
156113
156114
156115
156116
156117
156118
156119
156120
156121
156122
156123
156124
156125
156126
156127
156128
156129
156130
156131
156132
156133
156134
156135
156136
156137
156138
156139
156140
156141
156142
156143
156144
156145
156146
156147
156148
156149
156150
156151
156152
156153
156154
156155
156156
156157
156158
156159
156160
156161
156162
156163
156164
156165
156166
156167
156168
156169
156170
156171
156172
156173
156174
156175
156176
156177
156178
156179
156180
156181
156182
156183
156184
156185
156186
156187
156188
156189
156190
156191
156192
156193
156194
156195
156196
156197
156198
156199
156200
156201
156202
156203
156204
156205
156206
156207
156208
156209
156210
156211
156212
156213
156214
156215
156216
156217
156218
156219
156220
156221
156222
156223
156224
156225
156226
156227
156228
156229
156230
156231
156232
156233
156234
156235
156236
156237
156238
156239
156240
156241
156242
156243
156244
156245
156246
156247
156248
156249
156250
156251
156252
156253
156254
156255
156256
156257
156258
156259
156260
156261
156262
156263
156264
156265
156266
156267
156268
156269
156270
156271
156272
156273
156274
156275
156276
156277
156278
156279
156280
156281
156282
156283
156284
156285
156286
156287
156288
156289
156290
156291
156292
156293
156294
156295
156296
156297
156298
156299
156300
156301
156302
156303
156304
156305
156306
156307
156308
156309
156310
156311
156312
156313
156314
156315
156316
156317
156318
156319
156320
156321
156322
156323
156324
156325
156326
156327
156328
156329
156330
156331
156332
156333
156334
156335
156336
156337
156338
156339
156340
156341
156342
156343
156344
156345
156346
156347
156348
156349
156350
156351
156352
156353
156354
156355
156356
156357
156358
156359
156360
156361
156362
156363
156364
156365
156366
156367
156368
156369
156370
156371
156372
156373
156374
156375
156376
156377
156378
156379
156380
156381
156382
156383
156384
156385
156386
156387
156388
156389
156390
156391
156392
156393
156394
156395
156396
156397
156398
156399
156400
156401
156402
156403
156404
156405
156406
156407
156408
156409
156410
156411
156412
156413
156414
156415
156416
156417
156418
156419
156420
156421
156422
156423
156424
156425
156426
156427
156428
156429
156430
156431
156432
156433
156434
156435
156436
156437
156438
156439
156440
156441
156442
156443
156444
156445
156446
156447
156448
156449
156450
156451
156452
156453
156454
156455
156456
156457
156458
156459
156460
156461
156462
156463
156464
156465
156466
156467
156468
156469
156470
156471
156472
156473
156474
156475
156476
156477
156478
156479
156480
156481
156482
156483
156484
156485
156486
156487
156488
156489
156490
156491
156492
156493
156494
156495
156496
156497
156498
156499
156500
156501
156502
156503
156504
156505
156506
156507
156508
156509
156510
156511
156512
156513
156514
156515
156516
156517
156518
156519
156520
156521
156522
156523
156524
156525
156526
156527
156528
156529
156530
156531
156532
156533
156534
156535
156536
156537
156538
156539
156540
156541
156542
156543
156544
156545
156546
156547
156548
156549
156550
156551
156552
156553
156554
156555
156556
156557
156558
156559
156560
156561
156562
156563
156564
156565
156566
156567
156568
156569
156570
156571
156572
156573
156574
156575
156576
156577
156578
156579
156580
156581
156582
156583
156584
156585
156586
156587
156588
156589
156590
156591
156592
156593
156594
156595
156596
156597
156598
156599
156600
156601
156602
156603
156604
156605
156606
156607
156608
156609
156610
156611
156612
156613
156614
156615
156616
156617
156618
156619
156620
156621
156622
156623
156624
156625
156626
156627
156628
156629
156630
156631
156632
156633
156634
156635
156636
156637
156638
156639
156640
156641
156642
156643
156644
156645
156646
156647
156648
156649
156650
156651
156652
156653
156654
156655
156656
156657
156658
156659
156660
156661
156662
156663
156664
156665
156666
156667
156668
156669
156670
156671
156672
156673
156674
156675
156676
156677
156678
156679
156680
156681
156682
156683
156684
156685
156686
156687
156688
156689
156690
156691
156692
156693
156694
156695
156696
156697
156698
156699
156700
156701
156702
156703
156704
156705
156706
156707
156708
156709
156710
156711
156712
156713
156714
156715
156716
156717
156718
156719
156720
156721
156722
156723
156724
156725
156726
156727
156728
156729
156730
156731
156732
156733
156734
156735
156736
156737
156738
156739
156740
156741
156742
156743
156744
156745
156746
156747
156748
156749
156750
156751
156752
156753
156754
156755
156756
156757
156758
156759
156760
156761
156762
156763
156764
156765
156766
156767
156768
156769
156770
156771
156772
156773
156774
156775
156776
156777
156778
156779
156780
156781
156782
156783
156784
156785
156786
156787
156788
156789
156790
156791
156792
156793
156794
156795
156796
156797
156798
156799
156800
156801
156802
156803
156804
156805
156806
156807
156808
156809
156810
156811
156812
156813
156814
156815
156816
156817
156818
156819
156820
156821
156822
156823
156824
156825
156826
156827
156828
156829
156830
156831
156832
156833
156834
156835
156836
156837
156838
156839
156840
156841
156842
156843
156844
156845
156846
156847
156848
156849
156850
156851
156852
156853
156854
156855
156856
156857
156858
156859
156860
156861
156862
156863
156864
156865
156866
156867
156868
156869
156870
156871
156872
156873
156874
156875
156876
156877
156878
156879
156880
156881
156882
156883
156884
156885
156886
156887
156888
156889
156890
156891
156892
156893
156894
156895
156896
156897
156898
156899
156900
156901
156902
156903
156904
156905
156906
156907
156908
156909
156910
156911
156912
156913
156914
156915
156916
156917
156918
156919
156920
156921
156922
156923
156924
156925
156926
156927
156928
156929
156930
156931
156932
156933
156934
156935
156936
156937
156938
156939
156940
156941
156942
156943
156944
156945
156946
156947
156948
156949
156950
156951
156952
156953
156954
156955
156956
156957
156958
156959
156960
156961
156962
156963
156964
156965
156966
156967
156968
156969
156970
156971
156972
156973
156974
156975
156976
156977
156978
156979
156980
156981
156982
156983
156984
156985
156986
156987
156988
156989
156990
156991
156992
156993
156994
156995
156996
156997
156998
156999
157000
157001
157002
157003
157004
157005
157006
157007
157008
157009
157010
157011
157012
157013
157014
157015
157016
157017
157018
157019
157020
157021
157022
157023
157024
157025
157026
157027
157028
157029
157030
157031
157032
157033
157034
157035
157036
157037
157038
157039
157040
157041
157042
157043
157044
157045
157046
157047
157048
157049
157050
157051
157052
157053
157054
157055
157056
157057
157058
157059
157060
157061
157062
157063
157064
157065
157066
157067
157068
157069
157070
157071
157072
157073
157074
157075
157076
157077
157078
157079
157080
157081
157082
157083
157084
157085
157086
157087
157088
157089
157090
157091
157092
157093
157094
157095
157096
157097
157098
157099
157100
157101
157102
157103
157104
157105
157106
157107
157108
157109
157110
157111
157112
157113
157114
157115
157116
157117
157118
157119
157120
157121
157122
157123
157124
157125
157126
157127
157128
157129
157130
157131
157132
157133
157134
157135
157136
157137
157138
157139
157140
157141
157142
157143
157144
157145
157146
157147
157148
157149
157150
157151
157152
157153
157154
157155
157156
157157
157158
157159
157160
157161
157162
157163
157164
157165
157166
157167
157168
157169
157170
157171
157172
157173
157174
157175
157176
157177
157178
157179
157180
157181
157182
157183
157184
157185
157186
157187
157188
157189
157190
157191
157192
157193
157194
157195
157196
157197
157198
157199
157200
157201
157202
157203
157204
157205
157206
157207
157208
157209
157210
157211
157212
157213
157214
157215
157216
157217
157218
157219
157220
157221
157222
157223
157224
157225
157226
157227
157228
157229
157230
157231
157232
157233
157234
157235
157236
157237
157238
157239
157240
157241
157242
157243
157244
157245
157246
157247
157248
157249
157250
157251
157252
157253
157254
157255
157256
157257
157258
157259
157260
157261
157262
157263
157264
157265
157266
157267
157268
157269
157270
157271
157272
157273
157274
157275
157276
157277
157278
157279
157280
157281
157282
157283
157284
157285
157286
157287
157288
157289
157290
157291
157292
157293
157294
157295
157296
157297
157298
157299
157300
157301
157302
157303
157304
157305
157306
157307
157308
157309
157310
157311
157312
157313
157314
157315
157316
157317
157318
157319
157320
157321
157322
157323
157324
157325
157326
157327
157328
157329
157330
157331
157332
157333
157334
157335
157336
157337
157338
157339
157340
157341
157342
157343
157344
157345
157346
157347
157348
157349
157350
157351
157352
157353
157354
157355
157356
157357
157358
157359
157360
157361
157362
157363
157364
157365
157366
157367
157368
157369
157370
157371
157372
157373
157374
157375
157376
157377
157378
157379
157380
157381
157382
157383
157384
157385
157386
157387
157388
157389
157390
157391
157392
157393
157394
157395
157396
157397
157398
157399
157400
157401
157402
157403
157404
157405
157406
157407
157408
157409
157410
157411
157412
157413
157414
157415
157416
157417
157418
157419
157420
157421
157422
157423
157424
157425
157426
157427
157428
157429
157430
157431
157432
157433
157434
157435
157436
157437
157438
157439
157440
157441
157442
157443
157444
157445
157446
157447
157448
157449
157450
157451
157452
157453
157454
157455
157456
157457
157458
157459
157460
157461
157462
157463
157464
157465
157466
157467
157468
157469
157470
157471
157472
157473
157474
157475
157476
157477
157478
157479
157480
157481
157482
157483
157484
157485
157486
157487
157488
157489
157490
157491
157492
157493
157494
157495
157496
157497
157498
157499
157500
157501
157502
157503
157504
157505
157506
157507
157508
157509
157510
157511
157512
157513
157514
157515
157516
157517
157518
157519
157520
157521
157522
157523
157524
157525
157526
157527
157528
157529
157530
157531
157532
157533
157534
157535
157536
157537
157538
157539
157540
157541
157542
157543
157544
157545
157546
157547
157548
157549
157550
157551
157552
157553
157554
157555
157556
157557
157558
157559
157560
157561
157562
157563
157564
157565
157566
157567
157568
157569
157570
157571
157572
157573
157574
157575
157576
157577
157578
157579
157580
157581
157582
157583
157584
157585
157586
157587
157588
157589
157590
157591
157592
157593
157594
157595
157596
157597
157598
157599
157600
157601
157602
157603
157604
157605
157606
157607
157608
157609
157610
157611
157612
157613
157614
157615
157616
157617
157618
157619
157620
157621
157622
157623
157624
157625
157626
157627
157628
157629
157630
157631
157632
157633
157634
157635
157636
157637
157638
157639
157640
157641
157642
157643
157644
157645
157646
157647
157648
157649
157650
157651
157652
157653
157654
157655
157656
157657
157658
157659
157660
157661
157662
157663
157664
157665
157666
157667
157668
157669
157670
157671
157672
157673
157674
157675
157676
157677
157678
157679
157680
157681
157682
157683
157684
157685
157686
157687
157688
157689
157690
157691
157692
157693
157694
157695
157696
157697
157698
157699
157700
157701
157702
157703
157704
157705
157706
157707
157708
157709
157710
157711
157712
157713
157714
157715
157716
157717
157718
157719
157720
157721
157722
157723
157724
157725
157726
157727
157728
157729
157730
157731
157732
157733
157734
157735
157736
157737
157738
157739
157740
157741
157742
157743
157744
157745
157746
157747
157748
157749
157750
157751
157752
157753
157754
157755
157756
157757
157758
157759
157760
157761
157762
157763
157764
157765
157766
157767
157768
157769
157770
157771
157772
157773
157774
157775
157776
157777
157778
157779
157780
157781
157782
157783
157784
157785
157786
157787
157788
157789
157790
157791
157792
157793
157794
157795
157796
157797
157798
157799
157800
157801
157802
157803
157804
157805
157806
157807
157808
157809
157810
157811
157812
157813
157814
157815
157816
157817
157818
157819
157820
157821
157822
157823
157824
157825
157826
157827
157828
157829
157830
157831
157832
157833
157834
157835
157836
157837
157838
157839
157840
157841
157842
157843
157844
157845
157846
157847
157848
157849
157850
157851
157852
157853
157854
157855
157856
157857
157858
157859
157860
157861
157862
157863
157864
157865
157866
157867
157868
157869
157870
157871
157872
157873
157874
157875
157876
157877
157878
157879
157880
157881
157882
157883
157884
157885
157886
157887
157888
157889
157890
157891
157892
157893
157894
157895
157896
157897
157898
157899
157900
157901
157902
157903
157904
157905
157906
157907
157908
157909
157910
157911
157912
157913
157914
157915
157916
157917
157918
157919
157920
157921
157922
157923
157924
157925
157926
157927
157928
157929
157930
157931
157932
157933
157934
157935
157936
157937
157938
157939
157940
157941
157942
157943
157944
157945
157946
157947
157948
157949
157950
157951
157952
157953
157954
157955
157956
157957
157958
157959
157960
157961
157962
157963
157964
157965
157966
157967
157968
157969
157970
157971
157972
157973
157974
157975
157976
157977
157978
157979
157980
157981
157982
157983
157984
157985
157986
157987
157988
157989
157990
157991
157992
157993
157994
157995
157996
157997
157998
157999
158000
158001
158002
158003
158004
158005
158006
158007
158008
158009
158010
158011
158012
158013
158014
158015
158016
158017
158018
158019
158020
158021
158022
158023
158024
158025
158026
158027
158028
158029
158030
158031
158032
158033
158034
158035
158036
158037
158038
158039
158040
158041
158042
158043
158044
158045
158046
158047
158048
158049
158050
158051
158052
158053
158054
158055
158056
158057
158058
158059
158060
158061
158062
158063
158064
158065
158066
158067
158068
158069
158070
158071
158072
158073
158074
158075
158076
158077
158078
158079
158080
158081
158082
158083
158084
158085
158086
158087
158088
158089
158090
158091
158092
158093
158094
158095
158096
158097
158098
158099
158100
158101
158102
158103
158104
158105
158106
158107
158108
158109
158110
158111
158112
158113
158114
158115
158116
158117
158118
158119
158120
158121
158122
158123
158124
158125
158126
158127
158128
158129
158130
158131
158132
158133
158134
158135
158136
158137
158138
158139
158140
158141
158142
158143
158144
158145
158146
158147
158148
158149
158150
158151
158152
158153
158154
158155
158156
158157
158158
158159
158160
158161
158162
158163
158164
158165
158166
158167
158168
158169
158170
158171
158172
158173
158174
176175
176176
176177
176178
176179
176180
176181
176182
176183
176184
176185
176186
176187
176188
176189
176190
176191
176192
176193
176194
176195
176196
176197
176198
176199
176200
176201
176202
176203
176204
176205
176206
176207
176208
176209
176210
176211
176212
176213
176214
176215
176216
176217
176218
176219
176220
176221
176222
176223
176224
176225
176226
176227
176228
176229
176230
176231
176232
176233
176234
176235
176236
176237
176238
176239
176240
176241
176242
176243
176244
176245
176246
176247
176248
176249
176250
176251
176252
176253
176254
176255
176256
176257
176258
176259
176260
176261
176262
176263
176264
176265
176266
176267
176268
176269
176270
176271
176272
176273
176274
176275
176276
176277
176278
176279
176280
176281
176282
176283
176284
176285
176286
176287
176288
176289
176290
176291
176292
176293
176294
176295
176296
176297
176298
176299
176300
176301
176302
176303
176304
176305
176306
176307
176308
176309
176310
176311
176312
176313
176314
176315
176316
176317
176318
176319
176320
176321
176322
176323
176324
176325
176326
176327
176328
176329
176330
176331
176332
176333
176334
176335
176336
176337
176338
176339
176340
176341
176342
176343
176344
176345
176346
176347
176348
176349
176350
176351
176352
176353
176354
176355
176356
176357
176358
176359
176360
176361
176362
176363
176364
176365
176366
176367
176368
176369
176370
176371
176372
176373
176374
176375
176376
176377
176378
176379
176380
176381
176382
176383
176384
176385
176386
176387
176388
176389
176390
176391
176392
176393
176394
176395
176396
176397
176398
176399
176400
176401
176402
176403
176404
176405
176406
176407
176408
176409
176410
176411
176412
176413
176414
176415
176416
176417
176418
176419
176420
176421
176422
176423
176424
176425
176426
176427
176428
176429
176430
176431
176432
176433
176434
176435
176436
176437
176438
176439
176440
176441
176442
176443
176444
176445
176446
176447
176448
176449
176450
176451
176452
176453
176454
176455
176456
176457
176458
176459
176460
176461
176462
176463
176464
176465
176466
176467
176468
176469
176470
176471
176472
176473
176474
176475
176476
176477
176478
176479
176480
176481
176482
176483
176484
176485
176486
176487
176488
176489
176490
176491
176492
176493
176494
176495
176496
176497
176498
176499
176500
176501
176502
176503
176504
176505
176506
176507
176508
176509
176510
176511
176512
176513
176514
176515
176516
176517
176518
176519
176520
176521
176522
176523
176524
176525
176526
176527
176528
176529
176530
176531
176532
176533
176534
176535
176536
176537
176538
176539
176540
176541
176542
176543
176544
176545
176546
176547
176548
176549
176550
176551
176552
176553
176554
176555
176556
176557
176558
176559
176560
176561
176562
176563
176564
176565
176566
176567
176568
176569
176570
176571
176572
176573
176574
176575
176576
176577
176578
176579
176580
176581
176582
176583
176584
176585
176586
176587
176588
176589
176590
176591
176592
176593
176594
176595
176596
176597
176598
176599
176600
176601
176602
176603
176604
176605
176606
176607
176608
176609
176610
176611
176612
176613
176614
176615
176616
176617
176618
176619
176620
176621
176622
176623
176624
176625
176626
176627
176628
176629
176630
176631
176632
176633
176634
176635
176636
176637
176638
176639
176640
176641
176642
176643
176644
176645
176646
176647
176648
176649
176650
176651
176652
176653
176654
176655
176656
176657
176658
176659
176660
176661
176662
176663
176664
176665
176666
176667
176668
176669
176670
176671
176672
176673
176674
176675
176676
176677
176678
176679
176680
176681
176682
176683
176684
176685
176686
176687
176688
176689
176690
176691
176692
176693
176694
176695
176696
176697
176698
176699
176700
176701
176702
176703
176704
176705
176706
176707
176708
176709
176710
176711
176712
176713
176714
176715
176716
176717
176718
176719
176720
176721
176722
176723
176724
176725
176726
176727
176728
176729
176730
176731
176732
176733
176734
176735
176736
176737
176738
176739
176740
176741
176742
176743
176744
176745
176746
176747
176748
176749
176750
176751
176752
176753
176754
176755
176756
176757
176758
176759
176760
176761
176762
176763
176764
176765
176766
176767
176768
176769
176770
176771
176772
176773
176774
176775
176776
176777
176778
176779
176780
176781
176782
176783
176784
176785
176786
176787
176788
176789
176790
176791
176792
176793
176794
176795
176796
176797
176798
176799
176800
176801
176802
176803
176804
176805
176806
176807
176808
176809
176810
176811
176812
176813
176814
176815
176816
176817
176818
176819
176820
176821
176822
176823
176824
176825
176826
176827
176828
176829
176830
176831
176832
176833
176834
176835
176836
176837
176838
176839
176840
176841
176842
176843
176844
176845
176846
176847
176848
176849
176850
176851
176852
176853
176854
176855
176856
176857
176858
176859
176860
176861
176862
176863
176864
176865
176866
176867
176868
176869
176870
176871
176872
176873
176874
176875
176876
176877
176878
176879
176880
176881
176882
176883
176884
176885
176886
176887
176888
176889
176890
176891
176892
176893
176894
176895
176896
176897
176898
176899
176900
176901
176902
176903
176904
176905
176906
176907
176908
176909
176910
176911
176912
176913
176914
176915
176916
176917
176918
176919
176920
176921
176922
176923
176924
176925
176926
176927
176928
176929
176930
176931
176932
176933
176934
176935
176936
176937
176938
176939
176940
176941
176942
176943
176944
176945
176946
176947
176948
176949
176950
176951
176952
176953
176954
176955
176956
176957
176958
176959
176960
176961
176962
176963
176964
176965
176966
176967
176968
176969
176970
176971
176972
176973
176974
176975
176976
176977
176978
176979
176980
176981
176982
176983
176984
176985
176986
176987
176988
176989
176990
176991
176992
176993
176994
176995
176996
176997
176998
176999
177000
177001
177002
177003
177004
177005
177006
177007
177008
177009
177010
177011
177012
177013
177014
177015
177016
177017
177018
177019
177020
177021
177022
177023
177024
177025
177026
177027
177028
177029
177030
177031
177032
177033
177034
177035
177036
177037
177038
177039
177040
177041
177042
177043
177044
177045
177046
177047
177048
177049
177050
177051
177052
177053
177054
177055
177056
177057
177058
177059
177060
177061
177062
177063
177064
177065
177066
177067
177068
177069
177070
177071
177072
177073
177074
177075
177076
177077
177078
177079
177080
177081
177082
177083
177084
177085
177086
177087
177088
177089
177090
177091
177092
177093
177094
177095
177096
177097
177098
177099
177100
177101
177102
177103
177104
177105
177106
177107
177108
177109
177110
177111
177112
177113
177114
177115
177116
177117
177118
177119
177120
177121
177122
177123
177124
177125
177126
177127
177128
177129
177130
177131
177132
177133
177134
177135
177136
177137
177138
177139
177140
177141
177142
177143
177144
177145
177146
177147
177148
177149
177150
177151
177152
177153
177154
177155
177156
177157
177158
177159
177160
177161
177162
177163
177164
177165
177166
177167
177168
177169
177170
177171
177172
177173
177174
177175
177176
177177
177178
177179
177180
177181
177182
177183
177184
177185
177186
177187
177188
177189
177190
177191
177192
177193
177194
177195
177196
177197
177198
177199
177200
177201
177202
177203
177204
177205
177206
177207
177208
177209
177210
177211
177212
177213
177214
177215
177216
177217
177218
177219
177220
177221
177222
177223
177224
177225
177226
177227
177228
177229
177230
177231
177232
177233
177234
177235
177236
177237
177238
177239
177240
177241
177242
177243
177244
177245
177246
177247
177248
177249
177250
177251
177252
177253
177254
177255
177256
177257
177258
177259
177260
177261
177262
177263
177264
177265
177266
177267
177268
177269
177270
177271
177272
177273
177274
177275
177276
177277
177278
177279
177280
177281
177282
177283
177284
177285
177286
177287
177288
177289
177290
177291
177292
177293
177294
177295
177296
177297
177298
177299
177300
177301
177302
177303
177304
177305
177306
177307
177308
177309
177310
177311
177312
177313
177314
177315
177316
177317
177318
177319
177320
177321
177322
177323
177324
177325
177326
177327
177328
177329
177330
177331
177332
177333
177334
177335
177336
177337
177338
177339
177340
177341
177342
177343
177344
177345
177346
177347
177348
177349
177350
177351
177352
177353
177354
177355
177356
177357
177358
177359
177360
177361
177362
177363
177364
177365
177366
177367
177368
177369
177370
177371
177372
177373
177374
177375
177376
177377
177378
177379
177380
177381
177382
177383
177384
177385
177386
177387
177388
177389
177390
177391
177392
177393
177394
177395
177396
177397
177398
177399
177400
177401
177402
177403
177404
177405
177406
177407
177408
177409
177410
177411
177412
177413
177414
177415
177416
177417
177418
177419
177420
177421
177422
177423
177424
177425
177426
177427
177428
177429
177430
177431
177432
177433
177434
177435
177436
177437
177438
177439
177440
177441
177442
177443
177444
177445
177446
177447
177448
177449
177450
177451
177452
177453
177454
177455
177456
177457
177458
177459
177460
177461
177462
177463
177464
177465
177466
177467
177468
177469
177470
177471
177472
177473
177474
177475
177476
177477
177478
177479
177480
177481
177482
177483
177484
177485
177486
177487
177488
177489
177490
177491
177492
177493
177494
177495
177496
177497
177498
177499
177500
177501
177502
177503
177504
177505
177506
177507
177508
177509
177510
177511
177512
177513
177514
177515
177516
177517
177518
177519
177520
177521
177522
177523
177524
177525
177526
177527
177528
177529
177530
177531
177532
177533
177534
177535
177536
177537
177538
177539
177540
177541
177542
177543
177544
177545
177546
177547
177548
177549
177550
177551
177552
177553
177554
177555
177556
177557
177558
177559
177560
177561
177562
177563
177564
177565
177566
177567
177568
177569
177570
177571
177572
177573
177574
177575
177576
177577
177578
177579
177580
177581
177582
177583
177584
177585
177586
177587
177588
177589
177590
177591
177592
177593
177594
177595
177596
177597
177598
177599
177600
177601
177602
177603
177604
177605
177606
177607
177608
177609
177610
177611
177612
177613
177614
177615
177616
177617
177618
177619
177620
177621
177622
177623
177624
177625
177626
177627
177628
177629
177630
177631
177632
177633
177634
177635
177636
177637
177638
177639
177640
177641
177642
177643
177644
177645
177646
177647
177648
177649
177650
177651
177652
177653
177654
177655
177656
177657
177658
177659
177660
177661
177662
177663
177664
177665
177666
177667
177668
177669
177670
177671
177672
177673
177674
177675
177676
177677
177678
177679
177680
177681
177682
177683
177684
177685
177686
177687
177688
177689
177690
177691
177692
177693
177694
177695
177696
177697
177698
177699
177700
177701
177702
177703
177704
177705
177706
177707
177708
177709
177710
177711
177712
177713
177714
177715
177716
177717
177718
177719
177720
177721
177722
177723
177724
177725
177726
177727
177728
177729
177730
177731
177732
177733
177734
177735
177736
177737
177738
177739
177740
177741
177742
177743
177744
177745
177746
177747
177748
177749
177750
177751
177752
177753
177754
177755
177756
177757
177758
177759
177760
177761
177762
177763
177764
177765
177766
177767
177768
177769
177770
177771
177772
177773
177774
177775
177776
177777
177778
177779
177780
177781
177782
177783
177784
177785
177786
177787
177788
177789
177790
177791
177792
177793
177794
177795
177796
177797
177798
177799
177800
177801
177802
177803
177804
177805
177806
177807
177808
177809
177810
177811
177812
177813
177814
177815
177816
177817
177818
177819
177820
177821
177822
177823
177824
177825
177826
177827
177828
177829
177830
177831
177832
177833
177834
177835
177836
177837
177838
177839
177840
177841
177842
177843
177844
177845
177846
177847
177848
177849
177850
177851
177852
177853
177854
177855
177856
177857
177858
177859
177860
177861
177862
177863
177864
177865
177866
177867
177868
177869
177870
177871
177872
177873
177874
177875
177876
177877
177878
177879
177880
177881
177882
177883
177884
177885
177886
177887
177888
177889
177890
177891
177892
177893
177894
177895
177896
177897
177898
177899
177900
177901
177902
177903
177904
177905
177906
177907
177908
177909
177910
177911
177912
177913
177914
177915
177916
177917
177918
177919
177920
177921
177922
177923
177924
177925
177926
177927
177928
177929
177930
177931
177932
177933
177934
177935
177936
177937
177938
177939
177940
177941
177942
177943
177944
177945
177946
177947
177948
177949
177950
177951
177952
177953
177954
177955
177956
177957
177958
177959
177960
177961
177962
177963
177964
177965
177966
177967
177968
177969
177970
177971
177972
177973
177974
177975
177976
177977
177978
177979
177980
177981
177982
177983
177984
177985
177986
177987
177988
177989
177990
177991
177992
177993
177994
177995
177996
177997
177998
177999
178000
178001
178002
178003
178004
178005
178006
178007
178008
178009
178010
178011
178012
178013
178014
178015
178016
178017
178018
178019
178020
178021
178022
178023
178024
178025
178026
178027
178028
178029
178030
178031
178032
178033
178034
178035
178036
178037
178038
178039
178040
178041
178042
178043
178044
178045
178046
178047
178048
178049
178050
178051
178052
178053
178054
178055
178056
178057
178058
178059
178060
178061
178062
178063
178064
178065
178066
178067
178068
178069
178070
178071
178072
178073
178074
178075
178076
178077
178078
178079
178080
178081
178082
178083
178084
178085
178086
178087
178088
178089
178090
178091
178092
178093
178094
178095
178096
178097
178098
178099
178100
178101
178102
178103
178104
178105
178106
178107
178108
178109
178110
178111
178112
178113
178114
178115
178116
178117
178118
178119
178120
178121
178122
178123
178124
178125
178126
178127
178128
178129
178130
178131
178132
178133
178134
178135
178136
178137
178138
178139
178140
178141
178142
178143
178144
178145
178146
178147
178148
178149
178150
178151
178152
178153
178154
178155
178156
178157
178158
178159
178160
178161
178162
178163
178164
178165
178166
178167
178168
178169
178170
178171
178172
178173
178174
178175
178176
178177
178178
178179
178180
178181
178182
178183
178184
178185
178186
178187
178188
178189
178190
178191
178192
178193
178194
178195
178196
178197
178198
178199
178200
178201
178202
178203
178204
178205
178206
178207
178208
178209
178210
178211
178212
178213
178214
178215
178216
178217
178218
178219
178220
178221
178222
178223
178224
178225
178226
178227
178228
178229
178230
178231
178232
178233
178234
178235
178236
178237
178238
178239
178240
178241
178242
178243
178244
178245
178246
178247
178248
178249
178250
178251
178252
178253
178254
178255
178256
178257
178258
178259
178260
178261
178262
178263
178264
178265
178266
178267
178268
178269
178270
178271
178272
178273
178274
178275
178276
178277
178278
178279
178280
178281
178282
178283
178284
178285
178286
178287
178288
178289
178290
178291
178292
178293
178294
178295
178296
178297
178298
178299
178300
178301
178302
178303
178304
178305
178306
178307
178308
178309
178310
178311
178312
178313
178314
178315
178316
178317
178318
178319
178320
178321
178322
178323
178324
178325
178326
178327
178328
178329
178330
178331
178332
178333
178334
178335
178336
178337
178338
178339
178340
178341
178342
178343
178344
178345
178346
178347
178348
178349
178350
178351
178352
178353
178354
178355
178356
178357
178358
178359
178360
178361
178362
178363
178364
178365
178366
178367
178368
178369
178370
178371
178372
178373
178374
178375
178376
178377
178378
178379
178380
178381
178382
178383
178384
178385
178386
178387
178388
178389
178390
178391
178392
178393
178394
178395
178396
178397
178398
178399
178400
178401
178402
178403
178404
178405
178406
178407
178408
178409
178410
178411
178412
178413
178414
178415
178416
178417
178418
178419
178420
178421
178422
178423
178424
178425
178426
178427
178428
178429
178430
178431
178432
178433
178434
178435
178436
178437
178438
178439
178440
178441
178442
178443
178444
178445
178446
178447
178448
178449
178450
178451
178452
178453
178454
178455
178456
178457
178458
178459
178460
178461
178462
178463
178464
178465
178466
178467
178468
178469
178470
178471
178472
178473
178474
178475
178476
178477
178478
178479
178480
178481
178482
178483
178484
178485
178486
178487
178488
178489
178490
178491
178492
178493
178494
178495
178496
178497
178498
178499
178500
178501
178502
178503
178504
178505
178506
178507
178508
178509
178510
178511
178512
178513
178514
178515
178516
178517
178518
178519
178520
178521
178522
178523
178524
178525
178526
178527
178528
178529
178530
178531
178532
178533
178534
178535
178536
178537
178538
178539
178540
178541
178542
178543
178544
178545
178546
178547
178548
178549
178550
178551
178552
178553
178554
178555
178556
178557
178558
178559
178560
178561
178562
178563
178564
178565
178566
178567
178568
178569
178570
178571
178572
178573
178574
178575
178576
178577
178578
178579
178580
178581
178582
178583
178584
178585
178586
178587
178588
178589
178590
178591
178592
178593
178594
178595
178596
178597
178598
178599
178600
178601
178602
178603
178604
178605
178606
178607
178608
178609
178610
178611
178612
178613
178614
178615
178616
178617
178618
178619
178620
178621
178622
178623
178624
178625
178626
178627
178628
178629
178630
178631
178632
178633
178634
178635
178636
178637
178638
178639
178640
178641
178642
178643
178644
178645
178646
178647
178648
178649
178650
178651
178652
178653
178654
178655
178656
178657
178658
178659
178660
178661
178662
178663
178664
178665
178666
178667
178668
178669
178670
178671
178672
178673
178674
178675
178676
178677
178678
178679
178680
178681
178682
178683
178684
178685
178686
178687
178688
178689
178690
178691
178692
178693
178694
178695
178696
178697
178698
178699
178700
178701
178702
178703
178704
178705
178706
178707
178708
178709
178710
178711
178712
178713
178714
178715
178716
178717
178718
178719
178720
178721
178722
178723
178724
178725
178726
178727
178728
178729
178730
178731
178732
178733
178734
178735
178736
178737
178738
178739
178740
178741
178742
178743
178744
178745
178746
178747
178748
178749
178750
178751
178752
178753
178754
178755
178756
178757
178758
178759
178760
178761
178762
178763
178764
178765
178766
178767
178768
178769
178770
178771
178772
178773
178774
178775
178776
178777
178778
178779
178780
178781
178782
178783
178784
178785
178786
178787
178788
178789
178790
178791
178792
178793
178794
178795
178796
178797
178798
178799
178800
178801
178802
178803
178804
178805
178806
178807
178808
178809
178810
178811
178812
178813
178814
178815
178816
178817
178818
178819
178820
178821
178822
178823
178824
178825
178826
178827
178828
178829
178830
178831
178832
178833
178834
178835
178836
178837
178838
178839
178840
178841
178842
178843
178844
178845
178846
178847
178848
178849
178850
178851
178852
178853
178854
178855
178856
178857
178858
178859
178860
178861
178862
178863
178864
178865
178866
178867
178868
178869
178870
178871
178872
178873
178874
178875
178876
178877
178878
178879
178880
178881
178882
178883
178884
178885
178886
178887
178888
178889
178890
178891
178892
178893
178894
178895
178896
178897
178898
178899
178900
178901
178902
178903
178904
178905
178906
178907
178908
178909
178910
178911
178912
178913
178914
178915
178916
178917
178918
178919
178920
178921
178922
178923
178924
178925
178926
178927
178928
178929
178930
178931
178932
178933
178934
178935
178936
178937
178938
178939
178940
178941
178942
178943
178944
178945
178946
178947
178948
178949
178950
178951
178952
178953
178954
178955
178956
178957
178958
178959
178960
178961
178962
178963
178964
178965
178966
178967
178968
178969
178970
178971
178972
178973
178974
178975
178976
178977
178978
178979
178980
178981
178982
178983
178984
178985
178986
178987
178988
178989
178990
178991
178992
178993
178994
178995
178996
178997
178998
178999
179000
179001
179002
179003
179004
179005
179006
179007
179008
179009
179010
179011
179012
179013
179014
179015
179016
179017
179018
179019
179020
179021
179022
179023
179024
179025
179026
179027
179028
179029
179030
179031
179032
179033
179034
179035
179036
179037
179038
179039
179040
179041
179042
179043
179044
179045
179046
179047
179048
179049
179050
179051
179052
179053
179054
179055
179056
179057
179058
179059
179060
179061
179062
179063
179064
179065
179066
179067
179068
179069
179070
179071
179072
179073
179074
179075
179076
179077
179078
179079
179080
179081
179082
179083
179084
179085
179086
179087
179088
179089
179090
179091
179092
179093
179094
179095
179096
179097
179098
179099
179100
179101
179102
179103
179104
179105
179106
179107
179108
179109
179110
179111
179112
179113
179114
179115
179116
179117
179118
179119
179120
179121
179122
179123
179124
179125
179126
179127
179128
179129
179130
179131
179132
179133
179134
179135
179136
179137
179138
179139
179140
179141
179142
179143
179144
179145
179146
179147
179148
179149
179150
179151
179152
179153
179154
179155
179156
179157
179158
179159
179160
179161
179162
179163
179164
179165
179166
179167
179168
179169
179170
179171
179172
179173
179174
179175
179176
179177
179178
179179
179180
179181
179182
179183
179184
179185
179186
179187
179188
179189
179190
179191
179192
179193
179194
179195
179196
179197
179198
179199
179200
179201
179202
179203
179204
179205
179206
179207
179208
179209
179210
179211
179212
179213
179214
179215
179216
179217
179218
179219
179220
179221
179222
179223
179224
179225
179226
179227
179228
179229
179230
179231
179232
179233
179234
179235
179236
179237
179238
179239
179240
179241
179242
179243
179244
179245
179246
179247
179248
179249
179250
179251
179252
179253
179254
179255
179256
179257
179258
179259
179260
179261
179262
179263
179264
179265
179266
179267
179268
179269
179270
179271
179272
179273
179274
179275
179276
179277
179278
179279
179280
179281
179282
179283
179284
179285
179286
179287
179288
179289
179290
179291
179292
179293
179294
179295
179296
179297
179298
179299
179300
179301
179302
179303
179304
179305
179306
179307
179308
179309
179310
179311
179312
179313
179314
179315
179316
179317
179318
179319
179320
179321
179322
179323
179324
179325
179326
179327
179328
179329
179330
179331
179332
179333
179334
179335
179336
179337
179338
179339
179340
179341
179342
179343
179344
179345
179346
179347
179348
179349
179350
179351
179352
179353
179354
179355
179356
179357
179358
179359
179360
179361
179362
179363
179364
179365
179366
179367
179368
179369
179370
179371
179372
179373
179374
179375
179376
179377
179378
179379
179380
179381
179382
179383
179384
179385
179386
179387
179388
179389
179390
179391
179392
179393
179394
179395
179396
179397
179398
179399
179400
179401
179402
179403
179404
179405
179406
179407
179408
179409
179410
179411
179412
179413
179414
179415
179416
179417
179418
179419
179420
179421
179422
179423
179424
179425
179426
179427
179428
179429
179430
179431
179432
179433
179434
179435
179436
179437
179438
179439
179440
179441
179442
179443
179444
179445
179446
179447
179448
179449
179450
179451
179452
179453
179454
179455
179456
179457
179458
179459
179460
179461
179462
179463
179464
179465
179466
179467
179468
179469
179470
179471
179472
179473
179474
179475
179476
179477
179478
179479
179480
179481
179482
179483
179484
179485
179486
179487
179488
179489
179490
179491
179492
179493
179494
179495
179496
179497
179498
179499
179500
179501
179502
179503
179504
179505
179506
179507
179508
179509
179510
179511
179512
179513
179514
179515
179516
179517
179518
179519
179520
179521
179522
179523
179524
179525
179526
179527
179528
179529
179530
179531
179532
179533
179534
179535
179536
179537
179538
179539
179540
179541
179542
179543
179544
179545
179546
179547
179548
179549
179550
179551
179552
179553
179554
179555
179556
179557
179558
179559
179560
179561
179562
179563
179564
179565
179566
179567
179568
179569
179570
179571
179572
179573
179574
179575
179576
179577
179578
179579
179580
179581
179582
179583
179584
179585
179586
179587
179588
179589
179590
179591
179592
179593
179594
179595
179596
179597
179598
179599
179600
179601
179602
179603
179604
179605
179606
179607
179608
179609
179610
179611
179612
179613
179614
179615
179616
179617
179618
179619
179620
179621
179622
179623
179624
179625
179626
179627
179628
179629
179630
179631
179632
179633
179634
179635
179636
179637
179638
179639
179640
179641
179642
179643
179644
179645
179646
179647
179648
179649
179650
179651
179652
179653
179654
179655
179656
179657
179658
179659
179660
179661
179662
179663
179664
179665
179666
179667
179668
179669
179670
179671
179672
179673
179674
179675
179676
179677
179678
179679
179680
179681
179682
179683
179684
179685
179686
179687
179688
179689
179690
179691
179692
179693
179694
179695
179696
179697
179698
179699
179700
179701
179702
179703
179704
179705
179706
179707
179708
179709
179710
179711
179712
179713
179714
179715
179716
179717
179718
179719
179720
179721
179722
179723
179724
179725
179726
179727
179728
179729
179730
179731
179732
179733
179734
179735
179736
179737
179738
179739
179740
179741
179742
179743
179744
179745
179746
179747
179748
179749
179750
179751
179752
179753
179754
179755
179756
179757
179758
179759
179760
179761
179762
179763
179764
179765
179766
179767
179768
179769
179770
179771
179772
179773
179774
179775
179776
179777
179778
179779
179780
179781
179782
179783
179784
179785
179786
179787
179788
179789
179790
179791
179792
179793
179794
179795
179796
179797
179798
179799
179800
179801
179802
179803
179804
179805
179806
179807
179808
179809
179810
179811
179812
179813
179814
179815
179816
179817
179818
179819
179820
179821
179822
179823
179824
179825
179826
179827
179828
179829
179830
179831
179832
179833
179834
179835
179836
179837
179838
179839
179840
179841
179842
179843
179844
179845
179846
179847
179848
179849
179850
179851
179852
179853
179854
179855
179856
179857
179858
179859
179860
179861
179862
179863
179864
179865
179866
179867
179868
179869
179870
179871
179872
179873
179874
179875
179876
179877
179878
179879
179880
179881
179882
179883
179884
179885
179886
179887
179888
179889
179890
179891
179892
179893
179894
179895
179896
179897
179898
179899
179900
179901
179902
179903
179904
179905
179906
179907
179908
179909
179910
179911
179912
179913
179914
179915
179916
179917
179918
179919
179920
179921
179922
179923
179924
179925
179926
179927
179928
179929
179930
179931
179932
179933
179934
179935
179936
179937
179938
179939
179940
179941
179942
179943
179944
179945
179946
179947
179948
179949
179950
179951
179952
179953
179954
179955
179956
179957
179958
179959
179960
179961
179962
179963
179964
179965
179966
179967
179968
179969
179970
179971
179972
179973
179974
179975
179976
179977
179978
179979
179980
179981
179982
179983
179984
179985
179986
179987
179988
179989
179990
179991
179992
179993
179994
179995
179996
179997
179998
179999
180000
180001
180002
180003
180004
180005
180006
180007
180008
180009
180010
180011
180012
180013
180014
180015
180016
180017
180018
180019
180020
180021
180022
180023
180024
180025
180026
180027
180028
180029
180030
180031
180032
180033
180034
180035
180036
180037
180038
180039
180040
180041
180042
180043
180044
180045
180046
180047
180048
180049
180050
180051
180052
180053
180054
180055
180056
180057
180058
180059
180060
180061
180062
180063
180064
180065
180066
180067
180068
180069
180070
180071
180072
180073
180074
180075
180076
180077
180078
180079
180080
180081
180082
180083
180084
180085
180086
180087
180088
180089
180090
180091
180092
180093
180094
180095
180096
180097
180098
180099
180100
180101
180102
180103
180104
180105
180106
180107
180108
180109
180110
180111
180112
180113
180114
180115
180116
180117
180118
180119
180120
180121
180122
180123
180124
180125
180126
180127
180128
180129
180130
180131
180132
180133
180134
180135
180136
180137
180138
180139
180140
180141
180142
180143
180144
180145
180146
180147
180148
180149
180150
180151
180152
180153
180154
180155
180156
180157
180158
180159
180160
180161
180162
180163
180164
180165
180166
180167
180168
180169
180170
180171
180172
180173
180174
180175
180176
180177
180178
180179
180180
180181
180182
180183
180184
180185
180186
180187
180188
180189
180190
180191
180192
180193
180194
180195
180196
180197
180198
180199
180200
180201
180202
180203
180204
180205
180206
180207
180208
180209
180210
180211
180212
180213
180214
180215
180216
180217
180218
180219
180220
180221
180222
180223
180224
180225
180226
180227
180228
180229
180230
180231
180232
180233
180234
180235
180236
180237
180238
180239
180240
180241
180242
180243
180244
180245
180246
180247
180248
180249
180250
180251
180252
180253
180254
180255
180256
180257
180258
180259
180260
180261
180262
180263
180264
180265
180266
180267
180268
180269
180270
180271
180272
180273
180274
180275
180276
180277
180278
180279
180280
180281
180282
180283
180284
180285
180286
180287
180288
180289
180290
180291
180292
180293
180294
180295
180296
180297
180298
180299
180300
180301
180302
180303
180304
180305
180306
180307
180308
180309
180310
180311
180312
180313
180314
180315
180316
180317
180318
180319
180320
180321
180322
180323
180324
180325
180326
180327
180328
180329
180330
180331
180332
180333
180334
180335
180336
180337
180338
180339
180340
180341
180342
180343
180344
180345
180346
180347
180348
180349
180350
180351
180352
180353
180354
180355
180356
180357
180358
180359
180360
180361
180362
180363
180364
180365
180366
180367
180368
180369
180370
180371
180372
180373
180374
180375
180376
180377
180378
180379
180380
180381
180382
180383
180384
180385
180386
180387
180388
180389
180390
180391
180392
180393
180394
180395
180396
180397
180398
180399
180400
180401
180402
180403
180404
180405
180406
180407
180408
180409
180410
180411
180412
180413
180414
180415
180416
180417
180418
180419
180420
180421
180422
180423
180424
180425
180426
180427
180428
180429
180430
180431
180432
180433
180434
180435
180436
180437
180438
180439
180440
180441
180442
180443
180444
180445
180446
180447
180448
180449
180450
180451
180452
180453
180454
180455
180456
180457
180458
180459
180460
180461
180462
180463
180464
180465
180466
180467
180468
180469
180470
180471
180472
180473
180474
180475
180476
180477
180478
180479
180480
180481
180482
180483
180484
180485
180486
180487
180488
180489
180490
180491
180492
180493
180494
180495
180496
180497
180498
180499
180500
180501
180502
180503
180504
180505
180506
180507
180508
180509
180510
180511
180512
180513
180514
180515
180516
180517
180518
180519
180520
180521
180522
180523
180524
180525
180526
180527
180528
180529
180530
180531
180532
180533
180534
180535
180536
180537
180538
180539
180540
180541
180542
180543
180544
180545
180546
180547
180548
180549
180550
180551
180552
180553
180554
180555
180556
180557
180558
180559
180560
180561
180562
180563
180564
180565
180566
180567
180568
180569
180570
180571
180572
180573
180574
180575
180576
180577
180578
180579
180580
180581
180582
180583
180584
180585
180586
180587
180588
180589
180590
180591
180592
180593
180594
180595
180596
180597
180598
180599
180600
180601
180602
180603
180604
180605
180606
180607
180608
180609
180610
180611
180612
180613
180614
180615
180616
180617
180618
180619
180620
180621
180622
180623
180624
180625
180626
180627
180628
180629
180630
180631
180632
180633
180634
180635
180636
180637
180638
180639
180640
180641
180642
180643
180644
180645
180646
180647
180648
180649
180650
180651
180652
180653
180654
180655
180656
180657
180658
180659
180660
180661
180662
180663
180664
180665
180666
180667
180668
180669
180670
180671
180672
180673
180674
180675
180676
180677
180678
180679
180680
180681
180682
180683
180684
180685
180686
180687
180688
180689
180690
180691
180692
180693
180694
180695
180696
180697
180698
180699
180700
180701
180702
180703
180704
180705
180706
180707
180708
180709
180710
180711
180712
180713
180714
180715
180716
180717
180718
180719
180720
180721
180722
180723
180724
180725
180726
180727
180728
180729
180730
180731
180732
180733
180734
180735
180736
180737
180738
180739
180740
180741
180742
180743
180744
180745
180746
180747
180748
180749
180750
180751
180752
180753
180754
180755
180756
180757
180758
180759
180760
180761
180762
180763
180764
180765
180766
180767
180768
180769
180770
180771
180772
180773
180774
180775
180776
180777
180778
180779
180780
180781
180782
180783
180784
180785
180786
180787
180788
180789
180790
180791
180792
180793
180794
180795
180796
180797
180798
180799
180800
180801
180802
180803
180804
180805
180806
180807
180808
180809
180810
180811
180812
180813
180814
180815
180816
180817
180818
180819
180820
180821
180822
180823
180824
180825
180826
180827
180828
180829
180830
180831
180832
180833
180834
180835
180836
180837
180838
180839
180840
180841
180842
180843
180844
180845
180846
180847
180848
180849
180850
180851
180852
180853
180854
180855
180856
180857
180858
180859
180860
180861
180862
180863
180864
180865
180866
180867
180868
180869
180870
180871
180872
180873
180874
180875
180876
180877
180878
180879
180880
180881
180882
180883
180884
180885
180886
180887
180888
180889
180890
180891
180892
180893
180894
180895
180896
180897
180898
180899
180900
180901
180902
180903
180904
180905
180906
180907
180908
180909
180910
180911
180912
180913
180914
180915
180916
180917
180918
180919
180920
180921
180922
180923
180924
180925
180926
180927
180928
180929
180930
180931
180932
180933
180934
180935
180936
180937
180938
180939
180940
180941
180942
180943
180944
180945
180946
180947
180948
180949
180950
180951
180952
180953
180954
180955
180956
180957
180958
180959
180960
180961
180962
180963
180964
180965
180966
180967
180968
180969
180970
180971
180972
180973
180974
180975
180976
180977
180978
180979
180980
180981
180982
180983
180984
180985
180986
180987
180988
180989
180990
180991
180992
180993
180994
180995
180996
180997
180998
180999
181000
181001
181002
181003
181004
181005
181006
181007
181008
181009
181010
181011
181012
181013
181014
181015
181016
181017
181018
181019
181020
181021
181022
181023
181024
181025
181026
181027
181028
181029
181030
181031
181032
181033
181034
181035
181036
181037
181038
181039
181040
181041
181042
181043
181044
181045
181046
181047
181048
181049
181050
181051
181052
181053
181054
181055
181056
181057
181058
181059
181060
181061
181062
181063
181064
181065
181066
181067
181068
181069
181070
181071
181072
181073
181074
181075
181076
181077
181078
181079
181080
181081
181082
181083
181084
181085
181086
181087
181088
181089
181090
181091
181092
181093
181094
181095
181096
181097
181098
181099
181100
181101
181102
181103
181104
181105
181106
181107
181108
181109
181110
181111
181112
181113
181114
181115
181116
181117
181118
181119
181120
181121
181122
181123
181124
181125
181126
181127
181128
181129
181130
181131
181132
181133
181134
181135
181136
181137
181138
181139
181140
181141
181142
181143
181144
181145
181146
181147
181148
181149
181150
181151
181152
181153
181154
181155
181156
181157
181158
181159
181160
181161
181162
181163
181164
181165
181166
181167
181168
181169
181170
181171
181172
181173
181174
181175
181176
181177
181178
181179
181180
181181
181182
181183
181184
181185
181186
181187
181188
181189
181190
181191
181192
181193
181194
181195
181196
181197
181198
181199
181200
181201
181202
181203
181204
181205
181206
181207
181208
181209
181210
181211
181212
181213
181214
181215
181216
181217
181218
181219
181220
181221
181222
181223
181224
181225
181226
181227
181228
181229
181230
181231
181232
181233
181234
181235
181236
181237
181238
181239
181240
181241
181242
181243
181244
181245
181246
181247
181248
181249
181250
181251
181252
181253
181254
181255
181256
181257
181258
181259
181260
181261
181262
181263
181264
181265
181266
181267
181268
181269
181270
181271
181272
181273
181274
181275
181276
181277
181278
181279
181280
181281
181282
181283
181284
181285
181286
181287
181288
181289
181290
181291
181292
181293
181294
181295
181296
181297
181298
181299
181300
181301
181302
181303
181304
181305
181306
181307
181308
181309
181310
181311
181312
181313
181314
181315
181316
181317
181318
181319
181320
181321
181322
181323
181324
181325
181326
181327
181328
181329
181330
181331
181332
181333
181334
181335
181336
181337
181338
181339
181340
181341
181342
181343
181344
181345
181346
181347
181348
181349
181350
181351
181352
181353
181354
181355
181356
181357
181358
181359
181360
181361
181362
181363
181364
181365
181366
181367
181368
181369
181370
181371
181372
181373
181374
181375
181376
181377
181378
181379
181380
181381
181382
181383
181384
181385
181386
181387
181388
181389
181390
181391
181392
181393
181394
181395
181396
181397
181398
181399
181400
181401
181402
181403
181404
181405
181406
181407
181408
181409
181410
181411
181412
181413
181414
181415
181416
181417
181418
181419
181420
181421
181422
181423
181424
181425
181426
181427
181428
181429
181430
181431
181432
181433
181434
181435
181436
181437
181438
181439
181440
181441
181442
181443
181444
181445
181446
181447
181448
181449
181450
181451
181452
181453
181454
181455
181456
181457
181458
181459
181460
181461
181462
181463
181464
181465
181466
181467
181468
181469
181470
181471
181472
181473
181474
181475
181476
181477
181478
181479
181480
181481
181482
181483
181484
181485
181486
181487
181488
181489
181490
181491
181492
181493
181494
181495
181496
181497
181498
181499
181500
181501
181502
181503
181504
181505
181506
181507
181508
181509
181510
181511
181512
181513
181514
181515
181516
181517
181518
181519
181520
181521
181522
181523
181524
181525
181526
181527
181528
181529
181530
181531
181532
181533
181534
181535
181536
181537
181538
181539
181540
181541
181542
181543
181544
181545
181546
181547
181548
181549
181550
181551
181552
181553
181554
181555
181556
181557
181558
181559
181560
181561
181562
181563
181564
181565
181566
181567
181568
181569
181570
181571
181572
181573
181574
181575
181576
181577
181578
181579
181580
181581
181582
181583
181584
181585
181586
181587
181588
181589
181590
181591
181592
181593
181594
181595
181596
181597
181598
181599
181600
181601
181602
181603
181604
181605
181606
181607
181608
181609
181610
181611
181612
181613
181614
181615
181616
181617
181618
181619
181620
181621
181622
181623
181624
181625
181626
181627
181628
181629
181630
181631
181632
181633
181634
181635
181636
181637
181638
181639
181640
181641
181642
181643
181644
181645
181646
181647
181648
181649
181650
181651
181652
181653
181654
181655
181656
181657
181658
181659
181660
181661
181662
181663
181664
181665
181666
181667
181668
181669
181670
181671
181672
181673
181674
181675
181676
181677
181678
181679
181680
181681
181682
181683
181684
181685
181686
181687
181688
181689
181690
181691
181692
181693
181694
181695
181696
181697
181698
181699
181700
181701
181702
181703
181704
181705
181706
181707
181708
181709
181710
181711
181712
181713
181714
181715
181716
181717
181718
181719
181720
181721
181722
181723
181724
181725
181726
181727
181728
181729
181730
181731
181732
181733
181734
181735
181736
181737
181738
181739
181740
181741
181742
181743
181744
181745
181746
181747
181748
181749
181750
181751
181752
181753
181754
181755
181756
181757
181758
181759
181760
181761
181762
181763
181764
181765
181766
181767
181768
181769
181770
181771
181772
181773
181774
181775
181776
181777
181778
181779
181780
181781
181782
181783
181784
181785
181786
181787
181788
181789
181790
181791
181792
181793
181794
181795
181796
181797
181798
181799
181800
181801
181802
181803
181804
181805
181806
181807
181808
181809
181810
181811
181812
181813
181814
181815
181816
181817
181818
181819
181820
181821
181822
181823
181824
181825
181826
181827
181828
181829
181830
181831
181832
181833
181834
181835
181836
181837
181838
181839
181840
181841
181842
181843
181844
181845
181846
181847
181848
181849
181850
181851
181852
181853
181854
181855
181856
181857
181858
181859
181860
181861
181862
181863
181864
181865
181866
181867
181868
181869
181870
181871
181872
181873
181874
181875
181876
181877
181878
181879
181880
181881
181882
181883
181884
181885
181886
181887
181888
181889
181890
181891
181892
181893
181894
181895
181896
181897
181898
181899
181900
181901
181902
181903
181904
181905
181906
181907
181908
181909
181910
181911
181912
181913
181914
181915
181916
181917
181918
181919
181920
181921
181922
181923
181924
181925
181926
181927
181928
181929
181930
181931
181932
181933
181934
181935
181936
181937
181938
181939
181940
181941
181942
181943
181944
181945
181946
181947
181948
181949
181950
181951
181952
181953
181954
181955
181956
181957
181958
181959
181960
181961
181962
181963
181964
181965
181966
181967
181968
181969
181970
181971
181972
181973
181974
181975
181976
181977
181978
181979
181980
181981
181982
181983
181984
181985
181986
181987
181988
181989
181990
181991
181992
181993
181994
181995
181996
181997
181998
181999
182000
182001
182002
182003
182004
182005
182006
182007
182008
182009
182010
182011
182012
182013
182014
182015
182016
182017
182018
182019
182020
182021
182022
182023
182024
182025
182026
182027
182028
182029
182030
182031
182032
182033
182034
182035
182036
182037
182038
182039
182040
182041
182042
182043
182044
182045
182046
182047
182048
182049
182050
182051
182052
182053
182054
182055
182056
182057
182058
182059
182060
182061
182062
182063
182064
182065
182066
182067
182068
182069
182070
182071
182072
182073
182074
182075
182076
182077
182078
182079
182080
182081
182082
182083
182084
182085
182086
182087
182088
182089
182090
182091
182092
182093
182094
182095
182096
182097
182098
182099
182100
182101
182102
182103
182104
182105
182106
182107
182108
182109
182110
182111
182112
182113
182114
182115
182116
182117
182118
182119
182120
182121
182122
182123
182124
182125
182126
182127
182128
182129
182130
182131
182132
182133
182134
182135
182136
182137
182138
182139
182140
182141
182142
182143
182144
182145
182146
182147
182148
182149
182150
182151
182152
182153
182154
182155
182156
182157
182158
182159
182160
182161
182162
182163
182164
182165
182166
182167
182168
182169
182170
182171
182172
182173
182174
182175
182176
182177
182178
182179
182180
182181
182182
182183
182184
182185
182186
182187
182188
182189
182190
182191
182192
182193
182194
182195
182196
182197
182198
182199
182200
182201
182202
182203
182204
182205
182206
182207
182208
182209
182210
182211
182212
182213
182214
182215
182216
182217
182218
182219
182220
182221
182222
182223
182224
182225
182226
182227
182228
182229
182230
182231
182232
182233
182234
182235
182236
182237
182238
182239
182240
182241
182242
182243
182244
182245
182246
182247
182248
182249
182250
182251
182252
182253
182254
182255
182256
182257
182258
182259
182260
182261
182262
182263
182264
182265
182266
182267
182268
182269
182270
182271
182272
182273
182274
182275
182276
182277
182278
182279
182280
182281
182282
182283
182284
182285
182286
182287
182288
182289
182290
182291
182292
182293
182294
182295
182296
182297
182298
182299
182300
182301
182302
182303
182304
182305
182306
182307
182308
182309
182310
182311
182312
182313
182314
182315
182316
182317
182318
182319
182320
182321
182322
182323
182324
182325
182326
182327
182328
182329
182330
182331
182332
182333
182334
182335
182336
182337
182338
182339
182340
182341
182342
182343
182344
182345
182346
182347
182348
182349
182350
182351
182352
182353
182354
182355
182356
182357
182358
182359
182360
182361
182362
182363
182364
182365
182366
182367
182368
182369
182370
182371
182372
182373
182374
182375
182376
182377
182378
182379
182380
182381
182382
182383
182384
182385
182386
182387
182388
182389
182390
182391
182392
182393
182394
182395
182396
182397
182398
182399
182400
182401
182402
182403
182404
182405
182406
182407
182408
182409
182410
182411
182412
182413
182414
182415
182416
182417
182418
182419
182420
182421
182422
182423
182424
182425
182426
182427
182428
182429
182430
182431
182432
182433
182434
182435
182436
182437
182438
182439
182440
182441
182442
182443
182444
182445
182446
182447
182448
182449
182450
182451
182452
182453
182454
182455
182456
182457
182458
182459
182460
182461
182462
182463
182464
182465
182466
182467
182468
182469
182470
182471
182472
182473
182474
182475
182476
182477
182478
182479
182480
182481
182482
182483
182484
182485
182486
182487
182488
182489
182490
182491
182492
182493
182494
182495
182496
182497
182498
182499
182500
182501
182502
182503
182504
182505
182506
182507
182508
182509
182510
182511
182512
182513
182514
182515
182516
182517
182518
182519
182520
182521
182522
182523
182524
182525
182526
182527
182528
182529
182530
182531
182532
182533
182534
182535
182536
182537
182538
182539
182540
182541
182542
182543
182544
182545
182546
182547
182548
182549
182550
182551
182552
182553
182554
182555
182556
182557
182558
182559
182560
182561
182562
182563
182564
182565
182566
182567
182568
182569
182570
182571
182572
182573
182574
182575
182576
182577
182578
182579
182580
182581
182582
182583
182584
182585
182586
182587
182588
182589
182590
182591
182592
182593
182594
182595
182596
182597
182598
182599
182600
182601
182602
182603
182604
182605
182606
182607
182608
182609
182610
182611
182612
182613
182614
182615
182616
182617
182618
182619
182620
182621
182622
182623
182624
182625
182626
182627
182628
182629
182630
182631
182632
182633
182634
182635
182636
182637
182638
182639
182640
182641
182642
182643
182644
182645
182646
182647
182648
182649
182650
182651
182652
182653
182654
182655
182656
182657
182658
182659
182660
182661
182662
182663
182664
182665
182666
182667
182668
182669
182670
182671
182672
182673
182674
182675
182676
182677
182678
182679
182680
182681
182682
182683
182684
182685
182686
182687
182688
182689
182690
182691
182692
182693
182694
182695
182696
182697
182698
182699
182700
182701
182702
182703
182704
182705
182706
182707
182708
182709
182710
182711
182712
182713
182714
182715
182716
182717
182718
182719
182720
182721
182722
182723
182724
182725
182726
182727
182728
182729
182730
182731
182732
182733
182734
182735
182736
182737
182738
182739
182740
182741
182742
182743
182744
182745
182746
182747
182748
182749
182750
182751
182752
182753
182754
182755
182756
182757
182758
182759
182760
182761
182762
182763
182764
182765
182766
182767
182768
182769
182770
182771
182772
182773
182774
182775
182776
182777
182778
182779
182780
182781
182782
182783
182784
182785
182786
182787
182788
182789
182790
182791
182792
182793
182794
182795
182796
182797
182798
182799
182800
182801
182802
182803
182804
182805
182806
182807
182808
182809
182810
182811
182812
182813
182814
182815
182816
182817
182818
182819
182820
182821
182822
182823
182824
182825
182826
182827
182828
182829
182830
182831
182832
182833
182834
182835
182836
182837
182838
182839
182840
182841
182842
182843
182844
182845
182846
182847
182848
182849
182850
182851
182852
182853
182854
182855
182856
182857
182858
182859
182860
182861
182862
182863
182864
182865
182866
182867
182868
182869
182870
182871
182872
182873
182874
182875
182876
182877
182878
182879
182880
182881
182882
182883
182884
182885
182886
182887
182888
182889
182890
182891
182892
182893
182894
182895
182896
182897
182898
182899
182900
182901
182902
182903
182904
182905
182906
182907
182908
182909
182910
182911
182912
182913
182914
182915
182916
182917
182918
182919
182920
182921
182922
182923
182924
182925
182926
182927
182928
182929
182930
182931
182932
182933
182934
182935
182936
182937
182938
182939
182940
182941
182942
182943
182944
182945
182946
182947
182948
182949
182950
182951
182952
182953
182954
182955
182956
182957
182958
182959
182960
182961
182962
182963
182964
182965
182966
182967
182968
182969
182970
182971
182972
182973
182974
182975
182976
182977
182978
182979
182980
182981
182982
182983
182984
182985
182986
182987
182988
182989
182990
182991
182992
182993
182994
182995
182996
182997
182998
182999
183000
183001
183002
183003
183004
183005
183006
183007
183008
183009
183010
183011
183012
183013
183014
183015
183016
183017
183018
183019
183020
183021
183022
183023
183024
183025
183026
183027
183028
183029
183030
183031
183032
183033
183034
183035
183036
183037
183038
183039
183040
183041
183042
183043
183044
183045
183046
183047
183048
183049
183050
183051
183052
183053
183054
183055
183056
183057
183058
183059
183060
183061
183062
183063
183064
183065
183066
183067
183068
183069
183070
183071
183072
183073
183074
183075
183076
183077
183078
183079
183080
183081
183082
183083
183084
183085
183086
183087
183088
183089
183090
183091
183092
183093
183094
183095
183096
183097
183098
183099
183100
183101
183102
183103
183104
183105
183106
183107
183108
183109
183110
183111
183112
183113
183114
183115
183116
183117
183118
183119
183120
183121
183122
183123
183124
183125
183126
183127
183128
183129
183130
183131
183132
183133
183134
183135
183136
183137
183138
183139
183140
183141
183142
183143
183144
183145
183146
183147
183148
183149
183150
183151
183152
183153
183154
183155
183156
183157
183158
183159
183160
183161
183162
183163
183164
183165
183166
183167
183168
183169
183170
183171
183172
183173
183174
183175
183176
183177
183178
183179
183180
183181
183182
183183
183184
183185
183186
183187
183188
183189
183190
183191
183192
183193
183194
183195
183196
183197
183198
183199
183200
183201
183202
183203
183204
183205
183206
183207
183208
183209
183210
183211
183212
183213
183214
183215
183216
183217
183218
183219
183220
183221
183222
183223
183224
183225
183226
183227
183228
183229
183230
183231
183232
183233
183234
183235
183236
183237
183238
183239
183240
183241
183242
183243
183244
183245
183246
183247
183248
183249
183250
183251
183252
183253
183254
183255
183256
183257
183258
183259
183260
183261
183262
183263
183264
183265
183266
183267
183268
183269
183270
183271
183272
183273
183274
183275
183276
183277
183278
183279
183280
183281
183282
183283
183284
183285
183286
183287
183288
183289
183290
183291
183292
183293
183294
183295
183296
183297
183298
183299
183300
183301
183302
183303
183304
183305
183306
183307
183308
183309
183310
183311
183312
183313
183314
183315
183316
183317
183318
183319
183320
183321
183322
183323
183324
183325
183326
183327
183328
183329
183330
183331
183332
183333
183334
183335
183336
183337
183338
183339
183340
183341
183342
183343
183344
183345
183346
183347
183348
183349
183350
183351
183352
183353
183354
183355
183356
183357
183358
183359
183360
183361
183362
183363
183364
183365
183366
183367
183368
183369
183370
183371
183372
183373
183374
190575
190576
190577
190578
190579
190580
190581
190582
190583
190584
190585
190586
190587
190588
190589
190590
190591
190592
190593
190594
190595
190596
190597
190598
190599
190600
190601
190602
190603
190604
190605
190606
190607
190608
190609
190610
190611
190612
190613
190614
190615
190616
190617
190618
190619
190620
190621
190622
190623
190624
190625
190626
190627
190628
190629
190630
190631
190632
190633
190634
190635
190636
190637
190638
190639
190640
190641
190642
190643
190644
190645
190646
190647
190648
190649
190650
190651
190652
190653
190654
190655
190656
190657
190658
190659
190660
190661
190662
190663
190664
190665
190666
190667
190668
190669
190670
190671
190672
190673
190674
190675
190676
190677
190678
190679
190680
190681
190682
190683
190684
190685
190686
190687
190688
190689
190690
190691
190692
190693
190694
190695
190696
190697
190698
190699
190700
190701
190702
190703
190704
190705
190706
190707
190708
190709
190710
190711
190712
190713
190714
190715
190716
190717
190718
190719
190720
190721
190722
190723
190724
190725
190726
190727
190728
190729
190730
190731
190732
190733
190734
190735
190736
190737
190738
190739
190740
190741
190742
190743
190744
190745
190746
190747
190748
190749
190750
190751
190752
190753
190754
190755
190756
190757
190758
190759
190760
190761
190762
190763
190764
190765
190766
190767
190768
190769
190770
190771
190772
190773
190774
190775
190776
190777
190778
190779
190780
190781
190782
190783
190784
190785
190786
190787
190788
190789
190790
190791
190792
190793
190794
190795
190796
190797
190798
190799
190800
190801
190802
190803
190804
190805
190806
190807
190808
190809
190810
190811
190812
190813
190814
190815
190816
190817
190818
190819
190820
190821
190822
190823
190824
190825
190826
190827
190828
190829
190830
190831
190832
190833
190834
190835
190836
190837
190838
190839
190840
190841
190842
190843
190844
190845
190846
190847
190848
190849
190850
190851
190852
190853
190854
190855
190856
190857
190858
190859
190860
190861
190862
190863
190864
190865
190866
190867
190868
190869
190870
190871
190872
190873
190874
190875
190876
190877
190878
190879
190880
190881
190882
190883
190884
190885
190886
190887
190888
190889
190890
190891
190892
190893
190894
190895
190896
190897
190898
190899
190900
190901
190902
190903
190904
190905
190906
190907
190908
190909
190910
190911
190912
190913
190914
190915
190916
190917
190918
190919
190920
190921
190922
190923
190924
190925
190926
190927
190928
190929
190930
190931
190932
190933
190934
190935
190936
190937
190938
190939
190940
190941
190942
190943
190944
190945
190946
190947
190948
190949
190950
190951
190952
190953
190954
190955
190956
190957
190958
190959
190960
190961
190962
190963
190964
190965
190966
190967
190968
190969
190970
190971
190972
190973
190974
190975
190976
190977
190978
190979
190980
190981
190982
190983
190984
190985
190986
190987
190988
190989
190990
190991
190992
190993
190994
190995
190996
190997
190998
190999
191000
191001
191002
191003
191004
191005
191006
191007
191008
191009
191010
191011
191012
191013
191014
191015
191016
191017
191018
191019
191020
191021
191022
191023
191024
191025
191026
191027
191028
191029
191030
191031
191032
191033
191034
191035
191036
191037
191038
191039
191040
191041
191042
191043
191044
191045
191046
191047
191048
191049
191050
191051
191052
191053
191054
191055
191056
191057
191058
191059
191060
191061
191062
191063
191064
191065
191066
191067
191068
191069
191070
191071
191072
191073
191074
191075
191076
191077
191078
191079
191080
191081
191082
191083
191084
191085
191086
191087
191088
191089
191090
191091
191092
191093
191094
191095
191096
191097
191098
191099
191100
191101
191102
191103
191104
191105
191106
191107
191108
191109
191110
191111
191112
191113
191114
191115
191116
191117
191118
191119
191120
191121
191122
191123
191124
191125
191126
191127
191128
191129
191130
191131
191132
191133
191134
191135
191136
191137
191138
191139
191140
191141
191142
191143
191144
191145
191146
191147
191148
191149
191150
191151
191152
191153
191154
191155
191156
191157
191158
191159
191160
191161
191162
191163
191164
191165
191166
191167
191168
191169
191170
191171
191172
191173
191174
191175
191176
191177
191178
191179
191180
191181
191182
191183
191184
191185
191186
191187
191188
191189
191190
191191
191192
191193
191194
191195
191196
191197
191198
191199
191200
191201
191202
191203
191204
191205
191206
191207
191208
191209
191210
191211
191212
191213
191214
191215
191216
191217
191218
191219
191220
191221
191222
191223
191224
191225
191226
191227
191228
191229
191230
191231
191232
191233
191234
191235
191236
191237
191238
191239
191240
191241
191242
191243
191244
191245
191246
191247
191248
191249
191250
191251
191252
191253
191254
191255
191256
191257
191258
191259
191260
191261
191262
191263
191264
191265
191266
191267
191268
191269
191270
191271
191272
191273
191274
191275
191276
191277
191278
191279
191280
191281
191282
191283
191284
191285
191286
191287
191288
191289
191290
191291
191292
191293
191294
191295
191296
191297
191298
191299
191300
191301
191302
191303
191304
191305
191306
191307
191308
191309
191310
191311
191312
191313
191314
191315
191316
191317
191318
191319
191320
191321
191322
191323
191324
191325
191326
191327
191328
191329
191330
191331
191332
191333
191334
191335
191336
191337
191338
191339
191340
191341
191342
191343
191344
191345
191346
191347
191348
191349
191350
191351
191352
191353
191354
191355
191356
191357
191358
191359
191360
191361
191362
191363
191364
191365
191366
191367
191368
191369
191370
191371
191372
191373
191374
191375
191376
191377
191378
191379
191380
191381
191382
191383
191384
191385
191386
191387
191388
191389
191390
191391
191392
191393
191394
191395
191396
191397
191398
191399
191400
191401
191402
191403
191404
191405
191406
191407
191408
191409
191410
191411
191412
191413
191414
191415
191416
191417
191418
191419
191420
191421
191422
191423
191424
191425
191426
191427
191428
191429
191430
191431
191432
191433
191434
191435
191436
191437
191438
191439
191440
191441
191442
191443
191444
191445
191446
191447
191448
191449
191450
191451
191452
191453
191454
191455
191456
191457
191458
191459
191460
191461
191462
191463
191464
191465
191466
191467
191468
191469
191470
191471
191472
191473
191474
191475
191476
191477
191478
191479
191480
191481
191482
191483
191484
191485
191486
191487
191488
191489
191490
191491
191492
191493
191494
191495
191496
191497
191498
191499
191500
191501
191502
191503
191504
191505
191506
191507
191508
191509
191510
191511
191512
191513
191514
191515
191516
191517
191518
191519
191520
191521
191522
191523
191524
191525
191526
191527
191528
191529
191530
191531
191532
191533
191534
191535
191536
191537
191538
191539
191540
191541
191542
191543
191544
191545
191546
191547
191548
191549
191550
191551
191552
191553
191554
191555
191556
191557
191558
191559
191560
191561
191562
191563
191564
191565
191566
191567
191568
191569
191570
191571
191572
191573
191574
191575
191576
191577
191578
191579
191580
191581
191582
191583
191584
191585
191586
191587
191588
191589
191590
191591
191592
191593
191594
191595
191596
191597
191598
191599
191600
191601
191602
191603
191604
191605
191606
191607
191608
191609
191610
191611
191612
191613
191614
191615
191616
191617
191618
191619
191620
191621
191622
191623
191624
191625
191626
191627
191628
191629
191630
191631
191632
191633
191634
191635
191636
191637
191638
191639
191640
191641
191642
191643
191644
191645
191646
191647
191648
191649
191650
191651
191652
191653
191654
191655
191656
191657
191658
191659
191660
191661
191662
191663
191664
191665
191666
191667
191668
191669
191670
191671
191672
191673
191674
191675
191676
191677
191678
191679
191680
191681
191682
191683
191684
191685
191686
191687
191688
191689
191690
191691
191692
191693
191694
191695
191696
191697
191698
191699
191700
191701
191702
191703
191704
191705
191706
191707
191708
191709
191710
191711
191712
191713
191714
191715
191716
191717
191718
191719
191720
191721
191722
191723
191724
191725
191726
191727
191728
191729
191730
191731
191732
191733
191734
191735
191736
191737
191738
191739
191740
191741
191742
191743
191744
191745
191746
191747
191748
191749
191750
191751
191752
191753
191754
191755
191756
191757
191758
191759
191760
191761
191762
191763
191764
191765
191766
191767
191768
191769
191770
191771
191772
191773
191774
191775
191776
191777
191778
191779
191780
191781
191782
191783
191784
191785
191786
191787
191788
191789
191790
191791
191792
191793
191794
191795
191796
191797
191798
191799
191800
191801
191802
191803
191804
191805
191806
191807
191808
191809
191810
191811
191812
191813
191814
191815
191816
191817
191818
191819
191820
191821
191822
191823
191824
191825
191826
191827
191828
191829
191830
191831
191832
191833
191834
191835
191836
191837
191838
191839
191840
191841
191842
191843
191844
191845
191846
191847
191848
191849
191850
191851
191852
191853
191854
191855
191856
191857
191858
191859
191860
191861
191862
191863
191864
191865
191866
191867
191868
191869
191870
191871
191872
191873
191874
191875
191876
191877
191878
191879
191880
191881
191882
191883
191884
191885
191886
191887
191888
191889
191890
191891
191892
191893
191894
191895
191896
191897
191898
191899
191900
191901
191902
191903
191904
191905
191906
191907
191908
191909
191910
191911
191912
191913
191914
191915
191916
191917
191918
191919
191920
191921
191922
191923
191924
191925
191926
191927
191928
191929
191930
191931
191932
191933
191934
191935
191936
191937
191938
191939
191940
191941
191942
191943
191944
191945
191946
191947
191948
191949
191950
191951
191952
191953
191954
191955
191956
191957
191958
191959
191960
191961
191962
191963
191964
191965
191966
191967
191968
191969
191970
191971
191972
191973
191974
191975
191976
191977
191978
191979
191980
191981
191982
191983
191984
191985
191986
191987
191988
191989
191990
191991
191992
191993
191994
191995
191996
191997
191998
191999
192000
192001
192002
192003
192004
192005
192006
192007
192008
192009
192010
192011
192012
192013
192014
192015
192016
192017
192018
192019
192020
192021
192022
192023
192024
192025
192026
192027
192028
192029
192030
192031
192032
192033
192034
192035
192036
192037
192038
192039
192040
192041
192042
192043
192044
192045
192046
192047
192048
192049
192050
192051
192052
192053
192054
192055
192056
192057
192058
192059
192060
192061
192062
192063
192064
192065
192066
192067
192068
192069
192070
192071
192072
192073
192074
192075
192076
192077
192078
192079
192080
192081
192082
192083
192084
192085
192086
192087
192088
192089
192090
192091
192092
192093
192094
192095
192096
192097
192098
192099
192100
192101
192102
192103
192104
192105
192106
192107
192108
192109
192110
192111
192112
192113
192114
192115
192116
192117
192118
192119
192120
192121
192122
192123
192124
192125
192126
192127
192128
192129
192130
192131
192132
192133
192134
192135
192136
192137
192138
192139
192140
192141
192142
192143
192144
192145
192146
192147
192148
192149
192150
192151
192152
192153
192154
192155
192156
192157
192158
192159
192160
192161
192162
192163
192164
192165
192166
192167
192168
192169
192170
192171
192172
192173
192174
192175
192176
192177
192178
192179
192180
192181
192182
192183
192184
192185
192186
192187
192188
192189
192190
192191
192192
192193
192194
192195
192196
192197
192198
192199
192200
192201
192202
192203
192204
192205
192206
192207
192208
192209
192210
192211
192212
192213
192214
192215
192216
192217
192218
192219
192220
192221
192222
192223
192224
192225
192226
192227
192228
192229
192230
192231
192232
192233
192234
192235
192236
192237
192238
192239
192240
192241
192242
192243
192244
192245
192246
192247
192248
192249
192250
192251
192252
192253
192254
192255
192256
192257
192258
192259
192260
192261
192262
192263
192264
192265
192266
192267
192268
192269
192270
192271
192272
192273
192274
192275
192276
192277
192278
192279
192280
192281
192282
192283
192284
192285
192286
192287
192288
192289
192290
192291
192292
192293
192294
192295
192296
192297
192298
192299
192300
192301
192302
192303
192304
192305
192306
192307
192308
192309
192310
192311
192312
192313
192314
192315
192316
192317
192318
192319
192320
192321
192322
192323
192324
192325
192326
192327
192328
192329
192330
192331
192332
192333
192334
192335
192336
192337
192338
192339
192340
192341
192342
192343
192344
192345
192346
192347
192348
192349
192350
192351
192352
192353
192354
192355
192356
192357
192358
192359
192360
192361
192362
192363
192364
192365
192366
192367
192368
192369
192370
192371
192372
192373
192374
192375
192376
192377
192378
192379
192380
192381
192382
192383
192384
192385
192386
192387
192388
192389
192390
192391
192392
192393
192394
192395
192396
192397
192398
192399
192400
192401
192402
192403
192404
192405
192406
192407
192408
192409
192410
192411
192412
192413
192414
192415
192416
192417
192418
192419
192420
192421
192422
192423
192424
192425
192426
192427
192428
192429
192430
192431
192432
192433
192434
192435
192436
192437
192438
192439
192440
192441
192442
192443
192444
192445
192446
192447
192448
192449
192450
192451
192452
192453
192454
192455
192456
192457
192458
192459
192460
192461
192462
192463
192464
192465
192466
192467
192468
192469
192470
192471
192472
192473
192474
192475
192476
192477
192478
192479
192480
192481
192482
192483
192484
192485
192486
192487
192488
192489
192490
192491
192492
192493
192494
192495
192496
192497
192498
192499
192500
192501
192502
192503
192504
192505
192506
192507
192508
192509
192510
192511
192512
192513
192514
192515
192516
192517
192518
192519
192520
192521
192522
192523
192524
192525
192526
192527
192528
192529
192530
192531
192532
192533
192534
192535
192536
192537
192538
192539
192540
192541
192542
192543
192544
192545
192546
192547
192548
192549
192550
192551
192552
192553
192554
192555
192556
192557
192558
192559
192560
192561
192562
192563
192564
192565
192566
192567
192568
192569
192570
192571
192572
192573
192574
192575
192576
192577
192578
192579
192580
192581
192582
192583
192584
192585
192586
192587
192588
192589
192590
192591
192592
192593
192594
192595
192596
192597
192598
192599
192600
192601
192602
192603
192604
192605
192606
192607
192608
192609
192610
192611
192612
192613
192614
192615
192616
192617
192618
192619
192620
192621
192622
192623
192624
192625
192626
192627
192628
192629
192630
192631
192632
192633
192634
192635
192636
192637
192638
192639
192640
192641
192642
192643
192644
192645
192646
192647
192648
192649
192650
192651
192652
192653
192654
192655
192656
192657
192658
192659
192660
192661
192662
192663
192664
192665
192666
192667
192668
192669
192670
192671
192672
192673
192674
192675
192676
192677
192678
192679
192680
192681
192682
192683
192684
192685
192686
192687
192688
192689
192690
192691
192692
192693
192694
192695
192696
192697
192698
192699
192700
192701
192702
192703
192704
192705
192706
192707
192708
192709
192710
192711
192712
192713
192714
192715
192716
192717
192718
192719
192720
192721
192722
192723
192724
192725
192726
192727
192728
192729
192730
192731
192732
192733
192734
192735
192736
192737
192738
192739
192740
192741
192742
192743
192744
192745
192746
192747
192748
192749
192750
192751
192752
192753
192754
192755
192756
192757
192758
192759
192760
192761
192762
192763
192764
192765
192766
192767
192768
192769
192770
192771
192772
192773
192774
192775
192776
192777
192778
192779
192780
192781
192782
192783
192784
192785
192786
192787
192788
192789
192790
192791
192792
192793
192794
192795
192796
192797
192798
192799
192800
192801
192802
192803
192804
192805
192806
192807
192808
192809
192810
192811
192812
192813
192814
192815
192816
192817
192818
192819
192820
192821
192822
192823
192824
192825
192826
192827
192828
192829
192830
192831
192832
192833
192834
192835
192836
192837
192838
192839
192840
192841
192842
192843
192844
192845
192846
192847
192848
192849
192850
192851
192852
192853
192854
192855
192856
192857
192858
192859
192860
192861
192862
192863
192864
192865
192866
192867
192868
192869
192870
192871
192872
192873
192874
192875
192876
192877
192878
192879
192880
192881
192882
192883
192884
192885
192886
192887
192888
192889
192890
192891
192892
192893
192894
192895
192896
192897
192898
192899
192900
192901
192902
192903
192904
192905
192906
192907
192908
192909
192910
192911
192912
192913
192914
192915
192916
192917
192918
192919
192920
192921
192922
192923
192924
192925
192926
192927
192928
192929
192930
192931
192932
192933
192934
192935
192936
192937
192938
192939
192940
192941
192942
192943
192944
192945
192946
192947
192948
192949
192950
192951
192952
192953
192954
192955
192956
192957
192958
192959
192960
192961
192962
192963
192964
192965
192966
192967
192968
192969
192970
192971
192972
192973
192974
192975
192976
192977
192978
192979
192980
192981
192982
192983
192984
192985
192986
192987
192988
192989
192990
192991
192992
192993
192994
192995
192996
192997
192998
192999
193000
193001
193002
193003
193004
193005
193006
193007
193008
193009
193010
193011
193012
193013
193014
193015
193016
193017
193018
193019
193020
193021
193022
193023
193024
193025
193026
193027
193028
193029
193030
193031
193032
193033
193034
193035
193036
193037
193038
193039
193040
193041
193042
193043
193044
193045
193046
193047
193048
193049
193050
193051
193052
193053
193054
193055
193056
193057
193058
193059
193060
193061
193062
193063
193064
193065
193066
193067
193068
193069
193070
193071
193072
193073
193074
193075
193076
193077
193078
193079
193080
193081
193082
193083
193084
193085
193086
193087
193088
193089
193090
193091
193092
193093
193094
193095
193096
193097
193098
193099
193100
193101
193102
193103
193104
193105
193106
193107
193108
193109
193110
193111
193112
193113
193114
193115
193116
193117
193118
193119
193120
193121
193122
193123
193124
193125
193126
193127
193128
193129
193130
193131
193132
193133
193134
193135
193136
193137
193138
193139
193140
193141
193142
193143
193144
193145
193146
193147
193148
193149
193150
193151
193152
193153
193154
193155
193156
193157
193158
193159
193160
193161
193162
193163
193164
193165
193166
193167
193168
193169
193170
193171
193172
193173
193174
193175
193176
193177
193178
193179
193180
193181
193182
193183
193184
193185
193186
193187
193188
193189
193190
193191
193192
193193
193194
193195
193196
193197
193198
193199
193200
193201
193202
193203
193204
193205
193206
193207
193208
193209
193210
193211
193212
193213
193214
193215
193216
193217
193218
193219
193220
193221
193222
193223
193224
193225
193226
193227
193228
193229
193230
193231
193232
193233
193234
193235
193236
193237
193238
193239
193240
193241
193242
193243
193244
193245
193246
193247
193248
193249
193250
193251
193252
193253
193254
193255
193256
193257
193258
193259
193260
193261
193262
193263
193264
193265
193266
193267
193268
193269
193270
193271
193272
193273
193274
193275
193276
193277
193278
193279
193280
193281
193282
193283
193284
193285
193286
193287
193288
193289
193290
193291
193292
193293
193294
193295
193296
193297
193298
193299
193300
193301
193302
193303
193304
193305
193306
193307
193308
193309
193310
193311
193312
193313
193314
193315
193316
193317
193318
193319
193320
193321
193322
193323
193324
193325
193326
193327
193328
193329
193330
193331
193332
193333
193334
193335
193336
193337
193338
193339
193340
193341
193342
193343
193344
193345
193346
193347
193348
193349
193350
193351
193352
193353
193354
193355
193356
193357
193358
193359
193360
193361
193362
193363
193364
193365
193366
193367
193368
193369
193370
193371
193372
193373
193374
193375
193376
193377
193378
193379
193380
193381
193382
193383
193384
193385
193386
193387
193388
193389
193390
193391
193392
193393
193394
193395
193396
193397
193398
193399
193400
193401
193402
193403
193404
193405
193406
193407
193408
193409
193410
193411
193412
193413
193414
193415
193416
193417
193418
193419
193420
193421
193422
193423
193424
193425
193426
193427
193428
193429
193430
193431
193432
193433
193434
193435
193436
193437
193438
193439
193440
193441
193442
193443
193444
193445
193446
193447
193448
193449
193450
193451
193452
193453
193454
193455
193456
193457
193458
193459
193460
193461
193462
193463
193464
193465
193466
193467
193468
193469
193470
193471
193472
193473
193474
193475
193476
193477
193478
193479
193480
193481
193482
193483
193484
193485
193486
193487
193488
193489
193490
193491
193492
193493
193494
193495
193496
193497
193498
193499
193500
193501
193502
193503
193504
193505
193506
193507
193508
193509
193510
193511
193512
193513
193514
193515
193516
193517
193518
193519
193520
193521
193522
193523
193524
193525
193526
193527
193528
193529
193530
193531
193532
193533
193534
193535
193536
193537
193538
193539
193540
193541
193542
193543
193544
193545
193546
193547
193548
193549
193550
193551
193552
193553
193554
193555
193556
193557
193558
193559
193560
193561
193562
193563
193564
193565
193566
193567
193568
193569
193570
193571
193572
193573
193574
193575
193576
193577
193578
193579
193580
193581
193582
193583
193584
193585
193586
193587
193588
193589
193590
193591
193592
193593
193594
193595
193596
193597
193598
193599
193600
193601
193602
193603
193604
193605
193606
193607
193608
193609
193610
193611
193612
193613
193614
193615
193616
193617
193618
193619
193620
193621
193622
193623
193624
193625
193626
193627
193628
193629
193630
193631
193632
193633
193634
193635
193636
193637
193638
193639
193640
193641
193642
193643
193644
193645
193646
193647
193648
193649
193650
193651
193652
193653
193654
193655
193656
193657
193658
193659
193660
193661
193662
193663
193664
193665
193666
193667
193668
193669
193670
193671
193672
193673
193674
193675
193676
193677
193678
193679
193680
193681
193682
193683
193684
193685
193686
193687
193688
193689
193690
193691
193692
193693
193694
193695
193696
193697
193698
193699
193700
193701
193702
193703
193704
193705
193706
193707
193708
193709
193710
193711
193712
193713
193714
193715
193716
193717
193718
193719
193720
193721
193722
193723
193724
193725
193726
193727
193728
193729
193730
193731
193732
193733
193734
193735
193736
193737
193738
193739
193740
193741
193742
193743
193744
193745
193746
193747
193748
193749
193750
193751
193752
193753
193754
193755
193756
193757
193758
193759
193760
193761
193762
193763
193764
193765
193766
193767
193768
193769
193770
193771
193772
193773
193774
193775
193776
193777
193778
193779
193780
193781
193782
193783
193784
193785
193786
193787
193788
193789
193790
193791
193792
193793
193794
193795
193796
193797
193798
193799
193800
193801
193802
193803
193804
193805
193806
193807
193808
193809
193810
193811
193812
193813
193814
193815
193816
193817
193818
193819
193820
193821
193822
193823
193824
193825
193826
193827
193828
193829
193830
193831
193832
193833
193834
193835
193836
193837
193838
193839
193840
193841
193842
193843
193844
193845
193846
193847
193848
193849
193850
193851
193852
193853
193854
193855
193856
193857
193858
193859
193860
193861
193862
193863
193864
193865
193866
193867
193868
193869
193870
193871
193872
193873
193874
193875
193876
193877
193878
193879
193880
193881
193882
193883
193884
193885
193886
193887
193888
193889
193890
193891
193892
193893
193894
193895
193896
193897
193898
193899
193900
193901
193902
193903
193904
193905
193906
193907
193908
193909
193910
193911
193912
193913
193914
193915
193916
193917
193918
193919
193920
193921
193922
193923
193924
193925
193926
193927
193928
193929
193930
193931
193932
193933
193934
193935
193936
193937
193938
193939
193940
193941
193942
193943
193944
193945
193946
193947
193948
193949
193950
193951
193952
193953
193954
193955
193956
193957
193958
193959
193960
193961
193962
193963
193964
193965
193966
193967
193968
193969
193970
193971
193972
193973
193974
193975
193976
193977
193978
193979
193980
193981
193982
193983
193984
193985
193986
193987
193988
193989
193990
193991
193992
193993
193994
193995
193996
193997
193998
193999
194000
194001
194002
194003
194004
194005
194006
194007
194008
194009
194010
194011
194012
194013
194014
194015
194016
194017
194018
194019
194020
194021
194022
194023
194024
194025
194026
194027
194028
194029
194030
194031
194032
194033
194034
194035
194036
194037
194038
194039
194040
194041
194042
194043
194044
194045
194046
194047
194048
194049
194050
194051
194052
194053
194054
194055
194056
194057
194058
194059
194060
194061
194062
194063
194064
194065
194066
194067
194068
194069
194070
194071
194072
194073
194074
194075
194076
194077
194078
194079
194080
194081
194082
194083
194084
194085
194086
194087
194088
194089
194090
194091
194092
194093
194094
194095
194096
194097
194098
194099
194100
194101
194102
194103
194104
194105
194106
194107
194108
194109
194110
194111
194112
194113
194114
194115
194116
194117
194118
194119
194120
194121
194122
194123
194124
194125
194126
194127
194128
194129
194130
194131
194132
194133
194134
194135
194136
194137
194138
194139
194140
194141
194142
194143
194144
194145
194146
194147
194148
194149
194150
194151
194152
194153
194154
194155
194156
194157
194158
194159
194160
194161
194162
194163
194164
194165
194166
194167
194168
194169
194170
194171
194172
194173
194174
194175
194176
194177
194178
194179
194180
194181
194182
194183
194184
194185
194186
194187
194188
194189
194190
194191
194192
194193
194194
194195
194196
194197
194198
194199
194200
194201
194202
194203
194204
194205
194206
194207
194208
194209
194210
194211
194212
194213
194214
194215
194216
194217
194218
194219
194220
194221
194222
194223
194224
194225
194226
194227
194228
194229
194230
194231
194232
194233
194234
194235
194236
194237
194238
194239
194240
194241
194242
194243
194244
194245
194246
194247
194248
194249
194250
194251
194252
194253
194254
194255
194256
194257
194258
194259
194260
194261
194262
194263
194264
194265
194266
194267
194268
194269
194270
194271
194272
194273
194274
194275
194276
194277
194278
194279
194280
194281
194282
194283
194284
194285
194286
194287
194288
194289
194290
194291
194292
194293
194294
194295
194296
194297
194298
194299
194300
194301
194302
194303
194304
194305
194306
194307
194308
194309
194310
194311
194312
194313
194314
194315
194316
194317
194318
194319
194320
194321
194322
194323
194324
194325
194326
194327
194328
194329
194330
194331
194332
194333
194334
194335
194336
194337
194338
194339
194340
194341
194342
194343
194344
194345
194346
194347
194348
194349
194350
194351
194352
194353
194354
194355
194356
194357
194358
194359
194360
194361
194362
194363
194364
194365
194366
194367
194368
194369
194370
194371
194372
194373
194374
194375
194376
194377
194378
194379
194380
194381
194382
194383
194384
194385
194386
194387
194388
194389
194390
194391
194392
194393
194394
194395
194396
194397
194398
194399
194400
194401
194402
194403
194404
194405
194406
194407
194408
194409
194410
194411
194412
194413
194414
194415
194416
194417
194418
194419
194420
194421
194422
194423
194424
194425
194426
194427
194428
194429
194430
194431
194432
194433
194434
194435
194436
194437
194438
194439
194440
194441
194442
194443
194444
194445
194446
194447
194448
194449
194450
194451
194452
194453
194454
194455
194456
194457
194458
194459
194460
194461
194462
194463
194464
194465
194466
194467
194468
194469
194470
194471
194472
194473
194474
194475
194476
194477
194478
194479
194480
194481
194482
194483
194484
194485
194486
194487
194488
194489
194490
194491
194492
194493
194494
194495
194496
194497
194498
194499
194500
194501
194502
194503
194504
194505
194506
194507
194508
194509
194510
194511
194512
194513
194514
194515
194516
194517
194518
194519
194520
194521
194522
194523
194524
194525
194526
194527
194528
194529
194530
194531
194532
194533
194534
194535
194536
194537
194538
194539
194540
194541
194542
194543
194544
194545
194546
194547
194548
194549
194550
194551
194552
194553
194554
194555
194556
194557
194558
194559
194560
194561
194562
194563
194564
194565
194566
194567
194568
194569
194570
194571
194572
194573
194574
194575
194576
194577
194578
194579
194580
194581
194582
194583
194584
194585
194586
194587
194588
194589
194590
194591
194592
194593
194594
194595
194596
194597
194598
194599
194600
194601
194602
194603
194604
194605
194606
194607
194608
194609
194610
194611
194612
194613
194614
194615
194616
194617
194618
194619
194620
194621
194622
194623
194624
194625
194626
194627
194628
194629
194630
194631
194632
194633
194634
194635
194636
194637
194638
194639
194640
194641
194642
194643
194644
194645
194646
194647
194648
194649
194650
194651
194652
194653
194654
194655
194656
194657
194658
194659
194660
194661
194662
194663
194664
194665
194666
194667
194668
194669
194670
194671
194672
194673
194674
194675
194676
194677
194678
194679
194680
194681
194682
194683
194684
194685
194686
194687
194688
194689
194690
194691
194692
194693
194694
194695
194696
194697
194698
194699
194700
194701
194702
194703
194704
194705
194706
194707
194708
194709
194710
194711
194712
194713
194714
194715
194716
194717
194718
194719
194720
194721
194722
194723
194724
194725
194726
194727
194728
194729
194730
194731
194732
194733
194734
194735
194736
194737
194738
194739
194740
194741
194742
194743
194744
194745
194746
194747
194748
194749
194750
194751
194752
194753
194754
194755
194756
194757
194758
194759
194760
194761
194762
194763
194764
194765
194766
194767
194768
194769
194770
194771
194772
194773
194774
194775
194776
194777
194778
194779
194780
194781
194782
194783
194784
194785
194786
194787
194788
194789
194790
194791
194792
194793
194794
194795
194796
194797
194798
194799
194800
194801
194802
194803
194804
194805
194806
194807
194808
194809
194810
194811
194812
194813
194814
194815
194816
194817
194818
194819
194820
194821
194822
194823
194824
194825
194826
194827
194828
194829
194830
194831
194832
194833
194834
194835
194836
194837
194838
194839
194840
194841
194842
194843
194844
194845
194846
194847
194848
194849
194850
194851
194852
194853
194854
194855
194856
194857
194858
194859
194860
194861
194862
194863
194864
194865
194866
194867
194868
194869
194870
194871
194872
194873
194874
194875
194876
194877
194878
194879
194880
194881
194882
194883
194884
194885
194886
194887
194888
194889
194890
194891
194892
194893
194894
194895
194896
194897
194898
194899
194900
194901
194902
194903
194904
194905
194906
194907
194908
194909
194910
194911
194912
194913
194914
194915
194916
194917
194918
194919
194920
194921
194922
194923
194924
194925
194926
194927
194928
194929
194930
194931
194932
194933
194934
194935
194936
194937
194938
194939
194940
194941
194942
194943
194944
194945
194946
194947
194948
194949
194950
194951
194952
194953
194954
194955
194956
194957
194958
194959
194960
194961
194962
194963
194964
194965
194966
194967
194968
194969
194970
194971
194972
194973
194974
194975
194976
194977
194978
194979
194980
194981
194982
194983
194984
194985
194986
194987
194988
194989
194990
194991
194992
194993
194994
194995
194996
194997
194998
194999
195000
195001
195002
195003
195004
195005
195006
195007
195008
195009
195010
195011
195012
195013
195014
195015
195016
195017
195018
195019
195020
195021
195022
195023
195024
195025
195026
195027
195028
195029
195030
195031
195032
195033
195034
195035
195036
195037
195038
195039
195040
195041
195042
195043
195044
195045
195046
195047
195048
195049
195050
195051
195052
195053
195054
195055
195056
195057
195058
195059
195060
195061
195062
195063
195064
195065
195066
195067
195068
195069
195070
195071
195072
195073
195074
195075
195076
195077
195078
195079
195080
195081
195082
195083
195084
195085
195086
195087
195088
195089
195090
195091
195092
195093
195094
195095
195096
195097
195098
195099
195100
195101
195102
195103
195104
195105
195106
195107
195108
195109
195110
195111
195112
195113
195114
195115
195116
195117
195118
195119
195120
195121
195122
195123
195124
195125
195126
195127
195128
195129
195130
195131
195132
195133
195134
195135
195136
195137
195138
195139
195140
195141
195142
195143
195144
195145
195146
195147
195148
195149
195150
195151
195152
195153
195154
195155
195156
195157
195158
195159
195160
195161
195162
195163
195164
195165
195166
195167
195168
195169
195170
195171
195172
195173
195174
195175
195176
195177
195178
195179
195180
195181
195182
195183
195184
195185
195186
195187
195188
195189
195190
195191
195192
195193
195194
195195
195196
195197
195198
195199
195200
195201
195202
195203
195204
195205
195206
195207
195208
195209
195210
195211
195212
195213
195214
195215
195216
195217
195218
195219
195220
195221
195222
195223
195224
195225
195226
195227
195228
195229
195230
195231
195232
195233
195234
195235
195236
195237
195238
195239
195240
195241
195242
195243
195244
195245
195246
195247
195248
195249
195250
195251
195252
195253
195254
195255
195256
195257
195258
195259
195260
195261
195262
195263
195264
195265
195266
195267
195268
195269
195270
195271
195272
195273
195274
195275
195276
195277
195278
195279
195280
195281
195282
195283
195284
195285
195286
195287
195288
195289
195290
195291
195292
195293
195294
195295
195296
195297
195298
195299
195300
195301
195302
195303
195304
195305
195306
195307
195308
195309
195310
195311
195312
195313
195314
195315
195316
195317
195318
195319
195320
195321
195322
195323
195324
195325
195326
195327
195328
195329
195330
195331
195332
195333
195334
195335
195336
195337
195338
195339
195340
195341
195342
195343
195344
195345
195346
195347
195348
195349
195350
195351
195352
195353
195354
195355
195356
195357
195358
195359
195360
195361
195362
195363
195364
195365
195366
195367
195368
195369
195370
195371
195372
195373
195374
195375
195376
195377
195378
195379
195380
195381
195382
195383
195384
195385
195386
195387
195388
195389
195390
195391
195392
195393
195394
195395
195396
195397
195398
195399
195400
195401
195402
195403
195404
195405
195406
195407
195408
195409
195410
195411
195412
195413
195414
195415
195416
195417
195418
195419
195420
195421
195422
195423
195424
195425
195426
195427
195428
195429
195430
195431
195432
195433
195434
195435
195436
195437
195438
195439
195440
195441
195442
195443
195444
195445
195446
195447
195448
195449
195450
195451
195452
195453
195454
195455
195456
195457
195458
195459
195460
195461
195462
195463
195464
195465
195466
195467
195468
195469
195470
195471
195472
195473
195474
195475
195476
195477
195478
195479
195480
195481
195482
195483
195484
195485
195486
195487
195488
195489
195490
195491
195492
195493
195494
195495
195496
195497
195498
195499
195500
195501
195502
195503
195504
195505
195506
195507
195508
195509
195510
195511
195512
195513
195514
195515
195516
195517
195518
195519
195520
195521
195522
195523
195524
195525
195526
195527
195528
195529
195530
195531
195532
195533
195534
195535
195536
195537
195538
195539
195540
195541
195542
195543
195544
195545
195546
195547
195548
195549
195550
195551
195552
195553
195554
195555
195556
195557
195558
195559
195560
195561
195562
195563
195564
195565
195566
195567
195568
195569
195570
195571
195572
195573
195574
195575
195576
195577
195578
195579
195580
195581
195582
195583
195584
195585
195586
195587
195588
195589
195590
195591
195592
195593
195594
195595
195596
195597
195598
195599
195600
195601
195602
195603
195604
195605
195606
195607
195608
195609
195610
195611
195612
195613
195614
195615
195616
195617
195618
195619
195620
195621
195622
195623
195624
195625
195626
195627
195628
195629
195630
195631
195632
195633
195634
195635
195636
195637
195638
195639
195640
195641
195642
195643
195644
195645
195646
195647
195648
195649
195650
195651
195652
195653
195654
195655
195656
195657
195658
195659
195660
195661
195662
195663
195664
195665
195666
195667
195668
195669
195670
195671
195672
195673
195674
195675
195676
195677
195678
195679
195680
195681
195682
195683
195684
195685
195686
195687
195688
195689
195690
195691
195692
195693
195694
195695
195696
195697
195698
195699
195700
195701
195702
195703
195704
195705
195706
195707
195708
195709
195710
195711
195712
195713
195714
195715
195716
195717
195718
195719
195720
195721
195722
195723
195724
195725
195726
195727
195728
195729
195730
195731
195732
195733
195734
195735
195736
195737
195738
195739
195740
195741
195742
195743
195744
195745
195746
195747
195748
195749
195750
195751
195752
195753
195754
195755
195756
195757
195758
195759
195760
195761
195762
195763
195764
195765
195766
195767
195768
195769
195770
195771
195772
195773
195774
195775
195776
195777
195778
195779
195780
195781
195782
195783
195784
195785
195786
195787
195788
195789
195790
195791
195792
195793
195794
195795
195796
195797
195798
195799
195800
195801
195802
195803
195804
195805
195806
195807
195808
195809
195810
195811
195812
195813
195814
195815
195816
195817
195818
195819
195820
195821
195822
195823
195824
195825
195826
195827
195828
195829
195830
195831
195832
195833
195834
195835
195836
195837
195838
195839
195840
195841
195842
195843
195844
195845
195846
195847
195848
195849
195850
195851
195852
195853
195854
195855
195856
195857
195858
195859
195860
195861
195862
195863
195864
195865
195866
195867
195868
195869
195870
195871
195872
195873
195874
195875
195876
195877
195878
195879
195880
195881
195882
195883
195884
195885
195886
195887
195888
195889
195890
195891
195892
195893
195894
195895
195896
195897
195898
195899
195900
195901
195902
195903
195904
195905
195906
195907
195908
195909
195910
195911
195912
195913
195914
195915
195916
195917
195918
195919
195920
195921
195922
195923
195924
195925
195926
195927
195928
195929
195930
195931
195932
195933
195934
195935
195936
195937
195938
195939
195940
195941
195942
195943
195944
195945
195946
195947
195948
195949
195950
195951
195952
195953
195954
195955
195956
195957
195958
195959
195960
195961
195962
195963
195964
195965
195966
195967
195968
195969
195970
195971
195972
195973
195974
195975
195976
195977
195978
195979
195980
195981
195982
195983
195984
195985
195986
195987
195988
195989
195990
195991
195992
195993
195994
195995
195996
195997
195998
195999
196000
196001
196002
196003
196004
196005
196006
196007
196008
196009
196010
196011
196012
196013
196014
196015
196016
196017
196018
196019
196020
196021
196022
196023
196024
196025
196026
196027
196028
196029
196030
196031
196032
196033
196034
196035
196036
196037
196038
196039
196040
196041
196042
196043
196044
196045
196046
196047
196048
196049
196050
196051
196052
196053
196054
196055
196056
196057
196058
196059
196060
196061
196062
196063
196064
196065
196066
196067
196068
196069
196070
196071
196072
196073
196074
196075
196076
196077
196078
196079
196080
196081
196082
196083
196084
196085
196086
196087
196088
196089
196090
196091
196092
196093
196094
196095
196096
196097
196098
196099
196100
196101
196102
196103
196104
196105
196106
196107
196108
196109
196110
196111
196112
196113
196114
196115
196116
196117
196118
196119
196120
196121
196122
196123
196124
196125
196126
196127
196128
196129
196130
196131
196132
196133
196134
196135
196136
196137
196138
196139
196140
196141
196142
196143
196144
196145
196146
196147
196148
196149
196150
196151
196152
196153
196154
196155
196156
196157
196158
196159
196160
196161
196162
196163
196164
196165
196166
196167
196168
196169
196170
196171
196172
196173
196174
196175
196176
196177
196178
196179
196180
196181
196182
196183
196184
196185
196186
196187
196188
196189
196190
196191
196192
196193
196194
196195
196196
196197
196198
196199
196200
196201
196202
196203
196204
196205
196206
196207
196208
196209
196210
196211
196212
196213
196214
196215
196216
196217
196218
196219
196220
196221
196222
196223
196224
196225
196226
196227
196228
196229
196230
196231
196232
196233
196234
196235
196236
196237
196238
196239
196240
196241
196242
196243
196244
196245
196246
196247
196248
196249
196250
196251
196252
196253
196254
196255
196256
196257
196258
196259
196260
196261
196262
196263
196264
196265
196266
196267
196268
196269
196270
196271
196272
196273
196274
196275
196276
196277
196278
196279
196280
196281
196282
196283
196284
196285
196286
196287
196288
196289
196290
196291
196292
196293
196294
196295
196296
196297
196298
196299
196300
196301
196302
196303
196304
196305
196306
196307
196308
196309
196310
196311
196312
196313
196314
196315
196316
196317
196318
196319
196320
196321
196322
196323
196324
196325
196326
196327
196328
196329
196330
196331
196332
196333
196334
196335
196336
196337
196338
196339
196340
196341
196342
196343
196344
196345
196346
196347
196348
196349
196350
196351
196352
196353
196354
196355
196356
196357
196358
196359
196360
196361
196362
196363
196364
196365
196366
196367
196368
196369
196370
196371
196372
196373
196374
196375
196376
196377
196378
196379
196380
196381
196382
196383
196384
196385
196386
196387
196388
196389
196390
196391
196392
196393
196394
196395
196396
196397
196398
196399
196400
196401
196402
196403
196404
196405
196406
196407
196408
196409
196410
196411
196412
196413
196414
196415
196416
196417
196418
196419
196420
196421
196422
196423
196424
196425
196426
196427
196428
196429
196430
196431
196432
196433
196434
196435
196436
196437
196438
196439
196440
196441
196442
196443
196444
196445
196446
196447
196448
196449
196450
196451
196452
196453
196454
196455
196456
196457
196458
196459
196460
196461
196462
196463
196464
196465
196466
196467
196468
196469
196470
196471
196472
196473
196474
196475
196476
196477
196478
196479
196480
196481
196482
196483
196484
196485
196486
196487
196488
196489
196490
196491
196492
196493
196494
196495
196496
196497
196498
196499
196500
196501
196502
196503
196504
196505
196506
196507
196508
196509
196510
196511
196512
196513
196514
196515
196516
196517
196518
196519
196520
196521
196522
196523
196524
196525
196526
196527
196528
196529
196530
196531
196532
196533
196534
196535
196536
196537
196538
196539
196540
196541
196542
196543
196544
196545
196546
196547
196548
196549
196550
196551
196552
196553
196554
196555
196556
196557
196558
196559
196560
196561
196562
196563
196564
196565
196566
196567
196568
196569
196570
196571
196572
196573
196574
196575
196576
196577
196578
196579
196580
196581
196582
196583
196584
196585
196586
196587
196588
196589
196590
196591
196592
196593
196594
196595
196596
196597
196598
196599
196600
196601
196602
196603
196604
196605
196606
196607
196608
196609
196610
196611
196612
196613
196614
196615
196616
196617
196618
196619
196620
196621
196622
196623
196624
196625
196626
196627
196628
196629
196630
196631
196632
196633
196634
196635
196636
196637
196638
196639
196640
196641
196642
196643
196644
196645
196646
196647
196648
196649
196650
196651
196652
196653
196654
196655
196656
196657
196658
196659
196660
196661
196662
196663
196664
196665
196666
196667
196668
196669
196670
196671
196672
196673
196674
196675
196676
196677
196678
196679
196680
196681
196682
196683
196684
196685
196686
196687
196688
196689
196690
196691
196692
196693
196694
196695
196696
196697
196698
196699
196700
196701
196702
196703
196704
196705
196706
196707
196708
196709
196710
196711
196712
196713
196714
196715
196716
196717
196718
196719
196720
196721
196722
196723
196724
196725
196726
196727
196728
196729
196730
196731
196732
196733
196734
196735
196736
196737
196738
196739
196740
196741
196742
196743
196744
196745
196746
196747
196748
196749
196750
196751
196752
196753
196754
196755
196756
196757
196758
196759
196760
196761
196762
196763
196764
196765
196766
196767
196768
196769
196770
196771
196772
196773
196774
196775
196776
196777
196778
196779
196780
196781
196782
196783
196784
196785
196786
196787
196788
196789
196790
196791
196792
196793
196794
196795
196796
196797
196798
196799
196800
196801
196802
196803
196804
196805
196806
196807
196808
196809
196810
196811
196812
196813
196814
196815
196816
196817
196818
196819
196820
196821
196822
196823
196824
196825
196826
196827
196828
196829
196830
196831
196832
196833
196834
196835
196836
196837
196838
196839
196840
196841
196842
196843
196844
196845
196846
196847
196848
196849
196850
196851
196852
196853
196854
196855
196856
196857
196858
196859
196860
196861
196862
196863
196864
196865
196866
196867
196868
196869
196870
196871
196872
196873
196874
196875
196876
196877
196878
196879
196880
196881
196882
196883
196884
196885
196886
196887
196888
196889
196890
196891
196892
196893
196894
196895
196896
196897
196898
196899
196900
196901
196902
196903
196904
196905
196906
196907
196908
196909
196910
196911
196912
196913
196914
196915
196916
196917
196918
196919
196920
196921
196922
196923
196924
196925
196926
196927
196928
196929
196930
196931
196932
196933
196934
196935
196936
196937
196938
196939
196940
196941
196942
196943
196944
196945
196946
196947
196948
196949
196950
196951
196952
196953
196954
196955
196956
196957
196958
196959
196960
196961
196962
196963
196964
196965
196966
196967
196968
196969
196970
196971
196972
196973
196974
196975
196976
196977
196978
196979
196980
196981
196982
196983
196984
196985
196986
196987
196988
196989
196990
196991
196992
196993
196994
196995
196996
196997
196998
196999
197000
197001
197002
197003
197004
197005
197006
197007
197008
197009
197010
197011
197012
197013
197014
197015
197016
197017
197018
197019
197020
197021
197022
197023
197024
197025
197026
197027
197028
197029
197030
197031
197032
197033
197034
197035
197036
197037
197038
197039
197040
197041
197042
197043
197044
197045
197046
197047
197048
197049
197050
197051
197052
197053
197054
197055
197056
197057
197058
197059
197060
197061
197062
197063
197064
197065
197066
197067
197068
197069
197070
197071
197072
197073
197074
197075
197076
197077
197078
197079
197080
197081
197082
197083
197084
197085
197086
197087
197088
197089
197090
197091
197092
197093
197094
197095
197096
197097
197098
197099
197100
197101
197102
197103
197104
197105
197106
197107
197108
197109
197110
197111
197112
197113
197114
197115
197116
197117
197118
197119
197120
197121
197122
197123
197124
197125
197126
197127
197128
197129
197130
197131
197132
197133
197134
197135
197136
197137
197138
197139
197140
197141
197142
197143
197144
197145
197146
197147
197148
197149
197150
197151
197152
197153
197154
197155
197156
197157
197158
197159
197160
197161
197162
197163
197164
197165
197166
197167
197168
197169
197170
197171
197172
197173
197174
197175
197176
197177
197178
197179
197180
197181
197182
197183
197184
197185
197186
197187
197188
197189
197190
197191
197192
197193
197194
197195
197196
197197
197198
197199
197200
197201
197202
197203
197204
197205
197206
197207
197208
197209
197210
197211
197212
197213
197214
197215
197216
197217
197218
197219
197220
197221
197222
197223
197224
197225
197226
197227
197228
197229
197230
197231
197232
197233
197234
197235
197236
197237
197238
197239
197240
197241
197242
197243
197244
197245
197246
197247
197248
197249
197250
197251
197252
197253
197254
197255
197256
197257
197258
197259
197260
197261
197262
197263
197264
197265
197266
197267
197268
197269
197270
197271
197272
197273
197274
197275
197276
197277
197278
197279
197280
197281
197282
197283
197284
197285
197286
197287
197288
197289
197290
197291
197292
197293
197294
197295
197296
197297
197298
197299
197300
197301
197302
197303
197304
197305
197306
197307
197308
197309
197310
197311
197312
197313
197314
197315
197316
197317
197318
197319
197320
197321
197322
197323
197324
197325
197326
197327
197328
197329
197330
197331
197332
197333
197334
197335
197336
197337
197338
197339
197340
197341
197342
197343
197344
197345
197346
197347
197348
197349
197350
197351
197352
197353
197354
197355
197356
197357
197358
197359
197360
197361
197362
197363
197364
197365
197366
197367
197368
197369
197370
197371
197372
197373
197374
197375
197376
197377
197378
197379
197380
197381
197382
197383
197384
197385
197386
197387
197388
197389
197390
197391
197392
197393
197394
197395
197396
197397
197398
197399
197400
197401
197402
197403
197404
197405
197406
197407
197408
197409
197410
197411
197412
197413
197414
197415
197416
197417
197418
197419
197420
197421
197422
197423
197424
197425
197426
197427
197428
197429
197430
197431
197432
197433
197434
197435
197436
197437
197438
197439
197440
197441
197442
197443
197444
197445
197446
197447
197448
197449
197450
197451
197452
197453
197454
197455
197456
197457
197458
197459
197460
197461
197462
197463
197464
197465
197466
197467
197468
197469
197470
197471
197472
197473
197474
197475
197476
197477
197478
197479
197480
197481
197482
197483
197484
197485
197486
197487
197488
197489
197490
197491
197492
197493
197494
197495
197496
197497
197498
197499
197500
197501
197502
197503
197504
197505
197506
197507
197508
197509
197510
197511
197512
197513
197514
197515
197516
197517
197518
197519
197520
197521
197522
197523
197524
197525
197526
197527
197528
197529
197530
197531
197532
197533
197534
197535
197536
197537
197538
197539
197540
197541
197542
197543
197544
197545
197546
197547
197548
197549
197550
197551
197552
197553
197554
197555
197556
197557
197558
197559
197560
197561
197562
197563
197564
197565
197566
197567
197568
197569
197570
197571
197572
197573
197574
197575
197576
197577
197578
197579
197580
197581
197582
197583
197584
197585
197586
197587
197588
197589
197590
197591
197592
197593
197594
197595
197596
197597
197598
197599
197600
197601
197602
197603
197604
197605
197606
197607
197608
197609
197610
197611
197612
197613
197614
197615
197616
197617
197618
197619
197620
197621
197622
197623
197624
197625
197626
197627
197628
197629
197630
197631
197632
197633
197634
197635
197636
197637
197638
197639
197640
197641
197642
197643
197644
197645
197646
197647
197648
197649
197650
197651
197652
197653
197654
197655
197656
197657
197658
197659
197660
197661
197662
197663
197664
197665
197666
197667
197668
197669
197670
197671
197672
197673
197674
197675
197676
197677
197678
197679
197680
197681
197682
197683
197684
197685
197686
197687
197688
197689
197690
197691
197692
197693
197694
197695
197696
197697
197698
197699
197700
197701
197702
197703
197704
197705
197706
197707
197708
197709
197710
197711
197712
197713
197714
197715
197716
197717
197718
197719
197720
197721
197722
197723
197724
197725
197726
197727
197728
197729
197730
197731
197732
197733
197734
197735
197736
197737
197738
197739
197740
197741
197742
197743
197744
197745
197746
197747
197748
197749
197750
197751
197752
197753
197754
197755
197756
197757
197758
197759
197760
197761
197762
197763
197764
197765
197766
197767
197768
197769
197770
197771
197772
197773
197774
217575
217576
217577
217578
217579
217580
217581
217582
217583
217584
217585
217586
217587
217588
217589
217590
217591
217592
217593
217594
217595
217596
217597
217598
217599
217600
217601
217602
217603
217604
217605
217606
217607
217608
217609
217610
217611
217612
217613
217614
217615
217616
217617
217618
217619
217620
217621
217622
217623
217624
217625
217626
217627
217628
217629
217630
217631
217632
217633
217634
217635
217636
217637
217638
217639
217640
217641
217642
217643
217644
217645
217646
217647
217648
217649
217650
217651
217652
217653
217654
217655
217656
217657
217658
217659
217660
217661
217662
217663
217664
217665
217666
217667
217668
217669
217670
217671
217672
217673
217674
217675
217676
217677
217678
217679
217680
217681
217682
217683
217684
217685
217686
217687
217688
217689
217690
217691
217692
217693
217694
217695
217696
217697
217698
217699
217700
217701
217702
217703
217704
217705
217706
217707
217708
217709
217710
217711
217712
217713
217714
217715
217716
217717
217718
217719
217720
217721
217722
217723
217724
217725
217726
217727
217728
217729
217730
217731
217732
217733
217734
217735
217736
217737
217738
217739
217740
217741
217742
217743
217744
217745
217746
217747
217748
217749
217750
217751
217752
217753
217754
217755
217756
217757
217758
217759
217760
217761
217762
217763
217764
217765
217766
217767
217768
217769
217770
217771
217772
217773
217774
217775
217776
217777
217778
217779
217780
217781
217782
217783
217784
217785
217786
217787
217788
217789
217790
217791
217792
217793
217794
217795
217796
217797
217798
217799
217800
217801
217802
217803
217804
217805
217806
217807
217808
217809
217810
217811
217812
217813
217814
217815
217816
217817
217818
217819
217820
217821
217822
217823
217824
217825
217826
217827
217828
217829
217830
217831
217832
217833
217834
217835
217836
217837
217838
217839
217840
217841
217842
217843
217844
217845
217846
217847
217848
217849
217850
217851
217852
217853
217854
217855
217856
217857
217858
217859
217860
217861
217862
217863
217864
217865
217866
217867
217868
217869
217870
217871
217872
217873
217874
217875
217876
217877
217878
217879
217880
217881
217882
217883
217884
217885
217886
217887
217888
217889
217890
217891
217892
217893
217894
217895
217896
217897
217898
217899
217900
217901
217902
217903
217904
217905
217906
217907
217908
217909
217910
217911
217912
217913
217914
217915
217916
217917
217918
217919
217920
217921
217922
217923
217924
217925
217926
217927
217928
217929
217930
217931
217932
217933
217934
217935
217936
217937
217938
217939
217940
217941
217942
217943
217944
217945
217946
217947
217948
217949
217950
217951
217952
217953
217954
217955
217956
217957
217958
217959
217960
217961
217962
217963
217964
217965
217966
217967
217968
217969
217970
217971
217972
217973
217974
217975
217976
217977
217978
217979
217980
217981
217982
217983
217984
217985
217986
217987
217988
217989
217990
217991
217992
217993
217994
217995
217996
217997
217998
217999
218000
218001
218002
218003
218004
218005
218006
218007
218008
218009
218010
218011
218012
218013
218014
218015
218016
218017
218018
218019
218020
218021
218022
218023
218024
218025
218026
218027
218028
218029
218030
218031
218032
218033
218034
218035
218036
218037
218038
218039
218040
218041
218042
218043
218044
218045
218046
218047
218048
218049
218050
218051
218052
218053
218054
218055
218056
218057
218058
218059
218060
218061
218062
218063
218064
218065
218066
218067
218068
218069
218070
218071
218072
218073
218074
218075
218076
218077
218078
218079
218080
218081
218082
218083
218084
218085
218086
218087
218088
218089
218090
218091
218092
218093
218094
218095
218096
218097
218098
218099
218100
218101
218102
218103
218104
218105
218106
218107
218108
218109
218110
218111
218112
218113
218114
218115
218116
218117
218118
218119
218120
218121
218122
218123
218124
218125
218126
218127
218128
218129
218130
218131
218132
218133
218134
218135
218136
218137
218138
218139
218140
218141
218142
218143
218144
218145
218146
218147
218148
218149
218150
218151
218152
218153
218154
218155
218156
218157
218158
218159
218160
218161
218162
218163
218164
218165
218166
218167
218168
218169
218170
218171
218172
218173
218174
218175
218176
218177
218178
218179
218180
218181
218182
218183
218184
218185
218186
218187
218188
218189
218190
218191
218192
218193
218194
218195
218196
218197
218198
218199
218200
218201
218202
218203
218204
218205
218206
218207
218208
218209
218210
218211
218212
218213
218214
218215
218216
218217
218218
218219
218220
218221
218222
218223
218224
218225
218226
218227
218228
218229
218230
218231
218232
218233
218234
218235
218236
218237
218238
218239
218240
218241
218242
218243
218244
218245
218246
218247
218248
218249
218250
218251
218252
218253
218254
218255
218256
218257
218258
218259
218260
218261
218262
218263
218264
218265
218266
218267
218268
218269
218270
218271
218272
218273
218274
218275
218276
218277
218278
218279
218280
218281
218282
218283
218284
218285
218286
218287
218288
218289
218290
218291
218292
218293
218294
218295
218296
218297
218298
218299
218300
218301
218302
218303
218304
218305
218306
218307
218308
218309
218310
218311
218312
218313
218314
218315
218316
218317
218318
218319
218320
218321
218322
218323
218324
218325
218326
218327
218328
218329
218330
218331
218332
218333
218334
218335
218336
218337
218338
218339
218340
218341
218342
218343
218344
218345
218346
218347
218348
218349
218350
218351
218352
218353
218354
218355
218356
218357
218358
218359
218360
218361
218362
218363
218364
218365
218366
218367
218368
218369
218370
218371
218372
218373
218374
218375
218376
218377
218378
218379
218380
218381
218382
218383
218384
218385
218386
218387
218388
218389
218390
218391
218392
218393
218394
218395
218396
218397
218398
218399
218400
218401
218402
218403
218404
218405
218406
218407
218408
218409
218410
218411
218412
218413
218414
218415
218416
218417
218418
218419
218420
218421
218422
218423
218424
218425
218426
218427
218428
218429
218430
218431
218432
218433
218434
218435
218436
218437
218438
218439
218440
218441
218442
218443
218444
218445
218446
218447
218448
218449
218450
218451
218452
218453
218454
218455
218456
218457
218458
218459
218460
218461
218462
218463
218464
218465
218466
218467
218468
218469
218470
218471
218472
218473
218474
218475
218476
218477
218478
218479
218480
218481
218482
218483
218484
218485
218486
218487
218488
218489
218490
218491
218492
218493
218494
218495
218496
218497
218498
218499
218500
218501
218502
218503
218504
218505
218506
218507
218508
218509
218510
218511
218512
218513
218514
218515
218516
218517
218518
218519
218520
218521
218522
218523
218524
218525
218526
218527
218528
218529
218530
218531
218532
218533
218534
218535
218536
218537
218538
218539
218540
218541
218542
218543
218544
218545
218546
218547
218548
218549
218550
218551
218552
218553
218554
218555
218556
218557
218558
218559
218560
218561
218562
218563
218564
218565
218566
218567
218568
218569
218570
218571
218572
218573
218574
218575
218576
218577
218578
218579
218580
218581
218582
218583
218584
218585
218586
218587
218588
218589
218590
218591
218592
218593
218594
218595
218596
218597
218598
218599
218600
218601
218602
218603
218604
218605
218606
218607
218608
218609
218610
218611
218612
218613
218614
218615
218616
218617
218618
218619
218620
218621
218622
218623
218624
218625
218626
218627
218628
218629
218630
218631
218632
218633
218634
218635
218636
218637
218638
218639
218640
218641
218642
218643
218644
218645
218646
218647
218648
218649
218650
218651
218652
218653
218654
218655
218656
218657
218658
218659
218660
218661
218662
218663
218664
218665
218666
218667
218668
218669
218670
218671
218672
218673
218674
218675
218676
218677
218678
218679
218680
218681
218682
218683
218684
218685
218686
218687
218688
218689
218690
218691
218692
218693
218694
218695
218696
218697
218698
218699
218700
218701
218702
218703
218704
218705
218706
218707
218708
218709
218710
218711
218712
218713
218714
218715
218716
218717
218718
218719
218720
218721
218722
218723
218724
218725
218726
218727
218728
218729
218730
218731
218732
218733
218734
218735
218736
218737
218738
218739
218740
218741
218742
218743
218744
218745
218746
218747
218748
218749
218750
218751
218752
218753
218754
218755
218756
218757
218758
218759
218760
218761
218762
218763
218764
218765
218766
218767
218768
218769
218770
218771
218772
218773
218774
218775
218776
218777
218778
218779
218780
218781
218782
218783
218784
218785
218786
218787
218788
218789
218790
218791
218792
218793
218794
218795
218796
218797
218798
218799
218800
218801
218802
218803
218804
218805
218806
218807
218808
218809
218810
218811
218812
218813
218814
218815
218816
218817
218818
218819
218820
218821
218822
218823
218824
218825
218826
218827
218828
218829
218830
218831
218832
218833
218834
218835
218836
218837
218838
218839
218840
218841
218842
218843
218844
218845
218846
218847
218848
218849
218850
218851
218852
218853
218854
218855
218856
218857
218858
218859
218860
218861
218862
218863
218864
218865
218866
218867
218868
218869
218870
218871
218872
218873
218874
218875
218876
218877
218878
218879
218880
218881
218882
218883
218884
218885
218886
218887
218888
218889
218890
218891
218892
218893
218894
218895
218896
218897
218898
218899
218900
218901
218902
218903
218904
218905
218906
218907
218908
218909
218910
218911
218912
218913
218914
218915
218916
218917
218918
218919
218920
218921
218922
218923
218924
218925
218926
218927
218928
218929
218930
218931
218932
218933
218934
218935
218936
218937
218938
218939
218940
218941
218942
218943
218944
218945
218946
218947
218948
218949
218950
218951
218952
218953
218954
218955
218956
218957
218958
218959
218960
218961
218962
218963
218964
218965
218966
218967
218968
218969
218970
218971
218972
218973
218974
218975
218976
218977
218978
218979
218980
218981
218982
218983
218984
218985
218986
218987
218988
218989
218990
218991
218992
218993
218994
218995
218996
218997
218998
218999
219000
219001
219002
219003
219004
219005
219006
219007
219008
219009
219010
219011
219012
219013
219014
219015
219016
219017
219018
219019
219020
219021
219022
219023
219024
219025
219026
219027
219028
219029
219030
219031
219032
219033
219034
219035
219036
219037
219038
219039
219040
219041
219042
219043
219044
219045
219046
219047
219048
219049
219050
219051
219052
219053
219054
219055
219056
219057
219058
219059
219060
219061
219062
219063
219064
219065
219066
219067
219068
219069
219070
219071
219072
219073
219074
219075
219076
219077
219078
219079
219080
219081
219082
219083
219084
219085
219086
219087
219088
219089
219090
219091
219092
219093
219094
219095
219096
219097
219098
219099
219100
219101
219102
219103
219104
219105
219106
219107
219108
219109
219110
219111
219112
219113
219114
219115
219116
219117
219118
219119
219120
219121
219122
219123
219124
219125
219126
219127
219128
219129
219130
219131
219132
219133
219134
219135
219136
219137
219138
219139
219140
219141
219142
219143
219144
219145
219146
219147
219148
219149
219150
219151
219152
219153
219154
219155
219156
219157
219158
219159
219160
219161
219162
219163
219164
219165
219166
219167
219168
219169
219170
219171
219172
219173
219174
219175
219176
219177
219178
219179
219180
219181
219182
219183
219184
219185
219186
219187
219188
219189
219190
219191
219192
219193
219194
219195
219196
219197
219198
219199
219200
219201
219202
219203
219204
219205
219206
219207
219208
219209
219210
219211
219212
219213
219214
219215
219216
219217
219218
219219
219220
219221
219222
219223
219224
219225
219226
219227
219228
219229
219230
219231
219232
219233
219234
219235
219236
219237
219238
219239
219240
219241
219242
219243
219244
219245
219246
219247
219248
219249
219250
219251
219252
219253
219254
219255
219256
219257
219258
219259
219260
219261
219262
219263
219264
219265
219266
219267
219268
219269
219270
219271
219272
219273
219274
219275
219276
219277
219278
219279
219280
219281
219282
219283
219284
219285
219286
219287
219288
219289
219290
219291
219292
219293
219294
219295
219296
219297
219298
219299
219300
219301
219302
219303
219304
219305
219306
219307
219308
219309
219310
219311
219312
219313
219314
219315
219316
219317
219318
219319
219320
219321
219322
219323
219324
219325
219326
219327
219328
219329
219330
219331
219332
219333
219334
219335
219336
219337
219338
219339
219340
219341
219342
219343
219344
219345
219346
219347
219348
219349
219350
219351
219352
219353
219354
219355
219356
219357
219358
219359
219360
219361
219362
219363
219364
219365
219366
219367
219368
219369
219370
219371
219372
219373
219374
219375
219376
219377
219378
219379
219380
219381
219382
219383
219384
219385
219386
219387
219388
219389
219390
219391
219392
219393
219394
219395
219396
219397
219398
219399
219400
219401
219402
219403
219404
219405
219406
219407
219408
219409
219410
219411
219412
219413
219414
219415
219416
219417
219418
219419
219420
219421
219422
219423
219424
219425
219426
219427
219428
219429
219430
219431
219432
219433
219434
219435
219436
219437
219438
219439
219440
219441
219442
219443
219444
219445
219446
219447
219448
219449
219450
219451
219452
219453
219454
219455
219456
219457
219458
219459
219460
219461
219462
219463
219464
219465
219466
219467
219468
219469
219470
219471
219472
219473
219474
219475
219476
219477
219478
219479
219480
219481
219482
219483
219484
219485
219486
219487
219488
219489
219490
219491
219492
219493
219494
219495
219496
219497
219498
219499
219500
219501
219502
219503
219504
219505
219506
219507
219508
219509
219510
219511
219512
219513
219514
219515
219516
219517
219518
219519
219520
219521
219522
219523
219524
219525
219526
219527
219528
219529
219530
219531
219532
219533
219534
219535
219536
219537
219538
219539
219540
219541
219542
219543
219544
219545
219546
219547
219548
219549
219550
219551
219552
219553
219554
219555
219556
219557
219558
219559
219560
219561
219562
219563
219564
219565
219566
219567
219568
219569
219570
219571
219572
219573
219574
219575
219576
219577
219578
219579
219580
219581
219582
219583
219584
219585
219586
219587
219588
219589
219590
219591
219592
219593
219594
219595
219596
219597
219598
219599
219600
219601
219602
219603
219604
219605
219606
219607
219608
219609
219610
219611
219612
219613
219614
219615
219616
219617
219618
219619
219620
219621
219622
219623
219624
219625
219626
219627
219628
219629
219630
219631
219632
219633
219634
219635
219636
219637
219638
219639
219640
219641
219642
219643
219644
219645
219646
219647
219648
219649
219650
219651
219652
219653
219654
219655
219656
219657
219658
219659
219660
219661
219662
219663
219664
219665
219666
219667
219668
219669
219670
219671
219672
219673
219674
219675
219676
219677
219678
219679
219680
219681
219682
219683
219684
219685
219686
219687
219688
219689
219690
219691
219692
219693
219694
219695
219696
219697
219698
219699
219700
219701
219702
219703
219704
219705
219706
219707
219708
219709
219710
219711
219712
219713
219714
219715
219716
219717
219718
219719
219720
219721
219722
219723
219724
219725
219726
219727
219728
219729
219730
219731
219732
219733
219734
219735
219736
219737
219738
219739
219740
219741
219742
219743
219744
219745
219746
219747
219748
219749
219750
219751
219752
219753
219754
219755
219756
219757
219758
219759
219760
219761
219762
219763
219764
219765
219766
219767
219768
219769
219770
219771
219772
219773
219774
219775
219776
219777
219778
219779
219780
219781
219782
219783
219784
219785
219786
219787
219788
219789
219790
219791
219792
219793
219794
219795
219796
219797
219798
219799
219800
219801
219802
219803
219804
219805
219806
219807
219808
219809
219810
219811
219812
219813
219814
219815
219816
219817
219818
219819
219820
219821
219822
219823
219824
219825
219826
219827
219828
219829
219830
219831
219832
219833
219834
219835
219836
219837
219838
219839
219840
219841
219842
219843
219844
219845
219846
219847
219848
219849
219850
219851
219852
219853
219854
219855
219856
219857
219858
219859
219860
219861
219862
219863
219864
219865
219866
219867
219868
219869
219870
219871
219872
219873
219874
219875
219876
219877
219878
219879
219880
219881
219882
219883
219884
219885
219886
219887
219888
219889
219890
219891
219892
219893
219894
219895
219896
219897
219898
219899
219900
219901
219902
219903
219904
219905
219906
219907
219908
219909
219910
219911
219912
219913
219914
219915
219916
219917
219918
219919
219920
219921
219922
219923
219924
219925
219926
219927
219928
219929
219930
219931
219932
219933
219934
219935
219936
219937
219938
219939
219940
219941
219942
219943
219944
219945
219946
219947
219948
219949
219950
219951
219952
219953
219954
219955
219956
219957
219958
219959
219960
219961
219962
219963
219964
219965
219966
219967
219968
219969
219970
219971
219972
219973
219974
219975
219976
219977
219978
219979
219980
219981
219982
219983
219984
219985
219986
219987
219988
219989
219990
219991
219992
219993
219994
219995
219996
219997
219998
219999
220000
220001
220002
220003
220004
220005
220006
220007
220008
220009
220010
220011
220012
220013
220014
220015
220016
220017
220018
220019
220020
220021
220022
220023
220024
220025
220026
220027
220028
220029
220030
220031
220032
220033
220034
220035
220036
220037
220038
220039
220040
220041
220042
220043
220044
220045
220046
220047
220048
220049
220050
220051
220052
220053
220054
220055
220056
220057
220058
220059
220060
220061
220062
220063
220064
220065
220066
220067
220068
220069
220070
220071
220072
220073
220074
220075
220076
220077
220078
220079
220080
220081
220082
220083
220084
220085
220086
220087
220088
220089
220090
220091
220092
220093
220094
220095
220096
220097
220098
220099
220100
220101
220102
220103
220104
220105
220106
220107
220108
220109
220110
220111
220112
220113
220114
220115
220116
220117
220118
220119
220120
220121
220122
220123
220124
220125
220126
220127
220128
220129
220130
220131
220132
220133
220134
220135
220136
220137
220138
220139
220140
220141
220142
220143
220144
220145
220146
220147
220148
220149
220150
220151
220152
220153
220154
220155
220156
220157
220158
220159
220160
220161
220162
220163
220164
220165
220166
220167
220168
220169
220170
220171
220172
220173
220174
220175
220176
220177
220178
220179
220180
220181
220182
220183
220184
220185
220186
220187
220188
220189
220190
220191
220192
220193
220194
220195
220196
220197
220198
220199
220200
220201
220202
220203
220204
220205
220206
220207
220208
220209
220210
220211
220212
220213
220214
220215
220216
220217
220218
220219
220220
220221
220222
220223
220224
220225
220226
220227
220228
220229
220230
220231
220232
220233
220234
220235
220236
220237
220238
220239
220240
220241
220242
220243
220244
220245
220246
220247
220248
220249
220250
220251
220252
220253
220254
220255
220256
220257
220258
220259
220260
220261
220262
220263
220264
220265
220266
220267
220268
220269
220270
220271
220272
220273
220274
220275
220276
220277
220278
220279
220280
220281
220282
220283
220284
220285
220286
220287
220288
220289
220290
220291
220292
220293
220294
220295
220296
220297
220298
220299
220300
220301
220302
220303
220304
220305
220306
220307
220308
220309
220310
220311
220312
220313
220314
220315
220316
220317
220318
220319
220320
220321
220322
220323
220324
220325
220326
220327
220328
220329
220330
220331
220332
220333
220334
220335
220336
220337
220338
220339
220340
220341
220342
220343
220344
220345
220346
220347
220348
220349
220350
220351
220352
220353
220354
220355
220356
220357
220358
220359
220360
220361
220362
220363
220364
220365
220366
220367
220368
220369
220370
220371
220372
220373
220374
220375
220376
220377
220378
220379
220380
220381
220382
220383
220384
220385
220386
220387
220388
220389
220390
220391
220392
220393
220394
220395
220396
220397
220398
220399
220400
220401
220402
220403
220404
220405
220406
220407
220408
220409
220410
220411
220412
220413
220414
220415
220416
220417
220418
220419
220420
220421
220422
220423
220424
220425
220426
220427
220428
220429
220430
220431
220432
220433
220434
220435
220436
220437
220438
220439
220440
220441
220442
220443
220444
220445
220446
220447
220448
220449
220450
220451
220452
220453
220454
220455
220456
220457
220458
220459
220460
220461
220462
220463
220464
220465
220466
220467
220468
220469
220470
220471
220472
220473
220474
220475
220476
220477
220478
220479
220480
220481
220482
220483
220484
220485
220486
220487
220488
220489
220490
220491
220492
220493
220494
220495
220496
220497
220498
220499
220500
220501
220502
220503
220504
220505
220506
220507
220508
220509
220510
220511
220512
220513
220514
220515
220516
220517
220518
220519
220520
220521
220522
220523
220524
220525
220526
220527
220528
220529
220530
220531
220532
220533
220534
220535
220536
220537
220538
220539
220540
220541
220542
220543
220544
220545
220546
220547
220548
220549
220550
220551
220552
220553
220554
220555
220556
220557
220558
220559
220560
220561
220562
220563
220564
220565
220566
220567
220568
220569
220570
220571
220572
220573
220574
220575
220576
220577
220578
220579
220580
220581
220582
220583
220584
220585
220586
220587
220588
220589
220590
220591
220592
220593
220594
220595
220596
220597
220598
220599
220600
220601
220602
220603
220604
220605
220606
220607
220608
220609
220610
220611
220612
220613
220614
220615
220616
220617
220618
220619
220620
220621
220622
220623
220624
220625
220626
220627
220628
220629
220630
220631
220632
220633
220634
220635
220636
220637
220638
220639
220640
220641
220642
220643
220644
220645
220646
220647
220648
220649
220650
220651
220652
220653
220654
220655
220656
220657
220658
220659
220660
220661
220662
220663
220664
220665
220666
220667
220668
220669
220670
220671
220672
220673
220674
220675
220676
220677
220678
220679
220680
220681
220682
220683
220684
220685
220686
220687
220688
220689
220690
220691
220692
220693
220694
220695
220696
220697
220698
220699
220700
220701
220702
220703
220704
220705
220706
220707
220708
220709
220710
220711
220712
220713
220714
220715
220716
220717
220718
220719
220720
220721
220722
220723
220724
220725
220726
220727
220728
220729
220730
220731
220732
220733
220734
220735
220736
220737
220738
220739
220740
220741
220742
220743
220744
220745
220746
220747
220748
220749
220750
220751
220752
220753
220754
220755
220756
220757
220758
220759
220760
220761
220762
220763
220764
220765
220766
220767
220768
220769
220770
220771
220772
220773
220774
220775
220776
220777
220778
220779
220780
220781
220782
220783
220784
220785
220786
220787
220788
220789
220790
220791
220792
220793
220794
220795
220796
220797
220798
220799
220800
220801
220802
220803
220804
220805
220806
220807
220808
220809
220810
220811
220812
220813
220814
220815
220816
220817
220818
220819
220820
220821
220822
220823
220824
220825
220826
220827
220828
220829
220830
220831
220832
220833
220834
220835
220836
220837
220838
220839
220840
220841
220842
220843
220844
220845
220846
220847
220848
220849
220850
220851
220852
220853
220854
220855
220856
220857
220858
220859
220860
220861
220862
220863
220864
220865
220866
220867
220868
220869
220870
220871
220872
220873
220874
220875
220876
220877
220878
220879
220880
220881
220882
220883
220884
220885
220886
220887
220888
220889
220890
220891
220892
220893
220894
220895
220896
220897
220898
220899
220900
220901
220902
220903
220904
220905
220906
220907
220908
220909
220910
220911
220912
220913
220914
220915
220916
220917
220918
220919
220920
220921
220922
220923
220924
220925
220926
220927
220928
220929
220930
220931
220932
220933
220934
220935
220936
220937
220938
220939
220940
220941
220942
220943
220944
220945
220946
220947
220948
220949
220950
220951
220952
220953
220954
220955
220956
220957
220958
220959
220960
220961
220962
220963
220964
220965
220966
220967
220968
220969
220970
220971
220972
220973
220974
220975
220976
220977
220978
220979
220980
220981
220982
220983
220984
220985
220986
220987
220988
220989
220990
220991
220992
220993
220994
220995
220996
220997
220998
220999
221000
221001
221002
221003
221004
221005
221006
221007
221008
221009
221010
221011
221012
221013
221014
221015
221016
221017
221018
221019
221020
221021
221022
221023
221024
221025
221026
221027
221028
221029
221030
221031
221032
221033
221034
221035
221036
221037
221038
221039
221040
221041
221042
221043
221044
221045
221046
221047
221048
221049
221050
221051
221052
221053
221054
221055
221056
221057
221058
221059
221060
221061
221062
221063
221064
221065
221066
221067
221068
221069
221070
221071
221072
221073
221074
221075
221076
221077
221078
221079
221080
221081
221082
221083
221084
221085
221086
221087
221088
221089
221090
221091
221092
221093
221094
221095
221096
221097
221098
221099
221100
221101
221102
221103
221104
221105
221106
221107
221108
221109
221110
221111
221112
221113
221114
221115
221116
221117
221118
221119
221120
221121
221122
221123
221124
221125
221126
221127
221128
221129
221130
221131
221132
221133
221134
221135
221136
221137
221138
221139
221140
221141
221142
221143
221144
221145
221146
221147
221148
221149
221150
221151
221152
221153
221154
221155
221156
221157
221158
221159
221160
221161
221162
221163
221164
221165
221166
221167
221168
221169
221170
221171
221172
221173
221174
221175
221176
221177
221178
221179
221180
221181
221182
221183
221184
221185
221186
221187
221188
221189
221190
221191
221192
221193
221194
221195
221196
221197
221198
221199
221200
221201
221202
221203
221204
221205
221206
221207
221208
221209
221210
221211
221212
221213
221214
221215
221216
221217
221218
221219
221220
221221
221222
221223
221224
221225
221226
221227
221228
221229
221230
221231
221232
221233
221234
221235
221236
221237
221238
221239
221240
221241
221242
221243
221244
221245
221246
221247
221248
221249
221250
221251
221252
221253
221254
221255
221256
221257
221258
221259
221260
221261
221262
221263
221264
221265
221266
221267
221268
221269
221270
221271
221272
221273
221274
221275
221276
221277
221278
221279
221280
221281
221282
221283
221284
221285
221286
221287
221288
221289
221290
221291
221292
221293
221294
221295
221296
221297
221298
221299
221300
221301
221302
221303
221304
221305
221306
221307
221308
221309
221310
221311
221312
221313
221314
221315
221316
221317
221318
221319
221320
221321
221322
221323
221324
221325
221326
221327
221328
221329
221330
221331
221332
221333
221334
221335
221336
221337
221338
221339
221340
221341
221342
221343
221344
221345
221346
221347
221348
221349
221350
221351
221352
221353
221354
221355
221356
221357
221358
221359
221360
221361
221362
221363
221364
221365
221366
221367
221368
221369
221370
221371
221372
221373
221374
221375
221376
221377
221378
221379
221380
221381
221382
221383
221384
221385
221386
221387
221388
221389
221390
221391
221392
221393
221394
221395
221396
221397
221398
221399
221400
221401
221402
221403
221404
221405
221406
221407
221408
221409
221410
221411
221412
221413
221414
221415
221416
221417
221418
221419
221420
221421
221422
221423
221424
221425
221426
221427
221428
221429
221430
221431
221432
221433
221434
221435
221436
221437
221438
221439
221440
221441
221442
221443
221444
221445
221446
221447
221448
221449
221450
221451
221452
221453
221454
221455
221456
221457
221458
221459
221460
221461
221462
221463
221464
221465
221466
221467
221468
221469
221470
221471
221472
221473
221474
221475
221476
221477
221478
221479
221480
221481
221482
221483
221484
221485
221486
221487
221488
221489
221490
221491
221492
221493
221494
221495
221496
221497
221498
221499
221500
221501
221502
221503
221504
221505
221506
221507
221508
221509
221510
221511
221512
221513
221514
221515
221516
221517
221518
221519
221520
221521
221522
221523
221524
221525
221526
221527
221528
221529
221530
221531
221532
221533
221534
221535
221536
221537
221538
221539
221540
221541
221542
221543
221544
221545
221546
221547
221548
221549
221550
221551
221552
221553
221554
221555
221556
221557
221558
221559
221560
221561
221562
221563
221564
221565
221566
221567
221568
221569
221570
221571
221572
221573
221574
221575
221576
221577
221578
221579
221580
221581
221582
221583
221584
221585
221586
221587
221588
221589
221590
221591
221592
221593
221594
221595
221596
221597
221598
221599
221600
221601
221602
221603
221604
221605
221606
221607
221608
221609
221610
221611
221612
221613
221614
221615
221616
221617
221618
221619
221620
221621
221622
221623
221624
221625
221626
221627
221628
221629
221630
221631
221632
221633
221634
221635
221636
221637
221638
221639
221640
221641
221642
221643
221644
221645
221646
221647
221648
221649
221650
221651
221652
221653
221654
221655
221656
221657
221658
221659
221660
221661
221662
221663
221664
221665
221666
221667
221668
221669
221670
221671
221672
221673
221674
221675
221676
221677
221678
221679
221680
221681
221682
221683
221684
221685
221686
221687
221688
221689
221690
221691
221692
221693
221694
221695
221696
221697
221698
221699
221700
221701
221702
221703
221704
221705
221706
221707
221708
221709
221710
221711
221712
221713
221714
221715
221716
221717
221718
221719
221720
221721
221722
221723
221724
221725
221726
221727
221728
221729
221730
221731
221732
221733
221734
221735
221736
221737
221738
221739
221740
221741
221742
221743
221744
221745
221746
221747
221748
221749
221750
221751
221752
221753
221754
221755
221756
221757
221758
221759
221760
221761
221762
221763
221764
221765
221766
221767
221768
221769
221770
221771
221772
221773
221774
221775
221776
221777
221778
221779
221780
221781
221782
221783
221784
221785
221786
221787
221788
221789
221790
221791
221792
221793
221794
221795
221796
221797
221798
221799
221800
221801
221802
221803
221804
221805
221806
221807
221808
221809
221810
221811
221812
221813
221814
221815
221816
221817
221818
221819
221820
221821
221822
221823
221824
221825
221826
221827
221828
221829
221830
221831
221832
221833
221834
221835
221836
221837
221838
221839
221840
221841
221842
221843
221844
221845
221846
221847
221848
221849
221850
221851
221852
221853
221854
221855
221856
221857
221858
221859
221860
221861
221862
221863
221864
221865
221866
221867
221868
221869
221870
221871
221872
221873
221874
221875
221876
221877
221878
221879
221880
221881
221882
221883
221884
221885
221886
221887
221888
221889
221890
221891
221892
221893
221894
221895
221896
221897
221898
221899
221900
221901
221902
221903
221904
221905
221906
221907
221908
221909
221910
221911
221912
221913
221914
221915
221916
221917
221918
221919
221920
221921
221922
221923
221924
221925
221926
221927
221928
221929
221930
221931
221932
221933
221934
221935
221936
221937
221938
221939
221940
221941
221942
221943
221944
221945
221946
221947
221948
221949
221950
221951
221952
221953
221954
221955
221956
221957
221958
221959
221960
221961
221962
221963
221964
221965
221966
221967
221968
221969
221970
221971
221972
221973
221974
221975
221976
221977
221978
221979
221980
221981
221982
221983
221984
221985
221986
221987
221988
221989
221990
221991
221992
221993
221994
221995
221996
221997
221998
221999
222000
222001
222002
222003
222004
222005
222006
222007
222008
222009
222010
222011
222012
222013
222014
222015
222016
222017
222018
222019
222020
222021
222022
222023
222024
222025
222026
222027
222028
222029
222030
222031
222032
222033
222034
222035
222036
222037
222038
222039
222040
222041
222042
222043
222044
222045
222046
222047
222048
222049
222050
222051
222052
222053
222054
222055
222056
222057
222058
222059
222060
222061
222062
222063
222064
222065
222066
222067
222068
222069
222070
222071
222072
222073
222074
222075
222076
222077
222078
222079
222080
222081
222082
222083
222084
222085
222086
222087
222088
222089
222090
222091
222092
222093
222094
222095
222096
222097
222098
222099
222100
222101
222102
222103
222104
222105
222106
222107
222108
222109
222110
222111
222112
222113
222114
222115
222116
222117
222118
222119
222120
222121
222122
222123
222124
222125
222126
222127
222128
222129
222130
222131
222132
222133
222134
222135
222136
222137
222138
222139
222140
222141
222142
222143
222144
222145
222146
222147
222148
222149
222150
222151
222152
222153
222154
222155
222156
222157
222158
222159
222160
222161
222162
222163
222164
222165
222166
222167
222168
222169
222170
222171
222172
222173
222174
222175
222176
222177
222178
222179
222180
222181
222182
222183
222184
222185
222186
222187
222188
222189
222190
222191
222192
222193
222194
222195
222196
222197
222198
222199
222200
222201
222202
222203
222204
222205
222206
222207
222208
222209
222210
222211
222212
222213
222214
222215
222216
222217
222218
222219
222220
222221
222222
222223
222224
222225
222226
222227
222228
222229
222230
222231
222232
222233
222234
222235
222236
222237
222238
222239
222240
222241
222242
222243
222244
222245
222246
222247
222248
222249
222250
222251
222252
222253
222254
222255
222256
222257
222258
222259
222260
222261
222262
222263
222264
222265
222266
222267
222268
222269
222270
222271
222272
222273
222274
222275
222276
222277
222278
222279
222280
222281
222282
222283
222284
222285
222286
222287
222288
222289
222290
222291
222292
222293
222294
222295
222296
222297
222298
222299
222300
222301
222302
222303
222304
222305
222306
222307
222308
222309
222310
222311
222312
222313
222314
222315
222316
222317
222318
222319
222320
222321
222322
222323
222324
222325
222326
222327
222328
222329
222330
222331
222332
222333
222334
222335
222336
222337
222338
222339
222340
222341
222342
222343
222344
222345
222346
222347
222348
222349
222350
222351
222352
222353
222354
222355
222356
222357
222358
222359
222360
222361
222362
222363
222364
222365
222366
222367
222368
222369
222370
222371
222372
222373
222374
222375
222376
222377
222378
222379
222380
222381
222382
222383
222384
222385
222386
222387
222388
222389
222390
222391
222392
222393
222394
222395
222396
222397
222398
222399
222400
222401
222402
222403
222404
222405
222406
222407
222408
222409
222410
222411
222412
222413
222414
222415
222416
222417
222418
222419
222420
222421
222422
222423
222424
222425
222426
222427
222428
222429
222430
222431
222432
222433
222434
222435
222436
222437
222438
222439
222440
222441
222442
222443
222444
222445
222446
222447
222448
222449
222450
222451
222452
222453
222454
222455
222456
222457
222458
222459
222460
222461
222462
222463
222464
222465
222466
222467
222468
222469
222470
222471
222472
222473
222474
222475
222476
222477
222478
222479
222480
222481
222482
222483
222484
222485
222486
222487
222488
222489
222490
222491
222492
222493
222494
222495
222496
222497
222498
222499
222500
222501
222502
222503
222504
222505
222506
222507
222508
222509
222510
222511
222512
222513
222514
222515
222516
222517
222518
222519
222520
222521
222522
222523
222524
222525
222526
222527
222528
222529
222530
222531
222532
222533
222534
222535
222536
222537
222538
222539
222540
222541
222542
222543
222544
222545
222546
222547
222548
222549
222550
222551
222552
222553
222554
222555
222556
222557
222558
222559
222560
222561
222562
222563
222564
222565
222566
222567
222568
222569
222570
222571
222572
222573
222574
222575
222576
222577
222578
222579
222580
222581
222582
222583
222584
222585
222586
222587
222588
222589
222590
222591
222592
222593
222594
222595
222596
222597
222598
222599
222600
222601
222602
222603
222604
222605
222606
222607
222608
222609
222610
222611
222612
222613
222614
222615
222616
222617
222618
222619
222620
222621
222622
222623
222624
222625
222626
222627
222628
222629
222630
222631
222632
222633
222634
222635
222636
222637
222638
222639
222640
222641
222642
222643
222644
222645
222646
222647
222648
222649
222650
222651
222652
222653
222654
222655
222656
222657
222658
222659
222660
222661
222662
222663
222664
222665
222666
222667
222668
222669
222670
222671
222672
222673
222674
222675
222676
222677
222678
222679
222680
222681
222682
222683
222684
222685
222686
222687
222688
222689
222690
222691
222692
222693
222694
222695
222696
222697
222698
222699
222700
222701
222702
222703
222704
222705
222706
222707
222708
222709
222710
222711
222712
222713
222714
222715
222716
222717
222718
222719
222720
222721
222722
222723
222724
222725
222726
222727
222728
222729
222730
222731
222732
222733
222734
222735
222736
222737
222738
222739
222740
222741
222742
222743
222744
222745
222746
222747
222748
222749
222750
222751
222752
222753
222754
222755
222756
222757
222758
222759
222760
222761
222762
222763
222764
222765
222766
222767
222768
222769
222770
222771
222772
222773
222774
222775
222776
222777
222778
222779
222780
222781
222782
222783
222784
222785
222786
222787
222788
222789
222790
222791
222792
222793
222794
222795
222796
222797
222798
222799
222800
222801
222802
222803
222804
222805
222806
222807
222808
222809
222810
222811
222812
222813
222814
222815
222816
222817
222818
222819
222820
222821
222822
222823
222824
222825
222826
222827
222828
222829
222830
222831
222832
222833
222834
222835
222836
222837
222838
222839
222840
222841
222842
222843
222844
222845
222846
222847
222848
222849
222850
222851
222852
222853
222854
222855
222856
222857
222858
222859
222860
222861
222862
222863
222864
222865
222866
222867
222868
222869
222870
222871
222872
222873
222874
222875
222876
222877
222878
222879
222880
222881
222882
222883
222884
222885
222886
222887
222888
222889
222890
222891
222892
222893
222894
222895
222896
222897
222898
222899
222900
222901
222902
222903
222904
222905
222906
222907
222908
222909
222910
222911
222912
222913
222914
222915
222916
222917
222918
222919
222920
222921
222922
222923
222924
222925
222926
222927
222928
222929
222930
222931
222932
222933
222934
222935
222936
222937
222938
222939
222940
222941
222942
222943
222944
222945
222946
222947
222948
222949
222950
222951
222952
222953
222954
222955
222956
222957
222958
222959
222960
222961
222962
222963
222964
222965
222966
222967
222968
222969
222970
222971
222972
222973
222974
222975
222976
222977
222978
222979
222980
222981
222982
222983
222984
222985
222986
222987
222988
222989
222990
222991
222992
222993
222994
222995
222996
222997
222998
222999
223000
223001
223002
223003
223004
223005
223006
223007
223008
223009
223010
223011
223012
223013
223014
223015
223016
223017
223018
223019
223020
223021
223022
223023
223024
223025
223026
223027
223028
223029
223030
223031
223032
223033
223034
223035
223036
223037
223038
223039
223040
223041
223042
223043
223044
223045
223046
223047
223048
223049
223050
223051
223052
223053
223054
223055
223056
223057
223058
223059
223060
223061
223062
223063
223064
223065
223066
223067
223068
223069
223070
223071
223072
223073
223074
223075
223076
223077
223078
223079
223080
223081
223082
223083
223084
223085
223086
223087
223088
223089
223090
223091
223092
223093
223094
223095
223096
223097
223098
223099
223100
223101
223102
223103
223104
223105
223106
223107
223108
223109
223110
223111
223112
223113
223114
223115
223116
223117
223118
223119
223120
223121
223122
223123
223124
223125
223126
223127
223128
223129
223130
223131
223132
223133
223134
223135
223136
223137
223138
223139
223140
223141
223142
223143
223144
223145
223146
223147
223148
223149
223150
223151
223152
223153
223154
223155
223156
223157
223158
223159
223160
223161
223162
223163
223164
223165
223166
223167
223168
223169
223170
223171
223172
223173
223174
223175
223176
223177
223178
223179
223180
223181
223182
223183
223184
223185
223186
223187
223188
223189
223190
223191
223192
223193
223194
223195
223196
223197
223198
223199
223200
223201
223202
223203
223204
223205
223206
223207
223208
223209
223210
223211
223212
223213
223214
223215
223216
223217
223218
223219
223220
223221
223222
223223
223224
223225
223226
223227
223228
223229
223230
223231
223232
223233
223234
223235
223236
223237
223238
223239
223240
223241
223242
223243
223244
223245
223246
223247
223248
223249
223250
223251
223252
223253
223254
223255
223256
223257
223258
223259
223260
223261
223262
223263
223264
223265
223266
223267
223268
223269
223270
223271
223272
223273
223274
223275
223276
223277
223278
223279
223280
223281
223282
223283
223284
223285
223286
223287
223288
223289
223290
223291
223292
223293
223294
223295
223296
223297
223298
223299
223300
223301
223302
223303
223304
223305
223306
223307
223308
223309
223310
223311
223312
223313
223314
223315
223316
223317
223318
223319
223320
223321
223322
223323
223324
223325
223326
223327
223328
223329
223330
223331
223332
223333
223334
223335
223336
223337
223338
223339
223340
223341
223342
223343
223344
223345
223346
223347
223348
223349
223350
223351
223352
223353
223354
223355
223356
223357
223358
223359
223360
223361
223362
223363
223364
223365
223366
223367
223368
223369
223370
223371
223372
223373
223374
223375
223376
223377
223378
223379
223380
223381
223382
223383
223384
223385
223386
223387
223388
223389
223390
223391
223392
223393
223394
223395
223396
223397
223398
223399
223400
223401
223402
223403
223404
223405
223406
223407
223408
223409
223410
223411
223412
223413
223414
223415
223416
223417
223418
223419
223420
223421
223422
223423
223424
223425
223426
223427
223428
223429
223430
223431
223432
223433
223434
223435
223436
223437
223438
223439
223440
223441
223442
223443
223444
223445
223446
223447
223448
223449
223450
223451
223452
223453
223454
223455
223456
223457
223458
223459
223460
223461
223462
223463
223464
223465
223466
223467
223468
223469
223470
223471
223472
223473
223474
223475
223476
223477
223478
223479
223480
223481
223482
223483
223484
223485
223486
223487
223488
223489
223490
223491
223492
223493
223494
223495
223496
223497
223498
223499
223500
223501
223502
223503
223504
223505
223506
223507
223508
223509
223510
223511
223512
223513
223514
223515
223516
223517
223518
223519
223520
223521
223522
223523
223524
223525
223526
223527
223528
223529
223530
223531
223532
223533
223534
223535
223536
223537
223538
223539
223540
223541
223542
223543
223544
223545
223546
223547
223548
223549
223550
223551
223552
223553
223554
223555
223556
223557
223558
223559
223560
223561
223562
223563
223564
223565
223566
223567
223568
223569
223570
223571
223572
223573
223574
223575
223576
223577
223578
223579
223580
223581
223582
223583
223584
223585
223586
223587
223588
223589
223590
223591
223592
223593
223594
223595
223596
223597
223598
223599
223600
223601
223602
223603
223604
223605
223606
223607
223608
223609
223610
223611
223612
223613
223614
223615
223616
223617
223618
223619
223620
223621
223622
223623
223624
223625
223626
223627
223628
223629
223630
223631
223632
223633
223634
223635
223636
223637
223638
223639
223640
223641
223642
223643
223644
223645
223646
223647
223648
223649
223650
223651
223652
223653
223654
223655
223656
223657
223658
223659
223660
223661
223662
223663
223664
223665
223666
223667
223668
223669
223670
223671
223672
223673
223674
223675
223676
223677
223678
223679
223680
223681
223682
223683
223684
223685
223686
223687
223688
223689
223690
223691
223692
223693
223694
223695
223696
223697
223698
223699
223700
223701
223702
223703
223704
223705
223706
223707
223708
223709
223710
223711
223712
223713
223714
223715
223716
223717
223718
223719
223720
223721
223722
223723
223724
223725
223726
223727
223728
223729
223730
223731
223732
223733
223734
223735
223736
223737
223738
223739
223740
223741
223742
223743
223744
223745
223746
223747
223748
223749
223750
223751
223752
223753
223754
223755
223756
223757
223758
223759
223760
223761
223762
223763
223764
223765
223766
223767
223768
223769
223770
223771
223772
223773
223774
223775
223776
223777
223778
223779
223780
223781
223782
223783
223784
223785
223786
223787
223788
223789
223790
223791
223792
223793
223794
223795
223796
223797
223798
223799
223800
223801
223802
223803
223804
223805
223806
223807
223808
223809
223810
223811
223812
223813
223814
223815
223816
223817
223818
223819
223820
223821
223822
223823
223824
223825
223826
223827
223828
223829
223830
223831
223832
223833
223834
223835
223836
223837
223838
223839
223840
223841
223842
223843
223844
223845
223846
223847
223848
223849
223850
223851
223852
223853
223854
223855
223856
223857
223858
223859
223860
223861
223862
223863
223864
223865
223866
223867
223868
223869
223870
223871
223872
223873
223874
223875
223876
223877
223878
223879
223880
223881
223882
223883
223884
223885
223886
223887
223888
223889
223890
223891
223892
223893
223894
223895
223896
223897
223898
223899
223900
223901
223902
223903
223904
223905
223906
223907
223908
223909
223910
223911
223912
223913
223914
223915
223916
223917
223918
223919
223920
223921
223922
223923
223924
223925
223926
223927
223928
223929
223930
223931
223932
223933
223934
223935
223936
223937
223938
223939
223940
223941
223942
223943
223944
223945
223946
223947
223948
223949
223950
223951
223952
223953
223954
223955
223956
223957
223958
223959
223960
223961
223962
223963
223964
223965
223966
223967
223968
223969
223970
223971
223972
223973
223974
223975
223976
223977
223978
223979
223980
223981
223982
223983
223984
223985
223986
223987
223988
223989
223990
223991
223992
223993
223994
223995
223996
223997
223998
223999
224000
224001
224002
224003
224004
224005
224006
224007
224008
224009
224010
224011
224012
224013
224014
224015
224016
224017
224018
224019
224020
224021
224022
224023
224024
224025
224026
224027
224028
224029
224030
224031
224032
224033
224034
224035
224036
224037
224038
224039
224040
224041
224042
224043
224044
224045
224046
224047
224048
224049
224050
224051
224052
224053
224054
224055
224056
224057
224058
224059
224060
224061
224062
224063
224064
224065
224066
224067
224068
224069
224070
224071
224072
224073
224074
224075
224076
224077
224078
224079
224080
224081
224082
224083
224084
224085
224086
224087
224088
224089
224090
224091
224092
224093
224094
224095
224096
224097
224098
224099
224100
224101
224102
224103
224104
224105
224106
224107
224108
224109
224110
224111
224112
224113
224114
224115
224116
224117
224118
224119
224120
224121
224122
224123
224124
224125
224126
224127
224128
224129
224130
224131
224132
224133
224134
224135
224136
224137
224138
224139
224140
224141
224142
224143
224144
224145
224146
224147
224148
224149
224150
224151
224152
224153
224154
224155
224156
224157
224158
224159
224160
224161
224162
224163
224164
224165
224166
224167
224168
224169
224170
224171
224172
224173
224174
224175
224176
224177
224178
224179
224180
224181
224182
224183
224184
224185
224186
224187
224188
224189
224190
224191
224192
224193
224194
224195
224196
224197
224198
224199
224200
224201
224202
224203
224204
224205
224206
224207
224208
224209
224210
224211
224212
224213
224214
224215
224216
224217
224218
224219
224220
224221
224222
224223
224224
224225
224226
224227
224228
224229
224230
224231
224232
224233
224234
224235
224236
224237
224238
224239
224240
224241
224242
224243
224244
224245
224246
224247
224248
224249
224250
224251
224252
224253
224254
224255
224256
224257
224258
224259
224260
224261
224262
224263
224264
224265
224266
224267
224268
224269
224270
224271
224272
224273
224274
224275
224276
224277
224278
224279
224280
224281
224282
224283
224284
224285
224286
224287
224288
224289
224290
224291
224292
224293
224294
224295
224296
224297
224298
224299
224300
224301
224302
224303
224304
224305
224306
224307
224308
224309
224310
224311
224312
224313
224314
224315
224316
224317
224318
224319
224320
224321
224322
224323
224324
224325
224326
224327
224328
224329
224330
224331
224332
224333
224334
224335
224336
224337
224338
224339
224340
224341
224342
224343
224344
224345
224346
224347
224348
224349
224350
224351
224352
224353
224354
224355
224356
224357
224358
224359
224360
224361
224362
224363
224364
224365
224366
224367
224368
224369
224370
224371
224372
224373
224374
224375
224376
224377
224378
224379
224380
224381
224382
224383
224384
224385
224386
224387
224388
224389
224390
224391
224392
224393
224394
224395
224396
224397
224398
224399
224400
224401
224402
224403
224404
224405
224406
224407
224408
224409
224410
224411
224412
224413
224414
224415
224416
224417
224418
224419
224420
224421
224422
224423
224424
224425
224426
224427
224428
224429
224430
224431
224432
224433
224434
224435
224436
224437
224438
224439
224440
224441
224442
224443
224444
224445
224446
224447
224448
224449
224450
224451
224452
224453
224454
224455
224456
224457
224458
224459
224460
224461
224462
224463
224464
224465
224466
224467
224468
224469
224470
224471
224472
224473
224474
224475
224476
224477
224478
224479
224480
224481
224482
224483
224484
224485
224486
224487
224488
224489
224490
224491
224492
224493
224494
224495
224496
224497
224498
224499
224500
224501
224502
224503
224504
224505
224506
224507
224508
224509
224510
224511
224512
224513
224514
224515
224516
224517
224518
224519
224520
224521
224522
224523
224524
224525
224526
224527
224528
224529
224530
224531
224532
224533
224534
224535
224536
224537
224538
224539
224540
224541
224542
224543
224544
224545
224546
224547
224548
224549
224550
224551
224552
224553
224554
224555
224556
224557
224558
224559
224560
224561
224562
224563
224564
224565
224566
224567
224568
224569
224570
224571
224572
224573
224574
224575
224576
224577
224578
224579
224580
224581
224582
224583
224584
224585
224586
224587
224588
224589
224590
224591
224592
224593
224594
224595
224596
224597
224598
224599
224600
224601
224602
224603
224604
224605
224606
224607
224608
224609
224610
224611
224612
224613
224614
224615
224616
224617
224618
224619
224620
224621
224622
224623
224624
224625
224626
224627
224628
224629
224630
224631
224632
224633
224634
224635
224636
224637
224638
224639
224640
224641
224642
224643
224644
224645
224646
224647
224648
224649
224650
224651
224652
224653
224654
224655
224656
224657
224658
224659
224660
224661
224662
224663
224664
224665
224666
224667
224668
224669
224670
224671
224672
224673
224674
224675
224676
224677
224678
224679
224680
224681
224682
224683
224684
224685
224686
224687
224688
224689
224690
224691
224692
224693
224694
224695
224696
224697
224698
224699
224700
224701
224702
224703
224704
224705
224706
224707
224708
224709
224710
224711
224712
224713
224714
224715
224716
224717
224718
224719
224720
224721
224722
224723
224724
224725
224726
224727
224728
224729
224730
224731
224732
224733
224734
224735
224736
224737
224738
224739
224740
224741
224742
224743
224744
224745
224746
224747
224748
224749
224750
224751
224752
224753
224754
224755
224756
224757
224758
224759
224760
224761
224762
224763
224764
224765
224766
224767
224768
224769
224770
224771
224772
224773
224774
224775
224776
224777
224778
224779
224780
224781
224782
224783
224784
224785
224786
224787
224788
224789
224790
224791
224792
224793
224794
224795
224796
224797
224798
224799
224800
224801
224802
224803
224804
224805
224806
224807
224808
224809
224810
224811
224812
224813
224814
224815
224816
224817
224818
224819
224820
224821
224822
224823
224824
224825
224826
224827
224828
224829
224830
224831
224832
224833
224834
224835
224836
224837
224838
224839
224840
224841
224842
224843
224844
224845
224846
224847
224848
224849
224850
224851
224852
224853
224854
224855
224856
224857
224858
224859
224860
224861
224862
224863
224864
224865
224866
224867
224868
224869
224870
224871
224872
224873
224874
224875
224876
224877
224878
224879
224880
224881
224882
224883
224884
224885
224886
224887
224888
224889
224890
224891
224892
224893
224894
224895
224896
224897
224898
224899
224900
224901
224902
224903
224904
224905
224906
224907
224908
224909
224910
224911
224912
224913
224914
224915
224916
224917
224918
224919
224920
224921
224922
224923
224924
224925
224926
224927
224928
224929
224930
224931
224932
224933
224934
224935
224936
224937
224938
224939
224940
224941
224942
224943
224944
224945
224946
224947
224948
224949
224950
224951
224952
224953
224954
224955
224956
224957
224958
224959
224960
224961
224962
224963
224964
224965
224966
224967
224968
224969
224970
224971
224972
224973
224974
224975
224976
224977
224978
224979
224980
224981
224982
224983
224984
224985
224986
224987
224988
224989
224990
224991
224992
224993
224994
224995
224996
224997
224998
224999
225000
225001
225002
225003
225004
225005
225006
225007
225008
225009
225010
225011
225012
225013
225014
225015
225016
225017
225018
225019
225020
225021
225022
225023
225024
225025
225026
225027
225028
225029
225030
225031
225032
225033
225034
225035
225036
225037
225038
225039
225040
225041
225042
225043
225044
225045
225046
225047
225048
225049
225050
225051
225052
225053
225054
225055
225056
225057
225058
225059
225060
225061
225062
225063
225064
225065
225066
225067
225068
225069
225070
225071
225072
225073
225074
225075
225076
225077
225078
225079
225080
225081
225082
225083
225084
225085
225086
225087
225088
225089
225090
225091
225092
225093
225094
225095
225096
225097
225098
225099
225100
225101
225102
225103
225104
225105
225106
225107
225108
225109
225110
225111
225112
225113
225114
225115
225116
225117
225118
225119
225120
225121
225122
225123
225124
225125
225126
225127
225128
225129
225130
225131
225132
225133
225134
225135
225136
225137
225138
225139
225140
225141
225142
225143
225144
225145
225146
225147
225148
225149
225150
225151
225152
225153
225154
225155
225156
225157
225158
225159
225160
225161
225162
225163
225164
225165
225166
225167
225168
225169
225170
225171
225172
225173
225174
225175
225176
225177
225178
225179
225180
225181
225182
225183
225184
225185
225186
225187
225188
225189
225190
225191
225192
225193
225194
225195
225196
225197
225198
225199
225200
225201
225202
225203
225204
225205
225206
225207
225208
225209
225210
225211
225212
225213
225214
225215
225216
225217
225218
225219
225220
225221
225222
225223
225224
225225
225226
225227
225228
225229
225230
225231
225232
225233
225234
225235
225236
225237
225238
225239
225240
225241
225242
225243
225244
225245
225246
225247
225248
225249
225250
225251
225252
225253
225254
225255
225256
225257
225258
225259
225260
225261
225262
225263
225264
225265
225266
225267
225268
225269
225270
225271
225272
225273
225274
225275
225276
225277
225278
225279
225280
225281
225282
225283
225284
225285
225286
225287
225288
225289
225290
225291
225292
225293
225294
225295
225296
225297
225298
225299
225300
225301
225302
225303
225304
225305
225306
225307
225308
225309
225310
225311
225312
225313
225314
225315
225316
225317
225318
225319
225320
225321
225322
225323
225324
225325
225326
225327
225328
225329
225330
225331
225332
225333
225334
225335
225336
225337
225338
225339
225340
225341
225342
225343
225344
225345
225346
225347
225348
225349
225350
225351
225352
225353
225354
225355
225356
225357
225358
225359
225360
225361
225362
225363
225364
225365
225366
225367
225368
225369
225370
225371
225372
225373
225374
225375
225376
225377
225378
225379
225380
225381
225382
225383
225384
225385
225386
225387
225388
225389
225390
225391
225392
225393
225394
225395
225396
225397
225398
225399
225400
225401
225402
225403
225404
225405
225406
225407
225408
225409
225410
225411
225412
225413
225414
225415
225416
225417
225418
225419
225420
225421
225422
225423
225424
225425
225426
225427
225428
225429
225430
225431
225432
225433
225434
225435
225436
225437
225438
225439
225440
225441
225442
225443
225444
225445
225446
225447
225448
225449
225450
225451
225452
225453
225454
225455
225456
225457
225458
225459
225460
225461
225462
225463
225464
225465
225466
225467
225468
225469
225470
225471
225472
225473
225474
225475
225476
225477
225478
225479
225480
225481
225482
225483
225484
225485
225486
225487
225488
225489
225490
225491
225492
225493
225494
225495
225496
225497
225498
225499
225500
225501
225502
225503
225504
225505
225506
225507
225508
225509
225510
225511
225512
225513
225514
225515
225516
225517
225518
225519
225520
225521
225522
225523
225524
225525
225526
225527
225528
225529
225530
225531
225532
225533
225534
225535
225536
225537
225538
225539
225540
225541
225542
225543
225544
225545
225546
225547
225548
225549
225550
225551
225552
225553
225554
225555
225556
225557
225558
225559
225560
225561
225562
225563
225564
225565
225566
225567
225568
225569
225570
225571
225572
225573
225574
225575
225576
225577
225578
225579
225580
225581
225582
225583
225584
225585
225586
225587
225588
225589
225590
225591
225592
225593
225594
225595
225596
225597
225598
225599
225600
225601
225602
225603
225604
225605
225606
225607
225608
225609
225610
225611
225612
225613
225614
225615
225616
225617
225618
225619
225620
225621
225622
225623
225624
225625
225626
225627
225628
225629
225630
225631
225632
225633
225634
225635
225636
225637
225638
225639
225640
225641
225642
225643
225644
225645
225646
225647
225648
225649
225650
225651
225652
225653
225654
225655
225656
225657
225658
225659
225660
225661
225662
225663
225664
225665
225666
225667
225668
225669
225670
225671
225672
225673
225674
225675
225676
225677
225678
225679
225680
225681
225682
225683
225684
225685
225686
225687
225688
225689
225690
225691
225692
225693
225694
225695
225696
225697
225698
225699
225700
225701
225702
225703
225704
225705
225706
225707
225708
225709
225710
225711
225712
225713
225714
225715
225716
225717
225718
225719
225720
225721
225722
225723
225724
225725
225726
225727
225728
225729
225730
225731
225732
225733
225734
225735
225736
225737
225738
225739
225740
225741
225742
225743
225744
225745
225746
225747
225748
225749
225750
225751
225752
225753
225754
225755
225756
225757
225758
225759
225760
225761
225762
225763
225764
225765
225766
225767
225768
225769
225770
225771
225772
225773
225774
225775
225776
225777
225778
225779
225780
225781
225782
225783
225784
225785
225786
225787
225788
225789
225790
225791
225792
225793
225794
225795
225796
225797
225798
225799
225800
225801
225802
225803
225804
225805
225806
225807
225808
225809
225810
225811
225812
225813
225814
225815
225816
225817
225818
225819
225820
225821
225822
225823
225824
225825
225826
225827
225828
225829
225830
225831
225832
225833
225834
225835
225836
225837
225838
225839
225840
225841
225842
225843
225844
225845
225846
225847
225848
225849
225850
225851
225852
225853
225854
225855
225856
225857
225858
225859
225860
225861
225862
225863
225864
225865
225866
225867
225868
225869
225870
225871
225872
225873
225874
225875
225876
225877
225878
225879
225880
225881
225882
225883
225884
225885
225886
225887
225888
225889
225890
225891
225892
225893
225894
225895
225896
225897
225898
225899
225900
225901
225902
225903
225904
225905
225906
225907
225908
225909
225910
225911
225912
225913
225914
225915
225916
225917
225918
225919
225920
225921
225922
225923
225924
225925
225926
225927
225928
225929
225930
225931
225932
225933
225934
225935
225936
225937
225938
225939
225940
225941
225942
225943
225944
225945
225946
225947
225948
225949
225950
225951
225952
225953
225954
225955
225956
225957
225958
225959
225960
225961
225962
225963
225964
225965
225966
225967
225968
225969
225970
225971
225972
225973
225974
225975
225976
225977
225978
225979
225980
225981
225982
225983
225984
225985
225986
225987
225988
225989
225990
225991
225992
225993
225994
225995
225996
225997
225998
225999
226000
226001
226002
226003
226004
226005
226006
226007
226008
226009
226010
226011
226012
226013
226014
226015
226016
226017
226018
226019
226020
226021
226022
226023
226024
226025
226026
226027
226028
226029
226030
226031
226032
226033
226034
226035
226036
226037
226038
226039
226040
226041
226042
226043
226044
226045
226046
226047
226048
226049
226050
226051
226052
226053
226054
226055
226056
226057
226058
226059
226060
226061
226062
226063
226064
226065
226066
226067
226068
226069
226070
226071
226072
226073
226074
226075
226076
226077
226078
226079
226080
226081
226082
226083
226084
226085
226086
226087
226088
226089
226090
226091
226092
226093
226094
226095
226096
226097
226098
226099
226100
226101
226102
226103
226104
226105
226106
226107
226108
226109
226110
226111
226112
226113
226114
226115
226116
226117
226118
226119
226120
226121
226122
226123
226124
226125
226126
226127
226128
226129
226130
226131
226132
226133
226134
226135
226136
226137
226138
226139
226140
226141
226142
226143
226144
226145
226146
226147
226148
226149
226150
226151
226152
226153
226154
226155
226156
226157
226158
226159
226160
226161
226162
226163
226164
226165
226166
226167
226168
226169
226170
226171
226172
226173
226174
226175
226176
226177
226178
226179
226180
226181
226182
226183
226184
226185
226186
226187
226188
226189
226190
226191
226192
226193
226194
226195
226196
226197
226198
226199
226200
226201
226202
226203
226204
226205
226206
226207
226208
226209
226210
226211
226212
226213
226214
226215
226216
226217
226218
226219
226220
226221
226222
226223
226224
226225
226226
226227
226228
226229
226230
226231
226232
226233
226234
226235
226236
226237
226238
226239
226240
226241
226242
226243
226244
226245
226246
226247
226248
226249
226250
226251
226252
226253
226254
226255
226256
226257
226258
226259
226260
226261
226262
226263
226264
226265
226266
226267
226268
226269
226270
226271
226272
226273
226274
226275
226276
226277
226278
226279
226280
226281
226282
226283
226284
226285
226286
226287
226288
226289
226290
226291
226292
226293
226294
226295
226296
226297
226298
226299
226300
226301
226302
226303
226304
226305
226306
226307
226308
226309
226310
226311
226312
226313
226314
226315
226316
226317
226318
226319
226320
226321
226322
226323
226324
226325
226326
226327
226328
226329
226330
226331
226332
226333
226334
226335
226336
226337
226338
226339
226340
226341
226342
226343
226344
226345
226346
226347
226348
226349
226350
226351
226352
226353
226354
226355
226356
226357
226358
226359
226360
226361
226362
226363
226364
226365
226366
226367
226368
226369
226370
226371
226372
226373
226374
226375
226376
226377
226378
226379
226380
226381
226382
226383
226384
226385
226386
226387
226388
226389
226390
226391
226392
226393
226394
226395
226396
226397
226398
226399
226400
226401
226402
226403
226404
226405
226406
226407
226408
226409
226410
226411
226412
226413
226414
226415
226416
226417
226418
226419
226420
226421
226422
226423
226424
226425
226426
226427
226428
226429
226430
226431
226432
226433
226434
226435
226436
226437
226438
226439
226440
226441
226442
226443
226444
226445
226446
226447
226448
226449
226450
226451
226452
226453
226454
226455
226456
226457
226458
226459
226460
226461
226462
226463
226464
226465
226466
226467
226468
226469
226470
226471
226472
226473
226474
226475
226476
226477
226478
226479
226480
226481
226482
226483
226484
226485
226486
226487
226488
226489
226490
226491
226492
226493
226494
226495
226496
226497
226498
226499
226500
226501
226502
226503
226504
226505
226506
226507
226508
226509
226510
226511
226512
226513
226514
226515
226516
226517
226518
226519
226520
226521
226522
226523
226524
226525
226526
226527
226528
226529
226530
226531
226532
226533
226534
226535
226536
226537
226538
226539
226540
226541
226542
226543
226544
226545
226546
226547
226548
226549
226550
226551
226552
226553
226554
226555
226556
226557
226558
226559
226560
226561
226562
226563
226564
226565
226566
226567
226568
226569
226570
226571
226572
226573
226574
226575
226576
226577
226578
226579
226580
226581
226582
226583
226584
226585
226586
226587
226588
226589
226590
226591
226592
226593
226594
226595
226596
226597
226598
226599
226600
226601
226602
226603
226604
226605
226606
226607
226608
226609
226610
226611
226612
226613
226614
226615
226616
226617
226618
226619
226620
226621
226622
226623
226624
226625
226626
226627
226628
226629
226630
226631
226632
226633
226634
226635
226636
226637
226638
226639
226640
226641
226642
226643
226644
226645
226646
226647
226648
226649
226650
226651
226652
226653
226654
226655
226656
226657
226658
226659
226660
226661
226662
226663
226664
226665
226666
226667
226668
226669
226670
226671
226672
226673
226674
226675
226676
226677
226678
226679
226680
226681
226682
226683
226684
226685
226686
226687
226688
226689
226690
226691
226692
226693
226694
226695
226696
226697
226698
226699
226700
226701
226702
226703
226704
226705
226706
226707
226708
226709
226710
226711
226712
226713
226714
226715
226716
226717
226718
226719
226720
226721
226722
226723
226724
226725
226726
226727
226728
226729
226730
226731
226732
226733
226734
226735
226736
226737
226738
226739
226740
226741
226742
226743
226744
226745
226746
226747
226748
226749
226750
226751
226752
226753
226754
226755
226756
226757
226758
226759
226760
226761
226762
226763
226764
226765
226766
226767
226768
226769
226770
226771
226772
226773
226774
226775
226776
226777
226778
226779
226780
226781
226782
226783
226784
226785
226786
226787
226788
226789
226790
226791
226792
226793
226794
226795
226796
226797
226798
226799
226800
226801
226802
226803
226804
226805
226806
226807
226808
226809
226810
226811
226812
226813
226814
226815
226816
226817
226818
226819
226820
226821
226822
226823
226824
226825
226826
226827
226828
226829
226830
226831
226832
226833
226834
226835
226836
226837
226838
226839
226840
226841
226842
226843
226844
226845
226846
226847
226848
226849
226850
226851
226852
226853
226854
226855
226856
226857
226858
226859
226860
226861
226862
226863
226864
226865
226866
226867
226868
226869
226870
226871
226872
226873
226874
226875
226876
226877
226878
226879
226880
226881
226882
226883
226884
226885
226886
226887
226888
226889
226890
226891
226892
226893
226894
226895
226896
226897
226898
226899
226900
226901
226902
226903
226904
226905
226906
226907
226908
226909
226910
226911
226912
226913
226914
226915
226916
226917
226918
226919
226920
226921
226922
226923
226924
226925
226926
226927
226928
226929
226930
226931
226932
226933
226934
226935
226936
226937
226938
226939
226940
226941
226942
226943
226944
226945
226946
226947
226948
226949
226950
226951
226952
226953
226954
226955
226956
226957
226958
226959
226960
226961
226962
226963
226964
226965
226966
226967
226968
226969
226970
226971
226972
226973
226974
226975
226976
226977
226978
226979
226980
226981
226982
226983
226984
226985
226986
226987
226988
226989
226990
226991
226992
226993
226994
226995
226996
226997
226998
226999
227000
227001
227002
227003
227004
227005
227006
227007
227008
227009
227010
227011
227012
227013
227014
227015
227016
227017
227018
227019
227020
227021
227022
227023
227024
227025
227026
227027
227028
227029
227030
227031
227032
227033
227034
227035
227036
227037
227038
227039
227040
227041
227042
227043
227044
227045
227046
227047
227048
227049
227050
227051
227052
227053
227054
227055
227056
227057
227058
227059
227060
227061
227062
227063
227064
227065
227066
227067
227068
227069
227070
227071
227072
227073
227074
227075
227076
227077
227078
227079
227080
227081
227082
227083
227084
227085
227086
227087
227088
227089
227090
227091
227092
227093
227094
227095
227096
227097
227098
227099
227100
227101
227102
227103
227104
227105
227106
227107
227108
227109
227110
227111
227112
227113
227114
227115
227116
227117
227118
227119
227120
227121
227122
227123
227124
227125
227126
227127
227128
227129
227130
227131
227132
227133
227134
227135
227136
227137
227138
227139
227140
227141
227142
227143
227144
227145
227146
227147
227148
227149
227150
227151
227152
227153
227154
227155
227156
227157
227158
227159
227160
227161
227162
227163
227164
227165
227166
227167
227168
227169
227170
227171
227172
227173
227174
227175
227176
227177
227178
227179
227180
227181
227182
227183
227184
227185
227186
227187
227188
227189
227190
227191
227192
227193
227194
227195
227196
227197
227198
227199
227200
227201
227202
227203
227204
227205
227206
227207
227208
227209
227210
227211
227212
227213
227214
227215
227216
227217
227218
227219
227220
227221
227222
227223
227224
227225
227226
227227
227228
227229
227230
227231
227232
227233
227234
227235
227236
227237
227238
227239
227240
227241
227242
227243
227244
227245
227246
227247
227248
227249
227250
227251
227252
227253
227254
227255
227256
227257
227258
227259
227260
227261
227262
227263
227264
227265
227266
227267
227268
227269
227270
227271
227272
227273
227274
227275
227276
227277
227278
227279
227280
227281
227282
227283
227284
227285
227286
227287
227288
227289
227290
227291
227292
227293
227294
227295
227296
227297
227298
227299
227300
227301
227302
227303
227304
227305
227306
227307
227308
227309
227310
227311
227312
227313
227314
227315
227316
227317
227318
227319
227320
227321
227322
227323
227324
227325
227326
227327
227328
227329
227330
227331
227332
227333
227334
227335
227336
227337
227338
227339
227340
227341
227342
227343
227344
227345
227346
227347
227348
227349
227350
227351
227352
227353
227354
227355
227356
227357
227358
227359
227360
227361
227362
227363
227364
227365
227366
227367
227368
227369
227370
227371
227372
227373
227374
227375
227376
227377
227378
227379
227380
227381
227382
227383
227384
227385
227386
227387
227388
227389
227390
227391
227392
227393
227394
227395
227396
227397
227398
227399
227400
227401
227402
227403
227404
227405
227406
227407
227408
227409
227410
227411
227412
227413
227414
227415
227416
227417
227418
227419
227420
227421
227422
227423
227424
227425
227426
227427
227428
227429
227430
227431
227432
227433
227434
227435
227436
227437
227438
227439
227440
227441
227442
227443
227444
227445
227446
227447
227448
227449
227450
227451
227452
227453
227454
227455
227456
227457
227458
227459
227460
227461
227462
227463
227464
227465
227466
227467
227468
227469
227470
227471
227472
227473
227474
227475
227476
227477
227478
227479
227480
227481
227482
227483
227484
227485
227486
227487
227488
227489
227490
227491
227492
227493
227494
227495
227496
227497
227498
227499
227500
227501
227502
227503
227504
227505
227506
227507
227508
227509
227510
227511
227512
227513
227514
227515
227516
227517
227518
227519
227520
227521
227522
227523
227524
227525
227526
227527
227528
227529
227530
227531
227532
227533
227534
227535
227536
227537
227538
227539
227540
227541
227542
227543
227544
227545
227546
227547
227548
227549
227550
227551
227552
227553
227554
227555
227556
227557
227558
227559
227560
227561
227562
227563
227564
227565
227566
227567
227568
227569
227570
227571
227572
227573
227574
227575
227576
227577
227578
227579
227580
227581
227582
227583
227584
227585
227586
227587
227588
227589
227590
227591
227592
227593
227594
227595
227596
227597
227598
227599
227600
227601
227602
227603
227604
227605
227606
227607
227608
227609
227610
227611
227612
227613
227614
227615
227616
227617
227618
227619
227620
227621
227622
227623
227624
227625
227626
227627
227628
227629
227630
227631
227632
227633
227634
227635
227636
227637
227638
227639
227640
227641
227642
227643
227644
227645
227646
227647
227648
227649
227650
227651
227652
227653
227654
227655
227656
227657
227658
227659
227660
227661
227662
227663
227664
227665
227666
227667
227668
227669
227670
227671
227672
227673
227674
227675
227676
227677
227678
227679
227680
227681
227682
227683
227684
227685
227686
227687
227688
227689
227690
227691
227692
227693
227694
227695
227696
227697
227698
227699
227700
227701
227702
227703
227704
227705
227706
227707
227708
227709
227710
227711
227712
227713
227714
227715
227716
227717
227718
227719
227720
227721
227722
227723
227724
227725
227726
227727
227728
227729
227730
227731
227732
227733
227734
227735
227736
227737
227738
227739
227740
227741
227742
227743
227744
227745
227746
227747
227748
227749
227750
227751
227752
227753
227754
227755
227756
227757
227758
227759
227760
227761
227762
227763
227764
227765
227766
227767
227768
227769
227770
227771
227772
227773
227774
227775
227776
227777
227778
227779
227780
227781
227782
227783
227784
227785
227786
227787
227788
227789
227790
227791
227792
227793
227794
227795
227796
227797
227798
227799
227800
227801
227802
227803
227804
227805
227806
227807
227808
227809
227810
227811
227812
227813
227814
227815
227816
227817
227818
227819
227820
227821
227822
227823
227824
227825
227826
227827
227828
227829
227830
227831
227832
227833
227834
227835
227836
227837
227838
227839
227840
227841
227842
227843
227844
227845
227846
227847
227848
227849
227850
227851
227852
227853
227854
227855
227856
227857
227858
227859
227860
227861
227862
227863
227864
227865
227866
227867
227868
227869
227870
227871
227872
227873
227874
227875
227876
227877
227878
227879
227880
227881
227882
227883
227884
227885
227886
227887
227888
227889
227890
227891
227892
227893
227894
227895
227896
227897
227898
227899
227900
227901
227902
227903
227904
227905
227906
227907
227908
227909
227910
227911
227912
227913
227914
227915
227916
227917
227918
227919
227920
227921
227922
227923
227924
227925
227926
227927
227928
227929
227930
227931
227932
227933
227934
227935
227936
227937
227938
227939
227940
227941
227942
227943
227944
227945
227946
227947
227948
227949
227950
227951
227952
227953
227954
227955
227956
227957
227958
227959
227960
227961
227962
227963
227964
227965
227966
227967
227968
227969
227970
227971
227972
227973
227974
227975
227976
227977
227978
227979
227980
227981
227982
227983
227984
227985
227986
227987
227988
227989
227990
227991
227992
227993
227994
227995
227996
227997
227998
227999
228000
228001
228002
228003
228004
228005
228006
228007
228008
228009
228010
228011
228012
228013
228014
228015
228016
228017
228018
228019
228020
228021
228022
228023
228024
228025
228026
228027
228028
228029
228030
228031
228032
228033
228034
228035
228036
228037
228038
228039
228040
228041
228042
228043
228044
228045
228046
228047
228048
228049
228050
228051
228052
228053
228054
228055
228056
228057
228058
228059
228060
228061
228062
228063
228064
228065
228066
228067
228068
228069
228070
228071
228072
228073
228074
228075
228076
228077
228078
228079
228080
228081
228082
228083
228084
228085
228086
228087
228088
228089
228090
228091
228092
228093
228094
228095
228096
228097
228098
228099
228100
228101
228102
228103
228104
228105
228106
228107
228108
228109
228110
228111
228112
228113
228114
228115
228116
228117
228118
228119
228120
228121
228122
228123
228124
228125
228126
228127
228128
228129
228130
228131
228132
228133
228134
228135
228136
228137
228138
228139
228140
228141
228142
228143
228144
228145
228146
228147
228148
228149
228150
228151
228152
228153
228154
228155
228156
228157
228158
228159
228160
228161
228162
228163
228164
228165
228166
228167
228168
228169
228170
228171
228172
228173
228174
228175
228176
228177
228178
228179
228180
228181
228182
228183
228184
228185
228186
228187
228188
228189
228190
228191
228192
228193
228194
228195
228196
228197
228198
228199
228200
228201
228202
228203
228204
228205
228206
228207
228208
228209
228210
228211
228212
228213
228214
228215
228216
228217
228218
228219
228220
228221
228222
228223
228224
228225
228226
228227
228228
228229
228230
228231
228232
228233
228234
228235
228236
228237
228238
228239
228240
228241
228242
228243
228244
228245
228246
228247
228248
228249
228250
228251
228252
228253
228254
228255
228256
228257
228258
228259
228260
228261
228262
228263
228264
228265
228266
228267
228268
228269
228270
228271
228272
228273
228274
228275
228276
228277
228278
228279
228280
228281
228282
228283
228284
228285
228286
228287
228288
228289
228290
228291
228292
228293
228294
228295
228296
228297
228298
228299
228300
228301
228302
228303
228304
228305
228306
228307
228308
228309
228310
228311
228312
228313
228314
228315
228316
228317
228318
228319
228320
228321
228322
228323
228324
228325
228326
228327
228328
228329
228330
228331
228332
228333
228334
228335
228336
228337
228338
228339
228340
228341
228342
228343
228344
228345
228346
228347
228348
228349
228350
228351
228352
228353
228354
228355
228356
228357
228358
228359
228360
228361
228362
228363
228364
228365
228366
228367
228368
228369
228370
228371
228372
228373
228374
228375
228376
228377
228378
228379
228380
228381
228382
228383
228384
228385
228386
228387
228388
228389
228390
228391
228392
228393
228394
228395
228396
228397
228398
228399
228400
228401
228402
228403
228404
228405
228406
228407
228408
228409
228410
228411
228412
228413
228414
228415
228416
228417
228418
228419
228420
228421
228422
228423
228424
228425
228426
228427
228428
228429
228430
228431
228432
228433
228434
228435
228436
228437
228438
228439
228440
228441
228442
228443
228444
228445
228446
228447
228448
228449
228450
228451
228452
228453
228454
228455
228456
228457
228458
228459
228460
228461
228462
228463
228464
228465
228466
228467
228468
228469
228470
228471
228472
228473
228474
228475
228476
228477
228478
228479
228480
228481
228482
228483
228484
228485
228486
228487
228488
228489
228490
228491
228492
228493
228494
228495
228496
228497
228498
228499
228500
228501
228502
228503
228504
228505
228506
228507
228508
228509
228510
228511
228512
228513
228514
228515
228516
228517
228518
228519
228520
228521
228522
228523
228524
228525
228526
228527
228528
228529
228530
228531
228532
228533
228534
228535
228536
228537
228538
228539
228540
228541
228542
228543
228544
228545
228546
228547
228548
228549
228550
228551
228552
228553
228554
228555
228556
228557
228558
228559
228560
228561
228562
228563
228564
228565
228566
228567
228568
228569
228570
228571
228572
228573
228574
228575
228576
228577
228578
228579
228580
228581
228582
228583
228584
228585
228586
228587
228588
228589
228590
228591
228592
228593
228594
228595
228596
228597
228598
228599
228600
228601
228602
228603
228604
228605
228606
228607
228608
228609
228610
228611
228612
228613
228614
228615
228616
228617
228618
228619
228620
228621
228622
228623
228624
228625
228626
228627
228628
228629
228630
228631
228632
228633
228634
228635
228636
228637
228638
228639
228640
228641
228642
228643
228644
228645
228646
228647
228648
228649
228650
228651
228652
228653
228654
228655
228656
228657
228658
228659
228660
228661
228662
228663
228664
228665
228666
228667
228668
228669
228670
228671
228672
228673
228674
228675
228676
228677
228678
228679
228680
228681
228682
228683
228684
228685
228686
228687
228688
228689
228690
228691
228692
228693
228694
228695
228696
228697
228698
228699
228700
228701
228702
228703
228704
228705
228706
228707
228708
228709
228710
228711
228712
228713
228714
228715
228716
228717
228718
228719
228720
228721
228722
228723
228724
228725
228726
228727
228728
228729
228730
228731
228732
228733
228734
228735
228736
228737
228738
228739
228740
228741
228742
228743
228744
228745
228746
228747
228748
228749
228750
228751
228752
228753
228754
228755
228756
228757
228758
228759
228760
228761
228762
228763
228764
228765
228766
228767
228768
228769
228770
228771
228772
228773
228774
228775
228776
228777
228778
228779
228780
228781
228782
228783
228784
228785
228786
228787
228788
228789
228790
228791
228792
228793
228794
228795
228796
228797
228798
228799
228800
228801
228802
228803
228804
228805
228806
228807
228808
228809
228810
228811
228812
228813
228814
228815
228816
228817
228818
228819
228820
228821
228822
228823
228824
228825
228826
228827
228828
228829
228830
228831
228832
228833
228834
228835
228836
228837
228838
228839
228840
228841
228842
228843
228844
228845
228846
228847
228848
228849
228850
228851
228852
228853
228854
228855
228856
228857
228858
228859
228860
228861
228862
228863
228864
228865
228866
228867
228868
228869
228870
228871
228872
228873
228874
228875
228876
228877
228878
228879
228880
228881
228882
228883
228884
228885
228886
228887
228888
228889
228890
228891
228892
228893
228894
228895
228896
228897
228898
228899
228900
228901
228902
228903
228904
228905
228906
228907
228908
228909
228910
228911
228912
228913
228914
228915
228916
228917
228918
228919
228920
228921
228922
228923
228924
228925
228926
228927
228928
228929
228930
228931
228932
228933
228934
228935
228936
228937
228938
228939
228940
228941
228942
228943
228944
228945
228946
228947
228948
228949
228950
228951
228952
228953
228954
228955
228956
228957
228958
228959
228960
228961
228962
228963
228964
228965
228966
228967
228968
228969
228970
228971
228972
228973
228974
228975
228976
228977
228978
228979
228980
228981
228982
228983
228984
228985
228986
228987
228988
228989
228990
228991
228992
228993
228994
228995
228996
228997
228998
228999
229000
229001
229002
229003
229004
229005
229006
229007
229008
229009
229010
229011
229012
229013
229014
229015
229016
229017
229018
229019
229020
229021
229022
229023
229024
229025
229026
229027
229028
229029
229030
229031
229032
229033
229034
229035
229036
229037
229038
229039
229040
229041
229042
229043
229044
229045
229046
229047
229048
229049
229050
229051
229052
229053
229054
229055
229056
229057
229058
229059
229060
229061
229062
229063
229064
229065
229066
229067
229068
229069
229070
229071
229072
229073
229074
229075
229076
229077
229078
229079
229080
229081
229082
229083
229084
229085
229086
229087
229088
229089
229090
229091
229092
229093
229094
229095
229096
229097
229098
229099
229100
229101
229102
229103
229104
229105
229106
229107
229108
229109
229110
229111
229112
229113
229114
229115
229116
229117
229118
229119
229120
229121
229122
229123
229124
229125
229126
229127
229128
229129
229130
229131
229132
229133
229134
229135
229136
229137
229138
229139
229140
229141
229142
229143
229144
229145
229146
229147
229148
229149
229150
229151
229152
229153
229154
229155
229156
229157
229158
229159
229160
229161
229162
229163
229164
229165
229166
229167
229168
229169
229170
229171
229172
229173
229174
229175
229176
229177
229178
229179
229180
229181
229182
229183
229184
229185
229186
229187
229188
229189
229190
229191
229192
229193
229194
229195
229196
229197
229198
229199
229200
229201
229202
229203
229204
229205
229206
229207
229208
229209
229210
229211
229212
229213
229214
229215
229216
229217
229218
229219
229220
229221
229222
229223
229224
229225
229226
229227
229228
229229
229230
229231
229232
229233
229234
229235
229236
229237
229238
229239
229240
229241
229242
229243
229244
229245
229246
229247
229248
229249
229250
229251
229252
229253
229254
229255
229256
229257
229258
229259
229260
229261
229262
229263
229264
229265
229266
229267
229268
229269
229270
229271
229272
229273
229274
229275
229276
229277
229278
229279
229280
229281
229282
229283
229284
229285
229286
229287
229288
229289
229290
229291
229292
229293
229294
229295
229296
229297
229298
229299
229300
229301
229302
229303
229304
229305
229306
229307
229308
229309
229310
229311
229312
229313
229314
229315
229316
229317
229318
229319
229320
229321
229322
229323
229324
229325
229326
229327
229328
229329
229330
229331
229332
229333
229334
229335
229336
229337
229338
229339
229340
229341
229342
229343
229344
229345
229346
229347
229348
229349
229350
229351
229352
229353
229354
229355
229356
229357
229358
229359
229360
229361
229362
229363
229364
229365
229366
229367
229368
229369
229370
229371
229372
229373
229374
229375
229376
229377
229378
229379
229380
229381
229382
229383
229384
229385
229386
229387
229388
229389
229390
229391
229392
229393
229394
229395
229396
229397
229398
229399
229400
229401
229402
229403
229404
229405
229406
229407
229408
229409
229410
229411
229412
229413
229414
229415
229416
229417
229418
229419
229420
229421
229422
229423
229424
229425
229426
229427
229428
229429
229430
229431
229432
229433
229434
229435
229436
229437
229438
229439
229440
229441
229442
229443
229444
229445
229446
229447
229448
229449
229450
229451
229452
229453
229454
229455
229456
229457
229458
229459
229460
229461
229462
229463
229464
229465
229466
229467
229468
229469
229470
229471
229472
229473
229474
229475
229476
229477
229478
229479
229480
229481
229482
229483
229484
229485
229486
229487
229488
229489
229490
229491
229492
229493
229494
229495
229496
229497
229498
229499
229500
229501
229502
229503
229504
229505
229506
229507
229508
229509
229510
229511
229512
229513
229514
229515
229516
229517
229518
229519
229520
229521
229522
229523
229524
229525
229526
229527
229528
229529
229530
229531
229532
229533
229534
229535
229536
229537
229538
229539
229540
229541
229542
229543
229544
229545
229546
229547
229548
229549
229550
229551
229552
229553
229554
229555
229556
229557
229558
229559
229560
229561
229562
229563
229564
229565
229566
229567
229568
229569
229570
229571
229572
229573
229574
229575
229576
229577
229578
229579
229580
229581
229582
229583
229584
229585
229586
229587
229588
229589
229590
229591
229592
229593
229594
229595
229596
229597
229598
229599
229600
229601
229602
229603
229604
229605
229606
229607
229608
229609
229610
229611
229612
229613
229614
229615
229616
229617
229618
229619
229620
229621
229622
229623
229624
229625
229626
229627
229628
229629
229630
229631
229632
229633
229634
229635
229636
229637
229638
229639
229640
229641
229642
229643
229644
229645
229646
229647
229648
229649
229650
229651
229652
229653
229654
229655
229656
229657
229658
229659
229660
229661
229662
229663
229664
229665
229666
229667
229668
229669
229670
229671
229672
229673
229674
229675
229676
229677
229678
229679
229680
229681
229682
229683
229684
229685
229686
229687
229688
229689
229690
229691
229692
229693
229694
229695
229696
229697
229698
229699
229700
229701
229702
229703
229704
229705
229706
229707
229708
229709
229710
229711
229712
229713
229714
229715
229716
229717
229718
229719
229720
229721
229722
229723
229724
229725
229726
229727
229728
229729
229730
229731
229732
229733
229734
229735
229736
229737
229738
229739
229740
229741
229742
229743
229744
229745
229746
229747
229748
229749
229750
229751
229752
229753
229754
229755
229756
229757
229758
229759
229760
229761
229762
229763
229764
229765
229766
229767
229768
229769
229770
229771
229772
229773
229774
229775
229776
229777
229778
229779
229780
229781
229782
229783
229784
229785
229786
229787
229788
229789
229790
229791
229792
229793
229794
229795
229796
229797
229798
229799
229800
229801
229802
229803
229804
229805
229806
229807
229808
229809
229810
229811
229812
229813
229814
229815
229816
229817
229818
229819
229820
229821
229822
229823
229824
229825
229826
229827
229828
229829
229830
229831
229832
229833
229834
229835
229836
229837
229838
229839
229840
229841
229842
229843
229844
229845
229846
229847
229848
229849
229850
229851
229852
229853
229854
229855
229856
229857
229858
229859
229860
229861
229862
229863
229864
229865
229866
229867
229868
229869
229870
229871
229872
229873
229874
229875
229876
229877
229878
229879
229880
229881
229882
229883
229884
229885
229886
229887
229888
229889
229890
229891
229892
229893
229894
229895
229896
229897
229898
229899
229900
229901
229902
229903
229904
229905
229906
229907
229908
229909
229910
229911
229912
229913
229914
229915
229916
229917
229918
229919
229920
229921
229922
229923
229924
229925
229926
229927
229928
229929
229930
229931
229932
229933
229934
229935
229936
229937
229938
229939
229940
229941
229942
229943
229944
229945
229946
229947
229948
229949
229950
229951
229952
229953
229954
229955
229956
229957
229958
229959
229960
229961
229962
229963
229964
229965
229966
229967
229968
229969
229970
229971
229972
229973
229974
229975
229976
229977
229978
229979
229980
229981
229982
229983
229984
229985
229986
229987
229988
229989
229990
229991
229992
229993
229994
229995
229996
229997
229998
229999
230000
230001
230002
230003
230004
230005
230006
230007
230008
230009
230010
230011
230012
230013
230014
230015
230016
230017
230018
230019
230020
230021
230022
230023
230024
230025
230026
230027
230028
230029
230030
230031
230032
230033
230034
230035
230036
230037
230038
230039
230040
230041
230042
230043
230044
230045
230046
230047
230048
230049
230050
230051
230052
230053
230054
230055
230056
230057
230058
230059
230060
230061
230062
230063
230064
230065
230066
230067
230068
230069
230070
230071
230072
230073
230074
230075
230076
230077
230078
230079
230080
230081
230082
230083
230084
230085
230086
230087
230088
230089
230090
230091
230092
230093
230094
230095
230096
230097
230098
230099
230100
230101
230102
230103
230104
230105
230106
230107
230108
230109
230110
230111
230112
230113
230114
230115
230116
230117
230118
230119
230120
230121
230122
230123
230124
230125
230126
230127
230128
230129
230130
230131
230132
230133
230134
230135
230136
230137
230138
230139
230140
230141
230142
230143
230144
230145
230146
230147
230148
230149
230150
230151
230152
230153
230154
230155
230156
230157
230158
230159
230160
230161
230162
230163
230164
230165
230166
230167
230168
230169
230170
230171
230172
230173
230174
230175
230176
230177
230178
230179
230180
230181
230182
230183
230184
230185
230186
230187
230188
230189
230190
230191
230192
230193
230194
230195
230196
230197
230198
230199
230200
230201
230202
230203
230204
230205
230206
230207
230208
230209
230210
230211
230212
230213
230214
230215
230216
230217
230218
230219
230220
230221
230222
230223
230224
230225
230226
230227
230228
230229
230230
230231
230232
230233
230234
230235
230236
230237
230238
230239
230240
230241
230242
230243
230244
230245
230246
230247
230248
230249
230250
230251
230252
230253
230254
230255
230256
230257
230258
230259
230260
230261
230262
230263
230264
230265
230266
230267
230268
230269
230270
230271
230272
230273
230274
230275
230276
230277
230278
230279
230280
230281
230282
230283
230284
230285
230286
230287
230288
230289
230290
230291
230292
230293
230294
230295
230296
230297
230298
230299
230300
230301
230302
230303
230304
230305
230306
230307
230308
230309
230310
230311
230312
230313
230314
230315
230316
230317
230318
230319
230320
230321
230322
230323
230324
230325
230326
230327
230328
230329
230330
230331
230332
230333
230334
230335
230336
230337
230338
230339
230340
230341
230342
230343
230344
230345
230346
230347
230348
230349
230350
230351
230352
230353
230354
230355
230356
230357
230358
230359
230360
230361
230362
230363
230364
230365
230366
230367
230368
230369
230370
230371
230372
230373
230374
230375
230376
230377
230378
230379
230380
230381
230382
230383
230384
230385
230386
230387
230388
230389
230390
230391
230392
230393
230394
230395
230396
230397
230398
230399
230400
230401
230402
230403
230404
230405
230406
230407
230408
230409
230410
230411
230412
230413
230414
230415
230416
230417
230418
230419
230420
230421
230422
230423
230424
230425
230426
230427
230428
230429
230430
230431
230432
230433
230434
230435
230436
230437
230438
230439
230440
230441
230442
230443
230444
230445
230446
230447
230448
230449
230450
230451
230452
230453
230454
230455
230456
230457
230458
230459
230460
230461
230462
230463
230464
230465
230466
230467
230468
230469
230470
230471
230472
230473
230474
230475
230476
230477
230478
230479
230480
230481
230482
230483
230484
230485
230486
230487
230488
230489
230490
230491
230492
230493
230494
230495
230496
230497
230498
230499
230500
230501
230502
230503
230504
230505
230506
230507
230508
230509
230510
230511
230512
230513
230514
230515
230516
230517
230518
230519
230520
230521
230522
230523
230524
230525
230526
230527
230528
230529
230530
230531
230532
230533
230534
230535
230536
230537
230538
230539
230540
230541
230542
230543
230544
230545
230546
230547
230548
230549
230550
230551
230552
230553
230554
230555
230556
230557
230558
230559
230560
230561
230562
230563
230564
230565
230566
230567
230568
230569
230570
230571
230572
230573
230574
230575
230576
230577
230578
230579
230580
230581
230582
230583
230584
230585
230586
230587
230588
230589
230590
230591
230592
230593
230594
230595
230596
230597
230598
230599
230600
230601
230602
230603
230604
230605
230606
230607
230608
230609
230610
230611
230612
230613
230614
230615
230616
230617
230618
230619
230620
230621
230622
230623
230624
230625
230626
230627
230628
230629
230630
230631
230632
230633
230634
230635
230636
230637
230638
230639
230640
230641
230642
230643
230644
230645
230646
230647
230648
230649
230650
230651
230652
230653
230654
230655
230656
230657
230658
230659
230660
230661
230662
230663
230664
230665
230666
230667
230668
230669
230670
230671
230672
230673
230674
230675
230676
230677
230678
230679
230680
230681
230682
230683
230684
230685
230686
230687
230688
230689
230690
230691
230692
230693
230694
230695
230696
230697
230698
230699
230700
230701
230702
230703
230704
230705
230706
230707
230708
230709
230710
230711
230712
230713
230714
230715
230716
230717
230718
230719
230720
230721
230722
230723
230724
230725
230726
230727
230728
230729
230730
230731
230732
230733
230734
230735
230736
230737
230738
230739
230740
230741
230742
230743
230744
230745
230746
230747
230748
230749
230750
230751
230752
230753
230754
230755
230756
230757
230758
230759
230760
230761
230762
230763
230764
230765
230766
230767
230768
230769
230770
230771
230772
230773
230774
230775
230776
230777
230778
230779
230780
230781
230782
230783
230784
230785
230786
230787
230788
230789
230790
230791
230792
230793
230794
230795
230796
230797
230798
230799
230800
230801
230802
230803
230804
230805
230806
230807
230808
230809
230810
230811
230812
230813
230814
230815
230816
230817
230818
230819
230820
230821
230822
230823
230824
230825
230826
230827
230828
230829
230830
230831
230832
230833
230834
230835
230836
230837
230838
230839
230840
230841
230842
230843
230844
230845
230846
230847
230848
230849
230850
230851
230852
230853
230854
230855
230856
230857
230858
230859
230860
230861
230862
230863
230864
230865
230866
230867
230868
230869
230870
230871
230872
230873
230874
230875
230876
230877
230878
230879
230880
230881
230882
230883
230884
230885
230886
230887
230888
230889
230890
230891
230892
230893
230894
230895
230896
230897
230898
230899
230900
230901
230902
230903
230904
230905
230906
230907
230908
230909
230910
230911
230912
230913
230914
230915
230916
230917
230918
230919
230920
230921
230922
230923
230924
230925
230926
230927
230928
230929
230930
230931
230932
230933
230934
230935
230936
230937
230938
230939
230940
230941
230942
230943
230944
230945
230946
230947
230948
230949
230950
230951
230952
230953
230954
230955
230956
230957
230958
230959
230960
230961
230962
230963
230964
230965
230966
230967
230968
230969
230970
230971
230972
230973
230974
230975
230976
230977
230978
230979
230980
230981
230982
230983
230984
230985
230986
230987
230988
230989
230990
230991
230992
230993
230994
230995
230996
230997
230998
230999
231000
231001
231002
231003
231004
231005
231006
231007
231008
231009
231010
231011
231012
231013
231014
231015
231016
231017
231018
231019
231020
231021
231022
231023
231024
231025
231026
231027
231028
231029
231030
231031
231032
231033
231034
231035
231036
231037
231038
231039
231040
231041
231042
231043
231044
231045
231046
231047
231048
231049
231050
231051
231052
231053
231054
231055
231056
231057
231058
231059
231060
231061
231062
231063
231064
231065
231066
231067
231068
231069
231070
231071
231072
231073
231074
231075
231076
231077
231078
231079
231080
231081
231082
231083
231084
231085
231086
231087
231088
231089
231090
231091
231092
231093
231094
231095
231096
231097
231098
231099
231100
231101
231102
231103
231104
231105
231106
231107
231108
231109
231110
231111
231112
231113
231114
231115
231116
231117
231118
231119
231120
231121
231122
231123
231124
231125
231126
231127
231128
231129
231130
231131
231132
231133
231134
231135
231136
231137
231138
231139
231140
231141
231142
231143
231144
231145
231146
231147
231148
231149
231150
231151
231152
231153
231154
231155
231156
231157
231158
231159
231160
231161
231162
231163
231164
231165
231166
231167
231168
231169
231170
231171
231172
231173
231174
231175
231176
231177
231178
231179
231180
231181
231182
231183
231184
231185
231186
231187
231188
231189
231190
231191
231192
231193
231194
231195
231196
231197
231198
231199
231200
231201
231202
231203
231204
231205
231206
231207
231208
231209
231210
231211
231212
231213
231214
231215
231216
231217
231218
231219
231220
231221
231222
231223
231224
231225
231226
231227
231228
231229
231230
231231
231232
231233
231234
231235
231236
231237
231238
231239
231240
231241
231242
231243
231244
231245
231246
231247
231248
231249
231250
231251
231252
231253
231254
231255
231256
231257
231258
231259
231260
231261
231262
231263
231264
231265
231266
231267
231268
231269
231270
231271
231272
231273
231274
231275
231276
231277
231278
231279
231280
231281
231282
231283
231284
231285
231286
231287
231288
231289
231290
231291
231292
231293
231294
231295
231296
231297
231298
231299
231300
231301
231302
231303
231304
231305
231306
231307
231308
231309
231310
231311
231312
231313
231314
231315
231316
231317
231318
231319
231320
231321
231322
231323
231324
231325
231326
231327
231328
231329
231330
231331
231332
231333
231334
231335
231336
231337
231338
231339
231340
231341
231342
231343
231344
231345
231346
231347
231348
231349
231350
231351
231352
231353
231354
231355
231356
231357
231358
231359
231360
231361
231362
231363
231364
231365
231366
231367
231368
231369
231370
231371
231372
231373
231374
231375
231376
231377
231378
231379
231380
231381
231382
231383
231384
231385
231386
231387
231388
231389
231390
231391
231392
231393
231394
231395
231396
231397
231398
231399
231400
231401
231402
231403
231404
231405
231406
231407
231408
231409
231410
231411
231412
231413
231414
231415
231416
231417
231418
231419
231420
231421
231422
231423
231424
231425
231426
231427
231428
231429
231430
231431
231432
231433
231434
231435
231436
231437
231438
231439
231440
231441
231442
231443
231444
231445
231446
231447
231448
231449
231450
231451
231452
231453
231454
231455
231456
231457
231458
231459
231460
231461
231462
231463
231464
231465
231466
231467
231468
231469
231470
231471
231472
231473
231474
231475
231476
231477
231478
231479
231480
231481
231482
231483
231484
231485
231486
231487
231488
231489
231490
231491
231492
231493
231494
231495
231496
231497
231498
231499
231500
231501
231502
231503
231504
231505
231506
231507
231508
231509
231510
231511
231512
231513
231514
231515
231516
231517
231518
231519
231520
231521
231522
231523
231524
231525
231526
231527
231528
231529
231530
231531
231532
231533
231534
231535
231536
231537
231538
231539
231540
231541
231542
231543
231544
231545
231546
231547
231548
231549
231550
231551
231552
231553
231554
231555
231556
231557
231558
231559
231560
231561
231562
231563
231564
231565
231566
231567
231568
231569
231570
231571
231572
231573
231574
231575
231576
231577
231578
231579
231580
231581
231582
231583
231584
231585
231586
231587
231588
231589
231590
231591
231592
231593
231594
231595
231596
231597
231598
231599
231600
231601
231602
231603
231604
231605
231606
231607
231608
231609
231610
231611
231612
231613
231614
231615
231616
231617
231618
231619
231620
231621
231622
231623
231624
231625
231626
231627
231628
231629
231630
231631
231632
231633
231634
231635
231636
231637
231638
231639
231640
231641
231642
231643
231644
231645
231646
231647
231648
231649
231650
231651
231652
231653
231654
231655
231656
231657
231658
231659
231660
231661
231662
231663
231664
231665
231666
231667
231668
231669
231670
231671
231672
231673
231674
231675
231676
231677
231678
231679
231680
231681
231682
231683
231684
231685
231686
231687
231688
231689
231690
231691
231692
231693
231694
231695
231696
231697
231698
231699
231700
231701
231702
231703
231704
231705
231706
231707
231708
231709
231710
231711
231712
231713
231714
231715
231716
231717
231718
231719
231720
231721
231722
231723
231724
231725
231726
231727
231728
231729
231730
231731
231732
231733
231734
231735
231736
231737
231738
231739
231740
231741
231742
231743
231744
231745
231746
231747
231748
231749
231750
231751
231752
231753
231754
231755
231756
231757
231758
231759
231760
231761
231762
231763
231764
231765
231766
231767
231768
231769
231770
231771
231772
231773
231774
231775
231776
231777
231778
231779
231780
231781
231782
231783
231784
231785
231786
231787
231788
231789
231790
231791
231792
231793
231794
231795
231796
231797
231798
231799
231800
231801
231802
231803
231804
231805
231806
231807
231808
231809
231810
231811
231812
231813
231814
231815
231816
231817
231818
231819
231820
231821
231822
231823
231824
231825
231826
231827
231828
231829
231830
231831
231832
231833
231834
231835
231836
231837
231838
231839
231840
231841
231842
231843
231844
231845
231846
231847
231848
231849
231850
231851
231852
231853
231854
231855
231856
231857
231858
231859
231860
231861
231862
231863
231864
231865
231866
231867
231868
231869
231870
231871
231872
231873
231874
231875
231876
231877
231878
231879
231880
231881
231882
231883
231884
231885
231886
231887
231888
231889
231890
231891
231892
231893
231894
231895
231896
231897
231898
231899
231900
231901
231902
231903
231904
231905
231906
231907
231908
231909
231910
231911
231912
231913
231914
231915
231916
231917
231918
231919
231920
231921
231922
231923
231924
231925
231926
231927
231928
231929
231930
231931
231932
231933
231934
231935
231936
231937
231938
231939
231940
231941
231942
231943
231944
231945
231946
231947
231948
231949
231950
231951
231952
231953
231954
231955
231956
231957
231958
231959
231960
231961
231962
231963
231964
231965
231966
231967
231968
231969
231970
231971
231972
231973
231974
254475
254476
254477
254478
254479
254480
254481
254482
254483
254484
254485
254486
254487
254488
254489
254490
254491
254492
254493
254494
254495
254496
254497
254498
254499
254500
254501
254502
254503
254504
254505
254506
254507
254508
254509
254510
254511
254512
254513
254514
254515
254516
254517
254518
254519
254520
254521
254522
254523
254524
254525
254526
254527
254528
254529
254530
254531
254532
254533
254534
254535
254536
254537
254538
254539
254540
254541
254542
254543
254544
254545
254546
254547
254548
254549
254550
254551
254552
254553
254554
254555
254556
254557
254558
254559
254560
254561
254562
254563
254564
254565
254566
254567
254568
254569
254570
254571
254572
254573
254574
254575
254576
254577
254578
254579
254580
254581
254582
254583
254584
254585
254586
254587
254588
254589
254590
254591
254592
254593
254594
254595
254596
254597
254598
254599
254600
254601
254602
254603
254604
254605
254606
254607
254608
254609
254610
254611
254612
254613
254614
254615
254616
254617
254618
254619
254620
254621
254622
254623
254624
254625
254626
254627
254628
254629
254630
254631
254632
254633
254634
254635
254636
254637
254638
254639
254640
254641
254642
254643
254644
254645
254646
254647
254648
254649
254650
254651
254652
254653
254654
254655
254656
254657
254658
254659
254660
254661
254662
254663
254664
254665
254666
254667
254668
254669
254670
254671
254672
254673
254674
254675
254676
254677
254678
254679
254680
254681
254682
254683
254684
254685
254686
254687
254688
254689
254690
254691
254692
254693
254694
254695
254696
254697
254698
254699
254700
254701
254702
254703
254704
254705
254706
254707
254708
254709
254710
254711
254712
254713
254714
254715
254716
254717
254718
254719
254720
254721
254722
254723
254724
254725
254726
254727
254728
254729
254730
254731
254732
254733
254734
254735
254736
254737
254738
254739
254740
254741
254742
254743
254744
254745
254746
254747
254748
254749
254750
254751
254752
254753
254754
254755
254756
254757
254758
254759
254760
254761
254762
254763
254764
254765
254766
254767
254768
254769
254770
254771
254772
254773
254774
254775
254776
254777
254778
254779
254780
254781
254782
254783
254784
254785
254786
254787
254788
254789
254790
254791
254792
254793
254794
254795
254796
254797
254798
254799
254800
254801
254802
254803
254804
254805
254806
254807
254808
254809
254810
254811
254812
254813
254814
254815
254816
254817
254818
254819
254820
254821
254822
254823
254824
254825
254826
254827
254828
254829
254830
254831
254832
254833
254834
254835
254836
254837
254838
254839
254840
254841
254842
254843
254844
254845
254846
254847
254848
254849
254850
254851
254852
254853
254854
254855
254856
254857
254858
254859
254860
254861
254862
254863
254864
254865
254866
254867
254868
254869
254870
254871
254872
254873
254874
254875
254876
254877
254878
254879
254880
254881
254882
254883
254884
254885
254886
254887
254888
254889
254890
254891
254892
254893
254894
254895
254896
254897
254898
254899
254900
254901
254902
254903
254904
254905
254906
254907
254908
254909
254910
254911
254912
254913
254914
254915
254916
254917
254918
254919
254920
254921
254922
254923
254924
254925
254926
254927
254928
254929
254930
254931
254932
254933
254934
254935
254936
254937
254938
254939
254940
254941
254942
254943
254944
254945
254946
254947
254948
254949
254950
254951
254952
254953
254954
254955
254956
254957
254958
254959
254960
254961
254962
254963
254964
254965
254966
254967
254968
254969
254970
254971
254972
254973
254974
254975
254976
254977
254978
254979
254980
254981
254982
254983
254984
254985
254986
254987
254988
254989
254990
254991
254992
254993
254994
254995
254996
254997
254998
254999
255000
255001
255002
255003
255004
255005
255006
255007
255008
255009
255010
255011
255012
255013
255014
255015
255016
255017
255018
255019
255020
255021
255022
255023
255024
255025
255026
255027
255028
255029
255030
255031
255032
255033
255034
255035
255036
255037
255038
255039
255040
255041
255042
255043
255044
255045
255046
255047
255048
255049
255050
255051
255052
255053
255054
255055
255056
255057
255058
255059
255060
255061
255062
255063
255064
255065
255066
255067
255068
255069
255070
255071
255072
255073
255074
255075
255076
255077
255078
255079
255080
255081
255082
255083
255084
255085
255086
255087
255088
255089
255090
255091
255092
255093
255094
255095
255096
255097
255098
255099
255100
255101
255102
255103
255104
255105
255106
255107
255108
255109
255110
255111
255112
255113
255114
255115
255116
255117
255118
255119
255120
255121
255122
255123
255124
255125
255126
255127
255128
255129
255130
255131
255132
255133
255134
255135
255136
255137
255138
255139
255140
255141
255142
255143
255144
255145
255146
255147
255148
255149
255150
255151
255152
255153
255154
255155
255156
255157
255158
255159
255160
255161
255162
255163
255164
255165
255166
255167
255168
255169
255170
255171
255172
255173
255174
255175
255176
255177
255178
255179
255180
255181
255182
255183
255184
255185
255186
255187
255188
255189
255190
255191
255192
255193
255194
255195
255196
255197
255198
255199
255200
255201
255202
255203
255204
255205
255206
255207
255208
255209
255210
255211
255212
255213
255214
255215
255216
255217
255218
255219
255220
255221
255222
255223
255224
255225
255226
255227
255228
255229
255230
255231
255232
255233
255234
255235
255236
255237
255238
255239
255240
255241
255242
255243
255244
255245
255246
255247
255248
255249
255250
255251
255252
255253
255254
255255
255256
255257
255258
255259
255260
255261
255262
255263
255264
255265
255266
255267
255268
255269
255270
255271
255272
255273
255274
255275
255276
255277
255278
255279
255280
255281
255282
255283
255284
255285
255286
255287
255288
255289
255290
255291
255292
255293
255294
255295
255296
255297
255298
255299
255300
255301
255302
255303
255304
255305
255306
255307
255308
255309
255310
255311
255312
255313
255314
255315
255316
255317
255318
255319
255320
255321
255322
255323
255324
255325
255326
255327
255328
255329
255330
255331
255332
255333
255334
255335
255336
255337
255338
255339
255340
255341
255342
255343
255344
255345
255346
255347
255348
255349
255350
255351
255352
255353
255354
255355
255356
255357
255358
255359
255360
255361
255362
255363
255364
255365
255366
255367
255368
255369
255370
255371
255372
255373
255374
255375
255376
255377
255378
255379
255380
255381
255382
255383
255384
255385
255386
255387
255388
255389
255390
255391
255392
255393
255394
255395
255396
255397
255398
255399
255400
255401
255402
255403
255404
255405
255406
255407
255408
255409
255410
255411
255412
255413
255414
255415
255416
255417
255418
255419
255420
255421
255422
255423
255424
255425
255426
255427
255428
255429
255430
255431
255432
255433
255434
255435
255436
255437
255438
255439
255440
255441
255442
255443
255444
255445
255446
255447
255448
255449
255450
255451
255452
255453
255454
255455
255456
255457
255458
255459
255460
255461
255462
255463
255464
255465
255466
255467
255468
255469
255470
255471
255472
255473
255474
255475
255476
255477
255478
255479
255480
255481
255482
255483
255484
255485
255486
255487
255488
255489
255490
255491
255492
255493
255494
255495
255496
255497
255498
255499
255500
255501
255502
255503
255504
255505
255506
255507
255508
255509
255510
255511
255512
255513
255514
255515
255516
255517
255518
255519
255520
255521
255522
255523
255524
255525
255526
255527
255528
255529
255530
255531
255532
255533
255534
255535
255536
255537
255538
255539
255540
255541
255542
255543
255544
255545
255546
255547
255548
255549
255550
255551
255552
255553
255554
255555
255556
255557
255558
255559
255560
255561
255562
255563
255564
255565
255566
255567
255568
255569
255570
255571
255572
255573
255574
255575
255576
255577
255578
255579
255580
255581
255582
255583
255584
255585
255586
255587
255588
255589
255590
255591
255592
255593
255594
255595
255596
255597
255598
255599
255600
255601
255602
255603
255604
255605
255606
255607
255608
255609
255610
255611
255612
255613
255614
255615
255616
255617
255618
255619
255620
255621
255622
255623
255624
255625
255626
255627
255628
255629
255630
255631
255632
255633
255634
255635
255636
255637
255638
255639
255640
255641
255642
255643
255644
255645
255646
255647
255648
255649
255650
255651
255652
255653
255654
255655
255656
255657
255658
255659
255660
255661
255662
255663
255664
255665
255666
255667
255668
255669
255670
255671
255672
255673
255674
255675
255676
255677
255678
255679
255680
255681
255682
255683
255684
255685
255686
255687
255688
255689
255690
255691
255692
255693
255694
255695
255696
255697
255698
255699
255700
255701
255702
255703
255704
255705
255706
255707
255708
255709
255710
255711
255712
255713
255714
255715
255716
255717
255718
255719
255720
255721
255722
255723
255724
255725
255726
255727
255728
255729
255730
255731
255732
255733
255734
255735
255736
255737
255738
255739
255740
255741
255742
255743
255744
255745
255746
255747
255748
255749
255750
255751
255752
255753
255754
255755
255756
255757
255758
255759
255760
255761
255762
255763
255764
255765
255766
255767
255768
255769
255770
255771
255772
255773
255774
255775
255776
255777
255778
255779
255780
255781
255782
255783
255784
255785
255786
255787
255788
255789
255790
255791
255792
255793
255794
255795
255796
255797
255798
255799
255800
255801
255802
255803
255804
255805
255806
255807
255808
255809
255810
255811
255812
255813
255814
255815
255816
255817
255818
255819
255820
255821
255822
255823
255824
255825
255826
255827
255828
255829
255830
255831
255832
255833
255834
255835
255836
255837
255838
255839
255840
255841
255842
255843
255844
255845
255846
255847
255848
255849
255850
255851
255852
255853
255854
255855
255856
255857
255858
255859
255860
255861
255862
255863
255864
255865
255866
255867
255868
255869
255870
255871
255872
255873
255874
255875
255876
255877
255878
255879
255880
255881
255882
255883
255884
255885
255886
255887
255888
255889
255890
255891
255892
255893
255894
255895
255896
255897
255898
255899
255900
255901
255902
255903
255904
255905
255906
255907
255908
255909
255910
255911
255912
255913
255914
255915
255916
255917
255918
255919
255920
255921
255922
255923
255924
255925
255926
255927
255928
255929
255930
255931
255932
255933
255934
255935
255936
255937
255938
255939
255940
255941
255942
255943
255944
255945
255946
255947
255948
255949
255950
255951
255952
255953
255954
255955
255956
255957
255958
255959
255960
255961
255962
255963
255964
255965
255966
255967
255968
255969
255970
255971
255972
255973
255974
255975
255976
255977
255978
255979
255980
255981
255982
255983
255984
255985
255986
255987
255988
255989
255990
255991
255992
255993
255994
255995
255996
255997
255998
255999
256000
256001
256002
256003
256004
256005
256006
256007
256008
256009
256010
256011
256012
256013
256014
256015
256016
256017
256018
256019
256020
256021
256022
256023
256024
256025
256026
256027
256028
256029
256030
256031
256032
256033
256034
256035
256036
256037
256038
256039
256040
256041
256042
256043
256044
256045
256046
256047
256048
256049
256050
256051
256052
256053
256054
256055
256056
256057
256058
256059
256060
256061
256062
256063
256064
256065
256066
256067
256068
256069
256070
256071
256072
256073
256074
256075
256076
256077
256078
256079
256080
256081
256082
256083
256084
256085
256086
256087
256088
256089
256090
256091
256092
256093
256094
256095
256096
256097
256098
256099
256100
256101
256102
256103
256104
256105
256106
256107
256108
256109
256110
256111
256112
256113
256114
256115
256116
256117
256118
256119
256120
256121
256122
256123
256124
256125
256126
256127
256128
256129
256130
256131
256132
256133
256134
256135
256136
256137
256138
256139
256140
256141
256142
256143
256144
256145
256146
256147
256148
256149
256150
256151
256152
256153
256154
256155
256156
256157
256158
256159
256160
256161
256162
256163
256164
256165
256166
256167
256168
256169
256170
256171
256172
256173
256174
256175
256176
256177
256178
256179
256180
256181
256182
256183
256184
256185
256186
256187
256188
256189
256190
256191
256192
256193
256194
256195
256196
256197
256198
256199
256200
256201
256202
256203
256204
256205
256206
256207
256208
256209
256210
256211
256212
256213
256214
256215
256216
256217
256218
256219
256220
256221
256222
256223
256224
256225
256226
256227
256228
256229
256230
256231
256232
256233
256234
256235
256236
256237
256238
256239
256240
256241
256242
256243
256244
256245
256246
256247
256248
256249
256250
256251
256252
256253
256254
256255
256256
256257
256258
256259
256260
256261
256262
256263
256264
256265
256266
256267
256268
256269
256270
256271
256272
256273
256274
256275
256276
256277
256278
256279
256280
256281
256282
256283
256284
256285
256286
256287
256288
256289
256290
256291
256292
256293
256294
256295
256296
256297
256298
256299
256300
256301
256302
256303
256304
256305
256306
256307
256308
256309
256310
256311
256312
256313
256314
256315
256316
256317
256318
256319
256320
256321
256322
256323
256324
256325
256326
256327
256328
256329
256330
256331
256332
256333
256334
256335
256336
256337
256338
256339
256340
256341
256342
256343
256344
256345
256346
256347
256348
256349
256350
256351
256352
256353
256354
256355
256356
256357
256358
256359
256360
256361
256362
256363
256364
256365
256366
256367
256368
256369
256370
256371
256372
256373
256374
256375
256376
256377
256378
256379
256380
256381
256382
256383
256384
256385
256386
256387
256388
256389
256390
256391
256392
256393
256394
256395
256396
256397
256398
256399
256400
256401
256402
256403
256404
256405
256406
256407
256408
256409
256410
256411
256412
256413
256414
256415
256416
256417
256418
256419
256420
256421
256422
256423
256424
256425
256426
256427
256428
256429
256430
256431
256432
256433
256434
256435
256436
256437
256438
256439
256440
256441
256442
256443
256444
256445
256446
256447
256448
256449
256450
256451
256452
256453
256454
256455
256456
256457
256458
256459
256460
256461
256462
256463
256464
256465
256466
256467
256468
256469
256470
256471
256472
256473
256474
256475
256476
256477
256478
256479
256480
256481
256482
256483
256484
256485
256486
256487
256488
256489
256490
256491
256492
256493
256494
256495
256496
256497
256498
256499
256500
256501
256502
256503
256504
256505
256506
256507
256508
256509
256510
256511
256512
256513
256514
256515
256516
256517
256518
256519
256520
256521
256522
256523
256524
256525
256526
256527
256528
256529
256530
256531
256532
256533
256534
256535
256536
256537
256538
256539
256540
256541
256542
256543
256544
256545
256546
256547
256548
256549
256550
256551
256552
256553
256554
256555
256556
256557
256558
256559
256560
256561
256562
256563
256564
256565
256566
256567
256568
256569
256570
256571
256572
256573
256574
256575
256576
256577
256578
256579
256580
256581
256582
256583
256584
256585
256586
256587
256588
256589
256590
256591
256592
256593
256594
256595
256596
256597
256598
256599
256600
256601
256602
256603
256604
256605
256606
256607
256608
256609
256610
256611
256612
256613
256614
256615
256616
256617
256618
256619
256620
256621
256622
256623
256624
256625
256626
256627
256628
256629
256630
256631
256632
256633
256634
256635
256636
256637
256638
256639
256640
256641
256642
256643
256644
256645
256646
256647
256648
256649
256650
256651
256652
256653
256654
256655
256656
256657
256658
256659
256660
256661
256662
256663
256664
256665
256666
256667
256668
256669
256670
256671
256672
256673
256674
256675
256676
256677
256678
256679
256680
256681
256682
256683
256684
256685
256686
256687
256688
256689
256690
256691
256692
256693
256694
256695
256696
256697
256698
256699
256700
256701
256702
256703
256704
256705
256706
256707
256708
256709
256710
256711
256712
256713
256714
256715
256716
256717
256718
256719
256720
256721
256722
256723
256724
256725
256726
256727
256728
256729
256730
256731
256732
256733
256734
256735
256736
256737
256738
256739
256740
256741
256742
256743
256744
256745
256746
256747
256748
256749
256750
256751
256752
256753
256754
256755
256756
256757
256758
256759
256760
256761
256762
256763
256764
256765
256766
256767
256768
256769
256770
256771
256772
256773
256774
256775
256776
256777
256778
256779
256780
256781
256782
256783
256784
256785
256786
256787
256788
256789
256790
256791
256792
256793
256794
256795
256796
256797
256798
256799
256800
256801
256802
256803
256804
256805
256806
256807
256808
256809
256810
256811
256812
256813
256814
256815
256816
256817
256818
256819
256820
256821
256822
256823
256824
256825
256826
256827
256828
256829
256830
256831
256832
256833
256834
256835
256836
256837
256838
256839
256840
256841
256842
256843
256844
256845
256846
256847
256848
256849
256850
256851
256852
256853
256854
256855
256856
256857
256858
256859
256860
256861
256862
256863
256864
256865
256866
256867
256868
256869
256870
256871
256872
256873
256874
256875
256876
256877
256878
256879
256880
256881
256882
256883
256884
256885
256886
256887
256888
256889
256890
256891
256892
256893
256894
256895
256896
256897
256898
256899
256900
256901
256902
256903
256904
256905
256906
256907
256908
256909
256910
256911
256912
256913
256914
256915
256916
256917
256918
256919
256920
256921
256922
256923
256924
256925
256926
256927
256928
256929
256930
256931
256932
256933
256934
256935
256936
256937
256938
256939
256940
256941
256942
256943
256944
256945
256946
256947
256948
256949
256950
256951
256952
256953
256954
256955
256956
256957
256958
256959
256960
256961
256962
256963
256964
256965
256966
256967
256968
256969
256970
256971
256972
256973
256974
256975
256976
256977
256978
256979
256980
256981
256982
256983
256984
256985
256986
256987
256988
256989
256990
256991
256992
256993
256994
256995
256996
256997
256998
256999
257000
257001
257002
257003
257004
257005
257006
257007
257008
257009
257010
257011
257012
257013
257014
257015
257016
257017
257018
257019
257020
257021
257022
257023
257024
257025
257026
257027
257028
257029
257030
257031
257032
257033
257034
257035
257036
257037
257038
257039
257040
257041
257042
257043
257044
257045
257046
257047
257048
257049
257050
257051
257052
257053
257054
257055
257056
257057
257058
257059
257060
257061
257062
257063
257064
257065
257066
257067
257068
257069
257070
257071
257072
257073
257074
257075
257076
257077
257078
257079
257080
257081
257082
257083
257084
257085
257086
257087
257088
257089
257090
257091
257092
257093
257094
257095
257096
257097
257098
257099
257100
257101
257102
257103
257104
257105
257106
257107
257108
257109
257110
257111
257112
257113
257114
257115
257116
257117
257118
257119
257120
257121
257122
257123
257124
257125
257126
257127
257128
257129
257130
257131
257132
257133
257134
257135
257136
257137
257138
257139
257140
257141
257142
257143
257144
257145
257146
257147
257148
257149
257150
257151
257152
257153
257154
257155
257156
257157
257158
257159
257160
257161
257162
257163
257164
257165
257166
257167
257168
257169
257170
257171
257172
257173
257174
257175
257176
257177
257178
257179
257180
257181
257182
257183
257184
257185
257186
257187
257188
257189
257190
257191
257192
257193
257194
257195
257196
257197
257198
257199
257200
257201
257202
257203
257204
257205
257206
257207
257208
257209
257210
257211
257212
257213
257214
257215
257216
257217
257218
257219
257220
257221
257222
257223
257224
257225
257226
257227
257228
257229
257230
257231
257232
257233
257234
257235
257236
257237
257238
257239
257240
257241
257242
257243
257244
257245
257246
257247
257248
257249
257250
257251
257252
257253
257254
257255
257256
257257
257258
257259
257260
257261
257262
257263
257264
257265
257266
257267
257268
257269
257270
257271
257272
257273
257274
257275
257276
257277
257278
257279
257280
257281
257282
257283
257284
257285
257286
257287
257288
257289
257290
257291
257292
257293
257294
257295
257296
257297
257298
257299
257300
257301
257302
257303
257304
257305
257306
257307
257308
257309
257310
257311
257312
257313
257314
257315
257316
257317
257318
257319
257320
257321
257322
257323
257324
257325
257326
257327
257328
257329
257330
257331
257332
257333
257334
257335
257336
257337
257338
257339
257340
257341
257342
257343
257344
257345
257346
257347
257348
257349
257350
257351
257352
257353
257354
257355
257356
257357
257358
257359
257360
257361
257362
257363
257364
257365
257366
257367
257368
257369
257370
257371
257372
257373
257374
257375
257376
257377
257378
257379
257380
257381
257382
257383
257384
257385
257386
257387
257388
257389
257390
257391
257392
257393
257394
257395
257396
257397
257398
257399
257400
257401
257402
257403
257404
257405
257406
257407
257408
257409
257410
257411
257412
257413
257414
257415
257416
257417
257418
257419
257420
257421
257422
257423
257424
257425
257426
257427
257428
257429
257430
257431
257432
257433
257434
257435
257436
257437
257438
257439
257440
257441
257442
257443
257444
257445
257446
257447
257448
257449
257450
257451
257452
257453
257454
257455
257456
257457
257458
257459
257460
257461
257462
257463
257464
257465
257466
257467
257468
257469
257470
257471
257472
257473
257474
257475
257476
257477
257478
257479
257480
257481
257482
257483
257484
257485
257486
257487
257488
257489
257490
257491
257492
257493
257494
257495
257496
257497
257498
257499
257500
257501
257502
257503
257504
257505
257506
257507
257508
257509
257510
257511
257512
257513
257514
257515
257516
257517
257518
257519
257520
257521
257522
257523
257524
257525
257526
257527
257528
257529
257530
257531
257532
257533
257534
257535
257536
257537
257538
257539
257540
257541
257542
257543
257544
257545
257546
257547
257548
257549
257550
257551
257552
257553
257554
257555
257556
257557
257558
257559
257560
257561
257562
257563
257564
257565
257566
257567
257568
257569
257570
257571
257572
257573
257574
257575
257576
257577
257578
257579
257580
257581
257582
257583
257584
257585
257586
257587
257588
257589
257590
257591
257592
257593
257594
257595
257596
257597
257598
257599
257600
257601
257602
257603
257604
257605
257606
257607
257608
257609
257610
257611
257612
257613
257614
257615
257616
257617
257618
257619
257620
257621
257622
257623
257624
257625
257626
257627
257628
257629
257630
257631
257632
257633
257634
257635
257636
257637
257638
257639
257640
257641
257642
257643
257644
257645
257646
257647
257648
257649
257650
257651
257652
257653
257654
257655
257656
257657
257658
257659
257660
257661
257662
257663
257664
257665
257666
257667
257668
257669
257670
257671
257672
257673
257674
257675
257676
257677
257678
257679
257680
257681
257682
257683
257684
257685
257686
257687
257688
257689
257690
257691
257692
257693
257694
257695
257696
257697
257698
257699
257700
257701
257702
257703
257704
257705
257706
257707
257708
257709
257710
257711
257712
257713
257714
257715
257716
257717
257718
257719
257720
257721
257722
257723
257724
257725
257726
257727
257728
257729
257730
257731
257732
257733
257734
257735
257736
257737
257738
257739
257740
257741
257742
257743
257744
257745
257746
257747
257748
257749
257750
257751
257752
257753
257754
257755
257756
257757
257758
257759
257760
257761
257762
257763
257764
257765
257766
257767
257768
257769
257770
257771
257772
257773
257774
257775
257776
257777
257778
257779
257780
257781
257782
257783
257784
257785
257786
257787
257788
257789
257790
257791
257792
257793
257794
257795
257796
257797
257798
257799
257800
257801
257802
257803
257804
257805
257806
257807
257808
257809
257810
257811
257812
257813
257814
257815
257816
257817
257818
257819
257820
257821
257822
257823
257824
257825
257826
257827
257828
257829
257830
257831
257832
257833
257834
257835
257836
257837
257838
257839
257840
257841
257842
257843
257844
257845
257846
257847
257848
257849
257850
257851
257852
257853
257854
257855
257856
257857
257858
257859
257860
257861
257862
257863
257864
257865
257866
257867
257868
257869
257870
257871
257872
257873
257874
257875
257876
257877
257878
257879
257880
257881
257882
257883
257884
257885
257886
257887
257888
257889
257890
257891
257892
257893
257894
257895
257896
257897
257898
257899
257900
257901
257902
257903
257904
257905
257906
257907
257908
257909
257910
257911
257912
257913
257914
257915
257916
257917
257918
257919
257920
257921
257922
257923
257924
257925
257926
257927
257928
257929
257930
257931
257932
257933
257934
257935
257936
257937
257938
257939
257940
257941
257942
257943
257944
257945
257946
257947
257948
257949
257950
257951
257952
257953
257954
257955
257956
257957
257958
257959
257960
257961
257962
257963
257964
257965
257966
257967
257968
257969
257970
257971
257972
257973
257974
257975
257976
257977
257978
257979
257980
257981
257982
257983
257984
257985
257986
257987
257988
257989
257990
257991
257992
257993
257994
257995
257996
257997
257998
257999
258000
258001
258002
258003
258004
258005
258006
258007
258008
258009
258010
258011
258012
258013
258014
258015
258016
258017
258018
258019
258020
258021
258022
258023
258024
258025
258026
258027
258028
258029
258030
258031
258032
258033
258034
258035
258036
258037
258038
258039
258040
258041
258042
258043
258044
258045
258046
258047
258048
258049
258050
258051
258052
258053
258054
258055
258056
258057
258058
258059
258060
258061
258062
258063
258064
258065
258066
258067
258068
258069
258070
258071
258072
258073
258074
258075
258076
258077
258078
258079
258080
258081
258082
258083
258084
258085
258086
258087
258088
258089
258090
258091
258092
258093
258094
258095
258096
258097
258098
258099
258100
258101
258102
258103
258104
258105
258106
258107
258108
258109
258110
258111
258112
258113
258114
258115
258116
258117
258118
258119
258120
258121
258122
258123
258124
258125
258126
258127
258128
258129
258130
258131
258132
258133
258134
258135
258136
258137
258138
258139
258140
258141
258142
258143
258144
258145
258146
258147
258148
258149
258150
258151
258152
258153
258154
258155
258156
258157
258158
258159
258160
258161
258162
258163
258164
258165
258166
258167
258168
258169
258170
258171
258172
258173
258174
258175
258176
258177
258178
258179
258180
258181
258182
258183
258184
258185
258186
258187
258188
258189
258190
258191
258192
258193
258194
258195
258196
258197
258198
258199
258200
258201
258202
258203
258204
258205
258206
258207
258208
258209
258210
258211
258212
258213
258214
258215
258216
258217
258218
258219
258220
258221
258222
258223
258224
258225
258226
258227
258228
258229
258230
258231
258232
258233
258234
258235
258236
258237
258238
258239
258240
258241
258242
258243
258244
258245
258246
258247
258248
258249
258250
258251
258252
258253
258254
258255
258256
258257
258258
258259
258260
258261
258262
258263
258264
258265
258266
258267
258268
258269
258270
258271
258272
258273
258274
258275
258276
258277
258278
258279
258280
258281
258282
258283
258284
258285
258286
258287
258288
258289
258290
258291
258292
258293
258294
258295
258296
258297
258298
258299
258300
258301
258302
258303
258304
258305
258306
258307
258308
258309
258310
258311
258312
258313
258314
258315
258316
258317
258318
258319
258320
258321
258322
258323
258324
258325
258326
258327
258328
258329
258330
258331
258332
258333
258334
258335
258336
258337
258338
258339
258340
258341
258342
258343
258344
258345
258346
258347
258348
258349
258350
258351
258352
258353
258354
258355
258356
258357
258358
258359
258360
258361
258362
258363
258364
258365
258366
258367
258368
258369
258370
258371
258372
258373
258374
258375
258376
258377
258378
258379
258380
258381
258382
258383
258384
258385
258386
258387
258388
258389
258390
258391
258392
258393
258394
258395
258396
258397
258398
258399
258400
258401
258402
258403
258404
258405
258406
258407
258408
258409
258410
258411
258412
258413
258414
258415
258416
258417
258418
258419
258420
258421
258422
258423
258424
258425
258426
258427
258428
258429
258430
258431
258432
258433
258434
258435
258436
258437
258438
258439
258440
258441
258442
258443
258444
258445
258446
258447
258448
258449
258450
258451
258452
258453
258454
258455
258456
258457
258458
258459
258460
258461
258462
258463
258464
258465
258466
258467
258468
258469
258470
258471
258472
258473
258474
258475
258476
258477
258478
258479
258480
258481
258482
258483
258484
258485
258486
258487
258488
258489
258490
258491
258492
258493
258494
258495
258496
258497
258498
258499
258500
258501
258502
258503
258504
258505
258506
258507
258508
258509
258510
258511
258512
258513
258514
258515
258516
258517
258518
258519
258520
258521
258522
258523
258524
258525
258526
258527
258528
258529
258530
258531
258532
258533
258534
258535
258536
258537
258538
258539
258540
258541
258542
258543
258544
258545
258546
258547
258548
258549
258550
258551
258552
258553
258554
258555
258556
258557
258558
258559
258560
258561
258562
258563
258564
258565
258566
258567
258568
258569
258570
258571
258572
258573
258574
258575
258576
258577
258578
258579
258580
258581
258582
258583
258584
258585
258586
258587
258588
258589
258590
258591
258592
258593
258594
258595
258596
258597
258598
258599
258600
258601
258602
258603
258604
258605
258606
258607
258608
258609
258610
258611
258612
258613
258614
258615
258616
258617
258618
258619
258620
258621
258622
258623
258624
258625
258626
258627
258628
258629
258630
258631
258632
258633
258634
258635
258636
258637
258638
258639
258640
258641
258642
258643
258644
258645
258646
258647
258648
258649
258650
258651
258652
258653
258654
258655
258656
258657
258658
258659
258660
258661
258662
258663
258664
258665
258666
258667
258668
258669
258670
258671
258672
258673
258674
258675
258676
258677
258678
258679
258680
258681
258682
258683
258684
258685
258686
258687
258688
258689
258690
258691
258692
258693
258694
258695
258696
258697
258698
258699
258700
258701
258702
258703
258704
258705
258706
258707
258708
258709
258710
258711
258712
258713
258714
258715
258716
258717
258718
258719
258720
258721
258722
258723
258724
258725
258726
258727
258728
258729
258730
258731
258732
258733
258734
258735
258736
258737
258738
258739
258740
258741
258742
258743
258744
258745
258746
258747
258748
258749
258750
258751
258752
258753
258754
258755
258756
258757
258758
258759
258760
258761
258762
258763
258764
258765
258766
258767
258768
258769
258770
258771
258772
258773
258774
258775
258776
258777
258778
258779
258780
258781
258782
258783
258784
258785
258786
258787
258788
258789
258790
258791
258792
258793
258794
258795
258796
258797
258798
258799
258800
258801
258802
258803
258804
258805
258806
258807
258808
258809
258810
258811
258812
258813
258814
258815
258816
258817
258818
258819
258820
258821
258822
258823
258824
258825
258826
258827
258828
258829
258830
258831
258832
258833
258834
258835
258836
258837
258838
258839
258840
258841
258842
258843
258844
258845
258846
258847
258848
258849
258850
258851
258852
258853
258854
258855
258856
258857
258858
258859
258860
258861
258862
258863
258864
258865
258866
258867
258868
258869
258870
258871
258872
258873
258874
258875
258876
258877
258878
258879
258880
258881
258882
258883
258884
258885
258886
258887
258888
258889
258890
258891
258892
258893
258894
258895
258896
258897
258898
258899
258900
258901
258902
258903
258904
258905
258906
258907
258908
258909
258910
258911
258912
258913
258914
258915
258916
258917
258918
258919
258920
258921
258922
258923
258924
258925
258926
258927
258928
258929
258930
258931
258932
258933
258934
258935
258936
258937
258938
258939
258940
258941
258942
258943
258944
258945
258946
258947
258948
258949
258950
258951
258952
258953
258954
258955
258956
258957
258958
258959
258960
258961
258962
258963
258964
258965
258966
258967
258968
258969
258970
258971
258972
258973
258974
258975
258976
258977
258978
258979
258980
258981
258982
258983
258984
258985
258986
258987
258988
258989
258990
258991
258992
258993
258994
258995
258996
258997
258998
258999
259000
259001
259002
259003
259004
259005
259006
259007
259008
259009
259010
259011
259012
259013
259014
259015
259016
259017
259018
259019
259020
259021
259022
259023
259024
259025
259026
259027
259028
259029
259030
259031
259032
259033
259034
259035
259036
259037
259038
259039
259040
259041
259042
259043
259044
259045
259046
259047
259048
259049
259050
259051
259052
259053
259054
259055
259056
259057
259058
259059
259060
259061
259062
259063
259064
259065
259066
259067
259068
259069
259070
259071
259072
259073
259074
259075
259076
259077
259078
259079
259080
259081
259082
259083
259084
259085
259086
259087
259088
259089
259090
259091
259092
259093
259094
259095
259096
259097
259098
259099
259100
259101
259102
259103
259104
259105
259106
259107
259108
259109
259110
259111
259112
259113
259114
259115
259116
259117
259118
259119
259120
259121
259122
259123
259124
259125
259126
259127
259128
259129
259130
259131
259132
259133
259134
259135
259136
259137
259138
259139
259140
259141
259142
259143
259144
259145
259146
259147
259148
259149
259150
259151
259152
259153
259154
259155
259156
259157
259158
259159
259160
259161
259162
259163
259164
259165
259166
259167
259168
259169
259170
259171
259172
259173
259174
259175
259176
259177
259178
259179
259180
259181
259182
259183
259184
259185
259186
259187
259188
259189
259190
259191
259192
259193
259194
259195
259196
259197
259198
259199
259200
259201
259202
259203
259204
259205
259206
259207
259208
259209
259210
259211
259212
259213
259214
259215
259216
259217
259218
259219
259220
259221
259222
259223
259224
259225
259226
259227
259228
259229
259230
259231
259232
259233
259234
259235
259236
259237
259238
259239
259240
259241
259242
259243
259244
259245
259246
259247
259248
259249
259250
259251
259252
259253
259254
259255
259256
259257
259258
259259
259260
259261
259262
259263
259264
259265
259266
259267
259268
259269
259270
259271
259272
259273
259274
259275
259276
259277
259278
259279
259280
259281
259282
259283
259284
259285
259286
259287
259288
259289
259290
259291
259292
259293
259294
259295
259296
259297
259298
259299
259300
259301
259302
259303
259304
259305
259306
259307
259308
259309
259310
259311
259312
259313
259314
259315
259316
259317
259318
259319
259320
259321
259322
259323
259324
259325
259326
259327
259328
259329
259330
259331
259332
259333
259334
259335
259336
259337
259338
259339
259340
259341
259342
259343
259344
259345
259346
259347
259348
259349
259350
259351
259352
259353
259354
259355
259356
259357
259358
259359
259360
259361
259362
259363
259364
259365
259366
259367
259368
259369
259370
259371
259372
259373
259374
259375
259376
259377
259378
259379
259380
259381
259382
259383
259384
259385
259386
259387
259388
259389
259390
259391
259392
259393
259394
259395
259396
259397
259398
259399
259400
259401
259402
259403
259404
259405
259406
259407
259408
259409
259410
259411
259412
259413
259414
259415
259416
259417
259418
259419
259420
259421
259422
259423
259424
259425
259426
259427
259428
259429
259430
259431
259432
259433
259434
259435
259436
259437
259438
259439
259440
259441
259442
259443
259444
259445
259446
259447
259448
259449
259450
259451
259452
259453
259454
259455
259456
259457
259458
259459
259460
259461
259462
259463
259464
259465
259466
259467
259468
259469
259470
259471
259472
259473
259474
259475
259476
259477
259478
259479
259480
259481
259482
259483
259484
259485
259486
259487
259488
259489
259490
259491
259492
259493
259494
259495
259496
259497
259498
259499
259500
259501
259502
259503
259504
259505
259506
259507
259508
259509
259510
259511
259512
259513
259514
259515
259516
259517
259518
259519
259520
259521
259522
259523
259524
259525
259526
259527
259528
259529
259530
259531
259532
259533
259534
259535
259536
259537
259538
259539
259540
259541
259542
259543
259544
259545
259546
259547
259548
259549
259550
259551
259552
259553
259554
259555
259556
259557
259558
259559
259560
259561
259562
259563
259564
259565
259566
259567
259568
259569
259570
259571
259572
259573
259574
259575
259576
259577
259578
259579
259580
259581
259582
259583
259584
259585
259586
259587
259588
259589
259590
259591
259592
259593
259594
259595
259596
259597
259598
259599
259600
259601
259602
259603
259604
259605
259606
259607
259608
259609
259610
259611
259612
259613
259614
259615
259616
259617
259618
259619
259620
259621
259622
259623
259624
259625
259626
259627
259628
259629
259630
259631
259632
259633
259634
259635
259636
259637
259638
259639
259640
259641
259642
259643
259644
259645
259646
259647
259648
259649
259650
259651
259652
259653
259654
259655
259656
259657
259658
259659
259660
259661
259662
259663
259664
259665
259666
259667
259668
259669
259670
259671
259672
259673
259674
259675
259676
259677
259678
259679
259680
259681
259682
259683
259684
259685
259686
259687
259688
259689
259690
259691
259692
259693
259694
259695
259696
259697
259698
259699
259700
259701
259702
259703
259704
259705
259706
259707
259708
259709
259710
259711
259712
259713
259714
259715
259716
259717
259718
259719
259720
259721
259722
259723
259724
259725
259726
259727
259728
259729
259730
259731
259732
259733
259734
259735
259736
259737
259738
259739
259740
259741
259742
259743
259744
259745
259746
259747
259748
259749
259750
259751
259752
259753
259754
259755
259756
259757
259758
259759
259760
259761
259762
259763
259764
259765
259766
259767
259768
259769
259770
259771
259772
259773
259774
259775
259776
259777
259778
259779
259780
259781
259782
259783
259784
259785
259786
259787
259788
259789
259790
259791
259792
259793
259794
259795
259796
259797
259798
259799
259800
259801
259802
259803
259804
259805
259806
259807
259808
259809
259810
259811
259812
259813
259814
259815
259816
259817
259818
259819
259820
259821
259822
259823
259824
259825
259826
259827
259828
259829
259830
259831
259832
259833
259834
259835
259836
259837
259838
259839
259840
259841
259842
259843
259844
259845
259846
259847
259848
259849
259850
259851
259852
259853
259854
259855
259856
259857
259858
259859
259860
259861
259862
259863
259864
259865
259866
259867
259868
259869
259870
259871
259872
259873
259874
259875
259876
259877
259878
259879
259880
259881
259882
259883
259884
259885
259886
259887
259888
259889
259890
259891
259892
259893
259894
259895
259896
259897
259898
259899
259900
259901
259902
259903
259904
259905
259906
259907
259908
259909
259910
259911
259912
259913
259914
259915
259916
259917
259918
259919
259920
259921
259922
259923
259924
259925
259926
259927
259928
259929
259930
259931
259932
259933
259934
259935
259936
259937
259938
259939
259940
259941
259942
259943
259944
259945
259946
259947
259948
259949
259950
259951
259952
259953
259954
259955
259956
259957
259958
259959
259960
259961
259962
259963
259964
259965
259966
259967
259968
259969
259970
259971
259972
259973
259974
259975
259976
259977
259978
259979
259980
259981
259982
259983
259984
259985
259986
259987
259988
259989
259990
259991
259992
259993
259994
259995
259996
259997
259998
259999
260000
260001
260002
260003
260004
260005
260006
260007
260008
260009
260010
260011
260012
260013
260014
260015
260016
260017
260018
260019
260020
260021
260022
260023
260024
260025
260026
260027
260028
260029
260030
260031
260032
260033
260034
260035
260036
260037
260038
260039
260040
260041
260042
260043
260044
260045
260046
260047
260048
260049
260050
260051
260052
260053
260054
260055
260056
260057
260058
260059
260060
260061
260062
260063
260064
260065
260066
260067
260068
260069
260070
260071
260072
260073
260074
260075
260076
260077
260078
260079
260080
260081
260082
260083
260084
260085
260086
260087
260088
260089
260090
260091
260092
260093
260094
260095
260096
260097
260098
260099
260100
260101
260102
260103
260104
260105
260106
260107
260108
260109
260110
260111
260112
260113
260114
260115
260116
260117
260118
260119
260120
260121
260122
260123
260124
260125
260126
260127
260128
260129
260130
260131
260132
260133
260134
260135
260136
260137
260138
260139
260140
260141
260142
260143
260144
260145
260146
260147
260148
260149
260150
260151
260152
260153
260154
260155
260156
260157
260158
260159
260160
260161
260162
260163
260164
260165
260166
260167
260168
260169
260170
260171
260172
260173
260174
260175
260176
260177
260178
260179
260180
260181
260182
260183
260184
260185
260186
260187
260188
260189
260190
260191
260192
260193
260194
260195
260196
260197
260198
260199
260200
260201
260202
260203
260204
260205
260206
260207
260208
260209
260210
260211
260212
260213
260214
260215
260216
260217
260218
260219
260220
260221
260222
260223
260224
260225
260226
260227
260228
260229
260230
260231
260232
260233
260234
260235
260236
260237
260238
260239
260240
260241
260242
260243
260244
260245
260246
260247
260248
260249
260250
260251
260252
260253
260254
260255
260256
260257
260258
260259
260260
260261
260262
260263
260264
260265
260266
260267
260268
260269
260270
260271
260272
260273
260274
260275
260276
260277
260278
260279
260280
260281
260282
260283
260284
260285
260286
260287
260288
260289
260290
260291
260292
260293
260294
260295
260296
260297
260298
260299
260300
260301
260302
260303
260304
260305
260306
260307
260308
260309
260310
260311
260312
260313
260314
260315
260316
260317
260318
260319
260320
260321
260322
260323
260324
260325
260326
260327
260328
260329
260330
260331
260332
260333
260334
260335
260336
260337
260338
260339
260340
260341
260342
260343
260344
260345
260346
260347
260348
260349
260350
260351
260352
260353
260354
260355
260356
260357
260358
260359
260360
260361
260362
260363
260364
260365
260366
260367
260368
260369
260370
260371
260372
260373
260374
260375
260376
260377
260378
260379
260380
260381
260382
260383
260384
260385
260386
260387
260388
260389
260390
260391
260392
260393
260394
260395
260396
260397
260398
260399
260400
260401
260402
260403
260404
260405
260406
260407
260408
260409
260410
260411
260412
260413
260414
260415
260416
260417
260418
260419
260420
260421
260422
260423
260424
260425
260426
260427
260428
260429
260430
260431
260432
260433
260434
260435
260436
260437
260438
260439
260440
260441
260442
260443
260444
260445
260446
260447
260448
260449
260450
260451
260452
260453
260454
260455
260456
260457
260458
260459
260460
260461
260462
260463
260464
260465
260466
260467
260468
260469
260470
260471
260472
260473
260474
260475
260476
260477
260478
260479
260480
260481
260482
260483
260484
260485
260486
260487
260488
260489
260490
260491
260492
260493
260494
260495
260496
260497
260498
260499
260500
260501
260502
260503
260504
260505
260506
260507
260508
260509
260510
260511
260512
260513
260514
260515
260516
260517
260518
260519
260520
260521
260522
260523
260524
260525
260526
260527
260528
260529
260530
260531
260532
260533
260534
260535
260536
260537
260538
260539
260540
260541
260542
260543
260544
260545
260546
260547
260548
260549
260550
260551
260552
260553
260554
260555
260556
260557
260558
260559
260560
260561
260562
260563
260564
260565
260566
260567
260568
260569
260570
260571
260572
260573
260574
260575
260576
260577
260578
260579
260580
260581
260582
260583
260584
260585
260586
260587
260588
260589
260590
260591
260592
260593
260594
260595
260596
260597
260598
260599
260600
260601
260602
260603
260604
260605
260606
260607
260608
260609
260610
260611
260612
260613
260614
260615
260616
260617
260618
260619
260620
260621
260622
260623
260624
260625
260626
260627
260628
260629
260630
260631
260632
260633
260634
260635
260636
260637
260638
260639
260640
260641
260642
260643
260644
260645
260646
260647
260648
260649
260650
260651
260652
260653
260654
260655
260656
260657
260658
260659
260660
260661
260662
260663
260664
260665
260666
260667
260668
260669
260670
260671
260672
260673
260674
260675
260676
260677
260678
260679
260680
260681
260682
260683
260684
260685
260686
260687
260688
260689
260690
260691
260692
260693
260694
260695
260696
260697
260698
260699
260700
260701
260702
260703
260704
260705
260706
260707
260708
260709
260710
260711
260712
260713
260714
260715
260716
260717
260718
260719
260720
260721
260722
260723
260724
260725
260726
260727
260728
260729
260730
260731
260732
260733
260734
260735
260736
260737
260738
260739
260740
260741
260742
260743
260744
260745
260746
260747
260748
260749
260750
260751
260752
260753
260754
260755
260756
260757
260758
260759
260760
260761
260762
260763
260764
260765
260766
260767
260768
260769
260770
260771
260772
260773
260774
260775
260776
260777
260778
260779
260780
260781
260782
260783
260784
260785
260786
260787
260788
260789
260790
260791
260792
260793
260794
260795
260796
260797
260798
260799
260800
260801
260802
260803
260804
260805
260806
260807
260808
260809
260810
260811
260812
260813
260814
260815
260816
260817
260818
260819
260820
260821
260822
260823
260824
260825
260826
260827
260828
260829
260830
260831
260832
260833
260834
260835
260836
260837
260838
260839
260840
260841
260842
260843
260844
260845
260846
260847
260848
260849
260850
260851
260852
260853
260854
260855
260856
260857
260858
260859
260860
260861
260862
260863
260864
260865
260866
260867
260868
260869
260870
260871
260872
260873
260874
260875
260876
260877
260878
260879
260880
260881
260882
260883
260884
260885
260886
260887
260888
260889
260890
260891
260892
260893
260894
260895
260896
260897
260898
260899
260900
260901
260902
260903
260904
260905
260906
260907
260908
260909
260910
260911
260912
260913
260914
260915
260916
260917
260918
260919
260920
260921
260922
260923
260924
260925
260926
260927
260928
260929
260930
260931
260932
260933
260934
260935
260936
260937
260938
260939
260940
260941
260942
260943
260944
260945
260946
260947
260948
260949
260950
260951
260952
260953
260954
260955
260956
260957
260958
260959
260960
260961
260962
260963
260964
260965
260966
260967
260968
260969
260970
260971
260972
260973
260974
260975
260976
260977
260978
260979
260980
260981
260982
260983
260984
260985
260986
260987
260988
260989
260990
260991
260992
260993
260994
260995
260996
260997
260998
260999
261000
261001
261002
261003
261004
261005
261006
261007
261008
261009
261010
261011
261012
261013
261014
261015
261016
261017
261018
261019
261020
261021
261022
261023
261024
261025
261026
261027
261028
261029
261030
261031
261032
261033
261034
261035
261036
261037
261038
261039
261040
261041
261042
261043
261044
261045
261046
261047
261048
261049
261050
261051
261052
261053
261054
261055
261056
261057
261058
261059
261060
261061
261062
261063
261064
261065
261066
261067
261068
261069
261070
261071
261072
261073
261074
261075
261076
261077
261078
261079
261080
261081
261082
261083
261084
261085
261086
261087
261088
261089
261090
261091
261092
261093
261094
261095
261096
261097
261098
261099
261100
261101
261102
261103
261104
261105
261106
261107
261108
261109
261110
261111
261112
261113
261114
261115
261116
261117
261118
261119
261120
261121
261122
261123
261124
261125
261126
261127
261128
261129
261130
261131
261132
261133
261134
261135
261136
261137
261138
261139
261140
261141
261142
261143
261144
261145
261146
261147
261148
261149
261150
261151
261152
261153
261154
261155
261156
261157
261158
261159
261160
261161
261162
261163
261164
261165
261166
261167
261168
261169
261170
261171
261172
261173
261174
261175
261176
261177
261178
261179
261180
261181
261182
261183
261184
261185
261186
261187
261188
261189
261190
261191
261192
261193
261194
261195
261196
261197
261198
261199
261200
261201
261202
261203
261204
261205
261206
261207
261208
261209
261210
261211
261212
261213
261214
261215
261216
261217
261218
261219
261220
261221
261222
261223
261224
261225
261226
261227
261228
261229
261230
261231
261232
261233
261234
261235
261236
261237
261238
261239
261240
261241
261242
261243
261244
261245
261246
261247
261248
261249
261250
261251
261252
261253
261254
261255
261256
261257
261258
261259
261260
261261
261262
261263
261264
261265
261266
261267
261268
261269
261270
261271
261272
261273
261274
261275
261276
261277
261278
261279
261280
261281
261282
261283
261284
261285
261286
261287
261288
261289
261290
261291
261292
261293
261294
261295
261296
261297
261298
261299
261300
261301
261302
261303
261304
261305
261306
261307
261308
261309
261310
261311
261312
261313
261314
261315
261316
261317
261318
261319
261320
261321
261322
261323
261324
261325
261326
261327
261328
261329
261330
261331
261332
261333
261334
261335
261336
261337
261338
261339
261340
261341
261342
261343
261344
261345
261346
261347
261348
261349
261350
261351
261352
261353
261354
261355
261356
261357
261358
261359
261360
261361
261362
261363
261364
261365
261366
261367
261368
261369
261370
261371
261372
261373
261374
261375
261376
261377
261378
261379
261380
261381
261382
261383
261384
261385
261386
261387
261388
261389
261390
261391
261392
261393
261394
261395
261396
261397
261398
261399
261400
261401
261402
261403
261404
261405
261406
261407
261408
261409
261410
261411
261412
261413
261414
261415
261416
261417
261418
261419
261420
261421
261422
261423
261424
261425
261426
261427
261428
261429
261430
261431
261432
261433
261434
261435
261436
261437
261438
261439
261440
261441
261442
261443
261444
261445
261446
261447
261448
261449
261450
261451
261452
261453
261454
261455
261456
261457
261458
261459
261460
261461
261462
261463
261464
261465
261466
261467
261468
261469
261470
261471
261472
261473
261474
261475
261476
261477
261478
261479
261480
261481
261482
261483
261484
261485
261486
261487
261488
261489
261490
261491
261492
261493
261494
261495
261496
261497
261498
261499
261500
261501
261502
261503
261504
261505
261506
261507
261508
261509
261510
261511
261512
261513
261514
261515
261516
261517
261518
261519
261520
261521
261522
261523
261524
261525
261526
261527
261528
261529
261530
261531
261532
261533
261534
261535
261536
261537
261538
261539
261540
261541
261542
261543
261544
261545
261546
261547
261548
261549
261550
261551
261552
261553
261554
261555
261556
261557
261558
261559
261560
261561
261562
261563
261564
261565
261566
261567
261568
261569
261570
261571
261572
261573
261574
261575
261576
261577
261578
261579
261580
261581
261582
261583
261584
261585
261586
261587
261588
261589
261590
261591
261592
261593
261594
261595
261596
261597
261598
261599
261600
261601
261602
261603
261604
261605
261606
261607
261608
261609
261610
261611
261612
261613
261614
261615
261616
261617
261618
261619
261620
261621
261622
261623
261624
261625
261626
261627
261628
261629
261630
261631
261632
261633
261634
261635
261636
261637
261638
261639
261640
261641
261642
261643
261644
261645
261646
261647
261648
261649
261650
261651
261652
261653
261654
261655
261656
261657
261658
261659
261660
261661
261662
261663
261664
261665
261666
261667
261668
261669
261670
261671
261672
261673
261674
)


// ************************************************************************* //
