/*--------------------------------*- C++ -*----------------------------------*\
| =========                 |                                                 |
| \\      /  F ield         | OpenFOAM: The Open Source CFD Toolbox           |
|  \\    /   O peration     | Version:  2512                                  |
|   \\  /    A nd           | Website:  www.openfoam.com                      |
|    \\/     M anipulation  |                                                 |
\*---------------------------------------------------------------------------*/
FoamFile
{
    version     2.0;
    format      ascii;
    arch        "LSB;label=32;scalar=64";
    class       cellSet;
    location    "constant/polyMesh/sets";
    object      rotorSet2;
}
// * * * * * * * * * * * * * * * * * * * * * * * * * * * * * * * * * * * * * //


54000
(
20250
20251
20252
20253
20254
20255
20256
20257
20258
20259
20260
20261
20262
20263
20264
20265
20266
20267
20268
20269
20270
20271
20272
20273
20274
20275
20276
20277
20278
20279
20280
20281
20282
20283
20284
20285
20286
20287
20288
20289
20290
20291
20292
20293
20294
20295
20296
20297
20298
20299
20300
20301
20302
20303
20304
20305
20306
20307
20308
20309
20310
20311
20312
20313
20314
20315
20316
20317
20318
20319
20320
20321
20322
20323
20324
20325
20326
20327
20328
20329
20330
20331
20332
20333
20334
20335
20336
20337
20338
20339
20340
20341
20342
20343
20344
20345
20346
20347
20348
20349
20350
20351
20352
20353
20354
20355
20356
20357
20358
20359
20360
20361
20362
20363
20364
20365
20366
20367
20368
20369
20370
20371
20372
20373
20374
20375
20376
20377
20378
20379
20380
20381
20382
20383
20384
20385
20386
20387
20388
20389
20390
20391
20392
20393
20394
20395
20396
20397
20398
20399
20400
20401
20402
20403
20404
20405
20406
20407
20408
20409
20410
20411
20412
20413
20414
20415
20416
20417
20418
20419
20420
20421
20422
20423
20424
20425
20426
20427
20428
20429
20430
20431
20432
20433
20434
20435
20436
20437
20438
20439
20440
20441
20442
20443
20444
20445
20446
20447
20448
20449
20450
20451
20452
20453
20454
20455
20456
20457
20458
20459
20460
20461
20462
20463
20464
20465
20466
20467
20468
20469
20470
20471
20472
20473
20474
20475
20476
20477
20478
20479
20480
20481
20482
20483
20484
20485
20486
20487
20488
20489
20490
20491
20492
20493
20494
20495
20496
20497
20498
20499
20500
20501
20502
20503
20504
20505
20506
20507
20508
20509
20510
20511
20512
20513
20514
20515
20516
20517
20518
20519
20520
20521
20522
20523
20524
20525
20526
20527
20528
20529
20530
20531
20532
20533
20534
20535
20536
20537
20538
20539
20540
20541
20542
20543
20544
20545
20546
20547
20548
20549
20550
20551
20552
20553
20554
20555
20556
20557
20558
20559
20560
20561
20562
20563
20564
20565
20566
20567
20568
20569
20570
20571
20572
20573
20574
20575
20576
20577
20578
20579
20580
20581
20582
20583
20584
20585
20586
20587
20588
20589
20590
20591
20592
20593
20594
20595
20596
20597
20598
20599
20600
20601
20602
20603
20604
20605
20606
20607
20608
20609
20610
20611
20612
20613
20614
20615
20616
20617
20618
20619
20620
20621
20622
20623
20624
20625
20626
20627
20628
20629
20630
20631
20632
20633
20634
20635
20636
20637
20638
20639
20640
20641
20642
20643
20644
20645
20646
20647
20648
20649
20650
20651
20652
20653
20654
20655
20656
20657
20658
20659
20660
20661
20662
20663
20664
20665
20666
20667
20668
20669
20670
20671
20672
20673
20674
20675
20676
20677
20678
20679
20680
20681
20682
20683
20684
20685
20686
20687
20688
20689
20690
20691
20692
20693
20694
20695
20696
20697
20698
20699
20700
20701
20702
20703
20704
20705
20706
20707
20708
20709
20710
20711
20712
20713
20714
20715
20716
20717
20718
20719
20720
20721
20722
20723
20724
20725
20726
20727
20728
20729
20730
20731
20732
20733
20734
20735
20736
20737
20738
20739
20740
20741
20742
20743
20744
20745
20746
20747
20748
20749
20750
20751
20752
20753
20754
20755
20756
20757
20758
20759
20760
20761
20762
20763
20764
20765
20766
20767
20768
20769
20770
20771
20772
20773
20774
20775
20776
20777
20778
20779
20780
20781
20782
20783
20784
20785
20786
20787
20788
20789
20790
20791
20792
20793
20794
20795
20796
20797
20798
20799
20800
20801
20802
20803
151875
20804
151876
20805
151877
20806
151878
20807
151879
20808
151880
20809
151881
20810
151882
20811
151883
20812
151884
20813
151885
20814
151886
20815
151887
20816
151888
20817
151889
20818
151890
20819
151891
20820
151892
20821
151893
20822
151894
20823
151895
20824
151896
20825
151897
20826
151898
20827
151899
20828
151900
20829
151901
20830
151902
20831
151903
20832
151904
20833
151905
20834
151906
20835
151907
20836
151908
20837
151909
20838
151910
20839
151911
20840
151912
20841
151913
20842
151914
20843
151915
20844
151916
20845
151917
20846
151918
20847
151919
20848
151920
20849
151921
20850
151922
20851
151923
20852
151924
20853
151925
20854
151926
20855
151927
20856
151928
20857
151929
20858
151930
20859
151931
20860
151932
20861
151933
20862
151934
20863
151935
20864
151936
20865
151937
20866
151938
20867
151939
20868
151940
20869
151941
20870
151942
20871
151943
20872
151944
20873
151945
20874
151946
20875
151947
20876
151948
20877
151949
20878
151950
20879
151951
20880
151952
20881
151953
20882
151954
20883
151955
20884
151956
20885
151957
20886
151958
20887
151959
20888
151960
20889
151961
20890
151962
20891
151963
20892
151964
20893
151965
20894
151966
20895
151967
20896
151968
20897
151969
20898
151970
20899
151971
20900
151972
20901
151973
20902
151974
20903
151975
20904
151976
20905
151977
20906
151978
20907
151979
20908
151980
20909
151981
20910
151982
20911
151983
20912
151984
20913
151985
20914
151986
20915
151987
20916
151988
20917
151989
20918
151990
20919
151991
20920
151992
20921
151993
20922
151994
20923
151995
20924
151996
20925
151997
20926
151998
20927
151999
20928
152000
20929
152001
20930
152002
20931
152003
20932
152004
20933
152005
20934
152006
20935
152007
20936
152008
20937
152009
20938
152010
20939
152011
20940
152012
20941
152013
20942
152014
20943
152015
20944
152016
20945
152017
20946
152018
20947
152019
20948
152020
20949
152021
20950
152022
20951
152023
20952
152024
20953
152025
20954
152026
20955
152027
20956
152028
20957
152029
20958
152030
20959
152031
20960
152032
20961
152033
20962
152034
20963
152035
20964
152036
20965
152037
20966
152038
20967
152039
20968
152040
20969
152041
20970
152042
20971
152043
20972
152044
20973
152045
20974
152046
20975
152047
20976
152048
20977
152049
20978
152050
20979
152051
20980
152052
20981
152053
20982
152054
20983
152055
20984
152056
20985
152057
20986
152058
20987
152059
20988
152060
20989
152061
20990
152062
20991
152063
20992
152064
20993
152065
20994
152066
20995
152067
20996
152068
20997
152069
20998
152070
20999
152071
21000
152072
21001
152073
21002
152074
21003
152075
21004
152076
21005
152077
21006
152078
21007
152079
21008
152080
21009
152081
21010
152082
21011
152083
21012
152084
21013
152085
21014
152086
21015
152087
21016
152088
21017
152089
21018
152090
21019
152091
21020
152092
21021
152093
21022
152094
21023
152095
21024
152096
21025
152097
21026
152098
21027
152099
21028
152100
21029
152101
21030
152102
21031
152103
21032
152104
21033
152105
21034
152106
21035
152107
21036
152108
21037
152109
21038
152110
21039
152111
21040
152112
21041
152113
21042
152114
21043
152115
21044
152116
21045
152117
21046
152118
21047
152119
21048
152120
21049
152121
21050
152122
21051
152123
21052
152124
21053
152125
21054
152126
21055
152127
21056
152128
21057
152129
21058
152130
21059
152131
21060
152132
21061
152133
21062
152134
21063
152135
21064
152136
21065
152137
21066
152138
21067
152139
21068
152140
21069
152141
21070
152142
21071
152143
21072
152144
21073
152145
21074
152146
21075
152147
21076
152148
21077
152149
21078
152150
21079
152151
21080
152152
21081
152153
21082
152154
21083
152155
21084
152156
21085
152157
21086
152158
21087
152159
21088
152160
21089
152161
21090
152162
21091
152163
21092
152164
21093
152165
21094
152166
21095
152167
21096
152168
21097
152169
21098
152170
21099
152171
21100
152172
21101
152173
21102
152174
21103
152175
21104
152176
21105
152177
21106
152178
21107
152179
21108
152180
21109
152181
21110
152182
21111
152183
21112
152184
21113
152185
21114
152186
21115
152187
21116
152188
21117
152189
21118
152190
21119
152191
21120
152192
21121
152193
21122
152194
21123
152195
21124
152196
21125
152197
21126
152198
21127
152199
21128
152200
21129
152201
21130
152202
21131
152203
21132
152204
21133
152205
21134
152206
21135
152207
21136
152208
21137
152209
21138
152210
21139
152211
21140
152212
21141
152213
21142
152214
21143
152215
21144
152216
21145
152217
21146
152218
21147
152219
21148
152220
21149
152221
21150
152222
21151
152223
21152
152224
21153
152225
21154
152226
21155
152227
21156
152228
21157
152229
21158
152230
21159
152231
21160
152232
21161
152233
21162
152234
21163
152235
21164
152236
21165
152237
21166
152238
21167
152239
21168
152240
21169
152241
21170
152242
21171
152243
21172
152244
21173
152245
21174
152246
21175
152247
21176
152248
21177
152249
21178
152250
21179
152251
21180
152252
21181
152253
21182
152254
21183
152255
21184
152256
21185
152257
21186
152258
21187
152259
21188
152260
21189
152261
21190
152262
21191
152263
21192
152264
21193
152265
21194
152266
21195
152267
21196
152268
21197
152269
21198
152270
21199
152271
21200
152272
21201
152273
21202
152274
21203
152275
21204
152276
21205
152277
21206
152278
21207
152279
21208
152280
21209
152281
21210
152282
21211
152283
21212
152284
21213
152285
21214
152286
21215
152287
21216
152288
21217
152289
21218
152290
21219
152291
21220
152292
21221
152293
21222
152294
21223
152295
21224
152296
21225
152297
21226
152298
21227
152299
21228
152300
21229
152301
21230
152302
21231
152303
21232
152304
21233
152305
21234
152306
21235
152307
21236
152308
21237
152309
21238
152310
21239
152311
21240
152312
21241
152313
21242
152314
21243
152315
21244
152316
21245
152317
21246
152318
21247
152319
21248
152320
21249
152321
21250
152322
21251
152323
21252
152324
21253
152325
21254
152326
21255
152327
21256
152328
21257
152329
21258
152330
21259
152331
21260
152332
21261
152333
21262
152334
21263
152335
21264
152336
21265
152337
21266
152338
21267
152339
21268
152340
21269
152341
21270
152342
21271
152343
21272
152344
21273
152345
21274
152346
21275
152347
21276
152348
21277
152349
21278
152350
21279
152351
21280
152352
21281
152353
21282
152354
21283
152355
21284
152356
21285
152357
21286
152358
21287
152359
21288
152360
21289
152361
21290
152362
21291
152363
21292
152364
21293
152365
21294
152366
21295
152367
21296
152368
21297
152369
21298
152370
21299
152371
21300
152372
21301
152373
21302
152374
21303
152375
21304
152376
21305
152377
21306
152378
21307
152379
21308
152380
21309
152381
21310
152382
21311
152383
21312
152384
21313
152385
21314
152386
21315
152387
21316
152388
21317
152389
21318
152390
21319
152391
21320
152392
21321
152393
21322
152394
21323
152395
21324
152396
21325
152397
21326
152398
21327
152399
21328
152400
21329
152401
21330
152402
21331
152403
21332
152404
21333
152405
21334
152406
21335
152407
21336
152408
21337
152409
21338
152410
21339
152411
21340
152412
21341
152413
21342
152414
21343
152415
21344
152416
21345
152417
21346
152418
21347
152419
21348
152420
21349
152421
21350
152422
21351
152423
21352
152424
21353
152425
21354
152426
21355
152427
21356
152428
21357
152429
21358
152430
21359
152431
21360
152432
21361
152433
21362
152434
21363
152435
21364
152436
21365
152437
21366
152438
21367
152439
21368
152440
21369
152441
21370
152442
21371
152443
21372
152444
21373
152445
21374
152446
21375
152447
21376
152448
21377
152449
21378
152450
21379
152451
21380
152452
21381
152453
21382
152454
21383
152455
21384
152456
21385
152457
21386
152458
21387
152459
21388
152460
21389
152461
21390
152462
21391
152463
21392
152464
21393
152465
21394
152466
21395
152467
21396
152468
21397
152469
21398
152470
21399
152471
21400
152472
21401
152473
21402
152474
21403
152475
21404
152476
21405
152477
21406
152478
21407
152479
21408
152480
21409
152481
21410
152482
21411
152483
21412
152484
21413
152485
21414
152486
21415
152487
21416
152488
21417
152489
21418
152490
21419
152491
21420
152492
21421
152493
21422
152494
21423
152495
21424
152496
21425
152497
21426
152498
21427
152499
21428
152500
21429
152501
21430
152502
21431
152503
21432
152504
21433
152505
21434
152506
21435
152507
21436
152508
21437
152509
21438
152510
21439
152511
21440
152512
21441
152513
21442
152514
21443
152515
21444
152516
21445
152517
21446
152518
21447
152519
21448
152520
21449
152521
21450
152522
21451
152523
21452
152524
21453
152525
21454
152526
21455
152527
21456
152528
21457
152529
21458
152530
21459
152531
21460
152532
21461
152533
21462
152534
21463
152535
21464
152536
21465
152537
21466
152538
21467
152539
21468
152540
21469
152541
21470
152542
21471
152543
21472
152544
21473
152545
21474
152546
21475
152547
21476
152548
21477
152549
21478
152550
21479
152551
21480
152552
21481
152553
21482
152554
21483
152555
21484
152556
21485
152557
21486
152558
21487
152559
21488
152560
21489
152561
21490
152562
21491
152563
21492
152564
21493
152565
21494
152566
21495
152567
21496
152568
21497
152569
21498
152570
21499
152571
21500
152572
21501
152573
21502
152574
21503
152575
21504
152576
21505
152577
21506
152578
21507
152579
21508
152580
21509
152581
21510
152582
21511
152583
21512
152584
21513
152585
21514
152586
21515
152587
21516
152588
21517
152589
21518
152590
21519
152591
21520
152592
21521
152593
21522
152594
21523
152595
21524
152596
21525
152597
21526
152598
21527
152599
21528
152600
21529
152601
21530
152602
21531
152603
21532
152604
21533
152605
21534
152606
21535
152607
21536
152608
21537
152609
21538
152610
21539
152611
21540
152612
21541
152613
21542
152614
21543
152615
21544
152616
21545
152617
21546
152618
21547
152619
21548
152620
21549
152621
21550
152622
21551
152623
21552
152624
21553
152625
21554
152626
21555
152627
21556
152628
21557
152629
21558
152630
21559
152631
21560
152632
21561
152633
21562
152634
21563
152635
21564
152636
21565
152637
21566
152638
21567
152639
21568
152640
21569
152641
21570
152642
21571
152643
21572
152644
21573
152645
21574
152646
21575
152647
21576
152648
21577
152649
21578
152650
21579
152651
21580
152652
21581
152653
21582
152654
21583
152655
21584
152656
21585
152657
21586
152658
21587
152659
21588
152660
21589
152661
21590
152662
21591
152663
21592
152664
21593
152665
21594
152666
21595
152667
21596
152668
21597
152669
21598
152670
21599
152671
21600
152672
21601
152673
21602
152674
21603
152675
21604
152676
21605
152677
21606
152678
21607
152679
21608
152680
21609
152681
21610
152682
21611
152683
21612
152684
21613
152685
21614
152686
21615
152687
21616
152688
21617
152689
21618
152690
21619
152691
21620
152692
21621
152693
21622
152694
21623
152695
21624
152696
21625
152697
21626
152698
21627
152699
21628
152700
21629
152701
21630
152702
21631
152703
21632
152704
21633
152705
21634
152706
21635
152707
21636
152708
21637
152709
21638
152710
21639
152711
21640
152712
21641
152713
21642
152714
21643
152715
21644
152716
21645
152717
21646
152718
21647
152719
21648
152720
21649
152721
21650
152722
21651
152723
21652
152724
21653
152725
21654
152726
21655
152727
21656
152728
21657
152729
21658
152730
21659
152731
21660
152732
21661
152733
21662
152734
21663
152735
21664
152736
21665
152737
21666
152738
21667
152739
21668
152740
21669
152741
21670
152742
21671
152743
21672
152744
21673
152745
21674
152746
21675
152747
21676
152748
21677
152749
21678
152750
21679
152751
21680
152752
21681
152753
21682
152754
21683
152755
21684
152756
21685
152757
21686
152758
21687
152759
21688
152760
21689
152761
21690
152762
21691
152763
21692
152764
21693
152765
21694
152766
21695
152767
21696
152768
21697
152769
21698
152770
21699
152771
21700
152772
21701
152773
21702
152774
21703
152775
21704
152776
21705
152777
21706
152778
21707
152779
21708
152780
21709
152781
21710
152782
21711
152783
21712
152784
21713
152785
21714
152786
21715
152787
21716
152788
21717
152789
21718
152790
21719
152791
21720
152792
21721
152793
21722
152794
21723
152795
21724
152796
21725
152797
21726
152798
21727
152799
21728
152800
21729
152801
21730
152802
21731
152803
21732
152804
21733
152805
21734
152806
21735
152807
21736
152808
21737
152809
21738
152810
21739
152811
21740
152812
21741
152813
21742
152814
21743
152815
21744
152816
21745
152817
21746
152818
21747
152819
21748
152820
21749
152821
21750
152822
21751
152823
21752
152824
21753
152825
21754
152826
21755
152827
21756
152828
21757
152829
21758
152830
21759
152831
21760
152832
21761
152833
21762
152834
21763
152835
21764
152836
21765
152837
21766
152838
21767
152839
21768
152840
21769
152841
21770
152842
21771
152843
21772
152844
21773
152845
21774
152846
21775
152847
21776
152848
21777
152849
21778
152850
21779
152851
21780
152852
21781
152853
21782
152854
21783
152855
21784
152856
21785
152857
21786
152858
21787
152859
21788
152860
21789
152861
21790
152862
21791
152863
21792
152864
21793
152865
21794
152866
21795
152867
21796
152868
21797
152869
21798
152870
21799
152871
21800
152872
21801
152873
21802
152874
21803
152875
21804
152876
21805
152877
21806
152878
21807
152879
21808
152880
21809
152881
21810
152882
21811
152883
21812
152884
21813
152885
21814
152886
21815
152887
21816
152888
21817
152889
21818
152890
21819
152891
21820
152892
21821
152893
21822
152894
21823
152895
21824
152896
21825
152897
21826
152898
21827
152899
21828
152900
21829
152901
21830
152902
21831
152903
21832
152904
21833
152905
21834
152906
21835
152907
21836
152908
21837
152909
21838
152910
21839
152911
21840
152912
21841
152913
21842
152914
21843
152915
21844
152916
21845
152917
21846
152918
21847
152919
21848
152920
21849
152921
21850
152922
21851
152923
21852
152924
21853
152925
21854
152926
21855
152927
21856
152928
21857
152929
21858
152930
21859
152931
21860
152932
21861
152933
21862
152934
21863
152935
21864
152936
21865
152937
21866
152938
21867
152939
21868
152940
21869
152941
21870
152942
21871
152943
21872
152944
21873
152945
21874
152946
21875
152947
21876
152948
21877
152949
21878
152950
21879
152951
21880
152952
21881
152953
21882
152954
21883
152955
21884
152956
21885
152957
21886
152958
21887
152959
21888
152960
21889
152961
21890
152962
21891
152963
21892
152964
21893
152965
21894
152966
21895
152967
21896
152968
21897
152969
21898
152970
21899
152971
21900
152972
21901
152973
21902
152974
21903
152975
21904
152976
21905
152977
21906
152978
21907
152979
21908
152980
21909
152981
21910
152982
21911
152983
21912
152984
21913
152985
21914
152986
21915
152987
21916
152988
21917
152989
21918
152990
21919
152991
21920
152992
21921
152993
21922
152994
21923
152995
21924
152996
21925
152997
21926
152998
21927
152999
21928
153000
21929
153001
21930
153002
21931
153003
21932
153004
21933
153005
21934
153006
21935
153007
21936
153008
21937
153009
21938
153010
21939
153011
21940
153012
21941
153013
21942
153014
21943
153015
21944
153016
21945
153017
21946
153018
21947
153019
21948
153020
21949
153021
21950
153022
21951
153023
21952
153024
21953
153025
21954
153026
21955
153027
21956
153028
21957
153029
21958
153030
21959
153031
21960
153032
21961
153033
21962
153034
21963
153035
21964
153036
21965
153037
21966
153038
21967
153039
21968
153040
21969
153041
21970
153042
21971
153043
21972
153044
21973
153045
21974
153046
21975
153047
21976
153048
21977
153049
21978
153050
21979
153051
21980
153052
21981
153053
21982
153054
21983
153055
21984
153056
21985
153057
21986
153058
21987
153059
21988
153060
21989
153061
21990
153062
21991
153063
21992
153064
21993
153065
21994
153066
21995
153067
21996
153068
21997
153069
21998
153070
21999
153071
22000
153072
22001
153073
22002
153074
22003
153075
22004
153076
22005
153077
22006
153078
22007
153079
22008
153080
22009
153081
22010
153082
22011
153083
22012
153084
22013
153085
22014
153086
22015
153087
22016
153088
22017
153089
22018
153090
22019
153091
22020
153092
22021
153093
22022
153094
22023
153095
22024
153096
22025
153097
22026
153098
22027
153099
22028
153100
22029
153101
22030
153102
22031
153103
22032
153104
22033
153105
22034
153106
22035
153107
22036
153108
22037
153109
22038
153110
22039
153111
22040
153112
22041
153113
22042
153114
22043
153115
22044
153116
22045
153117
22046
153118
22047
153119
22048
153120
22049
153121
22050
153122
22051
153123
22052
153124
22053
153125
22054
153126
22055
153127
22056
153128
22057
153129
22058
153130
22059
153131
22060
153132
22061
153133
22062
153134
22063
153135
22064
153136
22065
153137
22066
153138
22067
153139
22068
153140
22069
153141
22070
153142
22071
153143
22072
153144
22073
153145
22074
153146
22075
153147
22076
153148
22077
153149
22078
153150
22079
153151
22080
153152
22081
153153
22082
153154
22083
153155
22084
153156
22085
153157
22086
153158
22087
153159
22088
153160
22089
153161
22090
153162
22091
153163
22092
153164
22093
153165
22094
153166
22095
153167
22096
153168
22097
153169
22098
153170
22099
153171
22100
153172
22101
153173
22102
153174
22103
153175
22104
153176
22105
153177
22106
153178
22107
153179
22108
153180
22109
153181
22110
153182
22111
153183
22112
153184
22113
153185
22114
153186
22115
153187
22116
153188
22117
153189
22118
153190
22119
153191
22120
153192
22121
153193
22122
153194
22123
153195
22124
153196
22125
153197
22126
153198
22127
153199
22128
153200
22129
153201
22130
153202
22131
153203
22132
153204
22133
153205
22134
153206
22135
153207
22136
153208
22137
153209
22138
153210
22139
153211
22140
153212
22141
153213
22142
153214
22143
153215
22144
153216
22145
153217
22146
153218
22147
153219
22148
153220
22149
153221
22150
153222
22151
153223
22152
153224
22153
153225
22154
153226
22155
153227
22156
153228
22157
153229
22158
153230
22159
153231
22160
153232
22161
153233
22162
153234
22163
153235
22164
153236
22165
153237
22166
153238
22167
153239
22168
153240
22169
153241
22170
153242
22171
153243
22172
153244
22173
153245
22174
153246
22175
153247
22176
153248
22177
153249
22178
153250
22179
153251
22180
153252
22181
153253
22182
153254
22183
153255
22184
153256
22185
153257
22186
153258
22187
153259
22188
153260
22189
153261
22190
153262
22191
153263
22192
153264
22193
153265
22194
153266
22195
153267
22196
153268
22197
153269
22198
153270
22199
153271
22200
153272
22201
153273
22202
153274
22203
153275
22204
153276
22205
153277
22206
153278
22207
153279
22208
153280
22209
153281
22210
153282
22211
153283
22212
153284
22213
153285
22214
153286
22215
153287
22216
153288
22217
153289
22218
153290
22219
153291
22220
153292
22221
153293
22222
153294
22223
153295
22224
153296
22225
153297
22226
153298
22227
153299
22228
153300
22229
153301
22230
153302
22231
153303
22232
153304
22233
153305
22234
153306
22235
153307
22236
153308
22237
153309
22238
153310
22239
153311
22240
153312
22241
153313
22242
153314
22243
153315
22244
153316
22245
153317
22246
153318
22247
153319
22248
153320
22249
153321
22250
153322
22251
153323
22252
153324
22253
153325
22254
153326
22255
153327
22256
153328
22257
153329
22258
153330
22259
153331
22260
153332
22261
153333
22262
153334
22263
153335
22264
153336
22265
153337
22266
153338
22267
153339
22268
153340
22269
153341
22270
153342
22271
153343
22272
153344
22273
153345
22274
153346
22275
153347
22276
153348
22277
153349
22278
153350
22279
153351
22280
153352
22281
153353
22282
153354
22283
153355
22284
153356
22285
153357
22286
153358
22287
153359
22288
153360
22289
153361
22290
153362
22291
153363
22292
153364
22293
153365
22294
153366
22295
153367
22296
153368
22297
153369
22298
153370
22299
153371
22300
153372
22301
153373
22302
153374
22303
153375
22304
153376
22305
153377
22306
153378
22307
153379
22308
153380
22309
153381
22310
153382
22311
153383
22312
153384
22313
153385
22314
153386
22315
153387
22316
153388
22317
153389
22318
153390
22319
153391
22320
153392
22321
153393
22322
153394
22323
153395
22324
153396
22325
153397
22326
153398
22327
153399
22328
153400
22329
153401
22330
153402
22331
153403
22332
153404
22333
153405
22334
153406
22335
153407
22336
153408
22337
153409
22338
153410
22339
153411
22340
153412
22341
153413
22342
153414
22343
153415
22344
153416
22345
153417
22346
153418
22347
153419
22348
153420
22349
153421
22350
153422
22351
153423
22352
153424
22353
153425
22354
153426
22355
153427
22356
153428
22357
153429
22358
153430
22359
153431
22360
153432
22361
153433
22362
153434
22363
153435
22364
153436
22365
153437
22366
153438
22367
153439
22368
153440
22369
153441
22370
153442
22371
153443
22372
153444
22373
153445
22374
153446
22375
153447
22376
153448
22377
153449
22378
153450
22379
153451
22380
153452
22381
153453
22382
153454
22383
153455
22384
153456
22385
153457
22386
153458
22387
153459
22388
153460
22389
153461
22390
153462
22391
153463
22392
153464
22393
153465
22394
153466
22395
153467
22396
153468
22397
153469
22398
153470
22399
153471
22400
153472
22401
153473
22402
153474
22403
153475
22404
153476
22405
153477
22406
153478
22407
153479
22408
153480
22409
153481
22410
153482
22411
153483
22412
153484
22413
153485
22414
153486
22415
153487
22416
153488
22417
153489
22418
153490
22419
153491
22420
153492
22421
153493
22422
153494
22423
153495
22424
153496
22425
153497
22426
153498
22427
153499
22428
153500
22429
153501
22430
153502
22431
153503
22432
153504
22433
153505
22434
153506
22435
153507
22436
153508
22437
153509
22438
153510
22439
153511
22440
153512
22441
153513
22442
153514
22443
153515
22444
153516
22445
153517
22446
153518
22447
153519
22448
153520
22449
153521
22450
153522
22451
153523
22452
153524
22453
153525
22454
153526
22455
153527
22456
153528
22457
153529
22458
153530
22459
153531
22460
153532
22461
153533
22462
153534
22463
153535
22464
153536
22465
153537
22466
153538
22467
153539
22468
153540
22469
153541
22470
153542
22471
153543
22472
153544
22473
153545
22474
153546
22475
153547
22476
153548
22477
153549
22478
153550
22479
153551
22480
153552
22481
153553
22482
153554
22483
153555
22484
153556
22485
153557
22486
153558
22487
153559
22488
153560
22489
153561
22490
153562
22491
153563
22492
153564
22493
153565
22494
153566
22495
153567
22496
153568
22497
153569
22498
153570
22499
153571
22500
153572
22501
153573
22502
153574
22503
153575
22504
153576
22505
153577
22506
153578
22507
153579
22508
153580
22509
153581
22510
153582
22511
153583
22512
153584
22513
153585
22514
153586
22515
153587
22516
153588
22517
153589
22518
153590
22519
153591
22520
153592
22521
153593
22522
153594
22523
153595
22524
153596
22525
153597
22526
153598
22527
153599
22528
153600
22529
153601
22530
153602
22531
153603
22532
153604
22533
153605
22534
153606
22535
153607
22536
153608
22537
153609
22538
153610
22539
153611
22540
153612
22541
153613
22542
153614
22543
153615
22544
153616
22545
153617
22546
153618
22547
153619
22548
153620
22549
153621
22550
153622
22551
153623
22552
153624
22553
153625
22554
153626
22555
153627
22556
153628
22557
153629
22558
153630
22559
153631
22560
153632
22561
153633
22562
153634
22563
153635
22564
153636
22565
153637
22566
153638
22567
153639
22568
153640
22569
153641
22570
153642
22571
153643
22572
153644
22573
153645
22574
153646
22575
153647
22576
153648
22577
153649
22578
153650
22579
153651
22580
153652
22581
153653
22582
153654
22583
153655
22584
153656
22585
153657
22586
153658
22587
153659
22588
153660
22589
153661
22590
153662
22591
153663
22592
153664
22593
153665
22594
153666
22595
153667
22596
153668
22597
153669
22598
153670
22599
153671
22600
153672
22601
153673
22602
153674
22603
153675
22604
153676
22605
153677
22606
153678
22607
153679
22608
153680
22609
153681
22610
153682
22611
153683
22612
153684
22613
153685
22614
153686
22615
153687
22616
153688
22617
153689
22618
153690
22619
153691
22620
153692
22621
153693
22622
153694
22623
153695
22624
153696
22625
153697
22626
153698
22627
153699
22628
153700
22629
153701
22630
153702
22631
153703
22632
153704
22633
153705
22634
153706
22635
153707
22636
153708
22637
153709
22638
153710
22639
153711
22640
153712
22641
153713
22642
153714
22643
153715
22644
153716
22645
153717
22646
153718
22647
153719
22648
153720
22649
153721
22650
153722
22651
153723
22652
153724
22653
153725
22654
153726
22655
153727
22656
153728
22657
153729
22658
153730
22659
153731
22660
153732
22661
153733
22662
153734
22663
153735
22664
153736
22665
153737
22666
153738
22667
153739
22668
153740
22669
153741
22670
153742
22671
153743
22672
153744
22673
153745
22674
153746
22675
153747
22676
153748
22677
153749
22678
153750
22679
153751
22680
153752
22681
153753
22682
153754
22683
153755
22684
153756
22685
153757
22686
153758
22687
153759
22688
153760
22689
153761
22690
153762
22691
153763
22692
153764
22693
153765
22694
153766
22695
153767
22696
153768
22697
153769
22698
153770
22699
153771
22700
153772
22701
153773
22702
153774
22703
153775
22704
153776
22705
153777
22706
153778
22707
153779
22708
153780
22709
153781
22710
153782
22711
153783
22712
153784
22713
153785
22714
153786
22715
153787
22716
153788
22717
153789
22718
153790
22719
153791
22720
153792
22721
153793
22722
153794
22723
153795
22724
153796
22725
153797
22726
153798
22727
153799
22728
153800
22729
153801
22730
153802
22731
153803
22732
153804
22733
153805
22734
153806
22735
153807
22736
153808
22737
153809
22738
153810
22739
153811
22740
153812
22741
153813
22742
153814
22743
153815
22744
153816
22745
153817
22746
153818
22747
153819
22748
153820
22749
153821
22750
153822
22751
153823
22752
153824
22753
153825
22754
153826
22755
153827
22756
153828
22757
153829
22758
153830
22759
153831
22760
153832
22761
153833
22762
153834
22763
153835
22764
153836
22765
153837
22766
153838
22767
153839
22768
153840
22769
153841
22770
153842
22771
153843
22772
153844
22773
153845
22774
153846
22775
153847
22776
153848
22777
153849
22778
153850
22779
153851
22780
153852
22781
153853
22782
153854
22783
153855
22784
153856
22785
153857
22786
153858
22787
153859
22788
153860
22789
153861
22790
153862
22791
153863
22792
153864
22793
153865
22794
153866
22795
153867
22796
153868
22797
153869
22798
153870
22799
153871
22800
153872
22801
153873
22802
153874
22803
153875
22804
153876
22805
153877
22806
153878
22807
153879
22808
153880
22809
153881
22810
153882
22811
153883
22812
153884
22813
153885
22814
153886
22815
153887
22816
153888
22817
153889
22818
153890
22819
153891
22820
153892
22821
153893
22822
153894
22823
153895
22824
153896
22825
153897
22826
153898
22827
153899
22828
153900
22829
153901
22830
153902
22831
153903
22832
153904
22833
153905
22834
153906
22835
153907
22836
153908
22837
153909
22838
153910
22839
153911
22840
153912
22841
153913
22842
153914
22843
153915
22844
153916
22845
153917
22846
153918
22847
153919
22848
153920
22849
153921
22850
153922
22851
153923
22852
153924
22853
153925
22854
153926
22855
153927
22856
153928
22857
153929
22858
153930
22859
153931
22860
153932
22861
153933
22862
153934
22863
153935
22864
153936
22865
153937
22866
153938
22867
153939
22868
153940
22869
153941
22870
153942
22871
153943
22872
153944
22873
153945
22874
153946
22875
153947
22876
153948
22877
153949
22878
153950
22879
153951
22880
153952
22881
153953
22882
153954
22883
153955
22884
153956
22885
153957
22886
153958
22887
153959
22888
153960
22889
153961
22890
153962
22891
153963
22892
153964
22893
153965
22894
153966
22895
153967
22896
153968
22897
153969
22898
153970
22899
153971
22900
153972
22901
153973
22902
153974
22903
153975
22904
153976
22905
153977
22906
153978
22907
153979
22908
153980
22909
153981
22910
153982
22911
153983
22912
153984
22913
153985
22914
153986
22915
153987
22916
153988
22917
153989
22918
153990
22919
153991
22920
153992
22921
153993
22922
153994
22923
153995
22924
153996
22925
153997
22926
153998
22927
153999
22928
154000
22929
154001
22930
154002
22931
154003
22932
154004
22933
154005
22934
154006
22935
154007
22936
154008
22937
154009
22938
154010
22939
154011
22940
154012
22941
154013
22942
154014
22943
154015
22944
154016
22945
154017
22946
154018
22947
154019
22948
154020
22949
154021
22950
154022
22951
154023
22952
154024
22953
154025
22954
154026
22955
154027
22956
154028
22957
154029
22958
154030
22959
154031
22960
154032
22961
154033
22962
154034
22963
154035
22964
154036
22965
154037
22966
154038
22967
154039
22968
154040
22969
154041
22970
154042
22971
154043
22972
154044
22973
154045
22974
154046
22975
154047
22976
154048
22977
154049
22978
154050
22979
154051
22980
154052
22981
154053
22982
154054
22983
154055
22984
154056
22985
154057
22986
154058
22987
154059
22988
154060
22989
154061
22990
154062
22991
154063
22992
154064
22993
154065
22994
154066
22995
154067
22996
154068
22997
154069
22998
154070
22999
154071
23000
154072
23001
154073
23002
154074
23003
154075
23004
154076
23005
154077
23006
154078
23007
154079
23008
154080
23009
154081
23010
154082
23011
154083
23012
154084
23013
154085
23014
154086
23015
154087
23016
154088
23017
154089
23018
154090
23019
154091
23020
154092
23021
154093
23022
154094
23023
154095
23024
154096
23025
154097
23026
154098
23027
154099
23028
154100
23029
154101
23030
154102
23031
154103
23032
154104
23033
154105
23034
154106
23035
154107
23036
154108
23037
154109
23038
154110
23039
154111
23040
154112
23041
154113
23042
154114
23043
154115
23044
154116
23045
154117
23046
154118
23047
154119
23048
154120
23049
154121
23050
154122
23051
154123
23052
154124
23053
154125
23054
154126
23055
154127
23056
154128
23057
154129
23058
154130
23059
154131
23060
154132
23061
154133
23062
154134
23063
154135
23064
154136
23065
154137
23066
154138
23067
154139
23068
154140
23069
154141
23070
154142
23071
154143
23072
154144
23073
154145
23074
154146
23075
154147
23076
154148
23077
154149
23078
154150
23079
154151
23080
154152
23081
154153
23082
154154
23083
154155
23084
154156
23085
154157
23086
154158
23087
154159
23088
154160
23089
154161
23090
154162
23091
154163
23092
154164
23093
154165
23094
154166
23095
154167
23096
154168
23097
154169
23098
154170
23099
154171
23100
154172
23101
154173
23102
154174
23103
154175
23104
154176
23105
154177
23106
154178
23107
154179
23108
154180
23109
154181
23110
154182
23111
154183
23112
154184
23113
154185
23114
154186
23115
154187
23116
154188
23117
154189
23118
154190
23119
154191
23120
154192
23121
154193
23122
154194
23123
154195
23124
154196
23125
154197
23126
154198
23127
154199
23128
154200
23129
154201
23130
154202
23131
154203
23132
154204
23133
154205
23134
154206
23135
154207
23136
154208
23137
154209
23138
154210
23139
154211
23140
154212
23141
154213
23142
154214
23143
154215
23144
154216
23145
154217
23146
154218
23147
154219
23148
154220
23149
154221
23150
154222
23151
154223
23152
154224
23153
154225
23154
154226
23155
154227
23156
154228
23157
154229
23158
154230
23159
154231
23160
154232
23161
154233
23162
154234
23163
154235
23164
154236
23165
154237
23166
154238
23167
154239
23168
154240
23169
154241
23170
154242
23171
154243
23172
154244
23173
154245
23174
154246
23175
154247
23176
154248
23177
154249
23178
154250
23179
154251
23180
154252
23181
154253
23182
154254
23183
154255
23184
154256
23185
154257
23186
154258
23187
154259
23188
154260
23189
154261
23190
154262
23191
154263
23192
154264
23193
154265
23194
154266
23195
154267
23196
154268
23197
154269
23198
154270
23199
154271
23200
154272
23201
154273
23202
154274
23203
154275
23204
154276
23205
154277
23206
154278
23207
154279
23208
154280
23209
154281
23210
154282
23211
154283
23212
154284
23213
154285
23214
154286
23215
154287
23216
154288
23217
154289
23218
154290
23219
154291
23220
154292
23221
154293
23222
154294
23223
154295
23224
154296
23225
154297
23226
154298
23227
154299
23228
154300
23229
154301
23230
154302
23231
154303
23232
154304
23233
154305
23234
154306
23235
154307
23236
154308
23237
154309
23238
154310
23239
154311
23240
154312
23241
154313
23242
154314
23243
154315
23244
154316
23245
154317
23246
154318
23247
154319
23248
154320
23249
154321
23250
154322
23251
154323
23252
154324
23253
154325
23254
154326
23255
154327
23256
154328
23257
154329
23258
154330
23259
154331
23260
154332
23261
154333
23262
154334
23263
154335
23264
154336
23265
154337
23266
154338
23267
154339
23268
154340
23269
154341
23270
154342
23271
154343
23272
154344
23273
154345
23274
154346
23275
154347
23276
154348
23277
154349
23278
154350
23279
154351
23280
154352
23281
154353
23282
154354
23283
154355
23284
154356
23285
154357
23286
154358
23287
154359
23288
154360
23289
154361
23290
154362
23291
154363
23292
154364
23293
154365
23294
154366
23295
154367
23296
154368
23297
154369
23298
154370
23299
154371
23300
154372
23301
154373
23302
154374
23303
154375
23304
154376
23305
154377
23306
154378
23307
154379
23308
154380
23309
154381
23310
154382
23311
154383
23312
154384
23313
154385
23314
154386
23315
154387
23316
154388
23317
154389
23318
154390
23319
154391
23320
154392
23321
154393
23322
154394
23323
154395
23324
154396
23325
154397
23326
154398
23327
154399
23328
154400
23329
154401
23330
154402
23331
154403
23332
154404
23333
154405
23334
154406
23335
154407
23336
154408
23337
154409
23338
154410
23339
154411
23340
154412
23341
154413
23342
154414
23343
154415
23344
154416
23345
154417
23346
154418
23347
154419
23348
154420
23349
154421
23350
154422
23351
154423
23352
154424
23353
154425
23354
154426
23355
154427
23356
154428
23357
154429
23358
154430
23359
154431
23360
154432
23361
154433
23362
154434
23363
154435
23364
154436
23365
154437
23366
154438
23367
154439
23368
154440
23369
154441
23370
154442
23371
154443
23372
154444
23373
154445
23374
154446
23375
154447
23376
154448
23377
154449
23378
154450
23379
154451
23380
154452
23381
154453
23382
154454
23383
154455
23384
154456
23385
154457
23386
154458
23387
154459
23388
154460
23389
154461
23390
154462
23391
154463
23392
154464
23393
154465
23394
154466
23395
154467
23396
154468
23397
154469
23398
154470
23399
154471
23400
154472
23401
154473
23402
154474
23403
154475
23404
154476
23405
154477
23406
154478
23407
154479
23408
154480
23409
154481
23410
154482
23411
154483
23412
154484
23413
154485
23414
154486
23415
154487
23416
154488
23417
154489
23418
154490
23419
154491
23420
154492
23421
154493
23422
154494
23423
154495
23424
154496
23425
154497
23426
154498
23427
154499
23428
154500
23429
154501
23430
154502
23431
154503
23432
154504
23433
154505
23434
154506
23435
154507
23436
154508
23437
154509
23438
154510
23439
154511
23440
154512
23441
154513
23442
154514
23443
154515
23444
154516
23445
154517
23446
154518
23447
154519
23448
154520
23449
154521
23450
154522
23451
154523
23452
154524
23453
154525
23454
154526
23455
154527
23456
154528
23457
154529
23458
154530
23459
154531
23460
154532
23461
154533
23462
154534
23463
154535
23464
154536
23465
154537
23466
154538
23467
154539
23468
154540
23469
154541
23470
154542
23471
154543
23472
154544
23473
154545
23474
154546
23475
154547
23476
154548
23477
154549
23478
154550
23479
154551
23480
154552
23481
154553
23482
154554
23483
154555
23484
154556
23485
154557
23486
154558
23487
154559
23488
154560
23489
154561
23490
154562
23491
154563
23492
154564
23493
154565
23494
154566
23495
154567
23496
154568
23497
154569
23498
154570
23499
154571
23500
154572
23501
154573
23502
154574
23503
154575
23504
154576
23505
154577
23506
154578
23507
154579
23508
154580
23509
154581
23510
154582
23511
154583
23512
154584
23513
154585
23514
154586
23515
154587
23516
154588
23517
154589
23518
154590
23519
154591
23520
154592
23521
154593
23522
154594
23523
154595
23524
154596
23525
154597
23526
154598
23527
154599
23528
154600
23529
154601
23530
154602
23531
154603
23532
154604
23533
154605
23534
154606
23535
154607
23536
154608
23537
154609
23538
154610
23539
154611
23540
154612
23541
154613
23542
154614
23543
154615
23544
154616
23545
154617
23546
154618
23547
154619
23548
154620
23549
154621
23550
154622
23551
154623
23552
154624
23553
154625
23554
154626
23555
154627
23556
154628
23557
154629
23558
154630
23559
154631
23560
154632
23561
154633
23562
154634
23563
154635
23564
154636
23565
154637
23566
154638
23567
154639
23568
154640
23569
154641
23570
154642
23571
154643
23572
154644
23573
154645
23574
154646
23575
154647
23576
154648
23577
154649
23578
154650
23579
154651
23580
154652
23581
154653
23582
154654
23583
154655
23584
154656
23585
154657
23586
154658
23587
154659
23588
154660
23589
154661
23590
154662
23591
154663
23592
154664
23593
154665
23594
154666
23595
154667
23596
154668
23597
154669
23598
154670
23599
154671
23600
154672
23601
154673
23602
154674
23603
154675
23604
154676
23605
154677
23606
154678
23607
154679
23608
154680
23609
154681
23610
154682
23611
154683
23612
154684
23613
154685
23614
154686
23615
154687
23616
154688
23617
154689
23618
154690
23619
154691
23620
154692
23621
154693
23622
154694
23623
154695
23624
154696
23625
154697
23626
154698
23627
154699
23628
154700
23629
154701
23630
154702
23631
154703
23632
154704
23633
154705
23634
154706
23635
154707
23636
154708
23637
154709
23638
154710
23639
154711
23640
154712
23641
154713
23642
154714
23643
154715
23644
154716
23645
154717
23646
154718
23647
154719
23648
154720
23649
154721
23650
154722
23651
154723
23652
154724
23653
154725
23654
154726
23655
154727
23656
154728
23657
154729
23658
154730
23659
154731
23660
154732
23661
154733
23662
154734
23663
154735
23664
154736
23665
154737
23666
154738
23667
154739
23668
154740
23669
154741
23670
154742
23671
154743
23672
154744
23673
154745
23674
154746
23675
154747
23676
154748
23677
154749
23678
154750
23679
154751
23680
154752
23681
154753
23682
154754
23683
154755
23684
154756
23685
154757
23686
154758
23687
154759
23688
154760
23689
154761
23690
154762
23691
154763
23692
154764
23693
154765
23694
154766
23695
154767
23696
154768
23697
154769
23698
154770
23699
154771
23700
154772
23701
154773
23702
154774
23703
154775
23704
154776
23705
154777
23706
154778
23707
154779
23708
154780
23709
154781
23710
154782
23711
154783
23712
154784
23713
154785
23714
154786
23715
154787
23716
154788
23717
154789
23718
154790
23719
154791
23720
154792
23721
154793
23722
154794
23723
154795
23724
154796
23725
154797
23726
154798
23727
154799
23728
154800
23729
154801
23730
154802
23731
154803
23732
154804
23733
154805
23734
154806
23735
154807
23736
154808
23737
154809
23738
154810
23739
154811
23740
154812
23741
154813
23742
154814
23743
154815
23744
154816
23745
154817
23746
154818
23747
154819
23748
154820
23749
154821
23750
154822
23751
154823
23752
154824
23753
154825
23754
154826
23755
154827
23756
154828
23757
154829
23758
154830
23759
154831
23760
154832
23761
154833
23762
154834
23763
154835
23764
154836
23765
154837
23766
154838
23767
154839
23768
154840
23769
154841
23770
154842
23771
154843
23772
154844
23773
154845
23774
154846
23775
154847
23776
154848
23777
154849
23778
154850
23779
154851
23780
154852
23781
154853
23782
154854
23783
154855
23784
154856
23785
154857
23786
154858
23787
154859
23788
154860
23789
154861
23790
154862
23791
154863
23792
154864
23793
154865
23794
154866
23795
154867
23796
154868
23797
154869
23798
154870
23799
154871
23800
154872
23801
154873
23802
154874
23803
154875
23804
154876
23805
154877
23806
154878
23807
154879
23808
154880
23809
154881
23810
154882
23811
154883
23812
154884
23813
154885
23814
154886
23815
154887
23816
154888
23817
154889
23818
154890
23819
154891
23820
154892
23821
154893
23822
154894
23823
154895
23824
154896
23825
154897
23826
154898
23827
154899
23828
154900
23829
154901
23830
154902
23831
154903
23832
154904
23833
154905
23834
154906
23835
154907
23836
154908
23837
154909
23838
154910
23839
154911
23840
154912
23841
154913
23842
154914
23843
154915
23844
154916
23845
154917
23846
154918
23847
154919
23848
154920
23849
154921
23850
154922
23851
154923
23852
154924
23853
154925
23854
154926
23855
154927
23856
154928
23857
154929
23858
154930
23859
154931
23860
154932
23861
154933
23862
154934
23863
154935
23864
154936
23865
154937
23866
154938
23867
154939
23868
154940
23869
154941
23870
154942
23871
154943
23872
154944
23873
154945
23874
154946
23875
154947
23876
154948
23877
154949
23878
154950
23879
154951
23880
154952
23881
154953
23882
154954
23883
154955
23884
154956
23885
154957
23886
154958
23887
154959
23888
154960
23889
154961
23890
154962
23891
154963
23892
154964
23893
154965
23894
154966
23895
154967
23896
154968
23897
154969
23898
154970
23899
154971
23900
154972
23901
154973
23902
154974
23903
154975
23904
154976
23905
154977
23906
154978
23907
154979
23908
154980
23909
154981
23910
154982
23911
154983
23912
154984
23913
154985
23914
154986
23915
154987
23916
154988
23917
154989
23918
154990
23919
154991
23920
154992
23921
154993
23922
154994
23923
154995
23924
154996
23925
154997
23926
154998
23927
154999
23928
155000
23929
155001
23930
155002
23931
155003
23932
155004
23933
155005
23934
155006
23935
155007
23936
155008
23937
155009
23938
155010
23939
155011
23940
155012
23941
155013
23942
155014
23943
155015
23944
155016
23945
155017
23946
155018
23947
155019
23948
155020
23949
155021
23950
155022
23951
155023
23952
155024
23953
155025
23954
155026
23955
155027
23956
155028
23957
155029
23958
155030
23959
155031
23960
155032
23961
155033
23962
155034
23963
155035
23964
155036
23965
155037
23966
155038
23967
155039
23968
155040
23969
155041
23970
155042
23971
155043
23972
155044
23973
155045
23974
155046
23975
155047
23976
155048
23977
155049
23978
155050
23979
155051
23980
155052
23981
155053
23982
155054
23983
155055
23984
155056
23985
155057
23986
155058
23987
155059
23988
155060
23989
155061
23990
155062
23991
155063
23992
155064
23993
155065
23994
155066
23995
155067
23996
155068
23997
155069
23998
155070
23999
155071
24000
155072
24001
155073
24002
155074
24003
155075
24004
155076
24005
155077
24006
155078
24007
155079
24008
155080
24009
155081
24010
155082
24011
155083
24012
155084
24013
155085
24014
155086
24015
155087
24016
155088
24017
155089
24018
155090
24019
155091
24020
155092
24021
155093
24022
155094
24023
155095
24024
155096
24025
155097
24026
155098
24027
155099
24028
155100
24029
155101
24030
155102
24031
155103
24032
155104
24033
155105
24034
155106
24035
155107
24036
155108
24037
155109
24038
155110
24039
155111
24040
155112
24041
155113
24042
155114
24043
155115
24044
155116
24045
155117
24046
155118
24047
155119
24048
155120
24049
155121
24050
155122
24051
155123
24052
155124
24053
155125
24054
155126
24055
155127
24056
155128
24057
155129
24058
155130
24059
155131
24060
155132
24061
155133
24062
155134
24063
155135
24064
155136
24065
155137
24066
155138
24067
155139
24068
155140
24069
155141
24070
155142
24071
155143
24072
155144
24073
155145
24074
155146
24075
155147
24076
155148
24077
155149
24078
155150
24079
155151
24080
155152
24081
155153
24082
155154
24083
155155
24084
155156
24085
155157
24086
155158
24087
155159
24088
155160
24089
155161
24090
155162
24091
155163
24092
155164
24093
155165
24094
155166
24095
155167
24096
155168
24097
155169
24098
155170
24099
155171
24100
155172
24101
155173
24102
155174
24103
155175
24104
155176
24105
155177
24106
155178
24107
155179
24108
155180
24109
155181
24110
155182
24111
155183
24112
155184
24113
155185
24114
155186
24115
155187
24116
155188
24117
155189
24118
155190
24119
155191
24120
155192
24121
155193
24122
155194
24123
155195
24124
155196
24125
155197
24126
155198
24127
155199
24128
155200
24129
155201
24130
155202
24131
155203
24132
155204
24133
155205
24134
155206
24135
155207
24136
155208
24137
155209
24138
155210
24139
155211
24140
155212
24141
155213
24142
155214
24143
155215
24144
155216
24145
155217
24146
155218
24147
155219
24148
155220
24149
155221
24150
155222
24151
155223
24152
155224
24153
155225
24154
155226
24155
155227
24156
155228
24157
155229
24158
155230
24159
155231
24160
155232
24161
155233
24162
155234
24163
155235
24164
155236
24165
155237
24166
155238
24167
155239
24168
155240
24169
155241
24170
155242
24171
155243
24172
155244
24173
155245
24174
155246
24175
155247
24176
155248
24177
155249
24178
155250
24179
155251
24180
155252
24181
155253
24182
155254
24183
155255
24184
155256
24185
155257
24186
155258
24187
155259
24188
155260
24189
155261
24190
155262
24191
155263
24192
155264
24193
155265
24194
155266
24195
155267
24196
155268
24197
155269
24198
155270
24199
155271
24200
155272
24201
155273
24202
155274
24203
155275
24204
155276
24205
155277
24206
155278
24207
155279
24208
155280
24209
155281
24210
155282
24211
155283
24212
155284
24213
155285
24214
155286
24215
155287
24216
155288
24217
155289
24218
155290
24219
155291
24220
155292
24221
155293
24222
155294
24223
155295
24224
155296
24225
155297
24226
155298
24227
155299
24228
155300
24229
155301
24230
155302
24231
155303
24232
155304
24233
155305
24234
155306
24235
155307
24236
155308
24237
155309
24238
155310
24239
155311
24240
155312
24241
155313
24242
155314
24243
155315
24244
155316
24245
155317
24246
155318
24247
155319
24248
155320
24249
155321
24250
155322
24251
155323
24252
155324
24253
155325
24254
155326
24255
155327
24256
155328
24257
155329
24258
155330
24259
155331
24260
155332
24261
155333
24262
155334
24263
155335
24264
155336
24265
155337
24266
155338
24267
155339
24268
155340
24269
155341
24270
155342
24271
155343
24272
155344
24273
155345
24274
155346
24275
155347
24276
155348
24277
155349
24278
155350
24279
155351
24280
155352
24281
155353
24282
155354
24283
155355
24284
155356
24285
155357
24286
155358
24287
155359
24288
155360
24289
155361
24290
155362
24291
155363
24292
155364
24293
155365
24294
155366
24295
155367
24296
155368
24297
155369
24298
155370
24299
155371
24300
155372
24301
155373
24302
155374
24303
155375
24304
155376
24305
155377
24306
155378
24307
155379
24308
155380
24309
155381
24310
155382
24311
155383
24312
155384
24313
155385
24314
155386
24315
155387
24316
155388
24317
155389
24318
155390
24319
155391
24320
155392
24321
155393
24322
155394
24323
155395
24324
155396
24325
155397
24326
155398
24327
155399
24328
155400
24329
155401
24330
155402
24331
155403
24332
155404
24333
155405
24334
155406
24335
155407
24336
155408
24337
155409
24338
155410
24339
155411
24340
155412
24341
155413
24342
155414
24343
155415
24344
155416
24345
155417
24346
155418
24347
155419
24348
155420
24349
155421
24350
155422
24351
155423
24352
155424
24353
155425
24354
155426
24355
155427
24356
155428
24357
155429
24358
155430
24359
155431
24360
155432
24361
155433
24362
155434
24363
155435
24364
155436
24365
155437
24366
155438
24367
155439
24368
155440
24369
155441
24370
155442
24371
155443
24372
155444
24373
155445
24374
155446
24375
155447
24376
155448
24377
155449
24378
155450
24379
155451
24380
155452
24381
155453
24382
155454
24383
155455
24384
155456
24385
155457
24386
155458
24387
155459
24388
155460
24389
155461
24390
155462
24391
155463
24392
155464
24393
155465
24394
155466
24395
155467
24396
155468
24397
155469
24398
155470
24399
155471
24400
155472
24401
155473
24402
155474
24403
155475
24404
155476
24405
155477
24406
155478
24407
155479
24408
155480
24409
155481
24410
155482
24411
155483
24412
155484
24413
155485
24414
155486
24415
155487
24416
155488
24417
155489
24418
155490
24419
155491
24420
155492
24421
155493
24422
155494
24423
155495
24424
155496
24425
155497
24426
155498
24427
155499
24428
155500
24429
155501
24430
155502
24431
155503
24432
155504
24433
155505
24434
155506
24435
155507
24436
155508
24437
155509
24438
155510
24439
155511
24440
155512
24441
155513
24442
155514
24443
155515
24444
155516
24445
155517
24446
155518
24447
155519
24448
155520
24449
155521
24450
155522
24451
155523
24452
155524
24453
155525
24454
155526
24455
155527
24456
155528
24457
155529
24458
155530
24459
155531
24460
155532
24461
155533
24462
155534
24463
155535
24464
155536
24465
155537
24466
155538
24467
155539
24468
155540
24469
155541
24470
155542
24471
155543
24472
155544
24473
155545
24474
155546
24475
155547
24476
155548
24477
155549
24478
155550
24479
155551
24480
155552
24481
155553
24482
155554
24483
155555
24484
155556
24485
155557
24486
155558
24487
155559
24488
155560
24489
155561
24490
155562
24491
155563
24492
155564
24493
155565
24494
155566
24495
155567
24496
155568
24497
155569
24498
155570
24499
155571
24500
155572
24501
155573
24502
155574
24503
155575
24504
155576
24505
155577
24506
155578
24507
155579
24508
155580
24509
155581
24510
155582
24511
155583
24512
155584
24513
155585
24514
155586
24515
155587
24516
155588
24517
155589
24518
155590
24519
155591
24520
155592
24521
155593
24522
155594
24523
155595
24524
155596
24525
155597
24526
155598
24527
155599
24528
155600
24529
155601
24530
155602
24531
155603
24532
155604
24533
155605
24534
155606
24535
155607
24536
155608
24537
155609
24538
155610
24539
155611
24540
155612
24541
155613
24542
155614
24543
155615
24544
155616
24545
155617
24546
155618
24547
155619
24548
155620
24549
155621
24550
155622
24551
155623
24552
155624
24553
155625
24554
155626
24555
155627
24556
155628
24557
155629
24558
155630
24559
155631
24560
155632
24561
155633
24562
155634
24563
155635
24564
155636
24565
155637
24566
155638
24567
155639
24568
155640
24569
155641
24570
155642
24571
155643
24572
155644
24573
155645
24574
155646
24575
155647
24576
155648
24577
155649
24578
155650
24579
155651
24580
155652
24581
155653
24582
155654
24583
155655
24584
155656
24585
155657
24586
155658
24587
155659
24588
155660
24589
155661
24590
155662
24591
155663
24592
155664
24593
155665
24594
155666
24595
155667
24596
155668
24597
155669
24598
155670
24599
155671
24600
155672
24601
155673
24602
155674
24603
155675
24604
155676
24605
155677
24606
155678
24607
155679
24608
155680
24609
155681
24610
155682
24611
155683
24612
155684
24613
155685
24614
155686
24615
155687
24616
155688
24617
155689
24618
155690
24619
155691
24620
155692
24621
155693
24622
155694
24623
155695
24624
155696
24625
155697
24626
155698
24627
155699
24628
155700
24629
155701
24630
155702
24631
155703
24632
155704
24633
155705
24634
155706
24635
155707
24636
155708
24637
155709
24638
155710
24639
155711
24640
155712
24641
155713
24642
155714
24643
155715
24644
155716
24645
155717
24646
155718
24647
155719
24648
155720
24649
155721
24650
155722
24651
155723
24652
155724
24653
155725
24654
155726
24655
155727
24656
155728
24657
155729
24658
155730
24659
155731
24660
155732
24661
155733
24662
155734
24663
155735
24664
155736
24665
155737
24666
155738
24667
155739
24668
155740
24669
155741
24670
155742
24671
155743
24672
155744
24673
155745
24674
155746
24675
155747
24676
155748
24677
155749
24678
155750
24679
155751
24680
155752
24681
155753
24682
155754
24683
155755
24684
155756
24685
155757
24686
155758
24687
155759
24688
155760
24689
155761
24690
155762
24691
155763
24692
155764
24693
155765
24694
155766
24695
155767
24696
155768
24697
155769
24698
155770
24699
155771
24700
155772
24701
155773
24702
155774
24703
155775
24704
155776
24705
155777
24706
155778
24707
155779
24708
155780
24709
155781
24710
155782
24711
155783
24712
155784
24713
155785
24714
155786
24715
155787
24716
155788
24717
155789
24718
155790
24719
155791
24720
155792
24721
155793
24722
155794
24723
155795
24724
155796
24725
155797
24726
155798
24727
155799
24728
155800
24729
155801
24730
155802
24731
155803
24732
155804
24733
155805
24734
155806
24735
155807
24736
155808
24737
155809
24738
155810
24739
155811
24740
155812
24741
155813
24742
155814
24743
155815
24744
155816
24745
155817
24746
155818
24747
155819
24748
155820
24749
155821
24750
155822
24751
155823
24752
155824
24753
155825
24754
155826
24755
155827
24756
155828
24757
155829
24758
155830
24759
155831
24760
155832
24761
155833
24762
155834
24763
155835
24764
155836
24765
155837
24766
155838
24767
155839
24768
155840
24769
155841
24770
155842
24771
155843
24772
155844
24773
155845
24774
155846
24775
155847
24776
155848
24777
155849
24778
155850
24779
155851
24780
155852
24781
155853
24782
155854
24783
155855
24784
155856
24785
155857
24786
155858
24787
155859
24788
155860
24789
155861
24790
155862
24791
155863
24792
155864
24793
155865
24794
155866
24795
155867
24796
155868
24797
155869
24798
155870
24799
155871
24800
155872
24801
155873
24802
155874
24803
155875
24804
155876
24805
155877
24806
155878
24807
155879
24808
155880
24809
155881
24810
155882
24811
155883
24812
155884
24813
155885
24814
155886
24815
155887
24816
155888
24817
155889
24818
155890
24819
155891
24820
155892
24821
155893
24822
155894
24823
155895
24824
155896
24825
155897
24826
155898
24827
155899
24828
155900
24829
155901
24830
155902
24831
155903
24832
155904
24833
155905
24834
155906
24835
155907
24836
155908
24837
155909
24838
155910
24839
155911
24840
155912
24841
155913
24842
155914
24843
155915
24844
155916
24845
155917
24846
155918
24847
155919
24848
155920
24849
155921
24850
155922
24851
155923
24852
155924
24853
155925
24854
155926
24855
155927
24856
155928
24857
155929
24858
155930
24859
155931
24860
155932
24861
155933
24862
155934
24863
155935
24864
155936
24865
155937
24866
155938
24867
155939
24868
155940
24869
155941
24870
155942
24871
155943
24872
155944
24873
155945
24874
155946
24875
155947
24876
155948
24877
155949
24878
155950
24879
155951
24880
155952
24881
155953
24882
155954
24883
155955
24884
155956
24885
155957
24886
155958
24887
155959
24888
155960
24889
155961
24890
155962
24891
155963
24892
155964
24893
155965
24894
155966
24895
155967
24896
155968
24897
155969
24898
155970
24899
155971
24900
155972
24901
155973
24902
155974
24903
155975
24904
155976
24905
155977
24906
155978
24907
155979
24908
155980
24909
155981
24910
155982
24911
155983
24912
155984
24913
155985
24914
155986
24915
155987
24916
155988
24917
155989
24918
155990
24919
155991
24920
155992
24921
155993
24922
155994
24923
155995
24924
155996
24925
155997
24926
155998
24927
155999
24928
156000
24929
156001
24930
156002
24931
156003
24932
156004
24933
156005
24934
156006
24935
156007
24936
156008
24937
156009
24938
156010
24939
156011
24940
156012
24941
156013
24942
156014
24943
156015
24944
156016
24945
156017
24946
156018
24947
156019
24948
156020
24949
156021
24950
156022
24951
156023
24952
156024
24953
156025
24954
156026
24955
156027
24956
156028
24957
156029
24958
156030
24959
156031
24960
156032
24961
156033
24962
156034
24963
156035
24964
156036
24965
156037
24966
156038
24967
156039
24968
156040
24969
156041
24970
156042
24971
156043
24972
156044
24973
156045
24974
156046
24975
156047
24976
156048
24977
156049
24978
156050
24979
156051
24980
156052
24981
156053
24982
156054
24983
156055
24984
156056
24985
156057
24986
156058
24987
156059
24988
156060
24989
156061
24990
156062
24991
156063
24992
156064
24993
156065
24994
156066
24995
156067
24996
156068
24997
156069
24998
156070
24999
156071
25000
156072
25001
156073
25002
156074
25003
156075
25004
156076
25005
156077
25006
156078
25007
156079
25008
156080
25009
156081
25010
156082
25011
156083
25012
156084
25013
156085
25014
156086
25015
156087
25016
156088
25017
156089
25018
156090
25019
156091
25020
156092
25021
156093
25022
156094
25023
156095
25024
156096
25025
156097
25026
156098
25027
156099
25028
156100
25029
156101
25030
156102
25031
156103
25032
156104
25033
156105
25034
156106
25035
156107
25036
156108
25037
156109
25038
156110
25039
156111
25040
156112
25041
156113
25042
156114
25043
156115
25044
156116
25045
156117
25046
156118
25047
156119
25048
156120
25049
156121
25050
156122
25051
156123
25052
156124
25053
156125
25054
156126
25055
156127
25056
156128
25057
156129
25058
156130
25059
156131
25060
156132
25061
156133
25062
156134
25063
156135
25064
156136
25065
156137
25066
156138
25067
156139
25068
156140
25069
156141
25070
156142
25071
156143
25072
156144
25073
156145
25074
156146
25075
156147
25076
156148
25077
156149
25078
156150
25079
156151
25080
156152
25081
156153
25082
156154
25083
156155
25084
156156
25085
156157
25086
156158
25087
156159
25088
156160
25089
156161
25090
156162
25091
156163
25092
156164
25093
156165
25094
156166
25095
156167
25096
156168
25097
156169
25098
156170
25099
156171
25100
156172
25101
156173
25102
156174
25103
156175
25104
156176
25105
156177
25106
156178
25107
156179
25108
156180
25109
156181
25110
156182
25111
156183
25112
156184
25113
156185
25114
156186
25115
156187
25116
156188
25117
156189
25118
156190
25119
156191
25120
156192
25121
156193
25122
156194
25123
156195
25124
156196
25125
156197
25126
156198
25127
156199
25128
156200
25129
156201
25130
156202
25131
156203
25132
156204
25133
156205
25134
156206
25135
156207
25136
156208
25137
156209
25138
156210
25139
156211
25140
156212
25141
156213
25142
156214
25143
156215
25144
156216
25145
156217
25146
156218
25147
156219
25148
156220
25149
156221
25150
156222
25151
156223
25152
156224
25153
156225
25154
156226
25155
156227
25156
156228
25157
156229
25158
156230
25159
156231
25160
156232
25161
156233
25162
156234
25163
156235
25164
156236
25165
156237
25166
156238
25167
156239
25168
156240
25169
156241
25170
156242
25171
156243
25172
156244
25173
156245
25174
156246
25175
156247
25176
156248
25177
156249
25178
156250
25179
156251
25180
156252
25181
156253
25182
156254
25183
156255
25184
156256
25185
156257
25186
156258
25187
156259
25188
156260
25189
156261
25190
156262
25191
156263
25192
156264
25193
156265
25194
156266
25195
156267
25196
156268
25197
156269
25198
156270
25199
156271
25200
156272
25201
156273
25202
156274
25203
156275
25204
156276
25205
156277
25206
156278
25207
156279
25208
156280
25209
156281
25210
156282
25211
156283
25212
156284
25213
156285
25214
156286
25215
156287
25216
156288
25217
156289
25218
156290
25219
156291
25220
156292
25221
156293
25222
156294
25223
156295
25224
156296
25225
156297
25226
156298
25227
156299
25228
156300
25229
156301
25230
156302
25231
156303
25232
156304
25233
156305
25234
156306
25235
156307
25236
156308
25237
156309
25238
156310
25239
156311
25240
156312
25241
156313
25242
156314
25243
156315
25244
156316
25245
156317
25246
156318
25247
156319
25248
156320
25249
156321
25250
156322
25251
156323
25252
156324
25253
156325
25254
156326
25255
156327
25256
156328
25257
156329
25258
156330
25259
156331
25260
156332
25261
156333
25262
156334
25263
156335
25264
156336
25265
156337
25266
156338
25267
156339
25268
156340
25269
156341
25270
156342
25271
156343
25272
156344
25273
156345
25274
156346
25275
156347
25276
156348
25277
156349
25278
156350
25279
156351
25280
156352
25281
156353
25282
156354
25283
156355
25284
156356
25285
156357
25286
156358
25287
156359
25288
156360
25289
156361
25290
156362
25291
156363
25292
156364
25293
156365
25294
156366
25295
156367
25296
156368
25297
156369
25298
156370
25299
156371
25300
156372
25301
156373
25302
156374
25303
156375
25304
156376
25305
156377
25306
156378
25307
156379
25308
156380
25309
156381
25310
156382
25311
156383
25312
156384
25313
156385
25314
156386
25315
156387
25316
156388
25317
156389
25318
156390
25319
156391
25320
156392
25321
156393
25322
156394
25323
156395
25324
156396
25325
156397
25326
156398
25327
156399
25328
156400
25329
156401
25330
156402
25331
156403
25332
156404
25333
156405
25334
156406
25335
156407
25336
156408
25337
156409
25338
156410
25339
156411
25340
156412
25341
156413
25342
156414
25343
156415
25344
156416
25345
156417
25346
156418
25347
156419
25348
156420
25349
156421
25350
156422
25351
156423
25352
156424
25353
156425
25354
156426
25355
156427
25356
156428
25357
156429
25358
156430
25359
156431
25360
156432
25361
156433
25362
156434
25363
156435
25364
156436
25365
156437
25366
156438
25367
156439
25368
156440
25369
156441
25370
156442
25371
156443
25372
156444
25373
156445
25374
156446
25375
156447
25376
156448
25377
156449
25378
156450
25379
156451
25380
156452
25381
156453
25382
156454
25383
156455
25384
156456
25385
156457
25386
156458
25387
156459
25388
156460
25389
156461
25390
156462
25391
156463
25392
156464
25393
156465
25394
156466
25395
156467
25396
156468
25397
156469
25398
156470
25399
156471
25400
156472
25401
156473
25402
156474
25403
156475
25404
156476
25405
156477
25406
156478
25407
156479
25408
156480
25409
156481
25410
156482
25411
156483
25412
156484
25413
156485
25414
156486
25415
156487
25416
156488
25417
156489
25418
156490
25419
156491
25420
156492
25421
156493
25422
156494
25423
156495
25424
156496
25425
156497
25426
156498
25427
156499
25428
156500
25429
156501
25430
156502
25431
156503
25432
156504
25433
156505
25434
156506
25435
156507
25436
156508
25437
156509
25438
156510
25439
156511
25440
156512
25441
156513
25442
156514
25443
156515
25444
156516
25445
156517
25446
156518
25447
156519
25448
156520
25449
156521
25450
156522
25451
156523
25452
156524
25453
156525
25454
156526
25455
156527
25456
156528
25457
156529
25458
156530
25459
156531
25460
156532
25461
156533
25462
156534
25463
156535
25464
156536
25465
156537
25466
156538
25467
156539
25468
156540
25469
156541
25470
156542
25471
156543
25472
156544
25473
156545
25474
156546
25475
156547
25476
156548
25477
156549
25478
156550
25479
156551
25480
156552
25481
156553
25482
156554
25483
156555
25484
156556
25485
156557
25486
156558
25487
156559
25488
156560
25489
156561
25490
156562
25491
156563
25492
156564
25493
156565
25494
156566
25495
156567
25496
156568
25497
156569
25498
156570
25499
156571
25500
156572
25501
156573
25502
156574
25503
156575
25504
156576
25505
156577
25506
156578
25507
156579
25508
156580
25509
156581
25510
156582
25511
156583
25512
156584
25513
156585
25514
156586
25515
156587
25516
156588
25517
156589
25518
156590
25519
156591
25520
156592
25521
156593
25522
156594
25523
156595
25524
156596
25525
156597
25526
156598
25527
156599
25528
156600
25529
156601
25530
156602
25531
156603
25532
156604
25533
156605
25534
156606
25535
156607
25536
156608
25537
156609
25538
156610
25539
156611
25540
156612
25541
156613
25542
156614
25543
156615
25544
156616
25545
156617
25546
156618
25547
156619
25548
156620
25549
156621
25550
156622
25551
156623
25552
156624
25553
156625
25554
156626
25555
156627
25556
156628
25557
156629
25558
156630
25559
156631
25560
156632
25561
156633
25562
156634
25563
156635
25564
156636
25565
156637
25566
156638
25567
156639
25568
156640
25569
156641
25570
156642
25571
156643
25572
156644
25573
156645
25574
156646
25575
156647
25576
156648
25577
156649
25578
156650
25579
156651
25580
156652
25581
156653
25582
156654
25583
156655
25584
156656
25585
156657
25586
156658
25587
156659
25588
156660
25589
156661
25590
156662
25591
156663
25592
156664
25593
156665
25594
156666
25595
156667
25596
156668
25597
156669
25598
156670
25599
156671
25600
156672
25601
156673
25602
156674
25603
156675
25604
156676
25605
156677
25606
156678
25607
156679
25608
156680
25609
156681
25610
156682
25611
156683
25612
156684
25613
156685
25614
156686
25615
156687
25616
156688
25617
156689
25618
156690
25619
156691
25620
156692
25621
156693
25622
156694
25623
156695
25624
156696
25625
156697
25626
156698
25627
156699
25628
156700
25629
156701
25630
156702
25631
156703
25632
156704
25633
156705
25634
156706
25635
156707
25636
156708
25637
156709
25638
156710
25639
156711
25640
156712
25641
156713
25642
156714
25643
156715
25644
156716
25645
156717
25646
156718
25647
156719
25648
156720
25649
156721
25650
156722
25651
156723
25652
156724
25653
156725
25654
156726
25655
156727
25656
156728
25657
156729
25658
156730
25659
156731
25660
156732
25661
156733
25662
156734
25663
156735
25664
156736
25665
156737
25666
156738
25667
156739
25668
156740
25669
156741
25670
156742
25671
156743
25672
156744
25673
156745
25674
156746
25675
156747
25676
156748
25677
156749
25678
156750
25679
156751
25680
156752
25681
156753
25682
156754
25683
156755
25684
156756
25685
156757
25686
156758
25687
156759
25688
156760
25689
156761
25690
156762
25691
156763
25692
156764
25693
156765
25694
156766
25695
156767
25696
156768
25697
156769
25698
156770
25699
156771
25700
156772
25701
156773
25702
156774
25703
156775
25704
156776
25705
156777
25706
156778
25707
156779
25708
156780
25709
156781
25710
156782
25711
156783
25712
156784
25713
156785
25714
156786
25715
156787
25716
156788
25717
156789
25718
156790
25719
156791
25720
156792
25721
156793
25722
156794
25723
156795
25724
156796
25725
156797
25726
156798
25727
156799
25728
156800
25729
156801
25730
156802
25731
156803
25732
156804
25733
156805
25734
156806
25735
156807
25736
156808
25737
156809
25738
156810
25739
156811
25740
156812
25741
156813
25742
156814
25743
156815
25744
156816
25745
156817
25746
156818
25747
156819
25748
156820
25749
156821
25750
156822
25751
156823
25752
156824
25753
156825
25754
156826
25755
156827
25756
156828
25757
156829
25758
156830
25759
156831
25760
156832
25761
156833
25762
156834
25763
156835
25764
156836
25765
156837
25766
156838
25767
156839
25768
156840
25769
156841
25770
156842
25771
156843
25772
156844
25773
156845
25774
156846
25775
156847
25776
156848
25777
156849
25778
156850
25779
156851
25780
156852
25781
156853
25782
156854
25783
156855
25784
156856
25785
156857
25786
156858
25787
156859
25788
156860
25789
156861
25790
156862
25791
156863
25792
156864
25793
156865
25794
156866
25795
156867
25796
156868
25797
156869
25798
156870
25799
156871
25800
156872
25801
156873
25802
156874
25803
156875
25804
156876
25805
156877
25806
156878
25807
156879
25808
156880
25809
156881
25810
156882
25811
156883
25812
156884
25813
156885
25814
156886
25815
156887
25816
156888
25817
156889
25818
156890
25819
156891
25820
156892
25821
156893
25822
156894
25823
156895
25824
156896
25825
156897
25826
156898
25827
156899
25828
156900
25829
156901
25830
156902
25831
156903
25832
156904
25833
156905
25834
156906
25835
156907
25836
156908
25837
156909
25838
156910
25839
156911
25840
156912
25841
156913
25842
156914
25843
156915
25844
156916
25845
156917
25846
156918
25847
156919
25848
156920
25849
156921
25850
156922
25851
156923
25852
156924
25853
156925
25854
156926
25855
156927
25856
156928
25857
156929
25858
156930
25859
156931
25860
156932
25861
156933
25862
156934
25863
156935
25864
156936
25865
156937
25866
156938
25867
156939
25868
156940
25869
156941
25870
156942
25871
156943
25872
156944
25873
156945
25874
156946
25875
156947
25876
156948
25877
156949
25878
156950
25879
156951
25880
156952
25881
156953
25882
156954
25883
156955
25884
156956
25885
156957
25886
156958
25887
156959
25888
156960
25889
156961
25890
156962
25891
156963
25892
156964
25893
156965
25894
156966
25895
156967
25896
156968
25897
156969
25898
156970
25899
156971
25900
156972
25901
156973
25902
156974
25903
156975
25904
156976
25905
156977
25906
156978
25907
156979
25908
156980
25909
156981
25910
156982
25911
156983
25912
156984
25913
156985
25914
156986
25915
156987
25916
156988
25917
156989
25918
156990
25919
156991
25920
156992
25921
156993
25922
156994
25923
156995
25924
156996
25925
156997
25926
156998
25927
156999
25928
157000
25929
157001
25930
157002
25931
157003
25932
157004
25933
157005
25934
157006
25935
157007
25936
157008
25937
157009
25938
157010
25939
157011
25940
157012
25941
157013
25942
157014
25943
157015
25944
157016
25945
157017
25946
157018
25947
157019
25948
157020
25949
157021
25950
157022
25951
157023
25952
157024
25953
157025
25954
157026
25955
157027
25956
157028
25957
157029
25958
157030
25959
157031
25960
157032
25961
157033
25962
157034
25963
157035
25964
157036
25965
157037
25966
157038
25967
157039
25968
157040
25969
157041
25970
157042
25971
157043
25972
157044
25973
157045
25974
157046
25975
157047
25976
157048
25977
157049
25978
157050
25979
157051
25980
157052
25981
157053
25982
157054
25983
157055
25984
157056
25985
157057
25986
157058
25987
157059
25988
157060
25989
157061
25990
157062
25991
157063
25992
157064
25993
157065
25994
157066
25995
157067
25996
157068
25997
157069
25998
157070
25999
157071
26000
157072
26001
157073
26002
157074
26003
157075
26004
157076
26005
157077
26006
157078
26007
157079
26008
157080
26009
157081
26010
157082
26011
157083
26012
157084
26013
157085
26014
157086
26015
157087
26016
157088
26017
157089
26018
157090
26019
157091
26020
157092
26021
157093
26022
157094
26023
157095
26024
157096
26025
157097
26026
157098
26027
157099
26028
157100
26029
157101
26030
157102
26031
157103
26032
157104
26033
157105
26034
157106
26035
157107
26036
157108
26037
157109
26038
157110
26039
157111
26040
157112
26041
157113
26042
157114
26043
157115
26044
157116
26045
157117
26046
157118
26047
157119
26048
157120
26049
157121
26050
157122
26051
157123
26052
157124
26053
157125
26054
157126
26055
157127
26056
157128
26057
157129
26058
157130
26059
157131
26060
157132
26061
157133
26062
157134
26063
157135
26064
157136
26065
157137
26066
157138
26067
157139
26068
157140
26069
157141
26070
157142
26071
157143
26072
157144
26073
157145
26074
157146
26075
157147
26076
157148
26077
157149
26078
157150
26079
157151
26080
157152
26081
157153
26082
157154
26083
157155
26084
157156
26085
157157
26086
157158
26087
157159
26088
157160
26089
157161
26090
157162
26091
157163
26092
157164
26093
157165
26094
157166
26095
157167
26096
157168
26097
157169
26098
157170
26099
157171
26100
157172
26101
157173
26102
157174
26103
157175
26104
157176
26105
157177
26106
157178
26107
157179
26108
157180
26109
157181
26110
157182
26111
157183
26112
157184
26113
157185
26114
157186
26115
157187
26116
157188
26117
157189
26118
157190
26119
157191
26120
157192
26121
157193
26122
157194
26123
157195
26124
157196
26125
157197
26126
157198
26127
157199
26128
157200
26129
157201
26130
157202
26131
157203
26132
157204
26133
157205
26134
157206
26135
157207
26136
157208
26137
157209
26138
157210
26139
157211
26140
157212
26141
157213
26142
157214
26143
157215
26144
157216
26145
157217
26146
157218
26147
157219
26148
157220
26149
157221
26150
157222
26151
157223
26152
157224
26153
157225
26154
157226
26155
157227
26156
157228
26157
157229
26158
157230
26159
157231
26160
157232
26161
157233
26162
157234
26163
157235
26164
157236
26165
157237
26166
157238
26167
157239
26168
157240
26169
157241
26170
157242
26171
157243
26172
157244
26173
157245
26174
157246
26175
157247
26176
157248
26177
157249
26178
157250
26179
157251
26180
157252
26181
157253
26182
157254
26183
157255
26184
157256
26185
157257
26186
157258
26187
157259
26188
157260
26189
157261
26190
157262
26191
157263
26192
157264
26193
157265
26194
157266
26195
157267
26196
157268
26197
157269
26198
157270
26199
157271
26200
157272
26201
157273
26202
157274
26203
157275
26204
157276
26205
157277
26206
157278
26207
157279
26208
157280
26209
157281
26210
157282
26211
157283
26212
157284
26213
157285
26214
157286
26215
157287
26216
157288
26217
157289
26218
157290
26219
157291
26220
157292
26221
157293
26222
157294
26223
157295
26224
157296
26225
157297
26226
157298
26227
157299
26228
157300
26229
157301
26230
157302
26231
157303
26232
157304
26233
157305
26234
157306
26235
157307
26236
157308
26237
157309
26238
157310
26239
157311
26240
157312
26241
157313
26242
157314
26243
157315
26244
157316
26245
157317
26246
157318
26247
157319
26248
157320
26249
157321
26250
157322
26251
157323
26252
157324
26253
157325
26254
157326
26255
157327
26256
157328
26257
157329
26258
157330
26259
157331
26260
157332
26261
157333
26262
157334
26263
157335
26264
157336
26265
157337
26266
157338
26267
157339
26268
157340
26269
157341
26270
157342
26271
157343
26272
157344
26273
157345
26274
157346
26275
157347
26276
157348
26277
157349
26278
157350
26279
157351
26280
157352
26281
157353
26282
157354
26283
157355
26284
157356
26285
157357
26286
157358
26287
157359
26288
157360
26289
157361
26290
157362
26291
157363
26292
157364
26293
157365
26294
157366
26295
157367
26296
157368
26297
157369
26298
157370
26299
157371
26300
157372
26301
157373
26302
157374
26303
157375
26304
157376
26305
157377
26306
157378
26307
157379
26308
157380
26309
157381
26310
157382
26311
157383
26312
157384
26313
157385
26314
157386
26315
157387
26316
157388
26317
157389
26318
157390
26319
157391
26320
157392
26321
157393
26322
157394
26323
157395
26324
157396
26325
157397
26326
157398
26327
157399
26328
157400
26329
157401
26330
157402
26331
157403
26332
157404
26333
157405
26334
157406
26335
157407
26336
157408
26337
157409
26338
157410
26339
157411
26340
157412
26341
157413
26342
157414
26343
157415
26344
157416
26345
157417
26346
157418
26347
157419
26348
157420
26349
157421
26350
157422
26351
157423
26352
157424
26353
157425
26354
157426
26355
157427
26356
157428
26357
157429
26358
157430
26359
157431
26360
157432
26361
157433
26362
157434
26363
157435
26364
157436
26365
157437
26366
157438
26367
157439
26368
157440
26369
157441
26370
157442
26371
157443
26372
157444
26373
157445
26374
157446
26375
157447
26376
157448
26377
157449
26378
157450
26379
157451
26380
157452
26381
157453
26382
157454
26383
157455
26384
157456
26385
157457
26386
157458
26387
157459
26388
157460
26389
157461
26390
157462
26391
157463
26392
157464
26393
157465
26394
157466
26395
157467
26396
157468
26397
157469
26398
157470
26399
157471
26400
157472
26401
157473
26402
157474
26403
157475
26404
157476
26405
157477
26406
157478
26407
157479
26408
157480
26409
157481
26410
157482
26411
157483
26412
157484
26413
157485
26414
157486
26415
157487
26416
157488
26417
157489
26418
157490
26419
157491
26420
157492
26421
157493
26422
157494
26423
157495
26424
157496
26425
157497
26426
157498
26427
157499
26428
157500
26429
157501
26430
157502
26431
157503
26432
157504
26433
157505
26434
157506
26435
157507
26436
157508
26437
157509
26438
157510
26439
157511
26440
157512
26441
157513
26442
157514
26443
157515
26444
157516
26445
157517
26446
157518
26447
157519
26448
157520
26449
157521
26450
157522
26451
157523
26452
157524
26453
157525
26454
157526
26455
157527
26456
157528
26457
157529
26458
157530
26459
157531
26460
157532
26461
157533
26462
157534
26463
157535
26464
157536
26465
157537
26466
157538
26467
157539
26468
157540
26469
157541
26470
157542
26471
157543
26472
157544
26473
157545
26474
157546
26475
157547
26476
157548
26477
157549
26478
157550
26479
157551
26480
157552
26481
157553
26482
157554
26483
157555
26484
157556
26485
157557
26486
157558
26487
157559
26488
157560
26489
157561
26490
157562
26491
157563
26492
157564
26493
157565
26494
157566
26495
157567
26496
157568
26497
157569
26498
157570
26499
157571
26500
157572
26501
157573
26502
157574
26503
157575
26504
157576
26505
157577
26506
157578
26507
157579
26508
157580
26509
157581
26510
157582
26511
157583
26512
157584
26513
157585
26514
157586
26515
157587
26516
157588
26517
157589
26518
157590
26519
157591
26520
157592
26521
157593
26522
157594
26523
157595
26524
157596
26525
157597
26526
157598
26527
157599
26528
157600
26529
157601
26530
157602
26531
157603
26532
157604
26533
157605
26534
157606
26535
157607
26536
157608
26537
157609
26538
157610
26539
157611
26540
157612
26541
157613
26542
157614
26543
157615
26544
157616
26545
157617
26546
157618
26547
157619
26548
157620
26549
157621
26550
157622
26551
157623
26552
157624
26553
157625
26554
157626
26555
157627
26556
157628
26557
157629
26558
157630
26559
157631
26560
157632
26561
157633
26562
157634
26563
157635
26564
157636
26565
157637
26566
157638
26567
157639
26568
157640
26569
157641
26570
157642
26571
157643
26572
157644
26573
157645
26574
157646
26575
157647
26576
157648
26577
157649
26578
157650
26579
157651
26580
157652
26581
157653
26582
157654
26583
157655
26584
157656
26585
157657
26586
157658
26587
157659
26588
157660
26589
157661
26590
157662
26591
157663
26592
157664
26593
157665
26594
157666
26595
157667
26596
157668
26597
157669
26598
157670
26599
157671
26600
157672
26601
157673
26602
157674
26603
157675
26604
157676
26605
157677
26606
157678
26607
157679
26608
157680
26609
157681
26610
157682
26611
157683
26612
157684
26613
157685
26614
157686
26615
157687
26616
157688
26617
157689
26618
157690
26619
157691
26620
157692
26621
157693
26622
157694
26623
157695
26624
157696
26625
157697
26626
157698
26627
157699
26628
157700
26629
157701
26630
157702
26631
157703
26632
157704
26633
157705
26634
157706
26635
157707
26636
157708
26637
157709
26638
157710
26639
157711
26640
157712
26641
157713
26642
157714
26643
157715
26644
157716
26645
157717
26646
157718
26647
157719
26648
157720
26649
157721
26650
157722
26651
157723
26652
157724
26653
157725
26654
157726
26655
157727
26656
157728
26657
157729
26658
157730
26659
157731
26660
157732
26661
157733
26662
157734
26663
157735
26664
157736
26665
157737
26666
157738
26667
157739
26668
157740
26669
157741
26670
157742
26671
157743
26672
157744
26673
157745
26674
157746
26675
157747
26676
157748
26677
157749
26678
157750
26679
157751
26680
157752
26681
157753
26682
157754
26683
157755
26684
157756
26685
157757
26686
157758
26687
157759
26688
157760
26689
157761
26690
157762
26691
157763
26692
157764
26693
157765
26694
157766
26695
157767
26696
157768
26697
157769
26698
157770
26699
157771
26700
157772
26701
157773
26702
157774
26703
157775
26704
157776
26705
157777
26706
157778
26707
157779
26708
157780
26709
157781
26710
157782
26711
157783
26712
157784
26713
157785
26714
157786
26715
157787
26716
157788
26717
157789
26718
157790
26719
157791
26720
157792
26721
157793
26722
157794
26723
157795
26724
157796
26725
157797
26726
157798
26727
157799
26728
157800
26729
157801
26730
157802
26731
157803
26732
157804
26733
157805
26734
157806
26735
157807
26736
157808
26737
157809
26738
157810
26739
157811
26740
157812
26741
157813
26742
157814
26743
157815
26744
157816
26745
157817
26746
157818
26747
157819
26748
157820
26749
157821
26750
157822
26751
157823
26752
157824
26753
157825
26754
157826
26755
157827
26756
157828
26757
157829
26758
157830
26759
157831
26760
157832
26761
157833
26762
157834
26763
157835
26764
157836
26765
157837
26766
157838
26767
157839
26768
157840
26769
157841
26770
157842
26771
157843
26772
157844
26773
157845
26774
157846
26775
157847
26776
157848
26777
157849
26778
157850
26779
157851
26780
157852
26781
157853
26782
157854
26783
157855
26784
157856
26785
157857
26786
157858
26787
157859
26788
157860
26789
157861
26790
157862
26791
157863
26792
157864
26793
157865
26794
157866
26795
157867
26796
157868
26797
157869
26798
157870
26799
157871
26800
157872
26801
157873
26802
157874
26803
157875
26804
157876
26805
157877
26806
157878
26807
157879
26808
157880
26809
157881
26810
157882
26811
157883
26812
157884
26813
157885
26814
157886
26815
157887
26816
157888
26817
157889
26818
157890
26819
157891
26820
157892
26821
157893
26822
157894
26823
157895
26824
157896
26825
157897
26826
157898
26827
157899
26828
157900
26829
157901
26830
157902
26831
157903
26832
157904
26833
157905
26834
157906
26835
157907
26836
157908
26837
157909
26838
157910
26839
157911
26840
157912
26841
157913
26842
157914
26843
157915
26844
157916
26845
157917
26846
157918
26847
157919
26848
157920
26849
157921
26850
157922
26851
157923
26852
157924
26853
157925
26854
157926
26855
157927
26856
157928
26857
157929
26858
157930
26859
157931
26860
157932
26861
157933
26862
157934
26863
157935
26864
157936
26865
157937
26866
157938
26867
157939
26868
157940
26869
157941
26870
157942
26871
157943
26872
157944
26873
157945
26874
157946
26875
157947
26876
157948
26877
157949
26878
157950
26879
157951
26880
157952
26881
157953
26882
157954
26883
157955
26884
157956
26885
157957
26886
157958
26887
157959
26888
157960
26889
157961
26890
157962
26891
157963
26892
157964
26893
157965
26894
157966
26895
157967
26896
157968
26897
157969
26898
157970
26899
157971
26900
157972
26901
157973
26902
157974
26903
157975
26904
157976
26905
157977
26906
157978
26907
157979
26908
157980
26909
157981
26910
157982
26911
157983
26912
157984
26913
157985
26914
157986
26915
157987
26916
157988
26917
157989
26918
157990
26919
157991
26920
157992
26921
157993
26922
157994
26923
157995
26924
157996
26925
157997
26926
157998
26927
157999
26928
158000
26929
158001
26930
158002
26931
158003
26932
158004
26933
158005
26934
158006
26935
158007
26936
158008
26937
158009
26938
158010
26939
158011
26940
158012
26941
158013
26942
158014
26943
158015
26944
158016
26945
158017
26946
158018
26947
158019
26948
158020
26949
158021
26950
158022
26951
158023
26952
158024
26953
158025
26954
158026
26955
158027
26956
158028
26957
158029
26958
158030
26959
158031
26960
158032
26961
158033
26962
158034
26963
158035
26964
158036
26965
158037
26966
158038
26967
158039
26968
158040
26969
158041
26970
158042
26971
158043
26972
158044
26973
158045
26974
158046
26975
158047
26976
158048
26977
158049
26978
158050
26979
158051
26980
158052
26981
158053
26982
158054
26983
158055
26984
158056
26985
158057
26986
158058
26987
158059
26988
158060
26989
158061
26990
158062
26991
158063
26992
158064
26993
158065
26994
158066
26995
158067
26996
158068
26997
158069
26998
158070
26999
158071
158072
158073
158074
158075
158076
158077
158078
158079
158080
158081
158082
158083
158084
158085
158086
158087
158088
158089
158090
158091
158092
158093
158094
158095
158096
158097
158098
158099
158100
158101
158102
158103
158104
158105
158106
158107
158108
158109
158110
158111
158112
158113
158114
158115
158116
158117
158118
158119
158120
158121
158122
158123
158124
158125
158126
158127
158128
158129
158130
158131
158132
158133
158134
158135
158136
158137
158138
158139
158140
158141
158142
158143
158144
158145
158146
158147
158148
158149
158150
158151
158152
158153
158154
158155
158156
158157
158158
158159
158160
158161
158162
158163
158164
158165
158166
158167
158168
158169
158170
158171
158172
158173
158174
158175
158176
158177
158178
158179
158180
158181
158182
158183
158184
158185
158186
158187
158188
158189
158190
158191
158192
158193
158194
158195
158196
158197
158198
158199
158200
158201
158202
158203
158204
158205
158206
158207
158208
158209
158210
158211
158212
158213
158214
158215
158216
158217
158218
158219
158220
158221
158222
158223
158224
158225
158226
158227
158228
158229
158230
158231
158232
158233
158234
158235
158236
158237
158238
158239
158240
158241
158242
158243
158244
158245
158246
158247
158248
158249
158250
158251
158252
158253
158254
158255
158256
158257
158258
158259
158260
158261
158262
158263
158264
158265
158266
158267
158268
158269
158270
158271
158272
158273
158274
158275
158276
158277
158278
158279
158280
158281
158282
158283
158284
158285
158286
158287
158288
158289
158290
158291
158292
158293
158294
158295
158296
158297
158298
158299
158300
158301
158302
158303
158304
158305
158306
158307
158308
158309
158310
158311
158312
158313
158314
158315
158316
158317
158318
158319
158320
158321
158322
158323
158324
158325
158326
158327
158328
158329
158330
158331
158332
158333
158334
158335
158336
158337
158338
158339
158340
158341
158342
158343
158344
158345
158346
158347
158348
158349
158350
158351
158352
158353
158354
158355
158356
158357
158358
158359
158360
158361
158362
158363
158364
158365
158366
158367
158368
158369
158370
158371
158372
158373
158374
158375
158376
158377
158378
158379
158380
158381
158382
158383
158384
158385
158386
158387
158388
158389
158390
158391
158392
158393
158394
158395
158396
158397
158398
158399
158400
158401
158402
158403
158404
158405
158406
158407
158408
158409
158410
158411
158412
158413
158414
158415
158416
158417
158418
158419
158420
158421
158422
158423
158424
158425
158426
158427
158428
158429
158430
158431
158432
158433
158434
158435
158436
158437
158438
158439
158440
158441
158442
158443
158444
158445
158446
158447
158448
158449
158450
158451
158452
158453
158454
158455
158456
158457
158458
158459
158460
158461
158462
158463
158464
158465
158466
158467
158468
158469
158470
158471
158472
158473
158474
158475
158476
158477
158478
158479
158480
158481
158482
158483
158484
158485
158486
158487
158488
158489
158490
158491
158492
158493
158494
158495
158496
158497
158498
158499
158500
158501
158502
158503
158504
158505
158506
158507
158508
158509
158510
158511
158512
158513
158514
158515
158516
158517
158518
158519
158520
158521
158522
158523
158524
158525
158526
158527
158528
158529
158530
158531
158532
158533
158534
158535
158536
158537
158538
158539
158540
158541
158542
158543
158544
158545
158546
158547
158548
158549
158550
158551
158552
158553
158554
158555
158556
158557
158558
158559
158560
158561
158562
158563
158564
158565
158566
158567
158568
158569
158570
158571
158572
158573
158574
158575
158576
158577
158578
158579
158580
158581
158582
158583
158584
158585
158586
158587
158588
158589
158590
158591
158592
158593
158594
158595
158596
158597
158598
158599
158600
158601
158602
158603
158604
158605
158606
158607
158608
158609
158610
158611
158612
158613
158614
158615
158616
158617
158618
158619
158620
158621
158622
158623
158624
30375
30376
30377
30378
30379
30380
30381
30382
30383
30384
30385
30386
30387
30388
30389
30390
30391
30392
30393
30394
30395
30396
30397
30398
30399
30400
30401
30402
30403
30404
30405
30406
30407
30408
30409
30410
30411
30412
30413
30414
30415
30416
30417
30418
30419
30420
30421
30422
30423
30424
30425
30426
30427
30428
30429
30430
30431
30432
30433
30434
30435
30436
30437
30438
30439
30440
30441
30442
30443
30444
30445
30446
30447
30448
30449
30450
30451
30452
30453
30454
30455
30456
30457
30458
30459
30460
30461
30462
30463
30464
30465
30466
30467
30468
30469
30470
30471
30472
30473
30474
30475
30476
30477
30478
30479
30480
30481
30482
30483
30484
30485
30486
30487
30488
30489
30490
30491
30492
30493
30494
30495
30496
30497
30498
30499
30500
30501
30502
30503
30504
30505
30506
30507
30508
30509
30510
30511
30512
30513
30514
30515
30516
30517
30518
30519
30520
30521
30522
30523
30524
30525
30526
30527
30528
30529
30530
30531
30532
30533
30534
30535
30536
30537
30538
30539
30540
30541
30542
30543
30544
30545
30546
30547
30548
30549
30550
30551
30552
30553
30554
30555
30556
30557
30558
30559
30560
30561
30562
30563
30564
30565
30566
30567
30568
30569
30570
30571
30572
30573
30574
30575
30576
30577
30578
30579
30580
30581
30582
30583
30584
30585
30586
30587
30588
30589
30590
30591
30592
30593
30594
30595
30596
30597
30598
30599
30600
30601
30602
30603
30604
30605
30606
30607
30608
30609
30610
30611
30612
30613
30614
30615
30616
30617
30618
30619
30620
30621
30622
30623
30624
30625
30626
30627
30628
30629
30630
30631
30632
30633
30634
30635
30636
30637
30638
30639
30640
30641
30642
30643
30644
30645
30646
30647
30648
30649
30650
30651
30652
30653
30654
30655
30656
30657
30658
30659
30660
30661
30662
30663
30664
30665
30666
30667
30668
30669
30670
30671
30672
30673
30674
30675
30676
30677
30678
30679
30680
30681
30682
30683
30684
30685
30686
30687
30688
30689
30690
30691
30692
30693
30694
30695
30696
30697
30698
30699
30700
30701
30702
30703
30704
30705
30706
30707
30708
30709
30710
30711
30712
30713
30714
30715
30716
30717
30718
30719
30720
30721
30722
30723
30724
30725
30726
30727
30728
30729
30730
30731
30732
30733
30734
30735
30736
30737
30738
30739
30740
30741
30742
30743
30744
30745
30746
30747
30748
30749
30750
30751
30752
30753
30754
30755
30756
30757
30758
30759
30760
30761
30762
30763
30764
30765
30766
30767
30768
30769
30770
30771
30772
30773
30774
30775
30776
30777
30778
30779
30780
30781
30782
30783
30784
30785
30786
30787
30788
30789
30790
30791
30792
30793
30794
30795
30796
30797
30798
30799
30800
30801
30802
30803
30804
30805
30806
30807
30808
30809
30810
30811
30812
30813
30814
30815
30816
30817
30818
30819
30820
30821
30822
30823
30824
30825
30826
30827
30828
30829
30830
30831
30832
30833
30834
30835
30836
30837
30838
30839
30840
30841
30842
30843
30844
30845
30846
30847
30848
30849
30850
30851
30852
30853
30854
30855
30856
30857
30858
30859
30860
30861
30862
30863
30864
30865
30866
30867
30868
30869
30870
30871
30872
30873
30874
30875
30876
30877
30878
30879
30880
30881
30882
30883
30884
30885
30886
30887
30888
30889
30890
30891
30892
30893
30894
30895
30896
30897
30898
30899
30900
30901
30902
30903
30904
30905
30906
30907
30908
30909
30910
30911
30912
30913
30914
30915
30916
30917
30918
30919
30920
30921
30922
30923
30924
30925
30926
30927
30928
162000
30929
162001
30930
162002
30931
162003
30932
162004
30933
162005
30934
162006
30935
162007
30936
162008
30937
162009
30938
162010
30939
162011
30940
162012
30941
162013
30942
162014
30943
162015
30944
162016
30945
162017
30946
162018
30947
162019
30948
162020
30949
162021
30950
162022
30951
162023
30952
162024
30953
162025
30954
162026
30955
162027
30956
162028
30957
162029
30958
162030
30959
162031
30960
162032
30961
162033
30962
162034
30963
162035
30964
162036
30965
162037
30966
162038
30967
162039
30968
162040
30969
162041
30970
162042
30971
162043
30972
162044
30973
162045
30974
162046
30975
162047
30976
162048
30977
162049
30978
162050
30979
162051
30980
162052
30981
162053
30982
162054
30983
162055
30984
162056
30985
162057
30986
162058
30987
162059
30988
162060
30989
162061
30990
162062
30991
162063
30992
162064
30993
162065
30994
162066
30995
162067
30996
162068
30997
162069
30998
162070
30999
162071
31000
162072
31001
162073
31002
162074
31003
162075
31004
162076
31005
162077
31006
162078
31007
162079
31008
162080
31009
162081
31010
162082
31011
162083
31012
162084
31013
162085
31014
162086
31015
162087
31016
162088
31017
162089
31018
162090
31019
162091
31020
162092
31021
162093
31022
162094
31023
162095
31024
162096
31025
162097
31026
162098
31027
162099
31028
162100
31029
162101
31030
162102
31031
162103
31032
162104
31033
162105
31034
162106
31035
162107
31036
162108
31037
162109
31038
162110
31039
162111
31040
162112
31041
162113
31042
162114
31043
162115
31044
162116
31045
162117
31046
162118
31047
162119
31048
162120
31049
162121
31050
162122
31051
162123
31052
162124
31053
162125
31054
162126
31055
162127
31056
162128
31057
162129
31058
162130
31059
162131
31060
162132
31061
162133
31062
162134
31063
162135
31064
162136
31065
162137
31066
162138
31067
162139
31068
162140
31069
162141
31070
162142
31071
162143
31072
162144
31073
162145
31074
162146
31075
162147
31076
162148
31077
162149
31078
162150
31079
162151
31080
162152
31081
162153
31082
162154
31083
162155
31084
162156
31085
162157
31086
162158
31087
162159
31088
162160
31089
162161
31090
162162
31091
162163
31092
162164
31093
162165
31094
162166
31095
162167
31096
162168
31097
162169
31098
162170
31099
162171
31100
162172
31101
162173
31102
162174
31103
162175
31104
162176
31105
162177
31106
162178
31107
162179
31108
162180
31109
162181
31110
162182
31111
162183
31112
162184
31113
162185
31114
162186
31115
162187
31116
162188
31117
162189
31118
162190
31119
162191
31120
162192
31121
162193
31122
162194
31123
162195
31124
162196
31125
162197
31126
162198
31127
162199
31128
162200
31129
162201
31130
162202
31131
162203
31132
162204
31133
162205
31134
162206
31135
162207
31136
162208
31137
162209
31138
162210
31139
162211
31140
162212
31141
162213
31142
162214
31143
162215
31144
162216
31145
162217
31146
162218
31147
162219
31148
162220
31149
162221
31150
162222
31151
162223
31152
162224
31153
162225
31154
162226
31155
162227
31156
162228
31157
162229
31158
162230
31159
162231
31160
162232
31161
162233
31162
162234
31163
162235
31164
162236
31165
162237
31166
162238
31167
162239
31168
162240
31169
162241
31170
162242
31171
162243
31172
162244
31173
162245
31174
162246
31175
162247
31176
162248
31177
162249
31178
162250
31179
162251
31180
162252
31181
162253
31182
162254
31183
162255
31184
162256
31185
162257
31186
162258
31187
162259
31188
162260
31189
162261
31190
162262
31191
162263
31192
162264
31193
162265
31194
162266
31195
162267
31196
162268
31197
162269
31198
162270
31199
162271
31200
162272
31201
162273
31202
162274
31203
162275
31204
162276
31205
162277
31206
162278
31207
162279
31208
162280
31209
162281
31210
162282
31211
162283
31212
162284
31213
162285
31214
162286
31215
162287
31216
162288
31217
162289
31218
162290
31219
162291
31220
162292
31221
162293
31222
162294
31223
162295
31224
162296
31225
162297
31226
162298
31227
162299
31228
162300
31229
162301
31230
162302
31231
162303
31232
162304
31233
162305
31234
162306
31235
162307
31236
162308
31237
162309
31238
162310
31239
162311
31240
162312
31241
162313
31242
162314
31243
162315
31244
162316
31245
162317
31246
162318
31247
162319
31248
162320
31249
162321
31250
162322
31251
162323
31252
162324
31253
162325
31254
162326
31255
162327
31256
162328
31257
162329
31258
162330
31259
162331
31260
162332
31261
162333
31262
162334
31263
162335
31264
162336
31265
162337
31266
162338
31267
162339
31268
162340
31269
162341
31270
162342
31271
162343
31272
162344
31273
162345
31274
162346
31275
162347
31276
162348
31277
162349
31278
162350
31279
162351
31280
162352
31281
162353
31282
162354
31283
162355
31284
162356
31285
162357
31286
162358
31287
162359
31288
162360
31289
162361
31290
162362
31291
162363
31292
162364
31293
162365
31294
162366
31295
162367
31296
162368
31297
162369
31298
162370
31299
162371
31300
162372
31301
162373
31302
162374
31303
162375
31304
162376
31305
162377
31306
162378
31307
162379
31308
162380
31309
162381
31310
162382
31311
162383
31312
162384
31313
162385
31314
162386
31315
162387
31316
162388
31317
162389
31318
162390
31319
162391
31320
162392
31321
162393
31322
162394
31323
162395
31324
162396
31325
162397
31326
162398
31327
162399
31328
162400
31329
162401
31330
162402
31331
162403
31332
162404
31333
162405
31334
162406
31335
162407
31336
162408
31337
162409
31338
162410
31339
162411
31340
162412
31341
162413
31342
162414
31343
162415
31344
162416
31345
162417
31346
162418
31347
162419
31348
162420
31349
162421
31350
162422
31351
162423
31352
162424
31353
162425
31354
162426
31355
162427
31356
162428
31357
162429
31358
162430
31359
162431
31360
162432
31361
162433
31362
162434
31363
162435
31364
162436
31365
162437
31366
162438
31367
162439
31368
162440
31369
162441
31370
162442
31371
162443
31372
162444
31373
162445
31374
162446
31375
162447
31376
162448
31377
162449
31378
162450
31379
162451
31380
162452
31381
162453
31382
162454
31383
162455
31384
162456
31385
162457
31386
162458
31387
162459
31388
162460
31389
162461
31390
162462
31391
162463
31392
162464
31393
162465
31394
162466
31395
162467
31396
162468
31397
162469
31398
162470
31399
162471
31400
162472
31401
162473
31402
162474
31403
162475
31404
162476
31405
162477
31406
162478
31407
162479
31408
162480
31409
162481
31410
162482
31411
162483
31412
162484
31413
162485
31414
162486
31415
162487
31416
162488
31417
162489
31418
162490
31419
162491
31420
162492
31421
162493
31422
162494
31423
162495
31424
162496
31425
162497
31426
162498
31427
162499
31428
162500
31429
162501
31430
162502
31431
162503
31432
162504
31433
162505
31434
162506
31435
162507
31436
162508
31437
162509
31438
162510
31439
162511
31440
162512
31441
162513
31442
162514
31443
162515
31444
162516
31445
162517
31446
162518
31447
162519
31448
162520
31449
162521
31450
162522
31451
162523
31452
162524
31453
162525
31454
162526
31455
162527
31456
162528
31457
162529
31458
162530
31459
162531
31460
162532
31461
162533
31462
162534
31463
162535
31464
162536
31465
162537
31466
162538
31467
162539
31468
162540
31469
162541
31470
162542
31471
162543
31472
162544
31473
162545
31474
162546
31475
162547
31476
162548
31477
162549
31478
162550
31479
162551
31480
162552
31481
162553
31482
162554
31483
162555
31484
162556
31485
162557
31486
162558
31487
162559
31488
162560
31489
162561
31490
162562
31491
162563
31492
162564
31493
162565
31494
162566
31495
162567
31496
162568
31497
162569
31498
162570
31499
162571
31500
162572
31501
162573
31502
162574
31503
162575
31504
162576
31505
162577
31506
162578
31507
162579
31508
162580
31509
162581
31510
162582
31511
162583
31512
162584
31513
162585
31514
162586
31515
162587
31516
162588
31517
162589
31518
162590
31519
162591
31520
162592
31521
162593
31522
162594
31523
162595
31524
162596
31525
162597
31526
162598
31527
162599
31528
162600
31529
162601
31530
162602
31531
162603
31532
162604
31533
162605
31534
162606
31535
162607
31536
162608
31537
162609
31538
162610
31539
162611
31540
162612
31541
162613
31542
162614
31543
162615
31544
162616
31545
162617
31546
162618
31547
162619
31548
162620
31549
162621
31550
162622
31551
162623
31552
162624
31553
162625
31554
162626
31555
162627
31556
162628
31557
162629
31558
162630
31559
162631
31560
162632
31561
162633
31562
162634
31563
162635
31564
162636
31565
162637
31566
162638
31567
162639
31568
162640
31569
162641
31570
162642
31571
162643
31572
162644
31573
162645
31574
162646
31575
162647
31576
162648
31577
162649
31578
162650
31579
162651
31580
162652
31581
162653
31582
162654
31583
162655
31584
162656
31585
162657
31586
162658
31587
162659
31588
162660
31589
162661
31590
162662
31591
162663
31592
162664
31593
162665
31594
162666
31595
162667
31596
162668
31597
162669
31598
162670
31599
162671
31600
162672
31601
162673
31602
162674
31603
162675
31604
162676
31605
162677
31606
162678
31607
162679
31608
162680
31609
162681
31610
162682
31611
162683
31612
162684
31613
162685
31614
162686
31615
162687
31616
162688
31617
162689
31618
162690
31619
162691
31620
162692
31621
162693
31622
162694
31623
162695
31624
162696
31625
162697
31626
162698
31627
162699
31628
162700
31629
162701
31630
162702
31631
162703
31632
162704
31633
162705
31634
162706
31635
162707
31636
162708
31637
162709
31638
162710
31639
162711
31640
162712
31641
162713
31642
162714
31643
162715
31644
162716
31645
162717
31646
162718
31647
162719
31648
162720
31649
162721
31650
162722
31651
162723
31652
162724
31653
162725
31654
162726
31655
162727
31656
162728
31657
162729
31658
162730
31659
162731
31660
162732
31661
162733
31662
162734
31663
162735
31664
162736
31665
162737
31666
162738
31667
162739
31668
162740
31669
162741
31670
162742
31671
162743
31672
162744
31673
162745
31674
162746
31675
162747
31676
162748
31677
162749
31678
162750
31679
162751
31680
162752
31681
162753
31682
162754
31683
162755
31684
162756
31685
162757
31686
162758
31687
162759
31688
162760
31689
162761
31690
162762
31691
162763
31692
162764
31693
162765
31694
162766
31695
162767
31696
162768
31697
162769
31698
162770
31699
162771
31700
162772
31701
162773
31702
162774
31703
162775
31704
162776
31705
162777
31706
162778
31707
162779
31708
162780
31709
162781
31710
162782
31711
162783
31712
162784
31713
162785
31714
162786
31715
162787
31716
162788
31717
162789
31718
162790
31719
162791
31720
162792
31721
162793
31722
162794
31723
162795
31724
162796
31725
162797
31726
162798
31727
162799
31728
162800
31729
162801
31730
162802
31731
162803
31732
162804
31733
162805
31734
162806
31735
162807
31736
162808
31737
162809
31738
162810
31739
162811
31740
162812
31741
162813
31742
162814
31743
162815
31744
162816
31745
162817
31746
162818
31747
162819
31748
162820
31749
162821
31750
162822
31751
162823
31752
162824
31753
162825
31754
162826
31755
162827
31756
162828
31757
162829
31758
162830
31759
162831
31760
162832
31761
162833
31762
162834
31763
162835
31764
162836
31765
162837
31766
162838
31767
162839
31768
162840
31769
162841
31770
162842
31771
162843
31772
162844
31773
162845
31774
162846
31775
162847
31776
162848
31777
162849
31778
162850
31779
162851
31780
162852
31781
162853
31782
162854
31783
162855
31784
162856
31785
162857
31786
162858
31787
162859
31788
162860
31789
162861
31790
162862
31791
162863
31792
162864
31793
162865
31794
162866
31795
162867
31796
162868
31797
162869
31798
162870
31799
162871
31800
162872
31801
162873
31802
162874
31803
162875
31804
162876
31805
162877
31806
162878
31807
162879
31808
162880
31809
162881
31810
162882
31811
162883
31812
162884
31813
162885
31814
162886
31815
162887
31816
162888
31817
162889
31818
162890
31819
162891
31820
162892
31821
162893
31822
162894
31823
162895
31824
162896
31825
162897
31826
162898
31827
162899
31828
162900
31829
162901
31830
162902
31831
162903
31832
162904
31833
162905
31834
162906
31835
162907
31836
162908
31837
162909
31838
162910
31839
162911
31840
162912
31841
162913
31842
162914
31843
162915
31844
162916
31845
162917
31846
162918
31847
162919
31848
162920
31849
162921
31850
162922
31851
162923
31852
162924
31853
162925
31854
162926
31855
162927
31856
162928
31857
162929
31858
162930
31859
162931
31860
162932
31861
162933
31862
162934
31863
162935
31864
162936
31865
162937
31866
162938
31867
162939
31868
162940
31869
162941
31870
162942
31871
162943
31872
162944
31873
162945
31874
162946
31875
162947
31876
162948
31877
162949
31878
162950
31879
162951
31880
162952
31881
162953
31882
162954
31883
162955
31884
162956
31885
162957
31886
162958
31887
162959
31888
162960
31889
162961
31890
162962
31891
162963
31892
162964
31893
162965
31894
162966
31895
162967
31896
162968
31897
162969
31898
162970
31899
162971
31900
162972
31901
162973
31902
162974
31903
162975
31904
162976
31905
162977
31906
162978
31907
162979
31908
162980
31909
162981
31910
162982
31911
162983
31912
162984
31913
162985
31914
162986
31915
162987
31916
162988
31917
162989
31918
162990
31919
162991
31920
162992
31921
162993
31922
162994
31923
162995
31924
162996
31925
162997
31926
162998
31927
162999
31928
163000
31929
163001
31930
163002
31931
163003
31932
163004
31933
163005
31934
163006
31935
163007
31936
163008
31937
163009
31938
163010
31939
163011
31940
163012
31941
163013
31942
163014
31943
163015
31944
163016
31945
163017
31946
163018
31947
163019
31948
163020
31949
163021
31950
163022
31951
163023
31952
163024
31953
163025
31954
163026
31955
163027
31956
163028
31957
163029
31958
163030
31959
163031
31960
163032
31961
163033
31962
163034
31963
163035
31964
163036
31965
163037
31966
163038
31967
163039
31968
163040
31969
163041
31970
163042
31971
163043
31972
163044
31973
163045
31974
163046
31975
163047
31976
163048
31977
163049
31978
163050
31979
163051
31980
163052
31981
163053
31982
163054
31983
163055
31984
163056
31985
163057
31986
163058
31987
163059
31988
163060
31989
163061
31990
163062
31991
163063
31992
163064
31993
163065
31994
163066
31995
163067
31996
163068
31997
163069
31998
163070
31999
163071
32000
163072
32001
163073
32002
163074
32003
163075
32004
163076
32005
163077
32006
163078
32007
163079
32008
163080
32009
163081
32010
163082
32011
163083
32012
163084
32013
163085
32014
163086
32015
163087
32016
163088
32017
163089
32018
163090
32019
163091
32020
163092
32021
163093
32022
163094
32023
163095
32024
163096
32025
163097
32026
163098
32027
163099
32028
163100
32029
163101
32030
163102
32031
163103
32032
163104
32033
163105
32034
163106
32035
163107
32036
163108
32037
163109
32038
163110
32039
163111
32040
163112
32041
163113
32042
163114
32043
163115
32044
163116
32045
163117
32046
163118
32047
163119
32048
163120
32049
163121
32050
163122
32051
163123
32052
163124
32053
163125
32054
163126
32055
163127
32056
163128
32057
163129
32058
163130
32059
163131
32060
163132
32061
163133
32062
163134
32063
163135
32064
163136
32065
163137
32066
163138
32067
163139
32068
163140
32069
163141
32070
163142
32071
163143
32072
163144
32073
163145
32074
163146
32075
163147
32076
163148
32077
163149
32078
163150
32079
163151
32080
163152
32081
163153
32082
163154
32083
163155
32084
163156
32085
163157
32086
163158
32087
163159
32088
163160
32089
163161
32090
163162
32091
163163
32092
163164
32093
163165
32094
163166
32095
163167
32096
163168
32097
163169
32098
163170
32099
163171
32100
163172
32101
163173
32102
163174
32103
163175
32104
163176
32105
163177
32106
163178
32107
163179
32108
163180
32109
163181
32110
163182
32111
163183
32112
163184
32113
163185
32114
163186
32115
163187
32116
163188
32117
163189
32118
163190
32119
163191
32120
163192
32121
163193
32122
163194
32123
163195
32124
163196
32125
163197
32126
163198
32127
163199
32128
163200
32129
163201
32130
163202
32131
163203
32132
163204
32133
163205
32134
163206
32135
163207
32136
163208
32137
163209
32138
163210
32139
163211
32140
163212
32141
163213
32142
163214
32143
163215
32144
163216
32145
163217
32146
163218
32147
163219
32148
163220
32149
163221
32150
163222
32151
163223
32152
163224
32153
163225
32154
163226
32155
163227
32156
163228
32157
163229
32158
163230
32159
163231
32160
163232
32161
163233
32162
163234
32163
163235
32164
163236
32165
163237
32166
163238
32167
163239
32168
163240
32169
163241
32170
163242
32171
163243
32172
163244
32173
163245
32174
163246
32175
163247
32176
163248
32177
163249
32178
163250
32179
163251
32180
163252
32181
163253
32182
163254
32183
163255
32184
163256
32185
163257
32186
163258
32187
163259
32188
163260
32189
163261
32190
163262
32191
163263
32192
163264
32193
163265
32194
163266
32195
163267
32196
163268
32197
163269
32198
163270
32199
163271
32200
163272
32201
163273
32202
163274
32203
163275
32204
163276
32205
163277
32206
163278
32207
163279
32208
163280
32209
163281
32210
163282
32211
163283
32212
163284
32213
163285
32214
163286
32215
163287
32216
163288
32217
163289
32218
163290
32219
163291
32220
163292
32221
163293
32222
163294
32223
163295
32224
163296
32225
163297
32226
163298
32227
163299
32228
163300
32229
163301
32230
163302
32231
163303
32232
163304
32233
163305
32234
163306
32235
163307
32236
163308
32237
163309
32238
163310
32239
163311
32240
163312
32241
163313
32242
163314
32243
163315
32244
163316
32245
163317
32246
163318
32247
163319
32248
163320
32249
163321
32250
163322
32251
163323
32252
163324
32253
163325
32254
163326
32255
163327
32256
163328
32257
163329
32258
163330
32259
163331
32260
163332
32261
163333
32262
163334
32263
163335
32264
163336
32265
163337
32266
163338
32267
163339
32268
163340
32269
163341
32270
163342
32271
163343
32272
163344
32273
163345
32274
163346
32275
163347
32276
163348
32277
163349
32278
163350
32279
163351
32280
163352
32281
163353
32282
163354
32283
163355
32284
163356
32285
163357
32286
163358
32287
163359
32288
163360
32289
163361
32290
163362
32291
163363
32292
163364
32293
163365
32294
163366
32295
163367
32296
163368
32297
163369
32298
163370
32299
163371
32300
163372
32301
163373
32302
163374
32303
163375
32304
163376
32305
163377
32306
163378
32307
163379
32308
163380
32309
163381
32310
163382
32311
163383
32312
163384
32313
163385
32314
163386
32315
163387
32316
163388
32317
163389
32318
163390
32319
163391
32320
163392
32321
163393
32322
163394
32323
163395
32324
163396
32325
163397
32326
163398
32327
163399
32328
163400
32329
163401
32330
163402
32331
163403
32332
163404
32333
163405
32334
163406
32335
163407
32336
163408
32337
163409
32338
163410
32339
163411
32340
163412
32341
163413
32342
163414
32343
163415
32344
163416
32345
163417
32346
163418
32347
163419
32348
163420
32349
163421
32350
163422
32351
163423
32352
163424
32353
163425
32354
163426
32355
163427
32356
163428
32357
163429
32358
163430
32359
163431
32360
163432
32361
163433
32362
163434
32363
163435
32364
163436
32365
163437
32366
163438
32367
163439
32368
163440
32369
163441
32370
163442
32371
163443
32372
163444
32373
163445
32374
163446
32375
163447
32376
163448
32377
163449
32378
163450
32379
163451
32380
163452
32381
163453
32382
163454
32383
163455
32384
163456
32385
163457
32386
163458
32387
163459
32388
163460
32389
163461
32390
163462
32391
163463
32392
163464
32393
163465
32394
163466
32395
163467
32396
163468
32397
163469
32398
163470
32399
163471
32400
163472
32401
163473
32402
163474
32403
163475
32404
163476
32405
163477
32406
163478
32407
163479
32408
163480
32409
163481
32410
163482
32411
163483
32412
163484
32413
163485
32414
163486
32415
163487
32416
163488
32417
163489
32418
163490
32419
163491
32420
163492
32421
163493
32422
163494
32423
163495
32424
163496
32425
163497
32426
163498
32427
163499
32428
163500
32429
163501
32430
163502
32431
163503
32432
163504
32433
163505
32434
163506
32435
163507
32436
163508
32437
163509
32438
163510
32439
163511
32440
163512
32441
163513
32442
163514
32443
163515
32444
163516
32445
163517
32446
163518
32447
163519
32448
163520
32449
163521
32450
163522
32451
163523
32452
163524
32453
163525
32454
163526
32455
163527
32456
163528
32457
163529
32458
163530
32459
163531
32460
163532
32461
163533
32462
163534
32463
163535
32464
163536
32465
163537
32466
163538
32467
163539
32468
163540
32469
163541
32470
163542
32471
163543
32472
163544
32473
163545
32474
163546
32475
163547
32476
163548
32477
163549
32478
163550
32479
163551
32480
163552
32481
163553
32482
163554
32483
163555
32484
163556
32485
163557
32486
163558
32487
163559
32488
163560
32489
163561
32490
163562
32491
163563
32492
163564
32493
163565
32494
163566
32495
163567
32496
163568
32497
163569
32498
163570
32499
163571
32500
163572
32501
163573
32502
163574
32503
163575
32504
163576
32505
163577
32506
163578
32507
163579
32508
163580
32509
163581
32510
163582
32511
163583
32512
163584
32513
163585
32514
163586
32515
163587
32516
163588
32517
163589
32518
163590
32519
163591
32520
163592
32521
163593
32522
163594
32523
163595
32524
163596
32525
163597
32526
163598
32527
163599
32528
163600
32529
163601
32530
163602
32531
163603
32532
163604
32533
163605
32534
163606
32535
163607
32536
163608
32537
163609
32538
163610
32539
163611
32540
163612
32541
163613
32542
163614
32543
163615
32544
163616
32545
163617
32546
163618
32547
163619
32548
163620
32549
163621
32550
163622
32551
163623
32552
163624
32553
163625
32554
163626
32555
163627
32556
163628
32557
163629
32558
163630
32559
163631
32560
163632
32561
163633
32562
163634
32563
163635
32564
163636
32565
163637
32566
163638
32567
163639
32568
163640
32569
163641
32570
163642
32571
163643
32572
163644
32573
163645
32574
163646
32575
163647
32576
163648
32577
163649
32578
163650
32579
163651
32580
163652
32581
163653
32582
163654
32583
163655
32584
163656
32585
163657
32586
163658
32587
163659
32588
163660
32589
163661
32590
163662
32591
163663
32592
163664
32593
163665
32594
163666
32595
163667
32596
163668
32597
163669
32598
163670
32599
163671
32600
163672
32601
163673
32602
163674
32603
163675
32604
163676
32605
163677
32606
163678
32607
163679
32608
163680
32609
163681
32610
163682
32611
163683
32612
163684
32613
163685
32614
163686
32615
163687
32616
163688
32617
163689
32618
163690
32619
163691
32620
163692
32621
163693
32622
163694
32623
163695
32624
163696
32625
163697
32626
163698
32627
163699
32628
163700
32629
163701
32630
163702
32631
163703
32632
163704
32633
163705
32634
163706
32635
163707
32636
163708
32637
163709
32638
163710
32639
163711
32640
163712
32641
163713
32642
163714
32643
163715
32644
163716
32645
163717
32646
163718
32647
163719
32648
163720
32649
163721
32650
163722
32651
163723
32652
163724
32653
163725
32654
163726
32655
163727
32656
163728
32657
163729
32658
163730
32659
163731
32660
163732
32661
163733
32662
163734
32663
163735
32664
163736
32665
163737
32666
163738
32667
163739
32668
163740
32669
163741
32670
163742
32671
163743
32672
163744
32673
163745
32674
163746
32675
163747
32676
163748
32677
163749
32678
163750
32679
163751
32680
163752
32681
163753
32682
163754
32683
163755
32684
163756
32685
163757
32686
163758
32687
163759
32688
163760
32689
163761
32690
163762
32691
163763
32692
163764
32693
163765
32694
163766
32695
163767
32696
163768
32697
163769
32698
163770
32699
163771
32700
163772
32701
163773
32702
163774
32703
163775
32704
163776
32705
163777
32706
163778
32707
163779
32708
163780
32709
163781
32710
163782
32711
163783
32712
163784
32713
163785
32714
163786
32715
163787
32716
163788
32717
163789
32718
163790
32719
163791
32720
163792
32721
163793
32722
163794
32723
163795
32724
163796
32725
163797
32726
163798
32727
163799
32728
163800
32729
163801
32730
163802
32731
163803
32732
163804
32733
163805
32734
163806
32735
163807
32736
163808
32737
163809
32738
163810
32739
163811
32740
163812
32741
163813
32742
163814
32743
163815
32744
163816
32745
163817
32746
163818
32747
163819
32748
163820
32749
163821
32750
163822
32751
163823
32752
163824
32753
163825
32754
163826
32755
163827
32756
163828
32757
163829
32758
163830
32759
163831
32760
163832
32761
163833
32762
163834
32763
163835
32764
163836
32765
163837
32766
163838
32767
163839
32768
163840
32769
163841
32770
163842
32771
163843
32772
163844
32773
163845
32774
163846
32775
163847
32776
163848
32777
163849
32778
163850
32779
163851
32780
163852
32781
163853
32782
163854
32783
163855
32784
163856
32785
163857
32786
163858
32787
163859
32788
163860
32789
163861
32790
163862
32791
163863
32792
163864
32793
163865
32794
163866
32795
163867
32796
163868
32797
163869
32798
163870
32799
163871
32800
163872
32801
163873
32802
163874
32803
163875
32804
163876
32805
163877
32806
163878
32807
163879
32808
163880
32809
163881
32810
163882
32811
163883
32812
163884
32813
163885
32814
163886
32815
163887
32816
163888
32817
163889
32818
163890
32819
163891
32820
163892
32821
163893
32822
163894
32823
163895
32824
163896
32825
163897
32826
163898
32827
163899
32828
163900
32829
163901
32830
163902
32831
163903
32832
163904
32833
163905
32834
163906
32835
163907
32836
163908
32837
163909
32838
163910
32839
163911
32840
163912
32841
163913
32842
163914
32843
163915
32844
163916
32845
163917
32846
163918
32847
163919
32848
163920
32849
163921
32850
163922
32851
163923
32852
163924
32853
163925
32854
163926
32855
163927
32856
163928
32857
163929
32858
163930
32859
163931
32860
163932
32861
163933
32862
163934
32863
163935
32864
163936
32865
163937
32866
163938
32867
163939
32868
163940
32869
163941
32870
163942
32871
163943
32872
163944
32873
163945
32874
163946
32875
163947
32876
163948
32877
163949
32878
163950
32879
163951
32880
163952
32881
163953
32882
163954
32883
163955
32884
163956
32885
163957
32886
163958
32887
163959
32888
163960
32889
163961
32890
163962
32891
163963
32892
163964
32893
163965
32894
163966
32895
163967
32896
163968
32897
163969
32898
163970
32899
163971
32900
163972
32901
163973
32902
163974
32903
163975
32904
163976
32905
163977
32906
163978
32907
163979
32908
163980
32909
163981
32910
163982
32911
163983
32912
163984
32913
163985
32914
163986
32915
163987
32916
163988
32917
163989
32918
163990
32919
163991
32920
163992
32921
163993
32922
163994
32923
163995
32924
163996
32925
163997
32926
163998
32927
163999
32928
164000
32929
164001
32930
164002
32931
164003
32932
164004
32933
164005
32934
164006
32935
164007
32936
164008
32937
164009
32938
164010
32939
164011
32940
164012
32941
164013
32942
164014
32943
164015
32944
164016
32945
164017
32946
164018
32947
164019
32948
164020
32949
164021
32950
164022
32951
164023
32952
164024
32953
164025
32954
164026
32955
164027
32956
164028
32957
164029
32958
164030
32959
164031
32960
164032
32961
164033
32962
164034
32963
164035
32964
164036
32965
164037
32966
164038
32967
164039
32968
164040
32969
164041
32970
164042
32971
164043
32972
164044
32973
164045
32974
164046
32975
164047
32976
164048
32977
164049
32978
164050
32979
164051
32980
164052
32981
164053
32982
164054
32983
164055
32984
164056
32985
164057
32986
164058
32987
164059
32988
164060
32989
164061
32990
164062
32991
164063
32992
164064
32993
164065
32994
164066
32995
164067
32996
164068
32997
164069
32998
164070
32999
164071
33000
164072
33001
164073
33002
164074
33003
164075
33004
164076
33005
164077
33006
164078
33007
164079
33008
164080
33009
164081
33010
164082
33011
164083
33012
164084
33013
164085
33014
164086
33015
164087
33016
164088
33017
164089
33018
164090
33019
164091
33020
164092
33021
164093
33022
164094
33023
164095
33024
164096
33025
164097
33026
164098
33027
164099
33028
164100
33029
164101
33030
164102
33031
164103
33032
164104
33033
164105
33034
164106
33035
164107
33036
164108
33037
164109
33038
164110
33039
164111
33040
164112
33041
164113
33042
164114
33043
164115
33044
164116
33045
164117
33046
164118
33047
164119
33048
164120
33049
164121
33050
164122
33051
164123
33052
164124
33053
164125
33054
164126
33055
164127
33056
164128
33057
164129
33058
164130
33059
164131
33060
164132
33061
164133
33062
164134
33063
164135
33064
164136
33065
164137
33066
164138
33067
164139
33068
164140
33069
164141
33070
164142
33071
164143
33072
164144
33073
164145
33074
164146
33075
164147
33076
164148
33077
164149
33078
164150
33079
164151
33080
164152
33081
164153
33082
164154
33083
164155
33084
164156
33085
164157
33086
164158
33087
164159
33088
164160
33089
164161
33090
164162
33091
164163
33092
164164
33093
164165
33094
164166
33095
164167
33096
164168
33097
164169
33098
164170
33099
164171
33100
164172
33101
164173
33102
164174
33103
164175
33104
164176
33105
164177
33106
164178
33107
164179
33108
164180
33109
164181
33110
164182
33111
164183
33112
164184
33113
164185
33114
164186
33115
164187
33116
164188
33117
164189
33118
164190
33119
164191
33120
164192
33121
164193
33122
164194
33123
164195
33124
164196
33125
164197
33126
164198
33127
164199
33128
164200
33129
164201
33130
164202
33131
164203
33132
164204
33133
164205
33134
164206
33135
164207
33136
164208
33137
164209
33138
164210
33139
164211
33140
164212
33141
164213
33142
164214
33143
164215
33144
164216
33145
164217
33146
164218
33147
164219
33148
164220
33149
164221
33150
164222
33151
164223
33152
164224
33153
164225
33154
164226
33155
164227
33156
164228
33157
164229
33158
164230
33159
164231
33160
164232
33161
164233
33162
164234
33163
164235
33164
164236
33165
164237
33166
164238
33167
164239
33168
164240
33169
164241
33170
164242
33171
164243
33172
164244
33173
164245
33174
164246
33175
164247
33176
164248
33177
164249
33178
164250
33179
164251
33180
164252
33181
164253
33182
164254
33183
164255
33184
164256
33185
164257
33186
164258
33187
164259
33188
164260
33189
164261
33190
164262
33191
164263
33192
164264
33193
164265
33194
164266
33195
164267
33196
164268
33197
164269
33198
164270
33199
164271
33200
164272
33201
164273
33202
164274
33203
164275
33204
164276
33205
164277
33206
164278
33207
164279
33208
164280
33209
164281
33210
164282
33211
164283
33212
164284
33213
164285
33214
164286
33215
164287
33216
164288
33217
164289
33218
164290
33219
164291
33220
164292
33221
164293
33222
164294
33223
164295
33224
164296
33225
164297
33226
164298
33227
164299
33228
164300
33229
164301
33230
164302
33231
164303
33232
164304
33233
164305
33234
164306
33235
164307
33236
164308
33237
164309
33238
164310
33239
164311
33240
164312
33241
164313
33242
164314
33243
164315
33244
164316
33245
164317
33246
164318
33247
164319
33248
164320
33249
164321
33250
164322
33251
164323
33252
164324
33253
164325
33254
164326
33255
164327
33256
164328
33257
164329
33258
164330
33259
164331
33260
164332
33261
164333
33262
164334
33263
164335
33264
164336
33265
164337
33266
164338
33267
164339
33268
164340
33269
164341
33270
164342
33271
164343
33272
164344
33273
164345
33274
164346
33275
164347
33276
164348
33277
164349
33278
164350
33279
164351
33280
164352
33281
164353
33282
164354
33283
164355
33284
164356
33285
164357
33286
164358
33287
164359
33288
164360
33289
164361
33290
164362
33291
164363
33292
164364
33293
164365
33294
164366
33295
164367
33296
164368
33297
164369
33298
164370
33299
164371
33300
164372
33301
164373
33302
164374
33303
164375
33304
164376
33305
164377
33306
164378
33307
164379
33308
164380
33309
164381
33310
164382
33311
164383
33312
164384
33313
164385
33314
164386
33315
164387
33316
164388
33317
164389
33318
164390
33319
164391
33320
164392
33321
164393
33322
164394
33323
164395
33324
164396
33325
164397
33326
164398
33327
164399
33328
164400
33329
164401
33330
164402
33331
164403
33332
164404
33333
164405
33334
164406
33335
164407
33336
164408
33337
164409
33338
164410
33339
164411
33340
164412
33341
164413
33342
164414
33343
164415
33344
164416
33345
164417
33346
164418
33347
164419
33348
164420
33349
164421
33350
164422
33351
164423
33352
164424
33353
164425
33354
164426
33355
164427
33356
164428
33357
164429
33358
164430
33359
164431
33360
164432
33361
164433
33362
164434
33363
164435
33364
164436
33365
164437
33366
164438
33367
164439
33368
164440
33369
164441
33370
164442
33371
164443
33372
164444
33373
164445
33374
164446
33375
164447
33376
164448
33377
164449
33378
164450
33379
164451
33380
164452
33381
164453
33382
164454
33383
164455
33384
164456
33385
164457
33386
164458
33387
164459
33388
164460
33389
164461
33390
164462
33391
164463
33392
164464
33393
164465
33394
164466
33395
164467
33396
164468
33397
164469
33398
164470
33399
164471
33400
164472
33401
164473
33402
164474
33403
164475
33404
164476
33405
164477
33406
164478
33407
164479
33408
164480
33409
164481
33410
164482
33411
164483
33412
164484
33413
164485
33414
164486
33415
164487
33416
164488
33417
164489
33418
164490
33419
164491
33420
164492
33421
164493
33422
164494
33423
164495
33424
164496
33425
164497
33426
164498
33427
164499
33428
164500
33429
164501
33430
164502
33431
164503
33432
164504
33433
164505
33434
164506
33435
164507
33436
164508
33437
164509
33438
164510
33439
164511
33440
164512
33441
164513
33442
164514
33443
164515
33444
164516
33445
164517
33446
164518
33447
164519
33448
164520
33449
164521
33450
164522
33451
164523
33452
164524
33453
164525
33454
164526
33455
164527
33456
164528
33457
164529
33458
164530
33459
164531
33460
164532
33461
164533
33462
164534
33463
164535
33464
164536
33465
164537
33466
164538
33467
164539
33468
164540
33469
164541
33470
164542
33471
164543
33472
164544
33473
164545
33474
164546
33475
164547
33476
164548
33477
164549
33478
164550
33479
164551
33480
164552
33481
164553
33482
164554
33483
164555
33484
164556
33485
164557
33486
164558
33487
164559
33488
164560
33489
164561
33490
164562
33491
164563
33492
164564
33493
164565
33494
164566
33495
164567
33496
164568
33497
164569
33498
164570
33499
164571
33500
164572
33501
164573
33502
164574
33503
164575
33504
164576
33505
164577
33506
164578
33507
164579
33508
164580
33509
164581
33510
164582
33511
164583
33512
164584
33513
164585
33514
164586
33515
164587
33516
164588
33517
164589
33518
164590
33519
164591
33520
164592
33521
164593
33522
164594
33523
164595
33524
164596
33525
164597
33526
164598
33527
164599
33528
164600
33529
164601
33530
164602
33531
164603
33532
164604
33533
164605
33534
164606
33535
164607
33536
164608
33537
164609
33538
164610
33539
164611
33540
164612
33541
164613
33542
164614
33543
164615
33544
164616
33545
164617
33546
164618
33547
164619
33548
164620
33549
164621
33550
164622
33551
164623
33552
164624
33553
164625
33554
164626
33555
164627
33556
164628
33557
164629
33558
164630
33559
164631
33560
164632
33561
164633
33562
164634
33563
164635
33564
164636
33565
164637
33566
164638
33567
164639
33568
164640
33569
164641
33570
164642
33571
164643
33572
164644
33573
164645
33574
164646
33575
164647
33576
164648
33577
164649
33578
164650
33579
164651
33580
164652
33581
164653
33582
164654
33583
164655
33584
164656
33585
164657
33586
164658
33587
164659
33588
164660
33589
164661
33590
164662
33591
164663
33592
164664
33593
164665
33594
164666
33595
164667
33596
164668
33597
164669
33598
164670
33599
164671
33600
164672
33601
164673
33602
164674
33603
164675
33604
164676
33605
164677
33606
164678
33607
164679
33608
164680
33609
164681
33610
164682
33611
164683
33612
164684
33613
164685
33614
164686
33615
164687
33616
164688
33617
164689
33618
164690
33619
164691
33620
164692
33621
164693
33622
164694
33623
164695
33624
164696
33625
164697
33626
164698
33627
164699
33628
164700
33629
164701
33630
164702
33631
164703
33632
164704
33633
164705
33634
164706
33635
164707
33636
164708
33637
164709
33638
164710
33639
164711
33640
164712
33641
164713
33642
164714
33643
164715
33644
164716
33645
164717
33646
164718
33647
164719
33648
164720
33649
164721
33650
164722
33651
164723
33652
164724
33653
164725
33654
164726
33655
164727
33656
164728
33657
164729
33658
164730
33659
164731
33660
164732
33661
164733
33662
164734
33663
164735
33664
164736
33665
164737
33666
164738
33667
164739
33668
164740
33669
164741
33670
164742
33671
164743
33672
164744
33673
164745
33674
164746
33675
164747
33676
164748
33677
164749
33678
164750
33679
164751
33680
164752
33681
164753
33682
164754
33683
164755
33684
164756
33685
164757
33686
164758
33687
164759
33688
164760
33689
164761
33690
164762
33691
164763
33692
164764
33693
164765
33694
164766
33695
164767
33696
164768
33697
164769
33698
164770
33699
164771
33700
164772
33701
164773
33702
164774
33703
164775
33704
164776
33705
164777
33706
164778
33707
164779
33708
164780
33709
164781
33710
164782
33711
164783
33712
164784
33713
164785
33714
164786
33715
164787
33716
164788
33717
164789
33718
164790
33719
164791
33720
164792
33721
164793
33722
164794
33723
164795
33724
164796
33725
164797
33726
164798
33727
164799
33728
164800
33729
164801
33730
164802
33731
164803
33732
164804
33733
164805
33734
164806
33735
164807
33736
164808
33737
164809
33738
164810
33739
164811
33740
164812
33741
164813
33742
164814
33743
164815
33744
164816
33745
164817
33746
164818
33747
164819
33748
164820
33749
164821
33750
164822
33751
164823
33752
164824
33753
164825
33754
164826
33755
164827
33756
164828
33757
164829
33758
164830
33759
164831
33760
164832
33761
164833
33762
164834
33763
164835
33764
164836
33765
164837
33766
164838
33767
164839
33768
164840
33769
164841
33770
164842
33771
164843
33772
164844
33773
164845
33774
164846
33775
164847
33776
164848
33777
164849
33778
164850
33779
164851
33780
164852
33781
164853
33782
164854
33783
164855
33784
164856
33785
164857
33786
164858
33787
164859
33788
164860
33789
164861
33790
164862
33791
164863
33792
164864
33793
164865
33794
164866
33795
164867
33796
164868
33797
164869
33798
164870
33799
164871
33800
164872
33801
164873
33802
164874
33803
164875
33804
164876
33805
164877
33806
164878
33807
164879
33808
164880
33809
164881
33810
164882
33811
164883
33812
164884
33813
164885
33814
164886
33815
164887
33816
164888
33817
164889
33818
164890
33819
164891
33820
164892
33821
164893
33822
164894
33823
164895
33824
164896
33825
164897
33826
164898
33827
164899
33828
164900
33829
164901
33830
164902
33831
164903
33832
164904
33833
164905
33834
164906
33835
164907
33836
164908
33837
164909
33838
164910
33839
164911
33840
164912
33841
164913
33842
164914
33843
164915
33844
164916
33845
164917
33846
164918
33847
164919
33848
164920
33849
164921
33850
164922
33851
164923
33852
164924
33853
164925
33854
164926
33855
164927
33856
164928
33857
164929
33858
164930
33859
164931
33860
164932
33861
164933
33862
164934
33863
164935
33864
164936
33865
164937
33866
164938
33867
164939
33868
164940
33869
164941
33870
164942
33871
164943
33872
164944
33873
164945
33874
164946
33875
164947
33876
164948
33877
164949
33878
164950
33879
164951
33880
164952
33881
164953
33882
164954
33883
164955
33884
164956
33885
164957
33886
164958
33887
164959
33888
164960
33889
164961
33890
164962
33891
164963
33892
164964
33893
164965
33894
164966
33895
164967
33896
164968
33897
164969
33898
164970
33899
164971
33900
164972
33901
164973
33902
164974
33903
164975
33904
164976
33905
164977
33906
164978
33907
164979
33908
164980
33909
164981
33910
164982
33911
164983
33912
164984
33913
164985
33914
164986
33915
164987
33916
164988
33917
164989
33918
164990
33919
164991
33920
164992
33921
164993
33922
164994
33923
164995
33924
164996
33925
164997
33926
164998
33927
164999
33928
165000
33929
165001
33930
165002
33931
165003
33932
165004
33933
165005
33934
165006
33935
165007
33936
165008
33937
165009
33938
165010
33939
165011
33940
165012
33941
165013
33942
165014
33943
165015
33944
165016
33945
165017
33946
165018
33947
165019
33948
165020
33949
165021
33950
165022
33951
165023
33952
165024
33953
165025
33954
165026
33955
165027
33956
165028
33957
165029
33958
165030
33959
165031
33960
165032
33961
165033
33962
165034
33963
165035
33964
165036
33965
165037
33966
165038
33967
165039
33968
165040
33969
165041
33970
165042
33971
165043
33972
165044
33973
165045
33974
165046
33975
165047
33976
165048
33977
165049
33978
165050
33979
165051
33980
165052
33981
165053
33982
165054
33983
165055
33984
165056
33985
165057
33986
165058
33987
165059
33988
165060
33989
165061
33990
165062
33991
165063
33992
165064
33993
165065
33994
165066
33995
165067
33996
165068
33997
165069
33998
165070
33999
165071
34000
165072
34001
165073
34002
165074
34003
165075
34004
165076
34005
165077
34006
165078
34007
165079
34008
165080
34009
165081
34010
165082
34011
165083
34012
165084
34013
165085
34014
165086
34015
165087
34016
165088
34017
165089
34018
165090
34019
165091
34020
165092
34021
165093
34022
165094
34023
165095
34024
165096
34025
165097
34026
165098
34027
165099
34028
165100
34029
165101
34030
165102
34031
165103
34032
165104
34033
165105
34034
165106
34035
165107
34036
165108
34037
165109
34038
165110
34039
165111
34040
165112
34041
165113
34042
165114
34043
165115
34044
165116
34045
165117
34046
165118
34047
165119
34048
165120
34049
165121
34050
165122
34051
165123
34052
165124
34053
165125
34054
165126
34055
165127
34056
165128
34057
165129
34058
165130
34059
165131
34060
165132
34061
165133
34062
165134
34063
165135
34064
165136
34065
165137
34066
165138
34067
165139
34068
165140
34069
165141
34070
165142
34071
165143
34072
165144
34073
165145
34074
165146
34075
165147
34076
165148
34077
165149
34078
165150
34079
165151
34080
165152
34081
165153
34082
165154
34083
165155
34084
165156
34085
165157
34086
165158
34087
165159
34088
165160
34089
165161
34090
165162
34091
165163
34092
165164
34093
165165
34094
165166
34095
165167
34096
165168
34097
165169
34098
165170
34099
165171
34100
165172
34101
165173
34102
165174
34103
165175
34104
165176
34105
165177
34106
165178
34107
165179
34108
165180
34109
165181
34110
165182
34111
165183
34112
165184
34113
165185
34114
165186
34115
165187
34116
165188
34117
165189
34118
165190
34119
165191
34120
165192
34121
165193
34122
165194
34123
165195
34124
165196
34125
165197
34126
165198
34127
165199
34128
165200
34129
165201
34130
165202
34131
165203
34132
165204
34133
165205
34134
165206
34135
165207
34136
165208
34137
165209
34138
165210
34139
165211
34140
165212
34141
165213
34142
165214
34143
165215
34144
165216
34145
165217
34146
165218
34147
165219
34148
165220
34149
165221
34150
165222
34151
165223
34152
165224
34153
165225
34154
165226
34155
165227
34156
165228
34157
165229
34158
165230
34159
165231
34160
165232
34161
165233
34162
165234
34163
165235
34164
165236
34165
165237
34166
165238
34167
165239
34168
165240
34169
165241
34170
165242
34171
165243
34172
165244
34173
165245
34174
165246
34175
165247
34176
165248
34177
165249
34178
165250
34179
165251
34180
165252
34181
165253
34182
165254
34183
165255
34184
165256
34185
165257
34186
165258
34187
165259
34188
165260
34189
165261
34190
165262
34191
165263
34192
165264
34193
165265
34194
165266
34195
165267
34196
165268
34197
165269
34198
165270
34199
165271
34200
165272
34201
165273
34202
165274
34203
165275
34204
165276
34205
165277
34206
165278
34207
165279
34208
165280
34209
165281
34210
165282
34211
165283
34212
165284
34213
165285
34214
165286
34215
165287
34216
165288
34217
165289
34218
165290
34219
165291
34220
165292
34221
165293
34222
165294
34223
165295
34224
165296
34225
165297
34226
165298
34227
165299
34228
165300
34229
165301
34230
165302
34231
165303
34232
165304
34233
165305
34234
165306
34235
165307
34236
165308
34237
165309
34238
165310
34239
165311
34240
165312
34241
165313
34242
165314
34243
165315
34244
165316
34245
165317
34246
165318
34247
165319
34248
165320
34249
165321
34250
165322
34251
165323
34252
165324
34253
165325
34254
165326
34255
165327
34256
165328
34257
165329
34258
165330
34259
165331
34260
165332
34261
165333
34262
165334
34263
165335
34264
165336
34265
165337
34266
165338
34267
165339
34268
165340
34269
165341
34270
165342
34271
165343
34272
165344
34273
165345
34274
165346
34275
165347
34276
165348
34277
165349
34278
165350
34279
165351
34280
165352
34281
165353
34282
165354
34283
165355
34284
165356
34285
165357
34286
165358
34287
165359
34288
165360
34289
165361
34290
165362
34291
165363
34292
165364
34293
165365
34294
165366
34295
165367
34296
165368
34297
165369
34298
165370
34299
165371
34300
165372
34301
165373
34302
165374
34303
165375
34304
165376
34305
165377
34306
165378
34307
165379
34308
165380
34309
165381
34310
165382
34311
165383
34312
165384
34313
165385
34314
165386
34315
165387
34316
165388
34317
165389
34318
165390
34319
165391
34320
165392
34321
165393
34322
165394
34323
165395
34324
165396
34325
165397
34326
165398
34327
165399
34328
165400
34329
165401
34330
165402
34331
165403
34332
165404
34333
165405
34334
165406
34335
165407
34336
165408
34337
165409
34338
165410
34339
165411
34340
165412
34341
165413
34342
165414
34343
165415
34344
165416
34345
165417
34346
165418
34347
165419
34348
165420
34349
165421
34350
165422
34351
165423
34352
165424
34353
165425
34354
165426
34355
165427
34356
165428
34357
165429
34358
165430
34359
165431
34360
165432
34361
165433
34362
165434
34363
165435
34364
165436
34365
165437
34366
165438
34367
165439
34368
165440
34369
165441
34370
165442
34371
165443
34372
165444
34373
165445
34374
165446
34375
165447
34376
165448
34377
165449
34378
165450
34379
165451
34380
165452
34381
165453
34382
165454
34383
165455
34384
165456
34385
165457
34386
165458
34387
165459
34388
165460
34389
165461
34390
165462
34391
165463
34392
165464
34393
165465
34394
165466
34395
165467
34396
165468
34397
165469
34398
165470
34399
165471
34400
165472
34401
165473
34402
165474
34403
165475
34404
165476
34405
165477
34406
165478
34407
165479
34408
165480
34409
165481
34410
165482
34411
165483
34412
165484
34413
165485
34414
165486
34415
165487
34416
165488
34417
165489
34418
165490
34419
165491
34420
165492
34421
165493
34422
165494
34423
165495
34424
165496
34425
165497
34426
165498
34427
165499
34428
165500
34429
165501
34430
165502
34431
165503
34432
165504
34433
165505
34434
165506
34435
165507
34436
165508
34437
165509
34438
165510
34439
165511
34440
165512
34441
165513
34442
165514
34443
165515
34444
165516
34445
165517
34446
165518
34447
165519
34448
165520
34449
165521
34450
165522
34451
165523
34452
165524
34453
165525
34454
165526
34455
165527
34456
165528
34457
165529
34458
165530
34459
165531
34460
165532
34461
165533
34462
165534
34463
165535
34464
165536
34465
165537
34466
165538
34467
165539
34468
165540
34469
165541
34470
165542
34471
165543
34472
165544
34473
165545
34474
165546
34475
165547
34476
165548
34477
165549
34478
165550
34479
165551
34480
165552
34481
165553
34482
165554
34483
165555
34484
165556
34485
165557
34486
165558
34487
165559
34488
165560
34489
165561
34490
165562
34491
165563
34492
165564
34493
165565
34494
165566
34495
165567
34496
165568
34497
165569
34498
165570
34499
165571
34500
165572
34501
165573
34502
165574
34503
165575
34504
165576
34505
165577
34506
165578
34507
165579
34508
165580
34509
165581
34510
165582
34511
165583
34512
165584
34513
165585
34514
165586
34515
165587
34516
165588
34517
165589
34518
165590
34519
165591
34520
165592
34521
165593
34522
165594
34523
165595
34524
165596
34525
165597
34526
165598
34527
165599
34528
165600
34529
165601
34530
165602
34531
165603
34532
165604
34533
165605
34534
165606
34535
165607
34536
165608
34537
165609
34538
165610
34539
165611
34540
165612
34541
165613
34542
165614
34543
165615
34544
165616
34545
165617
34546
165618
34547
165619
34548
165620
34549
165621
34550
165622
34551
165623
34552
165624
34553
165625
34554
165626
34555
165627
34556
165628
34557
165629
34558
165630
34559
165631
34560
165632
34561
165633
34562
165634
34563
165635
34564
165636
34565
165637
34566
165638
34567
165639
34568
165640
34569
165641
34570
165642
34571
165643
34572
165644
34573
165645
34574
165646
34575
165647
34576
165648
34577
165649
34578
165650
34579
165651
34580
165652
34581
165653
34582
165654
34583
165655
34584
165656
34585
165657
34586
165658
34587
165659
34588
165660
34589
165661
34590
165662
34591
165663
34592
165664
34593
165665
34594
165666
34595
165667
34596
165668
34597
165669
34598
165670
34599
165671
34600
165672
34601
165673
34602
165674
34603
165675
34604
165676
34605
165677
34606
165678
34607
165679
34608
165680
34609
165681
34610
165682
34611
165683
34612
165684
34613
165685
34614
165686
34615
165687
34616
165688
34617
165689
34618
165690
34619
165691
34620
165692
34621
165693
34622
165694
34623
165695
34624
165696
34625
165697
34626
165698
34627
165699
34628
165700
34629
165701
34630
165702
34631
165703
34632
165704
34633
165705
34634
165706
34635
165707
34636
165708
34637
165709
34638
165710
34639
165711
34640
165712
34641
165713
34642
165714
34643
165715
34644
165716
34645
165717
34646
165718
34647
165719
34648
165720
34649
165721
34650
165722
34651
165723
34652
165724
34653
165725
34654
165726
34655
165727
34656
165728
34657
165729
34658
165730
34659
165731
34660
165732
34661
165733
34662
165734
34663
165735
34664
165736
34665
165737
34666
165738
34667
165739
34668
165740
34669
165741
34670
165742
34671
165743
34672
165744
34673
165745
34674
165746
34675
165747
34676
165748
34677
165749
34678
165750
34679
165751
34680
165752
34681
165753
34682
165754
34683
165755
34684
165756
34685
165757
34686
165758
34687
165759
34688
165760
34689
165761
34690
165762
34691
165763
34692
165764
34693
165765
34694
165766
34695
165767
34696
165768
34697
165769
34698
165770
34699
165771
34700
165772
34701
165773
34702
165774
34703
165775
34704
165776
34705
165777
34706
165778
34707
165779
34708
165780
34709
165781
34710
165782
34711
165783
34712
165784
34713
165785
34714
165786
34715
165787
34716
165788
34717
165789
34718
165790
34719
165791
34720
165792
34721
165793
34722
165794
34723
165795
34724
165796
34725
165797
34726
165798
34727
165799
34728
165800
34729
165801
34730
165802
34731
165803
34732
165804
34733
165805
34734
165806
34735
165807
34736
165808
34737
165809
34738
165810
34739
165811
34740
165812
34741
165813
34742
165814
34743
165815
34744
165816
34745
165817
34746
165818
34747
165819
34748
165820
34749
165821
34750
165822
34751
165823
34752
165824
34753
165825
34754
165826
34755
165827
34756
165828
34757
165829
34758
165830
34759
165831
34760
165832
34761
165833
34762
165834
34763
165835
34764
165836
34765
165837
34766
165838
34767
165839
34768
165840
34769
165841
34770
165842
34771
165843
34772
165844
34773
165845
34774
165846
34775
165847
34776
165848
34777
165849
34778
165850
34779
165851
34780
165852
34781
165853
34782
165854
34783
165855
34784
165856
34785
165857
34786
165858
34787
165859
34788
165860
34789
165861
34790
165862
34791
165863
34792
165864
34793
165865
34794
165866
34795
165867
34796
165868
34797
165869
34798
165870
34799
165871
34800
165872
34801
165873
34802
165874
34803
165875
34804
165876
34805
165877
34806
165878
34807
165879
34808
165880
34809
165881
34810
165882
34811
165883
34812
165884
34813
165885
34814
165886
34815
165887
34816
165888
34817
165889
34818
165890
34819
165891
34820
165892
34821
165893
34822
165894
34823
165895
34824
165896
34825
165897
34826
165898
34827
165899
34828
165900
34829
165901
34830
165902
34831
165903
34832
165904
34833
165905
34834
165906
34835
165907
34836
165908
34837
165909
34838
165910
34839
165911
34840
165912
34841
165913
34842
165914
34843
165915
34844
165916
34845
165917
34846
165918
34847
165919
34848
165920
34849
165921
34850
165922
34851
165923
34852
165924
34853
165925
34854
165926
34855
165927
34856
165928
34857
165929
34858
165930
34859
165931
34860
165932
34861
165933
34862
165934
34863
165935
34864
165936
34865
165937
34866
165938
34867
165939
34868
165940
34869
165941
34870
165942
34871
165943
34872
165944
34873
165945
34874
165946
34875
165947
34876
165948
34877
165949
34878
165950
34879
165951
34880
165952
34881
165953
34882
165954
34883
165955
34884
165956
34885
165957
34886
165958
34887
165959
34888
165960
34889
165961
34890
165962
34891
165963
34892
165964
34893
165965
34894
165966
34895
165967
34896
165968
34897
165969
34898
165970
34899
165971
34900
165972
34901
165973
34902
165974
34903
165975
34904
165976
34905
165977
34906
165978
34907
165979
34908
165980
34909
165981
34910
165982
34911
165983
34912
165984
34913
165985
34914
165986
34915
165987
34916
165988
34917
165989
34918
165990
34919
165991
34920
165992
34921
165993
34922
165994
34923
165995
34924
165996
34925
165997
34926
165998
34927
165999
34928
166000
34929
166001
34930
166002
34931
166003
34932
166004
34933
166005
34934
166006
34935
166007
34936
166008
34937
166009
34938
166010
34939
166011
34940
166012
34941
166013
34942
166014
34943
166015
34944
166016
34945
166017
34946
166018
34947
166019
34948
166020
34949
166021
34950
166022
34951
166023
34952
166024
34953
166025
34954
166026
34955
166027
34956
166028
34957
166029
34958
166030
34959
166031
34960
166032
34961
166033
34962
166034
34963
166035
34964
166036
34965
166037
34966
166038
34967
166039
34968
166040
34969
166041
34970
166042
34971
166043
34972
166044
34973
166045
34974
166046
34975
166047
34976
166048
34977
166049
34978
166050
34979
166051
34980
166052
34981
166053
34982
166054
34983
166055
34984
166056
34985
166057
34986
166058
34987
166059
34988
166060
34989
166061
34990
166062
34991
166063
34992
166064
34993
166065
34994
166066
34995
166067
34996
166068
34997
166069
34998
166070
34999
166071
35000
166072
35001
166073
35002
166074
35003
166075
35004
166076
35005
166077
35006
166078
35007
166079
35008
166080
35009
166081
35010
166082
35011
166083
35012
166084
35013
166085
35014
166086
35015
166087
35016
166088
35017
166089
35018
166090
35019
166091
35020
166092
35021
166093
35022
166094
35023
166095
35024
166096
35025
166097
35026
166098
35027
166099
35028
166100
35029
166101
35030
166102
35031
166103
35032
166104
35033
166105
35034
166106
35035
166107
35036
166108
35037
166109
35038
166110
35039
166111
35040
166112
35041
166113
35042
166114
35043
166115
35044
166116
35045
166117
35046
166118
35047
166119
35048
166120
35049
166121
35050
166122
35051
166123
35052
166124
35053
166125
35054
166126
35055
166127
35056
166128
35057
166129
35058
166130
35059
166131
35060
166132
35061
166133
35062
166134
35063
166135
35064
166136
35065
166137
35066
166138
35067
166139
35068
166140
35069
166141
35070
166142
35071
166143
35072
166144
35073
166145
35074
166146
35075
166147
35076
166148
35077
166149
35078
166150
35079
166151
35080
166152
35081
166153
35082
166154
35083
166155
35084
166156
35085
166157
35086
166158
35087
166159
35088
166160
35089
166161
35090
166162
35091
166163
35092
166164
35093
166165
35094
166166
35095
166167
35096
166168
35097
166169
35098
166170
35099
166171
35100
166172
35101
166173
35102
166174
35103
166175
35104
166176
35105
166177
35106
166178
35107
166179
35108
166180
35109
166181
35110
166182
35111
166183
35112
166184
35113
166185
35114
166186
35115
166187
35116
166188
35117
166189
35118
166190
35119
166191
35120
166192
35121
166193
35122
166194
35123
166195
35124
166196
35125
166197
35126
166198
35127
166199
35128
166200
35129
166201
35130
166202
35131
166203
35132
166204
35133
166205
35134
166206
35135
166207
35136
166208
35137
166209
35138
166210
35139
166211
35140
166212
35141
166213
35142
166214
35143
166215
35144
166216
35145
166217
35146
166218
35147
166219
35148
166220
35149
166221
35150
166222
35151
166223
35152
166224
35153
166225
35154
166226
35155
166227
35156
166228
35157
166229
35158
166230
35159
166231
35160
166232
35161
166233
35162
166234
35163
166235
35164
166236
35165
166237
35166
166238
35167
166239
35168
166240
35169
166241
35170
166242
35171
166243
35172
166244
35173
166245
35174
166246
35175
166247
35176
166248
35177
166249
35178
166250
35179
166251
35180
166252
35181
166253
35182
166254
35183
166255
35184
166256
35185
166257
35186
166258
35187
166259
35188
166260
35189
166261
35190
166262
35191
166263
35192
166264
35193
166265
35194
166266
35195
166267
35196
166268
35197
166269
35198
166270
35199
166271
35200
166272
35201
166273
35202
166274
35203
166275
35204
166276
35205
166277
35206
166278
35207
166279
35208
166280
35209
166281
35210
166282
35211
166283
35212
166284
35213
166285
35214
166286
35215
166287
35216
166288
35217
166289
35218
166290
35219
166291
35220
166292
35221
166293
35222
166294
35223
166295
35224
166296
35225
166297
35226
166298
35227
166299
35228
166300
35229
166301
35230
166302
35231
166303
35232
166304
35233
166305
35234
166306
35235
166307
35236
166308
35237
166309
35238
166310
35239
166311
35240
166312
35241
166313
35242
166314
35243
166315
35244
166316
35245
166317
35246
166318
35247
166319
35248
166320
35249
166321
35250
166322
35251
166323
35252
166324
35253
166325
35254
166326
35255
166327
35256
166328
35257
166329
35258
166330
35259
166331
35260
166332
35261
166333
35262
166334
35263
166335
35264
166336
35265
166337
35266
166338
35267
166339
35268
166340
35269
166341
35270
166342
35271
166343
35272
166344
35273
166345
35274
166346
35275
166347
35276
166348
35277
166349
35278
166350
35279
166351
35280
166352
35281
166353
35282
166354
35283
166355
35284
166356
35285
166357
35286
166358
35287
166359
35288
166360
35289
166361
35290
166362
35291
166363
35292
166364
35293
166365
35294
166366
35295
166367
35296
166368
35297
166369
35298
166370
35299
166371
35300
166372
35301
166373
35302
166374
35303
166375
35304
166376
35305
166377
35306
166378
35307
166379
35308
166380
35309
166381
35310
166382
35311
166383
35312
166384
35313
166385
35314
166386
35315
166387
35316
166388
35317
166389
35318
166390
35319
166391
35320
166392
35321
166393
35322
166394
35323
166395
35324
166396
35325
166397
35326
166398
35327
166399
35328
166400
35329
166401
35330
166402
35331
166403
35332
166404
35333
166405
35334
166406
35335
166407
35336
166408
35337
166409
35338
166410
35339
166411
35340
166412
35341
166413
35342
166414
35343
166415
35344
166416
35345
166417
35346
166418
35347
166419
35348
166420
35349
166421
35350
166422
35351
166423
35352
166424
35353
166425
35354
166426
35355
166427
35356
166428
35357
166429
35358
166430
35359
166431
35360
166432
35361
166433
35362
166434
35363
166435
35364
166436
35365
166437
35366
166438
35367
166439
35368
166440
35369
166441
35370
166442
35371
166443
35372
166444
35373
166445
35374
166446
35375
166447
35376
166448
35377
166449
35378
166450
35379
166451
35380
166452
35381
166453
35382
166454
35383
166455
35384
166456
35385
166457
35386
166458
35387
166459
35388
166460
35389
166461
35390
166462
35391
166463
35392
166464
35393
166465
35394
166466
35395
166467
35396
166468
35397
166469
35398
166470
35399
166471
35400
166472
35401
166473
35402
166474
35403
166475
35404
166476
35405
166477
35406
166478
35407
166479
35408
166480
35409
166481
35410
166482
35411
166483
35412
166484
35413
166485
35414
166486
35415
166487
35416
166488
35417
166489
35418
166490
35419
166491
35420
166492
35421
166493
35422
166494
35423
166495
35424
166496
35425
166497
35426
166498
35427
166499
35428
166500
35429
166501
35430
166502
35431
166503
35432
166504
35433
166505
35434
166506
35435
166507
35436
166508
35437
166509
35438
166510
35439
166511
35440
166512
35441
166513
35442
166514
35443
166515
35444
166516
35445
166517
35446
166518
35447
166519
35448
166520
35449
166521
35450
166522
35451
166523
35452
166524
35453
166525
35454
166526
35455
166527
35456
166528
35457
166529
35458
166530
35459
166531
35460
166532
35461
166533
35462
166534
35463
166535
35464
166536
35465
166537
35466
166538
35467
166539
35468
166540
35469
166541
35470
166542
35471
166543
35472
166544
35473
166545
35474
166546
35475
166547
35476
166548
35477
166549
35478
166550
35479
166551
35480
166552
35481
166553
35482
166554
35483
166555
35484
166556
35485
166557
35486
166558
35487
166559
35488
166560
35489
166561
35490
166562
35491
166563
35492
166564
35493
166565
35494
166566
35495
166567
35496
166568
35497
166569
35498
166570
35499
166571
35500
166572
35501
166573
35502
166574
35503
166575
35504
166576
35505
166577
35506
166578
35507
166579
35508
166580
35509
166581
35510
166582
35511
166583
35512
166584
35513
166585
35514
166586
35515
166587
35516
166588
35517
166589
35518
166590
35519
166591
35520
166592
35521
166593
35522
166594
35523
166595
35524
166596
35525
166597
35526
166598
35527
166599
35528
166600
35529
166601
35530
166602
35531
166603
35532
166604
35533
166605
35534
166606
35535
166607
35536
166608
35537
166609
35538
166610
35539
166611
35540
166612
35541
166613
35542
166614
35543
166615
35544
166616
35545
166617
35546
166618
35547
166619
35548
166620
35549
166621
35550
166622
35551
166623
35552
166624
35553
166625
35554
166626
35555
166627
35556
166628
35557
166629
35558
166630
35559
166631
35560
166632
35561
166633
35562
166634
35563
166635
35564
166636
35565
166637
35566
166638
35567
166639
35568
166640
35569
166641
35570
166642
35571
166643
35572
166644
35573
166645
35574
166646
35575
166647
35576
166648
35577
166649
35578
166650
35579
166651
35580
166652
35581
166653
35582
166654
35583
166655
35584
166656
35585
166657
35586
166658
35587
166659
35588
166660
35589
166661
35590
166662
35591
166663
35592
166664
35593
166665
35594
166666
35595
166667
35596
166668
35597
166669
35598
166670
35599
166671
35600
166672
35601
166673
35602
166674
35603
166675
35604
166676
35605
166677
35606
166678
35607
166679
35608
166680
35609
166681
35610
166682
35611
166683
35612
166684
35613
166685
35614
166686
35615
166687
35616
166688
35617
166689
35618
166690
35619
166691
35620
166692
35621
166693
35622
166694
35623
166695
35624
166696
35625
166697
35626
166698
35627
166699
35628
166700
35629
166701
35630
166702
35631
166703
35632
166704
35633
166705
35634
166706
35635
166707
35636
166708
35637
166709
35638
166710
35639
166711
35640
166712
35641
166713
35642
166714
35643
166715
35644
166716
35645
166717
35646
166718
35647
166719
35648
166720
35649
166721
35650
166722
35651
166723
35652
166724
35653
166725
35654
166726
35655
166727
35656
166728
35657
166729
35658
166730
35659
166731
35660
166732
35661
166733
35662
166734
35663
166735
35664
166736
35665
166737
35666
166738
35667
166739
35668
166740
35669
166741
35670
166742
35671
166743
35672
166744
35673
166745
35674
166746
35675
166747
35676
166748
35677
166749
35678
166750
35679
166751
35680
166752
35681
166753
35682
166754
35683
166755
35684
166756
35685
166757
35686
166758
35687
166759
35688
166760
35689
166761
35690
166762
35691
166763
35692
166764
35693
166765
35694
166766
35695
166767
35696
166768
35697
166769
35698
166770
35699
166771
35700
166772
35701
166773
35702
166774
35703
166775
35704
166776
35705
166777
35706
166778
35707
166779
35708
166780
35709
166781
35710
166782
35711
166783
35712
166784
35713
166785
35714
166786
35715
166787
35716
166788
35717
166789
35718
166790
35719
166791
35720
166792
35721
166793
35722
166794
35723
166795
35724
166796
35725
166797
35726
166798
35727
166799
35728
166800
35729
166801
35730
166802
35731
166803
35732
166804
35733
166805
35734
166806
35735
166807
35736
166808
35737
166809
35738
166810
35739
166811
35740
166812
35741
166813
35742
166814
35743
166815
35744
166816
35745
166817
35746
166818
35747
166819
35748
166820
35749
166821
35750
166822
35751
166823
35752
166824
35753
166825
35754
166826
35755
166827
35756
166828
35757
166829
35758
166830
35759
166831
35760
166832
35761
166833
35762
166834
35763
166835
35764
166836
35765
166837
35766
166838
35767
166839
35768
166840
35769
166841
35770
166842
35771
166843
35772
166844
35773
166845
35774
166846
35775
166847
35776
166848
35777
166849
35778
166850
35779
166851
35780
166852
35781
166853
35782
166854
35783
166855
35784
166856
35785
166857
35786
166858
35787
166859
35788
166860
35789
166861
35790
166862
35791
166863
35792
166864
35793
166865
35794
166866
35795
166867
35796
166868
35797
166869
35798
166870
35799
166871
35800
166872
35801
166873
35802
166874
35803
166875
35804
166876
35805
166877
35806
166878
35807
166879
35808
166880
35809
166881
35810
166882
35811
166883
35812
166884
35813
166885
35814
166886
35815
166887
35816
166888
35817
166889
35818
166890
35819
166891
35820
166892
35821
166893
35822
166894
35823
166895
35824
166896
35825
166897
35826
166898
35827
166899
35828
166900
35829
166901
35830
166902
35831
166903
35832
166904
35833
166905
35834
166906
35835
166907
35836
166908
35837
166909
35838
166910
35839
166911
35840
166912
35841
166913
35842
166914
35843
166915
35844
166916
35845
166917
35846
166918
35847
166919
35848
166920
35849
166921
35850
166922
35851
166923
35852
166924
35853
166925
35854
166926
35855
166927
35856
166928
35857
166929
35858
166930
35859
166931
35860
166932
35861
166933
35862
166934
35863
166935
35864
166936
35865
166937
35866
166938
35867
166939
35868
166940
35869
166941
35870
166942
35871
166943
35872
166944
35873
166945
35874
166946
35875
166947
35876
166948
35877
166949
35878
166950
35879
166951
35880
166952
35881
166953
35882
166954
35883
166955
35884
166956
35885
166957
35886
166958
35887
166959
35888
166960
35889
166961
35890
166962
35891
166963
35892
166964
35893
166965
35894
166966
35895
166967
35896
166968
35897
166969
35898
166970
35899
166971
35900
166972
35901
166973
35902
166974
35903
166975
35904
166976
35905
166977
35906
166978
35907
166979
35908
166980
35909
166981
35910
166982
35911
166983
35912
166984
35913
166985
35914
166986
35915
166987
35916
166988
35917
166989
35918
166990
35919
166991
35920
166992
35921
166993
35922
166994
35923
166995
35924
166996
35925
166997
35926
166998
35927
166999
35928
167000
35929
167001
35930
167002
35931
167003
35932
167004
35933
167005
35934
167006
35935
167007
35936
167008
35937
167009
35938
167010
35939
167011
35940
167012
35941
167013
35942
167014
35943
167015
35944
167016
35945
167017
35946
167018
35947
167019
35948
167020
35949
167021
35950
167022
35951
167023
35952
167024
35953
167025
35954
167026
35955
167027
35956
167028
35957
167029
35958
167030
35959
167031
35960
167032
35961
167033
35962
167034
35963
167035
35964
167036
35965
167037
35966
167038
35967
167039
35968
167040
35969
167041
35970
167042
35971
167043
35972
167044
35973
167045
35974
167046
35975
167047
35976
167048
35977
167049
35978
167050
35979
167051
35980
167052
35981
167053
35982
167054
35983
167055
35984
167056
35985
167057
35986
167058
35987
167059
35988
167060
35989
167061
35990
167062
35991
167063
35992
167064
35993
167065
35994
167066
35995
167067
35996
167068
35997
167069
35998
167070
35999
167071
36000
167072
36001
167073
36002
167074
36003
167075
36004
167076
36005
167077
36006
167078
36007
167079
36008
167080
36009
167081
36010
167082
36011
167083
36012
167084
36013
167085
36014
167086
36015
167087
36016
167088
36017
167089
36018
167090
36019
167091
36020
167092
36021
167093
36022
167094
36023
167095
36024
167096
36025
167097
36026
167098
36027
167099
36028
167100
36029
167101
36030
167102
36031
167103
36032
167104
36033
167105
36034
167106
36035
167107
36036
167108
36037
167109
36038
167110
36039
167111
36040
167112
36041
167113
36042
167114
36043
167115
36044
167116
36045
167117
36046
167118
36047
167119
36048
167120
36049
167121
36050
167122
36051
167123
36052
167124
36053
167125
36054
167126
36055
167127
36056
167128
36057
167129
36058
167130
36059
167131
36060
167132
36061
167133
36062
167134
36063
167135
36064
167136
36065
167137
36066
167138
36067
167139
36068
167140
36069
167141
36070
167142
36071
167143
36072
167144
36073
167145
36074
167146
36075
167147
36076
167148
36077
167149
36078
167150
36079
167151
36080
167152
36081
167153
36082
167154
36083
167155
36084
167156
36085
167157
36086
167158
36087
167159
36088
167160
36089
167161
36090
167162
36091
167163
36092
167164
36093
167165
36094
167166
36095
167167
36096
167168
36097
167169
36098
167170
36099
167171
36100
167172
36101
167173
36102
167174
36103
167175
36104
167176
36105
167177
36106
167178
36107
167179
36108
167180
36109
167181
36110
167182
36111
167183
36112
167184
36113
167185
36114
167186
36115
167187
36116
167188
36117
167189
36118
167190
36119
167191
36120
167192
36121
167193
36122
167194
36123
167195
36124
167196
36125
167197
36126
167198
36127
167199
36128
167200
36129
167201
36130
167202
36131
167203
36132
167204
36133
167205
36134
167206
36135
167207
36136
167208
36137
167209
36138
167210
36139
167211
36140
167212
36141
167213
36142
167214
36143
167215
36144
167216
36145
167217
36146
167218
36147
167219
36148
167220
36149
167221
36150
167222
36151
167223
36152
167224
36153
167225
36154
167226
36155
167227
36156
167228
36157
167229
36158
167230
36159
167231
36160
167232
36161
167233
36162
167234
36163
167235
36164
167236
36165
167237
36166
167238
36167
167239
36168
167240
36169
167241
36170
167242
36171
167243
36172
167244
36173
167245
36174
167246
36175
167247
36176
167248
36177
167249
36178
167250
36179
167251
36180
167252
36181
167253
36182
167254
36183
167255
36184
167256
36185
167257
36186
167258
36187
167259
36188
167260
36189
167261
36190
167262
36191
167263
36192
167264
36193
167265
36194
167266
36195
167267
36196
167268
36197
167269
36198
167270
36199
167271
36200
167272
36201
167273
36202
167274
36203
167275
36204
167276
36205
167277
36206
167278
36207
167279
36208
167280
36209
167281
36210
167282
36211
167283
36212
167284
36213
167285
36214
167286
36215
167287
36216
167288
36217
167289
36218
167290
36219
167291
36220
167292
36221
167293
36222
167294
36223
167295
36224
167296
36225
167297
36226
167298
36227
167299
36228
167300
36229
167301
36230
167302
36231
167303
36232
167304
36233
167305
36234
167306
36235
167307
36236
167308
36237
167309
36238
167310
36239
167311
36240
167312
36241
167313
36242
167314
36243
167315
36244
167316
36245
167317
36246
167318
36247
167319
36248
167320
36249
167321
36250
167322
36251
167323
36252
167324
36253
167325
36254
167326
36255
167327
36256
167328
36257
167329
36258
167330
36259
167331
36260
167332
36261
167333
36262
167334
36263
167335
36264
167336
36265
167337
36266
167338
36267
167339
36268
167340
36269
167341
36270
167342
36271
167343
36272
167344
36273
167345
36274
167346
36275
167347
36276
167348
36277
167349
36278
167350
36279
167351
36280
167352
36281
167353
36282
167354
36283
167355
36284
167356
36285
167357
36286
167358
36287
167359
36288
167360
36289
167361
36290
167362
36291
167363
36292
167364
36293
167365
36294
167366
36295
167367
36296
167368
36297
167369
36298
167370
36299
167371
36300
167372
36301
167373
36302
167374
36303
167375
36304
167376
36305
167377
36306
167378
36307
167379
36308
167380
36309
167381
36310
167382
36311
167383
36312
167384
36313
167385
36314
167386
36315
167387
36316
167388
36317
167389
36318
167390
36319
167391
36320
167392
36321
167393
36322
167394
36323
167395
36324
167396
36325
167397
36326
167398
36327
167399
36328
167400
36329
167401
36330
167402
36331
167403
36332
167404
36333
167405
36334
167406
36335
167407
36336
167408
36337
167409
36338
167410
36339
167411
36340
167412
36341
167413
36342
167414
36343
167415
36344
167416
36345
167417
36346
167418
36347
167419
36348
167420
36349
167421
36350
167422
36351
167423
36352
167424
36353
167425
36354
167426
36355
167427
36356
167428
36357
167429
36358
167430
36359
167431
36360
167432
36361
167433
36362
167434
36363
167435
36364
167436
36365
167437
36366
167438
36367
167439
36368
167440
36369
167441
36370
167442
36371
167443
36372
167444
36373
167445
36374
167446
36375
167447
36376
167448
36377
167449
36378
167450
36379
167451
36380
167452
36381
167453
36382
167454
36383
167455
36384
167456
36385
167457
36386
167458
36387
167459
36388
167460
36389
167461
36390
167462
36391
167463
36392
167464
36393
167465
36394
167466
36395
167467
36396
167468
36397
167469
36398
167470
36399
167471
36400
167472
36401
167473
36402
167474
36403
167475
36404
167476
36405
167477
36406
167478
36407
167479
36408
167480
36409
167481
36410
167482
36411
167483
36412
167484
36413
167485
36414
167486
36415
167487
36416
167488
36417
167489
36418
167490
36419
167491
36420
167492
36421
167493
36422
167494
36423
167495
36424
167496
36425
167497
36426
167498
36427
167499
36428
167500
36429
167501
36430
167502
36431
167503
36432
167504
36433
167505
36434
167506
36435
167507
36436
167508
36437
167509
36438
167510
36439
167511
36440
167512
36441
167513
36442
167514
36443
167515
36444
167516
36445
167517
36446
167518
36447
167519
36448
167520
36449
167521
36450
167522
36451
167523
36452
167524
36453
167525
36454
167526
36455
167527
36456
167528
36457
167529
36458
167530
36459
167531
36460
167532
36461
167533
36462
167534
36463
167535
36464
167536
36465
167537
36466
167538
36467
167539
36468
167540
36469
167541
36470
167542
36471
167543
36472
167544
36473
167545
36474
167546
36475
167547
36476
167548
36477
167549
36478
167550
36479
167551
36480
167552
36481
167553
36482
167554
36483
167555
36484
167556
36485
167557
36486
167558
36487
167559
36488
167560
36489
167561
36490
167562
36491
167563
36492
167564
36493
167565
36494
167566
36495
167567
36496
167568
36497
167569
36498
167570
36499
167571
36500
167572
36501
167573
36502
167574
36503
167575
36504
167576
36505
167577
36506
167578
36507
167579
36508
167580
36509
167581
36510
167582
36511
167583
36512
167584
36513
167585
36514
167586
36515
167587
36516
167588
36517
167589
36518
167590
36519
167591
36520
167592
36521
167593
36522
167594
36523
167595
36524
167596
36525
167597
36526
167598
36527
167599
36528
167600
36529
167601
36530
167602
36531
167603
36532
167604
36533
167605
36534
167606
36535
167607
36536
167608
36537
167609
36538
167610
36539
167611
36540
167612
36541
167613
36542
167614
36543
167615
36544
167616
36545
167617
36546
167618
36547
167619
36548
167620
36549
167621
36550
167622
36551
167623
36552
167624
36553
167625
36554
167626
36555
167627
36556
167628
36557
167629
36558
167630
36559
167631
36560
167632
36561
167633
36562
167634
36563
167635
36564
167636
36565
167637
36566
167638
36567
167639
36568
167640
36569
167641
36570
167642
36571
167643
36572
167644
36573
167645
36574
167646
36575
167647
36576
167648
36577
167649
36578
167650
36579
167651
36580
167652
36581
167653
36582
167654
36583
167655
36584
167656
36585
167657
36586
167658
36587
167659
36588
167660
36589
167661
36590
167662
36591
167663
36592
167664
36593
167665
36594
167666
36595
167667
36596
167668
36597
167669
36598
167670
36599
167671
36600
167672
36601
167673
36602
167674
36603
167675
36604
167676
36605
167677
36606
167678
36607
167679
36608
167680
36609
167681
36610
167682
36611
167683
36612
167684
36613
167685
36614
167686
36615
167687
36616
167688
36617
167689
36618
167690
36619
167691
36620
167692
36621
167693
36622
167694
36623
167695
36624
167696
36625
167697
36626
167698
36627
167699
36628
167700
36629
167701
36630
167702
36631
167703
36632
167704
36633
167705
36634
167706
36635
167707
36636
167708
36637
167709
36638
167710
36639
167711
36640
167712
36641
167713
36642
167714
36643
167715
36644
167716
36645
167717
36646
167718
36647
167719
36648
167720
36649
167721
36650
167722
36651
167723
36652
167724
36653
167725
36654
167726
36655
167727
36656
167728
36657
167729
36658
167730
36659
167731
36660
167732
36661
167733
36662
167734
36663
167735
36664
167736
36665
167737
36666
167738
36667
167739
36668
167740
36669
167741
36670
167742
36671
167743
36672
167744
36673
167745
36674
167746
36675
167747
36676
167748
36677
167749
36678
167750
36679
167751
36680
167752
36681
167753
36682
167754
36683
167755
36684
167756
36685
167757
36686
167758
36687
167759
36688
167760
36689
167761
36690
167762
36691
167763
36692
167764
36693
167765
36694
167766
36695
167767
36696
167768
36697
167769
36698
167770
36699
167771
36700
167772
36701
167773
36702
167774
36703
167775
36704
167776
36705
167777
36706
167778
36707
167779
36708
167780
36709
167781
36710
167782
36711
167783
36712
167784
36713
167785
36714
167786
36715
167787
36716
167788
36717
167789
36718
167790
36719
167791
36720
167792
36721
167793
36722
167794
36723
167795
36724
167796
36725
167797
36726
167798
36727
167799
36728
167800
36729
167801
36730
167802
36731
167803
36732
167804
36733
167805
36734
167806
36735
167807
36736
167808
36737
167809
36738
167810
36739
167811
36740
167812
36741
167813
36742
167814
36743
167815
36744
167816
36745
167817
36746
167818
36747
167819
36748
167820
36749
167821
36750
167822
36751
167823
36752
167824
36753
167825
36754
167826
36755
167827
36756
167828
36757
167829
36758
167830
36759
167831
36760
167832
36761
167833
36762
167834
36763
167835
36764
167836
36765
167837
36766
167838
36767
167839
36768
167840
36769
167841
36770
167842
36771
167843
36772
167844
36773
167845
36774
167846
36775
167847
36776
167848
36777
167849
36778
167850
36779
167851
36780
167852
36781
167853
36782
167854
36783
167855
36784
167856
36785
167857
36786
167858
36787
167859
36788
167860
36789
167861
36790
167862
36791
167863
36792
167864
36793
167865
36794
167866
36795
167867
36796
167868
36797
167869
36798
167870
36799
167871
36800
167872
36801
167873
36802
167874
36803
167875
36804
167876
36805
167877
36806
167878
36807
167879
36808
167880
36809
167881
36810
167882
36811
167883
36812
167884
36813
167885
36814
167886
36815
167887
36816
167888
36817
167889
36818
167890
36819
167891
36820
167892
36821
167893
36822
167894
36823
167895
36824
167896
36825
167897
36826
167898
36827
167899
36828
167900
36829
167901
36830
167902
36831
167903
36832
167904
36833
167905
36834
167906
36835
167907
36836
167908
36837
167909
36838
167910
36839
167911
36840
167912
36841
167913
36842
167914
36843
167915
36844
167916
36845
167917
36846
167918
36847
167919
36848
167920
36849
167921
36850
167922
36851
167923
36852
167924
36853
167925
36854
167926
36855
167927
36856
167928
36857
167929
36858
167930
36859
167931
36860
167932
36861
167933
36862
167934
36863
167935
36864
167936
36865
167937
36866
167938
36867
167939
36868
167940
36869
167941
36870
167942
36871
167943
36872
167944
36873
167945
36874
167946
36875
167947
36876
167948
36877
167949
36878
167950
36879
167951
36880
167952
36881
167953
36882
167954
36883
167955
36884
167956
36885
167957
36886
167958
36887
167959
36888
167960
36889
167961
36890
167962
36891
167963
36892
167964
36893
167965
36894
167966
36895
167967
36896
167968
36897
167969
36898
167970
36899
167971
36900
167972
36901
167973
36902
167974
36903
167975
36904
167976
36905
167977
36906
167978
36907
167979
36908
167980
36909
167981
36910
167982
36911
167983
36912
167984
36913
167985
36914
167986
36915
167987
36916
167988
36917
167989
36918
167990
36919
167991
36920
167992
36921
167993
36922
167994
36923
167995
36924
167996
36925
167997
36926
167998
36927
167999
36928
168000
36929
168001
36930
168002
36931
168003
36932
168004
36933
168005
36934
168006
36935
168007
36936
168008
36937
168009
36938
168010
36939
168011
36940
168012
36941
168013
36942
168014
36943
168015
36944
168016
36945
168017
36946
168018
36947
168019
36948
168020
36949
168021
36950
168022
36951
168023
36952
168024
36953
168025
36954
168026
36955
168027
36956
168028
36957
168029
36958
168030
36959
168031
36960
168032
36961
168033
36962
168034
36963
168035
36964
168036
36965
168037
36966
168038
36967
168039
36968
168040
36969
168041
36970
168042
36971
168043
36972
168044
36973
168045
36974
168046
36975
168047
36976
168048
36977
168049
36978
168050
36979
168051
36980
168052
36981
168053
36982
168054
36983
168055
36984
168056
36985
168057
36986
168058
36987
168059
36988
168060
36989
168061
36990
168062
36991
168063
36992
168064
36993
168065
36994
168066
36995
168067
36996
168068
36997
168069
36998
168070
36999
168071
37000
168072
37001
168073
37002
168074
37003
168075
37004
168076
37005
168077
37006
168078
37007
168079
37008
168080
37009
168081
37010
168082
37011
168083
37012
168084
37013
168085
37014
168086
37015
168087
37016
168088
37017
168089
37018
168090
37019
168091
37020
168092
37021
168093
37022
168094
37023
168095
37024
168096
37025
168097
37026
168098
37027
168099
37028
168100
37029
168101
37030
168102
37031
168103
37032
168104
37033
168105
37034
168106
37035
168107
37036
168108
37037
168109
37038
168110
37039
168111
37040
168112
37041
168113
37042
168114
37043
168115
37044
168116
37045
168117
37046
168118
37047
168119
37048
168120
37049
168121
37050
168122
37051
168123
37052
168124
37053
168125
37054
168126
37055
168127
37056
168128
37057
168129
37058
168130
37059
168131
37060
168132
37061
168133
37062
168134
37063
168135
37064
168136
37065
168137
37066
168138
37067
168139
37068
168140
37069
168141
37070
168142
37071
168143
37072
168144
37073
168145
37074
168146
37075
168147
37076
168148
37077
168149
37078
168150
37079
168151
37080
168152
37081
168153
37082
168154
37083
168155
37084
168156
37085
168157
37086
168158
37087
168159
37088
168160
37089
168161
37090
168162
37091
168163
37092
168164
37093
168165
37094
168166
37095
168167
37096
168168
37097
168169
37098
168170
37099
168171
37100
168172
37101
168173
37102
168174
37103
168175
37104
168176
37105
168177
37106
168178
37107
168179
37108
168180
37109
168181
37110
168182
37111
168183
37112
168184
37113
168185
37114
168186
37115
168187
37116
168188
37117
168189
37118
168190
37119
168191
37120
168192
37121
168193
37122
168194
37123
168195
37124
168196
168197
168198
168199
168200
168201
168202
168203
168204
168205
168206
168207
168208
168209
168210
168211
168212
168213
168214
168215
168216
168217
168218
168219
168220
168221
168222
168223
168224
168225
168226
168227
168228
168229
168230
168231
168232
168233
168234
168235
168236
168237
168238
168239
168240
168241
168242
168243
168244
168245
168246
168247
168248
168249
168250
168251
168252
168253
168254
168255
168256
168257
168258
168259
168260
168261
168262
168263
168264
168265
168266
168267
168268
168269
168270
168271
168272
168273
168274
168275
168276
168277
168278
168279
168280
168281
168282
168283
168284
168285
168286
168287
168288
168289
168290
168291
168292
168293
168294
168295
168296
168297
168298
168299
168300
168301
168302
168303
168304
168305
168306
168307
168308
168309
168310
168311
168312
168313
168314
168315
168316
168317
168318
168319
168320
168321
168322
168323
168324
168325
168326
168327
168328
168329
168330
168331
168332
168333
168334
168335
168336
168337
168338
168339
168340
168341
168342
168343
168344
168345
168346
168347
168348
168349
168350
168351
168352
168353
168354
168355
168356
168357
168358
168359
168360
168361
168362
168363
168364
168365
168366
168367
168368
168369
168370
168371
168372
168373
168374
168375
168376
168377
168378
168379
168380
168381
168382
168383
168384
168385
168386
168387
168388
168389
168390
168391
168392
168393
168394
168395
168396
168397
168398
168399
168400
168401
168402
168403
168404
168405
168406
168407
168408
168409
168410
168411
168412
168413
168414
168415
168416
168417
168418
168419
168420
168421
168422
168423
168424
168425
168426
168427
168428
168429
168430
168431
168432
168433
168434
168435
168436
168437
168438
168439
168440
168441
168442
168443
168444
168445
168446
168447
168448
168449
168450
168451
168452
168453
168454
168455
168456
168457
168458
168459
168460
168461
168462
168463
168464
168465
168466
168467
168468
168469
168470
168471
168472
168473
168474
168475
168476
168477
168478
168479
168480
168481
168482
168483
168484
168485
168486
168487
168488
168489
168490
168491
168492
168493
168494
168495
168496
168497
168498
168499
168500
168501
168502
168503
168504
168505
168506
168507
168508
168509
168510
168511
168512
168513
168514
168515
168516
168517
168518
168519
168520
168521
168522
168523
168524
168525
168526
168527
168528
168529
168530
168531
168532
168533
168534
168535
168536
168537
168538
168539
168540
168541
168542
168543
168544
168545
168546
168547
168548
168549
168550
168551
168552
168553
168554
168555
168556
168557
168558
168559
168560
168561
168562
168563
168564
168565
168566
168567
168568
168569
168570
168571
168572
168573
168574
168575
168576
168577
168578
168579
168580
168581
168582
168583
168584
168585
168586
168587
168588
168589
168590
168591
168592
168593
168594
168595
168596
168597
168598
168599
168600
168601
168602
168603
168604
168605
168606
168607
168608
168609
168610
168611
168612
168613
168614
168615
168616
168617
168618
168619
168620
168621
168622
168623
168624
168625
168626
168627
168628
168629
168630
168631
168632
168633
168634
168635
168636
168637
168638
168639
168640
168641
168642
168643
168644
168645
168646
168647
168648
168649
168650
168651
168652
168653
168654
168655
168656
168657
168658
168659
168660
168661
168662
168663
168664
168665
168666
168667
168668
168669
168670
168671
168672
168673
168674
168675
168676
168677
168678
168679
168680
168681
168682
168683
168684
168685
168686
168687
168688
168689
168690
168691
168692
168693
168694
168695
168696
168697
168698
168699
168700
168701
168702
168703
168704
168705
168706
168707
168708
168709
168710
168711
168712
168713
168714
168715
168716
168717
168718
168719
168720
168721
168722
168723
168724
168725
168726
168727
168728
168729
168730
168731
168732
168733
168734
168735
168736
168737
168738
168739
168740
168741
168742
168743
168744
168745
168746
168747
168748
168749
84375
84376
84377
84378
84379
84380
84381
84382
84383
84384
84385
84386
84387
84388
84389
84390
84391
84392
84393
84394
84395
84396
84397
84398
84399
84400
84401
84402
84403
84404
84405
84406
84407
84408
84409
84410
84411
84412
84413
84414
84415
84416
84417
84418
84419
84420
84421
84422
84423
84424
84425
84426
84427
84428
84429
84430
84431
84432
84433
84434
84435
84436
84437
84438
84439
84440
84441
84442
84443
84444
84445
84446
84447
84448
84449
84450
84451
84452
84453
84454
84455
84456
84457
84458
84459
84460
84461
84462
84463
84464
84465
84466
84467
84468
84469
84470
84471
84472
84473
84474
84475
84476
84477
84478
84479
84480
84481
84482
84483
84484
84485
84486
84487
84488
84489
84490
84491
84492
84493
84494
84495
84496
84497
84498
84499
84500
84501
84502
84503
84504
84505
84506
84507
84508
84509
84510
84511
84512
84513
84514
84515
84516
84517
84518
84519
84520
84521
84522
84523
84524
84525
84526
84527
84528
84529
84530
84531
84532
84533
84534
84535
84536
84537
84538
84539
84540
84541
84542
84543
84544
84545
84546
84547
84548
84549
84550
84551
84552
84553
84554
84555
84556
84557
84558
84559
84560
84561
84562
84563
84564
84565
84566
84567
84568
84569
84570
84571
84572
84573
84574
84575
84576
84577
84578
84579
84580
84581
84582
84583
84584
84585
84586
84587
84588
84589
84590
84591
84592
84593
84594
84595
84596
84597
84598
84599
84600
84601
84602
84603
84604
84605
84606
84607
84608
84609
84610
84611
84612
84613
84614
84615
84616
84617
84618
84619
84620
84621
84622
84623
84624
84625
84626
84627
84628
84629
84630
84631
84632
84633
84634
84635
84636
84637
84638
84639
84640
84641
84642
84643
84644
84645
84646
84647
84648
84649
84650
84651
84652
84653
84654
84655
84656
84657
84658
84659
84660
84661
84662
84663
84664
84665
84666
84667
84668
84669
84670
84671
84672
84673
84674
84675
84676
84677
84678
84679
84680
84681
84682
84683
84684
84685
84686
84687
84688
84689
84690
84691
84692
84693
84694
84695
84696
84697
84698
84699
84700
84701
84702
84703
84704
84705
84706
84707
84708
84709
84710
84711
84712
84713
84714
84715
84716
84717
84718
84719
84720
84721
84722
84723
84724
84725
84726
84727
84728
84729
84730
84731
84732
84733
84734
84735
84736
84737
84738
84739
84740
84741
84742
84743
84744
84745
84746
84747
84748
84749
84750
84751
84752
84753
84754
84755
84756
84757
84758
84759
84760
84761
84762
84763
84764
84765
84766
84767
84768
84769
84770
84771
84772
84773
84774
84775
84776
84777
84778
84779
84780
84781
84782
84783
84784
84785
84786
84787
84788
84789
84790
84791
84792
84793
84794
84795
84796
84797
84798
84799
84800
84801
84802
84803
84804
84805
84806
84807
84808
84809
84810
84811
84812
84813
84814
84815
84816
84817
84818
84819
84820
84821
84822
84823
84824
84825
84826
84827
84828
84829
84830
84831
84832
84833
84834
84835
84836
84837
84838
84839
84840
84841
84842
84843
84844
84845
84846
84847
84848
84849
84850
84851
84852
84853
84854
84855
84856
84857
84858
84859
84860
84861
84862
84863
84864
84865
84866
84867
84868
84869
84870
84871
84872
84873
84874
84875
84876
84877
84878
84879
84880
84881
84882
84883
84884
84885
84886
84887
84888
84889
84890
84891
84892
84893
84894
84895
84896
84897
84898
84899
84900
84901
84902
84903
84904
84905
84906
84907
84908
84909
84910
84911
84912
84913
84914
84915
84916
84917
84918
84919
84920
84921
84922
84923
84924
84925
84926
84927
84928
84929
84930
84931
84932
84933
84934
84935
84936
84937
84938
84939
84940
84941
84942
84943
84944
84945
84946
84947
84948
84949
84950
84951
84952
84953
84954
84955
84956
84957
84958
84959
84960
84961
84962
84963
84964
84965
84966
84967
84968
84969
84970
84971
84972
84973
84974
84975
84976
84977
84978
84979
84980
84981
84982
84983
84984
84985
84986
84987
84988
84989
84990
84991
84992
84993
84994
84995
84996
84997
84998
84999
85000
85001
85002
85003
85004
85005
85006
85007
85008
85009
85010
85011
85012
85013
85014
85015
85016
85017
85018
85019
85020
85021
85022
85023
85024
85025
85026
85027
85028
85029
85030
85031
85032
85033
85034
85035
85036
85037
85038
85039
85040
85041
85042
85043
85044
85045
85046
85047
85048
85049
85050
85051
85052
85053
85054
85055
85056
85057
85058
85059
85060
85061
85062
85063
85064
85065
85066
85067
85068
85069
85070
85071
85072
85073
85074
85075
85076
85077
85078
85079
85080
85081
85082
85083
85084
85085
85086
85087
85088
85089
85090
85091
85092
85093
85094
85095
85096
85097
85098
85099
85100
85101
85102
85103
85104
85105
85106
85107
85108
85109
85110
85111
85112
85113
85114
85115
85116
85117
85118
85119
85120
85121
85122
85123
85124
85125
85126
85127
85128
85129
85130
85131
85132
85133
85134
85135
85136
85137
85138
85139
85140
85141
85142
85143
85144
85145
85146
85147
85148
85149
85150
85151
85152
85153
85154
85155
85156
85157
85158
85159
85160
85161
85162
85163
85164
85165
85166
85167
85168
85169
85170
85171
85172
85173
85174
85175
85176
85177
85178
85179
85180
85181
85182
85183
85184
85185
85186
85187
85188
85189
85190
85191
85192
85193
85194
85195
85196
85197
85198
85199
85200
85201
85202
85203
85204
85205
85206
85207
85208
85209
85210
85211
85212
85213
85214
85215
85216
85217
85218
85219
85220
85221
85222
85223
85224
85225
85226
85227
85228
85229
85230
85231
85232
85233
85234
85235
85236
85237
85238
85239
85240
85241
85242
85243
85244
85245
85246
85247
85248
85249
85250
85251
85252
85253
85254
85255
85256
85257
85258
85259
85260
85261
85262
85263
85264
85265
85266
85267
85268
85269
85270
85271
85272
85273
85274
85275
85276
85277
85278
85279
85280
85281
85282
85283
85284
85285
85286
85287
85288
85289
85290
85291
85292
85293
85294
85295
85296
85297
85298
85299
85300
85301
85302
85303
85304
85305
85306
85307
85308
85309
85310
85311
85312
85313
85314
85315
85316
85317
85318
85319
85320
85321
85322
85323
85324
85325
85326
85327
85328
85329
85330
85331
85332
85333
85334
85335
85336
85337
85338
85339
85340
85341
85342
85343
85344
85345
85346
85347
85348
85349
85350
85351
85352
85353
85354
85355
85356
85357
85358
85359
85360
85361
85362
85363
85364
85365
85366
85367
85368
85369
85370
85371
85372
85373
85374
85375
85376
85377
85378
85379
85380
85381
85382
85383
85384
85385
85386
85387
85388
85389
85390
85391
85392
85393
85394
85395
85396
85397
85398
85399
85400
85401
85402
85403
85404
85405
85406
85407
85408
85409
85410
85411
85412
85413
85414
85415
85416
85417
85418
85419
85420
85421
85422
85423
85424
85425
85426
85427
85428
85429
85430
85431
85432
85433
85434
85435
85436
85437
85438
85439
85440
85441
85442
85443
85444
85445
85446
85447
85448
85449
85450
85451
85452
85453
85454
85455
85456
85457
85458
85459
85460
85461
85462
85463
85464
85465
85466
85467
85468
85469
85470
85471
85472
85473
85474
85475
85476
85477
85478
85479
85480
85481
85482
85483
85484
85485
85486
85487
85488
85489
85490
85491
85492
85493
85494
85495
85496
85497
85498
85499
85500
85501
85502
85503
85504
85505
85506
85507
85508
85509
85510
85511
85512
85513
85514
85515
85516
85517
85518
85519
85520
85521
85522
85523
85524
85525
85526
85527
85528
85529
85530
85531
85532
85533
85534
85535
85536
85537
85538
85539
85540
85541
85542
85543
85544
85545
85546
85547
85548
85549
85550
85551
85552
85553
85554
85555
85556
85557
85558
85559
85560
85561
85562
85563
85564
85565
85566
85567
85568
85569
85570
85571
85572
85573
85574
85575
85576
85577
85578
85579
85580
85581
85582
85583
85584
85585
85586
85587
85588
85589
85590
85591
85592
85593
85594
85595
85596
85597
85598
85599
85600
85601
85602
85603
85604
85605
85606
85607
85608
85609
85610
85611
85612
85613
85614
85615
85616
85617
85618
85619
85620
85621
85622
85623
85624
85625
85626
85627
85628
85629
85630
85631
85632
85633
85634
85635
85636
85637
85638
85639
85640
85641
85642
85643
85644
85645
85646
85647
85648
85649
85650
85651
85652
85653
85654
85655
85656
85657
85658
85659
85660
85661
85662
85663
85664
85665
85666
85667
85668
85669
85670
85671
85672
85673
85674
85675
85676
85677
85678
85679
85680
85681
85682
85683
85684
85685
85686
85687
85688
85689
85690
85691
85692
85693
85694
85695
85696
85697
85698
85699
85700
85701
85702
85703
85704
85705
85706
85707
85708
85709
85710
85711
85712
85713
85714
85715
85716
85717
85718
85719
85720
85721
85722
85723
85724
85725
85726
85727
85728
85729
85730
85731
85732
85733
85734
85735
85736
85737
85738
85739
85740
85741
85742
85743
85744
85745
85746
85747
85748
85749
85750
85751
85752
85753
85754
85755
85756
85757
85758
85759
85760
85761
85762
85763
85764
85765
85766
85767
85768
85769
85770
85771
85772
85773
85774
85775
85776
85777
85778
85779
85780
85781
85782
85783
85784
85785
85786
85787
85788
85789
85790
85791
85792
85793
85794
85795
85796
85797
85798
85799
85800
85801
85802
85803
85804
85805
85806
85807
85808
85809
85810
85811
85812
85813
85814
85815
85816
85817
85818
85819
85820
85821
85822
85823
85824
85825
85826
85827
85828
85829
85830
85831
85832
85833
85834
85835
85836
85837
85838
85839
85840
85841
85842
85843
85844
85845
85846
85847
85848
85849
85850
85851
85852
85853
85854
85855
85856
85857
85858
85859
85860
85861
85862
85863
85864
85865
85866
85867
85868
85869
85870
85871
85872
85873
85874
85875
85876
85877
85878
85879
85880
85881
85882
85883
85884
85885
85886
85887
85888
85889
85890
85891
85892
85893
85894
85895
85896
85897
85898
85899
85900
85901
85902
85903
85904
85905
85906
85907
85908
85909
85910
85911
85912
85913
85914
85915
85916
85917
85918
85919
85920
85921
85922
85923
85924
85925
85926
85927
85928
85929
85930
85931
85932
85933
85934
85935
85936
85937
85938
85939
85940
85941
85942
85943
85944
85945
85946
85947
85948
85949
85950
85951
85952
85953
85954
85955
85956
85957
85958
85959
85960
85961
85962
85963
85964
85965
85966
85967
85968
85969
85970
85971
85972
85973
85974
85975
85976
85977
85978
85979
85980
85981
85982
85983
85984
85985
85986
85987
85988
85989
85990
85991
85992
85993
85994
85995
85996
85997
85998
85999
86000
86001
86002
86003
86004
86005
86006
86007
86008
86009
86010
86011
86012
86013
86014
86015
86016
86017
86018
86019
86020
86021
86022
86023
86024
86025
86026
86027
86028
86029
86030
86031
86032
86033
86034
86035
86036
86037
86038
86039
86040
86041
86042
86043
86044
86045
86046
86047
86048
86049
86050
86051
86052
86053
86054
86055
86056
86057
86058
86059
86060
86061
86062
86063
86064
86065
86066
86067
86068
86069
86070
86071
86072
86073
86074
86075
86076
86077
86078
86079
86080
86081
86082
86083
86084
86085
86086
86087
86088
86089
86090
86091
86092
86093
86094
86095
86096
86097
86098
86099
86100
86101
86102
86103
86104
86105
86106
86107
86108
86109
86110
86111
86112
86113
86114
86115
86116
86117
86118
86119
86120
86121
86122
86123
86124
86125
86126
86127
86128
86129
86130
86131
86132
86133
86134
86135
86136
86137
86138
86139
86140
86141
86142
86143
86144
86145
86146
86147
86148
86149
86150
86151
86152
86153
86154
86155
86156
86157
86158
86159
86160
86161
86162
86163
86164
86165
86166
86167
86168
86169
86170
86171
86172
86173
86174
86175
86176
86177
86178
86179
86180
86181
86182
86183
86184
86185
86186
86187
86188
86189
86190
86191
86192
86193
86194
86195
86196
86197
86198
86199
86200
86201
86202
86203
86204
86205
86206
86207
86208
86209
86210
86211
86212
86213
86214
86215
86216
86217
86218
86219
86220
86221
86222
86223
86224
86225
86226
86227
86228
86229
86230
86231
86232
86233
86234
86235
86236
86237
86238
86239
86240
86241
86242
86243
86244
86245
86246
86247
86248
86249
86250
86251
86252
86253
86254
86255
86256
86257
86258
86259
86260
86261
86262
86263
86264
86265
86266
86267
86268
86269
86270
86271
86272
86273
86274
86275
86276
86277
86278
86279
86280
86281
86282
86283
86284
86285
86286
86287
86288
86289
86290
86291
86292
86293
86294
86295
86296
86297
86298
86299
86300
86301
86302
86303
86304
86305
86306
86307
86308
86309
86310
86311
86312
86313
86314
86315
86316
86317
86318
86319
86320
86321
86322
86323
86324
86325
86326
86327
86328
86329
86330
86331
86332
86333
86334
86335
86336
86337
86338
86339
86340
86341
86342
86343
86344
86345
86346
86347
86348
86349
86350
86351
86352
86353
86354
86355
86356
86357
86358
86359
86360
86361
86362
86363
86364
86365
86366
86367
86368
86369
86370
86371
86372
86373
86374
86375
86376
86377
86378
86379
86380
86381
86382
86383
86384
86385
86386
86387
86388
86389
86390
86391
86392
86393
86394
86395
86396
86397
86398
86399
86400
86401
86402
86403
86404
86405
86406
86407
86408
86409
86410
86411
86412
86413
86414
86415
86416
86417
86418
86419
86420
86421
86422
86423
86424
86425
86426
86427
86428
86429
86430
86431
86432
86433
86434
86435
86436
86437
86438
86439
86440
86441
86442
86443
86444
86445
86446
86447
86448
86449
86450
86451
86452
86453
86454
86455
86456
86457
86458
86459
86460
86461
86462
86463
86464
86465
86466
86467
86468
86469
86470
86471
86472
86473
86474
86475
86476
86477
86478
86479
86480
86481
86482
86483
86484
86485
86486
86487
86488
86489
86490
86491
86492
86493
86494
86495
86496
86497
86498
86499
86500
86501
86502
86503
86504
86505
86506
86507
86508
86509
86510
86511
86512
86513
86514
86515
86516
86517
86518
86519
86520
86521
86522
86523
86524
86525
86526
86527
86528
86529
86530
86531
86532
86533
86534
86535
86536
86537
86538
86539
86540
86541
86542
86543
86544
86545
86546
86547
86548
86549
86550
86551
86552
86553
86554
86555
86556
86557
86558
86559
86560
86561
86562
86563
86564
86565
86566
86567
86568
86569
86570
86571
86572
86573
86574
86575
86576
86577
86578
86579
86580
86581
86582
86583
86584
86585
86586
86587
86588
86589
86590
86591
86592
86593
86594
86595
86596
86597
86598
86599
86600
86601
86602
86603
86604
86605
86606
86607
86608
86609
86610
86611
86612
86613
86614
86615
86616
86617
86618
86619
86620
86621
86622
86623
86624
86625
86626
86627
86628
86629
86630
86631
86632
86633
86634
86635
86636
86637
86638
86639
86640
86641
86642
86643
86644
86645
86646
86647
86648
86649
86650
86651
86652
86653
86654
86655
86656
86657
86658
86659
86660
86661
86662
86663
86664
86665
86666
86667
86668
86669
86670
86671
86672
86673
86674
86675
86676
86677
86678
86679
86680
86681
86682
86683
86684
86685
86686
86687
86688
86689
86690
86691
86692
86693
86694
86695
86696
86697
86698
86699
86700
86701
86702
86703
86704
86705
86706
86707
86708
86709
86710
86711
86712
86713
86714
86715
86716
86717
86718
86719
86720
86721
86722
86723
86724
86725
86726
86727
86728
86729
86730
86731
86732
86733
86734
86735
86736
86737
86738
86739
86740
86741
86742
86743
86744
86745
86746
86747
86748
86749
86750
86751
86752
86753
86754
86755
86756
86757
86758
86759
86760
86761
86762
86763
86764
86765
86766
86767
86768
86769
86770
86771
86772
86773
86774
86775
86776
86777
86778
86779
86780
86781
86782
86783
86784
86785
86786
86787
86788
86789
86790
86791
86792
86793
86794
86795
86796
86797
86798
86799
86800
86801
86802
86803
86804
86805
86806
86807
86808
86809
86810
86811
86812
86813
86814
86815
86816
86817
86818
86819
86820
86821
86822
86823
86824
86825
86826
86827
86828
86829
86830
86831
86832
86833
86834
86835
86836
86837
86838
86839
86840
86841
86842
86843
86844
86845
86846
86847
86848
86849
86850
86851
86852
86853
86854
86855
86856
86857
86858
86859
86860
86861
86862
86863
86864
86865
86866
86867
86868
86869
86870
86871
86872
86873
86874
86875
86876
86877
86878
86879
86880
86881
86882
86883
86884
86885
86886
86887
86888
86889
86890
86891
86892
86893
86894
86895
86896
86897
86898
86899
86900
86901
86902
86903
86904
86905
86906
86907
86908
86909
86910
86911
86912
86913
86914
86915
86916
86917
86918
86919
86920
86921
86922
86923
86924
86925
86926
86927
86928
86929
86930
86931
86932
86933
86934
86935
86936
86937
86938
86939
86940
86941
86942
86943
86944
86945
86946
86947
86948
86949
86950
86951
86952
86953
86954
86955
86956
86957
86958
86959
86960
86961
86962
86963
86964
86965
86966
86967
86968
86969
86970
86971
86972
86973
86974
86975
86976
86977
86978
86979
86980
86981
86982
86983
86984
86985
86986
86987
86988
86989
86990
86991
86992
86993
86994
86995
86996
86997
86998
86999
87000
87001
87002
87003
87004
87005
87006
87007
87008
87009
87010
87011
87012
87013
87014
87015
87016
87017
87018
87019
87020
87021
87022
87023
87024
87025
87026
87027
87028
87029
87030
87031
87032
87033
87034
87035
87036
87037
87038
87039
87040
87041
87042
87043
87044
87045
87046
87047
87048
87049
87050
87051
87052
87053
87054
87055
87056
87057
87058
87059
87060
87061
87062
87063
87064
87065
87066
87067
87068
87069
87070
87071
87072
87073
87074
87075
87076
87077
87078
87079
87080
87081
87082
87083
87084
87085
87086
87087
87088
87089
87090
87091
87092
87093
87094
87095
87096
87097
87098
87099
87100
87101
87102
87103
87104
87105
87106
87107
87108
87109
87110
87111
87112
87113
87114
87115
87116
87117
87118
87119
87120
87121
87122
87123
87124
87125
87126
87127
87128
87129
87130
87131
87132
87133
87134
87135
87136
87137
87138
87139
87140
87141
87142
87143
87144
87145
87146
87147
87148
87149
87150
87151
87152
87153
87154
87155
87156
87157
87158
87159
87160
87161
87162
87163
87164
87165
87166
87167
87168
87169
87170
87171
87172
87173
87174
87175
87176
87177
87178
87179
87180
87181
87182
87183
87184
87185
87186
87187
87188
87189
87190
87191
87192
87193
87194
87195
87196
87197
87198
87199
87200
87201
87202
87203
87204
87205
87206
87207
87208
87209
87210
87211
87212
87213
87214
87215
87216
87217
87218
87219
87220
87221
87222
87223
87224
87225
87226
87227
87228
87229
87230
87231
87232
87233
87234
87235
87236
87237
87238
87239
87240
87241
87242
87243
87244
87245
87246
87247
87248
87249
87250
87251
87252
87253
87254
87255
87256
87257
87258
87259
87260
87261
87262
87263
87264
87265
87266
87267
87268
87269
87270
87271
87272
87273
87274
87275
87276
87277
87278
87279
87280
87281
87282
87283
87284
87285
87286
87287
87288
87289
87290
87291
87292
87293
87294
87295
87296
87297
87298
87299
87300
87301
87302
87303
87304
87305
87306
87307
87308
87309
87310
87311
87312
87313
87314
87315
87316
87317
87318
87319
87320
87321
87322
87323
87324
87325
87326
87327
87328
87329
87330
87331
87332
87333
87334
87335
87336
87337
87338
87339
87340
87341
87342
87343
87344
87345
87346
87347
87348
87349
87350
87351
87352
87353
87354
87355
87356
87357
87358
87359
87360
87361
87362
87363
87364
87365
87366
87367
87368
87369
87370
87371
87372
87373
87374
87375
87376
87377
87378
87379
87380
87381
87382
87383
87384
87385
87386
87387
87388
87389
87390
87391
87392
87393
87394
87395
87396
87397
87398
87399
87400
87401
87402
87403
87404
87405
87406
87407
87408
87409
87410
87411
87412
87413
87414
87415
87416
87417
87418
87419
87420
87421
87422
87423
87424
87425
87426
87427
87428
87429
87430
87431
87432
87433
87434
87435
87436
87437
87438
87439
87440
87441
87442
87443
87444
87445
87446
87447
87448
87449
87450
87451
87452
87453
87454
87455
87456
87457
87458
87459
87460
87461
87462
87463
87464
87465
87466
87467
87468
87469
87470
87471
87472
87473
87474
87475
87476
87477
87478
87479
87480
87481
87482
87483
87484
87485
87486
87487
87488
87489
87490
87491
87492
87493
87494
87495
87496
87497
87498
87499
87500
87501
87502
87503
87504
87505
87506
87507
87508
87509
87510
87511
87512
87513
87514
87515
87516
87517
87518
87519
87520
87521
87522
87523
87524
87525
87526
87527
87528
87529
87530
87531
87532
87533
87534
87535
87536
87537
87538
87539
87540
87541
87542
87543
87544
87545
87546
87547
87548
87549
87550
87551
87552
87553
87554
87555
87556
87557
87558
87559
87560
87561
87562
87563
87564
87565
87566
87567
87568
87569
87570
87571
87572
87573
87574
87575
87576
87577
87578
87579
87580
87581
87582
87583
87584
87585
87586
87587
87588
87589
87590
87591
87592
87593
87594
87595
87596
87597
87598
87599
87600
87601
87602
87603
87604
87605
87606
87607
87608
87609
87610
87611
87612
87613
87614
87615
87616
87617
87618
87619
87620
87621
87622
87623
87624
87625
87626
87627
87628
87629
87630
87631
87632
87633
87634
87635
87636
87637
87638
87639
87640
87641
87642
87643
87644
87645
87646
87647
87648
87649
87650
87651
87652
87653
87654
87655
87656
87657
87658
87659
87660
87661
87662
87663
87664
87665
87666
87667
87668
87669
87670
87671
87672
87673
87674
87675
87676
87677
87678
87679
87680
87681
87682
87683
87684
87685
87686
87687
87688
87689
87690
87691
87692
87693
87694
87695
87696
87697
87698
87699
87700
87701
87702
87703
87704
87705
87706
87707
87708
87709
87710
87711
87712
87713
87714
87715
87716
87717
87718
87719
87720
87721
87722
87723
87724
87725
87726
87727
87728
87729
87730
87731
87732
87733
87734
87735
87736
87737
87738
87739
87740
87741
87742
87743
87744
87745
87746
87747
87748
87749
87750
87751
87752
87753
87754
87755
87756
87757
87758
87759
87760
87761
87762
87763
87764
87765
87766
87767
87768
87769
87770
87771
87772
87773
87774
87775
87776
87777
87778
87779
87780
87781
87782
87783
87784
87785
87786
87787
87788
87789
87790
87791
87792
87793
87794
87795
87796
87797
87798
87799
87800
87801
87802
87803
87804
87805
87806
87807
87808
87809
87810
87811
87812
87813
87814
87815
87816
87817
87818
87819
87820
87821
87822
87823
87824
87825
87826
87827
87828
87829
87830
87831
87832
87833
87834
87835
87836
87837
87838
87839
87840
87841
87842
87843
87844
87845
87846
87847
87848
87849
87850
87851
87852
87853
87854
87855
87856
87857
87858
87859
87860
87861
87862
87863
87864
87865
87866
87867
87868
87869
87870
87871
87872
87873
87874
87875
87876
87877
87878
87879
87880
87881
87882
87883
87884
87885
87886
87887
87888
87889
87890
87891
87892
87893
87894
87895
87896
87897
87898
87899
87900
87901
87902
87903
87904
87905
87906
87907
87908
87909
87910
87911
87912
87913
87914
87915
87916
87917
87918
87919
87920
87921
87922
87923
87924
87925
87926
87927
87928
87929
87930
87931
87932
87933
87934
87935
87936
87937
87938
87939
87940
87941
87942
87943
87944
87945
87946
87947
87948
87949
87950
87951
87952
87953
87954
87955
87956
87957
87958
87959
87960
87961
87962
87963
87964
87965
87966
87967
87968
87969
87970
87971
87972
87973
87974
87975
87976
87977
87978
87979
87980
87981
87982
87983
87984
87985
87986
87987
87988
87989
87990
87991
87992
87993
87994
87995
87996
87997
87998
87999
88000
88001
88002
88003
88004
88005
88006
88007
88008
88009
88010
88011
88012
88013
88014
88015
88016
88017
88018
88019
88020
88021
88022
88023
88024
88025
88026
88027
88028
88029
88030
88031
88032
88033
88034
88035
88036
88037
88038
88039
88040
88041
88042
88043
88044
88045
88046
88047
88048
88049
88050
88051
88052
88053
88054
88055
88056
88057
88058
88059
88060
88061
88062
88063
88064
88065
88066
88067
88068
88069
88070
88071
88072
88073
88074
88075
88076
88077
88078
88079
88080
88081
88082
88083
88084
88085
88086
88087
88088
88089
88090
88091
88092
88093
88094
88095
88096
88097
88098
88099
88100
88101
88102
88103
88104
88105
88106
88107
88108
88109
88110
88111
88112
88113
88114
88115
88116
88117
88118
88119
88120
88121
88122
88123
88124
88125
88126
88127
88128
88129
88130
88131
88132
88133
88134
88135
88136
88137
88138
88139
88140
88141
88142
88143
88144
88145
88146
88147
88148
88149
88150
88151
88152
88153
88154
88155
88156
88157
88158
88159
88160
88161
88162
88163
88164
88165
88166
88167
88168
88169
88170
88171
88172
88173
88174
88175
88176
88177
88178
88179
88180
88181
88182
88183
88184
88185
88186
88187
88188
88189
88190
88191
88192
88193
88194
88195
88196
88197
88198
88199
88200
88201
88202
88203
88204
88205
88206
88207
88208
88209
88210
88211
88212
88213
88214
88215
88216
88217
88218
88219
88220
88221
88222
88223
88224
88225
88226
88227
88228
88229
88230
88231
88232
88233
88234
88235
88236
88237
88238
88239
88240
88241
88242
88243
88244
88245
88246
88247
88248
88249
88250
88251
88252
88253
88254
88255
88256
88257
88258
88259
88260
88261
88262
88263
88264
88265
88266
88267
88268
88269
88270
88271
88272
88273
88274
88275
88276
88277
88278
88279
88280
88281
88282
88283
88284
88285
88286
88287
88288
88289
88290
88291
88292
88293
88294
88295
88296
88297
88298
88299
88300
88301
88302
88303
219375
88304
219376
88305
219377
88306
219378
88307
219379
88308
219380
88309
219381
88310
219382
88311
219383
88312
219384
88313
219385
88314
219386
88315
219387
88316
219388
88317
219389
88318
219390
88319
219391
88320
219392
88321
219393
88322
219394
88323
219395
88324
219396
88325
219397
88326
219398
88327
219399
88328
219400
88329
219401
88330
219402
88331
219403
88332
219404
88333
219405
88334
219406
88335
219407
88336
219408
88337
219409
88338
219410
88339
219411
88340
219412
88341
219413
88342
219414
88343
219415
88344
219416
88345
219417
88346
219418
88347
219419
88348
219420
88349
219421
88350
219422
88351
219423
88352
219424
88353
219425
88354
219426
88355
219427
88356
219428
88357
219429
88358
219430
88359
219431
88360
219432
88361
219433
88362
219434
88363
219435
88364
219436
88365
219437
88366
219438
88367
219439
88368
219440
88369
219441
88370
219442
88371
219443
88372
219444
88373
219445
88374
219446
88375
219447
88376
219448
88377
219449
88378
219450
88379
219451
88380
219452
88381
219453
88382
219454
88383
219455
88384
219456
88385
219457
88386
219458
88387
219459
88388
219460
88389
219461
88390
219462
88391
219463
88392
219464
88393
219465
88394
219466
88395
219467
88396
219468
88397
219469
88398
219470
88399
219471
88400
219472
88401
219473
88402
219474
88403
219475
88404
219476
88405
219477
88406
219478
88407
219479
88408
219480
88409
219481
88410
219482
88411
219483
88412
219484
88413
219485
88414
219486
88415
219487
88416
219488
88417
219489
88418
219490
88419
219491
88420
219492
88421
219493
88422
219494
88423
219495
88424
219496
88425
219497
88426
219498
88427
219499
88428
219500
88429
219501
88430
219502
88431
219503
88432
219504
88433
219505
88434
219506
88435
219507
88436
219508
88437
219509
88438
219510
88439
219511
88440
219512
88441
219513
88442
219514
88443
219515
88444
219516
88445
219517
88446
219518
88447
219519
88448
219520
88449
219521
88450
219522
88451
219523
88452
219524
88453
219525
88454
219526
88455
219527
88456
219528
88457
219529
88458
219530
88459
219531
88460
219532
88461
219533
88462
219534
88463
219535
88464
219536
88465
219537
88466
219538
88467
219539
88468
219540
88469
219541
88470
219542
88471
219543
88472
219544
88473
219545
88474
219546
88475
219547
88476
219548
88477
219549
88478
219550
88479
219551
88480
219552
88481
219553
88482
219554
88483
219555
88484
219556
88485
219557
88486
219558
88487
219559
88488
219560
88489
219561
88490
219562
88491
219563
88492
219564
88493
219565
88494
219566
88495
219567
88496
219568
88497
219569
88498
219570
88499
219571
88500
219572
88501
219573
88502
219574
88503
219575
88504
219576
88505
219577
88506
219578
88507
219579
88508
219580
88509
219581
88510
219582
88511
219583
88512
219584
88513
219585
88514
219586
88515
219587
88516
219588
88517
219589
88518
219590
88519
219591
88520
219592
88521
219593
88522
219594
88523
219595
88524
219596
88525
219597
88526
219598
88527
219599
88528
219600
88529
219601
88530
219602
88531
219603
88532
219604
88533
219605
88534
219606
88535
219607
88536
219608
88537
219609
88538
219610
88539
219611
88540
219612
88541
219613
88542
219614
88543
219615
88544
219616
88545
219617
88546
219618
88547
219619
88548
219620
88549
219621
88550
219622
88551
219623
88552
219624
88553
219625
88554
219626
88555
219627
88556
219628
88557
219629
88558
219630
88559
219631
88560
219632
88561
219633
88562
219634
88563
219635
88564
219636
88565
219637
88566
219638
88567
219639
88568
219640
88569
219641
88570
219642
88571
219643
88572
219644
88573
219645
88574
219646
88575
219647
88576
219648
88577
219649
88578
219650
88579
219651
88580
219652
88581
219653
88582
219654
88583
219655
88584
219656
88585
219657
88586
219658
88587
219659
88588
219660
88589
219661
88590
219662
88591
219663
88592
219664
88593
219665
88594
219666
88595
219667
88596
219668
88597
219669
88598
219670
88599
219671
88600
219672
88601
219673
88602
219674
88603
219675
88604
219676
88605
219677
88606
219678
88607
219679
88608
219680
88609
219681
88610
219682
88611
219683
88612
219684
88613
219685
88614
219686
88615
219687
88616
219688
88617
219689
88618
219690
88619
219691
88620
219692
88621
219693
88622
219694
88623
219695
88624
219696
88625
219697
88626
219698
88627
219699
88628
219700
88629
219701
88630
219702
88631
219703
88632
219704
88633
219705
88634
219706
88635
219707
88636
219708
88637
219709
88638
219710
88639
219711
88640
219712
88641
219713
88642
219714
88643
219715
88644
219716
88645
219717
88646
219718
88647
219719
88648
219720
88649
219721
88650
219722
88651
219723
88652
219724
88653
219725
88654
219726
88655
219727
88656
219728
88657
219729
88658
219730
88659
219731
88660
219732
88661
219733
88662
219734
88663
219735
88664
219736
88665
219737
88666
219738
88667
219739
88668
219740
88669
219741
88670
219742
88671
219743
88672
219744
88673
219745
88674
219746
88675
219747
88676
219748
88677
219749
88678
219750
88679
219751
88680
219752
88681
219753
88682
219754
88683
219755
88684
219756
88685
219757
88686
219758
88687
219759
88688
219760
88689
219761
88690
219762
88691
219763
88692
219764
88693
219765
88694
219766
88695
219767
88696
219768
88697
219769
88698
219770
88699
219771
88700
219772
88701
219773
88702
219774
88703
219775
88704
219776
88705
219777
88706
219778
88707
219779
88708
219780
88709
219781
88710
219782
88711
219783
88712
219784
88713
219785
88714
219786
88715
219787
88716
219788
88717
219789
88718
219790
88719
219791
88720
219792
88721
219793
88722
219794
88723
219795
88724
219796
88725
219797
88726
219798
88727
219799
88728
219800
88729
219801
88730
219802
88731
219803
88732
219804
88733
219805
88734
219806
88735
219807
88736
219808
88737
219809
88738
219810
88739
219811
88740
219812
88741
219813
88742
219814
88743
219815
88744
219816
88745
219817
88746
219818
88747
219819
88748
219820
88749
219821
88750
219822
88751
219823
88752
219824
88753
219825
88754
219826
88755
219827
88756
219828
88757
219829
88758
219830
88759
219831
88760
219832
88761
219833
88762
219834
88763
219835
88764
219836
88765
219837
88766
219838
88767
219839
88768
219840
88769
219841
88770
219842
88771
219843
88772
219844
88773
219845
88774
219846
88775
219847
88776
219848
88777
219849
88778
219850
88779
219851
88780
219852
88781
219853
88782
219854
88783
219855
88784
219856
88785
219857
88786
219858
88787
219859
88788
219860
88789
219861
88790
219862
88791
219863
88792
219864
88793
219865
88794
219866
88795
219867
88796
219868
88797
219869
88798
219870
88799
219871
88800
219872
88801
219873
88802
219874
88803
219875
88804
219876
88805
219877
88806
219878
88807
219879
88808
219880
88809
219881
88810
219882
88811
219883
88812
219884
88813
219885
88814
219886
88815
219887
88816
219888
88817
219889
88818
219890
88819
219891
88820
219892
88821
219893
88822
219894
88823
219895
88824
219896
88825
219897
88826
219898
88827
219899
88828
219900
88829
219901
88830
219902
88831
219903
88832
219904
88833
219905
88834
219906
88835
219907
88836
219908
88837
219909
88838
219910
88839
219911
88840
219912
88841
219913
88842
219914
88843
219915
88844
219916
88845
219917
88846
219918
88847
219919
88848
219920
88849
219921
88850
219922
88851
219923
88852
219924
88853
219925
88854
219926
88855
219927
88856
219928
88857
219929
88858
219930
88859
219931
88860
219932
88861
219933
88862
219934
88863
219935
88864
219936
88865
219937
88866
219938
88867
219939
88868
219940
88869
219941
88870
219942
88871
219943
88872
219944
88873
219945
88874
219946
88875
219947
88876
219948
88877
219949
88878
219950
88879
219951
88880
219952
88881
219953
88882
219954
88883
219955
88884
219956
88885
219957
88886
219958
88887
219959
88888
219960
88889
219961
88890
219962
88891
219963
88892
219964
88893
219965
88894
219966
88895
219967
88896
219968
88897
219969
88898
219970
88899
219971
88900
219972
88901
219973
88902
219974
88903
219975
88904
219976
88905
219977
88906
219978
88907
219979
88908
219980
88909
219981
88910
219982
88911
219983
88912
219984
88913
219985
88914
219986
88915
219987
88916
219988
88917
219989
88918
219990
88919
219991
88920
219992
88921
219993
88922
219994
88923
219995
88924
219996
88925
219997
88926
219998
88927
219999
88928
220000
88929
220001
88930
220002
88931
220003
88932
220004
88933
220005
88934
220006
88935
220007
88936
220008
88937
220009
88938
220010
88939
220011
88940
220012
88941
220013
88942
220014
88943
220015
88944
220016
88945
220017
88946
220018
88947
220019
88948
220020
88949
220021
88950
220022
88951
220023
88952
220024
88953
220025
88954
220026
88955
220027
88956
220028
88957
220029
88958
220030
88959
220031
88960
220032
88961
220033
88962
220034
88963
220035
88964
220036
88965
220037
88966
220038
88967
220039
88968
220040
88969
220041
88970
220042
88971
220043
88972
220044
88973
220045
88974
220046
88975
220047
88976
220048
88977
220049
88978
220050
88979
220051
88980
220052
88981
220053
88982
220054
88983
220055
88984
220056
88985
220057
88986
220058
88987
220059
88988
220060
88989
220061
88990
220062
88991
220063
88992
220064
88993
220065
88994
220066
88995
220067
88996
220068
88997
220069
88998
220070
88999
220071
89000
220072
89001
220073
89002
220074
89003
220075
89004
220076
89005
220077
89006
220078
89007
220079
89008
220080
89009
220081
89010
220082
89011
220083
89012
220084
89013
220085
89014
220086
89015
220087
89016
220088
89017
220089
89018
220090
89019
220091
89020
220092
89021
220093
89022
220094
89023
220095
89024
220096
89025
220097
89026
220098
89027
220099
89028
220100
89029
220101
89030
220102
89031
220103
89032
220104
89033
220105
89034
220106
89035
220107
89036
220108
89037
220109
89038
220110
89039
220111
89040
220112
89041
220113
89042
220114
89043
220115
89044
220116
89045
220117
89046
220118
89047
220119
89048
220120
89049
220121
89050
220122
89051
220123
89052
220124
89053
220125
89054
220126
89055
220127
89056
220128
89057
220129
89058
220130
89059
220131
89060
220132
89061
220133
89062
220134
89063
220135
89064
220136
89065
220137
89066
220138
89067
220139
89068
220140
89069
220141
89070
220142
89071
220143
89072
220144
89073
220145
89074
220146
89075
220147
89076
220148
89077
220149
89078
220150
89079
220151
89080
220152
89081
220153
89082
220154
89083
220155
89084
220156
89085
220157
89086
220158
89087
220159
89088
220160
89089
220161
89090
220162
89091
220163
89092
220164
89093
220165
89094
220166
89095
220167
89096
220168
89097
220169
89098
220170
89099
220171
89100
220172
89101
220173
89102
220174
89103
220175
89104
220176
89105
220177
89106
220178
89107
220179
89108
220180
89109
220181
89110
220182
89111
220183
89112
220184
89113
220185
89114
220186
89115
220187
89116
220188
89117
220189
89118
220190
89119
220191
89120
220192
89121
220193
89122
220194
89123
220195
89124
220196
89125
220197
89126
220198
89127
220199
89128
220200
89129
220201
89130
220202
89131
220203
89132
220204
89133
220205
89134
220206
89135
220207
89136
220208
89137
220209
89138
220210
89139
220211
89140
220212
89141
220213
89142
220214
89143
220215
89144
220216
89145
220217
89146
220218
89147
220219
89148
220220
89149
220221
89150
220222
89151
220223
89152
220224
89153
220225
89154
220226
89155
220227
89156
220228
89157
220229
89158
220230
89159
220231
89160
220232
89161
220233
89162
220234
89163
220235
89164
220236
89165
220237
89166
220238
89167
220239
89168
220240
89169
220241
89170
220242
89171
220243
89172
220244
89173
220245
89174
220246
89175
220247
89176
220248
89177
220249
89178
220250
89179
220251
89180
220252
89181
220253
89182
220254
89183
220255
89184
220256
89185
220257
89186
220258
89187
220259
89188
220260
89189
220261
89190
220262
89191
220263
89192
220264
89193
220265
89194
220266
89195
220267
89196
220268
89197
220269
89198
220270
89199
220271
89200
220272
89201
220273
89202
220274
89203
220275
89204
220276
89205
220277
89206
220278
89207
220279
89208
220280
89209
220281
89210
220282
89211
220283
89212
220284
89213
220285
89214
220286
89215
220287
89216
220288
89217
220289
89218
220290
89219
220291
89220
220292
89221
220293
89222
220294
89223
220295
89224
220296
89225
220297
89226
220298
89227
220299
89228
220300
89229
220301
89230
220302
89231
220303
89232
220304
89233
220305
89234
220306
89235
220307
89236
220308
89237
220309
89238
220310
89239
220311
89240
220312
89241
220313
89242
220314
89243
220315
89244
220316
89245
220317
89246
220318
89247
220319
89248
220320
89249
220321
89250
220322
89251
220323
89252
220324
89253
220325
89254
220326
89255
220327
89256
220328
89257
220329
89258
220330
89259
220331
89260
220332
89261
220333
89262
220334
89263
220335
89264
220336
89265
220337
89266
220338
89267
220339
89268
220340
89269
220341
89270
220342
89271
220343
89272
220344
89273
220345
89274
220346
89275
220347
89276
220348
89277
220349
89278
220350
89279
220351
89280
220352
89281
220353
89282
220354
89283
220355
89284
220356
89285
220357
89286
220358
89287
220359
89288
220360
89289
220361
89290
220362
89291
220363
89292
220364
89293
220365
89294
220366
89295
220367
89296
220368
89297
220369
89298
220370
89299
220371
89300
220372
89301
220373
89302
220374
89303
220375
89304
220376
89305
220377
89306
220378
89307
220379
89308
220380
89309
220381
89310
220382
89311
220383
89312
220384
89313
220385
89314
220386
89315
220387
89316
220388
89317
220389
89318
220390
89319
220391
89320
220392
89321
220393
89322
220394
89323
220395
89324
220396
89325
220397
89326
220398
89327
220399
89328
220400
89329
220401
89330
220402
89331
220403
89332
220404
89333
220405
89334
220406
89335
220407
89336
220408
89337
220409
89338
220410
89339
220411
89340
220412
89341
220413
89342
220414
89343
220415
89344
220416
89345
220417
89346
220418
89347
220419
89348
220420
89349
220421
89350
220422
89351
220423
89352
220424
89353
220425
89354
220426
89355
220427
89356
220428
89357
220429
89358
220430
89359
220431
89360
220432
89361
220433
89362
220434
89363
220435
89364
220436
89365
220437
89366
220438
89367
220439
89368
220440
89369
220441
89370
220442
89371
220443
89372
220444
89373
220445
89374
220446
89375
220447
89376
220448
89377
220449
89378
220450
89379
220451
89380
220452
89381
220453
89382
220454
89383
220455
89384
220456
89385
220457
89386
220458
89387
220459
89388
220460
89389
220461
89390
220462
89391
220463
89392
220464
89393
220465
89394
220466
89395
220467
89396
220468
89397
220469
89398
220470
89399
220471
89400
220472
89401
220473
89402
220474
89403
220475
89404
220476
89405
220477
89406
220478
89407
220479
89408
220480
89409
220481
89410
220482
89411
220483
89412
220484
89413
220485
89414
220486
89415
220487
89416
220488
89417
220489
89418
220490
89419
220491
89420
220492
89421
220493
89422
220494
89423
220495
89424
220496
89425
220497
89426
220498
89427
220499
89428
220500
89429
220501
89430
220502
89431
220503
89432
220504
89433
220505
89434
220506
89435
220507
89436
220508
89437
220509
89438
220510
89439
220511
89440
220512
89441
220513
89442
220514
89443
220515
89444
220516
89445
220517
89446
220518
89447
220519
89448
220520
89449
220521
89450
220522
89451
220523
89452
220524
89453
220525
89454
220526
89455
220527
89456
220528
89457
220529
89458
220530
89459
220531
89460
220532
89461
220533
89462
220534
89463
220535
89464
220536
89465
220537
89466
220538
89467
220539
89468
220540
89469
220541
89470
220542
89471
220543
89472
220544
89473
220545
89474
220546
89475
220547
89476
220548
89477
220549
89478
220550
89479
220551
89480
220552
89481
220553
89482
220554
89483
220555
89484
220556
89485
220557
89486
220558
89487
220559
89488
220560
89489
220561
89490
220562
89491
220563
89492
220564
89493
220565
89494
220566
89495
220567
89496
220568
89497
220569
89498
220570
89499
220571
89500
220572
89501
220573
89502
220574
89503
220575
89504
220576
89505
220577
89506
220578
89507
220579
89508
220580
89509
220581
89510
220582
89511
220583
89512
220584
89513
220585
89514
220586
89515
220587
89516
220588
89517
220589
89518
220590
89519
220591
89520
220592
89521
220593
89522
220594
89523
220595
89524
220596
89525
220597
89526
220598
89527
220599
89528
220600
89529
220601
89530
220602
89531
220603
89532
220604
89533
220605
89534
220606
89535
220607
89536
220608
89537
220609
89538
220610
89539
220611
89540
220612
89541
220613
89542
220614
89543
220615
89544
220616
89545
220617
89546
220618
89547
220619
89548
220620
89549
220621
89550
220622
89551
220623
89552
220624
89553
220625
89554
220626
89555
220627
89556
220628
89557
220629
89558
220630
89559
220631
89560
220632
89561
220633
89562
220634
89563
220635
89564
220636
89565
220637
89566
220638
89567
220639
89568
220640
89569
220641
89570
220642
89571
220643
89572
220644
89573
220645
89574
220646
89575
220647
89576
220648
89577
220649
89578
220650
89579
220651
89580
220652
89581
220653
89582
220654
89583
220655
89584
220656
89585
220657
89586
220658
89587
220659
89588
220660
89589
220661
89590
220662
89591
220663
89592
220664
89593
220665
89594
220666
89595
220667
89596
220668
89597
220669
89598
220670
89599
220671
89600
220672
89601
220673
89602
220674
89603
220675
89604
220676
89605
220677
89606
220678
89607
220679
89608
220680
89609
220681
89610
220682
89611
220683
89612
220684
89613
220685
89614
220686
89615
220687
89616
220688
89617
220689
89618
220690
89619
220691
89620
220692
89621
220693
89622
220694
89623
220695
89624
220696
89625
220697
89626
220698
89627
220699
89628
220700
89629
220701
89630
220702
89631
220703
89632
220704
89633
220705
89634
220706
89635
220707
89636
220708
89637
220709
89638
220710
89639
220711
89640
220712
89641
220713
89642
220714
89643
220715
89644
220716
89645
220717
89646
220718
89647
220719
89648
220720
89649
220721
89650
220722
89651
220723
89652
220724
89653
220725
89654
220726
89655
220727
89656
220728
89657
220729
89658
220730
89659
220731
89660
220732
89661
220733
89662
220734
89663
220735
89664
220736
89665
220737
89666
220738
89667
220739
89668
220740
89669
220741
89670
220742
89671
220743
89672
220744
89673
220745
89674
220746
89675
220747
89676
220748
89677
220749
89678
220750
89679
220751
89680
220752
89681
220753
89682
220754
89683
220755
89684
220756
89685
220757
89686
220758
89687
220759
89688
220760
89689
220761
89690
220762
89691
220763
89692
220764
89693
220765
89694
220766
89695
220767
89696
220768
89697
220769
89698
220770
89699
220771
89700
220772
89701
220773
89702
220774
89703
220775
89704
220776
89705
220777
89706
220778
89707
220779
89708
220780
89709
220781
89710
220782
89711
220783
89712
220784
89713
220785
89714
220786
89715
220787
89716
220788
89717
220789
89718
220790
89719
220791
89720
220792
89721
220793
89722
220794
89723
220795
89724
220796
89725
220797
89726
220798
89727
220799
89728
220800
89729
220801
89730
220802
89731
220803
89732
220804
89733
220805
89734
220806
89735
220807
89736
220808
89737
220809
89738
220810
89739
220811
89740
220812
89741
220813
89742
220814
89743
220815
89744
220816
89745
220817
89746
220818
89747
220819
89748
220820
89749
220821
89750
220822
89751
220823
89752
220824
89753
220825
89754
220826
89755
220827
89756
220828
89757
220829
89758
220830
89759
220831
89760
220832
89761
220833
89762
220834
89763
220835
89764
220836
89765
220837
89766
220838
89767
220839
89768
220840
89769
220841
89770
220842
89771
220843
89772
220844
89773
220845
89774
220846
89775
220847
89776
220848
89777
220849
89778
220850
89779
220851
89780
220852
89781
220853
89782
220854
89783
220855
89784
220856
89785
220857
89786
220858
89787
220859
89788
220860
89789
220861
89790
220862
89791
220863
89792
220864
89793
220865
89794
220866
89795
220867
89796
220868
89797
220869
89798
220870
89799
220871
89800
220872
89801
220873
89802
220874
89803
220875
89804
220876
89805
220877
89806
220878
89807
220879
89808
220880
89809
220881
89810
220882
89811
220883
89812
220884
89813
220885
89814
220886
89815
220887
89816
220888
89817
220889
89818
220890
89819
220891
89820
220892
89821
220893
89822
220894
89823
220895
89824
220896
89825
220897
89826
220898
89827
220899
89828
220900
89829
220901
89830
220902
89831
220903
89832
220904
89833
220905
89834
220906
89835
220907
89836
220908
89837
220909
89838
220910
89839
220911
89840
220912
89841
220913
89842
220914
89843
220915
89844
220916
89845
220917
89846
220918
89847
220919
89848
220920
89849
220921
89850
220922
89851
220923
89852
220924
89853
220925
89854
220926
89855
220927
89856
220928
89857
220929
89858
220930
89859
220931
89860
220932
89861
220933
89862
220934
89863
220935
89864
220936
89865
220937
89866
220938
89867
220939
89868
220940
89869
220941
89870
220942
89871
220943
89872
220944
89873
220945
89874
220946
89875
220947
89876
220948
89877
220949
89878
220950
89879
220951
89880
220952
89881
220953
89882
220954
89883
220955
89884
220956
89885
220957
89886
220958
89887
220959
89888
220960
89889
220961
89890
220962
89891
220963
89892
220964
89893
220965
89894
220966
89895
220967
89896
220968
89897
220969
89898
220970
89899
220971
89900
220972
89901
220973
89902
220974
89903
220975
89904
220976
89905
220977
89906
220978
89907
220979
89908
220980
89909
220981
89910
220982
89911
220983
89912
220984
89913
220985
89914
220986
89915
220987
89916
220988
89917
220989
89918
220990
89919
220991
89920
220992
89921
220993
89922
220994
89923
220995
89924
220996
89925
220997
89926
220998
89927
220999
89928
221000
89929
221001
89930
221002
89931
221003
89932
221004
89933
221005
89934
221006
89935
221007
89936
221008
89937
221009
89938
221010
89939
221011
89940
221012
89941
221013
89942
221014
89943
221015
89944
221016
89945
221017
89946
221018
89947
221019
89948
221020
89949
221021
89950
221022
89951
221023
89952
221024
89953
221025
89954
221026
89955
221027
89956
221028
89957
221029
89958
221030
89959
221031
89960
221032
89961
221033
89962
221034
89963
221035
89964
221036
89965
221037
89966
221038
89967
221039
89968
221040
89969
221041
89970
221042
89971
221043
89972
221044
89973
221045
89974
221046
89975
221047
89976
221048
89977
221049
89978
221050
89979
221051
89980
221052
89981
221053
89982
221054
89983
221055
89984
221056
89985
221057
89986
221058
89987
221059
89988
221060
89989
221061
89990
221062
89991
221063
89992
221064
89993
221065
89994
221066
89995
221067
89996
221068
89997
221069
89998
221070
89999
221071
90000
221072
90001
221073
90002
221074
90003
221075
90004
221076
90005
221077
90006
221078
90007
221079
90008
221080
90009
221081
90010
221082
90011
221083
90012
221084
90013
221085
90014
221086
90015
221087
90016
221088
90017
221089
90018
221090
90019
221091
90020
221092
90021
221093
90022
221094
90023
221095
90024
221096
90025
221097
90026
221098
90027
221099
90028
221100
90029
221101
90030
221102
90031
221103
90032
221104
90033
221105
90034
221106
90035
221107
90036
221108
90037
221109
90038
221110
90039
221111
90040
221112
90041
221113
90042
221114
90043
221115
90044
221116
90045
221117
90046
221118
90047
221119
90048
221120
90049
221121
90050
221122
90051
221123
90052
221124
90053
221125
90054
221126
90055
221127
90056
221128
90057
221129
90058
221130
90059
221131
90060
221132
90061
221133
90062
221134
90063
221135
90064
221136
90065
221137
90066
221138
90067
221139
90068
221140
90069
221141
90070
221142
90071
221143
90072
221144
90073
221145
90074
221146
90075
221147
90076
221148
90077
221149
90078
221150
90079
221151
90080
221152
90081
221153
90082
221154
90083
221155
90084
221156
90085
221157
90086
221158
90087
221159
90088
221160
90089
221161
90090
221162
90091
221163
90092
221164
90093
221165
90094
221166
90095
221167
90096
221168
90097
221169
90098
221170
90099
221171
90100
221172
90101
221173
90102
221174
90103
221175
90104
221176
90105
221177
90106
221178
90107
221179
90108
221180
90109
221181
90110
221182
90111
221183
90112
221184
90113
221185
90114
221186
90115
221187
90116
221188
90117
221189
90118
221190
90119
221191
90120
221192
90121
221193
90122
221194
90123
221195
90124
221196
90125
221197
90126
221198
90127
221199
90128
221200
90129
221201
90130
221202
90131
221203
90132
221204
90133
221205
90134
221206
90135
221207
90136
221208
90137
221209
90138
221210
90139
221211
90140
221212
90141
221213
90142
221214
90143
221215
90144
221216
90145
221217
90146
221218
90147
221219
90148
221220
90149
221221
90150
221222
90151
221223
90152
221224
90153
221225
90154
221226
90155
221227
90156
221228
90157
221229
90158
221230
90159
221231
90160
221232
90161
221233
90162
221234
90163
221235
90164
221236
90165
221237
90166
221238
90167
221239
90168
221240
90169
221241
90170
221242
90171
221243
90172
221244
90173
221245
90174
221246
90175
221247
90176
221248
90177
221249
90178
221250
90179
221251
90180
221252
90181
221253
90182
221254
90183
221255
90184
221256
90185
221257
90186
221258
90187
221259
90188
221260
90189
221261
90190
221262
90191
221263
90192
221264
90193
221265
90194
221266
90195
221267
90196
221268
90197
221269
90198
221270
90199
221271
90200
221272
90201
221273
90202
221274
90203
221275
90204
221276
90205
221277
90206
221278
90207
221279
90208
221280
90209
221281
90210
221282
90211
221283
90212
221284
90213
221285
90214
221286
90215
221287
90216
221288
90217
221289
90218
221290
90219
221291
90220
221292
90221
221293
90222
221294
90223
221295
90224
221296
90225
221297
90226
221298
90227
221299
90228
221300
90229
221301
90230
221302
90231
221303
90232
221304
90233
221305
90234
221306
90235
221307
90236
221308
90237
221309
90238
221310
90239
221311
90240
221312
90241
221313
90242
221314
90243
221315
90244
221316
90245
221317
90246
221318
90247
221319
90248
221320
90249
221321
90250
221322
90251
221323
90252
221324
90253
221325
90254
221326
90255
221327
90256
221328
90257
221329
90258
221330
90259
221331
90260
221332
90261
221333
90262
221334
90263
221335
90264
221336
90265
221337
90266
221338
90267
221339
90268
221340
90269
221341
90270
221342
90271
221343
90272
221344
90273
221345
90274
221346
90275
221347
90276
221348
90277
221349
90278
221350
90279
221351
90280
221352
90281
221353
90282
221354
90283
221355
90284
221356
90285
221357
90286
221358
90287
221359
90288
221360
90289
221361
90290
221362
90291
221363
90292
221364
90293
221365
90294
221366
90295
221367
90296
221368
90297
221369
90298
221370
90299
221371
90300
221372
90301
221373
90302
221374
90303
221375
90304
221376
90305
221377
90306
221378
90307
221379
90308
221380
90309
221381
90310
221382
90311
221383
90312
221384
90313
221385
90314
221386
90315
221387
90316
221388
90317
221389
90318
221390
90319
221391
90320
221392
90321
221393
90322
221394
90323
221395
90324
221396
90325
221397
90326
221398
90327
221399
90328
221400
90329
221401
90330
221402
90331
221403
90332
221404
90333
221405
90334
221406
90335
221407
90336
221408
90337
221409
90338
221410
90339
221411
90340
221412
90341
221413
90342
221414
90343
221415
90344
221416
90345
221417
90346
221418
90347
221419
90348
221420
90349
221421
90350
221422
90351
221423
90352
221424
90353
221425
90354
221426
90355
221427
90356
221428
90357
221429
90358
221430
90359
221431
90360
221432
90361
221433
90362
221434
90363
221435
90364
221436
90365
221437
90366
221438
90367
221439
90368
221440
90369
221441
90370
221442
90371
221443
90372
221444
90373
221445
90374
221446
90375
221447
90376
221448
90377
221449
90378
221450
90379
221451
90380
221452
90381
221453
90382
221454
90383
221455
90384
221456
90385
221457
90386
221458
90387
221459
90388
221460
90389
221461
90390
221462
90391
221463
90392
221464
90393
221465
90394
221466
90395
221467
90396
221468
90397
221469
90398
221470
90399
221471
90400
221472
90401
221473
90402
221474
90403
221475
90404
221476
90405
221477
90406
221478
90407
221479
90408
221480
90409
221481
90410
221482
90411
221483
90412
221484
90413
221485
90414
221486
90415
221487
90416
221488
90417
221489
90418
221490
90419
221491
90420
221492
90421
221493
90422
221494
90423
221495
90424
221496
90425
221497
90426
221498
90427
221499
90428
221500
90429
221501
90430
221502
90431
221503
90432
221504
90433
221505
90434
221506
90435
221507
90436
221508
90437
221509
90438
221510
90439
221511
90440
221512
90441
221513
90442
221514
90443
221515
90444
221516
90445
221517
90446
221518
90447
221519
90448
221520
90449
221521
90450
221522
90451
221523
90452
221524
90453
221525
90454
221526
90455
221527
90456
221528
90457
221529
90458
221530
90459
221531
90460
221532
90461
221533
90462
221534
90463
221535
90464
221536
90465
221537
90466
221538
90467
221539
90468
221540
90469
221541
90470
221542
90471
221543
90472
221544
90473
221545
90474
221546
90475
221547
90476
221548
90477
221549
90478
221550
90479
221551
90480
221552
90481
221553
90482
221554
90483
221555
90484
221556
90485
221557
90486
221558
90487
221559
90488
221560
90489
221561
90490
221562
90491
221563
90492
221564
90493
221565
90494
221566
90495
221567
90496
221568
90497
221569
90498
221570
90499
221571
90500
221572
90501
221573
90502
221574
90503
221575
90504
221576
90505
221577
90506
221578
90507
221579
90508
221580
90509
221581
90510
221582
90511
221583
90512
221584
90513
221585
90514
221586
90515
221587
90516
221588
90517
221589
90518
221590
90519
221591
90520
221592
90521
221593
90522
221594
90523
221595
90524
221596
90525
221597
90526
221598
90527
221599
90528
221600
90529
221601
90530
221602
90531
221603
90532
221604
90533
221605
90534
221606
90535
221607
90536
221608
90537
221609
90538
221610
90539
221611
90540
221612
90541
221613
90542
221614
90543
221615
90544
221616
90545
221617
90546
221618
90547
221619
90548
221620
90549
221621
90550
221622
90551
221623
90552
221624
90553
221625
90554
221626
90555
221627
90556
221628
90557
221629
90558
221630
90559
221631
90560
221632
90561
221633
90562
221634
90563
221635
90564
221636
90565
221637
90566
221638
90567
221639
90568
221640
90569
221641
90570
221642
90571
221643
90572
221644
90573
221645
90574
221646
90575
221647
90576
221648
90577
221649
90578
221650
90579
221651
90580
221652
90581
221653
90582
221654
90583
221655
90584
221656
90585
221657
90586
221658
90587
221659
90588
221660
90589
221661
90590
221662
90591
221663
90592
221664
90593
221665
90594
221666
90595
221667
90596
221668
90597
221669
90598
221670
90599
221671
90600
221672
90601
221673
90602
221674
90603
221675
90604
221676
90605
221677
90606
221678
90607
221679
90608
221680
90609
221681
90610
221682
90611
221683
90612
221684
90613
221685
90614
221686
90615
221687
90616
221688
90617
221689
90618
221690
90619
221691
90620
221692
90621
221693
90622
221694
90623
221695
90624
221696
90625
221697
90626
221698
90627
221699
90628
221700
90629
221701
90630
221702
90631
221703
90632
221704
90633
221705
90634
221706
90635
221707
90636
221708
90637
221709
90638
221710
90639
221711
90640
221712
90641
221713
90642
221714
90643
221715
90644
221716
90645
221717
90646
221718
90647
221719
90648
221720
90649
221721
90650
221722
90651
221723
90652
221724
90653
221725
90654
221726
90655
221727
90656
221728
90657
221729
90658
221730
90659
221731
90660
221732
90661
221733
90662
221734
90663
221735
90664
221736
90665
221737
90666
221738
90667
221739
90668
221740
90669
221741
90670
221742
90671
221743
90672
221744
90673
221745
90674
221746
90675
221747
90676
221748
90677
221749
90678
221750
90679
221751
90680
221752
90681
221753
90682
221754
90683
221755
90684
221756
90685
221757
90686
221758
90687
221759
90688
221760
90689
221761
90690
221762
90691
221763
90692
221764
90693
221765
90694
221766
90695
221767
90696
221768
90697
221769
90698
221770
90699
221771
90700
221772
90701
221773
90702
221774
90703
221775
90704
221776
90705
221777
90706
221778
90707
221779
90708
221780
90709
221781
90710
221782
90711
221783
90712
221784
90713
221785
90714
221786
90715
221787
90716
221788
90717
221789
90718
221790
90719
221791
90720
221792
90721
221793
90722
221794
90723
221795
90724
221796
90725
221797
90726
221798
90727
221799
90728
221800
90729
221801
90730
221802
90731
221803
90732
221804
90733
221805
90734
221806
90735
221807
90736
221808
90737
221809
90738
221810
90739
221811
90740
221812
90741
221813
90742
221814
90743
221815
90744
221816
90745
221817
90746
221818
90747
221819
90748
221820
90749
221821
90750
221822
90751
221823
90752
221824
90753
221825
90754
221826
90755
221827
90756
221828
90757
221829
90758
221830
90759
221831
90760
221832
90761
221833
90762
221834
90763
221835
90764
221836
90765
221837
90766
221838
90767
221839
90768
221840
90769
221841
90770
221842
90771
221843
90772
221844
90773
221845
90774
221846
90775
221847
90776
221848
90777
221849
90778
221850
90779
221851
90780
221852
90781
221853
90782
221854
90783
221855
90784
221856
90785
221857
90786
221858
90787
221859
90788
221860
90789
221861
90790
221862
90791
221863
90792
221864
90793
221865
90794
221866
90795
221867
90796
221868
90797
221869
90798
221870
90799
221871
90800
221872
90801
221873
90802
221874
90803
221875
90804
221876
90805
221877
90806
221878
90807
221879
90808
221880
90809
221881
90810
221882
90811
221883
90812
221884
90813
221885
90814
221886
90815
221887
90816
221888
90817
221889
90818
221890
90819
221891
90820
221892
90821
221893
90822
221894
90823
221895
90824
221896
90825
221897
90826
221898
90827
221899
90828
221900
90829
221901
90830
221902
90831
221903
90832
221904
90833
221905
90834
221906
90835
221907
90836
221908
90837
221909
90838
221910
90839
221911
90840
221912
90841
221913
90842
221914
90843
221915
90844
221916
90845
221917
90846
221918
90847
221919
90848
221920
90849
221921
90850
221922
90851
221923
90852
221924
90853
221925
90854
221926
90855
221927
90856
221928
90857
221929
90858
221930
90859
221931
90860
221932
90861
221933
90862
221934
90863
221935
90864
221936
90865
221937
90866
221938
90867
221939
90868
221940
90869
221941
90870
221942
90871
221943
90872
221944
90873
221945
90874
221946
90875
221947
90876
221948
90877
221949
90878
221950
90879
221951
90880
221952
90881
221953
90882
221954
90883
221955
90884
221956
90885
221957
90886
221958
90887
221959
90888
221960
90889
221961
90890
221962
90891
221963
90892
221964
90893
221965
90894
221966
90895
221967
90896
221968
90897
221969
90898
221970
90899
221971
90900
221972
90901
221973
90902
221974
90903
221975
90904
221976
90905
221977
90906
221978
90907
221979
90908
221980
90909
221981
90910
221982
90911
221983
90912
221984
90913
221985
90914
221986
90915
221987
90916
221988
90917
221989
90918
221990
90919
221991
90920
221992
90921
221993
90922
221994
90923
221995
90924
221996
90925
221997
90926
221998
90927
221999
90928
222000
90929
222001
90930
222002
90931
222003
90932
222004
90933
222005
90934
222006
90935
222007
90936
222008
90937
222009
90938
222010
90939
222011
90940
222012
90941
222013
90942
222014
90943
222015
90944
222016
90945
222017
90946
222018
90947
222019
90948
222020
90949
222021
90950
222022
90951
222023
90952
222024
90953
222025
90954
222026
90955
222027
90956
222028
90957
222029
90958
222030
90959
222031
90960
222032
90961
222033
90962
222034
90963
222035
90964
222036
90965
222037
90966
222038
90967
222039
90968
222040
90969
222041
90970
222042
90971
222043
90972
222044
90973
222045
90974
222046
90975
222047
90976
222048
90977
222049
90978
222050
90979
222051
90980
222052
90981
222053
90982
222054
90983
222055
90984
222056
90985
222057
90986
222058
90987
222059
90988
222060
90989
222061
90990
222062
90991
222063
90992
222064
90993
222065
90994
222066
90995
222067
90996
222068
90997
222069
90998
222070
90999
222071
91000
222072
91001
222073
91002
222074
91003
222075
91004
222076
91005
222077
91006
222078
91007
222079
91008
222080
91009
222081
91010
222082
91011
222083
91012
222084
91013
222085
91014
222086
91015
222087
91016
222088
91017
222089
91018
222090
91019
222091
91020
222092
91021
222093
91022
222094
91023
222095
91024
222096
91025
222097
91026
222098
91027
222099
91028
222100
91029
222101
91030
222102
91031
222103
91032
222104
91033
222105
91034
222106
91035
222107
91036
222108
91037
222109
91038
222110
91039
222111
91040
222112
91041
222113
91042
222114
91043
222115
91044
222116
91045
222117
91046
222118
91047
222119
91048
222120
91049
222121
91050
222122
91051
222123
91052
222124
91053
222125
91054
222126
91055
222127
91056
222128
91057
222129
91058
222130
91059
222131
91060
222132
91061
222133
91062
222134
91063
222135
91064
222136
91065
222137
91066
222138
91067
222139
91068
222140
91069
222141
91070
222142
91071
222143
91072
222144
91073
222145
91074
222146
91075
222147
91076
222148
91077
222149
91078
222150
91079
222151
91080
222152
91081
222153
91082
222154
91083
222155
91084
222156
91085
222157
91086
222158
91087
222159
91088
222160
91089
222161
91090
222162
91091
222163
91092
222164
91093
222165
91094
222166
91095
222167
91096
222168
91097
222169
91098
222170
91099
222171
91100
222172
91101
222173
91102
222174
91103
222175
91104
222176
91105
222177
91106
222178
91107
222179
91108
222180
91109
222181
91110
222182
91111
222183
91112
222184
91113
222185
91114
222186
91115
222187
91116
222188
91117
222189
91118
222190
91119
222191
91120
222192
91121
222193
91122
222194
91123
222195
91124
222196
222197
222198
222199
222200
222201
222202
222203
222204
222205
222206
222207
222208
222209
222210
222211
222212
222213
222214
222215
222216
222217
222218
222219
222220
222221
222222
222223
222224
222225
222226
222227
222228
222229
222230
222231
222232
222233
222234
222235
222236
222237
222238
222239
222240
222241
222242
222243
222244
222245
222246
222247
222248
222249
222250
222251
222252
222253
222254
222255
222256
222257
222258
222259
222260
222261
222262
222263
222264
222265
222266
222267
222268
222269
222270
222271
222272
222273
222274
222275
222276
222277
222278
222279
222280
222281
222282
222283
222284
222285
222286
222287
222288
222289
222290
222291
222292
222293
222294
222295
222296
222297
222298
222299
222300
222301
222302
222303
222304
222305
222306
222307
222308
222309
222310
222311
222312
222313
222314
222315
222316
222317
222318
222319
222320
222321
222322
222323
222324
222325
222326
222327
222328
222329
222330
222331
222332
222333
222334
222335
222336
222337
222338
222339
222340
222341
222342
222343
222344
222345
222346
222347
222348
222349
222350
222351
222352
222353
222354
222355
222356
222357
222358
222359
222360
222361
222362
222363
222364
222365
222366
222367
222368
222369
222370
222371
222372
222373
222374
222375
222376
222377
222378
222379
222380
222381
222382
222383
222384
222385
222386
222387
222388
222389
222390
222391
222392
222393
222394
222395
222396
222397
222398
222399
222400
222401
222402
222403
222404
222405
222406
222407
222408
222409
222410
222411
222412
222413
222414
222415
222416
222417
222418
222419
222420
222421
222422
222423
222424
222425
222426
222427
222428
222429
222430
222431
222432
222433
222434
222435
222436
222437
222438
222439
222440
222441
222442
222443
222444
222445
222446
222447
222448
222449
222450
222451
222452
222453
222454
222455
222456
222457
222458
222459
222460
222461
222462
222463
222464
222465
222466
222467
222468
222469
222470
222471
222472
222473
222474
222475
222476
222477
222478
222479
222480
222481
222482
222483
222484
222485
222486
222487
222488
222489
222490
222491
222492
222493
222494
222495
222496
222497
222498
222499
222500
222501
222502
222503
222504
222505
222506
222507
222508
222509
222510
222511
222512
222513
222514
222515
222516
222517
222518
222519
222520
222521
222522
222523
222524
222525
222526
222527
222528
222529
222530
222531
222532
222533
222534
222535
222536
222537
222538
222539
222540
222541
222542
222543
222544
222545
222546
222547
222548
222549
222550
222551
222552
222553
222554
222555
222556
222557
222558
222559
222560
222561
222562
222563
222564
222565
222566
222567
222568
222569
222570
222571
222572
222573
222574
222575
222576
222577
222578
222579
222580
222581
222582
222583
222584
222585
222586
222587
222588
222589
222590
222591
222592
222593
222594
222595
222596
222597
222598
222599
222600
222601
222602
222603
222604
222605
222606
222607
222608
222609
222610
222611
222612
222613
222614
222615
222616
222617
222618
222619
222620
222621
222622
222623
222624
222625
222626
222627
222628
222629
222630
222631
222632
222633
222634
222635
222636
222637
222638
222639
222640
222641
222642
222643
222644
222645
222646
222647
222648
222649
222650
222651
222652
222653
222654
222655
222656
222657
222658
222659
222660
222661
222662
222663
222664
222665
222666
222667
222668
222669
222670
222671
222672
222673
222674
222675
222676
222677
222678
222679
222680
222681
222682
222683
222684
222685
222686
222687
222688
222689
222690
222691
222692
222693
222694
222695
222696
222697
222698
222699
222700
222701
222702
222703
222704
222705
222706
222707
222708
222709
222710
222711
222712
222713
222714
222715
222716
222717
222718
222719
222720
222721
222722
222723
222724
222725
222726
222727
222728
222729
222730
222731
222732
222733
222734
222735
222736
222737
222738
222739
222740
222741
222742
222743
222744
222745
222746
222747
222748
222749
222750
222751
222752
222753
222754
222755
222756
222757
222758
222759
222760
222761
222762
222763
222764
222765
222766
222767
222768
222769
222770
222771
222772
222773
222774
222775
222776
222777
222778
222779
222780
222781
222782
222783
222784
222785
222786
222787
222788
222789
222790
222791
222792
222793
222794
222795
222796
222797
222798
222799
222800
222801
222802
222803
222804
222805
222806
222807
222808
222809
222810
222811
222812
222813
222814
222815
222816
222817
222818
222819
222820
222821
222822
222823
222824
222825
222826
222827
222828
222829
222830
222831
222832
222833
222834
222835
222836
222837
222838
222839
222840
222841
222842
222843
222844
222845
222846
222847
222848
222849
222850
222851
222852
222853
222854
222855
222856
222857
222858
222859
222860
222861
222862
222863
222864
222865
222866
222867
222868
222869
222870
222871
222872
222873
222874
222875
222876
222877
222878
222879
222880
222881
222882
222883
222884
222885
222886
222887
222888
222889
222890
222891
222892
222893
222894
222895
222896
222897
222898
222899
222900
222901
222902
222903
222904
222905
222906
222907
222908
222909
222910
222911
222912
222913
222914
222915
222916
222917
222918
222919
222920
222921
222922
222923
222924
222925
222926
222927
222928
222929
222930
222931
222932
222933
222934
222935
222936
222937
222938
222939
222940
222941
222942
222943
222944
222945
222946
222947
222948
222949
222950
222951
222952
222953
222954
222955
222956
222957
222958
222959
222960
222961
222962
222963
222964
222965
222966
222967
222968
222969
222970
222971
222972
222973
222974
222975
222976
222977
222978
222979
222980
222981
222982
222983
222984
222985
222986
222987
222988
222989
222990
222991
222992
222993
222994
222995
222996
222997
222998
222999
223000
223001
223002
223003
223004
223005
223006
223007
223008
223009
223010
223011
223012
223013
223014
223015
223016
223017
223018
223019
223020
223021
223022
223023
223024
223025
223026
223027
223028
223029
223030
223031
223032
223033
223034
223035
223036
223037
223038
223039
223040
223041
223042
223043
223044
223045
223046
223047
223048
223049
223050
223051
223052
223053
223054
223055
223056
223057
223058
223059
223060
223061
223062
223063
223064
223065
223066
223067
223068
223069
223070
223071
223072
223073
223074
223075
223076
223077
223078
223079
223080
223081
223082
223083
223084
223085
223086
223087
223088
223089
223090
223091
223092
223093
223094
223095
223096
223097
223098
223099
223100
223101
223102
223103
223104
223105
223106
223107
223108
223109
223110
223111
223112
223113
223114
223115
223116
223117
223118
223119
223120
223121
223122
223123
223124
223125
223126
223127
223128
223129
223130
223131
223132
223133
223134
223135
223136
223137
223138
223139
223140
223141
223142
223143
223144
223145
223146
223147
223148
223149
223150
223151
223152
223153
223154
223155
223156
223157
223158
223159
223160
223161
223162
223163
223164
223165
223166
223167
223168
223169
223170
223171
223172
223173
223174
223175
223176
223177
223178
223179
223180
223181
223182
223183
223184
223185
223186
223187
223188
223189
223190
223191
223192
223193
223194
223195
223196
223197
223198
223199
223200
223201
223202
223203
223204
223205
223206
223207
223208
223209
223210
223211
223212
223213
223214
223215
223216
223217
223218
223219
223220
223221
223222
223223
223224
223225
223226
223227
223228
223229
223230
223231
223232
223233
223234
223235
223236
223237
223238
223239
223240
223241
223242
223243
223244
223245
223246
223247
223248
223249
223250
223251
223252
223253
223254
223255
223256
223257
223258
223259
223260
223261
223262
223263
223264
223265
223266
223267
223268
223269
223270
223271
223272
223273
223274
223275
223276
223277
223278
223279
223280
223281
223282
223283
223284
223285
223286
223287
223288
223289
223290
223291
223292
223293
223294
223295
223296
223297
223298
223299
223300
223301
223302
223303
223304
223305
223306
223307
223308
223309
223310
223311
223312
223313
223314
223315
223316
223317
223318
223319
223320
223321
223322
223323
223324
223325
223326
223327
223328
223329
223330
223331
223332
223333
223334
223335
223336
223337
223338
223339
223340
223341
223342
223343
223344
223345
223346
223347
223348
223349
223350
223351
223352
223353
223354
223355
223356
223357
223358
223359
223360
223361
223362
223363
223364
223365
223366
223367
223368
223369
223370
223371
223372
223373
223374
223375
223376
223377
223378
223379
223380
223381
223382
223383
223384
223385
223386
223387
223388
223389
223390
223391
223392
223393
223394
223395
223396
223397
223398
223399
223400
223401
223402
223403
223404
223405
223406
223407
223408
223409
223410
223411
223412
223413
223414
223415
223416
223417
223418
223419
223420
223421
223422
223423
223424
223425
223426
223427
223428
223429
223430
223431
223432
223433
223434
223435
223436
223437
223438
223439
223440
223441
223442
223443
223444
223445
223446
223447
223448
223449
223450
223451
223452
223453
223454
223455
223456
223457
223458
223459
223460
223461
223462
223463
223464
223465
223466
223467
223468
223469
223470
223471
223472
223473
223474
223475
223476
223477
223478
223479
223480
223481
223482
223483
223484
223485
223486
223487
223488
223489
223490
223491
223492
223493
223494
223495
223496
223497
223498
223499
223500
223501
223502
223503
223504
223505
223506
223507
223508
223509
223510
223511
223512
223513
223514
223515
223516
223517
223518
223519
223520
223521
223522
223523
223524
223525
223526
223527
223528
223529
223530
223531
223532
223533
223534
223535
223536
223537
223538
223539
223540
223541
223542
223543
223544
223545
223546
223547
223548
223549
223550
223551
223552
223553
223554
223555
223556
223557
223558
223559
223560
223561
223562
223563
223564
223565
223566
223567
223568
223569
223570
223571
223572
223573
223574
223575
223576
223577
223578
223579
223580
223581
223582
223583
223584
223585
223586
223587
223588
223589
223590
223591
223592
223593
223594
223595
223596
223597
223598
223599
223600
223601
223602
223603
223604
223605
223606
223607
223608
223609
223610
223611
223612
223613
223614
223615
223616
223617
223618
223619
223620
223621
223622
223623
223624
223625
223626
223627
223628
223629
223630
223631
223632
223633
223634
223635
223636
223637
223638
223639
223640
223641
223642
223643
223644
223645
223646
223647
223648
223649
223650
223651
223652
223653
223654
223655
223656
223657
223658
223659
223660
223661
223662
223663
223664
223665
223666
223667
223668
223669
223670
223671
223672
223673
223674
223675
223676
223677
223678
223679
223680
223681
223682
223683
223684
223685
223686
223687
223688
223689
223690
223691
223692
223693
223694
223695
223696
223697
223698
223699
223700
223701
223702
223703
223704
223705
223706
223707
223708
223709
223710
223711
223712
223713
223714
223715
223716
223717
223718
223719
223720
223721
223722
223723
223724
223725
223726
223727
223728
223729
223730
223731
223732
223733
223734
223735
223736
223737
223738
223739
223740
223741
223742
223743
223744
223745
223746
223747
223748
223749
223750
223751
223752
223753
223754
223755
223756
223757
223758
223759
223760
223761
223762
223763
223764
223765
223766
223767
223768
223769
223770
223771
223772
223773
223774
223775
223776
223777
223778
223779
223780
223781
223782
223783
223784
223785
223786
223787
223788
223789
223790
223791
223792
223793
223794
223795
223796
223797
223798
223799
223800
223801
223802
223803
223804
223805
223806
223807
223808
223809
223810
223811
223812
223813
223814
223815
223816
223817
223818
223819
223820
223821
223822
223823
223824
223825
223826
223827
223828
223829
223830
223831
223832
223833
223834
223835
223836
223837
223838
223839
223840
223841
223842
223843
223844
223845
223846
223847
223848
223849
223850
223851
223852
223853
223854
223855
223856
223857
223858
223859
223860
223861
223862
223863
223864
223865
223866
223867
223868
223869
223870
223871
223872
223873
223874
223875
223876
223877
223878
223879
223880
223881
223882
223883
223884
223885
223886
223887
223888
223889
223890
223891
223892
223893
223894
223895
223896
223897
223898
223899
223900
223901
223902
223903
223904
223905
223906
223907
223908
223909
223910
223911
223912
223913
223914
223915
223916
223917
223918
223919
223920
223921
223922
223923
223924
223925
223926
223927
223928
223929
223930
223931
223932
223933
223934
223935
223936
223937
223938
223939
223940
223941
223942
223943
223944
223945
223946
223947
223948
223949
223950
223951
223952
223953
223954
223955
223956
223957
223958
223959
223960
223961
223962
223963
223964
223965
223966
223967
223968
223969
223970
223971
223972
223973
223974
223975
223976
223977
223978
223979
223980
223981
223982
223983
223984
223985
223986
223987
223988
223989
223990
223991
223992
223993
223994
223995
223996
223997
223998
223999
224000
224001
224002
224003
224004
224005
224006
224007
224008
224009
224010
224011
224012
224013
224014
224015
224016
224017
224018
224019
224020
224021
224022
224023
224024
224025
224026
224027
224028
224029
224030
224031
224032
224033
224034
224035
224036
224037
224038
224039
224040
224041
224042
224043
224044
224045
224046
224047
224048
224049
224050
224051
224052
224053
224054
224055
224056
224057
224058
224059
224060
224061
224062
224063
224064
224065
224066
224067
224068
224069
224070
224071
224072
224073
224074
224075
224076
224077
224078
224079
224080
224081
224082
224083
224084
224085
224086
224087
224088
224089
224090
224091
224092
224093
224094
224095
224096
224097
224098
224099
224100
224101
224102
224103
224104
224105
224106
224107
224108
224109
224110
224111
224112
224113
224114
224115
224116
224117
224118
224119
224120
224121
224122
224123
224124
224125
224126
224127
224128
224129
224130
224131
224132
224133
224134
224135
224136
224137
224138
224139
224140
224141
224142
224143
224144
224145
224146
224147
224148
224149
224150
224151
224152
224153
224154
224155
224156
224157
224158
224159
224160
224161
224162
224163
224164
224165
224166
224167
224168
224169
224170
224171
224172
224173
224174
224175
224176
224177
224178
224179
224180
224181
224182
224183
224184
224185
224186
224187
224188
224189
224190
224191
224192
224193
224194
224195
224196
224197
224198
224199
224200
224201
224202
224203
224204
224205
224206
224207
224208
224209
224210
224211
224212
224213
224214
224215
224216
224217
224218
224219
224220
224221
224222
224223
224224
224225
224226
224227
224228
224229
224230
224231
224232
224233
224234
224235
224236
224237
224238
224239
224240
224241
224242
224243
224244
224245
224246
224247
224248
224249
224250
224251
224252
224253
224254
224255
224256
224257
224258
224259
224260
224261
224262
224263
224264
224265
224266
224267
224268
224269
224270
224271
224272
224273
224274
224275
224276
224277
224278
224279
224280
224281
224282
224283
224284
224285
224286
224287
224288
224289
224290
224291
224292
224293
224294
224295
224296
224297
224298
224299
224300
224301
224302
224303
224304
224305
224306
224307
224308
224309
224310
224311
224312
224313
224314
224315
224316
224317
224318
224319
224320
224321
224322
224323
224324
224325
224326
224327
224328
224329
224330
224331
224332
224333
224334
224335
224336
224337
224338
224339
224340
224341
224342
224343
224344
224345
224346
224347
224348
224349
224350
224351
224352
224353
224354
224355
224356
224357
224358
224359
224360
224361
224362
224363
224364
224365
224366
224367
224368
224369
224370
224371
224372
224373
224374
224375
224376
224377
224378
224379
224380
224381
224382
224383
224384
224385
224386
224387
224388
224389
224390
224391
224392
224393
224394
224395
224396
224397
224398
224399
224400
224401
224402
224403
224404
224405
224406
224407
224408
224409
224410
224411
224412
224413
224414
224415
224416
224417
224418
224419
224420
224421
224422
224423
224424
224425
224426
224427
224428
224429
224430
224431
224432
224433
224434
224435
224436
224437
224438
224439
224440
224441
224442
224443
224444
224445
224446
224447
224448
224449
224450
224451
224452
224453
224454
224455
224456
224457
224458
224459
224460
224461
224462
224463
224464
224465
224466
224467
224468
224469
224470
224471
224472
224473
224474
224475
224476
224477
224478
224479
224480
224481
224482
224483
224484
224485
224486
224487
224488
224489
224490
224491
224492
224493
224494
224495
224496
224497
224498
224499
224500
224501
224502
224503
224504
224505
224506
224507
224508
224509
224510
224511
224512
224513
224514
224515
224516
224517
224518
224519
224520
224521
224522
224523
224524
224525
224526
224527
224528
224529
224530
224531
224532
224533
224534
224535
224536
224537
224538
224539
224540
224541
224542
224543
224544
224545
224546
224547
224548
224549
224550
224551
224552
224553
224554
224555
224556
224557
224558
224559
224560
224561
224562
224563
224564
224565
224566
224567
224568
224569
224570
224571
224572
224573
224574
224575
224576
224577
224578
224579
224580
224581
224582
224583
224584
224585
224586
224587
224588
224589
224590
224591
224592
224593
224594
224595
224596
224597
224598
224599
224600
224601
224602
224603
224604
224605
224606
224607
224608
224609
224610
224611
224612
224613
224614
224615
224616
224617
224618
224619
224620
224621
224622
224623
224624
224625
224626
224627
224628
224629
224630
224631
224632
224633
224634
224635
224636
224637
224638
224639
224640
224641
224642
224643
224644
224645
224646
224647
224648
224649
224650
224651
224652
224653
224654
224655
224656
224657
224658
224659
224660
224661
224662
224663
224664
224665
224666
224667
224668
224669
224670
224671
224672
224673
224674
224675
224676
224677
224678
224679
224680
224681
224682
224683
224684
224685
224686
224687
224688
224689
224690
224691
224692
224693
224694
224695
224696
224697
224698
224699
224700
224701
224702
224703
224704
224705
224706
224707
224708
224709
224710
224711
224712
224713
224714
224715
224716
224717
224718
224719
224720
224721
224722
224723
224724
224725
224726
224727
224728
224729
224730
224731
224732
224733
224734
224735
224736
224737
224738
224739
224740
224741
224742
224743
224744
224745
224746
224747
224748
224749
224750
224751
224752
224753
224754
224755
224756
224757
224758
224759
224760
224761
224762
224763
224764
224765
224766
224767
224768
224769
224770
224771
224772
224773
224774
224775
224776
224777
224778
224779
224780
224781
224782
224783
224784
224785
224786
224787
224788
224789
224790
224791
224792
224793
224794
224795
224796
224797
224798
224799
224800
224801
224802
224803
224804
224805
224806
224807
224808
224809
224810
224811
224812
224813
224814
224815
224816
224817
224818
224819
224820
224821
224822
224823
224824
224825
224826
224827
224828
224829
224830
224831
224832
224833
224834
224835
224836
224837
224838
224839
224840
224841
224842
224843
224844
224845
224846
224847
224848
224849
224850
224851
224852
224853
224854
224855
224856
224857
224858
224859
224860
224861
224862
224863
224864
224865
224866
224867
224868
224869
224870
224871
224872
224873
224874
224875
224876
224877
224878
224879
224880
224881
224882
224883
224884
224885
224886
224887
224888
224889
224890
224891
224892
224893
224894
224895
224896
224897
224898
224899
224900
224901
224902
224903
224904
224905
224906
224907
224908
224909
224910
224911
224912
224913
224914
224915
224916
224917
224918
224919
224920
224921
224922
224923
224924
224925
224926
224927
224928
224929
224930
224931
224932
224933
224934
224935
224936
224937
224938
224939
224940
224941
224942
224943
224944
224945
224946
224947
224948
224949
224950
224951
224952
224953
224954
224955
224956
224957
224958
224959
224960
224961
224962
224963
224964
224965
224966
224967
224968
224969
224970
224971
224972
224973
224974
224975
224976
224977
224978
224979
224980
224981
224982
224983
224984
224985
224986
224987
224988
224989
224990
224991
224992
224993
224994
224995
224996
224997
224998
224999
225000
225001
225002
225003
225004
225005
225006
225007
225008
225009
225010
225011
225012
225013
225014
225015
225016
225017
225018
225019
225020
225021
225022
225023
225024
225025
225026
225027
225028
225029
225030
225031
225032
225033
225034
225035
225036
225037
225038
225039
225040
225041
225042
225043
225044
225045
225046
225047
225048
225049
225050
225051
225052
225053
225054
225055
225056
225057
225058
225059
225060
225061
225062
225063
225064
225065
225066
225067
225068
225069
225070
225071
225072
225073
225074
225075
225076
225077
225078
225079
225080
225081
225082
225083
225084
225085
225086
225087
225088
225089
225090
225091
225092
225093
225094
225095
225096
225097
225098
225099
225100
225101
225102
225103
225104
225105
225106
225107
225108
225109
225110
225111
225112
225113
225114
225115
225116
225117
225118
225119
225120
225121
225122
225123
225124
225125
225126
225127
225128
225129
225130
225131
225132
225133
225134
225135
225136
225137
225138
225139
225140
225141
225142
225143
225144
225145
225146
225147
225148
225149
225150
225151
225152
225153
225154
225155
225156
225157
225158
225159
225160
225161
225162
225163
225164
225165
225166
225167
225168
225169
225170
225171
225172
225173
225174
225175
225176
225177
225178
225179
225180
225181
225182
225183
225184
225185
225186
225187
225188
225189
225190
225191
225192
225193
225194
225195
225196
225197
225198
225199
225200
225201
225202
225203
225204
225205
225206
225207
225208
225209
225210
225211
225212
225213
225214
225215
225216
225217
225218
225219
225220
225221
225222
225223
225224
225225
225226
225227
225228
225229
225230
225231
225232
225233
225234
225235
225236
225237
225238
225239
225240
225241
225242
225243
225244
225245
225246
225247
225248
225249
225250
225251
225252
225253
225254
225255
225256
225257
225258
225259
225260
225261
225262
225263
225264
225265
225266
225267
225268
225269
225270
225271
225272
225273
225274
225275
225276
225277
225278
225279
225280
225281
225282
225283
225284
225285
225286
225287
225288
225289
225290
225291
225292
225293
225294
225295
225296
225297
225298
225299
225300
225301
225302
225303
225304
225305
225306
225307
225308
225309
225310
225311
225312
225313
225314
225315
225316
225317
225318
225319
225320
225321
225322
225323
225324
225325
225326
225327
225328
225329
225330
225331
225332
225333
225334
225335
225336
225337
225338
225339
225340
225341
225342
225343
225344
225345
225346
225347
225348
225349
225350
225351
225352
225353
225354
225355
225356
225357
225358
225359
225360
225361
225362
225363
225364
225365
225366
225367
225368
225369
225370
225371
225372
225373
225374
225375
225376
225377
225378
225379
225380
225381
225382
225383
225384
225385
225386
225387
225388
225389
225390
225391
225392
225393
225394
225395
225396
225397
225398
225399
225400
225401
225402
225403
225404
225405
225406
225407
225408
225409
225410
225411
225412
225413
225414
225415
225416
225417
225418
225419
225420
225421
225422
225423
225424
225425
225426
225427
225428
225429
225430
225431
225432
225433
225434
225435
225436
225437
225438
225439
225440
225441
225442
225443
225444
225445
225446
225447
225448
225449
225450
225451
225452
225453
225454
225455
225456
225457
225458
225459
225460
225461
225462
225463
225464
225465
225466
225467
225468
225469
225470
225471
225472
225473
225474
225475
225476
225477
225478
225479
225480
225481
225482
225483
225484
225485
225486
225487
225488
225489
225490
225491
225492
225493
225494
225495
225496
225497
225498
225499
225500
225501
225502
225503
225504
225505
225506
225507
225508
225509
225510
225511
225512
225513
225514
225515
225516
225517
225518
225519
225520
225521
225522
225523
225524
225525
225526
225527
225528
225529
225530
225531
225532
225533
225534
225535
225536
225537
225538
225539
225540
225541
225542
225543
225544
225545
225546
225547
225548
225549
225550
225551
225552
225553
225554
225555
225556
225557
225558
225559
225560
225561
225562
225563
225564
225565
225566
225567
225568
225569
225570
225571
225572
225573
225574
225575
225576
225577
225578
225579
225580
225581
225582
225583
225584
225585
225586
225587
225588
225589
225590
225591
225592
225593
225594
225595
225596
225597
225598
225599
225600
225601
225602
225603
225604
225605
225606
225607
225608
225609
225610
225611
225612
225613
225614
225615
225616
225617
225618
225619
225620
225621
225622
225623
225624
225625
225626
225627
225628
225629
225630
225631
225632
225633
225634
225635
225636
225637
225638
225639
225640
225641
225642
225643
225644
225645
225646
225647
225648
225649
225650
225651
225652
225653
225654
225655
225656
225657
225658
225659
225660
225661
225662
225663
225664
225665
225666
225667
225668
225669
225670
225671
225672
225673
225674
225675
225676
225677
225678
225679
225680
225681
225682
225683
225684
225685
225686
225687
225688
225689
225690
225691
225692
225693
225694
225695
225696
225697
225698
225699
225700
225701
225702
225703
225704
225705
225706
225707
225708
225709
225710
225711
225712
225713
225714
225715
225716
225717
225718
225719
225720
225721
225722
225723
225724
225725
225726
225727
225728
225729
225730
225731
225732
225733
225734
225735
225736
225737
225738
225739
225740
225741
225742
225743
225744
225745
225746
225747
225748
225749
225750
225751
225752
225753
225754
225755
225756
225757
225758
225759
225760
225761
225762
225763
225764
225765
225766
225767
225768
225769
225770
225771
225772
225773
225774
225775
225776
225777
225778
225779
225780
225781
225782
225783
225784
225785
225786
225787
225788
225789
225790
225791
225792
225793
225794
225795
225796
225797
225798
225799
225800
225801
225802
225803
225804
225805
225806
225807
225808
225809
225810
225811
225812
225813
225814
225815
225816
225817
225818
225819
225820
225821
225822
225823
225824
225825
225826
225827
225828
225829
225830
225831
225832
225833
225834
225835
225836
225837
225838
225839
225840
225841
225842
225843
225844
225845
225846
225847
225848
225849
225850
225851
225852
225853
225854
225855
225856
225857
225858
225859
225860
225861
225862
225863
225864
225865
225866
225867
225868
225869
225870
225871
225872
225873
225874
225875
225876
225877
225878
225879
225880
225881
225882
225883
225884
225885
225886
225887
225888
225889
225890
225891
225892
225893
225894
225895
225896
225897
225898
225899
225900
225901
225902
225903
225904
225905
225906
225907
225908
225909
225910
225911
225912
225913
225914
225915
225916
225917
225918
225919
225920
225921
225922
225923
225924
225925
225926
225927
225928
225929
225930
225931
225932
225933
225934
225935
225936
225937
225938
225939
225940
225941
225942
225943
225944
225945
225946
225947
225948
225949
225950
225951
225952
225953
225954
225955
225956
225957
225958
225959
225960
225961
225962
225963
225964
225965
225966
225967
225968
225969
225970
225971
225972
225973
225974
225975
225976
225977
225978
225979
225980
225981
225982
225983
225984
225985
225986
225987
225988
225989
225990
225991
225992
225993
225994
225995
225996
225997
225998
225999
226000
226001
226002
226003
226004
226005
226006
226007
226008
226009
226010
226011
226012
226013
226014
226015
226016
226017
226018
226019
226020
226021
226022
226023
226024
226025
226026
226027
226028
226029
226030
226031
226032
226033
226034
226035
226036
226037
226038
226039
226040
226041
226042
226043
226044
226045
226046
226047
226048
226049
226050
226051
226052
226053
226054
226055
226056
226057
226058
226059
226060
226061
226062
226063
226064
226065
226066
226067
226068
226069
226070
226071
226072
226073
226074
226075
226076
226077
226078
226079
226080
226081
226082
226083
226084
226085
226086
226087
226088
226089
226090
226091
226092
226093
226094
226095
226096
226097
226098
226099
226100
226101
226102
226103
226104
226105
226106
226107
226108
226109
226110
226111
226112
226113
226114
226115
226116
226117
226118
226119
226120
226121
226122
226123
226124
101250
101251
101252
101253
101254
101255
101256
101257
101258
101259
101260
101261
101262
101263
101264
101265
101266
101267
101268
101269
101270
101271
101272
101273
101274
101275
101276
101277
101278
101279
101280
101281
101282
101283
101284
101285
101286
101287
101288
101289
101290
101291
101292
101293
101294
101295
101296
101297
101298
101299
101300
101301
101302
101303
101304
101305
101306
101307
101308
101309
101310
101311
101312
101313
101314
101315
101316
101317
101318
101319
101320
101321
101322
101323
101324
101325
101326
101327
101328
101329
101330
101331
101332
101333
101334
101335
101336
101337
101338
101339
101340
101341
101342
101343
101344
101345
101346
101347
101348
101349
101350
101351
101352
101353
101354
101355
101356
101357
101358
101359
101360
101361
101362
101363
101364
101365
101366
101367
101368
101369
101370
101371
101372
101373
101374
101375
101376
101377
101378
101379
101380
101381
101382
101383
101384
101385
101386
101387
101388
101389
101390
101391
101392
101393
101394
101395
101396
101397
101398
101399
101400
101401
101402
101403
101404
101405
101406
101407
101408
101409
101410
101411
101412
101413
101414
101415
101416
101417
101418
101419
101420
101421
101422
101423
101424
101425
101426
101427
101428
101429
101430
101431
101432
101433
101434
101435
101436
101437
101438
101439
101440
101441
101442
101443
101444
101445
101446
101447
101448
101449
101450
101451
101452
101453
101454
101455
101456
101457
101458
101459
101460
101461
101462
101463
101464
101465
101466
101467
101468
101469
101470
101471
101472
101473
101474
101475
101476
101477
101478
101479
101480
101481
101482
101483
101484
101485
101486
101487
101488
101489
101490
101491
101492
101493
101494
101495
101496
101497
101498
101499
101500
101501
101502
101503
101504
101505
101506
101507
101508
101509
101510
101511
101512
101513
101514
101515
101516
101517
101518
101519
101520
101521
101522
101523
101524
101525
101526
101527
101528
101529
101530
101531
101532
101533
101534
101535
101536
101537
101538
101539
101540
101541
101542
101543
101544
101545
101546
101547
101548
101549
101550
101551
101552
101553
101554
101555
101556
101557
101558
101559
101560
101561
101562
101563
101564
101565
101566
101567
101568
101569
101570
101571
101572
101573
101574
101575
101576
101577
101578
101579
101580
101581
101582
101583
101584
101585
101586
101587
101588
101589
101590
101591
101592
101593
101594
101595
101596
101597
101598
101599
101600
101601
101602
101603
101604
101605
101606
101607
101608
101609
101610
101611
101612
101613
101614
101615
101616
101617
101618
101619
101620
101621
101622
101623
101624
101625
101626
101627
101628
101629
101630
101631
101632
101633
101634
101635
101636
101637
101638
101639
101640
101641
101642
101643
101644
101645
101646
101647
101648
101649
101650
101651
101652
101653
101654
101655
101656
101657
101658
101659
101660
101661
101662
101663
101664
101665
101666
101667
101668
101669
101670
101671
101672
101673
101674
101675
101676
101677
101678
101679
101680
101681
101682
101683
101684
101685
101686
101687
101688
101689
101690
101691
101692
101693
101694
101695
101696
101697
101698
101699
101700
101701
101702
101703
101704
101705
101706
101707
101708
101709
101710
101711
101712
101713
101714
101715
101716
101717
101718
101719
101720
101721
101722
101723
101724
101725
101726
101727
101728
101729
101730
101731
101732
101733
101734
101735
101736
101737
101738
101739
101740
101741
101742
101743
101744
101745
101746
101747
101748
101749
101750
101751
101752
101753
101754
101755
101756
101757
101758
101759
101760
101761
101762
101763
101764
101765
101766
101767
101768
101769
101770
101771
101772
101773
101774
101775
101776
101777
101778
101779
101780
101781
101782
101783
101784
101785
101786
101787
101788
101789
101790
101791
101792
101793
101794
101795
101796
101797
101798
101799
101800
101801
101802
101803
101804
101805
101806
101807
101808
101809
101810
101811
101812
101813
101814
101815
101816
101817
101818
101819
101820
101821
101822
101823
101824
101825
101826
101827
101828
101829
101830
101831
101832
101833
101834
101835
101836
101837
101838
101839
101840
101841
101842
101843
101844
101845
101846
101847
101848
101849
101850
101851
101852
101853
101854
101855
101856
101857
101858
101859
101860
101861
101862
101863
101864
101865
101866
101867
101868
101869
101870
101871
101872
101873
101874
101875
101876
101877
101878
101879
101880
101881
101882
101883
101884
101885
101886
101887
101888
101889
101890
101891
101892
101893
101894
101895
101896
101897
101898
101899
101900
101901
101902
101903
101904
101905
101906
101907
101908
101909
101910
101911
101912
101913
101914
101915
101916
101917
101918
101919
101920
101921
101922
101923
101924
101925
101926
101927
101928
101929
101930
101931
101932
101933
101934
101935
101936
101937
101938
101939
101940
101941
101942
101943
101944
101945
101946
101947
101948
101949
101950
101951
101952
101953
101954
101955
101956
101957
101958
101959
101960
101961
101962
101963
101964
101965
101966
101967
101968
101969
101970
101971
101972
101973
101974
101975
101976
101977
101978
101979
101980
101981
101982
101983
101984
101985
101986
101987
101988
101989
101990
101991
101992
101993
101994
101995
101996
101997
101998
101999
102000
102001
102002
102003
102004
102005
102006
102007
102008
102009
102010
102011
102012
102013
102014
102015
102016
102017
102018
102019
102020
102021
102022
102023
102024
102025
102026
102027
102028
102029
102030
102031
102032
102033
102034
102035
102036
102037
102038
102039
102040
102041
102042
102043
102044
102045
102046
102047
102048
102049
102050
102051
102052
102053
102054
102055
102056
102057
102058
102059
102060
102061
102062
102063
102064
102065
102066
102067
102068
102069
102070
102071
102072
102073
102074
102075
102076
102077
102078
102079
102080
102081
102082
102083
102084
102085
102086
102087
102088
102089
102090
102091
102092
102093
102094
102095
102096
102097
102098
102099
102100
102101
102102
102103
102104
102105
102106
102107
102108
102109
102110
102111
102112
102113
102114
102115
102116
102117
102118
102119
102120
102121
102122
102123
102124
102125
102126
102127
102128
102129
102130
102131
102132
102133
102134
102135
102136
102137
102138
102139
102140
102141
102142
102143
102144
102145
102146
102147
102148
102149
102150
102151
102152
102153
102154
102155
102156
102157
102158
102159
102160
102161
102162
102163
102164
102165
102166
102167
102168
102169
102170
102171
102172
102173
102174
102175
102176
102177
102178
102179
102180
102181
102182
102183
102184
102185
102186
102187
102188
102189
102190
102191
102192
102193
102194
102195
102196
102197
102198
102199
102200
102201
102202
102203
102204
102205
102206
102207
102208
102209
102210
102211
102212
102213
102214
102215
102216
102217
102218
102219
102220
102221
102222
102223
102224
102225
102226
102227
102228
102229
102230
102231
102232
102233
102234
102235
102236
102237
102238
102239
102240
102241
102242
102243
102244
102245
102246
102247
102248
102249
102250
102251
102252
102253
102254
102255
102256
102257
102258
102259
102260
102261
102262
102263
102264
102265
102266
102267
102268
102269
102270
102271
102272
102273
102274
102275
102276
102277
102278
102279
102280
102281
102282
102283
102284
102285
102286
102287
102288
102289
102290
102291
102292
102293
102294
102295
102296
102297
102298
102299
102300
102301
102302
102303
102304
102305
102306
102307
102308
102309
102310
102311
102312
102313
102314
102315
102316
102317
102318
102319
102320
102321
102322
102323
102324
102325
102326
102327
102328
102329
102330
102331
102332
102333
102334
102335
102336
102337
102338
102339
102340
102341
102342
102343
102344
102345
102346
102347
102348
102349
102350
102351
102352
102353
102354
102355
102356
102357
102358
102359
102360
102361
102362
102363
102364
102365
102366
102367
102368
102369
102370
102371
102372
102373
102374
102375
102376
102377
102378
102379
102380
102381
102382
102383
102384
102385
102386
102387
102388
102389
102390
102391
102392
102393
102394
102395
102396
102397
102398
102399
102400
102401
102402
102403
102404
102405
102406
102407
102408
102409
102410
102411
102412
102413
102414
102415
102416
102417
102418
102419
102420
102421
102422
102423
102424
102425
102426
102427
102428
102429
102430
102431
102432
102433
102434
102435
102436
102437
102438
102439
102440
102441
102442
102443
102444
102445
102446
102447
102448
102449
102450
102451
102452
102453
102454
102455
102456
102457
102458
102459
102460
102461
102462
102463
102464
102465
102466
102467
102468
102469
102470
102471
102472
102473
102474
102475
102476
102477
102478
102479
102480
102481
102482
102483
102484
102485
102486
102487
102488
102489
102490
102491
102492
102493
102494
102495
102496
102497
102498
102499
102500
102501
102502
102503
102504
102505
102506
102507
102508
102509
102510
102511
102512
102513
102514
102515
102516
102517
102518
102519
102520
102521
102522
102523
102524
102525
102526
102527
102528
102529
102530
102531
102532
102533
102534
102535
102536
102537
102538
102539
102540
102541
102542
102543
102544
102545
102546
102547
102548
102549
102550
102551
102552
102553
102554
102555
102556
102557
102558
102559
102560
102561
102562
102563
102564
102565
102566
102567
102568
102569
102570
102571
102572
102573
102574
102575
102576
102577
102578
102579
102580
102581
102582
102583
102584
102585
102586
102587
102588
102589
102590
102591
102592
102593
102594
102595
102596
102597
102598
102599
102600
102601
102602
102603
102604
102605
102606
102607
102608
102609
102610
102611
102612
102613
102614
102615
102616
102617
102618
102619
102620
102621
102622
102623
102624
102625
102626
102627
102628
102629
102630
102631
102632
102633
102634
102635
102636
102637
102638
102639
102640
102641
102642
102643
102644
102645
102646
102647
102648
102649
102650
102651
102652
102653
102654
102655
102656
102657
102658
102659
102660
102661
102662
102663
102664
102665
102666
102667
102668
102669
102670
102671
102672
102673
102674
102675
102676
102677
102678
102679
102680
102681
102682
102683
102684
102685
102686
102687
102688
102689
102690
102691
102692
102693
102694
102695
102696
102697
102698
102699
102700
102701
102702
102703
102704
102705
102706
102707
102708
102709
102710
102711
102712
102713
102714
102715
102716
102717
102718
102719
102720
102721
102722
102723
102724
102725
102726
102727
102728
102729
102730
102731
102732
102733
102734
102735
102736
102737
102738
102739
102740
102741
102742
102743
102744
102745
102746
102747
102748
102749
102750
102751
102752
102753
102754
102755
102756
102757
102758
102759
102760
102761
102762
102763
102764
102765
102766
102767
102768
102769
102770
102771
102772
102773
102774
102775
102776
102777
102778
102779
102780
102781
102782
102783
102784
102785
102786
102787
102788
102789
102790
102791
102792
102793
102794
102795
102796
102797
102798
102799
102800
102801
102802
102803
102804
102805
102806
102807
102808
102809
102810
102811
102812
102813
102814
102815
102816
102817
102818
102819
102820
102821
102822
102823
102824
102825
102826
102827
102828
102829
102830
102831
102832
102833
102834
102835
102836
102837
102838
102839
102840
102841
102842
102843
102844
102845
102846
102847
102848
102849
102850
102851
102852
102853
102854
102855
102856
102857
102858
102859
102860
102861
102862
102863
102864
102865
102866
102867
102868
102869
102870
102871
102872
102873
102874
102875
102876
102877
102878
102879
102880
102881
102882
102883
102884
102885
102886
102887
102888
102889
102890
102891
102892
102893
102894
102895
102896
102897
102898
102899
102900
102901
102902
102903
102904
102905
102906
102907
102908
102909
102910
102911
102912
102913
102914
102915
102916
102917
102918
102919
102920
102921
102922
102923
102924
102925
102926
102927
102928
102929
102930
102931
102932
102933
102934
102935
102936
102937
102938
102939
102940
102941
102942
102943
102944
102945
102946
102947
102948
102949
102950
102951
102952
102953
102954
102955
102956
102957
102958
102959
102960
102961
102962
102963
102964
102965
102966
102967
102968
102969
102970
102971
102972
102973
102974
102975
102976
102977
102978
102979
102980
102981
102982
102983
102984
102985
102986
102987
102988
102989
102990
102991
102992
102993
102994
102995
102996
102997
102998
102999
103000
103001
103002
103003
103004
103005
103006
103007
103008
103009
103010
103011
103012
103013
103014
103015
103016
103017
103018
103019
103020
103021
103022
103023
103024
103025
103026
103027
103028
103029
103030
103031
103032
103033
103034
103035
103036
103037
103038
103039
103040
103041
103042
103043
103044
103045
103046
103047
103048
103049
103050
103051
103052
103053
103054
103055
103056
103057
103058
103059
103060
103061
103062
103063
103064
103065
103066
103067
103068
103069
103070
103071
103072
103073
103074
103075
103076
103077
103078
103079
103080
103081
103082
103083
103084
103085
103086
103087
103088
103089
103090
103091
103092
103093
103094
103095
103096
103097
103098
103099
103100
103101
103102
103103
103104
103105
103106
103107
103108
103109
103110
103111
103112
103113
103114
103115
103116
103117
103118
103119
103120
103121
103122
103123
103124
103125
103126
103127
103128
103129
103130
103131
103132
103133
103134
103135
103136
103137
103138
103139
103140
103141
103142
103143
103144
103145
103146
103147
103148
103149
103150
103151
103152
103153
103154
103155
103156
103157
103158
103159
103160
103161
103162
103163
103164
103165
103166
103167
103168
103169
103170
103171
103172
103173
103174
103175
103176
103177
103178
103179
103180
103181
103182
103183
103184
103185
103186
103187
103188
103189
103190
103191
103192
103193
103194
103195
103196
103197
103198
103199
103200
103201
103202
103203
103204
103205
103206
103207
103208
103209
103210
103211
103212
103213
103214
103215
103216
103217
103218
103219
103220
103221
103222
103223
103224
103225
103226
103227
103228
103229
103230
103231
103232
103233
103234
103235
103236
103237
103238
103239
103240
103241
103242
103243
103244
103245
103246
103247
103248
103249
103250
103251
103252
103253
103254
103255
103256
103257
103258
103259
103260
103261
103262
103263
103264
103265
103266
103267
103268
103269
103270
103271
103272
103273
103274
103275
103276
103277
103278
103279
103280
103281
103282
103283
103284
103285
103286
103287
103288
103289
103290
103291
103292
103293
103294
103295
103296
103297
103298
103299
103300
103301
103302
103303
103304
103305
103306
103307
103308
103309
103310
103311
103312
103313
103314
103315
103316
103317
103318
103319
103320
103321
103322
103323
103324
103325
103326
103327
103328
103329
103330
103331
103332
103333
103334
103335
103336
103337
103338
103339
103340
103341
103342
103343
103344
103345
103346
103347
103348
103349
103350
103351
103352
103353
103354
103355
103356
103357
103358
103359
103360
103361
103362
103363
103364
103365
103366
103367
103368
103369
103370
103371
103372
103373
103374
103375
103376
103377
103378
103379
103380
103381
103382
103383
103384
103385
103386
103387
103388
103389
103390
103391
103392
103393
103394
103395
103396
103397
103398
103399
103400
103401
103402
103403
103404
103405
103406
103407
103408
103409
103410
103411
103412
103413
103414
103415
103416
103417
103418
103419
103420
103421
103422
103423
103424
103425
103426
103427
103428
103429
103430
103431
103432
103433
103434
103435
103436
103437
103438
103439
103440
103441
103442
103443
103444
103445
103446
103447
103448
103449
103450
103451
103452
103453
103454
103455
103456
103457
103458
103459
103460
103461
103462
103463
103464
103465
103466
103467
103468
103469
103470
103471
103472
103473
103474
103475
103476
103477
103478
103479
103480
103481
103482
103483
103484
103485
103486
103487
103488
103489
103490
103491
103492
103493
103494
103495
103496
103497
103498
103499
103500
103501
103502
103503
103504
103505
103506
103507
103508
103509
103510
103511
103512
103513
103514
103515
103516
103517
103518
103519
103520
103521
103522
103523
103524
103525
103526
103527
103528
103529
103530
103531
103532
103533
103534
103535
103536
103537
103538
103539
103540
103541
103542
103543
103544
103545
103546
103547
103548
103549
103550
103551
103552
103553
103554
103555
103556
103557
103558
103559
103560
103561
103562
103563
103564
103565
103566
103567
103568
103569
103570
103571
103572
103573
103574
103575
103576
103577
103578
103579
103580
103581
103582
103583
103584
103585
103586
103587
103588
103589
103590
103591
103592
103593
103594
103595
103596
103597
103598
103599
103600
103601
103602
103603
103604
103605
103606
103607
103608
103609
103610
103611
103612
103613
103614
103615
103616
103617
103618
103619
103620
103621
103622
103623
103624
103625
103626
103627
103628
103629
103630
103631
103632
103633
103634
103635
103636
103637
103638
103639
103640
103641
103642
103643
103644
103645
103646
103647
103648
103649
103650
103651
103652
103653
103654
103655
103656
103657
103658
103659
103660
103661
103662
103663
103664
103665
103666
103667
103668
103669
103670
103671
103672
103673
103674
103675
103676
103677
103678
103679
103680
103681
103682
103683
103684
103685
103686
103687
103688
103689
103690
103691
103692
103693
103694
103695
103696
103697
103698
103699
103700
103701
103702
103703
103704
103705
103706
103707
103708
103709
103710
103711
103712
103713
103714
103715
103716
103717
103718
103719
103720
103721
103722
103723
103724
103725
103726
103727
103728
103729
103730
103731
103732
103733
103734
103735
103736
103737
103738
103739
103740
103741
103742
103743
103744
103745
103746
103747
103748
103749
103750
103751
103752
103753
103754
103755
103756
103757
103758
103759
103760
103761
103762
103763
103764
103765
103766
103767
103768
103769
103770
103771
103772
103773
103774
103775
103776
103777
103778
103779
103780
103781
103782
103783
103784
103785
103786
103787
103788
103789
103790
103791
103792
103793
103794
103795
103796
103797
103798
103799
103800
103801
103802
103803
103804
103805
103806
103807
103808
103809
103810
103811
103812
103813
103814
103815
103816
103817
103818
103819
103820
103821
103822
103823
103824
103825
103826
103827
103828
103829
103830
103831
103832
103833
103834
103835
103836
103837
103838
103839
103840
103841
103842
103843
103844
103845
103846
103847
103848
103849
103850
103851
103852
103853
103854
103855
103856
103857
103858
103859
103860
103861
103862
103863
103864
103865
103866
103867
103868
103869
103870
103871
103872
103873
103874
103875
103876
103877
103878
103879
103880
103881
103882
103883
103884
103885
103886
103887
103888
103889
103890
103891
103892
103893
103894
103895
103896
103897
103898
103899
103900
103901
103902
103903
103904
103905
103906
103907
103908
103909
103910
103911
103912
103913
103914
103915
103916
103917
103918
103919
103920
103921
103922
103923
103924
103925
103926
103927
103928
103929
103930
103931
103932
103933
103934
103935
103936
103937
103938
103939
103940
103941
103942
103943
103944
103945
103946
103947
103948
103949
103950
103951
103952
103953
103954
103955
103956
103957
103958
103959
103960
103961
103962
103963
103964
103965
103966
103967
103968
103969
103970
103971
103972
103973
103974
103975
103976
103977
103978
103979
103980
103981
103982
103983
103984
103985
103986
103987
103988
103989
103990
103991
103992
103993
103994
103995
103996
103997
103998
103999
104000
104001
104002
104003
104004
104005
104006
104007
104008
104009
104010
104011
104012
104013
104014
104015
104016
104017
104018
104019
104020
104021
104022
104023
104024
104025
104026
104027
104028
104029
104030
104031
104032
104033
104034
104035
104036
104037
104038
104039
104040
104041
104042
104043
104044
104045
104046
104047
104048
104049
104050
104051
104052
104053
104054
104055
104056
104057
104058
104059
104060
104061
104062
104063
104064
104065
104066
104067
104068
104069
104070
104071
104072
104073
104074
104075
104076
104077
104078
104079
104080
104081
104082
104083
104084
104085
104086
104087
104088
104089
104090
104091
104092
104093
104094
104095
104096
104097
104098
104099
104100
104101
104102
104103
104104
104105
104106
104107
104108
104109
104110
104111
104112
104113
104114
104115
104116
104117
104118
104119
104120
104121
104122
104123
104124
104125
104126
104127
104128
104129
104130
104131
104132
104133
104134
104135
104136
104137
104138
104139
104140
104141
104142
104143
104144
104145
104146
104147
104148
104149
104150
104151
104152
104153
104154
104155
104156
104157
104158
104159
104160
104161
104162
104163
104164
104165
104166
104167
104168
104169
104170
104171
104172
104173
104174
104175
104176
104177
104178
104179
104180
104181
104182
104183
104184
104185
104186
104187
104188
104189
104190
104191
104192
104193
104194
104195
104196
104197
104198
104199
104200
104201
104202
104203
104204
104205
104206
104207
104208
104209
104210
104211
104212
104213
104214
104215
104216
104217
104218
104219
104220
104221
104222
104223
104224
104225
104226
104227
104228
104229
104230
104231
104232
104233
104234
104235
104236
104237
104238
104239
104240
104241
104242
104243
104244
104245
104246
104247
104248
104249
104250
104251
104252
104253
104254
104255
104256
104257
104258
104259
104260
104261
104262
104263
104264
104265
104266
104267
104268
104269
104270
104271
104272
104273
104274
104275
104276
104277
104278
104279
104280
104281
104282
104283
104284
104285
104286
104287
104288
104289
104290
104291
104292
104293
104294
104295
104296
104297
104298
104299
104300
104301
104302
104303
104304
104305
104306
104307
104308
104309
104310
104311
104312
104313
104314
104315
104316
104317
104318
104319
104320
104321
104322
104323
104324
104325
104326
104327
104328
104329
104330
104331
104332
104333
104334
104335
104336
104337
104338
104339
104340
104341
104342
104343
104344
104345
104346
104347
104348
104349
104350
104351
104352
104353
104354
104355
104356
104357
104358
104359
104360
104361
104362
104363
104364
104365
104366
104367
104368
104369
104370
104371
104372
104373
104374
104375
104376
104377
104378
104379
104380
104381
104382
104383
104384
104385
104386
104387
104388
104389
104390
104391
104392
104393
104394
104395
104396
104397
104398
104399
104400
104401
104402
104403
104404
104405
104406
104407
104408
104409
104410
104411
104412
104413
104414
104415
104416
104417
104418
104419
104420
104421
104422
104423
104424
104425
104426
104427
104428
104429
104430
104431
104432
104433
104434
104435
104436
104437
104438
104439
104440
104441
104442
104443
104444
104445
104446
104447
104448
104449
104450
104451
104452
104453
104454
104455
104456
104457
104458
104459
104460
104461
104462
104463
104464
104465
104466
104467
104468
104469
104470
104471
104472
104473
104474
104475
104476
104477
104478
104479
104480
104481
104482
104483
104484
104485
104486
104487
104488
104489
104490
104491
104492
104493
104494
104495
104496
104497
104498
104499
104500
104501
104502
104503
104504
104505
104506
104507
104508
104509
104510
104511
104512
104513
104514
104515
104516
104517
104518
104519
104520
104521
104522
104523
104524
104525
104526
104527
104528
104529
104530
104531
104532
104533
104534
104535
104536
104537
104538
104539
104540
104541
104542
104543
104544
104545
104546
104547
104548
104549
104550
104551
104552
104553
104554
104555
104556
104557
104558
104559
104560
104561
104562
104563
104564
104565
104566
104567
104568
104569
104570
104571
104572
104573
104574
104575
104576
104577
104578
104579
104580
104581
104582
104583
104584
104585
104586
104587
104588
104589
104590
104591
104592
104593
104594
104595
104596
104597
104598
104599
104600
104601
104602
104603
104604
104605
104606
104607
104608
104609
104610
104611
104612
104613
104614
104615
104616
104617
104618
104619
104620
104621
104622
104623
104624
104625
104626
104627
104628
104629
104630
104631
104632
104633
104634
104635
104636
104637
104638
104639
104640
104641
104642
104643
104644
104645
104646
104647
104648
104649
104650
104651
104652
104653
104654
104655
104656
104657
104658
104659
104660
104661
104662
104663
104664
104665
104666
104667
104668
104669
104670
104671
104672
104673
104674
104675
104676
104677
104678
104679
104680
104681
104682
104683
104684
104685
104686
104687
104688
104689
104690
104691
104692
104693
104694
104695
104696
104697
104698
104699
104700
104701
104702
104703
104704
104705
104706
104707
104708
104709
104710
104711
104712
104713
104714
104715
104716
104717
104718
104719
104720
104721
104722
104723
104724
104725
104726
104727
104728
104729
104730
104731
104732
104733
104734
104735
104736
104737
104738
104739
104740
104741
104742
104743
104744
104745
104746
104747
104748
104749
104750
104751
104752
104753
104754
104755
104756
104757
104758
104759
104760
104761
104762
104763
104764
104765
104766
104767
104768
104769
104770
104771
104772
104773
104774
104775
104776
104777
104778
104779
104780
104781
104782
104783
104784
104785
104786
104787
104788
104789
104790
104791
104792
104793
104794
104795
104796
104797
104798
104799
104800
104801
104802
104803
104804
104805
104806
104807
104808
104809
104810
104811
104812
104813
104814
104815
104816
104817
104818
104819
104820
104821
104822
104823
104824
104825
104826
104827
104828
104829
104830
104831
104832
104833
104834
104835
104836
104837
104838
104839
104840
104841
104842
104843
104844
104845
104846
104847
104848
104849
104850
104851
104852
104853
104854
104855
104856
104857
104858
104859
104860
104861
104862
104863
104864
104865
104866
104867
104868
104869
104870
104871
104872
104873
104874
104875
104876
104877
104878
104879
104880
104881
104882
104883
104884
104885
104886
104887
104888
104889
104890
104891
104892
104893
104894
104895
104896
104897
104898
104899
104900
104901
104902
104903
104904
104905
104906
104907
104908
104909
104910
104911
104912
104913
104914
104915
104916
104917
104918
104919
104920
104921
104922
104923
104924
104925
104926
104927
104928
104929
104930
104931
104932
104933
104934
104935
104936
104937
104938
104939
104940
104941
104942
104943
104944
104945
104946
104947
104948
104949
104950
104951
104952
104953
104954
104955
104956
104957
104958
104959
104960
104961
104962
104963
104964
104965
104966
104967
104968
104969
104970
104971
104972
104973
104974
104975
104976
104977
104978
104979
104980
104981
104982
104983
104984
104985
104986
104987
104988
104989
104990
104991
104992
104993
104994
104995
104996
104997
104998
104999
105000
105001
105002
105003
105004
105005
105006
105007
105008
105009
105010
105011
105012
105013
105014
105015
105016
105017
105018
105019
105020
105021
105022
105023
105024
105025
105026
105027
105028
105029
105030
105031
105032
105033
105034
105035
105036
105037
105038
105039
105040
105041
105042
105043
105044
105045
105046
105047
105048
105049
105050
105051
105052
105053
105054
105055
105056
105057
105058
105059
105060
105061
105062
105063
105064
105065
105066
105067
105068
105069
105070
105071
105072
105073
105074
105075
105076
105077
105078
105079
105080
105081
105082
105083
105084
105085
105086
105087
105088
105089
105090
105091
105092
105093
105094
105095
105096
105097
105098
105099
105100
105101
105102
105103
105104
105105
105106
105107
105108
105109
105110
105111
105112
105113
105114
105115
105116
105117
105118
105119
105120
105121
105122
105123
105124
105125
105126
105127
105128
105129
105130
105131
105132
105133
105134
105135
105136
105137
105138
105139
105140
105141
105142
105143
105144
105145
105146
105147
105148
105149
105150
105151
105152
105153
105154
105155
105156
105157
105158
105159
105160
105161
105162
105163
105164
105165
105166
105167
105168
105169
105170
105171
105172
105173
105174
105175
105176
105177
105178
105179
105180
105181
105182
105183
105184
105185
105186
105187
105188
105189
105190
105191
105192
105193
105194
105195
105196
105197
105198
105199
105200
105201
105202
105203
105204
105205
105206
105207
105208
105209
105210
105211
105212
105213
105214
105215
105216
105217
105218
105219
105220
105221
105222
105223
105224
105225
105226
105227
105228
105229
105230
105231
105232
105233
105234
105235
105236
105237
105238
105239
105240
105241
105242
105243
105244
105245
105246
105247
105248
105249
105250
105251
105252
105253
105254
105255
105256
105257
105258
105259
105260
105261
105262
105263
105264
105265
105266
105267
105268
105269
105270
105271
105272
105273
105274
105275
105276
105277
105278
105279
105280
105281
105282
105283
105284
105285
105286
105287
105288
105289
105290
105291
105292
105293
105294
105295
105296
105297
105298
105299
105300
105301
105302
105303
105304
105305
105306
105307
105308
105309
105310
105311
105312
105313
105314
105315
105316
105317
105318
105319
105320
105321
105322
105323
105324
105325
105326
105327
105328
105329
105330
105331
105332
105333
105334
105335
105336
105337
105338
105339
105340
105341
105342
105343
105344
105345
105346
105347
105348
105349
105350
105351
105352
105353
105354
105355
105356
105357
105358
105359
105360
105361
105362
105363
105364
105365
105366
105367
105368
105369
105370
105371
105372
105373
105374
105375
105376
105377
105378
105379
105380
105381
105382
105383
105384
105385
105386
105387
105388
105389
105390
105391
105392
105393
105394
105395
105396
105397
105398
105399
105400
105401
105402
105403
105404
105405
105406
105407
105408
105409
105410
105411
105412
105413
105414
105415
105416
105417
105418
105419
105420
105421
105422
105423
105424
105425
105426
105427
105428
105429
105430
105431
105432
105433
105434
105435
105436
105437
105438
105439
105440
105441
105442
105443
105444
105445
105446
105447
105448
105449
105450
105451
105452
105453
105454
105455
105456
105457
105458
105459
105460
105461
105462
105463
105464
105465
105466
105467
105468
105469
105470
105471
105472
105473
105474
105475
105476
105477
105478
105479
105480
105481
105482
105483
105484
105485
105486
105487
105488
105489
105490
105491
105492
105493
105494
105495
105496
105497
105498
105499
105500
105501
105502
105503
105504
105505
105506
105507
105508
105509
105510
105511
105512
105513
105514
105515
105516
105517
105518
105519
105520
105521
105522
105523
105524
105525
105526
105527
105528
105529
105530
105531
105532
105533
105534
105535
105536
105537
105538
105539
105540
105541
105542
105543
105544
105545
105546
105547
105548
105549
105550
105551
105552
105553
105554
105555
105556
105557
105558
105559
105560
105561
105562
105563
105564
105565
105566
105567
105568
105569
105570
105571
105572
105573
105574
105575
105576
105577
105578
105579
105580
105581
105582
105583
105584
105585
105586
105587
105588
105589
105590
105591
105592
105593
105594
105595
105596
105597
105598
105599
105600
105601
105602
105603
105604
105605
105606
105607
105608
105609
105610
105611
105612
105613
105614
105615
105616
105617
105618
105619
105620
105621
105622
105623
105624
105625
105626
105627
105628
105629
105630
105631
105632
105633
105634
105635
105636
105637
105638
105639
105640
105641
105642
105643
105644
105645
105646
105647
105648
105649
105650
105651
105652
105653
105654
105655
105656
105657
105658
105659
105660
105661
105662
105663
105664
105665
105666
105667
105668
105669
105670
105671
105672
105673
105674
105675
105676
105677
105678
105679
105680
105681
105682
105683
105684
105685
105686
105687
105688
105689
105690
105691
105692
105693
105694
105695
105696
105697
105698
105699
105700
105701
105702
105703
105704
105705
105706
105707
105708
105709
105710
105711
105712
105713
105714
105715
105716
105717
105718
105719
105720
105721
105722
105723
105724
105725
105726
105727
105728
105729
105730
105731
105732
105733
105734
105735
105736
105737
105738
105739
105740
105741
105742
105743
105744
105745
105746
105747
105748
105749
105750
105751
105752
105753
105754
105755
105756
105757
105758
105759
105760
105761
105762
105763
105764
105765
105766
105767
105768
105769
105770
105771
105772
105773
105774
105775
105776
105777
105778
105779
105780
105781
105782
105783
105784
105785
105786
105787
105788
105789
105790
105791
105792
105793
105794
105795
105796
105797
105798
105799
105800
105801
105802
105803
105804
105805
105806
105807
105808
105809
105810
105811
105812
105813
105814
105815
105816
105817
105818
105819
105820
105821
105822
105823
105824
105825
105826
105827
105828
105829
105830
105831
105832
105833
105834
105835
105836
105837
105838
105839
105840
105841
105842
105843
105844
105845
105846
105847
105848
105849
105850
105851
105852
105853
105854
105855
105856
105857
105858
105859
105860
105861
105862
105863
105864
105865
105866
105867
105868
105869
105870
105871
105872
105873
105874
105875
105876
105877
105878
105879
105880
105881
105882
105883
105884
105885
105886
105887
105888
105889
105890
105891
105892
105893
105894
105895
105896
105897
105898
105899
105900
105901
105902
105903
105904
105905
105906
105907
105908
105909
105910
105911
105912
105913
105914
105915
105916
105917
105918
105919
105920
105921
105922
105923
105924
105925
105926
105927
105928
105929
105930
105931
105932
105933
105934
105935
105936
105937
105938
105939
105940
105941
105942
105943
105944
105945
105946
105947
105948
105949
105950
105951
105952
105953
105954
105955
105956
105957
105958
105959
105960
105961
105962
105963
105964
105965
105966
105967
105968
105969
105970
105971
105972
105973
105974
105975
105976
105977
105978
105979
105980
105981
105982
105983
105984
105985
105986
105987
105988
105989
105990
105991
105992
105993
105994
105995
105996
105997
105998
105999
106000
106001
106002
106003
106004
106005
106006
106007
106008
106009
106010
106011
106012
106013
106014
106015
106016
106017
106018
106019
106020
106021
106022
106023
106024
106025
106026
106027
106028
106029
106030
106031
106032
106033
106034
106035
106036
106037
106038
106039
106040
106041
106042
106043
106044
106045
106046
106047
106048
106049
106050
106051
106052
106053
106054
106055
106056
106057
106058
106059
106060
106061
106062
106063
106064
106065
106066
106067
106068
106069
106070
106071
106072
106073
106074
106075
106076
106077
106078
106079
106080
106081
106082
106083
106084
106085
106086
106087
106088
106089
106090
106091
106092
106093
106094
106095
106096
106097
106098
106099
106100
106101
106102
106103
106104
106105
106106
106107
106108
106109
106110
106111
106112
106113
106114
106115
106116
106117
106118
106119
106120
106121
106122
106123
106124
106125
106126
106127
106128
106129
106130
106131
106132
106133
106134
106135
106136
106137
106138
106139
106140
106141
106142
106143
106144
106145
106146
106147
106148
106149
106150
106151
106152
106153
106154
106155
106156
106157
106158
106159
106160
106161
106162
106163
106164
106165
106166
106167
106168
106169
106170
106171
106172
106173
106174
106175
106176
106177
106178
106179
106180
106181
106182
106183
106184
106185
106186
106187
106188
106189
106190
106191
106192
106193
106194
106195
106196
106197
106198
106199
106200
106201
106202
106203
106204
106205
106206
106207
106208
106209
106210
106211
106212
106213
106214
106215
106216
106217
106218
106219
106220
106221
106222
106223
106224
106225
106226
106227
106228
106229
106230
106231
106232
106233
106234
106235
106236
106237
106238
106239
106240
106241
106242
106243
106244
106245
106246
106247
106248
106249
106250
106251
106252
106253
106254
106255
106256
106257
106258
106259
106260
106261
106262
106263
106264
106265
106266
106267
106268
106269
106270
106271
106272
106273
106274
106275
106276
106277
106278
106279
106280
106281
106282
106283
106284
106285
106286
106287
106288
106289
106290
106291
106292
106293
106294
106295
106296
106297
106298
106299
106300
106301
106302
106303
106304
106305
106306
106307
106308
106309
106310
106311
106312
106313
106314
106315
106316
106317
106318
106319
106320
106321
106322
106323
106324
106325
106326
106327
106328
106329
106330
106331
106332
106333
106334
106335
106336
106337
106338
106339
106340
106341
106342
106343
106344
106345
106346
106347
106348
106349
106350
106351
106352
106353
106354
106355
106356
106357
106358
106359
106360
106361
106362
106363
106364
106365
106366
106367
106368
106369
106370
106371
106372
106373
106374
106375
106376
106377
106378
106379
106380
106381
106382
106383
106384
106385
106386
106387
106388
106389
106390
106391
106392
106393
106394
106395
106396
106397
106398
106399
106400
106401
106402
106403
106404
106405
106406
106407
106408
106409
106410
106411
106412
106413
106414
106415
106416
106417
106418
106419
106420
106421
106422
106423
106424
106425
106426
106427
106428
106429
106430
106431
106432
106433
106434
106435
106436
106437
106438
106439
106440
106441
106442
106443
106444
106445
106446
106447
106448
106449
106450
106451
106452
106453
106454
106455
106456
106457
106458
106459
106460
106461
106462
106463
106464
106465
106466
106467
106468
106469
106470
106471
106472
106473
106474
106475
106476
106477
106478
106479
106480
106481
106482
106483
106484
106485
106486
106487
106488
106489
106490
106491
106492
106493
106494
106495
106496
106497
106498
106499
106500
106501
106502
106503
106504
106505
106506
106507
106508
106509
106510
106511
106512
106513
106514
106515
106516
106517
106518
106519
106520
106521
106522
106523
106524
106525
106526
106527
106528
106529
106530
106531
106532
106533
106534
106535
106536
106537
106538
106539
106540
106541
106542
106543
106544
106545
106546
106547
106548
106549
106550
106551
106552
106553
106554
106555
106556
106557
106558
106559
106560
106561
106562
106563
106564
106565
106566
106567
106568
106569
106570
106571
106572
106573
106574
106575
106576
106577
106578
106579
106580
106581
106582
106583
106584
106585
106586
106587
106588
106589
106590
106591
106592
106593
106594
106595
106596
106597
106598
106599
106600
106601
106602
106603
106604
106605
106606
106607
106608
106609
106610
106611
106612
106613
106614
106615
106616
106617
106618
106619
106620
106621
106622
106623
106624
106625
106626
106627
106628
106629
106630
106631
106632
106633
106634
106635
106636
106637
106638
106639
106640
106641
106642
106643
106644
106645
106646
106647
106648
106649
106650
106651
106652
106653
106654
106655
106656
106657
106658
106659
106660
106661
106662
106663
106664
106665
106666
106667
106668
106669
106670
106671
106672
106673
106674
106675
106676
106677
106678
106679
106680
106681
106682
106683
106684
106685
106686
106687
106688
106689
106690
106691
106692
106693
106694
106695
106696
106697
106698
106699
106700
106701
106702
106703
106704
106705
106706
106707
106708
106709
106710
106711
106712
106713
106714
106715
106716
106717
106718
106719
106720
106721
106722
106723
106724
106725
106726
106727
106728
106729
106730
106731
106732
106733
106734
106735
106736
106737
106738
106739
106740
106741
106742
106743
106744
106745
106746
106747
106748
106749
106750
106751
106752
106753
106754
106755
106756
106757
106758
106759
106760
106761
106762
106763
106764
106765
106766
106767
106768
106769
106770
106771
106772
106773
106774
106775
106776
106777
106778
106779
106780
106781
106782
106783
106784
106785
106786
106787
106788
106789
106790
106791
106792
106793
106794
106795
106796
106797
106798
106799
106800
106801
106802
106803
106804
106805
106806
106807
106808
106809
106810
106811
106812
106813
106814
106815
106816
106817
106818
106819
106820
106821
106822
106823
106824
106825
106826
106827
106828
106829
106830
106831
106832
106833
106834
106835
106836
106837
106838
106839
106840
106841
106842
106843
106844
106845
106846
106847
106848
106849
106850
106851
106852
106853
106854
106855
106856
106857
106858
106859
106860
106861
106862
106863
106864
106865
106866
106867
106868
106869
106870
106871
106872
106873
106874
106875
106876
106877
106878
106879
106880
106881
106882
106883
106884
106885
106886
106887
106888
106889
106890
106891
106892
106893
106894
106895
106896
106897
106898
106899
106900
106901
106902
106903
106904
106905
106906
106907
106908
106909
106910
106911
106912
106913
106914
106915
106916
106917
106918
106919
106920
106921
106922
106923
106924
106925
106926
106927
106928
106929
106930
106931
106932
106933
106934
106935
106936
106937
106938
106939
106940
106941
106942
106943
106944
106945
106946
106947
106948
106949
106950
106951
106952
106953
106954
106955
106956
106957
106958
106959
106960
106961
106962
106963
106964
106965
106966
106967
106968
106969
106970
106971
106972
106973
106974
106975
106976
106977
106978
106979
106980
106981
106982
106983
106984
106985
106986
106987
106988
106989
106990
106991
106992
106993
106994
106995
106996
106997
106998
106999
107000
107001
107002
107003
107004
107005
107006
107007
107008
107009
107010
107011
107012
107013
107014
107015
107016
107017
107018
107019
107020
107021
107022
107023
107024
107025
107026
107027
107028
107029
107030
107031
107032
107033
107034
107035
107036
107037
107038
107039
107040
107041
107042
107043
107044
107045
107046
107047
107048
107049
107050
107051
107052
107053
107054
107055
107056
107057
107058
107059
107060
107061
107062
107063
107064
107065
107066
107067
107068
107069
107070
107071
107072
107073
107074
107075
107076
107077
107078
107079
107080
107081
107082
107083
107084
107085
107086
107087
107088
107089
107090
107091
107092
107093
107094
107095
107096
107097
107098
107099
107100
107101
107102
107103
107104
107105
107106
107107
107108
107109
107110
107111
107112
107113
107114
107115
107116
107117
107118
107119
107120
107121
107122
107123
107124
107125
107126
107127
107128
107129
107130
107131
107132
107133
107134
107135
107136
107137
107138
107139
107140
107141
107142
107143
107144
107145
107146
107147
107148
107149
107150
107151
107152
107153
107154
107155
107156
107157
107158
107159
107160
107161
107162
107163
107164
107165
107166
107167
107168
107169
107170
107171
107172
107173
107174
107175
107176
107177
107178
107179
107180
107181
107182
107183
107184
107185
107186
107187
107188
107189
107190
107191
107192
107193
107194
107195
107196
107197
107198
107199
107200
107201
107202
107203
107204
107205
107206
107207
107208
107209
107210
107211
107212
107213
107214
107215
107216
107217
107218
107219
107220
107221
107222
107223
107224
107225
107226
107227
107228
107229
107230
107231
107232
107233
107234
107235
107236
107237
107238
107239
107240
107241
107242
107243
107244
107245
107246
107247
107248
107249
107250
107251
107252
107253
107254
107255
107256
107257
107258
107259
107260
107261
107262
107263
107264
107265
107266
107267
107268
107269
107270
107271
107272
107273
107274
107275
107276
107277
107278
107279
107280
107281
107282
107283
107284
107285
107286
107287
107288
107289
107290
107291
107292
107293
107294
107295
107296
107297
107298
107299
107300
107301
107302
107303
107304
107305
107306
107307
107308
107309
107310
107311
107312
107313
107314
107315
107316
107317
107318
107319
107320
107321
107322
107323
107324
107325
107326
107327
107328
107329
107330
107331
107332
107333
107334
107335
107336
107337
107338
107339
107340
107341
107342
107343
107344
107345
107346
107347
107348
107349
107350
107351
107352
107353
107354
107355
107356
107357
107358
107359
107360
107361
107362
107363
107364
107365
107366
107367
107368
107369
107370
107371
107372
107373
107374
107375
107376
107377
107378
107379
107380
107381
107382
107383
107384
107385
107386
107387
107388
107389
107390
107391
107392
107393
107394
107395
107396
107397
107398
107399
107400
107401
107402
107403
107404
107405
107406
107407
107408
107409
107410
107411
107412
107413
107414
107415
107416
107417
107418
107419
107420
107421
107422
107423
107424
107425
107426
107427
107428
107429
107430
107431
107432
107433
107434
107435
107436
107437
107438
107439
107440
107441
107442
107443
107444
107445
107446
107447
107448
107449
107450
107451
107452
107453
107454
107455
107456
107457
107458
107459
107460
107461
107462
107463
107464
107465
107466
107467
107468
107469
107470
107471
107472
107473
107474
107475
107476
107477
107478
107479
107480
107481
107482
107483
107484
107485
107486
107487
107488
107489
107490
107491
107492
107493
107494
107495
107496
107497
107498
107499
107500
107501
107502
107503
107504
107505
107506
107507
107508
107509
107510
107511
107512
107513
107514
107515
107516
107517
107518
107519
107520
107521
107522
107523
107524
107525
107526
107527
107528
107529
107530
107531
107532
107533
107534
107535
107536
107537
107538
107539
107540
107541
107542
107543
107544
107545
107546
107547
107548
107549
107550
107551
107552
107553
107554
107555
107556
107557
107558
107559
107560
107561
107562
107563
107564
107565
107566
107567
107568
107569
107570
107571
107572
107573
107574
107575
107576
107577
107578
107579
107580
107581
107582
107583
107584
107585
107586
107587
107588
107589
107590
107591
107592
107593
107594
107595
107596
107597
107598
107599
107600
107601
107602
107603
107604
107605
107606
107607
107608
107609
107610
107611
107612
107613
107614
107615
107616
107617
107618
107619
107620
107621
107622
107623
107624
107625
107626
107627
107628
107629
107630
107631
107632
107633
107634
107635
107636
107637
107638
107639
107640
107641
107642
107643
107644
107645
107646
107647
107648
107649
107650
107651
107652
107653
107654
107655
107656
107657
107658
107659
107660
107661
107662
107663
107664
107665
107666
107667
107668
107669
107670
107671
107672
107673
107674
107675
107676
107677
107678
107679
107680
107681
107682
107683
107684
107685
107686
107687
107688
107689
107690
107691
107692
107693
107694
107695
107696
107697
107698
107699
107700
107701
107702
107703
107704
107705
107706
107707
107708
107709
107710
107711
107712
107713
107714
107715
107716
107717
107718
107719
107720
107721
107722
107723
107724
107725
107726
107727
107728
107729
107730
107731
107732
107733
107734
107735
107736
107737
107738
107739
107740
107741
107742
107743
107744
107745
107746
107747
107748
107749
107750
107751
107752
107753
107754
107755
107756
107757
107758
107759
107760
107761
107762
107763
107764
107765
107766
107767
107768
107769
107770
107771
107772
107773
107774
107775
107776
107777
107778
107779
107780
107781
107782
107783
107784
107785
107786
107787
107788
107789
107790
107791
107792
107793
107794
107795
107796
107797
107798
107799
107800
107801
107802
107803
107804
107805
107806
107807
107808
107809
107810
107811
107812
107813
107814
107815
107816
107817
107818
107819
107820
107821
107822
107823
107824
107825
107826
107827
107828
107829
107830
107831
107832
107833
107834
107835
107836
107837
107838
107839
107840
107841
107842
107843
107844
107845
107846
107847
107848
107849
107850
107851
107852
107853
107854
107855
107856
107857
107858
107859
107860
107861
107862
107863
107864
107865
107866
107867
107868
107869
107870
107871
107872
107873
107874
107875
107876
107877
107878
107879
107880
107881
107882
107883
107884
107885
107886
107887
107888
107889
107890
107891
107892
107893
107894
107895
107896
107897
107898
107899
107900
107901
107902
107903
107904
107905
107906
107907
107908
107909
107910
107911
107912
107913
107914
107915
107916
107917
107918
107919
107920
107921
107922
107923
107924
107925
107926
107927
107928
107929
107930
107931
107932
107933
107934
107935
107936
107937
107938
107939
107940
107941
107942
107943
107944
107945
107946
107947
107948
107949
107950
107951
107952
107953
107954
107955
107956
107957
107958
107959
107960
107961
107962
107963
107964
107965
107966
107967
107968
107969
107970
107971
107972
107973
107974
107975
107976
107977
107978
107979
107980
107981
107982
107983
107984
107985
107986
107987
107988
107989
107990
107991
107992
107993
107994
107995
107996
107997
107998
107999
246375
246376
246377
246378
246379
246380
246381
246382
246383
246384
246385
246386
246387
246388
246389
246390
246391
246392
246393
246394
246395
246396
246397
246398
246399
246400
246401
246402
246403
246404
246405
246406
246407
246408
246409
246410
246411
246412
246413
246414
246415
246416
246417
246418
246419
246420
246421
246422
246423
246424
246425
246426
246427
246428
246429
246430
246431
246432
246433
246434
246435
246436
246437
246438
246439
246440
246441
246442
246443
246444
246445
246446
246447
246448
246449
246450
246451
246452
246453
246454
246455
246456
246457
246458
246459
246460
246461
246462
246463
246464
246465
246466
246467
246468
246469
246470
246471
246472
246473
246474
246475
246476
246477
246478
246479
246480
246481
246482
246483
246484
246485
246486
246487
246488
246489
246490
246491
246492
246493
246494
246495
246496
246497
246498
246499
246500
246501
246502
246503
246504
246505
246506
246507
246508
246509
246510
246511
246512
246513
246514
246515
246516
246517
246518
246519
246520
246521
246522
246523
246524
246525
246526
246527
246528
246529
246530
246531
246532
246533
246534
246535
246536
246537
246538
246539
246540
246541
246542
246543
246544
246545
246546
246547
246548
246549
246550
246551
246552
246553
246554
246555
246556
246557
246558
246559
246560
246561
246562
246563
246564
246565
246566
246567
246568
246569
246570
246571
246572
246573
246574
246575
246576
246577
246578
246579
246580
246581
246582
246583
246584
246585
246586
246587
246588
246589
246590
246591
246592
246593
246594
246595
246596
246597
246598
246599
246600
246601
246602
246603
246604
246605
246606
246607
246608
246609
246610
246611
246612
246613
246614
246615
246616
246617
246618
246619
246620
246621
246622
246623
246624
246625
246626
246627
246628
246629
246630
246631
246632
246633
246634
246635
246636
246637
246638
246639
246640
246641
246642
246643
246644
246645
246646
246647
246648
246649
246650
246651
246652
246653
246654
246655
246656
246657
246658
246659
246660
246661
246662
246663
246664
246665
246666
246667
246668
246669
246670
246671
246672
246673
246674
246675
246676
246677
246678
246679
246680
246681
246682
246683
246684
246685
246686
246687
246688
246689
246690
246691
246692
246693
246694
246695
246696
246697
246698
246699
246700
246701
246702
246703
246704
246705
246706
246707
246708
246709
246710
246711
246712
246713
246714
246715
246716
246717
246718
246719
246720
246721
246722
246723
246724
246725
246726
246727
246728
246729
246730
246731
246732
246733
246734
246735
246736
246737
246738
246739
246740
246741
246742
246743
246744
246745
246746
246747
246748
246749
246750
246751
246752
246753
246754
246755
246756
246757
246758
246759
246760
246761
246762
246763
246764
246765
246766
246767
246768
246769
246770
246771
246772
246773
246774
246775
246776
246777
246778
246779
246780
246781
246782
246783
246784
246785
246786
246787
246788
246789
246790
246791
246792
246793
246794
246795
246796
246797
246798
246799
246800
246801
246802
246803
246804
246805
246806
246807
246808
246809
246810
246811
246812
246813
246814
246815
246816
246817
246818
246819
246820
246821
246822
246823
246824
246825
246826
246827
246828
246829
246830
246831
246832
246833
246834
246835
246836
246837
246838
246839
246840
246841
246842
246843
246844
246845
246846
246847
246848
246849
246850
246851
246852
246853
246854
246855
246856
246857
246858
246859
246860
246861
246862
246863
246864
246865
246866
246867
246868
246869
246870
246871
246872
246873
246874
246875
246876
246877
246878
246879
246880
246881
246882
246883
246884
246885
246886
246887
246888
246889
246890
246891
246892
246893
246894
246895
246896
246897
246898
246899
246900
246901
246902
246903
246904
246905
246906
246907
246908
246909
246910
246911
246912
246913
246914
246915
246916
246917
246918
246919
246920
246921
246922
246923
246924
246925
246926
246927
246928
246929
246930
246931
246932
246933
246934
246935
246936
246937
246938
246939
246940
246941
246942
246943
246944
246945
246946
246947
246948
246949
246950
246951
246952
246953
246954
246955
246956
246957
246958
246959
246960
246961
246962
246963
246964
246965
246966
246967
246968
246969
246970
246971
246972
246973
246974
246975
246976
246977
246978
246979
246980
246981
246982
246983
246984
246985
246986
246987
246988
246989
246990
246991
246992
246993
246994
246995
246996
246997
246998
246999
247000
247001
247002
247003
247004
247005
247006
247007
247008
247009
247010
247011
247012
247013
247014
247015
247016
247017
247018
247019
247020
247021
247022
247023
247024
247025
247026
247027
247028
247029
247030
247031
247032
247033
247034
247035
247036
247037
247038
247039
247040
247041
247042
247043
247044
247045
247046
247047
247048
247049
247050
247051
247052
247053
247054
247055
247056
247057
247058
247059
247060
247061
247062
247063
247064
247065
247066
247067
247068
247069
247070
247071
247072
247073
247074
247075
247076
247077
247078
247079
247080
247081
247082
247083
247084
247085
247086
247087
247088
247089
247090
247091
247092
247093
247094
247095
247096
247097
247098
247099
247100
247101
247102
247103
247104
247105
247106
247107
247108
247109
247110
247111
247112
247113
247114
247115
247116
247117
247118
247119
247120
247121
247122
247123
247124
247125
247126
247127
247128
247129
247130
247131
247132
247133
247134
247135
247136
247137
247138
247139
247140
247141
247142
247143
247144
247145
247146
247147
247148
247149
247150
247151
247152
247153
247154
247155
247156
247157
247158
247159
247160
247161
247162
247163
247164
247165
247166
247167
247168
247169
247170
247171
247172
247173
247174
247175
247176
247177
247178
247179
247180
247181
247182
247183
247184
247185
247186
247187
247188
247189
247190
247191
247192
247193
247194
247195
247196
247197
247198
247199
247200
247201
247202
247203
247204
247205
247206
247207
247208
247209
247210
247211
247212
247213
247214
247215
247216
247217
247218
247219
247220
247221
247222
247223
247224
247225
247226
247227
247228
247229
247230
247231
247232
247233
247234
247235
247236
247237
247238
247239
247240
247241
247242
247243
247244
247245
247246
247247
247248
247249
247250
247251
247252
247253
247254
247255
247256
247257
247258
247259
247260
247261
247262
247263
247264
247265
247266
247267
247268
247269
247270
247271
247272
247273
247274
247275
247276
247277
247278
247279
247280
247281
247282
247283
247284
247285
247286
247287
247288
247289
247290
247291
247292
247293
247294
247295
247296
247297
247298
247299
247300
247301
247302
247303
247304
247305
247306
247307
247308
247309
247310
247311
247312
247313
247314
247315
247316
247317
247318
247319
247320
247321
247322
247323
247324
247325
247326
247327
247328
247329
247330
247331
247332
247333
247334
247335
247336
247337
247338
247339
247340
247341
247342
247343
247344
247345
247346
247347
247348
247349
247350
247351
247352
247353
247354
247355
247356
247357
247358
247359
247360
247361
247362
247363
247364
247365
247366
247367
247368
247369
247370
247371
247372
247373
247374
247375
247376
247377
247378
247379
247380
247381
247382
247383
247384
247385
247386
247387
247388
247389
247390
247391
247392
247393
247394
247395
247396
247397
247398
247399
247400
247401
247402
247403
247404
247405
247406
247407
247408
247409
247410
247411
247412
247413
247414
247415
247416
247417
247418
247419
247420
247421
247422
247423
247424
247425
247426
247427
247428
247429
247430
247431
247432
247433
247434
247435
247436
247437
247438
247439
247440
247441
247442
247443
247444
247445
247446
247447
247448
247449
247450
247451
247452
247453
247454
247455
247456
247457
247458
247459
247460
247461
247462
247463
247464
247465
247466
247467
247468
247469
247470
247471
247472
247473
247474
247475
247476
247477
247478
247479
247480
247481
247482
247483
247484
247485
247486
247487
247488
247489
247490
247491
247492
247493
247494
247495
247496
247497
247498
247499
247500
247501
247502
247503
247504
247505
247506
247507
247508
247509
247510
247511
247512
247513
247514
247515
247516
247517
247518
247519
247520
247521
247522
247523
247524
247525
247526
247527
247528
247529
247530
247531
247532
247533
247534
247535
247536
247537
247538
247539
247540
247541
247542
247543
247544
247545
247546
247547
247548
247549
247550
247551
247552
247553
247554
247555
247556
247557
247558
247559
247560
247561
247562
247563
247564
247565
247566
247567
247568
247569
247570
247571
247572
247573
247574
247575
247576
247577
247578
247579
247580
247581
247582
247583
247584
247585
247586
247587
247588
247589
247590
247591
247592
247593
247594
247595
247596
247597
247598
247599
247600
247601
247602
247603
247604
247605
247606
247607
247608
247609
247610
247611
247612
247613
247614
247615
247616
247617
247618
247619
247620
247621
247622
247623
247624
247625
247626
247627
247628
247629
247630
247631
247632
247633
247634
247635
247636
247637
247638
247639
247640
247641
247642
247643
247644
247645
247646
247647
247648
247649
247650
247651
247652
247653
247654
247655
247656
247657
247658
247659
247660
247661
247662
247663
247664
247665
247666
247667
247668
247669
247670
247671
247672
247673
247674
247675
247676
247677
247678
247679
247680
247681
247682
247683
247684
247685
247686
247687
247688
247689
247690
247691
247692
247693
247694
247695
247696
247697
247698
247699
247700
247701
247702
247703
247704
247705
247706
247707
247708
247709
247710
247711
247712
247713
247714
247715
247716
247717
247718
247719
247720
247721
247722
247723
247724
247725
247726
247727
247728
247729
247730
247731
247732
247733
247734
247735
247736
247737
247738
247739
247740
247741
247742
247743
247744
247745
247746
247747
247748
247749
247750
247751
247752
247753
247754
247755
247756
247757
247758
247759
247760
247761
247762
247763
247764
247765
247766
247767
247768
247769
247770
247771
247772
247773
247774
247775
247776
247777
247778
247779
247780
247781
247782
247783
247784
247785
247786
247787
247788
247789
247790
247791
247792
247793
247794
247795
247796
247797
247798
247799
247800
247801
247802
247803
247804
247805
247806
247807
247808
247809
247810
247811
247812
247813
247814
247815
247816
247817
247818
247819
247820
247821
247822
247823
247824
247825
247826
247827
247828
247829
247830
247831
247832
247833
247834
247835
247836
247837
247838
247839
247840
247841
247842
247843
247844
247845
247846
247847
247848
247849
247850
247851
247852
247853
247854
247855
247856
247857
247858
247859
247860
247861
247862
247863
247864
247865
247866
247867
247868
247869
247870
247871
247872
247873
247874
247875
247876
247877
247878
247879
247880
247881
247882
247883
247884
247885
247886
247887
247888
247889
247890
247891
247892
247893
247894
247895
247896
247897
247898
247899
247900
247901
247902
247903
247904
247905
247906
247907
247908
247909
247910
247911
247912
247913
247914
247915
247916
247917
247918
247919
247920
247921
247922
247923
247924
247925
247926
247927
247928
247929
247930
247931
247932
247933
247934
247935
247936
247937
247938
247939
247940
247941
247942
247943
247944
247945
247946
247947
247948
247949
247950
247951
247952
247953
247954
247955
247956
247957
247958
247959
247960
247961
247962
247963
247964
247965
247966
247967
247968
247969
247970
247971
247972
247973
247974
247975
247976
247977
247978
247979
247980
247981
247982
247983
247984
247985
247986
247987
247988
247989
247990
247991
247992
247993
247994
247995
247996
247997
247998
247999
248000
248001
248002
248003
248004
248005
248006
248007
248008
248009
248010
248011
248012
248013
248014
248015
248016
248017
248018
248019
248020
248021
248022
248023
248024
248025
248026
248027
248028
248029
248030
248031
248032
248033
248034
248035
248036
248037
248038
248039
248040
248041
248042
248043
248044
248045
248046
248047
248048
248049
248050
248051
248052
248053
248054
248055
248056
248057
248058
248059
248060
248061
248062
248063
248064
248065
248066
248067
248068
248069
248070
248071
248072
248073
248074
248075
248076
248077
248078
248079
248080
248081
248082
248083
248084
248085
248086
248087
248088
248089
248090
248091
248092
248093
248094
248095
248096
248097
248098
248099
248100
248101
248102
248103
248104
248105
248106
248107
248108
248109
248110
248111
248112
248113
248114
248115
248116
248117
248118
248119
248120
248121
248122
248123
248124
248125
248126
248127
248128
248129
248130
248131
248132
248133
248134
248135
248136
248137
248138
248139
248140
248141
248142
248143
248144
248145
248146
248147
248148
248149
248150
248151
248152
248153
248154
248155
248156
248157
248158
248159
248160
248161
248162
248163
248164
248165
248166
248167
248168
248169
248170
248171
248172
248173
248174
248175
248176
248177
248178
248179
248180
248181
248182
248183
248184
248185
248186
248187
248188
248189
248190
248191
248192
248193
248194
248195
248196
248197
248198
248199
248200
248201
248202
248203
248204
248205
248206
248207
248208
248209
248210
248211
248212
248213
248214
248215
248216
248217
248218
248219
248220
248221
248222
248223
248224
248225
248226
248227
248228
248229
248230
248231
248232
248233
248234
248235
248236
248237
248238
248239
248240
248241
248242
248243
248244
248245
248246
248247
248248
248249
248250
248251
248252
248253
248254
248255
248256
248257
248258
248259
248260
248261
248262
248263
248264
248265
248266
248267
248268
248269
248270
248271
248272
248273
248274
248275
248276
248277
248278
248279
248280
248281
248282
248283
248284
248285
248286
248287
248288
248289
248290
248291
248292
248293
248294
248295
248296
248297
248298
248299
248300
248301
248302
248303
248304
248305
248306
248307
248308
248309
248310
248311
248312
248313
248314
248315
248316
248317
248318
248319
248320
248321
248322
248323
248324
248325
248326
248327
248328
248329
248330
248331
248332
248333
248334
248335
248336
248337
248338
248339
248340
248341
248342
248343
248344
248345
248346
248347
248348
248349
248350
248351
248352
248353
248354
248355
248356
248357
248358
248359
248360
248361
248362
248363
248364
248365
248366
248367
248368
248369
248370
248371
248372
248373
248374
248375
248376
248377
248378
248379
248380
248381
248382
248383
248384
248385
248386
248387
248388
248389
248390
248391
248392
248393
248394
248395
248396
248397
248398
248399
248400
248401
248402
248403
248404
248405
248406
248407
248408
248409
248410
248411
248412
248413
248414
248415
248416
248417
248418
248419
248420
248421
248422
248423
248424
248425
248426
248427
248428
248429
248430
248431
248432
248433
248434
248435
248436
248437
248438
248439
248440
248441
248442
248443
248444
248445
248446
248447
248448
248449
248450
248451
248452
248453
248454
248455
248456
248457
248458
248459
248460
248461
248462
248463
248464
248465
248466
248467
248468
248469
248470
248471
248472
248473
248474
248475
248476
248477
248478
248479
248480
248481
248482
248483
248484
248485
248486
248487
248488
248489
248490
248491
248492
248493
248494
248495
248496
248497
248498
248499
248500
248501
248502
248503
248504
248505
248506
248507
248508
248509
248510
248511
248512
248513
248514
248515
248516
248517
248518
248519
248520
248521
248522
248523
248524
248525
248526
248527
248528
248529
248530
248531
248532
248533
248534
248535
248536
248537
248538
248539
248540
248541
248542
248543
248544
248545
248546
248547
248548
248549
248550
248551
248552
248553
248554
248555
248556
248557
248558
248559
248560
248561
248562
248563
248564
248565
248566
248567
248568
248569
248570
248571
248572
248573
248574
248575
248576
248577
248578
248579
248580
248581
248582
248583
248584
248585
248586
248587
248588
248589
248590
248591
248592
248593
248594
248595
248596
248597
248598
248599
248600
248601
248602
248603
248604
248605
248606
248607
248608
248609
248610
248611
248612
248613
248614
248615
248616
248617
248618
248619
248620
248621
248622
248623
248624
248625
248626
248627
248628
248629
248630
248631
248632
248633
248634
248635
248636
248637
248638
248639
248640
248641
248642
248643
248644
248645
248646
248647
248648
248649
248650
248651
248652
248653
248654
248655
248656
248657
248658
248659
248660
248661
248662
248663
248664
248665
248666
248667
248668
248669
248670
248671
248672
248673
248674
248675
248676
248677
248678
248679
248680
248681
248682
248683
248684
248685
248686
248687
248688
248689
248690
248691
248692
248693
248694
248695
248696
248697
248698
248699
248700
248701
248702
248703
248704
248705
248706
248707
248708
248709
248710
248711
248712
248713
248714
248715
248716
248717
248718
248719
248720
248721
248722
248723
248724
248725
248726
248727
248728
248729
248730
248731
248732
248733
248734
248735
248736
248737
248738
248739
248740
248741
248742
248743
248744
248745
248746
248747
248748
248749
248750
248751
248752
248753
248754
248755
248756
248757
248758
248759
248760
248761
248762
248763
248764
248765
248766
248767
248768
248769
248770
248771
248772
248773
248774
248775
248776
248777
248778
248779
248780
248781
248782
248783
248784
248785
248786
248787
248788
248789
248790
248791
248792
248793
248794
248795
248796
248797
248798
248799
248800
248801
248802
248803
248804
248805
248806
248807
248808
248809
248810
248811
248812
248813
248814
248815
248816
248817
248818
248819
248820
248821
248822
248823
248824
248825
248826
248827
248828
248829
248830
248831
248832
248833
248834
248835
248836
248837
248838
248839
248840
248841
248842
248843
248844
248845
248846
248847
248848
248849
248850
248851
248852
248853
248854
248855
248856
248857
248858
248859
248860
248861
248862
248863
248864
248865
248866
248867
248868
248869
248870
248871
248872
248873
248874
248875
248876
248877
248878
248879
248880
248881
248882
248883
248884
248885
248886
248887
248888
248889
248890
248891
248892
248893
248894
248895
248896
248897
248898
248899
248900
248901
248902
248903
248904
248905
248906
248907
248908
248909
248910
248911
248912
248913
248914
248915
248916
248917
248918
248919
248920
248921
248922
248923
248924
248925
248926
248927
248928
248929
248930
248931
248932
248933
248934
248935
248936
248937
248938
248939
248940
248941
248942
248943
248944
248945
248946
248947
248948
248949
248950
248951
248952
248953
248954
248955
248956
248957
248958
248959
248960
248961
248962
248963
248964
248965
248966
248967
248968
248969
248970
248971
248972
248973
248974
248975
248976
248977
248978
248979
248980
248981
248982
248983
248984
248985
248986
248987
248988
248989
248990
248991
248992
248993
248994
248995
248996
248997
248998
248999
249000
249001
249002
249003
249004
249005
249006
249007
249008
249009
249010
249011
249012
249013
249014
249015
249016
249017
249018
249019
249020
249021
249022
249023
249024
249025
249026
249027
249028
249029
249030
249031
249032
249033
249034
249035
249036
249037
249038
249039
249040
249041
249042
249043
249044
249045
249046
249047
249048
249049
249050
249051
249052
249053
249054
249055
249056
249057
249058
249059
249060
249061
249062
249063
249064
249065
249066
249067
249068
249069
249070
249071
249072
249073
249074
249075
249076
249077
249078
249079
249080
249081
249082
249083
249084
249085
249086
249087
249088
249089
249090
249091
249092
249093
249094
249095
249096
249097
249098
249099
249100
249101
249102
249103
249104
249105
249106
249107
249108
249109
249110
249111
249112
249113
249114
249115
249116
249117
249118
249119
249120
249121
249122
249123
249124
249125
249126
249127
249128
249129
249130
249131
249132
249133
249134
249135
249136
249137
249138
249139
249140
249141
249142
249143
249144
249145
249146
249147
249148
249149
249150
249151
249152
249153
249154
249155
249156
249157
249158
249159
249160
249161
249162
249163
249164
249165
249166
249167
249168
249169
249170
249171
249172
249173
249174
249175
249176
249177
249178
249179
249180
249181
249182
249183
249184
249185
249186
249187
249188
249189
249190
249191
249192
249193
249194
249195
249196
249197
249198
249199
249200
249201
249202
249203
249204
249205
249206
249207
249208
249209
249210
249211
249212
249213
249214
249215
249216
249217
249218
249219
249220
249221
249222
249223
249224
249225
249226
249227
249228
249229
249230
249231
249232
249233
249234
249235
249236
249237
249238
249239
249240
249241
249242
249243
249244
249245
249246
249247
249248
249249
249250
249251
249252
249253
249254
249255
249256
249257
249258
249259
249260
249261
249262
249263
249264
249265
249266
249267
249268
249269
249270
249271
249272
249273
249274
249275
249276
249277
249278
249279
249280
249281
249282
249283
249284
249285
249286
249287
249288
249289
249290
249291
249292
249293
249294
249295
249296
249297
249298
249299
249300
249301
249302
249303
249304
249305
249306
249307
249308
249309
249310
249311
249312
249313
249314
249315
249316
249317
249318
249319
249320
249321
249322
249323
249324
249325
249326
249327
249328
249329
249330
249331
249332
249333
249334
249335
249336
249337
249338
249339
249340
249341
249342
249343
249344
249345
249346
249347
249348
249349
249350
249351
249352
249353
249354
249355
249356
249357
249358
249359
249360
249361
249362
249363
249364
249365
249366
249367
249368
249369
249370
249371
249372
249373
249374
249375
249376
249377
249378
249379
249380
249381
249382
249383
249384
249385
249386
249387
249388
249389
249390
249391
249392
249393
249394
249395
249396
249397
249398
249399
249400
249401
249402
249403
249404
249405
249406
249407
249408
249409
249410
249411
249412
249413
249414
249415
249416
249417
249418
249419
249420
249421
249422
249423
249424
249425
249426
249427
249428
249429
249430
249431
249432
249433
249434
249435
249436
249437
249438
249439
249440
249441
249442
249443
249444
249445
249446
249447
249448
249449
249450
249451
249452
249453
249454
249455
249456
249457
249458
249459
249460
249461
249462
249463
249464
249465
249466
249467
249468
249469
249470
249471
249472
249473
249474
249475
249476
249477
249478
249479
249480
249481
249482
249483
249484
249485
249486
249487
249488
249489
249490
249491
249492
249493
249494
249495
249496
249497
249498
249499
249500
249501
249502
249503
249504
249505
249506
249507
249508
249509
249510
249511
249512
249513
249514
249515
249516
249517
249518
249519
249520
249521
249522
249523
249524
249525
249526
249527
249528
249529
249530
249531
249532
249533
249534
249535
249536
249537
249538
249539
249540
249541
249542
249543
249544
249545
249546
249547
249548
249549
249550
249551
249552
249553
249554
249555
249556
249557
249558
249559
249560
249561
249562
249563
249564
249565
249566
249567
249568
249569
249570
249571
249572
249573
249574
249575
249576
249577
249578
249579
249580
249581
249582
249583
249584
249585
249586
249587
249588
249589
249590
249591
249592
249593
249594
249595
249596
249597
249598
249599
249600
249601
249602
249603
249604
249605
249606
249607
249608
249609
249610
249611
249612
249613
249614
249615
249616
249617
249618
249619
249620
249621
249622
249623
249624
249625
249626
249627
249628
249629
249630
249631
249632
249633
249634
249635
249636
249637
249638
249639
249640
249641
249642
249643
249644
249645
249646
249647
249648
249649
249650
249651
249652
249653
249654
249655
249656
249657
249658
249659
249660
249661
249662
249663
249664
249665
249666
249667
249668
249669
249670
249671
249672
249673
249674
249675
249676
249677
249678
249679
249680
249681
249682
249683
249684
249685
249686
249687
249688
249689
249690
249691
249692
249693
249694
249695
249696
249697
249698
249699
249700
249701
249702
249703
249704
249705
249706
249707
249708
249709
249710
249711
249712
249713
249714
249715
249716
249717
249718
249719
249720
249721
249722
249723
249724
249725
249726
249727
249728
249729
249730
249731
249732
249733
249734
249735
249736
249737
249738
249739
249740
249741
249742
249743
249744
249745
249746
249747
249748
249749
249750
249751
249752
249753
249754
249755
249756
249757
249758
249759
249760
249761
249762
249763
249764
249765
249766
249767
249768
249769
249770
249771
249772
249773
249774
249775
249776
249777
249778
249779
249780
249781
249782
249783
249784
249785
249786
249787
249788
249789
249790
249791
249792
249793
249794
249795
249796
249797
249798
249799
249800
249801
249802
249803
249804
249805
249806
249807
249808
249809
249810
249811
249812
249813
249814
249815
249816
249817
249818
249819
249820
249821
249822
249823
249824
249825
249826
249827
249828
249829
249830
249831
249832
249833
249834
249835
249836
249837
249838
249839
249840
249841
249842
249843
249844
249845
249846
249847
249848
249849
249850
249851
249852
249853
249854
249855
249856
249857
249858
249859
249860
249861
249862
249863
249864
249865
249866
249867
249868
249869
249870
249871
249872
249873
249874
249875
249876
249877
249878
249879
249880
249881
249882
249883
249884
249885
249886
249887
249888
249889
249890
249891
249892
249893
249894
249895
249896
249897
249898
249899
249900
249901
249902
249903
249904
249905
249906
249907
249908
249909
249910
249911
249912
249913
249914
249915
249916
249917
249918
249919
249920
249921
249922
249923
249924
249925
249926
249927
249928
249929
249930
249931
249932
249933
249934
249935
249936
249937
249938
249939
249940
249941
249942
249943
249944
249945
249946
249947
249948
249949
249950
249951
249952
249953
249954
249955
249956
249957
249958
249959
249960
249961
249962
249963
249964
249965
249966
249967
249968
249969
249970
249971
249972
249973
249974
249975
249976
249977
249978
249979
249980
249981
249982
249983
249984
249985
249986
249987
249988
249989
249990
249991
249992
249993
249994
249995
249996
249997
249998
249999
250000
250001
250002
250003
250004
250005
250006
250007
250008
250009
250010
250011
250012
250013
250014
250015
250016
250017
250018
250019
250020
250021
250022
250023
250024
250025
250026
250027
250028
250029
250030
250031
250032
250033
250034
250035
250036
250037
250038
250039
250040
250041
250042
250043
250044
250045
250046
250047
250048
250049
250050
250051
250052
250053
250054
250055
250056
250057
250058
250059
250060
250061
250062
250063
250064
250065
250066
250067
250068
250069
250070
250071
250072
250073
250074
250075
250076
250077
250078
250079
250080
250081
250082
250083
250084
250085
250086
250087
250088
250089
250090
250091
250092
250093
250094
250095
250096
250097
250098
250099
250100
250101
250102
250103
250104
250105
250106
250107
250108
250109
250110
250111
250112
250113
250114
250115
250116
250117
250118
250119
250120
250121
250122
250123
250124
250125
250126
250127
250128
250129
250130
250131
250132
250133
250134
250135
250136
250137
250138
250139
250140
250141
250142
250143
250144
250145
250146
250147
250148
250149
250150
250151
250152
250153
250154
250155
250156
250157
250158
250159
250160
250161
250162
250163
250164
250165
250166
250167
250168
250169
250170
250171
250172
250173
250174
250175
250176
250177
250178
250179
250180
250181
250182
250183
250184
250185
250186
250187
250188
250189
250190
250191
250192
250193
250194
250195
250196
250197
250198
250199
250200
250201
250202
250203
250204
250205
250206
250207
250208
250209
250210
250211
250212
250213
250214
250215
250216
250217
250218
250219
250220
250221
250222
250223
250224
250225
250226
250227
250228
250229
250230
250231
250232
250233
250234
250235
250236
250237
250238
250239
250240
250241
250242
250243
250244
250245
250246
250247
250248
250249
250250
250251
250252
250253
250254
250255
250256
250257
250258
250259
250260
250261
250262
250263
250264
250265
250266
250267
250268
250269
250270
250271
250272
250273
250274
250275
250276
250277
250278
250279
250280
250281
250282
250283
250284
250285
250286
250287
250288
250289
250290
250291
250292
250293
250294
250295
250296
250297
250298
250299
250300
250301
250302
250303
250304
250305
250306
250307
250308
250309
250310
250311
250312
250313
250314
250315
250316
250317
250318
250319
250320
250321
250322
250323
250324
250325
250326
250327
250328
250329
250330
250331
250332
250333
250334
250335
250336
250337
250338
250339
250340
250341
250342
250343
250344
250345
250346
250347
250348
250349
250350
250351
250352
250353
250354
250355
250356
250357
250358
250359
250360
250361
250362
250363
250364
250365
250366
250367
250368
250369
250370
250371
250372
250373
250374
250375
250376
250377
250378
250379
250380
250381
250382
250383
250384
250385
250386
250387
250388
250389
250390
250391
250392
250393
250394
250395
250396
250397
250398
250399
250400
250401
250402
250403
250404
250405
250406
250407
250408
250409
250410
250411
250412
250413
250414
250415
250416
250417
250418
250419
250420
250421
250422
250423
250424
250425
250426
250427
250428
250429
250430
250431
250432
250433
250434
250435
250436
250437
250438
250439
250440
250441
250442
250443
250444
250445
250446
250447
250448
250449
250450
250451
250452
250453
250454
250455
250456
250457
250458
250459
250460
250461
250462
250463
250464
250465
250466
250467
250468
250469
250470
250471
250472
250473
250474
250475
250476
250477
250478
250479
250480
250481
250482
250483
250484
250485
250486
250487
250488
250489
250490
250491
250492
250493
250494
250495
250496
250497
250498
250499
250500
250501
250502
250503
250504
250505
250506
250507
250508
250509
250510
250511
250512
250513
250514
250515
250516
250517
250518
250519
250520
250521
250522
250523
250524
250525
250526
250527
250528
250529
250530
250531
250532
250533
250534
250535
250536
250537
250538
250539
250540
250541
250542
250543
250544
250545
250546
250547
250548
250549
250550
250551
250552
250553
250554
250555
250556
250557
250558
250559
250560
250561
250562
250563
250564
250565
250566
250567
250568
250569
250570
250571
250572
250573
250574
250575
250576
250577
250578
250579
250580
250581
250582
250583
250584
250585
250586
250587
250588
250589
250590
250591
250592
250593
250594
250595
250596
250597
250598
250599
250600
250601
250602
250603
250604
250605
250606
250607
250608
250609
250610
250611
250612
250613
250614
250615
250616
250617
250618
250619
250620
250621
250622
250623
250624
250625
250626
250627
250628
250629
250630
250631
250632
250633
250634
250635
250636
250637
250638
250639
250640
250641
250642
250643
250644
250645
250646
250647
250648
250649
250650
250651
250652
250653
250654
250655
250656
250657
250658
250659
250660
250661
250662
250663
250664
250665
250666
250667
250668
250669
250670
250671
250672
250673
250674
250675
250676
250677
250678
250679
250680
250681
250682
250683
250684
250685
250686
250687
250688
250689
250690
250691
250692
250693
250694
250695
250696
250697
250698
250699
250700
250701
250702
250703
250704
250705
250706
250707
250708
250709
250710
250711
250712
250713
250714
250715
250716
250717
250718
250719
250720
250721
250722
250723
250724
250725
250726
250727
250728
250729
250730
250731
250732
250733
250734
250735
250736
250737
250738
250739
250740
250741
250742
250743
250744
250745
250746
250747
250748
250749
250750
250751
250752
250753
250754
250755
250756
250757
250758
250759
250760
250761
250762
250763
250764
250765
250766
250767
250768
250769
250770
250771
250772
250773
250774
250775
250776
250777
250778
250779
250780
250781
250782
250783
250784
250785
250786
250787
250788
250789
250790
250791
250792
250793
250794
250795
250796
250797
250798
250799
250800
250801
250802
250803
250804
250805
250806
250807
250808
250809
250810
250811
250812
250813
250814
250815
250816
250817
250818
250819
250820
250821
250822
250823
250824
250825
250826
250827
250828
250829
250830
250831
250832
250833
250834
250835
250836
250837
250838
250839
250840
250841
250842
250843
250844
250845
250846
250847
250848
250849
250850
250851
250852
250853
250854
250855
250856
250857
250858
250859
250860
250861
250862
250863
250864
250865
250866
250867
250868
250869
250870
250871
250872
250873
250874
250875
250876
250877
250878
250879
250880
250881
250882
250883
250884
250885
250886
250887
250888
250889
250890
250891
250892
250893
250894
250895
250896
250897
250898
250899
250900
250901
250902
250903
250904
250905
250906
250907
250908
250909
250910
250911
250912
250913
250914
250915
250916
250917
250918
250919
250920
250921
250922
250923
250924
250925
250926
250927
250928
250929
250930
250931
250932
250933
250934
250935
250936
250937
250938
250939
250940
250941
250942
250943
250944
250945
250946
250947
250948
250949
250950
250951
250952
250953
250954
250955
250956
250957
250958
250959
250960
250961
250962
250963
250964
250965
250966
250967
250968
250969
250970
250971
250972
250973
250974
250975
250976
250977
250978
250979
250980
250981
250982
250983
250984
250985
250986
250987
250988
250989
250990
250991
250992
250993
250994
250995
250996
250997
250998
250999
251000
251001
251002
251003
251004
251005
251006
251007
251008
251009
251010
251011
251012
251013
251014
251015
251016
251017
251018
251019
251020
251021
251022
251023
251024
251025
251026
251027
251028
251029
251030
251031
251032
251033
251034
251035
251036
251037
251038
251039
251040
251041
251042
251043
251044
251045
251046
251047
251048
251049
251050
251051
251052
251053
251054
251055
251056
251057
251058
251059
251060
251061
251062
251063
251064
251065
251066
251067
251068
251069
251070
251071
251072
251073
251074
251075
251076
251077
251078
251079
251080
251081
251082
251083
251084
251085
251086
251087
251088
251089
251090
251091
251092
251093
251094
251095
251096
251097
251098
251099
251100
251101
251102
251103
251104
251105
251106
251107
251108
251109
251110
251111
251112
251113
251114
251115
251116
251117
251118
251119
251120
251121
251122
251123
251124
251125
251126
251127
251128
251129
251130
251131
251132
251133
251134
251135
251136
251137
251138
251139
251140
251141
251142
251143
251144
251145
251146
251147
251148
251149
251150
251151
251152
251153
251154
251155
251156
251157
251158
251159
251160
251161
251162
251163
251164
251165
251166
251167
251168
251169
251170
251171
251172
251173
251174
251175
251176
251177
251178
251179
251180
251181
251182
251183
251184
251185
251186
251187
251188
251189
251190
251191
251192
251193
251194
251195
251196
251197
251198
251199
251200
251201
251202
251203
251204
251205
251206
251207
251208
251209
251210
251211
251212
251213
251214
251215
251216
251217
251218
251219
251220
251221
251222
251223
251224
251225
251226
251227
251228
251229
251230
251231
251232
251233
251234
251235
251236
251237
251238
251239
251240
251241
251242
251243
251244
251245
251246
251247
251248
251249
251250
251251
251252
251253
251254
251255
251256
251257
251258
251259
251260
251261
251262
251263
251264
251265
251266
251267
251268
251269
251270
251271
251272
251273
251274
251275
251276
251277
251278
251279
251280
251281
251282
251283
251284
251285
251286
251287
251288
251289
251290
251291
251292
251293
251294
251295
251296
251297
251298
251299
251300
251301
251302
251303
251304
251305
251306
251307
251308
251309
251310
251311
251312
251313
251314
251315
251316
251317
251318
251319
251320
251321
251322
251323
251324
251325
251326
251327
251328
251329
251330
251331
251332
251333
251334
251335
251336
251337
251338
251339
251340
251341
251342
251343
251344
251345
251346
251347
251348
251349
251350
251351
251352
251353
251354
251355
251356
251357
251358
251359
251360
251361
251362
251363
251364
251365
251366
251367
251368
251369
251370
251371
251372
251373
251374
251375
251376
251377
251378
251379
251380
251381
251382
251383
251384
251385
251386
251387
251388
251389
251390
251391
251392
251393
251394
251395
251396
251397
251398
251399
251400
251401
251402
251403
251404
251405
251406
251407
251408
251409
251410
251411
251412
251413
251414
251415
251416
251417
251418
251419
251420
251421
251422
251423
251424
251425
251426
251427
251428
251429
251430
251431
251432
251433
251434
251435
251436
251437
251438
251439
251440
251441
251442
251443
251444
251445
251446
251447
251448
251449
251450
251451
251452
251453
251454
251455
251456
251457
251458
251459
251460
251461
251462
251463
251464
251465
251466
251467
251468
251469
251470
251471
251472
251473
251474
251475
251476
251477
251478
251479
251480
251481
251482
251483
251484
251485
251486
251487
251488
251489
251490
251491
251492
251493
251494
251495
251496
251497
251498
251499
251500
251501
251502
251503
251504
251505
251506
251507
251508
251509
251510
251511
251512
251513
251514
251515
251516
251517
251518
251519
251520
251521
251522
251523
251524
251525
251526
251527
251528
251529
251530
251531
251532
251533
251534
251535
251536
251537
251538
251539
251540
251541
251542
251543
251544
251545
251546
251547
251548
251549
251550
251551
251552
251553
251554
251555
251556
251557
251558
251559
251560
251561
251562
251563
251564
251565
251566
251567
251568
251569
251570
251571
251572
251573
251574
251575
251576
251577
251578
251579
251580
251581
251582
251583
251584
251585
251586
251587
251588
251589
251590
251591
251592
251593
251594
251595
251596
251597
251598
251599
251600
251601
251602
251603
251604
251605
251606
251607
251608
251609
251610
251611
251612
251613
251614
251615
251616
251617
251618
251619
251620
251621
251622
251623
251624
251625
251626
251627
251628
251629
251630
251631
251632
251633
251634
251635
251636
251637
251638
251639
251640
251641
251642
251643
251644
251645
251646
251647
251648
251649
251650
251651
251652
251653
251654
251655
251656
251657
251658
251659
251660
251661
251662
251663
251664
251665
251666
251667
251668
251669
251670
251671
251672
251673
251674
251675
251676
251677
251678
251679
251680
251681
251682
251683
251684
251685
251686
251687
251688
251689
251690
251691
251692
251693
251694
251695
251696
251697
251698
251699
251700
251701
251702
251703
251704
251705
251706
251707
251708
251709
251710
251711
251712
251713
251714
251715
251716
251717
251718
251719
251720
251721
251722
251723
251724
251725
251726
251727
251728
251729
251730
251731
251732
251733
251734
251735
251736
251737
251738
251739
251740
251741
251742
251743
251744
251745
251746
251747
251748
251749
251750
251751
251752
251753
251754
251755
251756
251757
251758
251759
251760
251761
251762
251763
251764
251765
251766
251767
251768
251769
251770
251771
251772
251773
251774
251775
251776
251777
251778
251779
251780
251781
251782
251783
251784
251785
251786
251787
251788
251789
251790
251791
251792
251793
251794
251795
251796
251797
251798
251799
251800
251801
251802
251803
251804
251805
251806
251807
251808
251809
251810
251811
251812
251813
251814
251815
251816
251817
251818
251819
251820
251821
251822
251823
251824
251825
251826
251827
251828
251829
251830
251831
251832
251833
251834
251835
251836
251837
251838
251839
251840
251841
251842
251843
251844
251845
251846
251847
251848
251849
251850
251851
251852
251853
251854
251855
251856
251857
251858
251859
251860
251861
251862
251863
251864
251865
251866
251867
251868
251869
251870
251871
251872
251873
251874
251875
251876
251877
251878
251879
251880
251881
251882
251883
251884
251885
251886
251887
251888
251889
251890
251891
251892
251893
251894
251895
251896
251897
251898
251899
251900
251901
251902
251903
251904
251905
251906
251907
251908
251909
251910
251911
251912
251913
251914
251915
251916
251917
251918
251919
251920
251921
251922
251923
251924
251925
251926
251927
251928
251929
251930
251931
251932
251933
251934
251935
251936
251937
251938
251939
251940
251941
251942
251943
251944
251945
251946
251947
251948
251949
251950
251951
251952
251953
251954
251955
251956
251957
251958
251959
251960
251961
251962
251963
251964
251965
251966
251967
251968
251969
251970
251971
251972
251973
251974
251975
251976
251977
251978
251979
251980
251981
251982
251983
251984
251985
251986
251987
251988
251989
251990
251991
251992
251993
251994
251995
251996
251997
251998
251999
252000
252001
252002
252003
252004
252005
252006
252007
252008
252009
252010
252011
252012
252013
252014
252015
252016
252017
252018
252019
252020
252021
252022
252023
252024
252025
252026
252027
252028
252029
252030
252031
252032
252033
252034
252035
252036
252037
252038
252039
252040
252041
252042
252043
252044
252045
252046
252047
252048
252049
252050
252051
252052
252053
252054
252055
252056
252057
252058
252059
252060
252061
252062
252063
252064
252065
252066
252067
252068
252069
252070
252071
252072
252073
252074
252075
252076
252077
252078
252079
252080
252081
252082
252083
252084
252085
252086
252087
252088
252089
252090
252091
252092
252093
252094
252095
252096
252097
252098
252099
252100
252101
252102
252103
252104
252105
252106
252107
252108
252109
252110
252111
252112
252113
252114
252115
252116
252117
252118
252119
252120
252121
252122
252123
252124
252125
252126
252127
252128
252129
252130
252131
252132
252133
252134
252135
252136
252137
252138
252139
252140
252141
252142
252143
252144
252145
252146
252147
252148
252149
252150
252151
252152
252153
252154
252155
252156
252157
252158
252159
252160
252161
252162
252163
252164
252165
252166
252167
252168
252169
252170
252171
252172
252173
252174
252175
252176
252177
252178
252179
252180
252181
252182
252183
252184
252185
252186
252187
252188
252189
252190
252191
252192
252193
252194
252195
252196
252197
252198
252199
252200
252201
252202
252203
252204
252205
252206
252207
252208
252209
252210
252211
252212
252213
252214
252215
252216
252217
252218
252219
252220
252221
252222
252223
252224
252225
252226
252227
252228
252229
252230
252231
252232
252233
252234
252235
252236
252237
252238
252239
252240
252241
252242
252243
252244
252245
252246
252247
252248
252249
252250
252251
252252
252253
252254
252255
252256
252257
252258
252259
252260
252261
252262
252263
252264
252265
252266
252267
252268
252269
252270
252271
252272
252273
252274
252275
252276
252277
252278
252279
252280
252281
252282
252283
252284
252285
252286
252287
252288
252289
252290
252291
252292
252293
252294
252295
252296
252297
252298
252299
252300
252301
252302
252303
252304
252305
252306
252307
252308
252309
252310
252311
252312
252313
252314
252315
252316
252317
252318
252319
252320
252321
252322
252323
252324
252325
252326
252327
252328
252329
252330
252331
252332
252333
252334
252335
252336
252337
252338
252339
252340
252341
252342
252343
252344
252345
252346
252347
252348
252349
252350
252351
252352
252353
252354
252355
252356
252357
252358
252359
252360
252361
252362
252363
252364
252365
252366
252367
252368
252369
252370
252371
252372
252373
252374
252375
252376
252377
252378
252379
252380
252381
252382
252383
252384
252385
252386
252387
252388
252389
252390
252391
252392
252393
252394
252395
252396
252397
252398
252399
252400
252401
252402
252403
252404
252405
252406
252407
252408
252409
252410
252411
252412
252413
252414
252415
252416
252417
252418
252419
252420
252421
252422
252423
252424
252425
252426
252427
252428
252429
252430
252431
252432
252433
252434
252435
252436
252437
252438
252439
252440
252441
252442
252443
252444
252445
252446
252447
252448
252449
252450
252451
252452
252453
252454
252455
252456
252457
252458
252459
252460
252461
252462
252463
252464
252465
252466
252467
252468
252469
252470
252471
252472
252473
252474
252475
252476
252477
252478
252479
252480
252481
252482
252483
252484
252485
252486
252487
252488
252489
252490
252491
252492
252493
252494
252495
252496
252497
252498
252499
252500
252501
252502
252503
252504
252505
252506
252507
252508
252509
252510
252511
252512
252513
252514
252515
252516
252517
252518
252519
252520
252521
252522
252523
252524
252525
252526
252527
252528
252529
252530
252531
252532
252533
252534
252535
252536
252537
252538
252539
252540
252541
252542
252543
252544
252545
252546
252547
252548
252549
252550
252551
252552
252553
252554
252555
252556
252557
252558
252559
252560
252561
252562
252563
252564
252565
252566
252567
252568
252569
252570
252571
252572
252573
252574
252575
252576
252577
252578
252579
252580
252581
252582
252583
252584
252585
252586
252587
252588
252589
252590
252591
252592
252593
252594
252595
252596
252597
252598
252599
252600
252601
252602
252603
252604
252605
252606
252607
252608
252609
252610
252611
252612
252613
252614
252615
252616
252617
252618
252619
252620
252621
252622
252623
252624
252625
252626
252627
252628
252629
252630
252631
252632
252633
252634
252635
252636
252637
252638
252639
252640
252641
252642
252643
252644
252645
252646
252647
252648
252649
252650
252651
252652
252653
252654
252655
252656
252657
252658
252659
252660
252661
252662
252663
252664
252665
252666
252667
252668
252669
252670
252671
252672
252673
252674
252675
252676
252677
252678
252679
252680
252681
252682
252683
252684
252685
252686
252687
252688
252689
252690
252691
252692
252693
252694
252695
252696
252697
252698
252699
252700
252701
252702
252703
252704
252705
252706
252707
252708
252709
252710
252711
252712
252713
252714
252715
252716
252717
252718
252719
252720
252721
252722
252723
252724
252725
252726
252727
252728
252729
252730
252731
252732
252733
252734
252735
252736
252737
252738
252739
252740
252741
252742
252743
252744
252745
252746
252747
252748
252749
252750
252751
252752
252753
252754
252755
252756
252757
252758
252759
252760
252761
252762
252763
252764
252765
252766
252767
252768
252769
252770
252771
252772
252773
252774
252775
252776
252777
252778
252779
252780
252781
252782
252783
252784
252785
252786
252787
252788
252789
252790
252791
252792
252793
252794
252795
252796
252797
252798
252799
252800
252801
252802
252803
252804
252805
252806
252807
252808
252809
252810
252811
252812
252813
252814
252815
252816
252817
252818
252819
252820
252821
252822
252823
252824
252825
252826
252827
252828
252829
252830
252831
252832
252833
252834
252835
252836
252837
252838
252839
252840
252841
252842
252843
252844
252845
252846
252847
252848
252849
252850
252851
252852
252853
252854
252855
252856
252857
252858
252859
252860
252861
252862
252863
252864
252865
252866
252867
252868
252869
252870
252871
252872
252873
252874
252875
252876
252877
252878
252879
252880
252881
252882
252883
252884
252885
252886
252887
252888
252889
252890
252891
252892
252893
252894
252895
252896
252897
252898
252899
252900
252901
252902
252903
252904
252905
252906
252907
252908
252909
252910
252911
252912
252913
252914
252915
252916
252917
252918
252919
252920
252921
252922
252923
252924
252925
252926
252927
252928
252929
252930
252931
252932
252933
252934
252935
252936
252937
252938
252939
252940
252941
252942
252943
252944
252945
252946
252947
252948
252949
252950
252951
252952
252953
252954
252955
252956
252957
252958
252959
252960
252961
252962
252963
252964
252965
252966
252967
252968
252969
252970
252971
252972
252973
252974
252975
252976
252977
252978
252979
252980
252981
252982
252983
252984
252985
252986
252987
252988
252989
252990
252991
252992
252993
252994
252995
252996
252997
252998
252999
253000
253001
253002
253003
253004
253005
253006
253007
253008
253009
253010
253011
253012
253013
253014
253015
253016
253017
253018
253019
253020
253021
253022
253023
253024
253025
253026
253027
253028
253029
253030
253031
253032
253033
253034
253035
253036
253037
253038
253039
253040
253041
253042
253043
253044
253045
253046
253047
253048
253049
253050
253051
253052
253053
253054
253055
253056
253057
253058
253059
253060
253061
253062
253063
253064
253065
253066
253067
253068
253069
253070
253071
253072
253073
253074
253075
253076
253077
253078
253079
253080
253081
253082
253083
253084
253085
253086
253087
253088
253089
253090
253091
253092
253093
253094
253095
253096
253097
253098
253099
253100
253101
253102
253103
253104
253105
253106
253107
253108
253109
253110
253111
253112
253113
253114
253115
253116
253117
253118
253119
253120
253121
253122
253123
253124
)


// ************************************************************************* //
