    -1
   164
         1  SI: Meter (newton)         2
    1.0000000000000000E+0    1.0000000000000000E+0    1.0000000000000000E+0
    2.7314999999999998E+2
    -1
    -1
  2420
         1
SMESH_Mesh
         1         0         0
Global Cartesian Coordinate System
    1.0000000000000000E+0    0.0000000000000000E+0    0.0000000000000000E+0
    0.0000000000000000E+0    1.0000000000000000E+0    0.0000000000000000E+0
    0.0000000000000000E+0    0.0000000000000000E+0    1.0000000000000000E+0
    0.0000000000000000E+0    0.0000000000000000E+0    0.0000000000000000E+0
    -1
    -1
  2411
         1         1         1        11
   0.0000000000000000E+00   0.0000000000000000E+00   1.0000000000000000E+01
         2         1         1        11
   0.0000000000000000E+00   0.0000000000000000E+00   0.0000000000000000E+00
         3         1         1        11
   0.0000000000000000E+00   6.0000000000000000E+01   1.0000000000000000E+01
         4         1         1        11
   0.0000000000000000E+00   6.0000000000000000E+01   0.0000000000000000E+00
         5         1         1        11
   1.0000000000000000E+02   0.0000000000000000E+00   1.0000000000000000E+01
         6         1         1        11
   1.0000000000000000E+02   0.0000000000000000E+00   0.0000000000000000E+00
         7         1         1        11
   1.0000000000000000E+02   6.0000000000000000E+01   1.0000000000000000E+01
         8         1         1        11
   1.0000000000000000E+02   6.0000000000000000E+01   0.0000000000000000E+00
         9         1         1        11
   0.0000000000000000E+00   5.0000000000000000E+00   1.0000000000000000E+01
        10         1         1        11
   0.0000000000000000E+00   1.0000000000000000E+01   1.0000000000000000E+01
        11         1         1        11
   0.0000000000000000E+00   1.5000000000000000E+01   1.0000000000000000E+01
        12         1         1        11
   0.0000000000000000E+00   2.0000000000000000E+01   1.0000000000000000E+01
        13         1         1        11
   0.0000000000000000E+00   2.5000000000000000E+01   1.0000000000000000E+01
        14         1         1        11
   0.0000000000000000E+00   3.0000000000000000E+01   1.0000000000000000E+01
        15         1         1        11
   0.0000000000000000E+00   3.5000000000000000E+01   1.0000000000000000E+01
        16         1         1        11
   0.0000000000000000E+00   4.0000000000000000E+01   1.0000000000000000E+01
        17         1         1        11
   0.0000000000000000E+00   4.5000000000000000E+01   1.0000000000000000E+01
        18         1         1        11
   0.0000000000000000E+00   5.0000000000000000E+01   1.0000000000000000E+01
        19         1         1        11
   0.0000000000000000E+00   5.5000000000000000E+01   1.0000000000000000E+01
        20         1         1        11
   0.0000000000000000E+00   5.0000000000000000E+00   0.0000000000000000E+00
        21         1         1        11
   0.0000000000000000E+00   1.0000000000000000E+01   0.0000000000000000E+00
        22         1         1        11
   0.0000000000000000E+00   1.5000000000000000E+01   0.0000000000000000E+00
        23         1         1        11
   0.0000000000000000E+00   2.0000000000000000E+01   0.0000000000000000E+00
        24         1         1        11
   0.0000000000000000E+00   2.5000000000000000E+01   0.0000000000000000E+00
        25         1         1        11
   0.0000000000000000E+00   3.0000000000000000E+01   0.0000000000000000E+00
        26         1         1        11
   0.0000000000000000E+00   3.5000000000000000E+01   0.0000000000000000E+00
        27         1         1        11
   0.0000000000000000E+00   4.0000000000000000E+01   0.0000000000000000E+00
        28         1         1        11
   0.0000000000000000E+00   4.5000000000000000E+01   0.0000000000000000E+00
        29         1         1        11
   0.0000000000000000E+00   5.0000000000000000E+01   0.0000000000000000E+00
        30         1         1        11
   0.0000000000000000E+00   5.5000000000000000E+01   0.0000000000000000E+00
        31         1         1        11
   1.0000000000000000E+02   5.0000000000000000E+00   1.0000000000000000E+01
        32         1         1        11
   1.0000000000000000E+02   1.0000000000000000E+01   1.0000000000000000E+01
        33         1         1        11
   1.0000000000000000E+02   1.5000000000000000E+01   1.0000000000000000E+01
        34         1         1        11
   1.0000000000000000E+02   2.0000000000000000E+01   1.0000000000000000E+01
        35         1         1        11
   1.0000000000000000E+02   2.5000000000000000E+01   1.0000000000000000E+01
        36         1         1        11
   1.0000000000000000E+02   3.0000000000000000E+01   1.0000000000000000E+01
        37         1         1        11
   1.0000000000000000E+02   3.5000000000000000E+01   1.0000000000000000E+01
        38         1         1        11
   1.0000000000000000E+02   4.0000000000000000E+01   1.0000000000000000E+01
        39         1         1        11
   1.0000000000000000E+02   4.5000000000000000E+01   1.0000000000000000E+01
        40         1         1        11
   1.0000000000000000E+02   5.0000000000000000E+01   1.0000000000000000E+01
        41         1         1        11
   1.0000000000000000E+02   5.5000000000000000E+01   1.0000000000000000E+01
        42         1         1        11
   1.0000000000000000E+02   5.0000000000000000E+00   0.0000000000000000E+00
        43         1         1        11
   1.0000000000000000E+02   1.0000000000000000E+01   0.0000000000000000E+00
        44         1         1        11
   1.0000000000000000E+02   1.5000000000000000E+01   0.0000000000000000E+00
        45         1         1        11
   1.0000000000000000E+02   2.0000000000000000E+01   0.0000000000000000E+00
        46         1         1        11
   1.0000000000000000E+02   2.5000000000000000E+01   0.0000000000000000E+00
        47         1         1        11
   1.0000000000000000E+02   3.0000000000000000E+01   0.0000000000000000E+00
        48         1         1        11
   1.0000000000000000E+02   3.5000000000000000E+01   0.0000000000000000E+00
        49         1         1        11
   1.0000000000000000E+02   4.0000000000000000E+01   0.0000000000000000E+00
        50         1         1        11
   1.0000000000000000E+02   4.5000000000000000E+01   0.0000000000000000E+00
        51         1         1        11
   1.0000000000000000E+02   5.0000000000000000E+01   0.0000000000000000E+00
        52         1         1        11
   1.0000000000000000E+02   5.5000000000000000E+01   0.0000000000000000E+00
        53         1         1        11
   2.5000000000000000E+00   0.0000000000000000E+00   0.0000000000000000E+00
        54         1         1        11
   5.0000000000000000E+00   0.0000000000000000E+00   0.0000000000000000E+00
        55         1         1        11
   7.5000000000000000E+00   0.0000000000000000E+00   0.0000000000000000E+00
        56         1         1        11
   1.0000000000000000E+01   0.0000000000000000E+00   0.0000000000000000E+00
        57         1         1        11
   1.2500000000000000E+01   0.0000000000000000E+00   0.0000000000000000E+00
        58         1         1        11
   1.5000000000000000E+01   0.0000000000000000E+00   0.0000000000000000E+00
        59         1         1        11
   1.7500000000000000E+01   0.0000000000000000E+00   0.0000000000000000E+00
        60         1         1        11
   2.0000000000000000E+01   0.0000000000000000E+00   0.0000000000000000E+00
        61         1         1        11
   2.2500000000000000E+01   0.0000000000000000E+00   0.0000000000000000E+00
        62         1         1        11
   2.5000000000000000E+01   0.0000000000000000E+00   0.0000000000000000E+00
        63         1         1        11
   2.7500000000000000E+01   0.0000000000000000E+00   0.0000000000000000E+00
        64         1         1        11
   3.0000000000000000E+01   0.0000000000000000E+00   0.0000000000000000E+00
        65         1         1        11
   3.2500000000000000E+01   0.0000000000000000E+00   0.0000000000000000E+00
        66         1         1        11
   3.5000000000000000E+01   0.0000000000000000E+00   0.0000000000000000E+00
        67         1         1        11
   3.7500000000000000E+01   0.0000000000000000E+00   0.0000000000000000E+00
        68         1         1        11
   4.0000000000000000E+01   0.0000000000000000E+00   0.0000000000000000E+00
        69         1         1        11
   4.2500000000000000E+01   0.0000000000000000E+00   0.0000000000000000E+00
        70         1         1        11
   4.5000000000000000E+01   0.0000000000000000E+00   0.0000000000000000E+00
        71         1         1        11
   4.7500000000000000E+01   0.0000000000000000E+00   0.0000000000000000E+00
        72         1         1        11
   5.0000000000000000E+01   0.0000000000000000E+00   0.0000000000000000E+00
        73         1         1        11
   5.2500000000000000E+01   0.0000000000000000E+00   0.0000000000000000E+00
        74         1         1        11
   5.5000000000000000E+01   0.0000000000000000E+00   0.0000000000000000E+00
        75         1         1        11
   5.7500000000000000E+01   0.0000000000000000E+00   0.0000000000000000E+00
        76         1         1        11
   6.0000000000000000E+01   0.0000000000000000E+00   0.0000000000000000E+00
        77         1         1        11
   6.2500000000000000E+01   0.0000000000000000E+00   0.0000000000000000E+00
        78         1         1        11
   6.5000000000000000E+01   0.0000000000000000E+00   0.0000000000000000E+00
        79         1         1        11
   6.7500000000000000E+01   0.0000000000000000E+00   0.0000000000000000E+00
        80         1         1        11
   7.0000000000000000E+01   0.0000000000000000E+00   0.0000000000000000E+00
        81         1         1        11
   7.2500000000000000E+01   0.0000000000000000E+00   0.0000000000000000E+00
        82         1         1        11
   7.5000000000000000E+01   0.0000000000000000E+00   0.0000000000000000E+00
        83         1         1        11
   7.7500000000000000E+01   0.0000000000000000E+00   0.0000000000000000E+00
        84         1         1        11
   8.0000000000000000E+01   0.0000000000000000E+00   0.0000000000000000E+00
        85         1         1        11
   8.2500000000000000E+01   0.0000000000000000E+00   0.0000000000000000E+00
        86         1         1        11
   8.5000000000000000E+01   0.0000000000000000E+00   0.0000000000000000E+00
        87         1         1        11
   8.7500000000000000E+01   0.0000000000000000E+00   0.0000000000000000E+00
        88         1         1        11
   9.0000000000000000E+01   0.0000000000000000E+00   0.0000000000000000E+00
        89         1         1        11
   9.2500000000000000E+01   0.0000000000000000E+00   0.0000000000000000E+00
        90         1         1        11
   9.5000000000000000E+01   0.0000000000000000E+00   0.0000000000000000E+00
        91         1         1        11
   9.7500000000000000E+01   0.0000000000000000E+00   0.0000000000000000E+00
        92         1         1        11
   2.5000000000000000E+00   0.0000000000000000E+00   1.0000000000000000E+01
        93         1         1        11
   5.0000000000000000E+00   0.0000000000000000E+00   1.0000000000000000E+01
        94         1         1        11
   7.5000000000000000E+00   0.0000000000000000E+00   1.0000000000000000E+01
        95         1         1        11
   1.0000000000000000E+01   0.0000000000000000E+00   1.0000000000000000E+01
        96         1         1        11
   1.2500000000000000E+01   0.0000000000000000E+00   1.0000000000000000E+01
        97         1         1        11
   1.5000000000000000E+01   0.0000000000000000E+00   1.0000000000000000E+01
        98         1         1        11
   1.7500000000000000E+01   0.0000000000000000E+00   1.0000000000000000E+01
        99         1         1        11
   2.0000000000000000E+01   0.0000000000000000E+00   1.0000000000000000E+01
       100         1         1        11
   2.2500000000000000E+01   0.0000000000000000E+00   1.0000000000000000E+01
       101         1         1        11
   2.5000000000000000E+01   0.0000000000000000E+00   1.0000000000000000E+01
       102         1         1        11
   2.7500000000000000E+01   0.0000000000000000E+00   1.0000000000000000E+01
       103         1         1        11
   3.0000000000000000E+01   0.0000000000000000E+00   1.0000000000000000E+01
       104         1         1        11
   3.2500000000000000E+01   0.0000000000000000E+00   1.0000000000000000E+01
       105         1         1        11
   3.5000000000000000E+01   0.0000000000000000E+00   1.0000000000000000E+01
       106         1         1        11
   3.7500000000000000E+01   0.0000000000000000E+00   1.0000000000000000E+01
       107         1         1        11
   4.0000000000000000E+01   0.0000000000000000E+00   1.0000000000000000E+01
       108         1         1        11
   4.2500000000000000E+01   0.0000000000000000E+00   1.0000000000000000E+01
       109         1         1        11
   4.5000000000000000E+01   0.0000000000000000E+00   1.0000000000000000E+01
       110         1         1        11
   4.7500000000000000E+01   0.0000000000000000E+00   1.0000000000000000E+01
       111         1         1        11
   5.0000000000000000E+01   0.0000000000000000E+00   1.0000000000000000E+01
       112         1         1        11
   5.2500000000000000E+01   0.0000000000000000E+00   1.0000000000000000E+01
       113         1         1        11
   5.5000000000000000E+01   0.0000000000000000E+00   1.0000000000000000E+01
       114         1         1        11
   5.7500000000000000E+01   0.0000000000000000E+00   1.0000000000000000E+01
       115         1         1        11
   6.0000000000000000E+01   0.0000000000000000E+00   1.0000000000000000E+01
       116         1         1        11
   6.2500000000000000E+01   0.0000000000000000E+00   1.0000000000000000E+01
       117         1         1        11
   6.5000000000000000E+01   0.0000000000000000E+00   1.0000000000000000E+01
       118         1         1        11
   6.7500000000000000E+01   0.0000000000000000E+00   1.0000000000000000E+01
       119         1         1        11
   7.0000000000000000E+01   0.0000000000000000E+00   1.0000000000000000E+01
       120         1         1        11
   7.2500000000000000E+01   0.0000000000000000E+00   1.0000000000000000E+01
       121         1         1        11
   7.5000000000000000E+01   0.0000000000000000E+00   1.0000000000000000E+01
       122         1         1        11
   7.7500000000000000E+01   0.0000000000000000E+00   1.0000000000000000E+01
       123         1         1        11
   8.0000000000000000E+01   0.0000000000000000E+00   1.0000000000000000E+01
       124         1         1        11
   8.2500000000000000E+01   0.0000000000000000E+00   1.0000000000000000E+01
       125         1         1        11
   8.5000000000000000E+01   0.0000000000000000E+00   1.0000000000000000E+01
       126         1         1        11
   8.7500000000000000E+01   0.0000000000000000E+00   1.0000000000000000E+01
       127         1         1        11
   9.0000000000000000E+01   0.0000000000000000E+00   1.0000000000000000E+01
       128         1         1        11
   9.2500000000000000E+01   0.0000000000000000E+00   1.0000000000000000E+01
       129         1         1        11
   9.5000000000000000E+01   0.0000000000000000E+00   1.0000000000000000E+01
       130         1         1        11
   9.7500000000000000E+01   0.0000000000000000E+00   1.0000000000000000E+01
       131         1         1        11
   2.5000000000000000E+00   6.0000000000000000E+01   0.0000000000000000E+00
       132         1         1        11
   5.0000000000000000E+00   6.0000000000000000E+01   0.0000000000000000E+00
       133         1         1        11
   7.5000000000000000E+00   6.0000000000000000E+01   0.0000000000000000E+00
       134         1         1        11
   1.0000000000000000E+01   6.0000000000000000E+01   0.0000000000000000E+00
       135         1         1        11
   1.2500000000000000E+01   6.0000000000000000E+01   0.0000000000000000E+00
       136         1         1        11
   1.5000000000000000E+01   6.0000000000000000E+01   0.0000000000000000E+00
       137         1         1        11
   1.7500000000000000E+01   6.0000000000000000E+01   0.0000000000000000E+00
       138         1         1        11
   2.0000000000000000E+01   6.0000000000000000E+01   0.0000000000000000E+00
       139         1         1        11
   2.2500000000000000E+01   6.0000000000000000E+01   0.0000000000000000E+00
       140         1         1        11
   2.5000000000000000E+01   6.0000000000000000E+01   0.0000000000000000E+00
       141         1         1        11
   2.7500000000000000E+01   6.0000000000000000E+01   0.0000000000000000E+00
       142         1         1        11
   3.0000000000000000E+01   6.0000000000000000E+01   0.0000000000000000E+00
       143         1         1        11
   3.2500000000000000E+01   6.0000000000000000E+01   0.0000000000000000E+00
       144         1         1        11
   3.5000000000000000E+01   6.0000000000000000E+01   0.0000000000000000E+00
       145         1         1        11
   3.7500000000000000E+01   6.0000000000000000E+01   0.0000000000000000E+00
       146         1         1        11
   4.0000000000000000E+01   6.0000000000000000E+01   0.0000000000000000E+00
       147         1         1        11
   4.2500000000000000E+01   6.0000000000000000E+01   0.0000000000000000E+00
       148         1         1        11
   4.5000000000000000E+01   6.0000000000000000E+01   0.0000000000000000E+00
       149         1         1        11
   4.7500000000000000E+01   6.0000000000000000E+01   0.0000000000000000E+00
       150         1         1        11
   5.0000000000000000E+01   6.0000000000000000E+01   0.0000000000000000E+00
       151         1         1        11
   5.2500000000000000E+01   6.0000000000000000E+01   0.0000000000000000E+00
       152         1         1        11
   5.5000000000000000E+01   6.0000000000000000E+01   0.0000000000000000E+00
       153         1         1        11
   5.7500000000000000E+01   6.0000000000000000E+01   0.0000000000000000E+00
       154         1         1        11
   6.0000000000000000E+01   6.0000000000000000E+01   0.0000000000000000E+00
       155         1         1        11
   6.2500000000000000E+01   6.0000000000000000E+01   0.0000000000000000E+00
       156         1         1        11
   6.5000000000000000E+01   6.0000000000000000E+01   0.0000000000000000E+00
       157         1         1        11
   6.7500000000000000E+01   6.0000000000000000E+01   0.0000000000000000E+00
       158         1         1        11
   7.0000000000000000E+01   6.0000000000000000E+01   0.0000000000000000E+00
       159         1         1        11
   7.2500000000000000E+01   6.0000000000000000E+01   0.0000000000000000E+00
       160         1         1        11
   7.5000000000000000E+01   6.0000000000000000E+01   0.0000000000000000E+00
       161         1         1        11
   7.7500000000000000E+01   6.0000000000000000E+01   0.0000000000000000E+00
       162         1         1        11
   8.0000000000000000E+01   6.0000000000000000E+01   0.0000000000000000E+00
       163         1         1        11
   8.2500000000000000E+01   6.0000000000000000E+01   0.0000000000000000E+00
       164         1         1        11
   8.5000000000000000E+01   6.0000000000000000E+01   0.0000000000000000E+00
       165         1         1        11
   8.7500000000000000E+01   6.0000000000000000E+01   0.0000000000000000E+00
       166         1         1        11
   9.0000000000000000E+01   6.0000000000000000E+01   0.0000000000000000E+00
       167         1         1        11
   9.2500000000000000E+01   6.0000000000000000E+01   0.0000000000000000E+00
       168         1         1        11
   9.5000000000000000E+01   6.0000000000000000E+01   0.0000000000000000E+00
       169         1         1        11
   9.7500000000000000E+01   6.0000000000000000E+01   0.0000000000000000E+00
       170         1         1        11
   2.5000000000000000E+00   6.0000000000000000E+01   1.0000000000000000E+01
       171         1         1        11
   5.0000000000000000E+00   6.0000000000000000E+01   1.0000000000000000E+01
       172         1         1        11
   7.5000000000000000E+00   6.0000000000000000E+01   1.0000000000000000E+01
       173         1         1        11
   1.0000000000000000E+01   6.0000000000000000E+01   1.0000000000000000E+01
       174         1         1        11
   1.2500000000000000E+01   6.0000000000000000E+01   1.0000000000000000E+01
       175         1         1        11
   1.5000000000000000E+01   6.0000000000000000E+01   1.0000000000000000E+01
       176         1         1        11
   1.7500000000000000E+01   6.0000000000000000E+01   1.0000000000000000E+01
       177         1         1        11
   2.0000000000000000E+01   6.0000000000000000E+01   1.0000000000000000E+01
       178         1         1        11
   2.2500000000000000E+01   6.0000000000000000E+01   1.0000000000000000E+01
       179         1         1        11
   2.5000000000000000E+01   6.0000000000000000E+01   1.0000000000000000E+01
       180         1         1        11
   2.7500000000000000E+01   6.0000000000000000E+01   1.0000000000000000E+01
       181         1         1        11
   3.0000000000000000E+01   6.0000000000000000E+01   1.0000000000000000E+01
       182         1         1        11
   3.2500000000000000E+01   6.0000000000000000E+01   1.0000000000000000E+01
       183         1         1        11
   3.5000000000000000E+01   6.0000000000000000E+01   1.0000000000000000E+01
       184         1         1        11
   3.7500000000000000E+01   6.0000000000000000E+01   1.0000000000000000E+01
       185         1         1        11
   4.0000000000000000E+01   6.0000000000000000E+01   1.0000000000000000E+01
       186         1         1        11
   4.2500000000000000E+01   6.0000000000000000E+01   1.0000000000000000E+01
       187         1         1        11
   4.5000000000000000E+01   6.0000000000000000E+01   1.0000000000000000E+01
       188         1         1        11
   4.7500000000000000E+01   6.0000000000000000E+01   1.0000000000000000E+01
       189         1         1        11
   5.0000000000000000E+01   6.0000000000000000E+01   1.0000000000000000E+01
       190         1         1        11
   5.2500000000000000E+01   6.0000000000000000E+01   1.0000000000000000E+01
       191         1         1        11
   5.5000000000000000E+01   6.0000000000000000E+01   1.0000000000000000E+01
       192         1         1        11
   5.7500000000000000E+01   6.0000000000000000E+01   1.0000000000000000E+01
       193         1         1        11
   6.0000000000000000E+01   6.0000000000000000E+01   1.0000000000000000E+01
       194         1         1        11
   6.2500000000000000E+01   6.0000000000000000E+01   1.0000000000000000E+01
       195         1         1        11
   6.5000000000000000E+01   6.0000000000000000E+01   1.0000000000000000E+01
       196         1         1        11
   6.7500000000000000E+01   6.0000000000000000E+01   1.0000000000000000E+01
       197         1         1        11
   7.0000000000000000E+01   6.0000000000000000E+01   1.0000000000000000E+01
       198         1         1        11
   7.2500000000000000E+01   6.0000000000000000E+01   1.0000000000000000E+01
       199         1         1        11
   7.5000000000000000E+01   6.0000000000000000E+01   1.0000000000000000E+01
       200         1         1        11
   7.7500000000000000E+01   6.0000000000000000E+01   1.0000000000000000E+01
       201         1         1        11
   8.0000000000000000E+01   6.0000000000000000E+01   1.0000000000000000E+01
       202         1         1        11
   8.2500000000000000E+01   6.0000000000000000E+01   1.0000000000000000E+01
       203         1         1        11
   8.5000000000000000E+01   6.0000000000000000E+01   1.0000000000000000E+01
       204         1         1        11
   8.7500000000000000E+01   6.0000000000000000E+01   1.0000000000000000E+01
       205         1         1        11
   9.0000000000000000E+01   6.0000000000000000E+01   1.0000000000000000E+01
       206         1         1        11
   9.2500000000000000E+01   6.0000000000000000E+01   1.0000000000000000E+01
       207         1         1        11
   9.5000000000000000E+01   6.0000000000000000E+01   1.0000000000000000E+01
       208         1         1        11
   9.7500000000000000E+01   6.0000000000000000E+01   1.0000000000000000E+01
       209         1         1        11
   2.4999999999999996E+00   5.0000000000000009E+00   0.0000000000000000E+00
       210         1         1        11
   4.9999999999999991E+00   5.0000000000000000E+00   0.0000000000000000E+00
       211         1         1        11
   7.5000000000000009E+00   5.0000000000000000E+00   0.0000000000000000E+00
       212         1         1        11
   9.9999999999999982E+00   5.0000000000000000E+00   0.0000000000000000E+00
       213         1         1        11
   1.2500000000000002E+01   5.0000000000000009E+00   0.0000000000000000E+00
       214         1         1        11
   1.5000000000000002E+01   5.0000000000000000E+00   0.0000000000000000E+00
       215         1         1        11
   1.7500000000000004E+01   5.0000000000000009E+00   0.0000000000000000E+00
       216         1         1        11
   1.9999999999999996E+01   5.0000000000000000E+00   0.0000000000000000E+00
       217         1         1        11
   2.2500000000000000E+01   5.0000000000000000E+00   0.0000000000000000E+00
       218         1         1        11
   2.5000000000000004E+01   5.0000000000000000E+00   0.0000000000000000E+00
       219         1         1        11
   2.7500000000000000E+01   5.0000000000000000E+00   0.0000000000000000E+00
       220         1         1        11
   3.0000000000000004E+01   5.0000000000000009E+00   0.0000000000000000E+00
       221         1         1        11
   3.2500000000000000E+01   5.0000000000000000E+00   0.0000000000000000E+00
       222         1         1        11
   3.5000000000000007E+01   5.0000000000000000E+00   0.0000000000000000E+00
       223         1         1        11
   3.7500000000000000E+01   5.0000000000000000E+00   0.0000000000000000E+00
       224         1         1        11
   3.9999999999999993E+01   5.0000000000000000E+00   0.0000000000000000E+00
       225         1         1        11
   4.2500000000000007E+01   5.0000000000000000E+00   0.0000000000000000E+00
       226         1         1        11
   4.5000000000000000E+01   5.0000000000000000E+00   0.0000000000000000E+00
       227         1         1        11
   4.7500000000000000E+01   5.0000000000000000E+00   0.0000000000000000E+00
       228         1         1        11
   5.0000000000000007E+01   5.0000000000000000E+00   0.0000000000000000E+00
       229         1         1        11
   5.2500000000000000E+01   5.0000000000000000E+00   0.0000000000000000E+00
       230         1         1        11
   5.5000000000000000E+01   5.0000000000000000E+00   0.0000000000000000E+00
       231         1         1        11
   5.7500000000000000E+01   5.0000000000000000E+00   0.0000000000000000E+00
       232         1         1        11
   6.0000000000000007E+01   5.0000000000000000E+00   0.0000000000000000E+00
       233         1         1        11
   6.2500000000000000E+01   5.0000000000000000E+00   0.0000000000000000E+00
       234         1         1        11
   6.5000000000000000E+01   5.0000000000000000E+00   0.0000000000000000E+00
       235         1         1        11
   6.7500000000000000E+01   5.0000000000000000E+00   0.0000000000000000E+00
       236         1         1        11
   7.0000000000000014E+01   5.0000000000000000E+00   0.0000000000000000E+00
       237         1         1        11
   7.2500000000000000E+01   5.0000000000000000E+00   0.0000000000000000E+00
       238         1         1        11
   7.5000000000000000E+01   5.0000000000000000E+00   0.0000000000000000E+00
       239         1         1        11
   7.7500000000000000E+01   5.0000000000000009E+00   0.0000000000000000E+00
       240         1         1        11
   7.9999999999999986E+01   5.0000000000000000E+00   0.0000000000000000E+00
       241         1         1        11
   8.2500000000000000E+01   5.0000000000000009E+00   0.0000000000000000E+00
       242         1         1        11
   8.5000000000000014E+01   5.0000000000000000E+00   0.0000000000000000E+00
       243         1         1        11
   8.7500000000000000E+01   5.0000000000000009E+00   0.0000000000000000E+00
       244         1         1        11
   9.0000000000000000E+01   5.0000000000000000E+00   0.0000000000000000E+00
       245         1         1        11
   9.2500000000000000E+01   5.0000000000000000E+00   0.0000000000000000E+00
       246         1         1        11
   9.5000000000000000E+01   5.0000000000000000E+00   0.0000000000000000E+00
       247         1         1        11
   9.7500000000000000E+01   5.0000000000000009E+00   0.0000000000000000E+00
       248         1         1        11
   2.5000000000000000E+00   1.0000000000000002E+01   0.0000000000000000E+00
       249         1         1        11
   5.0000000000000000E+00   1.0000000000000000E+01   0.0000000000000000E+00
       250         1         1        11
   7.5000000000000000E+00   1.0000000000000000E+01   0.0000000000000000E+00
       251         1         1        11
   1.0000000000000000E+01   1.0000000000000000E+01   0.0000000000000000E+00
       252         1         1        11
   1.2500000000000000E+01   1.0000000000000002E+01   0.0000000000000000E+00
       253         1         1        11
   1.5000000000000000E+01   1.0000000000000000E+01   0.0000000000000000E+00
       254         1         1        11
   1.7500000000000000E+01   1.0000000000000002E+01   0.0000000000000000E+00
       255         1         1        11
   2.0000000000000000E+01   1.0000000000000000E+01   0.0000000000000000E+00
       256         1         1        11
   2.2500000000000000E+01   1.0000000000000000E+01   0.0000000000000000E+00
       257         1         1        11
   2.5000000000000000E+01   1.0000000000000000E+01   0.0000000000000000E+00
       258         1         1        11
   2.7500000000000000E+01   1.0000000000000000E+01   0.0000000000000000E+00
       259         1         1        11
   3.0000000000000000E+01   1.0000000000000002E+01   0.0000000000000000E+00
       260         1         1        11
   3.2500000000000000E+01   1.0000000000000000E+01   0.0000000000000000E+00
       261         1         1        11
   3.5000000000000000E+01   1.0000000000000000E+01   0.0000000000000000E+00
       262         1         1        11
   3.7500000000000000E+01   1.0000000000000000E+01   0.0000000000000000E+00
       263         1         1        11
   4.0000000000000000E+01   1.0000000000000000E+01   0.0000000000000000E+00
       264         1         1        11
   4.2499999999999993E+01   1.0000000000000000E+01   0.0000000000000000E+00
       265         1         1        11
   4.5000000000000000E+01   1.0000000000000000E+01   0.0000000000000000E+00
       266         1         1        11
   4.7500000000000007E+01   1.0000000000000000E+01   0.0000000000000000E+00
       267         1         1        11
   5.0000000000000000E+01   1.0000000000000000E+01   0.0000000000000000E+00
       268         1         1        11
   5.2499999999999993E+01   1.0000000000000000E+01   0.0000000000000000E+00
       269         1         1        11
   5.5000000000000000E+01   1.0000000000000000E+01   0.0000000000000000E+00
       270         1         1        11
   5.7500000000000000E+01   1.0000000000000000E+01   0.0000000000000000E+00
       271         1         1        11
   6.0000000000000000E+01   1.0000000000000000E+01   0.0000000000000000E+00
       272         1         1        11
   6.2500000000000000E+01   1.0000000000000000E+01   0.0000000000000000E+00
       273         1         1        11
   6.5000000000000000E+01   1.0000000000000000E+01   0.0000000000000000E+00
       274         1         1        11
   6.7499999999999986E+01   1.0000000000000000E+01   0.0000000000000000E+00
       275         1         1        11
   7.0000000000000000E+01   1.0000000000000000E+01   0.0000000000000000E+00
       276         1         1        11
   7.2500000000000000E+01   1.0000000000000000E+01   0.0000000000000000E+00
       277         1         1        11
   7.5000000000000000E+01   1.0000000000000000E+01   0.0000000000000000E+00
       278         1         1        11
   7.7500000000000000E+01   1.0000000000000002E+01   0.0000000000000000E+00
       279         1         1        11
   8.0000000000000000E+01   1.0000000000000000E+01   0.0000000000000000E+00
       280         1         1        11
   8.2500000000000000E+01   1.0000000000000002E+01   0.0000000000000000E+00
       281         1         1        11
   8.4999999999999986E+01   1.0000000000000000E+01   0.0000000000000000E+00
       282         1         1        11
   8.7500000000000000E+01   1.0000000000000002E+01   0.0000000000000000E+00
       283         1         1        11
   9.0000000000000000E+01   1.0000000000000000E+01   0.0000000000000000E+00
       284         1         1        11
   9.2499999999999986E+01   1.0000000000000000E+01   0.0000000000000000E+00
       285         1         1        11
   9.5000000000000014E+01   1.0000000000000000E+01   0.0000000000000000E+00
       286         1         1        11
   9.7500000000000000E+01   1.0000000000000002E+01   0.0000000000000000E+00
       287         1         1        11
   2.5000000000000000E+00   1.5000000000000000E+01   0.0000000000000000E+00
       288         1         1        11
   5.0000000000000000E+00   1.5000000000000000E+01   0.0000000000000000E+00
       289         1         1        11
   7.5000000000000009E+00   1.5000000000000000E+01   0.0000000000000000E+00
       290         1         1        11
   1.0000000000000000E+01   1.5000000000000000E+01   0.0000000000000000E+00
       291         1         1        11
   1.2500000000000000E+01   1.5000000000000000E+01   0.0000000000000000E+00
       292         1         1        11
   1.5000000000000002E+01   1.5000000000000000E+01   0.0000000000000000E+00
       293         1         1        11
   1.7500000000000000E+01   1.5000000000000000E+01   0.0000000000000000E+00
       294         1         1        11
   2.0000000000000000E+01   1.5000000000000000E+01   0.0000000000000000E+00
       295         1         1        11
   2.2500000000000000E+01   1.5000000000000000E+01   0.0000000000000000E+00
       296         1         1        11
   2.5000000000000000E+01   1.5000000000000000E+01   0.0000000000000000E+00
       297         1         1        11
   2.7500000000000000E+01   1.5000000000000000E+01   0.0000000000000000E+00
       298         1         1        11
   3.0000000000000004E+01   1.5000000000000000E+01   0.0000000000000000E+00
       299         1         1        11
   3.2500000000000000E+01   1.5000000000000000E+01   0.0000000000000000E+00
       300         1         1        11
   3.5000000000000000E+01   1.5000000000000000E+01   0.0000000000000000E+00
       301         1         1        11
   3.7500000000000000E+01   1.5000000000000000E+01   0.0000000000000000E+00
       302         1         1        11
   4.0000000000000000E+01   1.5000000000000000E+01   0.0000000000000000E+00
       303         1         1        11
   4.2500000000000000E+01   1.5000000000000000E+01   0.0000000000000000E+00
       304         1         1        11
   4.5000000000000000E+01   1.5000000000000000E+01   0.0000000000000000E+00
       305         1         1        11
   4.7500000000000007E+01   1.5000000000000000E+01   0.0000000000000000E+00
       306         1         1        11
   5.0000000000000000E+01   1.5000000000000000E+01   0.0000000000000000E+00
       307         1         1        11
   5.2499999999999993E+01   1.5000000000000000E+01   0.0000000000000000E+00
       308         1         1        11
   5.5000000000000000E+01   1.5000000000000000E+01   0.0000000000000000E+00
       309         1         1        11
   5.7500000000000000E+01   1.5000000000000000E+01   0.0000000000000000E+00
       310         1         1        11
   6.0000000000000007E+01   1.5000000000000000E+01   0.0000000000000000E+00
       311         1         1        11
   6.2500000000000000E+01   1.5000000000000000E+01   0.0000000000000000E+00
       312         1         1        11
   6.5000000000000000E+01   1.5000000000000000E+01   0.0000000000000000E+00
       313         1         1        11
   6.7500000000000000E+01   1.5000000000000000E+01   0.0000000000000000E+00
       314         1         1        11
   7.0000000000000000E+01   1.5000000000000000E+01   0.0000000000000000E+00
       315         1         1        11
   7.2500000000000000E+01   1.5000000000000000E+01   0.0000000000000000E+00
       316         1         1        11
   7.5000000000000000E+01   1.5000000000000000E+01   0.0000000000000000E+00
       317         1         1        11
   7.7500000000000000E+01   1.5000000000000000E+01   0.0000000000000000E+00
       318         1         1        11
   8.0000000000000000E+01   1.5000000000000000E+01   0.0000000000000000E+00
       319         1         1        11
   8.2500000000000000E+01   1.5000000000000000E+01   0.0000000000000000E+00
       320         1         1        11
   8.5000000000000000E+01   1.5000000000000000E+01   0.0000000000000000E+00
       321         1         1        11
   8.7500000000000000E+01   1.5000000000000000E+01   0.0000000000000000E+00
       322         1         1        11
   9.0000000000000000E+01   1.5000000000000000E+01   0.0000000000000000E+00
       323         1         1        11
   9.2499999999999986E+01   1.5000000000000000E+01   0.0000000000000000E+00
       324         1         1        11
   9.5000000000000014E+01   1.5000000000000000E+01   0.0000000000000000E+00
       325         1         1        11
   9.7500000000000000E+01   1.5000000000000000E+01   0.0000000000000000E+00
       326         1         1        11
   2.4999999999999996E+00   2.0000000000000004E+01   0.0000000000000000E+00
       327         1         1        11
   4.9999999999999991E+00   2.0000000000000000E+01   0.0000000000000000E+00
       328         1         1        11
   7.5000000000000000E+00   2.0000000000000000E+01   0.0000000000000000E+00
       329         1         1        11
   9.9999999999999982E+00   2.0000000000000000E+01   0.0000000000000000E+00
       330         1         1        11
   1.2500000000000000E+01   2.0000000000000004E+01   0.0000000000000000E+00
       331         1         1        11
   1.5000000000000000E+01   2.0000000000000000E+01   0.0000000000000000E+00
       332         1         1        11
   1.7500000000000000E+01   2.0000000000000004E+01   0.0000000000000000E+00
       333         1         1        11
   1.9999999999999996E+01   2.0000000000000000E+01   0.0000000000000000E+00
       334         1         1        11
   2.2500000000000000E+01   2.0000000000000000E+01   0.0000000000000000E+00
       335         1         1        11
   2.5000000000000000E+01   2.0000000000000000E+01   0.0000000000000000E+00
       336         1         1        11
   2.7500000000000000E+01   2.0000000000000000E+01   0.0000000000000000E+00
       337         1         1        11
   3.0000000000000000E+01   2.0000000000000004E+01   0.0000000000000000E+00
       338         1         1        11
   3.2499999999999993E+01   2.0000000000000000E+01   0.0000000000000000E+00
       339         1         1        11
   3.5000000000000000E+01   2.0000000000000000E+01   0.0000000000000000E+00
       340         1         1        11
   3.7500000000000000E+01   2.0000000000000000E+01   0.0000000000000000E+00
       341         1         1        11
   3.9999999999999993E+01   2.0000000000000000E+01   0.0000000000000000E+00
       342         1         1        11
   4.2499999999999993E+01   2.0000000000000000E+01   0.0000000000000000E+00
       343         1         1        11
   4.5000000000000000E+01   2.0000000000000000E+01   0.0000000000000000E+00
       344         1         1        11
   4.7500000000000000E+01   2.0000000000000000E+01   0.0000000000000000E+00
       345         1         1        11
   5.0000000000000000E+01   2.0000000000000000E+01   0.0000000000000000E+00
       346         1         1        11
   5.2500000000000000E+01   2.0000000000000000E+01   0.0000000000000000E+00
       347         1         1        11
   5.5000000000000000E+01   2.0000000000000000E+01   0.0000000000000000E+00
       348         1         1        11
   5.7500000000000000E+01   2.0000000000000000E+01   0.0000000000000000E+00
       349         1         1        11
   6.0000000000000000E+01   2.0000000000000000E+01   0.0000000000000000E+00
       350         1         1        11
   6.2500000000000000E+01   2.0000000000000000E+01   0.0000000000000000E+00
       351         1         1        11
   6.4999999999999986E+01   2.0000000000000000E+01   0.0000000000000000E+00
       352         1         1        11
   6.7500000000000000E+01   2.0000000000000000E+01   0.0000000000000000E+00
       353         1         1        11
   7.0000000000000000E+01   2.0000000000000000E+01   0.0000000000000000E+00
       354         1         1        11
   7.2500000000000000E+01   2.0000000000000000E+01   0.0000000000000000E+00
       355         1         1        11
   7.5000000000000000E+01   2.0000000000000000E+01   0.0000000000000000E+00
       356         1         1        11
   7.7500000000000000E+01   2.0000000000000004E+01   0.0000000000000000E+00
       357         1         1        11
   7.9999999999999986E+01   2.0000000000000000E+01   0.0000000000000000E+00
       358         1         1        11
   8.2500000000000000E+01   2.0000000000000004E+01   0.0000000000000000E+00
       359         1         1        11
   8.4999999999999986E+01   2.0000000000000000E+01   0.0000000000000000E+00
       360         1         1        11
   8.7500000000000000E+01   2.0000000000000004E+01   0.0000000000000000E+00
       361         1         1        11
   9.0000000000000000E+01   2.0000000000000000E+01   0.0000000000000000E+00
       362         1         1        11
   9.2499999999999986E+01   2.0000000000000000E+01   0.0000000000000000E+00
       363         1         1        11
   9.5000000000000000E+01   2.0000000000000000E+01   0.0000000000000000E+00
       364         1         1        11
   9.7500000000000000E+01   2.0000000000000004E+01   0.0000000000000000E+00
       365         1         1        11
   2.5000000000000000E+00   2.5000000000000000E+01   0.0000000000000000E+00
       366         1         1        11
   5.0000000000000000E+00   2.5000000000000000E+01   0.0000000000000000E+00
       367         1         1        11
   7.5000000000000009E+00   2.5000000000000000E+01   0.0000000000000000E+00
       368         1         1        11
   1.0000000000000000E+01   2.5000000000000000E+01   0.0000000000000000E+00
       369         1         1        11
   1.2500000000000000E+01   2.4999999999999996E+01   0.0000000000000000E+00
       370         1         1        11
   1.5000000000000002E+01   2.5000000000000000E+01   0.0000000000000000E+00
       371         1         1        11
   1.7500000000000000E+01   2.5000000000000000E+01   0.0000000000000000E+00
       372         1         1        11
   2.0000000000000000E+01   2.4999999999999996E+01   0.0000000000000000E+00
       373         1         1        11
   2.2500000000000000E+01   2.5000000000000000E+01   0.0000000000000000E+00
       374         1         1        11
   2.5000000000000000E+01   2.5000000000000000E+01   0.0000000000000000E+00
       375         1         1        11
   2.7500000000000000E+01   2.5000000000000000E+01   0.0000000000000000E+00
       376         1         1        11
   3.0000000000000004E+01   2.5000000000000000E+01   0.0000000000000000E+00
       377         1         1        11
   3.2500000000000000E+01   2.4999999999999993E+01   0.0000000000000000E+00
       378         1         1        11
   3.5000000000000000E+01   2.4999999999999996E+01   0.0000000000000000E+00
       379         1         1        11
   3.7500000000000000E+01   2.5000000000000000E+01   0.0000000000000000E+00
       380         1         1        11
   4.0000000000000000E+01   2.5000000000000000E+01   0.0000000000000000E+00
       381         1         1        11
   4.2500000000000000E+01   2.5000000000000000E+01   0.0000000000000000E+00
       382         1         1        11
   4.5000000000000000E+01   2.5000000000000000E+01   0.0000000000000000E+00
       383         1         1        11
   4.7500000000000007E+01   2.5000000000000000E+01   0.0000000000000000E+00
       384         1         1        11
   5.0000000000000000E+01   2.5000000000000000E+01   0.0000000000000000E+00
       385         1         1        11
   5.2500000000000000E+01   2.5000000000000000E+01   0.0000000000000000E+00
       386         1         1        11
   5.5000000000000000E+01   2.5000000000000000E+01   0.0000000000000000E+00
       387         1         1        11
   5.7500000000000014E+01   2.5000000000000000E+01   0.0000000000000000E+00
       388         1         1        11
   6.0000000000000007E+01   2.5000000000000000E+01   0.0000000000000000E+00
       389         1         1        11
   6.2500000000000000E+01   2.5000000000000000E+01   0.0000000000000000E+00
       390         1         1        11
   6.5000000000000000E+01   2.4999999999999996E+01   0.0000000000000000E+00
       391         1         1        11
   6.7500000000000000E+01   2.4999999999999996E+01   0.0000000000000000E+00
       392         1         1        11
   7.0000000000000000E+01   2.5000000000000000E+01   0.0000000000000000E+00
       393         1         1        11
   7.2500000000000014E+01   2.5000000000000000E+01   0.0000000000000000E+00
       394         1         1        11
   7.5000000000000000E+01   2.5000000000000000E+01   0.0000000000000000E+00
       395         1         1        11
   7.7500000000000000E+01   2.5000000000000000E+01   0.0000000000000000E+00
       396         1         1        11
   8.0000000000000000E+01   2.4999999999999996E+01   0.0000000000000000E+00
       397         1         1        11
   8.2500000000000000E+01   2.5000000000000000E+01   0.0000000000000000E+00
       398         1         1        11
   8.5000000000000000E+01   2.5000000000000000E+01   0.0000000000000000E+00
       399         1         1        11
   8.7500000000000000E+01   2.4999999999999996E+01   0.0000000000000000E+00
       400         1         1        11
   9.0000000000000000E+01   2.5000000000000000E+01   0.0000000000000000E+00
       401         1         1        11
   9.2500000000000000E+01   2.5000000000000000E+01   0.0000000000000000E+00
       402         1         1        11
   9.5000000000000014E+01   2.5000000000000000E+01   0.0000000000000000E+00
       403         1         1        11
   9.7500000000000014E+01   2.5000000000000000E+01   0.0000000000000000E+00
       404         1         1        11
   2.5000000000000000E+00   3.0000000000000000E+01   0.0000000000000000E+00
       405         1         1        11
   5.0000000000000000E+00   3.0000000000000000E+01   0.0000000000000000E+00
       406         1         1        11
   7.5000000000000000E+00   3.0000000000000000E+01   0.0000000000000000E+00
       407         1         1        11
   1.0000000000000000E+01   3.0000000000000000E+01   0.0000000000000000E+00
       408         1         1        11
   1.2500000000000000E+01   3.0000000000000000E+01   0.0000000000000000E+00
       409         1         1        11
   1.5000000000000000E+01   3.0000000000000000E+01   0.0000000000000000E+00
       410         1         1        11
   1.7500000000000000E+01   3.0000000000000000E+01   0.0000000000000000E+00
       411         1         1        11
   2.0000000000000000E+01   3.0000000000000000E+01   0.0000000000000000E+00
       412         1         1        11
   2.2500000000000000E+01   3.0000000000000000E+01   0.0000000000000000E+00
       413         1         1        11
   2.5000000000000000E+01   3.0000000000000000E+01   0.0000000000000000E+00
       414         1         1        11
   2.7499999999999996E+01   3.0000000000000000E+01   0.0000000000000000E+00
       415         1         1        11
   3.0000000000000000E+01   3.0000000000000000E+01   0.0000000000000000E+00
       416         1         1        11
   3.2500000000000000E+01   3.0000000000000000E+01   0.0000000000000000E+00
       417         1         1        11
   3.5000000000000000E+01   3.0000000000000000E+01   0.0000000000000000E+00
       418         1         1        11
   3.7500000000000000E+01   3.0000000000000000E+01   0.0000000000000000E+00
       419         1         1        11
   4.0000000000000000E+01   3.0000000000000000E+01   0.0000000000000000E+00
       420         1         1        11
   4.2500000000000000E+01   3.0000000000000000E+01   0.0000000000000000E+00
       421         1         1        11
   4.5000000000000000E+01   3.0000000000000000E+01   0.0000000000000000E+00
       422         1         1        11
   4.7500000000000000E+01   3.0000000000000000E+01   0.0000000000000000E+00
       423         1         1        11
   5.0000000000000000E+01   3.0000000000000000E+01   0.0000000000000000E+00
       424         1         1        11
   5.2500000000000000E+01   3.0000000000000000E+01   0.0000000000000000E+00
       425         1         1        11
   5.4999999999999993E+01   3.0000000000000000E+01   0.0000000000000000E+00
       426         1         1        11
   5.7500000000000007E+01   3.0000000000000000E+01   0.0000000000000000E+00
       427         1         1        11
   6.0000000000000000E+01   3.0000000000000000E+01   0.0000000000000000E+00
       428         1         1        11
   6.2500000000000000E+01   3.0000000000000000E+01   0.0000000000000000E+00
       429         1         1        11
   6.5000000000000000E+01   3.0000000000000000E+01   0.0000000000000000E+00
       430         1         1        11
   6.7500000000000000E+01   3.0000000000000000E+01   0.0000000000000000E+00
       431         1         1        11
   7.0000000000000000E+01   3.0000000000000000E+01   0.0000000000000000E+00
       432         1         1        11
   7.2500000000000000E+01   3.0000000000000000E+01   0.0000000000000000E+00
       433         1         1        11
   7.5000000000000000E+01   3.0000000000000000E+01   0.0000000000000000E+00
       434         1         1        11
   7.7500000000000000E+01   3.0000000000000000E+01   0.0000000000000000E+00
       435         1         1        11
   8.0000000000000000E+01   3.0000000000000000E+01   0.0000000000000000E+00
       436         1         1        11
   8.2500000000000000E+01   3.0000000000000000E+01   0.0000000000000000E+00
       437         1         1        11
   8.5000000000000000E+01   3.0000000000000000E+01   0.0000000000000000E+00
       438         1         1        11
   8.7500000000000000E+01   3.0000000000000000E+01   0.0000000000000000E+00
       439         1         1        11
   9.0000000000000000E+01   3.0000000000000000E+01   0.0000000000000000E+00
       440         1         1        11
   9.2500000000000000E+01   3.0000000000000000E+01   0.0000000000000000E+00
       441         1         1        11
   9.5000000000000000E+01   3.0000000000000000E+01   0.0000000000000000E+00
       442         1         1        11
   9.7500000000000000E+01   3.0000000000000000E+01   0.0000000000000000E+00
       443         1         1        11
   2.5000000000000000E+00   3.5000000000000000E+01   0.0000000000000000E+00
       444         1         1        11
   5.0000000000000000E+00   3.5000000000000000E+01   0.0000000000000000E+00
       445         1         1        11
   7.5000000000000000E+00   3.4999999999999993E+01   0.0000000000000000E+00
       446         1         1        11
   1.0000000000000000E+01   3.5000000000000000E+01   0.0000000000000000E+00
       447         1         1        11
   1.2500000000000000E+01   3.5000000000000000E+01   0.0000000000000000E+00
       448         1         1        11
   1.5000000000000000E+01   3.5000000000000000E+01   0.0000000000000000E+00
       449         1         1        11
   1.7500000000000000E+01   3.5000000000000000E+01   0.0000000000000000E+00
       450         1         1        11
   2.0000000000000000E+01   3.4999999999999993E+01   0.0000000000000000E+00
       451         1         1        11
   2.2500000000000000E+01   3.5000000000000000E+01   0.0000000000000000E+00
       452         1         1        11
   2.5000000000000000E+01   3.5000000000000000E+01   0.0000000000000000E+00
       453         1         1        11
   2.7500000000000000E+01   3.5000000000000000E+01   0.0000000000000000E+00
       454         1         1        11
   3.0000000000000000E+01   3.5000000000000000E+01   0.0000000000000000E+00
       455         1         1        11
   3.2500000000000000E+01   3.4999999999999993E+01   0.0000000000000000E+00
       456         1         1        11
   3.5000000000000000E+01   3.5000000000000000E+01   0.0000000000000000E+00
       457         1         1        11
   3.7500000000000000E+01   3.5000000000000000E+01   0.0000000000000000E+00
       458         1         1        11
   4.0000000000000000E+01   3.4999999999999993E+01   0.0000000000000000E+00
       459         1         1        11
   4.2500000000000000E+01   3.5000000000000000E+01   0.0000000000000000E+00
       460         1         1        11
   4.5000000000000000E+01   3.5000000000000000E+01   0.0000000000000000E+00
       461         1         1        11
   4.7500000000000000E+01   3.5000000000000000E+01   0.0000000000000000E+00
       462         1         1        11
   5.0000000000000000E+01   3.5000000000000000E+01   0.0000000000000000E+00
       463         1         1        11
   5.2500000000000000E+01   3.5000000000000000E+01   0.0000000000000000E+00
       464         1         1        11
   5.5000000000000000E+01   3.5000000000000000E+01   0.0000000000000000E+00
       465         1         1        11
   5.7499999999999993E+01   3.5000000000000000E+01   0.0000000000000000E+00
       466         1         1        11
   6.0000000000000000E+01   3.4999999999999993E+01   0.0000000000000000E+00
       467         1         1        11
   6.2500000000000000E+01   3.5000000000000000E+01   0.0000000000000000E+00
       468         1         1        11
   6.5000000000000000E+01   3.5000000000000000E+01   0.0000000000000000E+00
       469         1         1        11
   6.7500000000000000E+01   3.5000000000000000E+01   0.0000000000000000E+00
       470         1         1        11
   7.0000000000000000E+01   3.5000000000000000E+01   0.0000000000000000E+00
       471         1         1        11
   7.2500000000000000E+01   3.5000000000000000E+01   0.0000000000000000E+00
       472         1         1        11
   7.5000000000000000E+01   3.5000000000000000E+01   0.0000000000000000E+00
       473         1         1        11
   7.7500000000000000E+01   3.5000000000000000E+01   0.0000000000000000E+00
       474         1         1        11
   8.0000000000000000E+01   3.5000000000000000E+01   0.0000000000000000E+00
       475         1         1        11
   8.2500000000000000E+01   3.5000000000000000E+01   0.0000000000000000E+00
       476         1         1        11
   8.5000000000000000E+01   3.5000000000000000E+01   0.0000000000000000E+00
       477         1         1        11
   8.7500000000000000E+01   3.5000000000000000E+01   0.0000000000000000E+00
       478         1         1        11
   9.0000000000000000E+01   3.5000000000000000E+01   0.0000000000000000E+00
       479         1         1        11
   9.2500000000000000E+01   3.4999999999999993E+01   0.0000000000000000E+00
       480         1         1        11
   9.5000000000000000E+01   3.5000000000000000E+01   0.0000000000000000E+00
       481         1         1        11
   9.7500000000000000E+01   3.5000000000000000E+01   0.0000000000000000E+00
       482         1         1        11
   2.5000000000000000E+00   4.0000000000000007E+01   0.0000000000000000E+00
       483         1         1        11
   5.0000000000000000E+00   4.0000000000000000E+01   0.0000000000000000E+00
       484         1         1        11
   7.5000000000000000E+00   4.0000000000000000E+01   0.0000000000000000E+00
       485         1         1        11
   1.0000000000000000E+01   4.0000000000000000E+01   0.0000000000000000E+00
       486         1         1        11
   1.2500000000000000E+01   4.0000000000000007E+01   0.0000000000000000E+00
       487         1         1        11
   1.5000000000000000E+01   4.0000000000000000E+01   0.0000000000000000E+00
       488         1         1        11
   1.7500000000000000E+01   4.0000000000000007E+01   0.0000000000000000E+00
       489         1         1        11
   2.0000000000000000E+01   4.0000000000000000E+01   0.0000000000000000E+00
       490         1         1        11
   2.2500000000000000E+01   4.0000000000000000E+01   0.0000000000000000E+00
       491         1         1        11
   2.5000000000000000E+01   4.0000000000000000E+01   0.0000000000000000E+00
       492         1         1        11
   2.7499999999999993E+01   4.0000000000000000E+01   0.0000000000000000E+00
       493         1         1        11
   3.0000000000000000E+01   4.0000000000000007E+01   0.0000000000000000E+00
       494         1         1        11
   3.2500000000000000E+01   4.0000000000000000E+01   0.0000000000000000E+00
       495         1         1        11
   3.5000000000000000E+01   4.0000000000000000E+01   0.0000000000000000E+00
       496         1         1        11
   3.7500000000000000E+01   4.0000000000000000E+01   0.0000000000000000E+00
       497         1         1        11
   4.0000000000000000E+01   4.0000000000000000E+01   0.0000000000000000E+00
       498         1         1        11
   4.2500000000000000E+01   4.0000000000000000E+01   0.0000000000000000E+00
       499         1         1        11
   4.5000000000000000E+01   4.0000000000000000E+01   0.0000000000000000E+00
       500         1         1        11
   4.7500000000000000E+01   4.0000000000000000E+01   0.0000000000000000E+00
       501         1         1        11
   5.0000000000000000E+01   4.0000000000000000E+01   0.0000000000000000E+00
       502         1         1        11
   5.2500000000000000E+01   4.0000000000000000E+01   0.0000000000000000E+00
       503         1         1        11
   5.4999999999999986E+01   4.0000000000000000E+01   0.0000000000000000E+00
       504         1         1        11
   5.7499999999999986E+01   4.0000000000000000E+01   0.0000000000000000E+00
       505         1         1        11
   6.0000000000000000E+01   4.0000000000000000E+01   0.0000000000000000E+00
       506         1         1        11
   6.2500000000000000E+01   4.0000000000000000E+01   0.0000000000000000E+00
       507         1         1        11
   6.5000000000000000E+01   4.0000000000000000E+01   0.0000000000000000E+00
       508         1         1        11
   6.7500000000000000E+01   4.0000000000000000E+01   0.0000000000000000E+00
       509         1         1        11
   7.0000000000000000E+01   4.0000000000000000E+01   0.0000000000000000E+00
       510         1         1        11
   7.2500000000000000E+01   4.0000000000000000E+01   0.0000000000000000E+00
       511         1         1        11
   7.5000000000000000E+01   4.0000000000000000E+01   0.0000000000000000E+00
       512         1         1        11
   7.7500000000000000E+01   4.0000000000000007E+01   0.0000000000000000E+00
       513         1         1        11
   8.0000000000000000E+01   4.0000000000000000E+01   0.0000000000000000E+00
       514         1         1        11
   8.2500000000000000E+01   4.0000000000000007E+01   0.0000000000000000E+00
       515         1         1        11
   8.5000000000000000E+01   4.0000000000000000E+01   0.0000000000000000E+00
       516         1         1        11
   8.7500000000000000E+01   4.0000000000000007E+01   0.0000000000000000E+00
       517         1         1        11
   9.0000000000000000E+01   4.0000000000000000E+01   0.0000000000000000E+00
       518         1         1        11
   9.2499999999999986E+01   4.0000000000000000E+01   0.0000000000000000E+00
       519         1         1        11
   9.5000000000000000E+01   4.0000000000000000E+01   0.0000000000000000E+00
       520         1         1        11
   9.7500000000000014E+01   4.0000000000000007E+01   0.0000000000000000E+00
       521         1         1        11
   2.5000000000000000E+00   4.5000000000000000E+01   0.0000000000000000E+00
       522         1         1        11
   5.0000000000000000E+00   4.5000000000000007E+01   0.0000000000000000E+00
       523         1         1        11
   7.5000000000000009E+00   4.4999999999999993E+01   0.0000000000000000E+00
       524         1         1        11
   1.0000000000000000E+01   4.5000000000000000E+01   0.0000000000000000E+00
       525         1         1        11
   1.2500000000000000E+01   4.5000000000000000E+01   0.0000000000000000E+00
       526         1         1        11
   1.5000000000000002E+01   4.5000000000000000E+01   0.0000000000000000E+00
       527         1         1        11
   1.7500000000000000E+01   4.5000000000000007E+01   0.0000000000000000E+00
       528         1         1        11
   2.0000000000000000E+01   4.4999999999999993E+01   0.0000000000000000E+00
       529         1         1        11
   2.2500000000000000E+01   4.5000000000000000E+01   0.0000000000000000E+00
       530         1         1        11
   2.5000000000000000E+01   4.5000000000000000E+01   0.0000000000000000E+00
       531         1         1        11
   2.7500000000000000E+01   4.5000000000000000E+01   0.0000000000000000E+00
       532         1         1        11
   3.0000000000000004E+01   4.5000000000000007E+01   0.0000000000000000E+00
       533         1         1        11
   3.2500000000000000E+01   4.4999999999999993E+01   0.0000000000000000E+00
       534         1         1        11
   3.5000000000000000E+01   4.5000000000000000E+01   0.0000000000000000E+00
       535         1         1        11
   3.7500000000000000E+01   4.5000000000000000E+01   0.0000000000000000E+00
       536         1         1        11
   4.0000000000000000E+01   4.5000000000000000E+01   0.0000000000000000E+00
       537         1         1        11
   4.2500000000000000E+01   4.5000000000000000E+01   0.0000000000000000E+00
       538         1         1        11
   4.5000000000000000E+01   4.5000000000000000E+01   0.0000000000000000E+00
       539         1         1        11
   4.7500000000000007E+01   4.5000000000000000E+01   0.0000000000000000E+00
       540         1         1        11
   5.0000000000000000E+01   4.5000000000000000E+01   0.0000000000000000E+00
       541         1         1        11
   5.2499999999999993E+01   4.5000000000000000E+01   0.0000000000000000E+00
       542         1         1        11
   5.5000000000000000E+01   4.5000000000000000E+01   0.0000000000000000E+00
       543         1         1        11
   5.7500000000000000E+01   4.5000000000000000E+01   0.0000000000000000E+00
       544         1         1        11
   6.0000000000000007E+01   4.5000000000000000E+01   0.0000000000000000E+00
       545         1         1        11
   6.2500000000000000E+01   4.5000000000000000E+01   0.0000000000000000E+00
       546         1         1        11
   6.5000000000000000E+01   4.5000000000000000E+01   0.0000000000000000E+00
       547         1         1        11
   6.7500000000000000E+01   4.4999999999999993E+01   0.0000000000000000E+00
       548         1         1        11
   7.0000000000000000E+01   4.5000000000000007E+01   0.0000000000000000E+00
       549         1         1        11
   7.2500000000000000E+01   4.5000000000000000E+01   0.0000000000000000E+00
       550         1         1        11
   7.5000000000000000E+01   4.5000000000000000E+01   0.0000000000000000E+00
       551         1         1        11
   7.7500000000000000E+01   4.5000000000000000E+01   0.0000000000000000E+00
       552         1         1        11
   8.0000000000000000E+01   4.4999999999999993E+01   0.0000000000000000E+00
       553         1         1        11
   8.2500000000000000E+01   4.5000000000000007E+01   0.0000000000000000E+00
       554         1         1        11
   8.5000000000000000E+01   4.5000000000000000E+01   0.0000000000000000E+00
       555         1         1        11
   8.7500000000000000E+01   4.5000000000000000E+01   0.0000000000000000E+00
       556         1         1        11
   9.0000000000000000E+01   4.5000000000000000E+01   0.0000000000000000E+00
       557         1         1        11
   9.2499999999999986E+01   4.4999999999999993E+01   0.0000000000000000E+00
       558         1         1        11
   9.5000000000000014E+01   4.5000000000000007E+01   0.0000000000000000E+00
       559         1         1        11
   9.7500000000000000E+01   4.5000000000000000E+01   0.0000000000000000E+00
       560         1         1        11
   2.5000000000000009E+00   5.0000000000000000E+01   0.0000000000000000E+00
       561         1         1        11
   5.0000000000000018E+00   5.0000000000000000E+01   0.0000000000000000E+00
       562         1         1        11
   7.5000000000000000E+00   5.0000000000000000E+01   0.0000000000000000E+00
       563         1         1        11
   1.0000000000000004E+01   5.0000000000000000E+01   0.0000000000000000E+00
       564         1         1        11
   1.2500000000000000E+01   4.9999999999999993E+01   0.0000000000000000E+00
       565         1         1        11
   1.5000000000000000E+01   5.0000000000000000E+01   0.0000000000000000E+00
       566         1         1        11
   1.7500000000000000E+01   5.0000000000000000E+01   0.0000000000000000E+00
       567         1         1        11
   2.0000000000000007E+01   4.9999999999999993E+01   0.0000000000000000E+00
       568         1         1        11
   2.2500000000000000E+01   5.0000000000000000E+01   0.0000000000000000E+00
       569         1         1        11
   2.5000000000000000E+01   5.0000000000000000E+01   0.0000000000000000E+00
       570         1         1        11
   2.7500000000000000E+01   5.0000000000000000E+01   0.0000000000000000E+00
       571         1         1        11
   3.0000000000000000E+01   5.0000000000000000E+01   0.0000000000000000E+00
       572         1         1        11
   3.2500000000000000E+01   4.9999999999999986E+01   0.0000000000000000E+00
       573         1         1        11
   3.5000000000000000E+01   4.9999999999999993E+01   0.0000000000000000E+00
       574         1         1        11
   3.7500000000000000E+01   5.0000000000000000E+01   0.0000000000000000E+00
       575         1         1        11
   4.0000000000000014E+01   5.0000000000000000E+01   0.0000000000000000E+00
       576         1         1        11
   4.2500000000000000E+01   5.0000000000000000E+01   0.0000000000000000E+00
       577         1         1        11
   4.5000000000000000E+01   5.0000000000000000E+01   0.0000000000000000E+00
       578         1         1        11
   4.7500000000000021E+01   5.0000000000000000E+01   0.0000000000000000E+00
       579         1         1        11
   5.0000000000000000E+01   5.0000000000000000E+01   0.0000000000000000E+00
       580         1         1        11
   5.2499999999999993E+01   5.0000000000000000E+01   0.0000000000000000E+00
       581         1         1        11
   5.5000000000000000E+01   5.0000000000000000E+01   0.0000000000000000E+00
       582         1         1        11
   5.7499999999999993E+01   5.0000000000000000E+01   0.0000000000000000E+00
       583         1         1        11
   6.0000000000000000E+01   5.0000000000000000E+01   0.0000000000000000E+00
       584         1         1        11
   6.2500000000000000E+01   5.0000000000000000E+01   0.0000000000000000E+00
       585         1         1        11
   6.5000000000000000E+01   4.9999999999999993E+01   0.0000000000000000E+00
       586         1         1        11
   6.7499999999999986E+01   4.9999999999999993E+01   0.0000000000000000E+00
       587         1         1        11
   7.0000000000000000E+01   5.0000000000000000E+01   0.0000000000000000E+00
       588         1         1        11
   7.2500000000000028E+01   5.0000000000000000E+01   0.0000000000000000E+00
       589         1         1        11
   7.5000000000000000E+01   5.0000000000000000E+01   0.0000000000000000E+00
       590         1         1        11
   7.7500000000000000E+01   5.0000000000000000E+01   0.0000000000000000E+00
       591         1         1        11
   8.0000000000000028E+01   4.9999999999999993E+01   0.0000000000000000E+00
       592         1         1        11
   8.2500000000000000E+01   5.0000000000000000E+01   0.0000000000000000E+00
       593         1         1        11
   8.5000000000000000E+01   5.0000000000000000E+01   0.0000000000000000E+00
       594         1         1        11
   8.7500000000000028E+01   4.9999999999999993E+01   0.0000000000000000E+00
       595         1         1        11
   9.0000000000000000E+01   5.0000000000000000E+01   0.0000000000000000E+00
       596         1         1        11
   9.2500000000000000E+01   5.0000000000000000E+01   0.0000000000000000E+00
       597         1         1        11
   9.5000000000000043E+01   5.0000000000000000E+01   0.0000000000000000E+00
       598         1         1        11
   9.7500000000000000E+01   5.0000000000000000E+01   0.0000000000000000E+00
       599         1         1        11
   2.4999999999999987E+00   5.5000000000000007E+01   0.0000000000000000E+00
       600         1         1        11
   4.9999999999999973E+00   5.5000000000000007E+01   0.0000000000000000E+00
       601         1         1        11
   7.5000000000000009E+00   5.5000000000000000E+01   0.0000000000000000E+00
       602         1         1        11
   9.9999999999999947E+00   5.5000000000000000E+01   0.0000000000000000E+00
       603         1         1        11
   1.2500000000000000E+01   5.5000000000000007E+01   0.0000000000000000E+00
       604         1         1        11
   1.5000000000000002E+01   5.5000000000000007E+01   0.0000000000000000E+00
       605         1         1        11
   1.7500000000000000E+01   5.5000000000000000E+01   0.0000000000000000E+00
       606         1         1        11
   1.9999999999999989E+01   5.5000000000000000E+01   0.0000000000000000E+00
       607         1         1        11
   2.2500000000000000E+01   5.5000000000000000E+01   0.0000000000000000E+00
       608         1         1        11
   2.5000000000000000E+01   5.5000000000000000E+01   0.0000000000000000E+00
       609         1         1        11
   2.7500000000000000E+01   5.5000000000000000E+01   0.0000000000000000E+00
       610         1         1        11
   3.0000000000000004E+01   5.5000000000000000E+01   0.0000000000000000E+00
       611         1         1        11
   3.2500000000000000E+01   5.5000000000000000E+01   0.0000000000000000E+00
       612         1         1        11
   3.5000000000000000E+01   5.5000000000000000E+01   0.0000000000000000E+00
       613         1         1        11
   3.7500000000000000E+01   5.5000000000000000E+01   0.0000000000000000E+00
       614         1         1        11
   3.9999999999999979E+01   5.5000000000000007E+01   0.0000000000000000E+00
       615         1         1        11
   4.2500000000000000E+01   5.5000000000000014E+01   0.0000000000000000E+00
       616         1         1        11
   4.5000000000000000E+01   5.5000000000000000E+01   0.0000000000000000E+00
       617         1         1        11
   4.7499999999999986E+01   5.5000000000000000E+01   0.0000000000000000E+00
       618         1         1        11
   5.0000000000000000E+01   5.5000000000000000E+01   0.0000000000000000E+00
       619         1         1        11
   5.2500000000000000E+01   5.5000000000000000E+01   0.0000000000000000E+00
       620         1         1        11
   5.5000000000000000E+01   5.5000000000000000E+01   0.0000000000000000E+00
       621         1         1        11
   5.7499999999999993E+01   5.5000000000000007E+01   0.0000000000000000E+00
       622         1         1        11
   6.0000000000000007E+01   5.5000000000000007E+01   0.0000000000000000E+00
       623         1         1        11
   6.2500000000000000E+01   5.5000000000000000E+01   0.0000000000000000E+00
       624         1         1        11
   6.5000000000000000E+01   5.5000000000000000E+01   0.0000000000000000E+00
       625         1         1        11
   6.7500000000000000E+01   5.5000000000000000E+01   0.0000000000000000E+00
       626         1         1        11
   7.0000000000000000E+01   5.5000000000000000E+01   0.0000000000000000E+00
       627         1         1        11
   7.2499999999999972E+01   5.5000000000000000E+01   0.0000000000000000E+00
       628         1         1        11
   7.5000000000000000E+01   5.5000000000000000E+01   0.0000000000000000E+00
       629         1         1        11
   7.7499999999999986E+01   5.5000000000000000E+01   0.0000000000000000E+00
       630         1         1        11
   7.9999999999999957E+01   5.5000000000000000E+01   0.0000000000000000E+00
       631         1         1        11
   8.2500000000000000E+01   5.5000000000000000E+01   0.0000000000000000E+00
       632         1         1        11
   8.5000000000000000E+01   5.5000000000000007E+01   0.0000000000000000E+00
       633         1         1        11
   8.7499999999999972E+01   5.5000000000000007E+01   0.0000000000000000E+00
       634         1         1        11
   9.0000000000000000E+01   5.5000000000000000E+01   0.0000000000000000E+00
       635         1         1        11
   9.2499999999999986E+01   5.5000000000000000E+01   0.0000000000000000E+00
       636         1         1        11
   9.4999999999999972E+01   5.5000000000000007E+01   0.0000000000000000E+00
       637         1         1        11
   9.7500000000000000E+01   5.5000000000000007E+01   0.0000000000000000E+00
       638         1         1        11
   2.4999999999999996E+00   5.5000000000000007E+01   1.0000000000000000E+01
       639         1         1        11
   4.9999999999999991E+00   5.5000000000000007E+01   1.0000000000000000E+01
       640         1         1        11
   7.5000000000000009E+00   5.5000000000000000E+01   1.0000000000000000E+01
       641         1         1        11
   9.9999999999999982E+00   5.5000000000000000E+01   1.0000000000000000E+01
       642         1         1        11
   1.2500000000000002E+01   5.5000000000000007E+01   1.0000000000000000E+01
       643         1         1        11
   1.5000000000000002E+01   5.5000000000000007E+01   1.0000000000000000E+01
       644         1         1        11
   1.7500000000000004E+01   5.5000000000000000E+01   1.0000000000000000E+01
       645         1         1        11
   1.9999999999999996E+01   5.5000000000000000E+01   1.0000000000000000E+01
       646         1         1        11
   2.2500000000000000E+01   5.5000000000000000E+01   1.0000000000000000E+01
       647         1         1        11
   2.5000000000000004E+01   5.5000000000000000E+01   1.0000000000000000E+01
       648         1         1        11
   2.7500000000000000E+01   5.5000000000000000E+01   1.0000000000000000E+01
       649         1         1        11
   3.0000000000000004E+01   5.5000000000000000E+01   1.0000000000000000E+01
       650         1         1        11
   3.2500000000000000E+01   5.5000000000000000E+01   1.0000000000000000E+01
       651         1         1        11
   3.5000000000000007E+01   5.5000000000000000E+01   1.0000000000000000E+01
       652         1         1        11
   3.7500000000000000E+01   5.5000000000000000E+01   1.0000000000000000E+01
       653         1         1        11
   3.9999999999999993E+01   5.5000000000000007E+01   1.0000000000000000E+01
       654         1         1        11
   4.2500000000000007E+01   5.5000000000000014E+01   1.0000000000000000E+01
       655         1         1        11
   4.5000000000000000E+01   5.5000000000000000E+01   1.0000000000000000E+01
       656         1         1        11
   4.7500000000000000E+01   5.5000000000000000E+01   1.0000000000000000E+01
       657         1         1        11
   5.0000000000000007E+01   5.5000000000000000E+01   1.0000000000000000E+01
       658         1         1        11
   5.2500000000000000E+01   5.5000000000000000E+01   1.0000000000000000E+01
       659         1         1        11
   5.5000000000000000E+01   5.5000000000000000E+01   1.0000000000000000E+01
       660         1         1        11
   5.7500000000000000E+01   5.5000000000000007E+01   1.0000000000000000E+01
       661         1         1        11
   6.0000000000000007E+01   5.5000000000000007E+01   1.0000000000000000E+01
       662         1         1        11
   6.2500000000000000E+01   5.5000000000000000E+01   1.0000000000000000E+01
       663         1         1        11
   6.5000000000000000E+01   5.5000000000000000E+01   1.0000000000000000E+01
       664         1         1        11
   6.7500000000000000E+01   5.5000000000000000E+01   1.0000000000000000E+01
       665         1         1        11
   7.0000000000000014E+01   5.5000000000000000E+01   1.0000000000000000E+01
       666         1         1        11
   7.2500000000000000E+01   5.5000000000000000E+01   1.0000000000000000E+01
       667         1         1        11
   7.5000000000000000E+01   5.5000000000000000E+01   1.0000000000000000E+01
       668         1         1        11
   7.7500000000000000E+01   5.5000000000000000E+01   1.0000000000000000E+01
       669         1         1        11
   7.9999999999999986E+01   5.5000000000000000E+01   1.0000000000000000E+01
       670         1         1        11
   8.2500000000000000E+01   5.5000000000000000E+01   1.0000000000000000E+01
       671         1         1        11
   8.5000000000000014E+01   5.5000000000000007E+01   1.0000000000000000E+01
       672         1         1        11
   8.7500000000000000E+01   5.5000000000000007E+01   1.0000000000000000E+01
       673         1         1        11
   9.0000000000000000E+01   5.5000000000000000E+01   1.0000000000000000E+01
       674         1         1        11
   9.2500000000000000E+01   5.5000000000000000E+01   1.0000000000000000E+01
       675         1         1        11
   9.5000000000000000E+01   5.5000000000000007E+01   1.0000000000000000E+01
       676         1         1        11
   9.7500000000000000E+01   5.5000000000000007E+01   1.0000000000000000E+01
       677         1         1        11
   2.5000000000000000E+00   5.0000000000000000E+01   1.0000000000000000E+01
       678         1         1        11
   5.0000000000000000E+00   5.0000000000000000E+01   1.0000000000000000E+01
       679         1         1        11
   7.5000000000000000E+00   5.0000000000000000E+01   1.0000000000000000E+01
       680         1         1        11
   1.0000000000000000E+01   5.0000000000000000E+01   1.0000000000000000E+01
       681         1         1        11
   1.2500000000000000E+01   4.9999999999999993E+01   1.0000000000000000E+01
       682         1         1        11
   1.5000000000000000E+01   5.0000000000000000E+01   1.0000000000000000E+01
       683         1         1        11
   1.7500000000000000E+01   5.0000000000000000E+01   1.0000000000000000E+01
       684         1         1        11
   2.0000000000000000E+01   4.9999999999999993E+01   1.0000000000000000E+01
       685         1         1        11
   2.2500000000000000E+01   5.0000000000000000E+01   1.0000000000000000E+01
       686         1         1        11
   2.5000000000000000E+01   5.0000000000000000E+01   1.0000000000000000E+01
       687         1         1        11
   2.7500000000000000E+01   5.0000000000000000E+01   1.0000000000000000E+01
       688         1         1        11
   3.0000000000000000E+01   5.0000000000000000E+01   1.0000000000000000E+01
       689         1         1        11
   3.2500000000000000E+01   4.9999999999999986E+01   1.0000000000000000E+01
       690         1         1        11
   3.5000000000000000E+01   4.9999999999999993E+01   1.0000000000000000E+01
       691         1         1        11
   3.7500000000000000E+01   5.0000000000000000E+01   1.0000000000000000E+01
       692         1         1        11
   4.0000000000000000E+01   5.0000000000000000E+01   1.0000000000000000E+01
       693         1         1        11
   4.2499999999999993E+01   5.0000000000000000E+01   1.0000000000000000E+01
       694         1         1        11
   4.5000000000000000E+01   5.0000000000000000E+01   1.0000000000000000E+01
       695         1         1        11
   4.7500000000000007E+01   5.0000000000000000E+01   1.0000000000000000E+01
       696         1         1        11
   5.0000000000000000E+01   5.0000000000000000E+01   1.0000000000000000E+01
       697         1         1        11
   5.2499999999999993E+01   5.0000000000000000E+01   1.0000000000000000E+01
       698         1         1        11
   5.5000000000000000E+01   5.0000000000000000E+01   1.0000000000000000E+01
       699         1         1        11
   5.7500000000000000E+01   5.0000000000000000E+01   1.0000000000000000E+01
       700         1         1        11
   6.0000000000000000E+01   5.0000000000000000E+01   1.0000000000000000E+01
       701         1         1        11
   6.2500000000000000E+01   5.0000000000000000E+01   1.0000000000000000E+01
       702         1         1        11
   6.5000000000000000E+01   4.9999999999999993E+01   1.0000000000000000E+01
       703         1         1        11
   6.7499999999999986E+01   4.9999999999999993E+01   1.0000000000000000E+01
       704         1         1        11
   7.0000000000000000E+01   5.0000000000000000E+01   1.0000000000000000E+01
       705         1         1        11
   7.2500000000000000E+01   5.0000000000000000E+01   1.0000000000000000E+01
       706         1         1        11
   7.5000000000000000E+01   5.0000000000000000E+01   1.0000000000000000E+01
       707         1         1        11
   7.7500000000000000E+01   5.0000000000000000E+01   1.0000000000000000E+01
       708         1         1        11
   8.0000000000000000E+01   4.9999999999999993E+01   1.0000000000000000E+01
       709         1         1        11
   8.2500000000000000E+01   5.0000000000000000E+01   1.0000000000000000E+01
       710         1         1        11
   8.4999999999999986E+01   5.0000000000000000E+01   1.0000000000000000E+01
       711         1         1        11
   8.7500000000000000E+01   4.9999999999999993E+01   1.0000000000000000E+01
       712         1         1        11
   9.0000000000000000E+01   5.0000000000000000E+01   1.0000000000000000E+01
       713         1         1        11
   9.2499999999999986E+01   5.0000000000000000E+01   1.0000000000000000E+01
       714         1         1        11
   9.5000000000000014E+01   5.0000000000000000E+01   1.0000000000000000E+01
       715         1         1        11
   9.7500000000000000E+01   5.0000000000000000E+01   1.0000000000000000E+01
       716         1         1        11
   2.5000000000000000E+00   4.5000000000000000E+01   1.0000000000000000E+01
       717         1         1        11
   5.0000000000000000E+00   4.5000000000000007E+01   1.0000000000000000E+01
       718         1         1        11
   7.5000000000000009E+00   4.4999999999999993E+01   1.0000000000000000E+01
       719         1         1        11
   1.0000000000000000E+01   4.5000000000000000E+01   1.0000000000000000E+01
       720         1         1        11
   1.2500000000000000E+01   4.5000000000000000E+01   1.0000000000000000E+01
       721         1         1        11
   1.5000000000000002E+01   4.5000000000000000E+01   1.0000000000000000E+01
       722         1         1        11
   1.7500000000000000E+01   4.5000000000000007E+01   1.0000000000000000E+01
       723         1         1        11
   2.0000000000000000E+01   4.4999999999999993E+01   1.0000000000000000E+01
       724         1         1        11
   2.2500000000000000E+01   4.5000000000000000E+01   1.0000000000000000E+01
       725         1         1        11
   2.5000000000000000E+01   4.5000000000000000E+01   1.0000000000000000E+01
       726         1         1        11
   2.7500000000000000E+01   4.5000000000000000E+01   1.0000000000000000E+01
       727         1         1        11
   3.0000000000000004E+01   4.5000000000000007E+01   1.0000000000000000E+01
       728         1         1        11
   3.2500000000000000E+01   4.4999999999999993E+01   1.0000000000000000E+01
       729         1         1        11
   3.5000000000000000E+01   4.5000000000000000E+01   1.0000000000000000E+01
       730         1         1        11
   3.7500000000000000E+01   4.5000000000000000E+01   1.0000000000000000E+01
       731         1         1        11
   4.0000000000000000E+01   4.5000000000000000E+01   1.0000000000000000E+01
       732         1         1        11
   4.2500000000000000E+01   4.5000000000000000E+01   1.0000000000000000E+01
       733         1         1        11
   4.5000000000000000E+01   4.5000000000000000E+01   1.0000000000000000E+01
       734         1         1        11
   4.7500000000000007E+01   4.5000000000000000E+01   1.0000000000000000E+01
       735         1         1        11
   5.0000000000000000E+01   4.5000000000000000E+01   1.0000000000000000E+01
       736         1         1        11
   5.2499999999999993E+01   4.5000000000000000E+01   1.0000000000000000E+01
       737         1         1        11
   5.5000000000000000E+01   4.5000000000000000E+01   1.0000000000000000E+01
       738         1         1        11
   5.7500000000000000E+01   4.5000000000000000E+01   1.0000000000000000E+01
       739         1         1        11
   6.0000000000000007E+01   4.5000000000000000E+01   1.0000000000000000E+01
       740         1         1        11
   6.2500000000000000E+01   4.5000000000000000E+01   1.0000000000000000E+01
       741         1         1        11
   6.5000000000000000E+01   4.5000000000000000E+01   1.0000000000000000E+01
       742         1         1        11
   6.7500000000000000E+01   4.4999999999999993E+01   1.0000000000000000E+01
       743         1         1        11
   7.0000000000000000E+01   4.5000000000000007E+01   1.0000000000000000E+01
       744         1         1        11
   7.2500000000000000E+01   4.5000000000000000E+01   1.0000000000000000E+01
       745         1         1        11
   7.5000000000000000E+01   4.5000000000000000E+01   1.0000000000000000E+01
       746         1         1        11
   7.7500000000000000E+01   4.5000000000000000E+01   1.0000000000000000E+01
       747         1         1        11
   8.0000000000000000E+01   4.4999999999999993E+01   1.0000000000000000E+01
       748         1         1        11
   8.2500000000000000E+01   4.5000000000000007E+01   1.0000000000000000E+01
       749         1         1        11
   8.5000000000000000E+01   4.5000000000000000E+01   1.0000000000000000E+01
       750         1         1        11
   8.7500000000000000E+01   4.5000000000000000E+01   1.0000000000000000E+01
       751         1         1        11
   9.0000000000000000E+01   4.5000000000000000E+01   1.0000000000000000E+01
       752         1         1        11
   9.2499999999999986E+01   4.4999999999999993E+01   1.0000000000000000E+01
       753         1         1        11
   9.5000000000000014E+01   4.5000000000000007E+01   1.0000000000000000E+01
       754         1         1        11
   9.7500000000000000E+01   4.5000000000000000E+01   1.0000000000000000E+01
       755         1         1        11
   2.4999999999999996E+00   4.0000000000000000E+01   1.0000000000000000E+01
       756         1         1        11
   4.9999999999999991E+00   3.9999999999999993E+01   1.0000000000000000E+01
       757         1         1        11
   7.5000000000000000E+00   3.9999999999999993E+01   1.0000000000000000E+01
       758         1         1        11
   9.9999999999999982E+00   3.9999999999999993E+01   1.0000000000000000E+01
       759         1         1        11
   1.2500000000000000E+01   4.0000000000000000E+01   1.0000000000000000E+01
       760         1         1        11
   1.5000000000000000E+01   3.9999999999999993E+01   1.0000000000000000E+01
       761         1         1        11
   1.7500000000000000E+01   4.0000000000000000E+01   1.0000000000000000E+01
       762         1         1        11
   1.9999999999999996E+01   3.9999999999999993E+01   1.0000000000000000E+01
       763         1         1        11
   2.2500000000000000E+01   3.9999999999999993E+01   1.0000000000000000E+01
       764         1         1        11
   2.5000000000000000E+01   4.0000000000000000E+01   1.0000000000000000E+01
       765         1         1        11
   2.7500000000000000E+01   3.9999999999999993E+01   1.0000000000000000E+01
       766         1         1        11
   3.0000000000000000E+01   4.0000000000000000E+01   1.0000000000000000E+01
       767         1         1        11
   3.2499999999999993E+01   3.9999999999999993E+01   1.0000000000000000E+01
       768         1         1        11
   3.5000000000000000E+01   4.0000000000000000E+01   1.0000000000000000E+01
       769         1         1        11
   3.7500000000000000E+01   4.0000000000000000E+01   1.0000000000000000E+01
       770         1         1        11
   3.9999999999999993E+01   4.0000000000000000E+01   1.0000000000000000E+01
       771         1         1        11
   4.2499999999999993E+01   4.0000000000000000E+01   1.0000000000000000E+01
       772         1         1        11
   4.5000000000000000E+01   3.9999999999999993E+01   1.0000000000000000E+01
       773         1         1        11
   4.7500000000000000E+01   3.9999999999999993E+01   1.0000000000000000E+01
       774         1         1        11
   5.0000000000000000E+01   3.9999999999999993E+01   1.0000000000000000E+01
       775         1         1        11
   5.2500000000000000E+01   3.9999999999999993E+01   1.0000000000000000E+01
       776         1         1        11
   5.5000000000000000E+01   4.0000000000000000E+01   1.0000000000000000E+01
       777         1         1        11
   5.7500000000000000E+01   4.0000000000000000E+01   1.0000000000000000E+01
       778         1         1        11
   6.0000000000000000E+01   4.0000000000000000E+01   1.0000000000000000E+01
       779         1         1        11
   6.2500000000000000E+01   4.0000000000000000E+01   1.0000000000000000E+01
       780         1         1        11
   6.4999999999999986E+01   4.0000000000000000E+01   1.0000000000000000E+01
       781         1         1        11
   6.7500000000000000E+01   4.0000000000000000E+01   1.0000000000000000E+01
       782         1         1        11
   7.0000000000000000E+01   4.0000000000000000E+01   1.0000000000000000E+01
       783         1         1        11
   7.2500000000000000E+01   3.9999999999999993E+01   1.0000000000000000E+01
       784         1         1        11
   7.5000000000000000E+01   4.0000000000000000E+01   1.0000000000000000E+01
       785         1         1        11
   7.7500000000000000E+01   4.0000000000000000E+01   1.0000000000000000E+01
       786         1         1        11
   7.9999999999999986E+01   3.9999999999999993E+01   1.0000000000000000E+01
       787         1         1        11
   8.2500000000000000E+01   4.0000000000000000E+01   1.0000000000000000E+01
       788         1         1        11
   8.4999999999999986E+01   3.9999999999999993E+01   1.0000000000000000E+01
       789         1         1        11
   8.7500000000000000E+01   4.0000000000000000E+01   1.0000000000000000E+01
       790         1         1        11
   9.0000000000000000E+01   3.9999999999999993E+01   1.0000000000000000E+01
       791         1         1        11
   9.2499999999999986E+01   3.9999999999999993E+01   1.0000000000000000E+01
       792         1         1        11
   9.5000000000000000E+01   3.9999999999999993E+01   1.0000000000000000E+01
       793         1         1        11
   9.7500000000000000E+01   4.0000000000000000E+01   1.0000000000000000E+01
       794         1         1        11
   2.5000000000000000E+00   3.5000000000000007E+01   1.0000000000000000E+01
       795         1         1        11
   5.0000000000000000E+00   3.5000000000000007E+01   1.0000000000000000E+01
       796         1         1        11
   7.5000000000000009E+00   3.5000000000000000E+01   1.0000000000000000E+01
       797         1         1        11
   1.0000000000000000E+01   3.5000000000000007E+01   1.0000000000000000E+01
       798         1         1        11
   1.2500000000000000E+01   3.5000000000000007E+01   1.0000000000000000E+01
       799         1         1        11
   1.5000000000000002E+01   3.5000000000000007E+01   1.0000000000000000E+01
       800         1         1        11
   1.7500000000000000E+01   3.5000000000000007E+01   1.0000000000000000E+01
       801         1         1        11
   2.0000000000000000E+01   3.5000000000000007E+01   1.0000000000000000E+01
       802         1         1        11
   2.2500000000000000E+01   3.5000000000000007E+01   1.0000000000000000E+01
       803         1         1        11
   2.5000000000000000E+01   3.5000000000000007E+01   1.0000000000000000E+01
       804         1         1        11
   2.7500000000000000E+01   3.5000000000000000E+01   1.0000000000000000E+01
       805         1         1        11
   3.0000000000000004E+01   3.5000000000000007E+01   1.0000000000000000E+01
       806         1         1        11
   3.2500000000000000E+01   3.5000000000000000E+01   1.0000000000000000E+01
       807         1         1        11
   3.5000000000000000E+01   3.5000000000000000E+01   1.0000000000000000E+01
       808         1         1        11
   3.7500000000000000E+01   3.5000000000000007E+01   1.0000000000000000E+01
       809         1         1        11
   4.0000000000000000E+01   3.5000000000000007E+01   1.0000000000000000E+01
       810         1         1        11
   4.2500000000000000E+01   3.5000000000000007E+01   1.0000000000000000E+01
       811         1         1        11
   4.5000000000000000E+01   3.5000000000000000E+01   1.0000000000000000E+01
       812         1         1        11
   4.7500000000000007E+01   3.5000000000000007E+01   1.0000000000000000E+01
       813         1         1        11
   5.0000000000000000E+01   3.5000000000000007E+01   1.0000000000000000E+01
       814         1         1        11
   5.2500000000000000E+01   3.5000000000000007E+01   1.0000000000000000E+01
       815         1         1        11
   5.5000000000000000E+01   3.5000000000000000E+01   1.0000000000000000E+01
       816         1         1        11
   5.7500000000000014E+01   3.5000000000000000E+01   1.0000000000000000E+01
       817         1         1        11
   6.0000000000000007E+01   3.5000000000000007E+01   1.0000000000000000E+01
       818         1         1        11
   6.2500000000000000E+01   3.5000000000000007E+01   1.0000000000000000E+01
       819         1         1        11
   6.5000000000000000E+01   3.5000000000000000E+01   1.0000000000000000E+01
       820         1         1        11
   6.7500000000000000E+01   3.5000000000000000E+01   1.0000000000000000E+01
       821         1         1        11
   7.0000000000000000E+01   3.5000000000000000E+01   1.0000000000000000E+01
       822         1         1        11
   7.2500000000000014E+01   3.5000000000000000E+01   1.0000000000000000E+01
       823         1         1        11
   7.5000000000000000E+01   3.5000000000000007E+01   1.0000000000000000E+01
       824         1         1        11
   7.7500000000000000E+01   3.5000000000000007E+01   1.0000000000000000E+01
       825         1         1        11
   8.0000000000000000E+01   3.5000000000000007E+01   1.0000000000000000E+01
       826         1         1        11
   8.2500000000000000E+01   3.5000000000000007E+01   1.0000000000000000E+01
       827         1         1        11
   8.5000000000000000E+01   3.5000000000000007E+01   1.0000000000000000E+01
       828         1         1        11
   8.7500000000000000E+01   3.5000000000000007E+01   1.0000000000000000E+01
       829         1         1        11
   9.0000000000000000E+01   3.5000000000000007E+01   1.0000000000000000E+01
       830         1         1        11
   9.2500000000000000E+01   3.5000000000000000E+01   1.0000000000000000E+01
       831         1         1        11
   9.5000000000000014E+01   3.5000000000000007E+01   1.0000000000000000E+01
       832         1         1        11
   9.7500000000000014E+01   3.5000000000000007E+01   1.0000000000000000E+01
       833         1         1        11
   2.5000000000000000E+00   3.0000000000000000E+01   1.0000000000000000E+01
       834         1         1        11
   5.0000000000000000E+00   3.0000000000000000E+01   1.0000000000000000E+01
       835         1         1        11
   7.5000000000000000E+00   3.0000000000000000E+01   1.0000000000000000E+01
       836         1         1        11
   1.0000000000000000E+01   3.0000000000000000E+01   1.0000000000000000E+01
       837         1         1        11
   1.2500000000000000E+01   3.0000000000000000E+01   1.0000000000000000E+01
       838         1         1        11
   1.5000000000000000E+01   3.0000000000000000E+01   1.0000000000000000E+01
       839         1         1        11
   1.7500000000000000E+01   3.0000000000000000E+01   1.0000000000000000E+01
       840         1         1        11
   2.0000000000000000E+01   3.0000000000000000E+01   1.0000000000000000E+01
       841         1         1        11
   2.2500000000000000E+01   3.0000000000000000E+01   1.0000000000000000E+01
       842         1         1        11
   2.5000000000000000E+01   3.0000000000000000E+01   1.0000000000000000E+01
       843         1         1        11
   2.7499999999999996E+01   3.0000000000000000E+01   1.0000000000000000E+01
       844         1         1        11
   3.0000000000000000E+01   3.0000000000000000E+01   1.0000000000000000E+01
       845         1         1        11
   3.2500000000000000E+01   3.0000000000000000E+01   1.0000000000000000E+01
       846         1         1        11
   3.5000000000000000E+01   3.0000000000000000E+01   1.0000000000000000E+01
       847         1         1        11
   3.7500000000000000E+01   3.0000000000000000E+01   1.0000000000000000E+01
       848         1         1        11
   4.0000000000000000E+01   3.0000000000000000E+01   1.0000000000000000E+01
       849         1         1        11
   4.2500000000000000E+01   3.0000000000000000E+01   1.0000000000000000E+01
       850         1         1        11
   4.5000000000000000E+01   3.0000000000000000E+01   1.0000000000000000E+01
       851         1         1        11
   4.7500000000000000E+01   3.0000000000000000E+01   1.0000000000000000E+01
       852         1         1        11
   5.0000000000000000E+01   3.0000000000000000E+01   1.0000000000000000E+01
       853         1         1        11
   5.2500000000000000E+01   3.0000000000000000E+01   1.0000000000000000E+01
       854         1         1        11
   5.4999999999999993E+01   3.0000000000000000E+01   1.0000000000000000E+01
       855         1         1        11
   5.7500000000000007E+01   3.0000000000000000E+01   1.0000000000000000E+01
       856         1         1        11
   6.0000000000000000E+01   3.0000000000000000E+01   1.0000000000000000E+01
       857         1         1        11
   6.2500000000000000E+01   3.0000000000000000E+01   1.0000000000000000E+01
       858         1         1        11
   6.5000000000000000E+01   3.0000000000000000E+01   1.0000000000000000E+01
       859         1         1        11
   6.7500000000000000E+01   3.0000000000000000E+01   1.0000000000000000E+01
       860         1         1        11
   7.0000000000000000E+01   3.0000000000000000E+01   1.0000000000000000E+01
       861         1         1        11
   7.2500000000000000E+01   3.0000000000000000E+01   1.0000000000000000E+01
       862         1         1        11
   7.5000000000000000E+01   3.0000000000000000E+01   1.0000000000000000E+01
       863         1         1        11
   7.7500000000000000E+01   3.0000000000000000E+01   1.0000000000000000E+01
       864         1         1        11
   8.0000000000000000E+01   3.0000000000000000E+01   1.0000000000000000E+01
       865         1         1        11
   8.2500000000000000E+01   3.0000000000000000E+01   1.0000000000000000E+01
       866         1         1        11
   8.5000000000000000E+01   3.0000000000000000E+01   1.0000000000000000E+01
       867         1         1        11
   8.7500000000000000E+01   3.0000000000000000E+01   1.0000000000000000E+01
       868         1         1        11
   9.0000000000000000E+01   3.0000000000000000E+01   1.0000000000000000E+01
       869         1         1        11
   9.2500000000000000E+01   3.0000000000000000E+01   1.0000000000000000E+01
       870         1         1        11
   9.5000000000000000E+01   3.0000000000000000E+01   1.0000000000000000E+01
       871         1         1        11
   9.7500000000000000E+01   3.0000000000000000E+01   1.0000000000000000E+01
       872         1         1        11
   2.5000000000000000E+00   2.5000000000000004E+01   1.0000000000000000E+01
       873         1         1        11
   5.0000000000000000E+00   2.5000000000000004E+01   1.0000000000000000E+01
       874         1         1        11
   7.5000000000000000E+00   2.5000000000000004E+01   1.0000000000000000E+01
       875         1         1        11
   1.0000000000000000E+01   2.5000000000000000E+01   1.0000000000000000E+01
       876         1         1        11
   1.2500000000000000E+01   2.5000000000000000E+01   1.0000000000000000E+01
       877         1         1        11
   1.5000000000000000E+01   2.5000000000000004E+01   1.0000000000000000E+01
       878         1         1        11
   1.7500000000000000E+01   2.5000000000000004E+01   1.0000000000000000E+01
       879         1         1        11
   2.0000000000000000E+01   2.5000000000000000E+01   1.0000000000000000E+01
       880         1         1        11
   2.2500000000000000E+01   2.5000000000000004E+01   1.0000000000000000E+01
       881         1         1        11
   2.5000000000000000E+01   2.5000000000000000E+01   1.0000000000000000E+01
       882         1         1        11
   2.7500000000000000E+01   2.5000000000000000E+01   1.0000000000000000E+01
       883         1         1        11
   3.0000000000000000E+01   2.5000000000000004E+01   1.0000000000000000E+01
       884         1         1        11
   3.2500000000000000E+01   2.5000000000000000E+01   1.0000000000000000E+01
       885         1         1        11
   3.5000000000000000E+01   2.5000000000000000E+01   1.0000000000000000E+01
       886         1         1        11
   3.7500000000000000E+01   2.5000000000000000E+01   1.0000000000000000E+01
       887         1         1        11
   4.0000000000000000E+01   2.5000000000000000E+01   1.0000000000000000E+01
       888         1         1        11
   4.2500000000000000E+01   2.5000000000000007E+01   1.0000000000000000E+01
       889         1         1        11
   4.5000000000000000E+01   2.5000000000000000E+01   1.0000000000000000E+01
       890         1         1        11
   4.7500000000000000E+01   2.5000000000000000E+01   1.0000000000000000E+01
       891         1         1        11
   5.0000000000000000E+01   2.5000000000000004E+01   1.0000000000000000E+01
       892         1         1        11
   5.2500000000000000E+01   2.5000000000000000E+01   1.0000000000000000E+01
       893         1         1        11
   5.5000000000000000E+01   2.5000000000000000E+01   1.0000000000000000E+01
       894         1         1        11
   5.7499999999999993E+01   2.5000000000000004E+01   1.0000000000000000E+01
       895         1         1        11
   6.0000000000000000E+01   2.5000000000000000E+01   1.0000000000000000E+01
       896         1         1        11
   6.2500000000000000E+01   2.5000000000000000E+01   1.0000000000000000E+01
       897         1         1        11
   6.5000000000000000E+01   2.5000000000000000E+01   1.0000000000000000E+01
       898         1         1        11
   6.7500000000000000E+01   2.5000000000000000E+01   1.0000000000000000E+01
       899         1         1        11
   7.0000000000000000E+01   2.5000000000000004E+01   1.0000000000000000E+01
       900         1         1        11
   7.2500000000000000E+01   2.5000000000000000E+01   1.0000000000000000E+01
       901         1         1        11
   7.5000000000000000E+01   2.5000000000000000E+01   1.0000000000000000E+01
       902         1         1        11
   7.7500000000000000E+01   2.5000000000000004E+01   1.0000000000000000E+01
       903         1         1        11
   8.0000000000000000E+01   2.5000000000000000E+01   1.0000000000000000E+01
       904         1         1        11
   8.2500000000000000E+01   2.5000000000000004E+01   1.0000000000000000E+01
       905         1         1        11
   8.5000000000000000E+01   2.5000000000000004E+01   1.0000000000000000E+01
       906         1         1        11
   8.7500000000000000E+01   2.5000000000000000E+01   1.0000000000000000E+01
       907         1         1        11
   9.0000000000000000E+01   2.5000000000000000E+01   1.0000000000000000E+01
       908         1         1        11
   9.2500000000000000E+01   2.5000000000000004E+01   1.0000000000000000E+01
       909         1         1        11
   9.5000000000000000E+01   2.5000000000000004E+01   1.0000000000000000E+01
       910         1         1        11
   9.7500000000000000E+01   2.5000000000000004E+01   1.0000000000000000E+01
       911         1         1        11
   2.5000000000000000E+00   2.0000000000000000E+01   1.0000000000000000E+01
       912         1         1        11
   5.0000000000000000E+00   1.9999999999999996E+01   1.0000000000000000E+01
       913         1         1        11
   7.5000000000000000E+00   1.9999999999999996E+01   1.0000000000000000E+01
       914         1         1        11
   1.0000000000000000E+01   1.9999999999999996E+01   1.0000000000000000E+01
       915         1         1        11
   1.2500000000000000E+01   2.0000000000000000E+01   1.0000000000000000E+01
       916         1         1        11
   1.5000000000000000E+01   1.9999999999999996E+01   1.0000000000000000E+01
       917         1         1        11
   1.7500000000000000E+01   2.0000000000000000E+01   1.0000000000000000E+01
       918         1         1        11
   2.0000000000000000E+01   1.9999999999999996E+01   1.0000000000000000E+01
       919         1         1        11
   2.2500000000000000E+01   1.9999999999999996E+01   1.0000000000000000E+01
       920         1         1        11
   2.5000000000000000E+01   2.0000000000000000E+01   1.0000000000000000E+01
       921         1         1        11
   2.7499999999999993E+01   1.9999999999999996E+01   1.0000000000000000E+01
       922         1         1        11
   3.0000000000000000E+01   2.0000000000000000E+01   1.0000000000000000E+01
       923         1         1        11
   3.2500000000000000E+01   1.9999999999999996E+01   1.0000000000000000E+01
       924         1         1        11
   3.5000000000000000E+01   2.0000000000000000E+01   1.0000000000000000E+01
       925         1         1        11
   3.7500000000000000E+01   2.0000000000000000E+01   1.0000000000000000E+01
       926         1         1        11
   4.0000000000000000E+01   2.0000000000000000E+01   1.0000000000000000E+01
       927         1         1        11
   4.2500000000000000E+01   2.0000000000000000E+01   1.0000000000000000E+01
       928         1         1        11
   4.5000000000000000E+01   1.9999999999999996E+01   1.0000000000000000E+01
       929         1         1        11
   4.7500000000000000E+01   1.9999999999999996E+01   1.0000000000000000E+01
       930         1         1        11
   5.0000000000000000E+01   1.9999999999999996E+01   1.0000000000000000E+01
       931         1         1        11
   5.2500000000000000E+01   1.9999999999999996E+01   1.0000000000000000E+01
       932         1         1        11
   5.4999999999999986E+01   2.0000000000000000E+01   1.0000000000000000E+01
       933         1         1        11
   5.7499999999999986E+01   2.0000000000000000E+01   1.0000000000000000E+01
       934         1         1        11
   6.0000000000000000E+01   2.0000000000000000E+01   1.0000000000000000E+01
       935         1         1        11
   6.2500000000000000E+01   2.0000000000000000E+01   1.0000000000000000E+01
       936         1         1        11
   6.5000000000000000E+01   2.0000000000000000E+01   1.0000000000000000E+01
       937         1         1        11
   6.7500000000000000E+01   2.0000000000000000E+01   1.0000000000000000E+01
       938         1         1        11
   7.0000000000000000E+01   2.0000000000000000E+01   1.0000000000000000E+01
       939         1         1        11
   7.2500000000000000E+01   1.9999999999999996E+01   1.0000000000000000E+01
       940         1         1        11
   7.5000000000000000E+01   2.0000000000000000E+01   1.0000000000000000E+01
       941         1         1        11
   7.7500000000000000E+01   2.0000000000000000E+01   1.0000000000000000E+01
       942         1         1        11
   8.0000000000000000E+01   1.9999999999999996E+01   1.0000000000000000E+01
       943         1         1        11
   8.2500000000000000E+01   2.0000000000000000E+01   1.0000000000000000E+01
       944         1         1        11
   8.5000000000000000E+01   1.9999999999999996E+01   1.0000000000000000E+01
       945         1         1        11
   8.7500000000000000E+01   2.0000000000000000E+01   1.0000000000000000E+01
       946         1         1        11
   9.0000000000000000E+01   1.9999999999999996E+01   1.0000000000000000E+01
       947         1         1        11
   9.2499999999999986E+01   1.9999999999999996E+01   1.0000000000000000E+01
       948         1         1        11
   9.5000000000000000E+01   1.9999999999999996E+01   1.0000000000000000E+01
       949         1         1        11
   9.7500000000000014E+01   2.0000000000000000E+01   1.0000000000000000E+01
       950         1         1        11
   2.5000000000000000E+00   1.5000000000000000E+01   1.0000000000000000E+01
       951         1         1        11
   5.0000000000000000E+00   1.5000000000000000E+01   1.0000000000000000E+01
       952         1         1        11
   7.5000000000000009E+00   1.5000000000000000E+01   1.0000000000000000E+01
       953         1         1        11
   1.0000000000000000E+01   1.5000000000000000E+01   1.0000000000000000E+01
       954         1         1        11
   1.2500000000000000E+01   1.5000000000000000E+01   1.0000000000000000E+01
       955         1         1        11
   1.5000000000000002E+01   1.5000000000000000E+01   1.0000000000000000E+01
       956         1         1        11
   1.7500000000000000E+01   1.5000000000000000E+01   1.0000000000000000E+01
       957         1         1        11
   2.0000000000000000E+01   1.5000000000000000E+01   1.0000000000000000E+01
       958         1         1        11
   2.2500000000000000E+01   1.5000000000000000E+01   1.0000000000000000E+01
       959         1         1        11
   2.5000000000000000E+01   1.5000000000000000E+01   1.0000000000000000E+01
       960         1         1        11
   2.7500000000000000E+01   1.5000000000000000E+01   1.0000000000000000E+01
       961         1         1        11
   3.0000000000000004E+01   1.5000000000000000E+01   1.0000000000000000E+01
       962         1         1        11
   3.2500000000000000E+01   1.5000000000000000E+01   1.0000000000000000E+01
       963         1         1        11
   3.5000000000000000E+01   1.5000000000000000E+01   1.0000000000000000E+01
       964         1         1        11
   3.7500000000000000E+01   1.5000000000000000E+01   1.0000000000000000E+01
       965         1         1        11
   4.0000000000000000E+01   1.5000000000000000E+01   1.0000000000000000E+01
       966         1         1        11
   4.2500000000000000E+01   1.5000000000000000E+01   1.0000000000000000E+01
       967         1         1        11
   4.5000000000000000E+01   1.5000000000000000E+01   1.0000000000000000E+01
       968         1         1        11
   4.7500000000000007E+01   1.5000000000000000E+01   1.0000000000000000E+01
       969         1         1        11
   5.0000000000000000E+01   1.5000000000000000E+01   1.0000000000000000E+01
       970         1         1        11
   5.2499999999999993E+01   1.5000000000000000E+01   1.0000000000000000E+01
       971         1         1        11
   5.5000000000000000E+01   1.5000000000000000E+01   1.0000000000000000E+01
       972         1         1        11
   5.7500000000000000E+01   1.5000000000000000E+01   1.0000000000000000E+01
       973         1         1        11
   6.0000000000000007E+01   1.5000000000000000E+01   1.0000000000000000E+01
       974         1         1        11
   6.2500000000000000E+01   1.5000000000000000E+01   1.0000000000000000E+01
       975         1         1        11
   6.5000000000000000E+01   1.5000000000000000E+01   1.0000000000000000E+01
       976         1         1        11
   6.7500000000000000E+01   1.5000000000000000E+01   1.0000000000000000E+01
       977         1         1        11
   7.0000000000000000E+01   1.5000000000000000E+01   1.0000000000000000E+01
       978         1         1        11
   7.2500000000000000E+01   1.5000000000000000E+01   1.0000000000000000E+01
       979         1         1        11
   7.5000000000000000E+01   1.5000000000000000E+01   1.0000000000000000E+01
       980         1         1        11
   7.7500000000000000E+01   1.5000000000000000E+01   1.0000000000000000E+01
       981         1         1        11
   8.0000000000000000E+01   1.5000000000000000E+01   1.0000000000000000E+01
       982         1         1        11
   8.2500000000000000E+01   1.5000000000000000E+01   1.0000000000000000E+01
       983         1         1        11
   8.5000000000000000E+01   1.5000000000000000E+01   1.0000000000000000E+01
       984         1         1        11
   8.7500000000000000E+01   1.5000000000000000E+01   1.0000000000000000E+01
       985         1         1        11
   9.0000000000000000E+01   1.5000000000000000E+01   1.0000000000000000E+01
       986         1         1        11
   9.2499999999999986E+01   1.5000000000000000E+01   1.0000000000000000E+01
       987         1         1        11
   9.5000000000000014E+01   1.5000000000000000E+01   1.0000000000000000E+01
       988         1         1        11
   9.7500000000000000E+01   1.5000000000000000E+01   1.0000000000000000E+01
       989         1         1        11
   2.5000000000000009E+00   1.0000000000000004E+01   1.0000000000000000E+01
       990         1         1        11
   5.0000000000000018E+00   1.0000000000000002E+01   1.0000000000000000E+01
       991         1         1        11
   7.5000000000000000E+00   1.0000000000000002E+01   1.0000000000000000E+01
       992         1         1        11
   1.0000000000000004E+01   1.0000000000000002E+01   1.0000000000000000E+01
       993         1         1        11
   1.2500000000000000E+01   1.0000000000000002E+01   1.0000000000000000E+01
       994         1         1        11
   1.5000000000000000E+01   1.0000000000000002E+01   1.0000000000000000E+01
       995         1         1        11
   1.7500000000000000E+01   1.0000000000000004E+01   1.0000000000000000E+01
       996         1         1        11
   2.0000000000000007E+01   1.0000000000000002E+01   1.0000000000000000E+01
       997         1         1        11
   2.2500000000000000E+01   1.0000000000000002E+01   1.0000000000000000E+01
       998         1         1        11
   2.5000000000000000E+01   1.0000000000000002E+01   1.0000000000000000E+01
       999         1         1        11
   2.7500000000000000E+01   1.0000000000000002E+01   1.0000000000000000E+01
      1000         1         1        11
   3.0000000000000000E+01   1.0000000000000004E+01   1.0000000000000000E+01
      1001         1         1        11
   3.2500000000000000E+01   1.0000000000000002E+01   1.0000000000000000E+01
      1002         1         1        11
   3.5000000000000000E+01   1.0000000000000004E+01   1.0000000000000000E+01
      1003         1         1        11
   3.7500000000000000E+01   1.0000000000000004E+01   1.0000000000000000E+01
      1004         1         1        11
   4.0000000000000014E+01   1.0000000000000004E+01   1.0000000000000000E+01
      1005         1         1        11
   4.2500000000000000E+01   1.0000000000000004E+01   1.0000000000000000E+01
      1006         1         1        11
   4.5000000000000000E+01   1.0000000000000000E+01   1.0000000000000000E+01
      1007         1         1        11
   4.7500000000000021E+01   1.0000000000000002E+01   1.0000000000000000E+01
      1008         1         1        11
   5.0000000000000000E+01   1.0000000000000002E+01   1.0000000000000000E+01
      1009         1         1        11
   5.2499999999999993E+01   1.0000000000000002E+01   1.0000000000000000E+01
      1010         1         1        11
   5.5000000000000000E+01   1.0000000000000002E+01   1.0000000000000000E+01
      1011         1         1        11
   5.7499999999999993E+01   1.0000000000000002E+01   1.0000000000000000E+01
      1012         1         1        11
   6.0000000000000000E+01   1.0000000000000004E+01   1.0000000000000000E+01
      1013         1         1        11
   6.2500000000000000E+01   1.0000000000000004E+01   1.0000000000000000E+01
      1014         1         1        11
   6.5000000000000000E+01   1.0000000000000004E+01   1.0000000000000000E+01
      1015         1         1        11
   6.7499999999999986E+01   1.0000000000000002E+01   1.0000000000000000E+01
      1016         1         1        11
   7.0000000000000000E+01   1.0000000000000004E+01   1.0000000000000000E+01
      1017         1         1        11
   7.2500000000000028E+01   1.0000000000000002E+01   1.0000000000000000E+01
      1018         1         1        11
   7.5000000000000000E+01   1.0000000000000002E+01   1.0000000000000000E+01
      1019         1         1        11
   7.7500000000000000E+01   1.0000000000000002E+01   1.0000000000000000E+01
      1020         1         1        11
   8.0000000000000028E+01   1.0000000000000004E+01   1.0000000000000000E+01
      1021         1         1        11
   8.2500000000000000E+01   1.0000000000000004E+01   1.0000000000000000E+01
      1022         1         1        11
   8.5000000000000000E+01   1.0000000000000002E+01   1.0000000000000000E+01
      1023         1         1        11
   8.7500000000000028E+01   1.0000000000000002E+01   1.0000000000000000E+01
      1024         1         1        11
   9.0000000000000000E+01   1.0000000000000002E+01   1.0000000000000000E+01
      1025         1         1        11
   9.2500000000000000E+01   1.0000000000000002E+01   1.0000000000000000E+01
      1026         1         1        11
   9.5000000000000043E+01   1.0000000000000002E+01   1.0000000000000000E+01
      1027         1         1        11
   9.7500000000000000E+01   1.0000000000000004E+01   1.0000000000000000E+01
      1028         1         1        11
   2.4999999999999987E+00   5.0000000000000000E+00   1.0000000000000000E+01
      1029         1         1        11
   4.9999999999999973E+00   4.9999999999999991E+00   1.0000000000000000E+01
      1030         1         1        11
   7.5000000000000009E+00   5.0000000000000000E+00   1.0000000000000000E+01
      1031         1         1        11
   9.9999999999999947E+00   4.9999999999999991E+00   1.0000000000000000E+01
      1032         1         1        11
   1.2500000000000000E+01   5.0000000000000000E+00   1.0000000000000000E+01
      1033         1         1        11
   1.5000000000000002E+01   5.0000000000000000E+00   1.0000000000000000E+01
      1034         1         1        11
   1.7500000000000000E+01   5.0000000000000000E+00   1.0000000000000000E+01
      1035         1         1        11
   1.9999999999999989E+01   5.0000000000000000E+00   1.0000000000000000E+01
      1036         1         1        11
   2.2500000000000000E+01   4.9999999999999991E+00   1.0000000000000000E+01
      1037         1         1        11
   2.5000000000000000E+01   5.0000000000000000E+00   1.0000000000000000E+01
      1038         1         1        11
   2.7500000000000000E+01   4.9999999999999991E+00   1.0000000000000000E+01
      1039         1         1        11
   3.0000000000000004E+01   5.0000000000000000E+00   1.0000000000000000E+01
      1040         1         1        11
   3.2500000000000000E+01   4.9999999999999991E+00   1.0000000000000000E+01
      1041         1         1        11
   3.5000000000000000E+01   5.0000000000000000E+00   1.0000000000000000E+01
      1042         1         1        11
   3.7500000000000000E+01   5.0000000000000000E+00   1.0000000000000000E+01
      1043         1         1        11
   3.9999999999999979E+01   5.0000000000000000E+00   1.0000000000000000E+01
      1044         1         1        11
   4.2500000000000000E+01   5.0000000000000000E+00   1.0000000000000000E+01
      1045         1         1        11
   4.5000000000000000E+01   4.9999999999999991E+00   1.0000000000000000E+01
      1046         1         1        11
   4.7499999999999986E+01   5.0000000000000000E+00   1.0000000000000000E+01
      1047         1         1        11
   5.0000000000000000E+01   5.0000000000000000E+00   1.0000000000000000E+01
      1048         1         1        11
   5.2500000000000000E+01   5.0000000000000000E+00   1.0000000000000000E+01
      1049         1         1        11
   5.5000000000000000E+01   5.0000000000000000E+00   1.0000000000000000E+01
      1050         1         1        11
   5.7499999999999993E+01   5.0000000000000000E+00   1.0000000000000000E+01
      1051         1         1        11
   6.0000000000000007E+01   5.0000000000000000E+00   1.0000000000000000E+01
      1052         1         1        11
   6.2500000000000000E+01   5.0000000000000000E+00   1.0000000000000000E+01
      1053         1         1        11
   6.5000000000000000E+01   5.0000000000000000E+00   1.0000000000000000E+01
      1054         1         1        11
   6.7500000000000000E+01   5.0000000000000000E+00   1.0000000000000000E+01
      1055         1         1        11
   7.0000000000000000E+01   5.0000000000000000E+00   1.0000000000000000E+01
      1056         1         1        11
   7.2499999999999972E+01   4.9999999999999991E+00   1.0000000000000000E+01
      1057         1         1        11
   7.5000000000000000E+01   5.0000000000000000E+00   1.0000000000000000E+01
      1058         1         1        11
   7.7499999999999986E+01   4.9999999999999991E+00   1.0000000000000000E+01
      1059         1         1        11
   7.9999999999999957E+01   5.0000000000000000E+00   1.0000000000000000E+01
      1060         1         1        11
   8.2500000000000000E+01   4.9999999999999991E+00   1.0000000000000000E+01
      1061         1         1        11
   8.5000000000000000E+01   5.0000000000000000E+00   1.0000000000000000E+01
      1062         1         1        11
   8.7499999999999972E+01   5.0000000000000000E+00   1.0000000000000000E+01
      1063         1         1        11
   9.0000000000000000E+01   4.9999999999999991E+00   1.0000000000000000E+01
      1064         1         1        11
   9.2499999999999986E+01   5.0000000000000000E+00   1.0000000000000000E+01
      1065         1         1        11
   9.4999999999999972E+01   4.9999999999999991E+00   1.0000000000000000E+01
      1066         1         1        11
   9.7500000000000000E+01   5.0000000000000000E+00   1.0000000000000000E+01
    -1
    -1
  2412
         1        11         2         1         7         2
         0         1         1
         2         1
         2        11         2         1         7         2
         0         1         1
         1         9
         3        11         2         1         7         2
         0         1         1
         9        10
         4        11         2         1         7         2
         0         1         1
        10        11
         5        11         2         1         7         2
         0         1         1
        11        12
         6        11         2         1         7         2
         0         1         1
        12        13
         7        11         2         1         7         2
         0         1         1
        13        14
         8        11         2         1         7         2
         0         1         1
        14        15
         9        11         2         1         7         2
         0         1         1
        15        16
        10        11         2         1         7         2
         0         1         1
        16        17
        11        11         2         1         7         2
         0         1         1
        17        18
        12        11         2         1         7         2
         0         1         1
        18        19
        13        11         2         1         7         2
         0         1         1
        19         3
        14        11         2         1         7         2
         0         1         1
         4         3
        15        11         2         1         7         2
         0         1         1
         2        20
        16        11         2         1         7         2
         0         1         1
        20        21
        17        11         2         1         7         2
         0         1         1
        21        22
        18        11         2         1         7         2
         0         1         1
        22        23
        19        11         2         1         7         2
         0         1         1
        23        24
        20        11         2         1         7         2
         0         1         1
        24        25
        21        11         2         1         7         2
         0         1         1
        25        26
        22        11         2         1         7         2
         0         1         1
        26        27
        23        11         2         1         7         2
         0         1         1
        27        28
        24        11         2         1         7         2
         0         1         1
        28        29
        25        11         2         1         7         2
         0         1         1
        29        30
        26        11         2         1         7         2
         0         1         1
        30         4
        27        11         2         1         7         2
         0         1         1
         6         5
        28        11         2         1         7         2
         0         1         1
         5        31
        29        11         2         1         7         2
         0         1         1
        31        32
        30        11         2         1         7         2
         0         1         1
        32        33
        31        11         2         1         7         2
         0         1         1
        33        34
        32        11         2         1         7         2
         0         1         1
        34        35
        33        11         2         1         7         2
         0         1         1
        35        36
        34        11         2         1         7         2
         0         1         1
        36        37
        35        11         2         1         7         2
         0         1         1
        37        38
        36        11         2         1         7         2
         0         1         1
        38        39
        37        11         2         1         7         2
         0         1         1
        39        40
        38        11         2         1         7         2
         0         1         1
        40        41
        39        11         2         1         7         2
         0         1         1
        41         7
        40        11         2         1         7         2
         0         1         1
         8         7
        41        11         2         1         7         2
         0         1         1
         6        42
        42        11         2         1         7         2
         0         1         1
        42        43
        43        11         2         1         7         2
         0         1         1
        43        44
        44        11         2         1         7         2
         0         1         1
        44        45
        45        11         2         1         7         2
         0         1         1
        45        46
        46        11         2         1         7         2
         0         1         1
        46        47
        47        11         2         1         7         2
         0         1         1
        47        48
        48        11         2         1         7         2
         0         1         1
        48        49
        49        11         2         1         7         2
         0         1         1
        49        50
        50        11         2         1         7         2
         0         1         1
        50        51
        51        11         2         1         7         2
         0         1         1
        51        52
        52        11         2         1         7         2
         0         1         1
        52         8
        53        11         2         1         7         2
         0         1         1
         2        53
        54        11         2         1         7         2
         0         1         1
        53        54
        55        11         2         1         7         2
         0         1         1
        54        55
        56        11         2         1         7         2
         0         1         1
        55        56
        57        11         2         1         7         2
         0         1         1
        56        57
        58        11         2         1         7         2
         0         1         1
        57        58
        59        11         2         1         7         2
         0         1         1
        58        59
        60        11         2         1         7         2
         0         1         1
        59        60
        61        11         2         1         7         2
         0         1         1
        60        61
        62        11         2         1         7         2
         0         1         1
        61        62
        63        11         2         1         7         2
         0         1         1
        62        63
        64        11         2         1         7         2
         0         1         1
        63        64
        65        11         2         1         7         2
         0         1         1
        64        65
        66        11         2         1         7         2
         0         1         1
        65        66
        67        11         2         1         7         2
         0         1         1
        66        67
        68        11         2         1         7         2
         0         1         1
        67        68
        69        11         2         1         7         2
         0         1         1
        68        69
        70        11         2         1         7         2
         0         1         1
        69        70
        71        11         2         1         7         2
         0         1         1
        70        71
        72        11         2         1         7         2
         0         1         1
        71        72
        73        11         2         1         7         2
         0         1         1
        72        73
        74        11         2         1         7         2
         0         1         1
        73        74
        75        11         2         1         7         2
         0         1         1
        74        75
        76        11         2         1         7         2
         0         1         1
        75        76
        77        11         2         1         7         2
         0         1         1
        76        77
        78        11         2         1         7         2
         0         1         1
        77        78
        79        11         2         1         7         2
         0         1         1
        78        79
        80        11         2         1         7         2
         0         1         1
        79        80
        81        11         2         1         7         2
         0         1         1
        80        81
        82        11         2         1         7         2
         0         1         1
        81        82
        83        11         2         1         7         2
         0         1         1
        82        83
        84        11         2         1         7         2
         0         1         1
        83        84
        85        11         2         1         7         2
         0         1         1
        84        85
        86        11         2         1         7         2
         0         1         1
        85        86
        87        11         2         1         7         2
         0         1         1
        86        87
        88        11         2         1         7         2
         0         1         1
        87        88
        89        11         2         1         7         2
         0         1         1
        88        89
        90        11         2         1         7         2
         0         1         1
        89        90
        91        11         2         1         7         2
         0         1         1
        90        91
        92        11         2         1         7         2
         0         1         1
        91         6
        93        11         2         1         7         2
         0         1         1
         1        92
        94        11         2         1         7         2
         0         1         1
        92        93
        95        11         2         1         7         2
         0         1         1
        93        94
        96        11         2         1         7         2
         0         1         1
        94        95
        97        11         2         1         7         2
         0         1         1
        95        96
        98        11         2         1         7         2
         0         1         1
        96        97
        99        11         2         1         7         2
         0         1         1
        97        98
       100        11         2         1         7         2
         0         1         1
        98        99
       101        11         2         1         7         2
         0         1         1
        99       100
       102        11         2         1         7         2
         0         1         1
       100       101
       103        11         2         1         7         2
         0         1         1
       101       102
       104        11         2         1         7         2
         0         1         1
       102       103
       105        11         2         1         7         2
         0         1         1
       103       104
       106        11         2         1         7         2
         0         1         1
       104       105
       107        11         2         1         7         2
         0         1         1
       105       106
       108        11         2         1         7         2
         0         1         1
       106       107
       109        11         2         1         7         2
         0         1         1
       107       108
       110        11         2         1         7         2
         0         1         1
       108       109
       111        11         2         1         7         2
         0         1         1
       109       110
       112        11         2         1         7         2
         0         1         1
       110       111
       113        11         2         1         7         2
         0         1         1
       111       112
       114        11         2         1         7         2
         0         1         1
       112       113
       115        11         2         1         7         2
         0         1         1
       113       114
       116        11         2         1         7         2
         0         1         1
       114       115
       117        11         2         1         7         2
         0         1         1
       115       116
       118        11         2         1         7         2
         0         1         1
       116       117
       119        11         2         1         7         2
         0         1         1
       117       118
       120        11         2         1         7         2
         0         1         1
       118       119
       121        11         2         1         7         2
         0         1         1
       119       120
       122        11         2         1         7         2
         0         1         1
       120       121
       123        11         2         1         7         2
         0         1         1
       121       122
       124        11         2         1         7         2
         0         1         1
       122       123
       125        11         2         1         7         2
         0         1         1
       123       124
       126        11         2         1         7         2
         0         1         1
       124       125
       127        11         2         1         7         2
         0         1         1
       125       126
       128        11         2         1         7         2
         0         1         1
       126       127
       129        11         2         1         7         2
         0         1         1
       127       128
       130        11         2         1         7         2
         0         1         1
       128       129
       131        11         2         1         7         2
         0         1         1
       129       130
       132        11         2         1         7         2
         0         1         1
       130         5
       133        11         2         1         7         2
         0         1         1
         4       131
       134        11         2         1         7         2
         0         1         1
       131       132
       135        11         2         1         7         2
         0         1         1
       132       133
       136        11         2         1         7         2
         0         1         1
       133       134
       137        11         2         1         7         2
         0         1         1
       134       135
       138        11         2         1         7         2
         0         1         1
       135       136
       139        11         2         1         7         2
         0         1         1
       136       137
       140        11         2         1         7         2
         0         1         1
       137       138
       141        11         2         1         7         2
         0         1         1
       138       139
       142        11         2         1         7         2
         0         1         1
       139       140
       143        11         2         1         7         2
         0         1         1
       140       141
       144        11         2         1         7         2
         0         1         1
       141       142
       145        11         2         1         7         2
         0         1         1
       142       143
       146        11         2         1         7         2
         0         1         1
       143       144
       147        11         2         1         7         2
         0         1         1
       144       145
       148        11         2         1         7         2
         0         1         1
       145       146
       149        11         2         1         7         2
         0         1         1
       146       147
       150        11         2         1         7         2
         0         1         1
       147       148
       151        11         2         1         7         2
         0         1         1
       148       149
       152        11         2         1         7         2
         0         1         1
       149       150
       153        11         2         1         7         2
         0         1         1
       150       151
       154        11         2         1         7         2
         0         1         1
       151       152
       155        11         2         1         7         2
         0         1         1
       152       153
       156        11         2         1         7         2
         0         1         1
       153       154
       157        11         2         1         7         2
         0         1         1
       154       155
       158        11         2         1         7         2
         0         1         1
       155       156
       159        11         2         1         7         2
         0         1         1
       156       157
       160        11         2         1         7         2
         0         1         1
       157       158
       161        11         2         1         7         2
         0         1         1
       158       159
       162        11         2         1         7         2
         0         1         1
       159       160
       163        11         2         1         7         2
         0         1         1
       160       161
       164        11         2         1         7         2
         0         1         1
       161       162
       165        11         2         1         7         2
         0         1         1
       162       163
       166        11         2         1         7         2
         0         1         1
       163       164
       167        11         2         1         7         2
         0         1         1
       164       165
       168        11         2         1         7         2
         0         1         1
       165       166
       169        11         2         1         7         2
         0         1         1
       166       167
       170        11         2         1         7         2
         0         1         1
       167       168
       171        11         2         1         7         2
         0         1         1
       168       169
       172        11         2         1         7         2
         0         1         1
       169         8
       173        11         2         1         7         2
         0         1         1
         3       170
       174        11         2         1         7         2
         0         1         1
       170       171
       175        11         2         1         7         2
         0         1         1
       171       172
       176        11         2         1         7         2
         0         1         1
       172       173
       177        11         2         1         7         2
         0         1         1
       173       174
       178        11         2         1         7         2
         0         1         1
       174       175
       179        11         2         1         7         2
         0         1         1
       175       176
       180        11         2         1         7         2
         0         1         1
       176       177
       181        11         2         1         7         2
         0         1         1
       177       178
       182        11         2         1         7         2
         0         1         1
       178       179
       183        11         2         1         7         2
         0         1         1
       179       180
       184        11         2         1         7         2
         0         1         1
       180       181
       185        11         2         1         7         2
         0         1         1
       181       182
       186        11         2         1         7         2
         0         1         1
       182       183
       187        11         2         1         7         2
         0         1         1
       183       184
       188        11         2         1         7         2
         0         1         1
       184       185
       189        11         2         1         7         2
         0         1         1
       185       186
       190        11         2         1         7         2
         0         1         1
       186       187
       191        11         2         1         7         2
         0         1         1
       187       188
       192        11         2         1         7         2
         0         1         1
       188       189
       193        11         2         1         7         2
         0         1         1
       189       190
       194        11         2         1         7         2
         0         1         1
       190       191
       195        11         2         1         7         2
         0         1         1
       191       192
       196        11         2         1         7         2
         0         1         1
       192       193
       197        11         2         1         7         2
         0         1         1
       193       194
       198        11         2         1         7         2
         0         1         1
       194       195
       199        11         2         1         7         2
         0         1         1
       195       196
       200        11         2         1         7         2
         0         1         1
       196       197
       201        11         2         1         7         2
         0         1         1
       197       198
       202        11         2         1         7         2
         0         1         1
       198       199
       203        11         2         1         7         2
         0         1         1
       199       200
       204        11         2         1         7         2
         0         1         1
       200       201
       205        11         2         1         7         2
         0         1         1
       201       202
       206        11         2         1         7         2
         0         1         1
       202       203
       207        11         2         1         7         2
         0         1         1
       203       204
       208        11         2         1         7         2
         0         1         1
       204       205
       209        11         2         1         7         2
         0         1         1
       205       206
       210        11         2         1         7         2
         0         1         1
       206       207
       211        11         2         1         7         2
         0         1         1
       207       208
       212        11         2         1         7         2
         0         1         1
       208         7
       213        44         2         1         7         4
         2         1         9        20
       214        44         2         1         7         4
        20         9        10        21
       215        44         2         1         7         4
        21        10        11        22
       216        44         2         1         7         4
        22        11        12        23
       217        44         2         1         7         4
        23        12        13        24
       218        44         2         1         7         4
        24        13        14        25
       219        44         2         1         7         4
        25        14        15        26
       220        44         2         1         7         4
        26        15        16        27
       221        44         2         1         7         4
        27        16        17        28
       222        44         2         1         7         4
        28        17        18        29
       223        44         2         1         7         4
        29        18        19        30
       224        44         2         1         7         4
        30        19         3         4
       225        44         2         1         7         4
         5         6        42        31
       226        44         2         1         7         4
        31        42        43        32
       227        44         2         1         7         4
        32        43        44        33
       228        44         2         1         7         4
        33        44        45        34
       229        44         2         1         7         4
        34        45        46        35
       230        44         2         1         7         4
        35        46        47        36
       231        44         2         1         7         4
        36        47        48        37
       232        44         2         1         7         4
        37        48        49        38
       233        44         2         1         7         4
        38        49        50        39
       234        44         2         1         7         4
        39        50        51        40
       235        44         2         1         7         4
        40        51        52        41
       236        44         2         1         7         4
        41        52         8         7
       237        44         2         1         7         4
         2        53        92         1
       238        44         2         1         7         4
        53        54        93        92
       239        44         2         1         7         4
        54        55        94        93
       240        44         2         1         7         4
        55        56        95        94
       241        44         2         1         7         4
        56        57        96        95
       242        44         2         1         7         4
        57        58        97        96
       243        44         2         1         7         4
        58        59        98        97
       244        44         2         1         7         4
        59        60        99        98
       245        44         2         1         7         4
        60        61       100        99
       246        44         2         1         7         4
        61        62       101       100
       247        44         2         1         7         4
        62        63       102       101
       248        44         2         1         7         4
        63        64       103       102
       249        44         2         1         7         4
        64        65       104       103
       250        44         2         1         7         4
        65        66       105       104
       251        44         2         1         7         4
        66        67       106       105
       252        44         2         1         7         4
        67        68       107       106
       253        44         2         1         7         4
        68        69       108       107
       254        44         2         1         7         4
        69        70       109       108
       255        44         2         1         7         4
        70        71       110       109
       256        44         2         1         7         4
        71        72       111       110
       257        44         2         1         7         4
        72        73       112       111
       258        44         2         1         7         4
        73        74       113       112
       259        44         2         1         7         4
        74        75       114       113
       260        44         2         1         7         4
        75        76       115       114
       261        44         2         1         7         4
        76        77       116       115
       262        44         2         1         7         4
        77        78       117       116
       263        44         2         1         7         4
        78        79       118       117
       264        44         2         1         7         4
        79        80       119       118
       265        44         2         1         7         4
        80        81       120       119
       266        44         2         1         7         4
        81        82       121       120
       267        44         2         1         7         4
        82        83       122       121
       268        44         2         1         7         4
        83        84       123       122
       269        44         2         1         7         4
        84        85       124       123
       270        44         2         1         7         4
        85        86       125       124
       271        44         2         1         7         4
        86        87       126       125
       272        44         2         1         7         4
        87        88       127       126
       273        44         2         1         7         4
        88        89       128       127
       274        44         2         1         7         4
        89        90       129       128
       275        44         2         1         7         4
        90        91       130       129
       276        44         2         1         7         4
        91         6         5       130
       277        44         2         1         7         4
         8       169       208         7
       278        44         2         1         7         4
       169       168       207       208
       279        44         2         1         7         4
       168       167       206       207
       280        44         2         1         7         4
       167       166       205       206
       281        44         2         1         7         4
       166       165       204       205
       282        44         2         1         7         4
       165       164       203       204
       283        44         2         1         7         4
       164       163       202       203
       284        44         2         1         7         4
       163       162       201       202
       285        44         2         1         7         4
       162       161       200       201
       286        44         2         1         7         4
       161       160       199       200
       287        44         2         1         7         4
       160       159       198       199
       288        44         2         1         7         4
       159       158       197       198
       289        44         2         1         7         4
       158       157       196       197
       290        44         2         1         7         4
       157       156       195       196
       291        44         2         1         7         4
       156       155       194       195
       292        44         2         1         7         4
       155       154       193       194
       293        44         2         1         7         4
       154       153       192       193
       294        44         2         1         7         4
       153       152       191       192
       295        44         2         1         7         4
       152       151       190       191
       296        44         2         1         7         4
       151       150       189       190
       297        44         2         1         7         4
       150       149       188       189
       298        44         2         1         7         4
       149       148       187       188
       299        44         2         1         7         4
       148       147       186       187
       300        44         2         1         7         4
       147       146       185       186
       301        44         2         1         7         4
       146       145       184       185
       302        44         2         1         7         4
       145       144       183       184
       303        44         2         1         7         4
       144       143       182       183
       304        44         2         1         7         4
       143       142       181       182
       305        44         2         1         7         4
       142       141       180       181
       306        44         2         1         7         4
       141       140       179       180
       307        44         2         1         7         4
       140       139       178       179
       308        44         2         1         7         4
       139       138       177       178
       309        44         2         1         7         4
       138       137       176       177
       310        44         2         1         7         4
       137       136       175       176
       311        44         2         1         7         4
       136       135       174       175
       312        44         2         1         7         4
       135       134       173       174
       313        44         2         1         7         4
       134       133       172       173
       314        44         2         1         7         4
       133       132       171       172
       315        44         2         1         7         4
       132       131       170       171
       316        44         2         1         7         4
       131         4         3       170
       317        44         2         1         7         4
         2        20       209        53
       318        44         2         1         7         4
        53       209       210        54
       319        44         2         1         7         4
        54       210       211        55
       320        44         2         1         7         4
        55       211       212        56
       321        44         2         1         7         4
        56       212       213        57
       322        44         2         1         7         4
        57       213       214        58
       323        44         2         1         7         4
        58       214       215        59
       324        44         2         1         7         4
        59       215       216        60
       325        44         2         1         7         4
        60       216       217        61
       326        44         2         1         7         4
        61       217       218        62
       327        44         2         1         7         4
        62       218       219        63
       328        44         2         1         7         4
        63       219       220        64
       329        44         2         1         7         4
        64       220       221        65
       330        44         2         1         7         4
        65       221       222        66
       331        44         2         1         7         4
        66       222       223        67
       332        44         2         1         7         4
        67       223       224        68
       333        44         2         1         7         4
        68       224       225        69
       334        44         2         1         7         4
        69       225       226        70
       335        44         2         1         7         4
        70       226       227        71
       336        44         2         1         7         4
        71       227       228        72
       337        44         2         1         7         4
        72       228       229        73
       338        44         2         1         7         4
        73       229       230        74
       339        44         2         1         7         4
        74       230       231        75
       340        44         2         1         7         4
        75       231       232        76
       341        44         2         1         7         4
        76       232       233        77
       342        44         2         1         7         4
        77       233       234        78
       343        44         2         1         7         4
        78       234       235        79
       344        44         2         1         7         4
        79       235       236        80
       345        44         2         1         7         4
        80       236       237        81
       346        44         2         1         7         4
        81       237       238        82
       347        44         2         1         7         4
        82       238       239        83
       348        44         2         1         7         4
        83       239       240        84
       349        44         2         1         7         4
        84       240       241        85
       350        44         2         1         7         4
        85       241       242        86
       351        44         2         1         7         4
        86       242       243        87
       352        44         2         1         7         4
        87       243       244        88
       353        44         2         1         7         4
        88       244       245        89
       354        44         2         1         7         4
        89       245       246        90
       355        44         2         1         7         4
        90       246       247        91
       356        44         2         1         7         4
        91       247        42         6
       357        44         2         1         7         4
        20        21       248       209
       358        44         2         1         7         4
       209       248       249       210
       359        44         2         1         7         4
       210       249       250       211
       360        44         2         1         7         4
       211       250       251       212
       361        44         2         1         7         4
       212       251       252       213
       362        44         2         1         7         4
       213       252       253       214
       363        44         2         1         7         4
       214       253       254       215
       364        44         2         1         7         4
       215       254       255       216
       365        44         2         1         7         4
       216       255       256       217
       366        44         2         1         7         4
       217       256       257       218
       367        44         2         1         7         4
       218       257       258       219
       368        44         2         1         7         4
       219       258       259       220
       369        44         2         1         7         4
       220       259       260       221
       370        44         2         1         7         4
       221       260       261       222
       371        44         2         1         7         4
       222       261       262       223
       372        44         2         1         7         4
       223       262       263       224
       373        44         2         1         7         4
       224       263       264       225
       374        44         2         1         7         4
       225       264       265       226
       375        44         2         1         7         4
       226       265       266       227
       376        44         2         1         7         4
       227       266       267       228
       377        44         2         1         7         4
       228       267       268       229
       378        44         2         1         7         4
       229       268       269       230
       379        44         2         1         7         4
       230       269       270       231
       380        44         2         1         7         4
       231       270       271       232
       381        44         2         1         7         4
       232       271       272       233
       382        44         2         1         7         4
       233       272       273       234
       383        44         2         1         7         4
       234       273       274       235
       384        44         2         1         7         4
       235       274       275       236
       385        44         2         1         7         4
       236       275       276       237
       386        44         2         1         7         4
       237       276       277       238
       387        44         2         1         7         4
       238       277       278       239
       388        44         2         1         7         4
       239       278       279       240
       389        44         2         1         7         4
       240       279       280       241
       390        44         2         1         7         4
       241       280       281       242
       391        44         2         1         7         4
       242       281       282       243
       392        44         2         1         7         4
       243       282       283       244
       393        44         2         1         7         4
       244       283       284       245
       394        44         2         1         7         4
       245       284       285       246
       395        44         2         1         7         4
       246       285       286       247
       396        44         2         1         7         4
       247       286        43        42
       397        44         2         1         7         4
        21        22       287       248
       398        44         2         1         7         4
       248       287       288       249
       399        44         2         1         7         4
       249       288       289       250
       400        44         2         1         7         4
       250       289       290       251
       401        44         2         1         7         4
       251       290       291       252
       402        44         2         1         7         4
       252       291       292       253
       403        44         2         1         7         4
       253       292       293       254
       404        44         2         1         7         4
       254       293       294       255
       405        44         2         1         7         4
       255       294       295       256
       406        44         2         1         7         4
       256       295       296       257
       407        44         2         1         7         4
       257       296       297       258
       408        44         2         1         7         4
       258       297       298       259
       409        44         2         1         7         4
       259       298       299       260
       410        44         2         1         7         4
       260       299       300       261
       411        44         2         1         7         4
       261       300       301       262
       412        44         2         1         7         4
       262       301       302       263
       413        44         2         1         7         4
       263       302       303       264
       414        44         2         1         7         4
       264       303       304       265
       415        44         2         1         7         4
       265       304       305       266
       416        44         2         1         7         4
       266       305       306       267
       417        44         2         1         7         4
       267       306       307       268
       418        44         2         1         7         4
       268       307       308       269
       419        44         2         1         7         4
       269       308       309       270
       420        44         2         1         7         4
       270       309       310       271
       421        44         2         1         7         4
       271       310       311       272
       422        44         2         1         7         4
       272       311       312       273
       423        44         2         1         7         4
       273       312       313       274
       424        44         2         1         7         4
       274       313       314       275
       425        44         2         1         7         4
       275       314       315       276
       426        44         2         1         7         4
       276       315       316       277
       427        44         2         1         7         4
       277       316       317       278
       428        44         2         1         7         4
       278       317       318       279
       429        44         2         1         7         4
       279       318       319       280
       430        44         2         1         7         4
       280       319       320       281
       431        44         2         1         7         4
       281       320       321       282
       432        44         2         1         7         4
       282       321       322       283
       433        44         2         1         7         4
       283       322       323       284
       434        44         2         1         7         4
       284       323       324       285
       435        44         2         1         7         4
       285       324       325       286
       436        44         2         1         7         4
       286       325        44        43
       437        44         2         1         7         4
        22        23       326       287
       438        44         2         1         7         4
       287       326       327       288
       439        44         2         1         7         4
       288       327       328       289
       440        44         2         1         7         4
       289       328       329       290
       441        44         2         1         7         4
       290       329       330       291
       442        44         2         1         7         4
       291       330       331       292
       443        44         2         1         7         4
       292       331       332       293
       444        44         2         1         7         4
       293       332       333       294
       445        44         2         1         7         4
       294       333       334       295
       446        44         2         1         7         4
       295       334       335       296
       447        44         2         1         7         4
       296       335       336       297
       448        44         2         1         7         4
       297       336       337       298
       449        44         2         1         7         4
       298       337       338       299
       450        44         2         1         7         4
       299       338       339       300
       451        44         2         1         7         4
       300       339       340       301
       452        44         2         1         7         4
       301       340       341       302
       453        44         2         1         7         4
       302       341       342       303
       454        44         2         1         7         4
       303       342       343       304
       455        44         2         1         7         4
       304       343       344       305
       456        44         2         1         7         4
       305       344       345       306
       457        44         2         1         7         4
       306       345       346       307
       458        44         2         1         7         4
       307       346       347       308
       459        44         2         1         7         4
       308       347       348       309
       460        44         2         1         7         4
       309       348       349       310
       461        44         2         1         7         4
       310       349       350       311
       462        44         2         1         7         4
       311       350       351       312
       463        44         2         1         7         4
       312       351       352       313
       464        44         2         1         7         4
       313       352       353       314
       465        44         2         1         7         4
       314       353       354       315
       466        44         2         1         7         4
       315       354       355       316
       467        44         2         1         7         4
       316       355       356       317
       468        44         2         1         7         4
       317       356       357       318
       469        44         2         1         7         4
       318       357       358       319
       470        44         2         1         7         4
       319       358       359       320
       471        44         2         1         7         4
       320       359       360       321
       472        44         2         1         7         4
       321       360       361       322
       473        44         2         1         7         4
       322       361       362       323
       474        44         2         1         7         4
       323       362       363       324
       475        44         2         1         7         4
       324       363       364       325
       476        44         2         1         7         4
       325       364        45        44
       477        44         2         1         7         4
        23        24       365       326
       478        44         2         1         7         4
       326       365       366       327
       479        44         2         1         7         4
       327       366       367       328
       480        44         2         1         7         4
       328       367       368       329
       481        44         2         1         7         4
       329       368       369       330
       482        44         2         1         7         4
       330       369       370       331
       483        44         2         1         7         4
       331       370       371       332
       484        44         2         1         7         4
       332       371       372       333
       485        44         2         1         7         4
       333       372       373       334
       486        44         2         1         7         4
       334       373       374       335
       487        44         2         1         7         4
       335       374       375       336
       488        44         2         1         7         4
       336       375       376       337
       489        44         2         1         7         4
       337       376       377       338
       490        44         2         1         7         4
       338       377       378       339
       491        44         2         1         7         4
       339       378       379       340
       492        44         2         1         7         4
       340       379       380       341
       493        44         2         1         7         4
       341       380       381       342
       494        44         2         1         7         4
       342       381       382       343
       495        44         2         1         7         4
       343       382       383       344
       496        44         2         1         7         4
       344       383       384       345
       497        44         2         1         7         4
       345       384       385       346
       498        44         2         1         7         4
       346       385       386       347
       499        44         2         1         7         4
       347       386       387       348
       500        44         2         1         7         4
       348       387       388       349
       501        44         2         1         7         4
       349       388       389       350
       502        44         2         1         7         4
       350       389       390       351
       503        44         2         1         7         4
       351       390       391       352
       504        44         2         1         7         4
       352       391       392       353
       505        44         2         1         7         4
       353       392       393       354
       506        44         2         1         7         4
       354       393       394       355
       507        44         2         1         7         4
       355       394       395       356
       508        44         2         1         7         4
       356       395       396       357
       509        44         2         1         7         4
       357       396       397       358
       510        44         2         1         7         4
       358       397       398       359
       511        44         2         1         7         4
       359       398       399       360
       512        44         2         1         7         4
       360       399       400       361
       513        44         2         1         7         4
       361       400       401       362
       514        44         2         1         7         4
       362       401       402       363
       515        44         2         1         7         4
       363       402       403       364
       516        44         2         1         7         4
       364       403        46        45
       517        44         2         1         7         4
        24        25       404       365
       518        44         2         1         7         4
       365       404       405       366
       519        44         2         1         7         4
       366       405       406       367
       520        44         2         1         7         4
       367       406       407       368
       521        44         2         1         7         4
       368       407       408       369
       522        44         2         1         7         4
       369       408       409       370
       523        44         2         1         7         4
       370       409       410       371
       524        44         2         1         7         4
       371       410       411       372
       525        44         2         1         7         4
       372       411       412       373
       526        44         2         1         7         4
       373       412       413       374
       527        44         2         1         7         4
       374       413       414       375
       528        44         2         1         7         4
       375       414       415       376
       529        44         2         1         7         4
       376       415       416       377
       530        44         2         1         7         4
       377       416       417       378
       531        44         2         1         7         4
       378       417       418       379
       532        44         2         1         7         4
       379       418       419       380
       533        44         2         1         7         4
       380       419       420       381
       534        44         2         1         7         4
       381       420       421       382
       535        44         2         1         7         4
       382       421       422       383
       536        44         2         1         7         4
       383       422       423       384
       537        44         2         1         7         4
       384       423       424       385
       538        44         2         1         7         4
       385       424       425       386
       539        44         2         1         7         4
       386       425       426       387
       540        44         2         1         7         4
       387       426       427       388
       541        44         2         1         7         4
       388       427       428       389
       542        44         2         1         7         4
       389       428       429       390
       543        44         2         1         7         4
       390       429       430       391
       544        44         2         1         7         4
       391       430       431       392
       545        44         2         1         7         4
       392       431       432       393
       546        44         2         1         7         4
       393       432       433       394
       547        44         2         1         7         4
       394       433       434       395
       548        44         2         1         7         4
       395       434       435       396
       549        44         2         1         7         4
       396       435       436       397
       550        44         2         1         7         4
       397       436       437       398
       551        44         2         1         7         4
       398       437       438       399
       552        44         2         1         7         4
       399       438       439       400
       553        44         2         1         7         4
       400       439       440       401
       554        44         2         1         7         4
       401       440       441       402
       555        44         2         1         7         4
       402       441       442       403
       556        44         2         1         7         4
       403       442        47        46
       557        44         2         1         7         4
        25        26       443       404
       558        44         2         1         7         4
       404       443       444       405
       559        44         2         1         7         4
       405       444       445       406
       560        44         2         1         7         4
       406       445       446       407
       561        44         2         1         7         4
       407       446       447       408
       562        44         2         1         7         4
       408       447       448       409
       563        44         2         1         7         4
       409       448       449       410
       564        44         2         1         7         4
       410       449       450       411
       565        44         2         1         7         4
       411       450       451       412
       566        44         2         1         7         4
       412       451       452       413
       567        44         2         1         7         4
       413       452       453       414
       568        44         2         1         7         4
       414       453       454       415
       569        44         2         1         7         4
       415       454       455       416
       570        44         2         1         7         4
       416       455       456       417
       571        44         2         1         7         4
       417       456       457       418
       572        44         2         1         7         4
       418       457       458       419
       573        44         2         1         7         4
       419       458       459       420
       574        44         2         1         7         4
       420       459       460       421
       575        44         2         1         7         4
       421       460       461       422
       576        44         2         1         7         4
       422       461       462       423
       577        44         2         1         7         4
       423       462       463       424
       578        44         2         1         7         4
       424       463       464       425
       579        44         2         1         7         4
       425       464       465       426
       580        44         2         1         7         4
       426       465       466       427
       581        44         2         1         7         4
       427       466       467       428
       582        44         2         1         7         4
       428       467       468       429
       583        44         2         1         7         4
       429       468       469       430
       584        44         2         1         7         4
       430       469       470       431
       585        44         2         1         7         4
       431       470       471       432
       586        44         2         1         7         4
       432       471       472       433
       587        44         2         1         7         4
       433       472       473       434
       588        44         2         1         7         4
       434       473       474       435
       589        44         2         1         7         4
       435       474       475       436
       590        44         2         1         7         4
       436       475       476       437
       591        44         2         1         7         4
       437       476       477       438
       592        44         2         1         7         4
       438       477       478       439
       593        44         2         1         7         4
       439       478       479       440
       594        44         2         1         7         4
       440       479       480       441
       595        44         2         1         7         4
       441       480       481       442
       596        44         2         1         7         4
       442       481        48        47
       597        44         2         1         7         4
        26        27       482       443
       598        44         2         1         7         4
       443       482       483       444
       599        44         2         1         7         4
       444       483       484       445
       600        44         2         1         7         4
       445       484       485       446
       601        44         2         1         7         4
       446       485       486       447
       602        44         2         1         7         4
       447       486       487       448
       603        44         2         1         7         4
       448       487       488       449
       604        44         2         1         7         4
       449       488       489       450
       605        44         2         1         7         4
       450       489       490       451
       606        44         2         1         7         4
       451       490       491       452
       607        44         2         1         7         4
       452       491       492       453
       608        44         2         1         7         4
       453       492       493       454
       609        44         2         1         7         4
       454       493       494       455
       610        44         2         1         7         4
       455       494       495       456
       611        44         2         1         7         4
       456       495       496       457
       612        44         2         1         7         4
       457       496       497       458
       613        44         2         1         7         4
       458       497       498       459
       614        44         2         1         7         4
       459       498       499       460
       615        44         2         1         7         4
       460       499       500       461
       616        44         2         1         7         4
       461       500       501       462
       617        44         2         1         7         4
       462       501       502       463
       618        44         2         1         7         4
       463       502       503       464
       619        44         2         1         7         4
       464       503       504       465
       620        44         2         1         7         4
       465       504       505       466
       621        44         2         1         7         4
       466       505       506       467
       622        44         2         1         7         4
       467       506       507       468
       623        44         2         1         7         4
       468       507       508       469
       624        44         2         1         7         4
       469       508       509       470
       625        44         2         1         7         4
       470       509       510       471
       626        44         2         1         7         4
       471       510       511       472
       627        44         2         1         7         4
       472       511       512       473
       628        44         2         1         7         4
       473       512       513       474
       629        44         2         1         7         4
       474       513       514       475
       630        44         2         1         7         4
       475       514       515       476
       631        44         2         1         7         4
       476       515       516       477
       632        44         2         1         7         4
       477       516       517       478
       633        44         2         1         7         4
       478       517       518       479
       634        44         2         1         7         4
       479       518       519       480
       635        44         2         1         7         4
       480       519       520       481
       636        44         2         1         7         4
       481       520        49        48
       637        44         2         1         7         4
        27        28       521       482
       638        44         2         1         7         4
       482       521       522       483
       639        44         2         1         7         4
       483       522       523       484
       640        44         2         1         7         4
       484       523       524       485
       641        44         2         1         7         4
       485       524       525       486
       642        44         2         1         7         4
       486       525       526       487
       643        44         2         1         7         4
       487       526       527       488
       644        44         2         1         7         4
       488       527       528       489
       645        44         2         1         7         4
       489       528       529       490
       646        44         2         1         7         4
       490       529       530       491
       647        44         2         1         7         4
       491       530       531       492
       648        44         2         1         7         4
       492       531       532       493
       649        44         2         1         7         4
       493       532       533       494
       650        44         2         1         7         4
       494       533       534       495
       651        44         2         1         7         4
       495       534       535       496
       652        44         2         1         7         4
       496       535       536       497
       653        44         2         1         7         4
       497       536       537       498
       654        44         2         1         7         4
       498       537       538       499
       655        44         2         1         7         4
       499       538       539       500
       656        44         2         1         7         4
       500       539       540       501
       657        44         2         1         7         4
       501       540       541       502
       658        44         2         1         7         4
       502       541       542       503
       659        44         2         1         7         4
       503       542       543       504
       660        44         2         1         7         4
       504       543       544       505
       661        44         2         1         7         4
       505       544       545       506
       662        44         2         1         7         4
       506       545       546       507
       663        44         2         1         7         4
       507       546       547       508
       664        44         2         1         7         4
       508       547       548       509
       665        44         2         1         7         4
       509       548       549       510
       666        44         2         1         7         4
       510       549       550       511
       667        44         2         1         7         4
       511       550       551       512
       668        44         2         1         7         4
       512       551       552       513
       669        44         2         1         7         4
       513       552       553       514
       670        44         2         1         7         4
       514       553       554       515
       671        44         2         1         7         4
       515       554       555       516
       672        44         2         1         7         4
       516       555       556       517
       673        44         2         1         7         4
       517       556       557       518
       674        44         2         1         7         4
       518       557       558       519
       675        44         2         1         7         4
       519       558       559       520
       676        44         2         1         7         4
       520       559        50        49
       677        44         2         1         7         4
        28        29       560       521
       678        44         2         1         7         4
       521       560       561       522
       679        44         2         1         7         4
       522       561       562       523
       680        44         2         1         7         4
       523       562       563       524
       681        44         2         1         7         4
       524       563       564       525
       682        44         2         1         7         4
       525       564       565       526
       683        44         2         1         7         4
       526       565       566       527
       684        44         2         1         7         4
       527       566       567       528
       685        44         2         1         7         4
       528       567       568       529
       686        44         2         1         7         4
       529       568       569       530
       687        44         2         1         7         4
       530       569       570       531
       688        44         2         1         7         4
       531       570       571       532
       689        44         2         1         7         4
       532       571       572       533
       690        44         2         1         7         4
       533       572       573       534
       691        44         2         1         7         4
       534       573       574       535
       692        44         2         1         7         4
       535       574       575       536
       693        44         2         1         7         4
       536       575       576       537
       694        44         2         1         7         4
       537       576       577       538
       695        44         2         1         7         4
       538       577       578       539
       696        44         2         1         7         4
       539       578       579       540
       697        44         2         1         7         4
       540       579       580       541
       698        44         2         1         7         4
       541       580       581       542
       699        44         2         1         7         4
       542       581       582       543
       700        44         2         1         7         4
       543       582       583       544
       701        44         2         1         7         4
       544       583       584       545
       702        44         2         1         7         4
       545       584       585       546
       703        44         2         1         7         4
       546       585       586       547
       704        44         2         1         7         4
       547       586       587       548
       705        44         2         1         7         4
       548       587       588       549
       706        44         2         1         7         4
       549       588       589       550
       707        44         2         1         7         4
       550       589       590       551
       708        44         2         1         7         4
       551       590       591       552
       709        44         2         1         7         4
       552       591       592       553
       710        44         2         1         7         4
       553       592       593       554
       711        44         2         1         7         4
       554       593       594       555
       712        44         2         1         7         4
       555       594       595       556
       713        44         2         1         7         4
       556       595       596       557
       714        44         2         1         7         4
       557       596       597       558
       715        44         2         1         7         4
       558       597       598       559
       716        44         2         1         7         4
       559       598        51        50
       717        44         2         1         7         4
        29        30       599       560
       718        44         2         1         7         4
       560       599       600       561
       719        44         2         1         7         4
       561       600       601       562
       720        44         2         1         7         4
       562       601       602       563
       721        44         2         1         7         4
       563       602       603       564
       722        44         2         1         7         4
       564       603       604       565
       723        44         2         1         7         4
       565       604       605       566
       724        44         2         1         7         4
       566       605       606       567
       725        44         2         1         7         4
       567       606       607       568
       726        44         2         1         7         4
       568       607       608       569
       727        44         2         1         7         4
       569       608       609       570
       728        44         2         1         7         4
       570       609       610       571
       729        44         2         1         7         4
       571       610       611       572
       730        44         2         1         7         4
       572       611       612       573
       731        44         2         1         7         4
       573       612       613       574
       732        44         2         1         7         4
       574       613       614       575
       733        44         2         1         7         4
       575       614       615       576
       734        44         2         1         7         4
       576       615       616       577
       735        44         2         1         7         4
       577       616       617       578
       736        44         2         1         7         4
       578       617       618       579
       737        44         2         1         7         4
       579       618       619       580
       738        44         2         1         7         4
       580       619       620       581
       739        44         2         1         7         4
       581       620       621       582
       740        44         2         1         7         4
       582       621       622       583
       741        44         2         1         7         4
       583       622       623       584
       742        44         2         1         7         4
       584       623       624       585
       743        44         2         1         7         4
       585       624       625       586
       744        44         2         1         7         4
       586       625       626       587
       745        44         2         1         7         4
       587       626       627       588
       746        44         2         1         7         4
       588       627       628       589
       747        44         2         1         7         4
       589       628       629       590
       748        44         2         1         7         4
       590       629       630       591
       749        44         2         1         7         4
       591       630       631       592
       750        44         2         1         7         4
       592       631       632       593
       751        44         2         1         7         4
       593       632       633       594
       752        44         2         1         7         4
       594       633       634       595
       753        44         2         1         7         4
       595       634       635       596
       754        44         2         1         7         4
       596       635       636       597
       755        44         2         1         7         4
       597       636       637       598
       756        44         2         1         7         4
       598       637        52        51
       757        44         2         1         7         4
        30         4       131       599
       758        44         2         1         7         4
       599       131       132       600
       759        44         2         1         7         4
       600       132       133       601
       760        44         2         1         7         4
       601       133       134       602
       761        44         2         1         7         4
       602       134       135       603
       762        44         2         1         7         4
       603       135       136       604
       763        44         2         1         7         4
       604       136       137       605
       764        44         2         1         7         4
       605       137       138       606
       765        44         2         1         7         4
       606       138       139       607
       766        44         2         1         7         4
       607       139       140       608
       767        44         2         1         7         4
       608       140       141       609
       768        44         2         1         7         4
       609       141       142       610
       769        44         2         1         7         4
       610       142       143       611
       770        44         2         1         7         4
       611       143       144       612
       771        44         2         1         7         4
       612       144       145       613
       772        44         2         1         7         4
       613       145       146       614
       773        44         2         1         7         4
       614       146       147       615
       774        44         2         1         7         4
       615       147       148       616
       775        44         2         1         7         4
       616       148       149       617
       776        44         2         1         7         4
       617       149       150       618
       777        44         2         1         7         4
       618       150       151       619
       778        44         2         1         7         4
       619       151       152       620
       779        44         2         1         7         4
       620       152       153       621
       780        44         2         1         7         4
       621       153       154       622
       781        44         2         1         7         4
       622       154       155       623
       782        44         2         1         7         4
       623       155       156       624
       783        44         2         1         7         4
       624       156       157       625
       784        44         2         1         7         4
       625       157       158       626
       785        44         2         1         7         4
       626       158       159       627
       786        44         2         1         7         4
       627       159       160       628
       787        44         2         1         7         4
       628       160       161       629
       788        44         2         1         7         4
       629       161       162       630
       789        44         2         1         7         4
       630       162       163       631
       790        44         2         1         7         4
       631       163       164       632
       791        44         2         1         7         4
       632       164       165       633
       792        44         2         1         7         4
       633       165       166       634
       793        44         2         1         7         4
       634       166       167       635
       794        44         2         1         7         4
       635       167       168       636
       795        44         2         1         7         4
       636       168       169       637
       796        44         2         1         7         4
       637       169         8        52
       797        44         2         1         7         4
         3        19       638       170
       798        44         2         1         7         4
       170       638       639       171
       799        44         2         1         7         4
       171       639       640       172
       800        44         2         1         7         4
       172       640       641       173
       801        44         2         1         7         4
       173       641       642       174
       802        44         2         1         7         4
       174       642       643       175
       803        44         2         1         7         4
       175       643       644       176
       804        44         2         1         7         4
       176       644       645       177
       805        44         2         1         7         4
       177       645       646       178
       806        44         2         1         7         4
       178       646       647       179
       807        44         2         1         7         4
       179       647       648       180
       808        44         2         1         7         4
       180       648       649       181
       809        44         2         1         7         4
       181       649       650       182
       810        44         2         1         7         4
       182       650       651       183
       811        44         2         1         7         4
       183       651       652       184
       812        44         2         1         7         4
       184       652       653       185
       813        44         2         1         7         4
       185       653       654       186
       814        44         2         1         7         4
       186       654       655       187
       815        44         2         1         7         4
       187       655       656       188
       816        44         2         1         7         4
       188       656       657       189
       817        44         2         1         7         4
       189       657       658       190
       818        44         2         1         7         4
       190       658       659       191
       819        44         2         1         7         4
       191       659       660       192
       820        44         2         1         7         4
       192       660       661       193
       821        44         2         1         7         4
       193       661       662       194
       822        44         2         1         7         4
       194       662       663       195
       823        44         2         1         7         4
       195       663       664       196
       824        44         2         1         7         4
       196       664       665       197
       825        44         2         1         7         4
       197       665       666       198
       826        44         2         1         7         4
       198       666       667       199
       827        44         2         1         7         4
       199       667       668       200
       828        44         2         1         7         4
       200       668       669       201
       829        44         2         1         7         4
       201       669       670       202
       830        44         2         1         7         4
       202       670       671       203
       831        44         2         1         7         4
       203       671       672       204
       832        44         2         1         7         4
       204       672       673       205
       833        44         2         1         7         4
       205       673       674       206
       834        44         2         1         7         4
       206       674       675       207
       835        44         2         1         7         4
       207       675       676       208
       836        44         2         1         7         4
       208       676        41         7
       837        44         2         1         7         4
        19        18       677       638
       838        44         2         1         7         4
       638       677       678       639
       839        44         2         1         7         4
       639       678       679       640
       840        44         2         1         7         4
       640       679       680       641
       841        44         2         1         7         4
       641       680       681       642
       842        44         2         1         7         4
       642       681       682       643
       843        44         2         1         7         4
       643       682       683       644
       844        44         2         1         7         4
       644       683       684       645
       845        44         2         1         7         4
       645       684       685       646
       846        44         2         1         7         4
       646       685       686       647
       847        44         2         1         7         4
       647       686       687       648
       848        44         2         1         7         4
       648       687       688       649
       849        44         2         1         7         4
       649       688       689       650
       850        44         2         1         7         4
       650       689       690       651
       851        44         2         1         7         4
       651       690       691       652
       852        44         2         1         7         4
       652       691       692       653
       853        44         2         1         7         4
       653       692       693       654
       854        44         2         1         7         4
       654       693       694       655
       855        44         2         1         7         4
       655       694       695       656
       856        44         2         1         7         4
       656       695       696       657
       857        44         2         1         7         4
       657       696       697       658
       858        44         2         1         7         4
       658       697       698       659
       859        44         2         1         7         4
       659       698       699       660
       860        44         2         1         7         4
       660       699       700       661
       861        44         2         1         7         4
       661       700       701       662
       862        44         2         1         7         4
       662       701       702       663
       863        44         2         1         7         4
       663       702       703       664
       864        44         2         1         7         4
       664       703       704       665
       865        44         2         1         7         4
       665       704       705       666
       866        44         2         1         7         4
       666       705       706       667
       867        44         2         1         7         4
       667       706       707       668
       868        44         2         1         7         4
       668       707       708       669
       869        44         2         1         7         4
       669       708       709       670
       870        44         2         1         7         4
       670       709       710       671
       871        44         2         1         7         4
       671       710       711       672
       872        44         2         1         7         4
       672       711       712       673
       873        44         2         1         7         4
       673       712       713       674
       874        44         2         1         7         4
       674       713       714       675
       875        44         2         1         7         4
       675       714       715       676
       876        44         2         1         7         4
       676       715        40        41
       877        44         2         1         7         4
        18        17       716       677
       878        44         2         1         7         4
       677       716       717       678
       879        44         2         1         7         4
       678       717       718       679
       880        44         2         1         7         4
       679       718       719       680
       881        44         2         1         7         4
       680       719       720       681
       882        44         2         1         7         4
       681       720       721       682
       883        44         2         1         7         4
       682       721       722       683
       884        44         2         1         7         4
       683       722       723       684
       885        44         2         1         7         4
       684       723       724       685
       886        44         2         1         7         4
       685       724       725       686
       887        44         2         1         7         4
       686       725       726       687
       888        44         2         1         7         4
       687       726       727       688
       889        44         2         1         7         4
       688       727       728       689
       890        44         2         1         7         4
       689       728       729       690
       891        44         2         1         7         4
       690       729       730       691
       892        44         2         1         7         4
       691       730       731       692
       893        44         2         1         7         4
       692       731       732       693
       894        44         2         1         7         4
       693       732       733       694
       895        44         2         1         7         4
       694       733       734       695
       896        44         2         1         7         4
       695       734       735       696
       897        44         2         1         7         4
       696       735       736       697
       898        44         2         1         7         4
       697       736       737       698
       899        44         2         1         7         4
       698       737       738       699
       900        44         2         1         7         4
       699       738       739       700
       901        44         2         1         7         4
       700       739       740       701
       902        44         2         1         7         4
       701       740       741       702
       903        44         2         1         7         4
       702       741       742       703
       904        44         2         1         7         4
       703       742       743       704
       905        44         2         1         7         4
       704       743       744       705
       906        44         2         1         7         4
       705       744       745       706
       907        44         2         1         7         4
       706       745       746       707
       908        44         2         1         7         4
       707       746       747       708
       909        44         2         1         7         4
       708       747       748       709
       910        44         2         1         7         4
       709       748       749       710
       911        44         2         1         7         4
       710       749       750       711
       912        44         2         1         7         4
       711       750       751       712
       913        44         2         1         7         4
       712       751       752       713
       914        44         2         1         7         4
       713       752       753       714
       915        44         2         1         7         4
       714       753       754       715
       916        44         2         1         7         4
       715       754        39        40
       917        44         2         1         7         4
        17        16       755       716
       918        44         2         1         7         4
       716       755       756       717
       919        44         2         1         7         4
       717       756       757       718
       920        44         2         1         7         4
       718       757       758       719
       921        44         2         1         7         4
       719       758       759       720
       922        44         2         1         7         4
       720       759       760       721
       923        44         2         1         7         4
       721       760       761       722
       924        44         2         1         7         4
       722       761       762       723
       925        44         2         1         7         4
       723       762       763       724
       926        44         2         1         7         4
       724       763       764       725
       927        44         2         1         7         4
       725       764       765       726
       928        44         2         1         7         4
       726       765       766       727
       929        44         2         1         7         4
       727       766       767       728
       930        44         2         1         7         4
       728       767       768       729
       931        44         2         1         7         4
       729       768       769       730
       932        44         2         1         7         4
       730       769       770       731
       933        44         2         1         7         4
       731       770       771       732
       934        44         2         1         7         4
       732       771       772       733
       935        44         2         1         7         4
       733       772       773       734
       936        44         2         1         7         4
       734       773       774       735
       937        44         2         1         7         4
       735       774       775       736
       938        44         2         1         7         4
       736       775       776       737
       939        44         2         1         7         4
       737       776       777       738
       940        44         2         1         7         4
       738       777       778       739
       941        44         2         1         7         4
       739       778       779       740
       942        44         2         1         7         4
       740       779       780       741
       943        44         2         1         7         4
       741       780       781       742
       944        44         2         1         7         4
       742       781       782       743
       945        44         2         1         7         4
       743       782       783       744
       946        44         2         1         7         4
       744       783       784       745
       947        44         2         1         7         4
       745       784       785       746
       948        44         2         1         7         4
       746       785       786       747
       949        44         2         1         7         4
       747       786       787       748
       950        44         2         1         7         4
       748       787       788       749
       951        44         2         1         7         4
       749       788       789       750
       952        44         2         1         7         4
       750       789       790       751
       953        44         2         1         7         4
       751       790       791       752
       954        44         2         1         7         4
       752       791       792       753
       955        44         2         1         7         4
       753       792       793       754
       956        44         2         1         7         4
       754       793        38        39
       957        44         2         1         7         4
        16        15       794       755
       958        44         2         1         7         4
       755       794       795       756
       959        44         2         1         7         4
       756       795       796       757
       960        44         2         1         7         4
       757       796       797       758
       961        44         2         1         7         4
       758       797       798       759
       962        44         2         1         7         4
       759       798       799       760
       963        44         2         1         7         4
       760       799       800       761
       964        44         2         1         7         4
       761       800       801       762
       965        44         2         1         7         4
       762       801       802       763
       966        44         2         1         7         4
       763       802       803       764
       967        44         2         1         7         4
       764       803       804       765
       968        44         2         1         7         4
       765       804       805       766
       969        44         2         1         7         4
       766       805       806       767
       970        44         2         1         7         4
       767       806       807       768
       971        44         2         1         7         4
       768       807       808       769
       972        44         2         1         7         4
       769       808       809       770
       973        44         2         1         7         4
       770       809       810       771
       974        44         2         1         7         4
       771       810       811       772
       975        44         2         1         7         4
       772       811       812       773
       976        44         2         1         7         4
       773       812       813       774
       977        44         2         1         7         4
       774       813       814       775
       978        44         2         1         7         4
       775       814       815       776
       979        44         2         1         7         4
       776       815       816       777
       980        44         2         1         7         4
       777       816       817       778
       981        44         2         1         7         4
       778       817       818       779
       982        44         2         1         7         4
       779       818       819       780
       983        44         2         1         7         4
       780       819       820       781
       984        44         2         1         7         4
       781       820       821       782
       985        44         2         1         7         4
       782       821       822       783
       986        44         2         1         7         4
       783       822       823       784
       987        44         2         1         7         4
       784       823       824       785
       988        44         2         1         7         4
       785       824       825       786
       989        44         2         1         7         4
       786       825       826       787
       990        44         2         1         7         4
       787       826       827       788
       991        44         2         1         7         4
       788       827       828       789
       992        44         2         1         7         4
       789       828       829       790
       993        44         2         1         7         4
       790       829       830       791
       994        44         2         1         7         4
       791       830       831       792
       995        44         2         1         7         4
       792       831       832       793
       996        44         2         1         7         4
       793       832        37        38
       997        44         2         1         7         4
        15        14       833       794
       998        44         2         1         7         4
       794       833       834       795
       999        44         2         1         7         4
       795       834       835       796
      1000        44         2         1         7         4
       796       835       836       797
      1001        44         2         1         7         4
       797       836       837       798
      1002        44         2         1         7         4
       798       837       838       799
      1003        44         2         1         7         4
       799       838       839       800
      1004        44         2         1         7         4
       800       839       840       801
      1005        44         2         1         7         4
       801       840       841       802
      1006        44         2         1         7         4
       802       841       842       803
      1007        44         2         1         7         4
       803       842       843       804
      1008        44         2         1         7         4
       804       843       844       805
      1009        44         2         1         7         4
       805       844       845       806
      1010        44         2         1         7         4
       806       845       846       807
      1011        44         2         1         7         4
       807       846       847       808
      1012        44         2         1         7         4
       808       847       848       809
      1013        44         2         1         7         4
       809       848       849       810
      1014        44         2         1         7         4
       810       849       850       811
      1015        44         2         1         7         4
       811       850       851       812
      1016        44         2         1         7         4
       812       851       852       813
      1017        44         2         1         7         4
       813       852       853       814
      1018        44         2         1         7         4
       814       853       854       815
      1019        44         2         1         7         4
       815       854       855       816
      1020        44         2         1         7         4
       816       855       856       817
      1021        44         2         1         7         4
       817       856       857       818
      1022        44         2         1         7         4
       818       857       858       819
      1023        44         2         1         7         4
       819       858       859       820
      1024        44         2         1         7         4
       820       859       860       821
      1025        44         2         1         7         4
       821       860       861       822
      1026        44         2         1         7         4
       822       861       862       823
      1027        44         2         1         7         4
       823       862       863       824
      1028        44         2         1         7         4
       824       863       864       825
      1029        44         2         1         7         4
       825       864       865       826
      1030        44         2         1         7         4
       826       865       866       827
      1031        44         2         1         7         4
       827       866       867       828
      1032        44         2         1         7         4
       828       867       868       829
      1033        44         2         1         7         4
       829       868       869       830
      1034        44         2         1         7         4
       830       869       870       831
      1035        44         2         1         7         4
       831       870       871       832
      1036        44         2         1         7         4
       832       871        36        37
      1037        44         2         1         7         4
        14        13       872       833
      1038        44         2         1         7         4
       833       872       873       834
      1039        44         2         1         7         4
       834       873       874       835
      1040        44         2         1         7         4
       835       874       875       836
      1041        44         2         1         7         4
       836       875       876       837
      1042        44         2         1         7         4
       837       876       877       838
      1043        44         2         1         7         4
       838       877       878       839
      1044        44         2         1         7         4
       839       878       879       840
      1045        44         2         1         7         4
       840       879       880       841
      1046        44         2         1         7         4
       841       880       881       842
      1047        44         2         1         7         4
       842       881       882       843
      1048        44         2         1         7         4
       843       882       883       844
      1049        44         2         1         7         4
       844       883       884       845
      1050        44         2         1         7         4
       845       884       885       846
      1051        44         2         1         7         4
       846       885       886       847
      1052        44         2         1         7         4
       847       886       887       848
      1053        44         2         1         7         4
       848       887       888       849
      1054        44         2         1         7         4
       849       888       889       850
      1055        44         2         1         7         4
       850       889       890       851
      1056        44         2         1         7         4
       851       890       891       852
      1057        44         2         1         7         4
       852       891       892       853
      1058        44         2         1         7         4
       853       892       893       854
      1059        44         2         1         7         4
       854       893       894       855
      1060        44         2         1         7         4
       855       894       895       856
      1061        44         2         1         7         4
       856       895       896       857
      1062        44         2         1         7         4
       857       896       897       858
      1063        44         2         1         7         4
       858       897       898       859
      1064        44         2         1         7         4
       859       898       899       860
      1065        44         2         1         7         4
       860       899       900       861
      1066        44         2         1         7         4
       861       900       901       862
      1067        44         2         1         7         4
       862       901       902       863
      1068        44         2         1         7         4
       863       902       903       864
      1069        44         2         1         7         4
       864       903       904       865
      1070        44         2         1         7         4
       865       904       905       866
      1071        44         2         1         7         4
       866       905       906       867
      1072        44         2         1         7         4
       867       906       907       868
      1073        44         2         1         7         4
       868       907       908       869
      1074        44         2         1         7         4
       869       908       909       870
      1075        44         2         1         7         4
       870       909       910       871
      1076        44         2         1         7         4
       871       910        35        36
      1077        44         2         1         7         4
        13        12       911       872
      1078        44         2         1         7         4
       872       911       912       873
      1079        44         2         1         7         4
       873       912       913       874
      1080        44         2         1         7         4
       874       913       914       875
      1081        44         2         1         7         4
       875       914       915       876
      1082        44         2         1         7         4
       876       915       916       877
      1083        44         2         1         7         4
       877       916       917       878
      1084        44         2         1         7         4
       878       917       918       879
      1085        44         2         1         7         4
       879       918       919       880
      1086        44         2         1         7         4
       880       919       920       881
      1087        44         2         1         7         4
       881       920       921       882
      1088        44         2         1         7         4
       882       921       922       883
      1089        44         2         1         7         4
       883       922       923       884
      1090        44         2         1         7         4
       884       923       924       885
      1091        44         2         1         7         4
       885       924       925       886
      1092        44         2         1         7         4
       886       925       926       887
      1093        44         2         1         7         4
       887       926       927       888
      1094        44         2         1         7         4
       888       927       928       889
      1095        44         2         1         7         4
       889       928       929       890
      1096        44         2         1         7         4
       890       929       930       891
      1097        44         2         1         7         4
       891       930       931       892
      1098        44         2         1         7         4
       892       931       932       893
      1099        44         2         1         7         4
       893       932       933       894
      1100        44         2         1         7         4
       894       933       934       895
      1101        44         2         1         7         4
       895       934       935       896
      1102        44         2         1         7         4
       896       935       936       897
      1103        44         2         1         7         4
       897       936       937       898
      1104        44         2         1         7         4
       898       937       938       899
      1105        44         2         1         7         4
       899       938       939       900
      1106        44         2         1         7         4
       900       939       940       901
      1107        44         2         1         7         4
       901       940       941       902
      1108        44         2         1         7         4
       902       941       942       903
      1109        44         2         1         7         4
       903       942       943       904
      1110        44         2         1         7         4
       904       943       944       905
      1111        44         2         1         7         4
       905       944       945       906
      1112        44         2         1         7         4
       906       945       946       907
      1113        44         2         1         7         4
       907       946       947       908
      1114        44         2         1         7         4
       908       947       948       909
      1115        44         2         1         7         4
       909       948       949       910
      1116        44         2         1         7         4
       910       949        34        35
      1117        44         2         1         7         4
        12        11       950       911
      1118        44         2         1         7         4
       911       950       951       912
      1119        44         2         1         7         4
       912       951       952       913
      1120        44         2         1         7         4
       913       952       953       914
      1121        44         2         1         7         4
       914       953       954       915
      1122        44         2         1         7         4
       915       954       955       916
      1123        44         2         1         7         4
       916       955       956       917
      1124        44         2         1         7         4
       917       956       957       918
      1125        44         2         1         7         4
       918       957       958       919
      1126        44         2         1         7         4
       919       958       959       920
      1127        44         2         1         7         4
       920       959       960       921
      1128        44         2         1         7         4
       921       960       961       922
      1129        44         2         1         7         4
       922       961       962       923
      1130        44         2         1         7         4
       923       962       963       924
      1131        44         2         1         7         4
       924       963       964       925
      1132        44         2         1         7         4
       925       964       965       926
      1133        44         2         1         7         4
       926       965       966       927
      1134        44         2         1         7         4
       927       966       967       928
      1135        44         2         1         7         4
       928       967       968       929
      1136        44         2         1         7         4
       929       968       969       930
      1137        44         2         1         7         4
       930       969       970       931
      1138        44         2         1         7         4
       931       970       971       932
      1139        44         2         1         7         4
       932       971       972       933
      1140        44         2         1         7         4
       933       972       973       934
      1141        44         2         1         7         4
       934       973       974       935
      1142        44         2         1         7         4
       935       974       975       936
      1143        44         2         1         7         4
       936       975       976       937
      1144        44         2         1         7         4
       937       976       977       938
      1145        44         2         1         7         4
       938       977       978       939
      1146        44         2         1         7         4
       939       978       979       940
      1147        44         2         1         7         4
       940       979       980       941
      1148        44         2         1         7         4
       941       980       981       942
      1149        44         2         1         7         4
       942       981       982       943
      1150        44         2         1         7         4
       943       982       983       944
      1151        44         2         1         7         4
       944       983       984       945
      1152        44         2         1         7         4
       945       984       985       946
      1153        44         2         1         7         4
       946       985       986       947
      1154        44         2         1         7         4
       947       986       987       948
      1155        44         2         1         7         4
       948       987       988       949
      1156        44         2         1         7         4
       949       988        33        34
      1157        44         2         1         7         4
        11        10       989       950
      1158        44         2         1         7         4
       950       989       990       951
      1159        44         2         1         7         4
       951       990       991       952
      1160        44         2         1         7         4
       952       991       992       953
      1161        44         2         1         7         4
       953       992       993       954
      1162        44         2         1         7         4
       954       993       994       955
      1163        44         2         1         7         4
       955       994       995       956
      1164        44         2         1         7         4
       956       995       996       957
      1165        44         2         1         7         4
       957       996       997       958
      1166        44         2         1         7         4
       958       997       998       959
      1167        44         2         1         7         4
       959       998       999       960
      1168        44         2         1         7         4
       960       999      1000       961
      1169        44         2         1         7         4
       961      1000      1001       962
      1170        44         2         1         7         4
       962      1001      1002       963
      1171        44         2         1         7         4
       963      1002      1003       964
      1172        44         2         1         7         4
       964      1003      1004       965
      1173        44         2         1         7         4
       965      1004      1005       966
      1174        44         2         1         7         4
       966      1005      1006       967
      1175        44         2         1         7         4
       967      1006      1007       968
      1176        44         2         1         7         4
       968      1007      1008       969
      1177        44         2         1         7         4
       969      1008      1009       970
      1178        44         2         1         7         4
       970      1009      1010       971
      1179        44         2         1         7         4
       971      1010      1011       972
      1180        44         2         1         7         4
       972      1011      1012       973
      1181        44         2         1         7         4
       973      1012      1013       974
      1182        44         2         1         7         4
       974      1013      1014       975
      1183        44         2         1         7         4
       975      1014      1015       976
      1184        44         2         1         7         4
       976      1015      1016       977
      1185        44         2         1         7         4
       977      1016      1017       978
      1186        44         2         1         7         4
       978      1017      1018       979
      1187        44         2         1         7         4
       979      1018      1019       980
      1188        44         2         1         7         4
       980      1019      1020       981
      1189        44         2         1         7         4
       981      1020      1021       982
      1190        44         2         1         7         4
       982      1021      1022       983
      1191        44         2         1         7         4
       983      1022      1023       984
      1192        44         2         1         7         4
       984      1023      1024       985
      1193        44         2         1         7         4
       985      1024      1025       986
      1194        44         2         1         7         4
       986      1025      1026       987
      1195        44         2         1         7         4
       987      1026      1027       988
      1196        44         2         1         7         4
       988      1027        32        33
      1197        44         2         1         7         4
        10         9      1028       989
      1198        44         2         1         7         4
       989      1028      1029       990
      1199        44         2         1         7         4
       990      1029      1030       991
      1200        44         2         1         7         4
       991      1030      1031       992
      1201        44         2         1         7         4
       992      1031      1032       993
      1202        44         2         1         7         4
       993      1032      1033       994
      1203        44         2         1         7         4
       994      1033      1034       995
      1204        44         2         1         7         4
       995      1034      1035       996
      1205        44         2         1         7         4
       996      1035      1036       997
      1206        44         2         1         7         4
       997      1036      1037       998
      1207        44         2         1         7         4
       998      1037      1038       999
      1208        44         2         1         7         4
       999      1038      1039      1000
      1209        44         2         1         7         4
      1000      1039      1040      1001
      1210        44         2         1         7         4
      1001      1040      1041      1002
      1211        44         2         1         7         4
      1002      1041      1042      1003
      1212        44         2         1         7         4
      1003      1042      1043      1004
      1213        44         2         1         7         4
      1004      1043      1044      1005
      1214        44         2         1         7         4
      1005      1044      1045      1006
      1215        44         2         1         7         4
      1006      1045      1046      1007
      1216        44         2         1         7         4
      1007      1046      1047      1008
      1217        44         2         1         7         4
      1008      1047      1048      1009
      1218        44         2         1         7         4
      1009      1048      1049      1010
      1219        44         2         1         7         4
      1010      1049      1050      1011
      1220        44         2         1         7         4
      1011      1050      1051      1012
      1221        44         2         1         7         4
      1012      1051      1052      1013
      1222        44         2         1         7         4
      1013      1052      1053      1014
      1223        44         2         1         7         4
      1014      1053      1054      1015
      1224        44         2         1         7         4
      1015      1054      1055      1016
      1225        44         2         1         7         4
      1016      1055      1056      1017
      1226        44         2         1         7         4
      1017      1056      1057      1018
      1227        44         2         1         7         4
      1018      1057      1058      1019
      1228        44         2         1         7         4
      1019      1058      1059      1020
      1229        44         2         1         7         4
      1020      1059      1060      1021
      1230        44         2         1         7         4
      1021      1060      1061      1022
      1231        44         2         1         7         4
      1022      1061      1062      1023
      1232        44         2         1         7         4
      1023      1062      1063      1024
      1233        44         2         1         7         4
      1024      1063      1064      1025
      1234        44         2         1         7         4
      1025      1064      1065      1026
      1235        44         2         1         7         4
      1026      1065      1066      1027
      1236        44         2         1         7         4
      1027      1066        31        32
      1237        44         2         1         7         4
         9         1        92      1028
      1238        44         2         1         7         4
      1028        92        93      1029
      1239        44         2         1         7         4
      1029        93        94      1030
      1240        44         2         1         7         4
      1030        94        95      1031
      1241        44         2         1         7         4
      1031        95        96      1032
      1242        44         2         1         7         4
      1032        96        97      1033
      1243        44         2         1         7         4
      1033        97        98      1034
      1244        44         2         1         7         4
      1034        98        99      1035
      1245        44         2         1         7         4
      1035        99       100      1036
      1246        44         2         1         7         4
      1036       100       101      1037
      1247        44         2         1         7         4
      1037       101       102      1038
      1248        44         2         1         7         4
      1038       102       103      1039
      1249        44         2         1         7         4
      1039       103       104      1040
      1250        44         2         1         7         4
      1040       104       105      1041
      1251        44         2         1         7         4
      1041       105       106      1042
      1252        44         2         1         7         4
      1042       106       107      1043
      1253        44         2         1         7         4
      1043       107       108      1044
      1254        44         2         1         7         4
      1044       108       109      1045
      1255        44         2         1         7         4
      1045       109       110      1046
      1256        44         2         1         7         4
      1046       110       111      1047
      1257        44         2         1         7         4
      1047       111       112      1048
      1258        44         2         1         7         4
      1048       112       113      1049
      1259        44         2         1         7         4
      1049       113       114      1050
      1260        44         2         1         7         4
      1050       114       115      1051
      1261        44         2         1         7         4
      1051       115       116      1052
      1262        44         2         1         7         4
      1052       116       117      1053
      1263        44         2         1         7         4
      1053       117       118      1054
      1264        44         2         1         7         4
      1054       118       119      1055
      1265        44         2         1         7         4
      1055       119       120      1056
      1266        44         2         1         7         4
      1056       120       121      1057
      1267        44         2         1         7         4
      1057       121       122      1058
      1268        44         2         1         7         4
      1058       122       123      1059
      1269        44         2         1         7         4
      1059       123       124      1060
      1270        44         2         1         7         4
      1060       124       125      1061
      1271        44         2         1         7         4
      1061       125       126      1062
      1272        44         2         1         7         4
      1062       126       127      1063
      1273        44         2         1         7         4
      1063       127       128      1064
      1274        44         2         1         7         4
      1064       128       129      1065
      1275        44         2         1         7         4
      1065       129       130      1066
      1276        44         2         1         7         4
      1066       130         5        31
      1277       115         2         1         7         8
         1         2        20         9        92        53       209      1028
      1278       115         2         1         7         8
        92        53       209      1028        93        54       210      1029
      1279       115         2         1         7         8
        93        54       210      1029        94        55       211      1030
      1280       115         2         1         7         8
        94        55       211      1030        95        56       212      1031
      1281       115         2         1         7         8
        95        56       212      1031        96        57       213      1032
      1282       115         2         1         7         8
        96        57       213      1032        97        58       214      1033
      1283       115         2         1         7         8
        97        58       214      1033        98        59       215      1034
      1284       115         2         1         7         8
        98        59       215      1034        99        60       216      1035
      1285       115         2         1         7         8
        99        60       216      1035       100        61       217      1036
      1286       115         2         1         7         8
       100        61       217      1036       101        62       218      1037
      1287       115         2         1         7         8
       101        62       218      1037       102        63       219      1038
      1288       115         2         1         7         8
       102        63       219      1038       103        64       220      1039
      1289       115         2         1         7         8
       103        64       220      1039       104        65       221      1040
      1290       115         2         1         7         8
       104        65       221      1040       105        66       222      1041
      1291       115         2         1         7         8
       105        66       222      1041       106        67       223      1042
      1292       115         2         1         7         8
       106        67       223      1042       107        68       224      1043
      1293       115         2         1         7         8
       107        68       224      1043       108        69       225      1044
      1294       115         2         1         7         8
       108        69       225      1044       109        70       226      1045
      1295       115         2         1         7         8
       109        70       226      1045       110        71       227      1046
      1296       115         2         1         7         8
       110        71       227      1046       111        72       228      1047
      1297       115         2         1         7         8
       111        72       228      1047       112        73       229      1048
      1298       115         2         1         7         8
       112        73       229      1048       113        74       230      1049
      1299       115         2         1         7         8
       113        74       230      1049       114        75       231      1050
      1300       115         2         1         7         8
       114        75       231      1050       115        76       232      1051
      1301       115         2         1         7         8
       115        76       232      1051       116        77       233      1052
      1302       115         2         1         7         8
       116        77       233      1052       117        78       234      1053
      1303       115         2         1         7         8
       117        78       234      1053       118        79       235      1054
      1304       115         2         1         7         8
       118        79       235      1054       119        80       236      1055
      1305       115         2         1         7         8
       119        80       236      1055       120        81       237      1056
      1306       115         2         1         7         8
       120        81       237      1056       121        82       238      1057
      1307       115         2         1         7         8
       121        82       238      1057       122        83       239      1058
      1308       115         2         1         7         8
       122        83       239      1058       123        84       240      1059
      1309       115         2         1         7         8
       123        84       240      1059       124        85       241      1060
      1310       115         2         1         7         8
       124        85       241      1060       125        86       242      1061
      1311       115         2         1         7         8
       125        86       242      1061       126        87       243      1062
      1312       115         2         1         7         8
       126        87       243      1062       127        88       244      1063
      1313       115         2         1         7         8
       127        88       244      1063       128        89       245      1064
      1314       115         2         1         7         8
       128        89       245      1064       129        90       246      1065
      1315       115         2         1         7         8
       129        90       246      1065       130        91       247      1066
      1316       115         2         1         7         8
       130        91       247      1066         5         6        42        31
      1317       115         2         1         7         8
         9        20        21        10      1028       209       248       989
      1318       115         2         1         7         8
      1028       209       248       989      1029       210       249       990
      1319       115         2         1         7         8
      1029       210       249       990      1030       211       250       991
      1320       115         2         1         7         8
      1030       211       250       991      1031       212       251       992
      1321       115         2         1         7         8
      1031       212       251       992      1032       213       252       993
      1322       115         2         1         7         8
      1032       213       252       993      1033       214       253       994
      1323       115         2         1         7         8
      1033       214       253       994      1034       215       254       995
      1324       115         2         1         7         8
      1034       215       254       995      1035       216       255       996
      1325       115         2         1         7         8
      1035       216       255       996      1036       217       256       997
      1326       115         2         1         7         8
      1036       217       256       997      1037       218       257       998
      1327       115         2         1         7         8
      1037       218       257       998      1038       219       258       999
      1328       115         2         1         7         8
      1038       219       258       999      1039       220       259      1000
      1329       115         2         1         7         8
      1039       220       259      1000      1040       221       260      1001
      1330       115         2         1         7         8
      1040       221       260      1001      1041       222       261      1002
      1331       115         2         1         7         8
      1041       222       261      1002      1042       223       262      1003
      1332       115         2         1         7         8
      1042       223       262      1003      1043       224       263      1004
      1333       115         2         1         7         8
      1043       224       263      1004      1044       225       264      1005
      1334       115         2         1         7         8
      1044       225       264      1005      1045       226       265      1006
      1335       115         2         1         7         8
      1045       226       265      1006      1046       227       266      1007
      1336       115         2         1         7         8
      1046       227       266      1007      1047       228       267      1008
      1337       115         2         1         7         8
      1047       228       267      1008      1048       229       268      1009
      1338       115         2         1         7         8
      1048       229       268      1009      1049       230       269      1010
      1339       115         2         1         7         8
      1049       230       269      1010      1050       231       270      1011
      1340       115         2         1         7         8
      1050       231       270      1011      1051       232       271      1012
      1341       115         2         1         7         8
      1051       232       271      1012      1052       233       272      1013
      1342       115         2         1         7         8
      1052       233       272      1013      1053       234       273      1014
      1343       115         2         1         7         8
      1053       234       273      1014      1054       235       274      1015
      1344       115         2         1         7         8
      1054       235       274      1015      1055       236       275      1016
      1345       115         2         1         7         8
      1055       236       275      1016      1056       237       276      1017
      1346       115         2         1         7         8
      1056       237       276      1017      1057       238       277      1018
      1347       115         2         1         7         8
      1057       238       277      1018      1058       239       278      1019
      1348       115         2         1         7         8
      1058       239       278      1019      1059       240       279      1020
      1349       115         2         1         7         8
      1059       240       279      1020      1060       241       280      1021
      1350       115         2         1         7         8
      1060       241       280      1021      1061       242       281      1022
      1351       115         2         1         7         8
      1061       242       281      1022      1062       243       282      1023
      1352       115         2         1         7         8
      1062       243       282      1023      1063       244       283      1024
      1353       115         2         1         7         8
      1063       244       283      1024      1064       245       284      1025
      1354       115         2         1         7         8
      1064       245       284      1025      1065       246       285      1026
      1355       115         2         1         7         8
      1065       246       285      1026      1066       247       286      1027
      1356       115         2         1         7         8
      1066       247       286      1027        31        42        43        32
      1357       115         2         1         7         8
        10        21        22        11       989       248       287       950
      1358       115         2         1         7         8
       989       248       287       950       990       249       288       951
      1359       115         2         1         7         8
       990       249       288       951       991       250       289       952
      1360       115         2         1         7         8
       991       250       289       952       992       251       290       953
      1361       115         2         1         7         8
       992       251       290       953       993       252       291       954
      1362       115         2         1         7         8
       993       252       291       954       994       253       292       955
      1363       115         2         1         7         8
       994       253       292       955       995       254       293       956
      1364       115         2         1         7         8
       995       254       293       956       996       255       294       957
      1365       115         2         1         7         8
       996       255       294       957       997       256       295       958
      1366       115         2         1         7         8
       997       256       295       958       998       257       296       959
      1367       115         2         1         7         8
       998       257       296       959       999       258       297       960
      1368       115         2         1         7         8
       999       258       297       960      1000       259       298       961
      1369       115         2         1         7         8
      1000       259       298       961      1001       260       299       962
      1370       115         2         1         7         8
      1001       260       299       962      1002       261       300       963
      1371       115         2         1         7         8
      1002       261       300       963      1003       262       301       964
      1372       115         2         1         7         8
      1003       262       301       964      1004       263       302       965
      1373       115         2         1         7         8
      1004       263       302       965      1005       264       303       966
      1374       115         2         1         7         8
      1005       264       303       966      1006       265       304       967
      1375       115         2         1         7         8
      1006       265       304       967      1007       266       305       968
      1376       115         2         1         7         8
      1007       266       305       968      1008       267       306       969
      1377       115         2         1         7         8
      1008       267       306       969      1009       268       307       970
      1378       115         2         1         7         8
      1009       268       307       970      1010       269       308       971
      1379       115         2         1         7         8
      1010       269       308       971      1011       270       309       972
      1380       115         2         1         7         8
      1011       270       309       972      1012       271       310       973
      1381       115         2         1         7         8
      1012       271       310       973      1013       272       311       974
      1382       115         2         1         7         8
      1013       272       311       974      1014       273       312       975
      1383       115         2         1         7         8
      1014       273       312       975      1015       274       313       976
      1384       115         2         1         7         8
      1015       274       313       976      1016       275       314       977
      1385       115         2         1         7         8
      1016       275       314       977      1017       276       315       978
      1386       115         2         1         7         8
      1017       276       315       978      1018       277       316       979
      1387       115         2         1         7         8
      1018       277       316       979      1019       278       317       980
      1388       115         2         1         7         8
      1019       278       317       980      1020       279       318       981
      1389       115         2         1         7         8
      1020       279       318       981      1021       280       319       982
      1390       115         2         1         7         8
      1021       280       319       982      1022       281       320       983
      1391       115         2         1         7         8
      1022       281       320       983      1023       282       321       984
      1392       115         2         1         7         8
      1023       282       321       984      1024       283       322       985
      1393       115         2         1         7         8
      1024       283       322       985      1025       284       323       986
      1394       115         2         1         7         8
      1025       284       323       986      1026       285       324       987
      1395       115         2         1         7         8
      1026       285       324       987      1027       286       325       988
      1396       115         2         1         7         8
      1027       286       325       988        32        43        44        33
      1397       115         2         1         7         8
        11        22        23        12       950       287       326       911
      1398       115         2         1         7         8
       950       287       326       911       951       288       327       912
      1399       115         2         1         7         8
       951       288       327       912       952       289       328       913
      1400       115         2         1         7         8
       952       289       328       913       953       290       329       914
      1401       115         2         1         7         8
       953       290       329       914       954       291       330       915
      1402       115         2         1         7         8
       954       291       330       915       955       292       331       916
      1403       115         2         1         7         8
       955       292       331       916       956       293       332       917
      1404       115         2         1         7         8
       956       293       332       917       957       294       333       918
      1405       115         2         1         7         8
       957       294       333       918       958       295       334       919
      1406       115         2         1         7         8
       958       295       334       919       959       296       335       920
      1407       115         2         1         7         8
       959       296       335       920       960       297       336       921
      1408       115         2         1         7         8
       960       297       336       921       961       298       337       922
      1409       115         2         1         7         8
       961       298       337       922       962       299       338       923
      1410       115         2         1         7         8
       962       299       338       923       963       300       339       924
      1411       115         2         1         7         8
       963       300       339       924       964       301       340       925
      1412       115         2         1         7         8
       964       301       340       925       965       302       341       926
      1413       115         2         1         7         8
       965       302       341       926       966       303       342       927
      1414       115         2         1         7         8
       966       303       342       927       967       304       343       928
      1415       115         2         1         7         8
       967       304       343       928       968       305       344       929
      1416       115         2         1         7         8
       968       305       344       929       969       306       345       930
      1417       115         2         1         7         8
       969       306       345       930       970       307       346       931
      1418       115         2         1         7         8
       970       307       346       931       971       308       347       932
      1419       115         2         1         7         8
       971       308       347       932       972       309       348       933
      1420       115         2         1         7         8
       972       309       348       933       973       310       349       934
      1421       115         2         1         7         8
       973       310       349       934       974       311       350       935
      1422       115         2         1         7         8
       974       311       350       935       975       312       351       936
      1423       115         2         1         7         8
       975       312       351       936       976       313       352       937
      1424       115         2         1         7         8
       976       313       352       937       977       314       353       938
      1425       115         2         1         7         8
       977       314       353       938       978       315       354       939
      1426       115         2         1         7         8
       978       315       354       939       979       316       355       940
      1427       115         2         1         7         8
       979       316       355       940       980       317       356       941
      1428       115         2         1         7         8
       980       317       356       941       981       318       357       942
      1429       115         2         1         7         8
       981       318       357       942       982       319       358       943
      1430       115         2         1         7         8
       982       319       358       943       983       320       359       944
      1431       115         2         1         7         8
       983       320       359       944       984       321       360       945
      1432       115         2         1         7         8
       984       321       360       945       985       322       361       946
      1433       115         2         1         7         8
       985       322       361       946       986       323       362       947
      1434       115         2         1         7         8
       986       323       362       947       987       324       363       948
      1435       115         2         1         7         8
       987       324       363       948       988       325       364       949
      1436       115         2         1         7         8
       988       325       364       949        33        44        45        34
      1437       115         2         1         7         8
        12        23        24        13       911       326       365       872
      1438       115         2         1         7         8
       911       326       365       872       912       327       366       873
      1439       115         2         1         7         8
       912       327       366       873       913       328       367       874
      1440       115         2         1         7         8
       913       328       367       874       914       329       368       875
      1441       115         2         1         7         8
       914       329       368       875       915       330       369       876
      1442       115         2         1         7         8
       915       330       369       876       916       331       370       877
      1443       115         2         1         7         8
       916       331       370       877       917       332       371       878
      1444       115         2         1         7         8
       917       332       371       878       918       333       372       879
      1445       115         2         1         7         8
       918       333       372       879       919       334       373       880
      1446       115         2         1         7         8
       919       334       373       880       920       335       374       881
      1447       115         2         1         7         8
       920       335       374       881       921       336       375       882
      1448       115         2         1         7         8
       921       336       375       882       922       337       376       883
      1449       115         2         1         7         8
       922       337       376       883       923       338       377       884
      1450       115         2         1         7         8
       923       338       377       884       924       339       378       885
      1451       115         2         1         7         8
       924       339       378       885       925       340       379       886
      1452       115         2         1         7         8
       925       340       379       886       926       341       380       887
      1453       115         2         1         7         8
       926       341       380       887       927       342       381       888
      1454       115         2         1         7         8
       927       342       381       888       928       343       382       889
      1455       115         2         1         7         8
       928       343       382       889       929       344       383       890
      1456       115         2         1         7         8
       929       344       383       890       930       345       384       891
      1457       115         2         1         7         8
       930       345       384       891       931       346       385       892
      1458       115         2         1         7         8
       931       346       385       892       932       347       386       893
      1459       115         2         1         7         8
       932       347       386       893       933       348       387       894
      1460       115         2         1         7         8
       933       348       387       894       934       349       388       895
      1461       115         2         1         7         8
       934       349       388       895       935       350       389       896
      1462       115         2         1         7         8
       935       350       389       896       936       351       390       897
      1463       115         2         1         7         8
       936       351       390       897       937       352       391       898
      1464       115         2         1         7         8
       937       352       391       898       938       353       392       899
      1465       115         2         1         7         8
       938       353       392       899       939       354       393       900
      1466       115         2         1         7         8
       939       354       393       900       940       355       394       901
      1467       115         2         1         7         8
       940       355       394       901       941       356       395       902
      1468       115         2         1         7         8
       941       356       395       902       942       357       396       903
      1469       115         2         1         7         8
       942       357       396       903       943       358       397       904
      1470       115         2         1         7         8
       943       358       397       904       944       359       398       905
      1471       115         2         1         7         8
       944       359       398       905       945       360       399       906
      1472       115         2         1         7         8
       945       360       399       906       946       361       400       907
      1473       115         2         1         7         8
       946       361       400       907       947       362       401       908
      1474       115         2         1         7         8
       947       362       401       908       948       363       402       909
      1475       115         2         1         7         8
       948       363       402       909       949       364       403       910
      1476       115         2         1         7         8
       949       364       403       910        34        45        46        35
      1477       115         2         1         7         8
        13        24        25        14       872       365       404       833
      1478       115         2         1         7         8
       872       365       404       833       873       366       405       834
      1479       115         2         1         7         8
       873       366       405       834       874       367       406       835
      1480       115         2         1         7         8
       874       367       406       835       875       368       407       836
      1481       115         2         1         7         8
       875       368       407       836       876       369       408       837
      1482       115         2         1         7         8
       876       369       408       837       877       370       409       838
      1483       115         2         1         7         8
       877       370       409       838       878       371       410       839
      1484       115         2         1         7         8
       878       371       410       839       879       372       411       840
      1485       115         2         1         7         8
       879       372       411       840       880       373       412       841
      1486       115         2         1         7         8
       880       373       412       841       881       374       413       842
      1487       115         2         1         7         8
       881       374       413       842       882       375       414       843
      1488       115         2         1         7         8
       882       375       414       843       883       376       415       844
      1489       115         2         1         7         8
       883       376       415       844       884       377       416       845
      1490       115         2         1         7         8
       884       377       416       845       885       378       417       846
      1491       115         2         1         7         8
       885       378       417       846       886       379       418       847
      1492       115         2         1         7         8
       886       379       418       847       887       380       419       848
      1493       115         2         1         7         8
       887       380       419       848       888       381       420       849
      1494       115         2         1         7         8
       888       381       420       849       889       382       421       850
      1495       115         2         1         7         8
       889       382       421       850       890       383       422       851
      1496       115         2         1         7         8
       890       383       422       851       891       384       423       852
      1497       115         2         1         7         8
       891       384       423       852       892       385       424       853
      1498       115         2         1         7         8
       892       385       424       853       893       386       425       854
      1499       115         2         1         7         8
       893       386       425       854       894       387       426       855
      1500       115         2         1         7         8
       894       387       426       855       895       388       427       856
      1501       115         2         1         7         8
       895       388       427       856       896       389       428       857
      1502       115         2         1         7         8
       896       389       428       857       897       390       429       858
      1503       115         2         1         7         8
       897       390       429       858       898       391       430       859
      1504       115         2         1         7         8
       898       391       430       859       899       392       431       860
      1505       115         2         1         7         8
       899       392       431       860       900       393       432       861
      1506       115         2         1         7         8
       900       393       432       861       901       394       433       862
      1507       115         2         1         7         8
       901       394       433       862       902       395       434       863
      1508       115         2         1         7         8
       902       395       434       863       903       396       435       864
      1509       115         2         1         7         8
       903       396       435       864       904       397       436       865
      1510       115         2         1         7         8
       904       397       436       865       905       398       437       866
      1511       115         2         1         7         8
       905       398       437       866       906       399       438       867
      1512       115         2         1         7         8
       906       399       438       867       907       400       439       868
      1513       115         2         1         7         8
       907       400       439       868       908       401       440       869
      1514       115         2         1         7         8
       908       401       440       869       909       402       441       870
      1515       115         2         1         7         8
       909       402       441       870       910       403       442       871
      1516       115         2         1         7         8
       910       403       442       871        35        46        47        36
      1517       115         2         1         7         8
        14        25        26        15       833       404       443       794
      1518       115         2         1         7         8
       833       404       443       794       834       405       444       795
      1519       115         2         1         7         8
       834       405       444       795       835       406       445       796
      1520       115         2         1         7         8
       835       406       445       796       836       407       446       797
      1521       115         2         1         7         8
       836       407       446       797       837       408       447       798
      1522       115         2         1         7         8
       837       408       447       798       838       409       448       799
      1523       115         2         1         7         8
       838       409       448       799       839       410       449       800
      1524       115         2         1         7         8
       839       410       449       800       840       411       450       801
      1525       115         2         1         7         8
       840       411       450       801       841       412       451       802
      1526       115         2         1         7         8
       841       412       451       802       842       413       452       803
      1527       115         2         1         7         8
       842       413       452       803       843       414       453       804
      1528       115         2         1         7         8
       843       414       453       804       844       415       454       805
      1529       115         2         1         7         8
       844       415       454       805       845       416       455       806
      1530       115         2         1         7         8
       845       416       455       806       846       417       456       807
      1531       115         2         1         7         8
       846       417       456       807       847       418       457       808
      1532       115         2         1         7         8
       847       418       457       808       848       419       458       809
      1533       115         2         1         7         8
       848       419       458       809       849       420       459       810
      1534       115         2         1         7         8
       849       420       459       810       850       421       460       811
      1535       115         2         1         7         8
       850       421       460       811       851       422       461       812
      1536       115         2         1         7         8
       851       422       461       812       852       423       462       813
      1537       115         2         1         7         8
       852       423       462       813       853       424       463       814
      1538       115         2         1         7         8
       853       424       463       814       854       425       464       815
      1539       115         2         1         7         8
       854       425       464       815       855       426       465       816
      1540       115         2         1         7         8
       855       426       465       816       856       427       466       817
      1541       115         2         1         7         8
       856       427       466       817       857       428       467       818
      1542       115         2         1         7         8
       857       428       467       818       858       429       468       819
      1543       115         2         1         7         8
       858       429       468       819       859       430       469       820
      1544       115         2         1         7         8
       859       430       469       820       860       431       470       821
      1545       115         2         1         7         8
       860       431       470       821       861       432       471       822
      1546       115         2         1         7         8
       861       432       471       822       862       433       472       823
      1547       115         2         1         7         8
       862       433       472       823       863       434       473       824
      1548       115         2         1         7         8
       863       434       473       824       864       435       474       825
      1549       115         2         1         7         8
       864       435       474       825       865       436       475       826
      1550       115         2         1         7         8
       865       436       475       826       866       437       476       827
      1551       115         2         1         7         8
       866       437       476       827       867       438       477       828
      1552       115         2         1         7         8
       867       438       477       828       868       439       478       829
      1553       115         2         1         7         8
       868       439       478       829       869       440       479       830
      1554       115         2         1         7         8
       869       440       479       830       870       441       480       831
      1555       115         2         1         7         8
       870       441       480       831       871       442       481       832
      1556       115         2         1         7         8
       871       442       481       832        36        47        48        37
      1557       115         2         1         7         8
        15        26        27        16       794       443       482       755
      1558       115         2         1         7         8
       794       443       482       755       795       444       483       756
      1559       115         2         1         7         8
       795       444       483       756       796       445       484       757
      1560       115         2         1         7         8
       796       445       484       757       797       446       485       758
      1561       115         2         1         7         8
       797       446       485       758       798       447       486       759
      1562       115         2         1         7         8
       798       447       486       759       799       448       487       760
      1563       115         2         1         7         8
       799       448       487       760       800       449       488       761
      1564       115         2         1         7         8
       800       449       488       761       801       450       489       762
      1565       115         2         1         7         8
       801       450       489       762       802       451       490       763
      1566       115         2         1         7         8
       802       451       490       763       803       452       491       764
      1567       115         2         1         7         8
       803       452       491       764       804       453       492       765
      1568       115         2         1         7         8
       804       453       492       765       805       454       493       766
      1569       115         2         1         7         8
       805       454       493       766       806       455       494       767
      1570       115         2         1         7         8
       806       455       494       767       807       456       495       768
      1571       115         2         1         7         8
       807       456       495       768       808       457       496       769
      1572       115         2         1         7         8
       808       457       496       769       809       458       497       770
      1573       115         2         1         7         8
       809       458       497       770       810       459       498       771
      1574       115         2         1         7         8
       810       459       498       771       811       460       499       772
      1575       115         2         1         7         8
       811       460       499       772       812       461       500       773
      1576       115         2         1         7         8
       812       461       500       773       813       462       501       774
      1577       115         2         1         7         8
       813       462       501       774       814       463       502       775
      1578       115         2         1         7         8
       814       463       502       775       815       464       503       776
      1579       115         2         1         7         8
       815       464       503       776       816       465       504       777
      1580       115         2         1         7         8
       816       465       504       777       817       466       505       778
      1581       115         2         1         7         8
       817       466       505       778       818       467       506       779
      1582       115         2         1         7         8
       818       467       506       779       819       468       507       780
      1583       115         2         1         7         8
       819       468       507       780       820       469       508       781
      1584       115         2         1         7         8
       820       469       508       781       821       470       509       782
      1585       115         2         1         7         8
       821       470       509       782       822       471       510       783
      1586       115         2         1         7         8
       822       471       510       783       823       472       511       784
      1587       115         2         1         7         8
       823       472       511       784       824       473       512       785
      1588       115         2         1         7         8
       824       473       512       785       825       474       513       786
      1589       115         2         1         7         8
       825       474       513       786       826       475       514       787
      1590       115         2         1         7         8
       826       475       514       787       827       476       515       788
      1591       115         2         1         7         8
       827       476       515       788       828       477       516       789
      1592       115         2         1         7         8
       828       477       516       789       829       478       517       790
      1593       115         2         1         7         8
       829       478       517       790       830       479       518       791
      1594       115         2         1         7         8
       830       479       518       791       831       480       519       792
      1595       115         2         1         7         8
       831       480       519       792       832       481       520       793
      1596       115         2         1         7         8
       832       481       520       793        37        48        49        38
      1597       115         2         1         7         8
        16        27        28        17       755       482       521       716
      1598       115         2         1         7         8
       755       482       521       716       756       483       522       717
      1599       115         2         1         7         8
       756       483       522       717       757       484       523       718
      1600       115         2         1         7         8
       757       484       523       718       758       485       524       719
      1601       115         2         1         7         8
       758       485       524       719       759       486       525       720
      1602       115         2         1         7         8
       759       486       525       720       760       487       526       721
      1603       115         2         1         7         8
       760       487       526       721       761       488       527       722
      1604       115         2         1         7         8
       761       488       527       722       762       489       528       723
      1605       115         2         1         7         8
       762       489       528       723       763       490       529       724
      1606       115         2         1         7         8
       763       490       529       724       764       491       530       725
      1607       115         2         1         7         8
       764       491       530       725       765       492       531       726
      1608       115         2         1         7         8
       765       492       531       726       766       493       532       727
      1609       115         2         1         7         8
       766       493       532       727       767       494       533       728
      1610       115         2         1         7         8
       767       494       533       728       768       495       534       729
      1611       115         2         1         7         8
       768       495       534       729       769       496       535       730
      1612       115         2         1         7         8
       769       496       535       730       770       497       536       731
      1613       115         2         1         7         8
       770       497       536       731       771       498       537       732
      1614       115         2         1         7         8
       771       498       537       732       772       499       538       733
      1615       115         2         1         7         8
       772       499       538       733       773       500       539       734
      1616       115         2         1         7         8
       773       500       539       734       774       501       540       735
      1617       115         2         1         7         8
       774       501       540       735       775       502       541       736
      1618       115         2         1         7         8
       775       502       541       736       776       503       542       737
      1619       115         2         1         7         8
       776       503       542       737       777       504       543       738
      1620       115         2         1         7         8
       777       504       543       738       778       505       544       739
      1621       115         2         1         7         8
       778       505       544       739       779       506       545       740
      1622       115         2         1         7         8
       779       506       545       740       780       507       546       741
      1623       115         2         1         7         8
       780       507       546       741       781       508       547       742
      1624       115         2         1         7         8
       781       508       547       742       782       509       548       743
      1625       115         2         1         7         8
       782       509       548       743       783       510       549       744
      1626       115         2         1         7         8
       783       510       549       744       784       511       550       745
      1627       115         2         1         7         8
       784       511       550       745       785       512       551       746
      1628       115         2         1         7         8
       785       512       551       746       786       513       552       747
      1629       115         2         1         7         8
       786       513       552       747       787       514       553       748
      1630       115         2         1         7         8
       787       514       553       748       788       515       554       749
      1631       115         2         1         7         8
       788       515       554       749       789       516       555       750
      1632       115         2         1         7         8
       789       516       555       750       790       517       556       751
      1633       115         2         1         7         8
       790       517       556       751       791       518       557       752
      1634       115         2         1         7         8
       791       518       557       752       792       519       558       753
      1635       115         2         1         7         8
       792       519       558       753       793       520       559       754
      1636       115         2         1         7         8
       793       520       559       754        38        49        50        39
      1637       115         2         1         7         8
        17        28        29        18       716       521       560       677
      1638       115         2         1         7         8
       716       521       560       677       717       522       561       678
      1639       115         2         1         7         8
       717       522       561       678       718       523       562       679
      1640       115         2         1         7         8
       718       523       562       679       719       524       563       680
      1641       115         2         1         7         8
       719       524       563       680       720       525       564       681
      1642       115         2         1         7         8
       720       525       564       681       721       526       565       682
      1643       115         2         1         7         8
       721       526       565       682       722       527       566       683
      1644       115         2         1         7         8
       722       527       566       683       723       528       567       684
      1645       115         2         1         7         8
       723       528       567       684       724       529       568       685
      1646       115         2         1         7         8
       724       529       568       685       725       530       569       686
      1647       115         2         1         7         8
       725       530       569       686       726       531       570       687
      1648       115         2         1         7         8
       726       531       570       687       727       532       571       688
      1649       115         2         1         7         8
       727       532       571       688       728       533       572       689
      1650       115         2         1         7         8
       728       533       572       689       729       534       573       690
      1651       115         2         1         7         8
       729       534       573       690       730       535       574       691
      1652       115         2         1         7         8
       730       535       574       691       731       536       575       692
      1653       115         2         1         7         8
       731       536       575       692       732       537       576       693
      1654       115         2         1         7         8
       732       537       576       693       733       538       577       694
      1655       115         2         1         7         8
       733       538       577       694       734       539       578       695
      1656       115         2         1         7         8
       734       539       578       695       735       540       579       696
      1657       115         2         1         7         8
       735       540       579       696       736       541       580       697
      1658       115         2         1         7         8
       736       541       580       697       737       542       581       698
      1659       115         2         1         7         8
       737       542       581       698       738       543       582       699
      1660       115         2         1         7         8
       738       543       582       699       739       544       583       700
      1661       115         2         1         7         8
       739       544       583       700       740       545       584       701
      1662       115         2         1         7         8
       740       545       584       701       741       546       585       702
      1663       115         2         1         7         8
       741       546       585       702       742       547       586       703
      1664       115         2         1         7         8
       742       547       586       703       743       548       587       704
      1665       115         2         1         7         8
       743       548       587       704       744       549       588       705
      1666       115         2         1         7         8
       744       549       588       705       745       550       589       706
      1667       115         2         1         7         8
       745       550       589       706       746       551       590       707
      1668       115         2         1         7         8
       746       551       590       707       747       552       591       708
      1669       115         2         1         7         8
       747       552       591       708       748       553       592       709
      1670       115         2         1         7         8
       748       553       592       709       749       554       593       710
      1671       115         2         1         7         8
       749       554       593       710       750       555       594       711
      1672       115         2         1         7         8
       750       555       594       711       751       556       595       712
      1673       115         2         1         7         8
       751       556       595       712       752       557       596       713
      1674       115         2         1         7         8
       752       557       596       713       753       558       597       714
      1675       115         2         1         7         8
       753       558       597       714       754       559       598       715
      1676       115         2         1         7         8
       754       559       598       715        39        50        51        40
      1677       115         2         1         7         8
        18        29        30        19       677       560       599       638
      1678       115         2         1         7         8
       677       560       599       638       678       561       600       639
      1679       115         2         1         7         8
       678       561       600       639       679       562       601       640
      1680       115         2         1         7         8
       679       562       601       640       680       563       602       641
      1681       115         2         1         7         8
       680       563       602       641       681       564       603       642
      1682       115         2         1         7         8
       681       564       603       642       682       565       604       643
      1683       115         2         1         7         8
       682       565       604       643       683       566       605       644
      1684       115         2         1         7         8
       683       566       605       644       684       567       606       645
      1685       115         2         1         7         8
       684       567       606       645       685       568       607       646
      1686       115         2         1         7         8
       685       568       607       646       686       569       608       647
      1687       115         2         1         7         8
       686       569       608       647       687       570       609       648
      1688       115         2         1         7         8
       687       570       609       648       688       571       610       649
      1689       115         2         1         7         8
       688       571       610       649       689       572       611       650
      1690       115         2         1         7         8
       689       572       611       650       690       573       612       651
      1691       115         2         1         7         8
       690       573       612       651       691       574       613       652
      1692       115         2         1         7         8
       691       574       613       652       692       575       614       653
      1693       115         2         1         7         8
       692       575       614       653       693       576       615       654
      1694       115         2         1         7         8
       693       576       615       654       694       577       616       655
      1695       115         2         1         7         8
       694       577       616       655       695       578       617       656
      1696       115         2         1         7         8
       695       578       617       656       696       579       618       657
      1697       115         2         1         7         8
       696       579       618       657       697       580       619       658
      1698       115         2         1         7         8
       697       580       619       658       698       581       620       659
      1699       115         2         1         7         8
       698       581       620       659       699       582       621       660
      1700       115         2         1         7         8
       699       582       621       660       700       583       622       661
      1701       115         2         1         7         8
       700       583       622       661       701       584       623       662
      1702       115         2         1         7         8
       701       584       623       662       702       585       624       663
      1703       115         2         1         7         8
       702       585       624       663       703       586       625       664
      1704       115         2         1         7         8
       703       586       625       664       704       587       626       665
      1705       115         2         1         7         8
       704       587       626       665       705       588       627       666
      1706       115         2         1         7         8
       705       588       627       666       706       589       628       667
      1707       115         2         1         7         8
       706       589       628       667       707       590       629       668
      1708       115         2         1         7         8
       707       590       629       668       708       591       630       669
      1709       115         2         1         7         8
       708       591       630       669       709       592       631       670
      1710       115         2         1         7         8
       709       592       631       670       710       593       632       671
      1711       115         2         1         7         8
       710       593       632       671       711       594       633       672
      1712       115         2         1         7         8
       711       594       633       672       712       595       634       673
      1713       115         2         1         7         8
       712       595       634       673       713       596       635       674
      1714       115         2         1         7         8
       713       596       635       674       714       597       636       675
      1715       115         2         1         7         8
       714       597       636       675       715       598       637       676
      1716       115         2         1         7         8
       715       598       637       676        40        51        52        41
      1717       115         2         1         7         8
        19        30         4         3       638       599       131       170
      1718       115         2         1         7         8
       638       599       131       170       639       600       132       171
      1719       115         2         1         7         8
       639       600       132       171       640       601       133       172
      1720       115         2         1         7         8
       640       601       133       172       641       602       134       173
      1721       115         2         1         7         8
       641       602       134       173       642       603       135       174
      1722       115         2         1         7         8
       642       603       135       174       643       604       136       175
      1723       115         2         1         7         8
       643       604       136       175       644       605       137       176
      1724       115         2         1         7         8
       644       605       137       176       645       606       138       177
      1725       115         2         1         7         8
       645       606       138       177       646       607       139       178
      1726       115         2         1         7         8
       646       607       139       178       647       608       140       179
      1727       115         2         1         7         8
       647       608       140       179       648       609       141       180
      1728       115         2         1         7         8
       648       609       141       180       649       610       142       181
      1729       115         2         1         7         8
       649       610       142       181       650       611       143       182
      1730       115         2         1         7         8
       650       611       143       182       651       612       144       183
      1731       115         2         1         7         8
       651       612       144       183       652       613       145       184
      1732       115         2         1         7         8
       652       613       145       184       653       614       146       185
      1733       115         2         1         7         8
       653       614       146       185       654       615       147       186
      1734       115         2         1         7         8
       654       615       147       186       655       616       148       187
      1735       115         2         1         7         8
       655       616       148       187       656       617       149       188
      1736       115         2         1         7         8
       656       617       149       188       657       618       150       189
      1737       115         2         1         7         8
       657       618       150       189       658       619       151       190
      1738       115         2         1         7         8
       658       619       151       190       659       620       152       191
      1739       115         2         1         7         8
       659       620       152       191       660       621       153       192
      1740       115         2         1         7         8
       660       621       153       192       661       622       154       193
      1741       115         2         1         7         8
       661       622       154       193       662       623       155       194
      1742       115         2         1         7         8
       662       623       155       194       663       624       156       195
      1743       115         2         1         7         8
       663       624       156       195       664       625       157       196
      1744       115         2         1         7         8
       664       625       157       196       665       626       158       197
      1745       115         2         1         7         8
       665       626       158       197       666       627       159       198
      1746       115         2         1         7         8
       666       627       159       198       667       628       160       199
      1747       115         2         1         7         8
       667       628       160       199       668       629       161       200
      1748       115         2         1         7         8
       668       629       161       200       669       630       162       201
      1749       115         2         1         7         8
       669       630       162       201       670       631       163       202
      1750       115         2         1         7         8
       670       631       163       202       671       632       164       203
      1751       115         2         1         7         8
       671       632       164       203       672       633       165       204
      1752       115         2         1         7         8
       672       633       165       204       673       634       166       205
      1753       115         2         1         7         8
       673       634       166       205       674       635       167       206
      1754       115         2         1         7         8
       674       635       167       206       675       636       168       207
      1755       115         2         1         7         8
       675       636       168       207       676       637       169       208
      1756       115         2         1         7         8
       676       637       169       208        41        52         8         7
    -1
    -1
  2467
         7         0         0         0         0         0         0        12
inlet
         8       213         0         0         8       214         0         0
         8       215         0         0         8       216         0         0
         8       217         0         0         8       218         0         0
         8       219         0         0         8       220         0         0
         8       221         0         0         8       222         0         0
         8       223         0         0         8       224         0         0
         8         0         0         0         0         0         0        80
side
         8       277         0         0         8       278         0         0
         8       279         0         0         8       280         0         0
         8       281         0         0         8       282         0         0
         8       283         0         0         8       284         0         0
         8       285         0         0         8       286         0         0
         8       287         0         0         8       288         0         0
         8       289         0         0         8       290         0         0
         8       291         0         0         8       292         0         0
         8       293         0         0         8       294         0         0
         8       295         0         0         8       296         0         0
         8       297         0         0         8       298         0         0
         8       299         0         0         8       300         0         0
         8       301         0         0         8       302         0         0
         8       303         0         0         8       304         0         0
         8       305         0         0         8       306         0         0
         8       307         0         0         8       308         0         0
         8       309         0         0         8       310         0         0
         8       311         0         0         8       312         0         0
         8       313         0         0         8       314         0         0
         8       315         0         0         8       316         0         0
         8       237         0         0         8       238         0         0
         8       239         0         0         8       240         0         0
         8       241         0         0         8       242         0         0
         8       243         0         0         8       244         0         0
         8       245         0         0         8       246         0         0
         8       247         0         0         8       248         0         0
         8       249         0         0         8       250         0         0
         8       251         0         0         8       252         0         0
         8       253         0         0         8       254         0         0
         8       255         0         0         8       256         0         0
         8       257         0         0         8       258         0         0
         8       259         0         0         8       260         0         0
         8       261         0         0         8       262         0         0
         8       263         0         0         8       264         0         0
         8       265         0         0         8       266         0         0
         8       267         0         0         8       268         0         0
         8       269         0         0         8       270         0         0
         8       271         0         0         8       272         0         0
         8       273         0         0         8       274         0         0
         8       275         0         0         8       276         0         0
         9         0         0         0         0         0         0       960
topAndbottom
         8       317         0         0         8       318         0         0
         8       319         0         0         8       320         0         0
         8       321         0         0         8       322         0         0
         8       323         0         0         8       324         0         0
         8       325         0         0         8       326         0         0
         8       327         0         0         8       328         0         0
         8       329         0         0         8       330         0         0
         8       331         0         0         8       332         0         0
         8       333         0         0         8       334         0         0
         8       335         0         0         8       336         0         0
         8       337         0         0         8       338         0         0
         8       339         0         0         8       340         0         0
         8       341         0         0         8       342         0         0
         8       343         0         0         8       344         0         0
         8       345         0         0         8       346         0         0
         8       347         0         0         8       348         0         0
         8       349         0         0         8       350         0         0
         8       351         0         0         8       352         0         0
         8       353         0         0         8       354         0         0
         8       355         0         0         8       356         0         0
         8       357         0         0         8       358         0         0
         8       359         0         0         8       360         0         0
         8       361         0         0         8       362         0         0
         8       363         0         0         8       364         0         0
         8       365         0         0         8       366         0         0
         8       367         0         0         8       368         0         0
         8       369         0         0         8       370         0         0
         8       371         0         0         8       372         0         0
         8       373         0         0         8       374         0         0
         8       375         0         0         8       376         0         0
         8       377         0         0         8       378         0         0
         8       379         0         0         8       380         0         0
         8       381         0         0         8       382         0         0
         8       383         0         0         8       384         0         0
         8       385         0         0         8       386         0         0
         8       387         0         0         8       388         0         0
         8       389         0         0         8       390         0         0
         8       391         0         0         8       392         0         0
         8       393         0         0         8       394         0         0
         8       395         0         0         8       396         0         0
         8       397         0         0         8       398         0         0
         8       399         0         0         8       400         0         0
         8       401         0         0         8       402         0         0
         8       403         0         0         8       404         0         0
         8       405         0         0         8       406         0         0
         8       407         0         0         8       408         0         0
         8       409         0         0         8       410         0         0
         8       411         0         0         8       412         0         0
         8       413         0         0         8       414         0         0
         8       415         0         0         8       416         0         0
         8       417         0         0         8       418         0         0
         8       419         0         0         8       420         0         0
         8       421         0         0         8       422         0         0
         8       423         0         0         8       424         0         0
         8       425         0         0         8       426         0         0
         8       427         0         0         8       428         0         0
         8       429         0         0         8       430         0         0
         8       431         0         0         8       432         0         0
         8       433         0         0         8       434         0         0
         8       435         0         0         8       436         0         0
         8       437         0         0         8       438         0         0
         8       439         0         0         8       440         0         0
         8       441         0         0         8       442         0         0
         8       443         0         0         8       444         0         0
         8       445         0         0         8       446         0         0
         8       447         0         0         8       448         0         0
         8       449         0         0         8       450         0         0
         8       451         0         0         8       452         0         0
         8       453         0         0         8       454         0         0
         8       455         0         0         8       456         0         0
         8       457         0         0         8       458         0         0
         8       459         0         0         8       460         0         0
         8       461         0         0         8       462         0         0
         8       463         0         0         8       464         0         0
         8       465         0         0         8       466         0         0
         8       467         0         0         8       468         0         0
         8       469         0         0         8       470         0         0
         8       471         0         0         8       472         0         0
         8       473         0         0         8       474         0         0
         8       475         0         0         8       476         0         0
         8       477         0         0         8       478         0         0
         8       479         0         0         8       480         0         0
         8       481         0         0         8       482         0         0
         8       483         0         0         8       484         0         0
         8       485         0         0         8       486         0         0
         8       487         0         0         8       488         0         0
         8       489         0         0         8       490         0         0
         8       491         0         0         8       492         0         0
         8       493         0         0         8       494         0         0
         8       495         0         0         8       496         0         0
         8       497         0         0         8       498         0         0
         8       499         0         0         8       500         0         0
         8       501         0         0         8       502         0         0
         8       503         0         0         8       504         0         0
         8       505         0         0         8       506         0         0
         8       507         0         0         8       508         0         0
         8       509         0         0         8       510         0         0
         8       511         0         0         8       512         0         0
         8       513         0         0         8       514         0         0
         8       515         0         0         8       516         0         0
         8       517         0         0         8       518         0         0
         8       519         0         0         8       520         0         0
         8       521         0         0         8       522         0         0
         8       523         0         0         8       524         0         0
         8       525         0         0         8       526         0         0
         8       527         0         0         8       528         0         0
         8       529         0         0         8       530         0         0
         8       531         0         0         8       532         0         0
         8       533         0         0         8       534         0         0
         8       535         0         0         8       536         0         0
         8       537         0         0         8       538         0         0
         8       539         0         0         8       540         0         0
         8       541         0         0         8       542         0         0
         8       543         0         0         8       544         0         0
         8       545         0         0         8       546         0         0
         8       547         0         0         8       548         0         0
         8       549         0         0         8       550         0         0
         8       551         0         0         8       552         0         0
         8       553         0         0         8       554         0         0
         8       555         0         0         8       556         0         0
         8       557         0         0         8       558         0         0
         8       559         0         0         8       560         0         0
         8       561         0         0         8       562         0         0
         8       563         0         0         8       564         0         0
         8       565         0         0         8       566         0         0
         8       567         0         0         8       568         0         0
         8       569         0         0         8       570         0         0
         8       571         0         0         8       572         0         0
         8       573         0         0         8       574         0         0
         8       575         0         0         8       576         0         0
         8       577         0         0         8       578         0         0
         8       579         0         0         8       580         0         0
         8       581         0         0         8       582         0         0
         8       583         0         0         8       584         0         0
         8       585         0         0         8       586         0         0
         8       587         0         0         8       588         0         0
         8       589         0         0         8       590         0         0
         8       591         0         0         8       592         0         0
         8       593         0         0         8       594         0         0
         8       595         0         0         8       596         0         0
         8       597         0         0         8       598         0         0
         8       599         0         0         8       600         0         0
         8       601         0         0         8       602         0         0
         8       603         0         0         8       604         0         0
         8       605         0         0         8       606         0         0
         8       607         0         0         8       608         0         0
         8       609         0         0         8       610         0         0
         8       611         0         0         8       612         0         0
         8       613         0         0         8       614         0         0
         8       615         0         0         8       616         0         0
         8       617         0         0         8       618         0         0
         8       619         0         0         8       620         0         0
         8       621         0         0         8       622         0         0
         8       623         0         0         8       624         0         0
         8       625         0         0         8       626         0         0
         8       627         0         0         8       628         0         0
         8       629         0         0         8       630         0         0
         8       631         0         0         8       632         0         0
         8       633         0         0         8       634         0         0
         8       635         0         0         8       636         0         0
         8       637         0         0         8       638         0         0
         8       639         0         0         8       640         0         0
         8       641         0         0         8       642         0         0
         8       643         0         0         8       644         0         0
         8       645         0         0         8       646         0         0
         8       647         0         0         8       648         0         0
         8       649         0         0         8       650         0         0
         8       651         0         0         8       652         0         0
         8       653         0         0         8       654         0         0
         8       655         0         0         8       656         0         0
         8       657         0         0         8       658         0         0
         8       659         0         0         8       660         0         0
         8       661         0         0         8       662         0         0
         8       663         0         0         8       664         0         0
         8       665         0         0         8       666         0         0
         8       667         0         0         8       668         0         0
         8       669         0         0         8       670         0         0
         8       671         0         0         8       672         0         0
         8       673         0         0         8       674         0         0
         8       675         0         0         8       676         0         0
         8       677         0         0         8       678         0         0
         8       679         0         0         8       680         0         0
         8       681         0         0         8       682         0         0
         8       683         0         0         8       684         0         0
         8       685         0         0         8       686         0         0
         8       687         0         0         8       688         0         0
         8       689         0         0         8       690         0         0
         8       691         0         0         8       692         0         0
         8       693         0         0         8       694         0         0
         8       695         0         0         8       696         0         0
         8       697         0         0         8       698         0         0
         8       699         0         0         8       700         0         0
         8       701         0         0         8       702         0         0
         8       703         0         0         8       704         0         0
         8       705         0         0         8       706         0         0
         8       707         0         0         8       708         0         0
         8       709         0         0         8       710         0         0
         8       711         0         0         8       712         0         0
         8       713         0         0         8       714         0         0
         8       715         0         0         8       716         0         0
         8       717         0         0         8       718         0         0
         8       719         0         0         8       720         0         0
         8       721         0         0         8       722         0         0
         8       723         0         0         8       724         0         0
         8       725         0         0         8       726         0         0
         8       727         0         0         8       728         0         0
         8       729         0         0         8       730         0         0
         8       731         0         0         8       732         0         0
         8       733         0         0         8       734         0         0
         8       735         0         0         8       736         0         0
         8       737         0         0         8       738         0         0
         8       739         0         0         8       740         0         0
         8       741         0         0         8       742         0         0
         8       743         0         0         8       744         0         0
         8       745         0         0         8       746         0         0
         8       747         0         0         8       748         0         0
         8       749         0         0         8       750         0         0
         8       751         0         0         8       752         0         0
         8       753         0         0         8       754         0         0
         8       755         0         0         8       756         0         0
         8       757         0         0         8       758         0         0
         8       759         0         0         8       760         0         0
         8       761         0         0         8       762         0         0
         8       763         0         0         8       764         0         0
         8       765         0         0         8       766         0         0
         8       767         0         0         8       768         0         0
         8       769         0         0         8       770         0         0
         8       771         0         0         8       772         0         0
         8       773         0         0         8       774         0         0
         8       775         0         0         8       776         0         0
         8       777         0         0         8       778         0         0
         8       779         0         0         8       780         0         0
         8       781         0         0         8       782         0         0
         8       783         0         0         8       784         0         0
         8       785         0         0         8       786         0         0
         8       787         0         0         8       788         0         0
         8       789         0         0         8       790         0         0
         8       791         0         0         8       792         0         0
         8       793         0         0         8       794         0         0
         8       795         0         0         8       796         0         0
         8       797         0         0         8       798         0         0
         8       799         0         0         8       800         0         0
         8       801         0         0         8       802         0         0
         8       803         0         0         8       804         0         0
         8       805         0         0         8       806         0         0
         8       807         0         0         8       808         0         0
         8       809         0         0         8       810         0         0
         8       811         0         0         8       812         0         0
         8       813         0         0         8       814         0         0
         8       815         0         0         8       816         0         0
         8       817         0         0         8       818         0         0
         8       819         0         0         8       820         0         0
         8       821         0         0         8       822         0         0
         8       823         0         0         8       824         0         0
         8       825         0         0         8       826         0         0
         8       827         0         0         8       828         0         0
         8       829         0         0         8       830         0         0
         8       831         0         0         8       832         0         0
         8       833         0         0         8       834         0         0
         8       835         0         0         8       836         0         0
         8       837         0         0         8       838         0         0
         8       839         0         0         8       840         0         0
         8       841         0         0         8       842         0         0
         8       843         0         0         8       844         0         0
         8       845         0         0         8       846         0         0
         8       847         0         0         8       848         0         0
         8       849         0         0         8       850         0         0
         8       851         0         0         8       852         0         0
         8       853         0         0         8       854         0         0
         8       855         0         0         8       856         0         0
         8       857         0         0         8       858         0         0
         8       859         0         0         8       860         0         0
         8       861         0         0         8       862         0         0
         8       863         0         0         8       864         0         0
         8       865         0         0         8       866         0         0
         8       867         0         0         8       868         0         0
         8       869         0         0         8       870         0         0
         8       871         0         0         8       872         0         0
         8       873         0         0         8       874         0         0
         8       875         0         0         8       876         0         0
         8       877         0         0         8       878         0         0
         8       879         0         0         8       880         0         0
         8       881         0         0         8       882         0         0
         8       883         0         0         8       884         0         0
         8       885         0         0         8       886         0         0
         8       887         0         0         8       888         0         0
         8       889         0         0         8       890         0         0
         8       891         0         0         8       892         0         0
         8       893         0         0         8       894         0         0
         8       895         0         0         8       896         0         0
         8       897         0         0         8       898         0         0
         8       899         0         0         8       900         0         0
         8       901         0         0         8       902         0         0
         8       903         0         0         8       904         0         0
         8       905         0         0         8       906         0         0
         8       907         0         0         8       908         0         0
         8       909         0         0         8       910         0         0
         8       911         0         0         8       912         0         0
         8       913         0         0         8       914         0         0
         8       915         0         0         8       916         0         0
         8       917         0         0         8       918         0         0
         8       919         0         0         8       920         0         0
         8       921         0         0         8       922         0         0
         8       923         0         0         8       924         0         0
         8       925         0         0         8       926         0         0
         8       927         0         0         8       928         0         0
         8       929         0         0         8       930         0         0
         8       931         0         0         8       932         0         0
         8       933         0         0         8       934         0         0
         8       935         0         0         8       936         0         0
         8       937         0         0         8       938         0         0
         8       939         0         0         8       940         0         0
         8       941         0         0         8       942         0         0
         8       943         0         0         8       944         0         0
         8       945         0         0         8       946         0         0
         8       947         0         0         8       948         0         0
         8       949         0         0         8       950         0         0
         8       951         0         0         8       952         0         0
         8       953         0         0         8       954         0         0
         8       955         0         0         8       956         0         0
         8       957         0         0         8       958         0         0
         8       959         0         0         8       960         0         0
         8       961         0         0         8       962         0         0
         8       963         0         0         8       964         0         0
         8       965         0         0         8       966         0         0
         8       967         0         0         8       968         0         0
         8       969         0         0         8       970         0         0
         8       971         0         0         8       972         0         0
         8       973         0         0         8       974         0         0
         8       975         0         0         8       976         0         0
         8       977         0         0         8       978         0         0
         8       979         0         0         8       980         0         0
         8       981         0         0         8       982         0         0
         8       983         0         0         8       984         0         0
         8       985         0         0         8       986         0         0
         8       987         0         0         8       988         0         0
         8       989         0         0         8       990         0         0
         8       991         0         0         8       992         0         0
         8       993         0         0         8       994         0         0
         8       995         0         0         8       996         0         0
         8       997         0         0         8       998         0         0
         8       999         0         0         8      1000         0         0
         8      1001         0         0         8      1002         0         0
         8      1003         0         0         8      1004         0         0
         8      1005         0         0         8      1006         0         0
         8      1007         0         0         8      1008         0         0
         8      1009         0         0         8      1010         0         0
         8      1011         0         0         8      1012         0         0
         8      1013         0         0         8      1014         0         0
         8      1015         0         0         8      1016         0         0
         8      1017         0         0         8      1018         0         0
         8      1019         0         0         8      1020         0         0
         8      1021         0         0         8      1022         0         0
         8      1023         0         0         8      1024         0         0
         8      1025         0         0         8      1026         0         0
         8      1027         0         0         8      1028         0         0
         8      1029         0         0         8      1030         0         0
         8      1031         0         0         8      1032         0         0
         8      1033         0         0         8      1034         0         0
         8      1035         0         0         8      1036         0         0
         8      1037         0         0         8      1038         0         0
         8      1039         0         0         8      1040         0         0
         8      1041         0         0         8      1042         0         0
         8      1043         0         0         8      1044         0         0
         8      1045         0         0         8      1046         0         0
         8      1047         0         0         8      1048         0         0
         8      1049         0         0         8      1050         0         0
         8      1051         0         0         8      1052         0         0
         8      1053         0         0         8      1054         0         0
         8      1055         0         0         8      1056         0         0
         8      1057         0         0         8      1058         0         0
         8      1059         0         0         8      1060         0         0
         8      1061         0         0         8      1062         0         0
         8      1063         0         0         8      1064         0         0
         8      1065         0         0         8      1066         0         0
         8      1067         0         0         8      1068         0         0
         8      1069         0         0         8      1070         0         0
         8      1071         0         0         8      1072         0         0
         8      1073         0         0         8      1074         0         0
         8      1075         0         0         8      1076         0         0
         8      1077         0         0         8      1078         0         0
         8      1079         0         0         8      1080         0         0
         8      1081         0         0         8      1082         0         0
         8      1083         0         0         8      1084         0         0
         8      1085         0         0         8      1086         0         0
         8      1087         0         0         8      1088         0         0
         8      1089         0         0         8      1090         0         0
         8      1091         0         0         8      1092         0         0
         8      1093         0         0         8      1094         0         0
         8      1095         0         0         8      1096         0         0
         8      1097         0         0         8      1098         0         0
         8      1099         0         0         8      1100         0         0
         8      1101         0         0         8      1102         0         0
         8      1103         0         0         8      1104         0         0
         8      1105         0         0         8      1106         0         0
         8      1107         0         0         8      1108         0         0
         8      1109         0         0         8      1110         0         0
         8      1111         0         0         8      1112         0         0
         8      1113         0         0         8      1114         0         0
         8      1115         0         0         8      1116         0         0
         8      1117         0         0         8      1118         0         0
         8      1119         0         0         8      1120         0         0
         8      1121         0         0         8      1122         0         0
         8      1123         0         0         8      1124         0         0
         8      1125         0         0         8      1126         0         0
         8      1127         0         0         8      1128         0         0
         8      1129         0         0         8      1130         0         0
         8      1131         0         0         8      1132         0         0
         8      1133         0         0         8      1134         0         0
         8      1135         0         0         8      1136         0         0
         8      1137         0         0         8      1138         0         0
         8      1139         0         0         8      1140         0         0
         8      1141         0         0         8      1142         0         0
         8      1143         0         0         8      1144         0         0
         8      1145         0         0         8      1146         0         0
         8      1147         0         0         8      1148         0         0
         8      1149         0         0         8      1150         0         0
         8      1151         0         0         8      1152         0         0
         8      1153         0         0         8      1154         0         0
         8      1155         0         0         8      1156         0         0
         8      1157         0         0         8      1158         0         0
         8      1159         0         0         8      1160         0         0
         8      1161         0         0         8      1162         0         0
         8      1163         0         0         8      1164         0         0
         8      1165         0         0         8      1166         0         0
         8      1167         0         0         8      1168         0         0
         8      1169         0         0         8      1170         0         0
         8      1171         0         0         8      1172         0         0
         8      1173         0         0         8      1174         0         0
         8      1175         0         0         8      1176         0         0
         8      1177         0         0         8      1178         0         0
         8      1179         0         0         8      1180         0         0
         8      1181         0         0         8      1182         0         0
         8      1183         0         0         8      1184         0         0
         8      1185         0         0         8      1186         0         0
         8      1187         0         0         8      1188         0         0
         8      1189         0         0         8      1190         0         0
         8      1191         0         0         8      1192         0         0
         8      1193         0         0         8      1194         0         0
         8      1195         0         0         8      1196         0         0
         8      1197         0         0         8      1198         0         0
         8      1199         0         0         8      1200         0         0
         8      1201         0         0         8      1202         0         0
         8      1203         0         0         8      1204         0         0
         8      1205         0         0         8      1206         0         0
         8      1207         0         0         8      1208         0         0
         8      1209         0         0         8      1210         0         0
         8      1211         0         0         8      1212         0         0
         8      1213         0         0         8      1214         0         0
         8      1215         0         0         8      1216         0         0
         8      1217         0         0         8      1218         0         0
         8      1219         0         0         8      1220         0         0
         8      1221         0         0         8      1222         0         0
         8      1223         0         0         8      1224         0         0
         8      1225         0         0         8      1226         0         0
         8      1227         0         0         8      1228         0         0
         8      1229         0         0         8      1230         0         0
         8      1231         0         0         8      1232         0         0
         8      1233         0         0         8      1234         0         0
         8      1235         0         0         8      1236         0         0
         8      1237         0         0         8      1238         0         0
         8      1239         0         0         8      1240         0         0
         8      1241         0         0         8      1242         0         0
         8      1243         0         0         8      1244         0         0
         8      1245         0         0         8      1246         0         0
         8      1247         0         0         8      1248         0         0
         8      1249         0         0         8      1250         0         0
         8      1251         0         0         8      1252         0         0
         8      1253         0         0         8      1254         0         0
         8      1255         0         0         8      1256         0         0
         8      1257         0         0         8      1258         0         0
         8      1259         0         0         8      1260         0         0
         8      1261         0         0         8      1262         0         0
         8      1263         0         0         8      1264         0         0
         8      1265         0         0         8      1266         0         0
         8      1267         0         0         8      1268         0         0
         8      1269         0         0         8      1270         0         0
         8      1271         0         0         8      1272         0         0
         8      1273         0         0         8      1274         0         0
         8      1275         0         0         8      1276         0         0
        10         0         0         0         0         0         0        12
outlet
         8       225         0         0         8       226         0         0
         8       227         0         0         8       228         0         0
         8       229         0         0         8       230         0         0
         8       231         0         0         8       232         0         0
         8       233         0         0         8       234         0         0
         8       235         0         0         8       236         0         0
    -1
